solid ASCII
  facet normal 1.797485e-03 2.064211e-02 9.997853e-01
    outer loop
      vertex   1.562740e+02 1.207399e+02 2.524957e+01
      vertex   1.592740e+02 1.207389e+02 2.524420e+01
      vertex   1.562741e+02 1.209260e+02 2.524573e+01
    endloop
  endfacet
  facet normal 1.797485e-03 2.064211e-02 9.997853e-01
    outer loop
      vertex   1.562741e+02 1.209260e+02 2.524573e+01
      vertex   1.592740e+02 1.207389e+02 2.524420e+01
      vertex   1.592740e+02 1.209251e+02 2.524035e+01
    endloop
  endfacet
  facet normal 1.765359e-03 -6.906120e-02 9.976109e-01
    outer loop
      vertex   1.562741e+02 1.209260e+02 2.524573e+01
      vertex   1.592740e+02 1.209251e+02 2.524035e+01
      vertex   1.562741e+02 1.211118e+02 2.525859e+01
    endloop
  endfacet
  facet normal 1.765359e-03 -6.906120e-02 9.976109e-01
    outer loop
      vertex   1.562741e+02 1.211118e+02 2.525859e+01
      vertex   1.592740e+02 1.209251e+02 2.524035e+01
      vertex   1.592741e+02 1.211108e+02 2.525321e+01
    endloop
  endfacet
  facet normal 1.719020e-03 -1.582085e-01 9.874042e-01
    outer loop
      vertex   1.562741e+02 1.211118e+02 2.525859e+01
      vertex   1.592741e+02 1.211108e+02 2.525321e+01
      vertex   1.562742e+02 1.212956e+02 2.528804e+01
    endloop
  endfacet
  facet normal 1.719020e-03 -1.582085e-01 9.874042e-01
    outer loop
      vertex   1.562742e+02 1.212956e+02 2.528804e+01
      vertex   1.592741e+02 1.211108e+02 2.525321e+01
      vertex   1.592742e+02 1.212947e+02 2.528267e+01
    endloop
  endfacet
  facet normal 1.658840e-03 -2.460819e-01 9.692476e-01
    outer loop
      vertex   1.562742e+02 1.212956e+02 2.528804e+01
      vertex   1.592742e+02 1.212947e+02 2.528267e+01
      vertex   1.562744e+02 1.214761e+02 2.533386e+01
    endloop
  endfacet
  facet normal 1.658840e-03 -2.460819e-01 9.692476e-01
    outer loop
      vertex   1.562744e+02 1.214761e+02 2.533386e+01
      vertex   1.592742e+02 1.212947e+02 2.528267e+01
      vertex   1.592744e+02 1.214751e+02 2.532849e+01
    endloop
  endfacet
  facet normal 1.585304e-03 -3.319741e-01 9.432872e-01
    outer loop
      vertex   1.562744e+02 1.214761e+02 2.533386e+01
      vertex   1.592744e+02 1.214751e+02 2.532849e+01
      vertex   1.562745e+02 1.216517e+02 2.539567e+01
    endloop
  endfacet
  facet normal 1.585304e-03 -3.319741e-01 9.432872e-01
    outer loop
      vertex   1.562745e+02 1.216517e+02 2.539567e+01
      vertex   1.592744e+02 1.214751e+02 2.532849e+01
      vertex   1.592745e+02 1.216508e+02 2.539030e+01
    endloop
  endfacet
  facet normal 1.499005e-03 -4.151934e-01 9.097319e-01
    outer loop
      vertex   1.562745e+02 1.216517e+02 2.539567e+01
      vertex   1.592745e+02 1.216508e+02 2.539030e+01
      vertex   1.562747e+02 1.218211e+02 2.547297e+01
    endloop
  endfacet
  facet normal 1.499005e-03 -4.151934e-01 9.097319e-01
    outer loop
      vertex   1.562747e+02 1.218211e+02 2.547297e+01
      vertex   1.592745e+02 1.216508e+02 2.539030e+01
      vertex   1.592747e+02 1.218201e+02 2.546760e+01
    endloop
  endfacet
  facet normal 1.400636e-03 -4.950698e-01 8.688521e-01
    outer loop
      vertex   1.562747e+02 1.218211e+02 2.547297e+01
      vertex   1.592747e+02 1.218201e+02 2.546760e+01
      vertex   1.562750e+02 1.219829e+02 2.556515e+01
    endloop
  endfacet
  facet normal 1.400636e-03 -4.950698e-01 8.688521e-01
    outer loop
      vertex   1.562750e+02 1.219829e+02 2.556515e+01
      vertex   1.592747e+02 1.218201e+02 2.546760e+01
      vertex   1.592750e+02 1.219819e+02 2.555978e+01
    endloop
  endfacet
  facet normal 1.290990e-03 -5.709602e-01 8.209767e-01
    outer loop
      vertex   1.562750e+02 1.219829e+02 2.556515e+01
      vertex   1.592750e+02 1.219819e+02 2.555978e+01
      vertex   1.562752e+02 1.221357e+02 2.567146e+01
    endloop
  endfacet
  facet normal 1.290990e-03 -5.709602e-01 8.209767e-01
    outer loop
      vertex   1.562752e+02 1.221357e+02 2.567146e+01
      vertex   1.592750e+02 1.219819e+02 2.555978e+01
      vertex   1.592752e+02 1.221348e+02 2.566608e+01
    endloop
  endfacet
  facet normal 1.170950e-03 -6.422535e-01 7.664914e-01
    outer loop
      vertex   1.562752e+02 1.221357e+02 2.567146e+01
      vertex   1.592752e+02 1.221348e+02 2.566608e+01
      vertex   1.562755e+02 1.222784e+02 2.579104e+01
    endloop
  endfacet
  facet normal 1.170950e-03 -6.422535e-01 7.664914e-01
    outer loop
      vertex   1.562755e+02 1.222784e+02 2.579104e+01
      vertex   1.592752e+02 1.221348e+02 2.566608e+01
      vertex   1.592755e+02 1.222775e+02 2.578566e+01
    endloop
  endfacet
  facet normal 1.041482e-03 -7.083758e-01 7.058347e-01
    outer loop
      vertex   1.562755e+02 1.222784e+02 2.579104e+01
      vertex   1.592755e+02 1.222775e+02 2.578566e+01
      vertex   1.562757e+02 1.224098e+02 2.592293e+01
    endloop
  endfacet
  facet normal 1.041482e-03 -7.083758e-01 7.058347e-01
    outer loop
      vertex   1.562757e+02 1.224098e+02 2.592293e+01
      vertex   1.592755e+02 1.222775e+02 2.578566e+01
      vertex   1.592757e+02 1.224089e+02 2.591755e+01
    endloop
  endfacet
  facet normal 9.036281e-04 -7.687947e-01 6.394950e-01
    outer loop
      vertex   1.562757e+02 1.224098e+02 2.592293e+01
      vertex   1.592757e+02 1.224089e+02 2.591755e+01
      vertex   1.562760e+02 1.225289e+02 2.606607e+01
    endloop
  endfacet
  facet normal 9.036281e-04 -7.687947e-01 6.394950e-01
    outer loop
      vertex   1.562760e+02 1.225289e+02 2.606607e+01
      vertex   1.592757e+02 1.224089e+02 2.591755e+01
      vertex   1.592760e+02 1.225280e+02 2.606069e+01
    endloop
  endfacet
  facet normal 7.584992e-04 -8.230237e-01 5.680065e-01
    outer loop
      vertex   1.562760e+02 1.225289e+02 2.606607e+01
      vertex   1.592760e+02 1.225280e+02 2.606069e+01
      vertex   1.562763e+02 1.226347e+02 2.621931e+01
    endloop
  endfacet
  facet normal 7.584992e-04 -8.230237e-01 5.680065e-01
    outer loop
      vertex   1.562763e+02 1.226347e+02 2.621931e+01
      vertex   1.592760e+02 1.225280e+02 2.606069e+01
      vertex   1.592763e+02 1.226337e+02 2.621393e+01
    endloop
  endfacet
  facet normal 6.072633e-04 -8.706262e-01 4.919447e-01
    outer loop
      vertex   1.562763e+02 1.226347e+02 2.621931e+01
      vertex   1.592763e+02 1.226337e+02 2.621393e+01
      vertex   1.562767e+02 1.227263e+02 2.638141e+01
    endloop
  endfacet
  facet normal 6.072633e-04 -8.706262e-01 4.919447e-01
    outer loop
      vertex   1.562767e+02 1.227263e+02 2.638141e+01
      vertex   1.592763e+02 1.226337e+02 2.621393e+01
      vertex   1.592766e+02 1.227253e+02 2.637603e+01
    endloop
  endfacet
  facet normal 4.511381e-04 -9.112189e-01 4.119221e-01
    outer loop
      vertex   1.562767e+02 1.227263e+02 2.638141e+01
      vertex   1.592766e+02 1.227253e+02 2.637603e+01
      vertex   1.562770e+02 1.228030e+02 2.655107e+01
    endloop
  endfacet
  facet normal 4.511381e-04 -9.112189e-01 4.119221e-01
    outer loop
      vertex   1.562770e+02 1.228030e+02 2.655107e+01
      vertex   1.592766e+02 1.227253e+02 2.637603e+01
      vertex   1.592770e+02 1.228020e+02 2.654569e+01
    endloop
  endfacet
  facet normal 2.913806e-04 -9.444751e-01 3.285830e-01
    outer loop
      vertex   1.562770e+02 1.228030e+02 2.655107e+01
      vertex   1.592770e+02 1.228020e+02 2.654569e+01
      vertex   1.562773e+02 1.228641e+02 2.672692e+01
    endloop
  endfacet
  facet normal 2.913806e-04 -9.444751e-01 3.285830e-01
    outer loop
      vertex   1.562773e+02 1.228641e+02 2.672692e+01
      vertex   1.592770e+02 1.228020e+02 2.654569e+01
      vertex   1.592773e+02 1.228632e+02 2.672154e+01
    endloop
  endfacet
  facet normal 1.292771e-04 -9.701268e-01 2.425982e-01
    outer loop
      vertex   1.562773e+02 1.228641e+02 2.672692e+01
      vertex   1.592773e+02 1.228632e+02 2.672154e+01
      vertex   1.562777e+02 1.229093e+02 2.690754e+01
    endloop
  endfacet
  facet normal 1.292771e-04 -9.701268e-01 2.425982e-01
    outer loop
      vertex   1.562777e+02 1.229093e+02 2.690754e+01
      vertex   1.592773e+02 1.228632e+02 2.672154e+01
      vertex   1.592776e+02 1.229084e+02 2.690217e+01
    endloop
  endfacet
  facet normal -3.386731e-05 -9.879677e-01 1.546603e-01
    outer loop
      vertex   1.562777e+02 1.229093e+02 2.690754e+01
      vertex   1.592776e+02 1.229084e+02 2.690217e+01
      vertex   1.562780e+02 1.229381e+02 2.709149e+01
    endloop
  endfacet
  facet normal -3.386731e-05 -9.879677e-01 1.546603e-01
    outer loop
      vertex   1.562780e+02 1.229381e+02 2.709149e+01
      vertex   1.592776e+02 1.229084e+02 2.690217e+01
      vertex   1.592780e+02 1.229372e+02 2.708612e+01
    endloop
  endfacet
  facet normal -1.967390e-04 -9.978541e-01 6.547705e-02
    outer loop
      vertex   1.562780e+02 1.229381e+02 2.709149e+01
      vertex   1.592780e+02 1.229372e+02 2.708612e+01
      vertex   1.562783e+02 1.229503e+02 2.727728e+01
    endloop
  endfacet
  facet normal -1.967390e-04 -9.978541e-01 6.547705e-02
    outer loop
      vertex   1.562783e+02 1.229503e+02 2.727728e+01
      vertex   1.592780e+02 1.229372e+02 2.708612e+01
      vertex   1.592783e+02 1.229494e+02 2.727191e+01
    endloop
  endfacet
  facet normal -3.580267e-04 -9.997063e-01 -2.423335e-02
    outer loop
      vertex   1.562783e+02 1.229503e+02 2.727728e+01
      vertex   1.592783e+02 1.229494e+02 2.727191e+01
      vertex   1.562787e+02 1.229458e+02 2.746341e+01
    endloop
  endfacet
  facet normal -3.580267e-04 -9.997063e-01 -2.423335e-02
    outer loop
      vertex   1.562787e+02 1.229458e+02 2.746341e+01
      vertex   1.592783e+02 1.229494e+02 2.727191e+01
      vertex   1.592787e+02 1.229448e+02 2.745804e+01
    endloop
  endfacet
  facet normal -5.164318e-04 -9.935094e-01 -1.137486e-01
    outer loop
      vertex   1.562787e+02 1.229458e+02 2.746341e+01
      vertex   1.592787e+02 1.229448e+02 2.745804e+01
      vertex   1.562790e+02 1.229246e+02 2.764840e+01
    endloop
  endfacet
  facet normal -5.164318e-04 -9.935094e-01 -1.137486e-01
    outer loop
      vertex   1.562790e+02 1.229246e+02 2.764840e+01
      vertex   1.592787e+02 1.229448e+02 2.745804e+01
      vertex   1.592790e+02 1.229237e+02 2.764302e+01
    endloop
  endfacet
  facet normal -6.706789e-04 -9.793134e-01 -2.023481e-01
    outer loop
      vertex   1.562790e+02 1.229246e+02 2.764840e+01
      vertex   1.592790e+02 1.229237e+02 2.764302e+01
      vertex   1.562793e+02 1.228869e+02 2.783073e+01
    endloop
  endfacet
  facet normal -6.706789e-04 -9.793134e-01 -2.023481e-01
    outer loop
      vertex   1.562793e+02 1.228869e+02 2.783073e+01
      vertex   1.592790e+02 1.229237e+02 2.764302e+01
      vertex   1.592793e+02 1.228860e+02 2.782536e+01
    endloop
  endfacet
  facet normal -8.195260e-04 -9.572326e-01 -2.893183e-01
    outer loop
      vertex   1.562793e+02 1.228869e+02 2.783073e+01
      vertex   1.592793e+02 1.228860e+02 2.782536e+01
      vertex   1.562796e+02 1.228331e+02 2.800896e+01
    endloop
  endfacet
  facet normal -8.195260e-04 -9.572326e-01 -2.893183e-01
    outer loop
      vertex   1.562796e+02 1.228331e+02 2.800896e+01
      vertex   1.592793e+02 1.228860e+02 2.782536e+01
      vertex   1.592796e+02 1.228321e+02 2.800358e+01
    endloop
  endfacet
  facet normal -9.617748e-04 -9.274447e-01 -3.739592e-01
    outer loop
      vertex   1.562796e+02 1.228331e+02 2.800896e+01
      vertex   1.592796e+02 1.228321e+02 2.800358e+01
      vertex   1.562799e+02 1.227634e+02 2.818164e+01
    endloop
  endfacet
  facet normal -9.617748e-04 -9.274447e-01 -3.739592e-01
    outer loop
      vertex   1.562799e+02 1.227634e+02 2.818164e+01
      vertex   1.592796e+02 1.228321e+02 2.800358e+01
      vertex   1.592799e+02 1.227625e+02 2.817626e+01
    endloop
  endfacet
  facet normal -1.096280e-03 -8.901895e-01 -4.555891e-01
    outer loop
      vertex   1.562799e+02 1.227634e+02 2.818164e+01
      vertex   1.592799e+02 1.227625e+02 2.817626e+01
      vertex   1.562802e+02 1.226786e+02 2.834738e+01
    endloop
  endfacet
  facet normal -1.096280e-03 -8.901895e-01 -4.555891e-01
    outer loop
      vertex   1.562802e+02 1.226786e+02 2.834738e+01
      vertex   1.592799e+02 1.227625e+02 2.817626e+01
      vertex   1.592802e+02 1.226777e+02 2.834201e+01
    endloop
  endfacet
  facet normal -1.221959e-03 -8.457671e-01 -5.335509e-01
    outer loop
      vertex   1.562802e+02 1.226786e+02 2.834738e+01
      vertex   1.592802e+02 1.226777e+02 2.834201e+01
      vertex   1.562804e+02 1.225793e+02 2.850485e+01
    endloop
  endfacet
  facet normal -1.221959e-03 -8.457671e-01 -5.335509e-01
    outer loop
      vertex   1.562804e+02 1.225793e+02 2.850485e+01
      vertex   1.592802e+02 1.226777e+02 2.834201e+01
      vertex   1.592804e+02 1.225783e+02 2.849948e+01
    endloop
  endfacet
  facet normal -1.337799e-03 -7.945350e-01 -6.072169e-01
    outer loop
      vertex   1.562804e+02 1.225793e+02 2.850485e+01
      vertex   1.592804e+02 1.225783e+02 2.849948e+01
      vertex   1.562806e+02 1.224662e+02 2.865279e+01
    endloop
  endfacet
  facet normal -1.337799e-03 -7.945350e-01 -6.072169e-01
    outer loop
      vertex   1.562806e+02 1.224662e+02 2.865279e+01
      vertex   1.592804e+02 1.225783e+02 2.849948e+01
      vertex   1.592806e+02 1.224653e+02 2.864741e+01
    endloop
  endfacet
  facet normal -1.442868e-03 -7.369058e-01 -6.759939e-01
    outer loop
      vertex   1.562806e+02 1.224662e+02 2.865279e+01
      vertex   1.592806e+02 1.224653e+02 2.864741e+01
      vertex   1.562808e+02 1.223403e+02 2.878999e+01
    endloop
  endfacet
  facet normal -1.442868e-03 -7.369058e-01 -6.759939e-01
    outer loop
      vertex   1.562808e+02 1.223403e+02 2.878999e+01
      vertex   1.592806e+02 1.224653e+02 2.864741e+01
      vertex   1.592808e+02 1.223394e+02 2.878462e+01
    endloop
  endfacet
  facet normal -1.536319e-03 -6.733435e-01 -7.393282e-01
    outer loop
      vertex   1.562808e+02 1.223403e+02 2.878999e+01
      vertex   1.592808e+02 1.223394e+02 2.878462e+01
      vertex   1.562810e+02 1.222027e+02 2.891536e+01
    endloop
  endfacet
  facet normal -1.536319e-03 -6.733435e-01 -7.393282e-01
    outer loop
      vertex   1.562810e+02 1.222027e+02 2.891536e+01
      vertex   1.592808e+02 1.223394e+02 2.878462e+01
      vertex   1.592810e+02 1.222017e+02 2.890999e+01
    endloop
  endfacet
  facet normal -1.617402e-03 -6.043598e-01 -7.967099e-01
    outer loop
      vertex   1.562810e+02 1.222027e+02 2.891536e+01
      vertex   1.592810e+02 1.222017e+02 2.890999e+01
      vertex   1.562812e+02 1.220544e+02 2.902789e+01
    endloop
  endfacet
  facet normal -1.617402e-03 -6.043598e-01 -7.967099e-01
    outer loop
      vertex   1.562812e+02 1.220544e+02 2.902789e+01
      vertex   1.592810e+02 1.222017e+02 2.890999e+01
      vertex   1.592812e+02 1.220534e+02 2.902251e+01
    endloop
  endfacet
  facet normal -1.685461e-03 -5.305102e-01 -8.476769e-01
    outer loop
      vertex   1.562812e+02 1.220544e+02 2.902789e+01
      vertex   1.592812e+02 1.220534e+02 2.902251e+01
      vertex   1.562813e+02 1.218965e+02 2.912666e+01
    endloop
  endfacet
  facet normal -1.685461e-03 -5.305102e-01 -8.476769e-01
    outer loop
      vertex   1.562813e+02 1.218965e+02 2.912666e+01
      vertex   1.592812e+02 1.220534e+02 2.902251e+01
      vertex   1.592813e+02 1.218956e+02 2.912129e+01
    endloop
  endfacet
  facet normal -1.739951e-03 -4.523892e-01 -8.918189e-01
    outer loop
      vertex   1.562813e+02 1.218965e+02 2.912666e+01
      vertex   1.592813e+02 1.218956e+02 2.912129e+01
      vertex   1.562814e+02 1.217305e+02 2.921089e+01
    endloop
  endfacet
  facet normal -1.739951e-03 -4.523892e-01 -8.918189e-01
    outer loop
      vertex   1.562814e+02 1.217305e+02 2.921089e+01
      vertex   1.592813e+02 1.218956e+02 2.912129e+01
      vertex   1.592814e+02 1.217295e+02 2.920552e+01
    endloop
  endfacet
  facet normal -1.780431e-03 -3.706258e-01 -9.287806e-01
    outer loop
      vertex   1.562814e+02 1.217305e+02 2.921089e+01
      vertex   1.592814e+02 1.217295e+02 2.920552e+01
      vertex   1.562815e+02 1.215575e+02 2.927990e+01
    endloop
  endfacet
  facet normal -1.780431e-03 -3.706258e-01 -9.287806e-01
    outer loop
      vertex   1.562815e+02 1.215575e+02 2.927990e+01
      vertex   1.592814e+02 1.217295e+02 2.920552e+01
      vertex   1.592815e+02 1.215566e+02 2.927452e+01
    endloop
  endfacet
  facet normal -1.806577e-03 -2.858784e-01 -9.582642e-01
    outer loop
      vertex   1.562815e+02 1.215575e+02 2.927990e+01
      vertex   1.592815e+02 1.215566e+02 2.927452e+01
      vertex   1.562815e+02 1.213791e+02 2.933312e+01
    endloop
  endfacet
  facet normal -1.806577e-03 -2.858784e-01 -9.582642e-01
    outer loop
      vertex   1.562815e+02 1.213791e+02 2.933312e+01
      vertex   1.592815e+02 1.215566e+02 2.927452e+01
      vertex   1.592815e+02 1.213782e+02 2.932775e+01
    endloop
  endfacet
  facet normal -1.818177e-03 -1.988292e-01 -9.800325e-01
    outer loop
      vertex   1.562815e+02 1.213791e+02 2.933312e+01
      vertex   1.592815e+02 1.213782e+02 2.932775e+01
      vertex   1.562815e+02 1.211967e+02 2.937014e+01
    endloop
  endfacet
  facet normal -1.818177e-03 -1.988292e-01 -9.800325e-01
    outer loop
      vertex   1.562815e+02 1.211967e+02 2.937014e+01
      vertex   1.592815e+02 1.213782e+02 2.932775e+01
      vertex   1.592815e+02 1.211957e+02 2.936477e+01
    endloop
  endfacet
  facet normal -1.815138e-03 -1.101792e-01 -9.939101e-01
    outer loop
      vertex   1.562815e+02 1.211967e+02 2.937014e+01
      vertex   1.592815e+02 1.211957e+02 2.936477e+01
      vertex   1.562815e+02 1.210116e+02 2.939066e+01
    endloop
  endfacet
  facet normal -1.815138e-03 -1.101792e-01 -9.939101e-01
    outer loop
      vertex   1.562815e+02 1.210116e+02 2.939066e+01
      vertex   1.592815e+02 1.211957e+02 2.936477e+01
      vertex   1.592815e+02 1.210107e+02 2.938528e+01
    endloop
  endfacet
  facet normal -1.797485e-03 -2.064211e-02 -9.997853e-01
    outer loop
      vertex   1.562815e+02 1.210116e+02 2.939066e+01
      vertex   1.592815e+02 1.210107e+02 2.938528e+01
      vertex   1.562815e+02 1.208255e+02 2.939450e+01
    endloop
  endfacet
  facet normal -1.797485e-03 -2.064211e-02 -9.997853e-01
    outer loop
      vertex   1.562815e+02 1.208255e+02 2.939450e+01
      vertex   1.592815e+02 1.210107e+02 2.938528e+01
      vertex   1.592814e+02 1.208245e+02 2.938913e+01
    endloop
  endfacet
  facet normal -1.765359e-03 6.906120e-02 -9.976109e-01
    outer loop
      vertex   1.562815e+02 1.208255e+02 2.939450e+01
      vertex   1.592814e+02 1.208245e+02 2.938913e+01
      vertex   1.562814e+02 1.206397e+02 2.938164e+01
    endloop
  endfacet
  facet normal -1.765359e-03 6.906120e-02 -9.976109e-01
    outer loop
      vertex   1.562814e+02 1.206397e+02 2.938164e+01
      vertex   1.592814e+02 1.208245e+02 2.938913e+01
      vertex   1.592814e+02 1.206388e+02 2.937627e+01
    endloop
  endfacet
  facet normal -1.719020e-03 1.582085e-01 -9.874042e-01
    outer loop
      vertex   1.562814e+02 1.206397e+02 2.938164e+01
      vertex   1.592814e+02 1.206388e+02 2.937627e+01
      vertex   1.562813e+02 1.204559e+02 2.935219e+01
    endloop
  endfacet
  facet normal -1.719020e-03 1.582085e-01 -9.874042e-01
    outer loop
      vertex   1.562813e+02 1.204559e+02 2.935219e+01
      vertex   1.592814e+02 1.206388e+02 2.937627e+01
      vertex   1.592813e+02 1.204549e+02 2.934681e+01
    endloop
  endfacet
  facet normal -1.658840e-03 2.460819e-01 -9.692476e-01
    outer loop
      vertex   1.562813e+02 1.204559e+02 2.935219e+01
      vertex   1.592813e+02 1.204549e+02 2.934681e+01
      vertex   1.562811e+02 1.202754e+02 2.930637e+01
    endloop
  endfacet
  facet normal -1.658840e-03 2.460819e-01 -9.692476e-01
    outer loop
      vertex   1.562811e+02 1.202754e+02 2.930637e+01
      vertex   1.592813e+02 1.204549e+02 2.934681e+01
      vertex   1.592811e+02 1.202745e+02 2.930100e+01
    endloop
  endfacet
  facet normal -1.585304e-03 3.319741e-01 -9.432872e-01
    outer loop
      vertex   1.562811e+02 1.202754e+02 2.930637e+01
      vertex   1.592811e+02 1.202745e+02 2.930100e+01
      vertex   1.562810e+02 1.200998e+02 2.924456e+01
    endloop
  endfacet
  facet normal -1.585304e-03 3.319741e-01 -9.432872e-01
    outer loop
      vertex   1.562810e+02 1.200998e+02 2.924456e+01
      vertex   1.592811e+02 1.202745e+02 2.930100e+01
      vertex   1.592810e+02 1.200988e+02 2.923919e+01
    endloop
  endfacet
  facet normal -1.499005e-03 4.151934e-01 -9.097319e-01
    outer loop
      vertex   1.562810e+02 1.200998e+02 2.924456e+01
      vertex   1.592810e+02 1.200988e+02 2.923919e+01
      vertex   1.562808e+02 1.199304e+02 2.916726e+01
    endloop
  endfacet
  facet normal -1.499005e-03 4.151934e-01 -9.097319e-01
    outer loop
      vertex   1.562808e+02 1.199304e+02 2.916726e+01
      vertex   1.592810e+02 1.200988e+02 2.923919e+01
      vertex   1.592808e+02 1.199294e+02 2.916188e+01
    endloop
  endfacet
  facet normal -1.400636e-03 4.950698e-01 -8.688521e-01
    outer loop
      vertex   1.562808e+02 1.199304e+02 2.916726e+01
      vertex   1.592808e+02 1.199294e+02 2.916188e+01
      vertex   1.562805e+02 1.197686e+02 2.907508e+01
    endloop
  endfacet
  facet normal -1.400636e-03 4.950698e-01 -8.688521e-01
    outer loop
      vertex   1.562805e+02 1.197686e+02 2.907508e+01
      vertex   1.592808e+02 1.199294e+02 2.916188e+01
      vertex   1.592805e+02 1.197677e+02 2.906970e+01
    endloop
  endfacet
  facet normal -1.290990e-03 5.709602e-01 -8.209767e-01
    outer loop
      vertex   1.562805e+02 1.197686e+02 2.907508e+01
      vertex   1.592805e+02 1.197677e+02 2.906970e+01
      vertex   1.562803e+02 1.196158e+02 2.896877e+01
    endloop
  endfacet
  facet normal -1.290990e-03 5.709602e-01 -8.209767e-01
    outer loop
      vertex   1.562803e+02 1.196158e+02 2.896877e+01
      vertex   1.592805e+02 1.197677e+02 2.906970e+01
      vertex   1.592803e+02 1.196148e+02 2.896340e+01
    endloop
  endfacet
  facet normal -1.170950e-03 6.422535e-01 -7.664914e-01
    outer loop
      vertex   1.562803e+02 1.196158e+02 2.896877e+01
      vertex   1.592803e+02 1.196148e+02 2.896340e+01
      vertex   1.562801e+02 1.194730e+02 2.884919e+01
    endloop
  endfacet
  facet normal -1.170950e-03 6.422535e-01 -7.664914e-01
    outer loop
      vertex   1.562801e+02 1.194730e+02 2.884919e+01
      vertex   1.592803e+02 1.196148e+02 2.896340e+01
      vertex   1.592800e+02 1.194721e+02 2.884382e+01
    endloop
  endfacet
  facet normal -1.041482e-03 7.083758e-01 -7.058347e-01
    outer loop
      vertex   1.562801e+02 1.194730e+02 2.884919e+01
      vertex   1.592800e+02 1.194721e+02 2.884382e+01
      vertex   1.562798e+02 1.193416e+02 2.871730e+01
    endloop
  endfacet
  facet normal -1.041482e-03 7.083758e-01 -7.058347e-01
    outer loop
      vertex   1.562798e+02 1.193416e+02 2.871730e+01
      vertex   1.592800e+02 1.194721e+02 2.884382e+01
      vertex   1.592798e+02 1.193407e+02 2.871193e+01
    endloop
  endfacet
  facet normal -9.036281e-04 7.687947e-01 -6.394950e-01
    outer loop
      vertex   1.562798e+02 1.193416e+02 2.871730e+01
      vertex   1.592798e+02 1.193407e+02 2.871193e+01
      vertex   1.562795e+02 1.192226e+02 2.857416e+01
    endloop
  endfacet
  facet normal -9.036281e-04 7.687947e-01 -6.394950e-01
    outer loop
      vertex   1.562795e+02 1.192226e+02 2.857416e+01
      vertex   1.592798e+02 1.193407e+02 2.871193e+01
      vertex   1.592795e+02 1.192216e+02 2.856879e+01
    endloop
  endfacet
  facet normal -7.584992e-04 8.230237e-01 -5.680065e-01
    outer loop
      vertex   1.562795e+02 1.192226e+02 2.857416e+01
      vertex   1.592795e+02 1.192216e+02 2.856879e+01
      vertex   1.562792e+02 1.191168e+02 2.842092e+01
    endloop
  endfacet
  facet normal -7.584992e-04 8.230237e-01 -5.680065e-01
    outer loop
      vertex   1.562792e+02 1.191168e+02 2.842092e+01
      vertex   1.592795e+02 1.192216e+02 2.856879e+01
      vertex   1.592792e+02 1.191159e+02 2.841555e+01
    endloop
  endfacet
  facet normal -6.072633e-04 8.706262e-01 -4.919447e-01
    outer loop
      vertex   1.562792e+02 1.191168e+02 2.842092e+01
      vertex   1.592792e+02 1.191159e+02 2.841555e+01
      vertex   1.562789e+02 1.190252e+02 2.825882e+01
    endloop
  endfacet
  facet normal -6.072633e-04 8.706262e-01 -4.919447e-01
    outer loop
      vertex   1.562789e+02 1.190252e+02 2.825882e+01
      vertex   1.592792e+02 1.191159e+02 2.841555e+01
      vertex   1.592788e+02 1.190243e+02 2.825345e+01
    endloop
  endfacet
  facet normal -4.511381e-04 9.112189e-01 -4.119221e-01
    outer loop
      vertex   1.562789e+02 1.190252e+02 2.825882e+01
      vertex   1.592788e+02 1.190243e+02 2.825345e+01
      vertex   1.562785e+02 1.189485e+02 2.808916e+01
    endloop
  endfacet
  facet normal -4.511381e-04 9.112189e-01 -4.119221e-01
    outer loop
      vertex   1.562785e+02 1.189485e+02 2.808916e+01
      vertex   1.592788e+02 1.190243e+02 2.825345e+01
      vertex   1.592785e+02 1.189476e+02 2.808379e+01
    endloop
  endfacet
  facet normal -2.913806e-04 9.444751e-01 -3.285830e-01
    outer loop
      vertex   1.562785e+02 1.189485e+02 2.808916e+01
      vertex   1.592785e+02 1.189476e+02 2.808379e+01
      vertex   1.562782e+02 1.188873e+02 2.791331e+01
    endloop
  endfacet
  facet normal -2.913806e-04 9.444751e-01 -3.285830e-01
    outer loop
      vertex   1.562782e+02 1.188873e+02 2.791331e+01
      vertex   1.592785e+02 1.189476e+02 2.808379e+01
      vertex   1.592782e+02 1.188864e+02 2.790794e+01
    endloop
  endfacet
  facet normal -1.292771e-04 9.701268e-01 -2.425982e-01
    outer loop
      vertex   1.562782e+02 1.188873e+02 2.791331e+01
      vertex   1.592782e+02 1.188864e+02 2.790794e+01
      vertex   1.562779e+02 1.188422e+02 2.773269e+01
    endloop
  endfacet
  facet normal -1.292771e-04 9.701268e-01 -2.425982e-01
    outer loop
      vertex   1.562779e+02 1.188422e+02 2.773269e+01
      vertex   1.592782e+02 1.188864e+02 2.790794e+01
      vertex   1.592778e+02 1.188412e+02 2.772731e+01
    endloop
  endfacet
  facet normal 3.386731e-05 9.879677e-01 -1.546603e-01
    outer loop
      vertex   1.562779e+02 1.188422e+02 2.773269e+01
      vertex   1.592778e+02 1.188412e+02 2.772731e+01
      vertex   1.562775e+02 1.188134e+02 2.754874e+01
    endloop
  endfacet
  facet normal 3.386731e-05 9.879677e-01 -1.546603e-01
    outer loop
      vertex   1.562775e+02 1.188134e+02 2.754874e+01
      vertex   1.592778e+02 1.188412e+02 2.772731e+01
      vertex   1.592775e+02 1.188124e+02 2.754336e+01
    endloop
  endfacet
  facet normal 1.967390e-04 9.978541e-01 -6.547705e-02
    outer loop
      vertex   1.562775e+02 1.188134e+02 2.754874e+01
      vertex   1.592775e+02 1.188124e+02 2.754336e+01
      vertex   1.562772e+02 1.188012e+02 2.736295e+01
    endloop
  endfacet
  facet normal 1.967390e-04 9.978541e-01 -6.547705e-02
    outer loop
      vertex   1.562772e+02 1.188012e+02 2.736295e+01
      vertex   1.592775e+02 1.188124e+02 2.754336e+01
      vertex   1.592772e+02 1.188002e+02 2.735757e+01
    endloop
  endfacet
  facet normal 3.580267e-04 9.997063e-01 2.423335e-02
    outer loop
      vertex   1.562772e+02 1.188012e+02 2.736295e+01
      vertex   1.592772e+02 1.188002e+02 2.735757e+01
      vertex   1.562768e+02 1.188057e+02 2.717681e+01
    endloop
  endfacet
  facet normal 3.580267e-04 9.997063e-01 2.423335e-02
    outer loop
      vertex   1.562768e+02 1.188057e+02 2.717681e+01
      vertex   1.592772e+02 1.188002e+02 2.735757e+01
      vertex   1.592768e+02 1.188047e+02 2.717144e+01
    endloop
  endfacet
  facet normal 5.164318e-04 9.935094e-01 1.137486e-01
    outer loop
      vertex   1.562768e+02 1.188057e+02 2.717681e+01
      vertex   1.592768e+02 1.188047e+02 2.717144e+01
      vertex   1.562765e+02 1.188269e+02 2.699183e+01
    endloop
  endfacet
  facet normal 5.164318e-04 9.935094e-01 1.137486e-01
    outer loop
      vertex   1.562765e+02 1.188269e+02 2.699183e+01
      vertex   1.592768e+02 1.188047e+02 2.717144e+01
      vertex   1.592765e+02 1.188259e+02 2.698646e+01
    endloop
  endfacet
  facet normal 6.706789e-04 9.793134e-01 2.023481e-01
    outer loop
      vertex   1.562765e+02 1.188269e+02 2.699183e+01
      vertex   1.592765e+02 1.188259e+02 2.698646e+01
      vertex   1.562762e+02 1.188645e+02 2.680950e+01
    endloop
  endfacet
  facet normal 6.706789e-04 9.793134e-01 2.023481e-01
    outer loop
      vertex   1.562762e+02 1.188645e+02 2.680950e+01
      vertex   1.592765e+02 1.188259e+02 2.698646e+01
      vertex   1.592762e+02 1.188636e+02 2.680412e+01
    endloop
  endfacet
  facet normal 8.195260e-04 9.572326e-01 2.893183e-01
    outer loop
      vertex   1.562762e+02 1.188645e+02 2.680950e+01
      vertex   1.592762e+02 1.188636e+02 2.680412e+01
      vertex   1.562759e+02 1.189184e+02 2.663127e+01
    endloop
  endfacet
  facet normal 8.195260e-04 9.572326e-01 2.893183e-01
    outer loop
      vertex   1.562759e+02 1.189184e+02 2.663127e+01
      vertex   1.592762e+02 1.188636e+02 2.680412e+01
      vertex   1.592759e+02 1.189175e+02 2.662590e+01
    endloop
  endfacet
  facet normal 9.617748e-04 9.274447e-01 3.739592e-01
    outer loop
      vertex   1.562759e+02 1.189184e+02 2.663127e+01
      vertex   1.592759e+02 1.189175e+02 2.662590e+01
      vertex   1.562756e+02 1.189880e+02 2.645859e+01
    endloop
  endfacet
  facet normal 9.617748e-04 9.274447e-01 3.739592e-01
    outer loop
      vertex   1.562756e+02 1.189880e+02 2.645859e+01
      vertex   1.592759e+02 1.189175e+02 2.662590e+01
      vertex   1.592756e+02 1.189871e+02 2.645322e+01
    endloop
  endfacet
  facet normal 1.096280e-03 8.901895e-01 4.555891e-01
    outer loop
      vertex   1.562756e+02 1.189880e+02 2.645859e+01
      vertex   1.592756e+02 1.189871e+02 2.645322e+01
      vertex   1.562753e+02 1.190729e+02 2.629285e+01
    endloop
  endfacet
  facet normal 1.096280e-03 8.901895e-01 4.555891e-01
    outer loop
      vertex   1.562753e+02 1.190729e+02 2.629285e+01
      vertex   1.592756e+02 1.189871e+02 2.645322e+01
      vertex   1.592753e+02 1.190719e+02 2.628747e+01
    endloop
  endfacet
  facet normal 1.221959e-03 8.457671e-01 5.335509e-01
    outer loop
      vertex   1.562753e+02 1.190729e+02 2.629285e+01
      vertex   1.592753e+02 1.190719e+02 2.628747e+01
      vertex   1.562751e+02 1.191722e+02 2.613537e+01
    endloop
  endfacet
  facet normal 1.221959e-03 8.457671e-01 5.335509e-01
    outer loop
      vertex   1.562751e+02 1.191722e+02 2.613537e+01
      vertex   1.592753e+02 1.190719e+02 2.628747e+01
      vertex   1.592751e+02 1.191713e+02 2.613000e+01
    endloop
  endfacet
  facet normal 1.337799e-03 7.945350e-01 6.072169e-01
    outer loop
      vertex   1.562751e+02 1.191722e+02 2.613537e+01
      vertex   1.592751e+02 1.191713e+02 2.613000e+01
      vertex   1.562749e+02 1.192853e+02 2.598744e+01
    endloop
  endfacet
  facet normal 1.337799e-03 7.945350e-01 6.072169e-01
    outer loop
      vertex   1.562749e+02 1.192853e+02 2.598744e+01
      vertex   1.592751e+02 1.191713e+02 2.613000e+01
      vertex   1.592749e+02 1.192843e+02 2.598207e+01
    endloop
  endfacet
  facet normal 1.442868e-03 7.369058e-01 6.759939e-01
    outer loop
      vertex   1.562749e+02 1.192853e+02 2.598744e+01
      vertex   1.592749e+02 1.192843e+02 2.598207e+01
      vertex   1.562747e+02 1.194111e+02 2.585024e+01
    endloop
  endfacet
  facet normal 1.442868e-03 7.369058e-01 6.759939e-01
    outer loop
      vertex   1.562747e+02 1.194111e+02 2.585024e+01
      vertex   1.592749e+02 1.192843e+02 2.598207e+01
      vertex   1.592747e+02 1.194102e+02 2.584486e+01
    endloop
  endfacet
  facet normal 1.536319e-03 6.733435e-01 7.393282e-01
    outer loop
      vertex   1.562747e+02 1.194111e+02 2.585024e+01
      vertex   1.592747e+02 1.194102e+02 2.584486e+01
      vertex   1.562745e+02 1.195488e+02 2.572487e+01
    endloop
  endfacet
  facet normal 1.536319e-03 6.733435e-01 7.393282e-01
    outer loop
      vertex   1.562745e+02 1.195488e+02 2.572487e+01
      vertex   1.592747e+02 1.194102e+02 2.584486e+01
      vertex   1.592745e+02 1.195478e+02 2.571949e+01
    endloop
  endfacet
  facet normal 1.617402e-03 6.043598e-01 7.967099e-01
    outer loop
      vertex   1.562745e+02 1.195488e+02 2.572487e+01
      vertex   1.592745e+02 1.195478e+02 2.571949e+01
      vertex   1.562743e+02 1.196971e+02 2.561234e+01
    endloop
  endfacet
  facet normal 1.617402e-03 6.043598e-01 7.967099e-01
    outer loop
      vertex   1.562743e+02 1.196971e+02 2.561234e+01
      vertex   1.592745e+02 1.195478e+02 2.571949e+01
      vertex   1.592743e+02 1.196962e+02 2.560697e+01
    endloop
  endfacet
  facet normal 1.685461e-03 5.305102e-01 8.476769e-01
    outer loop
      vertex   1.562743e+02 1.196971e+02 2.561234e+01
      vertex   1.592743e+02 1.196962e+02 2.560697e+01
      vertex   1.562742e+02 1.198550e+02 2.551357e+01
    endloop
  endfacet
  facet normal 1.685461e-03 5.305102e-01 8.476769e-01
    outer loop
      vertex   1.562742e+02 1.198550e+02 2.551357e+01
      vertex   1.592743e+02 1.196962e+02 2.560697e+01
      vertex   1.592742e+02 1.198540e+02 2.550819e+01
    endloop
  endfacet
  facet normal 1.739951e-03 4.523892e-01 8.918189e-01
    outer loop
      vertex   1.562742e+02 1.198550e+02 2.551357e+01
      vertex   1.592742e+02 1.198540e+02 2.550819e+01
      vertex   1.562741e+02 1.200210e+02 2.542934e+01
    endloop
  endfacet
  facet normal 1.739951e-03 4.523892e-01 8.918189e-01
    outer loop
      vertex   1.562741e+02 1.200210e+02 2.542934e+01
      vertex   1.592742e+02 1.198540e+02 2.550819e+01
      vertex   1.592741e+02 1.200201e+02 2.542396e+01
    endloop
  endfacet
  facet normal 1.780431e-03 3.706258e-01 9.287806e-01
    outer loop
      vertex   1.562741e+02 1.200210e+02 2.542934e+01
      vertex   1.592741e+02 1.200201e+02 2.542396e+01
      vertex   1.562740e+02 1.201939e+02 2.536033e+01
    endloop
  endfacet
  facet normal 1.780431e-03 3.706258e-01 9.287806e-01
    outer loop
      vertex   1.562740e+02 1.201939e+02 2.536033e+01
      vertex   1.592741e+02 1.200201e+02 2.542396e+01
      vertex   1.592740e+02 1.201930e+02 2.535496e+01
    endloop
  endfacet
  facet normal 1.806577e-03 2.858784e-01 9.582642e-01
    outer loop
      vertex   1.562740e+02 1.201939e+02 2.536033e+01
      vertex   1.592740e+02 1.201930e+02 2.535496e+01
      vertex   1.562740e+02 1.203723e+02 2.530710e+01
    endloop
  endfacet
  facet normal 1.806577e-03 2.858784e-01 9.582642e-01
    outer loop
      vertex   1.562740e+02 1.203723e+02 2.530710e+01
      vertex   1.592740e+02 1.201930e+02 2.535496e+01
      vertex   1.592740e+02 1.203714e+02 2.530173e+01
    endloop
  endfacet
  facet normal 1.818177e-03 1.988292e-01 9.800325e-01
    outer loop
      vertex   1.562740e+02 1.203723e+02 2.530710e+01
      vertex   1.592740e+02 1.203714e+02 2.530173e+01
      vertex   1.562740e+02 1.205548e+02 2.527008e+01
    endloop
  endfacet
  facet normal 1.818177e-03 1.988292e-01 9.800325e-01
    outer loop
      vertex   1.562740e+02 1.205548e+02 2.527008e+01
      vertex   1.592740e+02 1.203714e+02 2.530173e+01
      vertex   1.592740e+02 1.205539e+02 2.526471e+01
    endloop
  endfacet
  facet normal 1.815138e-03 1.101792e-01 9.939101e-01
    outer loop
      vertex   1.562740e+02 1.205548e+02 2.527008e+01
      vertex   1.592740e+02 1.205539e+02 2.526471e+01
      vertex   1.562740e+02 1.207399e+02 2.524957e+01
    endloop
  endfacet
  facet normal 1.815138e-03 1.101792e-01 9.939101e-01
    outer loop
      vertex   1.562740e+02 1.207399e+02 2.524957e+01
      vertex   1.592740e+02 1.205539e+02 2.526471e+01
      vertex   1.592740e+02 1.207389e+02 2.524420e+01
    endloop
  endfacet
  facet normal 1.797485e-03 2.064211e-02 9.997853e-01
    outer loop
      vertex   1.562789e+02 1.469445e+02 2.335764e+01
      vertex   1.592789e+02 1.469436e+02 2.335227e+01
      vertex   1.562789e+02 1.471307e+02 2.335380e+01
    endloop
  endfacet
  facet normal 1.797485e-03 2.064211e-02 9.997853e-01
    outer loop
      vertex   1.562789e+02 1.471307e+02 2.335380e+01
      vertex   1.592789e+02 1.469436e+02 2.335227e+01
      vertex   1.592789e+02 1.471297e+02 2.334843e+01
    endloop
  endfacet
  facet normal 1.765359e-03 -6.906120e-02 9.976109e-01
    outer loop
      vertex   1.562789e+02 1.471307e+02 2.335380e+01
      vertex   1.592789e+02 1.471297e+02 2.334843e+01
      vertex   1.562790e+02 1.473164e+02 2.336666e+01
    endloop
  endfacet
  facet normal 1.765359e-03 -6.906120e-02 9.976109e-01
    outer loop
      vertex   1.562790e+02 1.473164e+02 2.336666e+01
      vertex   1.592789e+02 1.471297e+02 2.334843e+01
      vertex   1.592790e+02 1.473155e+02 2.336128e+01
    endloop
  endfacet
  facet normal 1.719020e-03 -1.582085e-01 9.874042e-01
    outer loop
      vertex   1.562790e+02 1.473164e+02 2.336666e+01
      vertex   1.592790e+02 1.473155e+02 2.336128e+01
      vertex   1.562791e+02 1.475002e+02 2.339611e+01
    endloop
  endfacet
  facet normal 1.719020e-03 -1.582085e-01 9.874042e-01
    outer loop
      vertex   1.562791e+02 1.475002e+02 2.339611e+01
      vertex   1.592790e+02 1.473155e+02 2.336128e+01
      vertex   1.592791e+02 1.474993e+02 2.339074e+01
    endloop
  endfacet
  facet normal 1.658840e-03 -2.460819e-01 9.692476e-01
    outer loop
      vertex   1.562791e+02 1.475002e+02 2.339611e+01
      vertex   1.592791e+02 1.474993e+02 2.339074e+01
      vertex   1.562792e+02 1.476807e+02 2.344193e+01
    endloop
  endfacet
  facet normal 1.658840e-03 -2.460819e-01 9.692476e-01
    outer loop
      vertex   1.562792e+02 1.476807e+02 2.344193e+01
      vertex   1.592791e+02 1.474993e+02 2.339074e+01
      vertex   1.592792e+02 1.476798e+02 2.343656e+01
    endloop
  endfacet
  facet normal 1.585304e-03 -3.319741e-01 9.432872e-01
    outer loop
      vertex   1.562792e+02 1.476807e+02 2.344193e+01
      vertex   1.592792e+02 1.476798e+02 2.343656e+01
      vertex   1.562794e+02 1.478563e+02 2.350374e+01
    endloop
  endfacet
  facet normal 1.585304e-03 -3.319741e-01 9.432872e-01
    outer loop
      vertex   1.562794e+02 1.478563e+02 2.350374e+01
      vertex   1.592792e+02 1.476798e+02 2.343656e+01
      vertex   1.592794e+02 1.478554e+02 2.349837e+01
    endloop
  endfacet
  facet normal 1.499005e-03 -4.151934e-01 9.097319e-01
    outer loop
      vertex   1.562794e+02 1.478563e+02 2.350374e+01
      vertex   1.592794e+02 1.478554e+02 2.349837e+01
      vertex   1.562796e+02 1.480257e+02 2.358105e+01
    endloop
  endfacet
  facet normal 1.499005e-03 -4.151934e-01 9.097319e-01
    outer loop
      vertex   1.562796e+02 1.480257e+02 2.358105e+01
      vertex   1.592794e+02 1.478554e+02 2.349837e+01
      vertex   1.592796e+02 1.480248e+02 2.357567e+01
    endloop
  endfacet
  facet normal 1.400636e-03 -4.950698e-01 8.688521e-01
    outer loop
      vertex   1.562796e+02 1.480257e+02 2.358105e+01
      vertex   1.592796e+02 1.480248e+02 2.357567e+01
      vertex   1.562798e+02 1.481875e+02 2.367322e+01
    endloop
  endfacet
  facet normal 1.400636e-03 -4.950698e-01 8.688521e-01
    outer loop
      vertex   1.562798e+02 1.481875e+02 2.367322e+01
      vertex   1.592796e+02 1.480248e+02 2.357567e+01
      vertex   1.592798e+02 1.481865e+02 2.366785e+01
    endloop
  endfacet
  facet normal 1.290990e-03 -5.709602e-01 8.209767e-01
    outer loop
      vertex   1.562798e+02 1.481875e+02 2.367322e+01
      vertex   1.592798e+02 1.481865e+02 2.366785e+01
      vertex   1.562801e+02 1.483404e+02 2.377953e+01
    endloop
  endfacet
  facet normal 1.290990e-03 -5.709602e-01 8.209767e-01
    outer loop
      vertex   1.562801e+02 1.483404e+02 2.377953e+01
      vertex   1.592798e+02 1.481865e+02 2.366785e+01
      vertex   1.592800e+02 1.483394e+02 2.377415e+01
    endloop
  endfacet
  facet normal 1.170950e-03 -6.422535e-01 7.664914e-01
    outer loop
      vertex   1.562801e+02 1.483404e+02 2.377953e+01
      vertex   1.592800e+02 1.483394e+02 2.377415e+01
      vertex   1.562803e+02 1.484831e+02 2.389911e+01
    endloop
  endfacet
  facet normal 1.170950e-03 -6.422535e-01 7.664914e-01
    outer loop
      vertex   1.562803e+02 1.484831e+02 2.389911e+01
      vertex   1.592800e+02 1.483394e+02 2.377415e+01
      vertex   1.592803e+02 1.484821e+02 2.389373e+01
    endloop
  endfacet
  facet normal 1.041482e-03 -7.083758e-01 7.058347e-01
    outer loop
      vertex   1.562803e+02 1.484831e+02 2.389911e+01
      vertex   1.592803e+02 1.484821e+02 2.389373e+01
      vertex   1.562806e+02 1.486145e+02 2.403100e+01
    endloop
  endfacet
  facet normal 1.041482e-03 -7.083758e-01 7.058347e-01
    outer loop
      vertex   1.562806e+02 1.486145e+02 2.403100e+01
      vertex   1.592803e+02 1.484821e+02 2.389373e+01
      vertex   1.592806e+02 1.486135e+02 2.402563e+01
    endloop
  endfacet
  facet normal 9.036281e-04 -7.687947e-01 6.394950e-01
    outer loop
      vertex   1.562806e+02 1.486145e+02 2.403100e+01
      vertex   1.592806e+02 1.486135e+02 2.402563e+01
      vertex   1.562809e+02 1.487335e+02 2.417414e+01
    endloop
  endfacet
  facet normal 9.036281e-04 -7.687947e-01 6.394950e-01
    outer loop
      vertex   1.562809e+02 1.487335e+02 2.417414e+01
      vertex   1.592806e+02 1.486135e+02 2.402563e+01
      vertex   1.592809e+02 1.487326e+02 2.416877e+01
    endloop
  endfacet
  facet normal 7.584992e-04 -8.230237e-01 5.680065e-01
    outer loop
      vertex   1.562809e+02 1.487335e+02 2.417414e+01
      vertex   1.592809e+02 1.487326e+02 2.416877e+01
      vertex   1.562812e+02 1.488393e+02 2.432738e+01
    endloop
  endfacet
  facet normal 7.584992e-04 -8.230237e-01 5.680065e-01
    outer loop
      vertex   1.562812e+02 1.488393e+02 2.432738e+01
      vertex   1.592809e+02 1.487326e+02 2.416877e+01
      vertex   1.592812e+02 1.488384e+02 2.432200e+01
    endloop
  endfacet
  facet normal 6.072633e-04 -8.706262e-01 4.919447e-01
    outer loop
      vertex   1.562812e+02 1.488393e+02 2.432738e+01
      vertex   1.592812e+02 1.488384e+02 2.432200e+01
      vertex   1.562815e+02 1.489309e+02 2.448948e+01
    endloop
  endfacet
  facet normal 6.072633e-04 -8.706262e-01 4.919447e-01
    outer loop
      vertex   1.562815e+02 1.489309e+02 2.448948e+01
      vertex   1.592812e+02 1.488384e+02 2.432200e+01
      vertex   1.592815e+02 1.489300e+02 2.448411e+01
    endloop
  endfacet
  facet normal 4.511381e-04 -9.112189e-01 4.119221e-01
    outer loop
      vertex   1.562815e+02 1.489309e+02 2.448948e+01
      vertex   1.592815e+02 1.489300e+02 2.448411e+01
      vertex   1.562818e+02 1.490076e+02 2.465914e+01
    endloop
  endfacet
  facet normal 4.511381e-04 -9.112189e-01 4.119221e-01
    outer loop
      vertex   1.562818e+02 1.490076e+02 2.465914e+01
      vertex   1.592815e+02 1.489300e+02 2.448411e+01
      vertex   1.592818e+02 1.490067e+02 2.465376e+01
    endloop
  endfacet
  facet normal 2.913806e-04 -9.444751e-01 3.285830e-01
    outer loop
      vertex   1.562818e+02 1.490076e+02 2.465914e+01
      vertex   1.592818e+02 1.490067e+02 2.465376e+01
      vertex   1.562822e+02 1.490688e+02 2.483499e+01
    endloop
  endfacet
  facet normal 2.913806e-04 -9.444751e-01 3.285830e-01
    outer loop
      vertex   1.562822e+02 1.490688e+02 2.483499e+01
      vertex   1.592818e+02 1.490067e+02 2.465376e+01
      vertex   1.592822e+02 1.490678e+02 2.482961e+01
    endloop
  endfacet
  facet normal 1.292771e-04 -9.701268e-01 2.425982e-01
    outer loop
      vertex   1.562822e+02 1.490688e+02 2.483499e+01
      vertex   1.592822e+02 1.490678e+02 2.482961e+01
      vertex   1.562825e+02 1.491139e+02 2.501562e+01
    endloop
  endfacet
  facet normal 1.292771e-04 -9.701268e-01 2.425982e-01
    outer loop
      vertex   1.562825e+02 1.491139e+02 2.501562e+01
      vertex   1.592822e+02 1.490678e+02 2.482961e+01
      vertex   1.592825e+02 1.491130e+02 2.501024e+01
    endloop
  endfacet
  facet normal -3.386731e-05 -9.879677e-01 1.546603e-01
    outer loop
      vertex   1.562825e+02 1.491139e+02 2.501562e+01
      vertex   1.592825e+02 1.491130e+02 2.501024e+01
      vertex   1.562829e+02 1.491427e+02 2.519956e+01
    endloop
  endfacet
  facet normal -3.386731e-05 -9.879677e-01 1.546603e-01
    outer loop
      vertex   1.562829e+02 1.491427e+02 2.519956e+01
      vertex   1.592825e+02 1.491130e+02 2.501024e+01
      vertex   1.592828e+02 1.491418e+02 2.519419e+01
    endloop
  endfacet
  facet normal -1.967390e-04 -9.978541e-01 6.547705e-02
    outer loop
      vertex   1.562829e+02 1.491427e+02 2.519956e+01
      vertex   1.592828e+02 1.491418e+02 2.519419e+01
      vertex   1.562832e+02 1.491549e+02 2.538535e+01
    endloop
  endfacet
  facet normal -1.967390e-04 -9.978541e-01 6.547705e-02
    outer loop
      vertex   1.562832e+02 1.491549e+02 2.538535e+01
      vertex   1.592828e+02 1.491418e+02 2.519419e+01
      vertex   1.592832e+02 1.491540e+02 2.537998e+01
    endloop
  endfacet
  facet normal -3.580267e-04 -9.997063e-01 -2.423335e-02
    outer loop
      vertex   1.562832e+02 1.491549e+02 2.538535e+01
      vertex   1.592832e+02 1.491540e+02 2.537998e+01
      vertex   1.562835e+02 1.491504e+02 2.557149e+01
    endloop
  endfacet
  facet normal -3.580267e-04 -9.997063e-01 -2.423335e-02
    outer loop
      vertex   1.562835e+02 1.491504e+02 2.557149e+01
      vertex   1.592832e+02 1.491540e+02 2.537998e+01
      vertex   1.592835e+02 1.491495e+02 2.556611e+01
    endloop
  endfacet
  facet normal -5.164318e-04 -9.935094e-01 -1.137486e-01
    outer loop
      vertex   1.562835e+02 1.491504e+02 2.557149e+01
      vertex   1.592835e+02 1.491495e+02 2.556611e+01
      vertex   1.562838e+02 1.491292e+02 2.575647e+01
    endloop
  endfacet
  facet normal -5.164318e-04 -9.935094e-01 -1.137486e-01
    outer loop
      vertex   1.562838e+02 1.491292e+02 2.575647e+01
      vertex   1.592835e+02 1.491495e+02 2.556611e+01
      vertex   1.592838e+02 1.491283e+02 2.575109e+01
    endloop
  endfacet
  facet normal -6.706789e-04 -9.793134e-01 -2.023481e-01
    outer loop
      vertex   1.562838e+02 1.491292e+02 2.575647e+01
      vertex   1.592838e+02 1.491283e+02 2.575109e+01
      vertex   1.562842e+02 1.490916e+02 2.593880e+01
    endloop
  endfacet
  facet normal -6.706789e-04 -9.793134e-01 -2.023481e-01
    outer loop
      vertex   1.562842e+02 1.490916e+02 2.593880e+01
      vertex   1.592838e+02 1.491283e+02 2.575109e+01
      vertex   1.592842e+02 1.490906e+02 2.593343e+01
    endloop
  endfacet
  facet normal -8.195260e-04 -9.572326e-01 -2.893183e-01
    outer loop
      vertex   1.562842e+02 1.490916e+02 2.593880e+01
      vertex   1.592842e+02 1.490906e+02 2.593343e+01
      vertex   1.562845e+02 1.490377e+02 2.611703e+01
    endloop
  endfacet
  facet normal -8.195260e-04 -9.572326e-01 -2.893183e-01
    outer loop
      vertex   1.562845e+02 1.490377e+02 2.611703e+01
      vertex   1.592842e+02 1.490906e+02 2.593343e+01
      vertex   1.592845e+02 1.490368e+02 2.611166e+01
    endloop
  endfacet
  facet normal -9.617748e-04 -9.274447e-01 -3.739592e-01
    outer loop
      vertex   1.562845e+02 1.490377e+02 2.611703e+01
      vertex   1.592845e+02 1.490368e+02 2.611166e+01
      vertex   1.562847e+02 1.489681e+02 2.628971e+01
    endloop
  endfacet
  facet normal -9.617748e-04 -9.274447e-01 -3.739592e-01
    outer loop
      vertex   1.562847e+02 1.489681e+02 2.628971e+01
      vertex   1.592845e+02 1.490368e+02 2.611166e+01
      vertex   1.592847e+02 1.489671e+02 2.628434e+01
    endloop
  endfacet
  facet normal -1.096280e-03 -8.901895e-01 -4.555891e-01
    outer loop
      vertex   1.562847e+02 1.489681e+02 2.628971e+01
      vertex   1.592847e+02 1.489671e+02 2.628434e+01
      vertex   1.562850e+02 1.488832e+02 2.645545e+01
    endloop
  endfacet
  facet normal -1.096280e-03 -8.901895e-01 -4.555891e-01
    outer loop
      vertex   1.562850e+02 1.488832e+02 2.645545e+01
      vertex   1.592847e+02 1.489671e+02 2.628434e+01
      vertex   1.592850e+02 1.488823e+02 2.645008e+01
    endloop
  endfacet
  facet normal -1.221959e-03 -8.457671e-01 -5.335509e-01
    outer loop
      vertex   1.562850e+02 1.488832e+02 2.645545e+01
      vertex   1.592850e+02 1.488823e+02 2.645008e+01
      vertex   1.562853e+02 1.487839e+02 2.661293e+01
    endloop
  endfacet
  facet normal -1.221959e-03 -8.457671e-01 -5.335509e-01
    outer loop
      vertex   1.562853e+02 1.487839e+02 2.661293e+01
      vertex   1.592850e+02 1.488823e+02 2.645008e+01
      vertex   1.592853e+02 1.487830e+02 2.660755e+01
    endloop
  endfacet
  facet normal -1.337799e-03 -7.945350e-01 -6.072169e-01
    outer loop
      vertex   1.562853e+02 1.487839e+02 2.661293e+01
      vertex   1.592853e+02 1.487830e+02 2.660755e+01
      vertex   1.562855e+02 1.486708e+02 2.676086e+01
    endloop
  endfacet
  facet normal -1.337799e-03 -7.945350e-01 -6.072169e-01
    outer loop
      vertex   1.562855e+02 1.486708e+02 2.676086e+01
      vertex   1.592853e+02 1.487830e+02 2.660755e+01
      vertex   1.592855e+02 1.486699e+02 2.675549e+01
    endloop
  endfacet
  facet normal -1.442868e-03 -7.369058e-01 -6.759939e-01
    outer loop
      vertex   1.562855e+02 1.486708e+02 2.676086e+01
      vertex   1.592855e+02 1.486699e+02 2.675549e+01
      vertex   1.562857e+02 1.485450e+02 2.689806e+01
    endloop
  endfacet
  facet normal -1.442868e-03 -7.369058e-01 -6.759939e-01
    outer loop
      vertex   1.562857e+02 1.485450e+02 2.689806e+01
      vertex   1.592855e+02 1.486699e+02 2.675549e+01
      vertex   1.592857e+02 1.485440e+02 2.689269e+01
    endloop
  endfacet
  facet normal -1.536319e-03 -6.733435e-01 -7.393282e-01
    outer loop
      vertex   1.562857e+02 1.485450e+02 2.689806e+01
      vertex   1.592857e+02 1.485440e+02 2.689269e+01
      vertex   1.562859e+02 1.484073e+02 2.702343e+01
    endloop
  endfacet
  facet normal -1.536319e-03 -6.733435e-01 -7.393282e-01
    outer loop
      vertex   1.562859e+02 1.484073e+02 2.702343e+01
      vertex   1.592857e+02 1.485440e+02 2.689269e+01
      vertex   1.592859e+02 1.484064e+02 2.701806e+01
    endloop
  endfacet
  facet normal -1.617402e-03 -6.043598e-01 -7.967099e-01
    outer loop
      vertex   1.562859e+02 1.484073e+02 2.702343e+01
      vertex   1.592859e+02 1.484064e+02 2.701806e+01
      vertex   1.562860e+02 1.482590e+02 2.713596e+01
    endloop
  endfacet
  facet normal -1.617402e-03 -6.043598e-01 -7.967099e-01
    outer loop
      vertex   1.562860e+02 1.482590e+02 2.713596e+01
      vertex   1.592859e+02 1.484064e+02 2.701806e+01
      vertex   1.592860e+02 1.482580e+02 2.713058e+01
    endloop
  endfacet
  facet normal -1.685461e-03 -5.305102e-01 -8.476769e-01
    outer loop
      vertex   1.562860e+02 1.482590e+02 2.713596e+01
      vertex   1.592860e+02 1.482580e+02 2.713058e+01
      vertex   1.562862e+02 1.481012e+02 2.723473e+01
    endloop
  endfacet
  facet normal -1.685461e-03 -5.305102e-01 -8.476769e-01
    outer loop
      vertex   1.562862e+02 1.481012e+02 2.723473e+01
      vertex   1.592860e+02 1.482580e+02 2.713058e+01
      vertex   1.592862e+02 1.481002e+02 2.722936e+01
    endloop
  endfacet
  facet normal -1.739951e-03 -4.523892e-01 -8.918189e-01
    outer loop
      vertex   1.562862e+02 1.481012e+02 2.723473e+01
      vertex   1.592862e+02 1.481002e+02 2.722936e+01
      vertex   1.562863e+02 1.479351e+02 2.731896e+01
    endloop
  endfacet
  facet normal -1.739951e-03 -4.523892e-01 -8.918189e-01
    outer loop
      vertex   1.562863e+02 1.479351e+02 2.731896e+01
      vertex   1.592862e+02 1.481002e+02 2.722936e+01
      vertex   1.592863e+02 1.479342e+02 2.731359e+01
    endloop
  endfacet
  facet normal -1.780431e-03 -3.706258e-01 -9.287806e-01
    outer loop
      vertex   1.562863e+02 1.479351e+02 2.731896e+01
      vertex   1.592863e+02 1.479342e+02 2.731359e+01
      vertex   1.562863e+02 1.477622e+02 2.738797e+01
    endloop
  endfacet
  facet normal -1.780431e-03 -3.706258e-01 -9.287806e-01
    outer loop
      vertex   1.562863e+02 1.477622e+02 2.738797e+01
      vertex   1.592863e+02 1.479342e+02 2.731359e+01
      vertex   1.592863e+02 1.477612e+02 2.738259e+01
    endloop
  endfacet
  facet normal -1.806577e-03 -2.858784e-01 -9.582642e-01
    outer loop
      vertex   1.562863e+02 1.477622e+02 2.738797e+01
      vertex   1.592863e+02 1.477612e+02 2.738259e+01
      vertex   1.562864e+02 1.475838e+02 2.744120e+01
    endloop
  endfacet
  facet normal -1.806577e-03 -2.858784e-01 -9.582642e-01
    outer loop
      vertex   1.562864e+02 1.475838e+02 2.744120e+01
      vertex   1.592863e+02 1.477612e+02 2.738259e+01
      vertex   1.592864e+02 1.475828e+02 2.743582e+01
    endloop
  endfacet
  facet normal -1.818177e-03 -1.988292e-01 -9.800325e-01
    outer loop
      vertex   1.562864e+02 1.475838e+02 2.744120e+01
      vertex   1.592864e+02 1.475828e+02 2.743582e+01
      vertex   1.562864e+02 1.474013e+02 2.747822e+01
    endloop
  endfacet
  facet normal -1.818177e-03 -1.988292e-01 -9.800325e-01
    outer loop
      vertex   1.562864e+02 1.474013e+02 2.747822e+01
      vertex   1.592864e+02 1.475828e+02 2.743582e+01
      vertex   1.592864e+02 1.474003e+02 2.747284e+01
    endloop
  endfacet
  facet normal -1.815138e-03 -1.101792e-01 -9.939101e-01
    outer loop
      vertex   1.562864e+02 1.474013e+02 2.747822e+01
      vertex   1.592864e+02 1.474003e+02 2.747284e+01
      vertex   1.562864e+02 1.472162e+02 2.749873e+01
    endloop
  endfacet
  facet normal -1.815138e-03 -1.101792e-01 -9.939101e-01
    outer loop
      vertex   1.562864e+02 1.472162e+02 2.749873e+01
      vertex   1.592864e+02 1.474003e+02 2.747284e+01
      vertex   1.592864e+02 1.472153e+02 2.749336e+01
    endloop
  endfacet
  facet normal -1.797485e-03 -2.064211e-02 -9.997853e-01
    outer loop
      vertex   1.562864e+02 1.472162e+02 2.749873e+01
      vertex   1.592864e+02 1.472153e+02 2.749336e+01
      vertex   1.562863e+02 1.470301e+02 2.750257e+01
    endloop
  endfacet
  facet normal -1.797485e-03 -2.064211e-02 -9.997853e-01
    outer loop
      vertex   1.562863e+02 1.470301e+02 2.750257e+01
      vertex   1.592864e+02 1.472153e+02 2.749336e+01
      vertex   1.592863e+02 1.470291e+02 2.749720e+01
    endloop
  endfacet
  facet normal -1.765359e-03 6.906120e-02 -9.976109e-01
    outer loop
      vertex   1.562863e+02 1.470301e+02 2.750257e+01
      vertex   1.592863e+02 1.470291e+02 2.749720e+01
      vertex   1.562862e+02 1.468443e+02 2.748972e+01
    endloop
  endfacet
  facet normal -1.765359e-03 6.906120e-02 -9.976109e-01
    outer loop
      vertex   1.562862e+02 1.468443e+02 2.748972e+01
      vertex   1.592863e+02 1.470291e+02 2.749720e+01
      vertex   1.592862e+02 1.468434e+02 2.748434e+01
    endloop
  endfacet
  facet normal -1.719020e-03 1.582085e-01 -9.874042e-01
    outer loop
      vertex   1.562862e+02 1.468443e+02 2.748972e+01
      vertex   1.592862e+02 1.468434e+02 2.748434e+01
      vertex   1.562861e+02 1.466605e+02 2.746026e+01
    endloop
  endfacet
  facet normal -1.719020e-03 1.582085e-01 -9.874042e-01
    outer loop
      vertex   1.562861e+02 1.466605e+02 2.746026e+01
      vertex   1.592862e+02 1.468434e+02 2.748434e+01
      vertex   1.592861e+02 1.466596e+02 2.745489e+01
    endloop
  endfacet
  facet normal -1.658840e-03 2.460819e-01 -9.692476e-01
    outer loop
      vertex   1.562861e+02 1.466605e+02 2.746026e+01
      vertex   1.592861e+02 1.466596e+02 2.745489e+01
      vertex   1.562860e+02 1.464800e+02 2.741444e+01
    endloop
  endfacet
  facet normal -1.658840e-03 2.460819e-01 -9.692476e-01
    outer loop
      vertex   1.562860e+02 1.464800e+02 2.741444e+01
      vertex   1.592861e+02 1.466596e+02 2.745489e+01
      vertex   1.592860e+02 1.464791e+02 2.740907e+01
    endloop
  endfacet
  facet normal -1.585304e-03 3.319741e-01 -9.432872e-01
    outer loop
      vertex   1.562860e+02 1.464800e+02 2.741444e+01
      vertex   1.592860e+02 1.464791e+02 2.740907e+01
      vertex   1.562858e+02 1.463044e+02 2.735263e+01
    endloop
  endfacet
  facet normal -1.585304e-03 3.319741e-01 -9.432872e-01
    outer loop
      vertex   1.562858e+02 1.463044e+02 2.735263e+01
      vertex   1.592860e+02 1.464791e+02 2.740907e+01
      vertex   1.592858e+02 1.463035e+02 2.734726e+01
    endloop
  endfacet
  facet normal -1.499005e-03 4.151934e-01 -9.097319e-01
    outer loop
      vertex   1.562858e+02 1.463044e+02 2.735263e+01
      vertex   1.592858e+02 1.463035e+02 2.734726e+01
      vertex   1.562856e+02 1.461350e+02 2.727533e+01
    endloop
  endfacet
  facet normal -1.499005e-03 4.151934e-01 -9.097319e-01
    outer loop
      vertex   1.562856e+02 1.461350e+02 2.727533e+01
      vertex   1.592858e+02 1.463035e+02 2.734726e+01
      vertex   1.592856e+02 1.461341e+02 2.726995e+01
    endloop
  endfacet
  facet normal -1.400636e-03 4.950698e-01 -8.688521e-01
    outer loop
      vertex   1.562856e+02 1.461350e+02 2.727533e+01
      vertex   1.592856e+02 1.461341e+02 2.726995e+01
      vertex   1.562854e+02 1.459733e+02 2.718315e+01
    endloop
  endfacet
  facet normal -1.400636e-03 4.950698e-01 -8.688521e-01
    outer loop
      vertex   1.562854e+02 1.459733e+02 2.718315e+01
      vertex   1.592856e+02 1.461341e+02 2.726995e+01
      vertex   1.592854e+02 1.459723e+02 2.717778e+01
    endloop
  endfacet
  facet normal -1.290990e-03 5.709602e-01 -8.209767e-01
    outer loop
      vertex   1.562854e+02 1.459733e+02 2.718315e+01
      vertex   1.592854e+02 1.459723e+02 2.717778e+01
      vertex   1.562852e+02 1.458204e+02 2.707684e+01
    endloop
  endfacet
  facet normal -1.290990e-03 5.709602e-01 -8.209767e-01
    outer loop
      vertex   1.562852e+02 1.458204e+02 2.707684e+01
      vertex   1.592854e+02 1.459723e+02 2.717778e+01
      vertex   1.592852e+02 1.458195e+02 2.707147e+01
    endloop
  endfacet
  facet normal -1.170950e-03 6.422535e-01 -7.664914e-01
    outer loop
      vertex   1.562852e+02 1.458204e+02 2.707684e+01
      vertex   1.592852e+02 1.458195e+02 2.707147e+01
      vertex   1.562849e+02 1.456777e+02 2.695726e+01
    endloop
  endfacet
  facet normal -1.170950e-03 6.422535e-01 -7.664914e-01
    outer loop
      vertex   1.562849e+02 1.456777e+02 2.695726e+01
      vertex   1.592852e+02 1.458195e+02 2.707147e+01
      vertex   1.592849e+02 1.456767e+02 2.695189e+01
    endloop
  endfacet
  facet normal -1.041482e-03 7.083758e-01 -7.058347e-01
    outer loop
      vertex   1.562849e+02 1.456777e+02 2.695726e+01
      vertex   1.592849e+02 1.456767e+02 2.695189e+01
      vertex   1.562846e+02 1.455463e+02 2.682537e+01
    endloop
  endfacet
  facet normal -1.041482e-03 7.083758e-01 -7.058347e-01
    outer loop
      vertex   1.562846e+02 1.455463e+02 2.682537e+01
      vertex   1.592849e+02 1.456767e+02 2.695189e+01
      vertex   1.592846e+02 1.455453e+02 2.682000e+01
    endloop
  endfacet
  facet normal -9.036281e-04 7.687947e-01 -6.394950e-01
    outer loop
      vertex   1.562846e+02 1.455463e+02 2.682537e+01
      vertex   1.592846e+02 1.455453e+02 2.682000e+01
      vertex   1.562843e+02 1.454272e+02 2.668223e+01
    endloop
  endfacet
  facet normal -9.036281e-04 7.687947e-01 -6.394950e-01
    outer loop
      vertex   1.562843e+02 1.454272e+02 2.668223e+01
      vertex   1.592846e+02 1.455453e+02 2.682000e+01
      vertex   1.592843e+02 1.454263e+02 2.667686e+01
    endloop
  endfacet
  facet normal -7.584992e-04 8.230237e-01 -5.680065e-01
    outer loop
      vertex   1.562843e+02 1.454272e+02 2.668223e+01
      vertex   1.592843e+02 1.454263e+02 2.667686e+01
      vertex   1.562840e+02 1.453214e+02 2.652899e+01
    endloop
  endfacet
  facet normal -7.584992e-04 8.230237e-01 -5.680065e-01
    outer loop
      vertex   1.562840e+02 1.453214e+02 2.652899e+01
      vertex   1.592843e+02 1.454263e+02 2.667686e+01
      vertex   1.592840e+02 1.453205e+02 2.652362e+01
    endloop
  endfacet
  facet normal -6.072633e-04 8.706262e-01 -4.919447e-01
    outer loop
      vertex   1.562840e+02 1.453214e+02 2.652899e+01
      vertex   1.592840e+02 1.453205e+02 2.652362e+01
      vertex   1.562837e+02 1.452298e+02 2.636689e+01
    endloop
  endfacet
  facet normal -6.072633e-04 8.706262e-01 -4.919447e-01
    outer loop
      vertex   1.562837e+02 1.452298e+02 2.636689e+01
      vertex   1.592840e+02 1.453205e+02 2.652362e+01
      vertex   1.592837e+02 1.452289e+02 2.636152e+01
    endloop
  endfacet
  facet normal -4.511381e-04 9.112189e-01 -4.119221e-01
    outer loop
      vertex   1.562837e+02 1.452298e+02 2.636689e+01
      vertex   1.592837e+02 1.452289e+02 2.636152e+01
      vertex   1.562834e+02 1.451532e+02 2.619724e+01
    endloop
  endfacet
  facet normal -4.511381e-04 9.112189e-01 -4.119221e-01
    outer loop
      vertex   1.562834e+02 1.451532e+02 2.619724e+01
      vertex   1.592837e+02 1.452289e+02 2.636152e+01
      vertex   1.592834e+02 1.451522e+02 2.619186e+01
    endloop
  endfacet
  facet normal -2.913806e-04 9.444751e-01 -3.285830e-01
    outer loop
      vertex   1.562834e+02 1.451532e+02 2.619724e+01
      vertex   1.592834e+02 1.451522e+02 2.619186e+01
      vertex   1.562830e+02 1.450920e+02 2.602138e+01
    endloop
  endfacet
  facet normal -2.913806e-04 9.444751e-01 -3.285830e-01
    outer loop
      vertex   1.562830e+02 1.450920e+02 2.602138e+01
      vertex   1.592834e+02 1.451522e+02 2.619186e+01
      vertex   1.592830e+02 1.450910e+02 2.601601e+01
    endloop
  endfacet
  facet normal -1.292771e-04 9.701268e-01 -2.425982e-01
    outer loop
      vertex   1.562830e+02 1.450920e+02 2.602138e+01
      vertex   1.592830e+02 1.450910e+02 2.601601e+01
      vertex   1.562827e+02 1.450468e+02 2.584076e+01
    endloop
  endfacet
  facet normal -1.292771e-04 9.701268e-01 -2.425982e-01
    outer loop
      vertex   1.562827e+02 1.450468e+02 2.584076e+01
      vertex   1.592830e+02 1.450910e+02 2.601601e+01
      vertex   1.592827e+02 1.450459e+02 2.583538e+01
    endloop
  endfacet
  facet normal 3.386731e-05 9.879677e-01 -1.546603e-01
    outer loop
      vertex   1.562827e+02 1.450468e+02 2.584076e+01
      vertex   1.592827e+02 1.450459e+02 2.583538e+01
      vertex   1.562824e+02 1.450180e+02 2.565681e+01
    endloop
  endfacet
  facet normal 3.386731e-05 9.879677e-01 -1.546603e-01
    outer loop
      vertex   1.562824e+02 1.450180e+02 2.565681e+01
      vertex   1.592827e+02 1.450459e+02 2.583538e+01
      vertex   1.592824e+02 1.450171e+02 2.565144e+01
    endloop
  endfacet
  facet normal 1.967390e-04 9.978541e-01 -6.547705e-02
    outer loop
      vertex   1.562824e+02 1.450180e+02 2.565681e+01
      vertex   1.592824e+02 1.450171e+02 2.565144e+01
      vertex   1.562820e+02 1.450058e+02 2.547102e+01
    endloop
  endfacet
  facet normal 1.967390e-04 9.978541e-01 -6.547705e-02
    outer loop
      vertex   1.562820e+02 1.450058e+02 2.547102e+01
      vertex   1.592824e+02 1.450171e+02 2.565144e+01
      vertex   1.592820e+02 1.450049e+02 2.546565e+01
    endloop
  endfacet
  facet normal 3.580267e-04 9.997063e-01 2.423335e-02
    outer loop
      vertex   1.562820e+02 1.450058e+02 2.547102e+01
      vertex   1.592820e+02 1.450049e+02 2.546565e+01
      vertex   1.562817e+02 1.450103e+02 2.528489e+01
    endloop
  endfacet
  facet normal 3.580267e-04 9.997063e-01 2.423335e-02
    outer loop
      vertex   1.562817e+02 1.450103e+02 2.528489e+01
      vertex   1.592820e+02 1.450049e+02 2.546565e+01
      vertex   1.592817e+02 1.450094e+02 2.527951e+01
    endloop
  endfacet
  facet normal 5.164318e-04 9.935094e-01 1.137486e-01
    outer loop
      vertex   1.562817e+02 1.450103e+02 2.528489e+01
      vertex   1.592817e+02 1.450094e+02 2.527951e+01
      vertex   1.562814e+02 1.450315e+02 2.509991e+01
    endloop
  endfacet
  facet normal 5.164318e-04 9.935094e-01 1.137486e-01
    outer loop
      vertex   1.562814e+02 1.450315e+02 2.509991e+01
      vertex   1.592817e+02 1.450094e+02 2.527951e+01
      vertex   1.592814e+02 1.450306e+02 2.509453e+01
    endloop
  endfacet
  facet normal 6.706789e-04 9.793134e-01 2.023481e-01
    outer loop
      vertex   1.562814e+02 1.450315e+02 2.509991e+01
      vertex   1.592814e+02 1.450306e+02 2.509453e+01
      vertex   1.562811e+02 1.450692e+02 2.491757e+01
    endloop
  endfacet
  facet normal 6.706789e-04 9.793134e-01 2.023481e-01
    outer loop
      vertex   1.562811e+02 1.450692e+02 2.491757e+01
      vertex   1.592814e+02 1.450306e+02 2.509453e+01
      vertex   1.592811e+02 1.450682e+02 2.491219e+01
    endloop
  endfacet
  facet normal 8.195260e-04 9.572326e-01 2.893183e-01
    outer loop
      vertex   1.562811e+02 1.450692e+02 2.491757e+01
      vertex   1.592811e+02 1.450682e+02 2.491219e+01
      vertex   1.562808e+02 1.451230e+02 2.473934e+01
    endloop
  endfacet
  facet normal 8.195260e-04 9.572326e-01 2.893183e-01
    outer loop
      vertex   1.562808e+02 1.451230e+02 2.473934e+01
      vertex   1.592811e+02 1.450682e+02 2.491219e+01
      vertex   1.592808e+02 1.451221e+02 2.473397e+01
    endloop
  endfacet
  facet normal 9.617748e-04 9.274447e-01 3.739592e-01
    outer loop
      vertex   1.562808e+02 1.451230e+02 2.473934e+01
      vertex   1.592808e+02 1.451221e+02 2.473397e+01
      vertex   1.562805e+02 1.451927e+02 2.456666e+01
    endloop
  endfacet
  facet normal 9.617748e-04 9.274447e-01 3.739592e-01
    outer loop
      vertex   1.562805e+02 1.451927e+02 2.456666e+01
      vertex   1.592808e+02 1.451221e+02 2.473397e+01
      vertex   1.592805e+02 1.451917e+02 2.456129e+01
    endloop
  endfacet
  facet normal 1.096280e-03 8.901895e-01 4.555891e-01
    outer loop
      vertex   1.562805e+02 1.451927e+02 2.456666e+01
      vertex   1.592805e+02 1.451917e+02 2.456129e+01
      vertex   1.562802e+02 1.452775e+02 2.440092e+01
    endloop
  endfacet
  facet normal 1.096280e-03 8.901895e-01 4.555891e-01
    outer loop
      vertex   1.562802e+02 1.452775e+02 2.440092e+01
      vertex   1.592805e+02 1.451917e+02 2.456129e+01
      vertex   1.592802e+02 1.452766e+02 2.439555e+01
    endloop
  endfacet
  facet normal 1.221959e-03 8.457671e-01 5.335509e-01
    outer loop
      vertex   1.562802e+02 1.452775e+02 2.440092e+01
      vertex   1.592802e+02 1.452766e+02 2.439555e+01
      vertex   1.562800e+02 1.453768e+02 2.424345e+01
    endloop
  endfacet
  facet normal 1.221959e-03 8.457671e-01 5.335509e-01
    outer loop
      vertex   1.562800e+02 1.453768e+02 2.424345e+01
      vertex   1.592802e+02 1.452766e+02 2.439555e+01
      vertex   1.592799e+02 1.453759e+02 2.423807e+01
    endloop
  endfacet
  facet normal 1.337799e-03 7.945350e-01 6.072169e-01
    outer loop
      vertex   1.562800e+02 1.453768e+02 2.424345e+01
      vertex   1.592799e+02 1.453759e+02 2.423807e+01
      vertex   1.562797e+02 1.454899e+02 2.409551e+01
    endloop
  endfacet
  facet normal 1.337799e-03 7.945350e-01 6.072169e-01
    outer loop
      vertex   1.562797e+02 1.454899e+02 2.409551e+01
      vertex   1.592799e+02 1.453759e+02 2.423807e+01
      vertex   1.592797e+02 1.454890e+02 2.409014e+01
    endloop
  endfacet
  facet normal 1.442868e-03 7.369058e-01 6.759939e-01
    outer loop
      vertex   1.562797e+02 1.454899e+02 2.409551e+01
      vertex   1.592797e+02 1.454890e+02 2.409014e+01
      vertex   1.562795e+02 1.456158e+02 2.395831e+01
    endloop
  endfacet
  facet normal 1.442868e-03 7.369058e-01 6.759939e-01
    outer loop
      vertex   1.562795e+02 1.456158e+02 2.395831e+01
      vertex   1.592797e+02 1.454890e+02 2.409014e+01
      vertex   1.592795e+02 1.456148e+02 2.395294e+01
    endloop
  endfacet
  facet normal 1.536319e-03 6.733435e-01 7.393282e-01
    outer loop
      vertex   1.562795e+02 1.456158e+02 2.395831e+01
      vertex   1.592795e+02 1.456148e+02 2.395294e+01
      vertex   1.562793e+02 1.457534e+02 2.383294e+01
    endloop
  endfacet
  facet normal 1.536319e-03 6.733435e-01 7.393282e-01
    outer loop
      vertex   1.562793e+02 1.457534e+02 2.383294e+01
      vertex   1.592795e+02 1.456148e+02 2.395294e+01
      vertex   1.592793e+02 1.457525e+02 2.382757e+01
    endloop
  endfacet
  facet normal 1.617402e-03 6.043598e-01 7.967099e-01
    outer loop
      vertex   1.562793e+02 1.457534e+02 2.383294e+01
      vertex   1.592793e+02 1.457525e+02 2.382757e+01
      vertex   1.562792e+02 1.459018e+02 2.372042e+01
    endloop
  endfacet
  facet normal 1.617402e-03 6.043598e-01 7.967099e-01
    outer loop
      vertex   1.562792e+02 1.459018e+02 2.372042e+01
      vertex   1.592793e+02 1.457525e+02 2.382757e+01
      vertex   1.592792e+02 1.459008e+02 2.371504e+01
    endloop
  endfacet
  facet normal 1.685461e-03 5.305102e-01 8.476769e-01
    outer loop
      vertex   1.562792e+02 1.459018e+02 2.372042e+01
      vertex   1.592792e+02 1.459008e+02 2.371504e+01
      vertex   1.562791e+02 1.460596e+02 2.362164e+01
    endloop
  endfacet
  facet normal 1.685461e-03 5.305102e-01 8.476769e-01
    outer loop
      vertex   1.562791e+02 1.460596e+02 2.362164e+01
      vertex   1.592792e+02 1.459008e+02 2.371504e+01
      vertex   1.592790e+02 1.460586e+02 2.361627e+01
    endloop
  endfacet
  facet normal 1.739951e-03 4.523892e-01 8.918189e-01
    outer loop
      vertex   1.562791e+02 1.460596e+02 2.362164e+01
      vertex   1.592790e+02 1.460586e+02 2.361627e+01
      vertex   1.562790e+02 1.462256e+02 2.353741e+01
    endloop
  endfacet
  facet normal 1.739951e-03 4.523892e-01 8.918189e-01
    outer loop
      vertex   1.562790e+02 1.462256e+02 2.353741e+01
      vertex   1.592790e+02 1.460586e+02 2.361627e+01
      vertex   1.592789e+02 1.462247e+02 2.353204e+01
    endloop
  endfacet
  facet normal 1.780431e-03 3.706258e-01 9.287806e-01
    outer loop
      vertex   1.562790e+02 1.462256e+02 2.353741e+01
      vertex   1.592789e+02 1.462247e+02 2.353204e+01
      vertex   1.562789e+02 1.463986e+02 2.346840e+01
    endloop
  endfacet
  facet normal 1.780431e-03 3.706258e-01 9.287806e-01
    outer loop
      vertex   1.562789e+02 1.463986e+02 2.346840e+01
      vertex   1.592789e+02 1.462247e+02 2.353204e+01
      vertex   1.592789e+02 1.463976e+02 2.346303e+01
    endloop
  endfacet
  facet normal 1.806577e-03 2.858784e-01 9.582642e-01
    outer loop
      vertex   1.562789e+02 1.463986e+02 2.346840e+01
      vertex   1.592789e+02 1.463976e+02 2.346303e+01
      vertex   1.562788e+02 1.465770e+02 2.341518e+01
    endloop
  endfacet
  facet normal 1.806577e-03 2.858784e-01 9.582642e-01
    outer loop
      vertex   1.562788e+02 1.465770e+02 2.341518e+01
      vertex   1.592789e+02 1.463976e+02 2.346303e+01
      vertex   1.592788e+02 1.465760e+02 2.340980e+01
    endloop
  endfacet
  facet normal 1.818177e-03 1.988292e-01 9.800325e-01
    outer loop
      vertex   1.562788e+02 1.465770e+02 2.341518e+01
      vertex   1.592788e+02 1.465760e+02 2.340980e+01
      vertex   1.562788e+02 1.467595e+02 2.337816e+01
    endloop
  endfacet
  facet normal 1.818177e-03 1.988292e-01 9.800325e-01
    outer loop
      vertex   1.562788e+02 1.467595e+02 2.337816e+01
      vertex   1.592788e+02 1.465760e+02 2.340980e+01
      vertex   1.592788e+02 1.467585e+02 2.337278e+01
    endloop
  endfacet
  facet normal 1.815138e-03 1.101792e-01 9.939101e-01
    outer loop
      vertex   1.562788e+02 1.467595e+02 2.337816e+01
      vertex   1.592788e+02 1.467585e+02 2.337278e+01
      vertex   1.562789e+02 1.469445e+02 2.335764e+01
    endloop
  endfacet
  facet normal 1.815138e-03 1.101792e-01 9.939101e-01
    outer loop
      vertex   1.562789e+02 1.469445e+02 2.335764e+01
      vertex   1.592788e+02 1.467585e+02 2.337278e+01
      vertex   1.592789e+02 1.469436e+02 2.335227e+01
    endloop
  endfacet
  facet normal 8.272482e-04 -7.984456e-01 6.020664e-01
    outer loop
      vertex   1.592844e+02 1.417287e+02 2.735128e+01
      vertex   1.575464e+02 1.417293e+02 2.735440e+01
      vertex   1.592841e+02 1.416210e+02 2.720839e+01
    endloop
  endfacet
  facet normal 8.272482e-04 -7.984456e-01 6.020664e-01
    outer loop
      vertex   1.592841e+02 1.416210e+02 2.720839e+01
      vertex   1.575464e+02 1.417293e+02 2.735440e+01
      vertex   1.562841e+02 1.416219e+02 2.721376e+01
    endloop
  endfacet
  facet normal 9.637474e-04 -7.435959e-01 6.686286e-01
    outer loop
      vertex   1.592841e+02 1.416210e+02 2.720839e+01
      vertex   1.562841e+02 1.416219e+02 2.721376e+01
      vertex   1.592838e+02 1.415013e+02 2.707531e+01
    endloop
  endfacet
  facet normal 9.637474e-04 -7.435959e-01 6.686286e-01
    outer loop
      vertex   1.592838e+02 1.415013e+02 2.707531e+01
      vertex   1.562841e+02 1.416219e+02 2.721376e+01
      vertex   1.562838e+02 1.415023e+02 2.708068e+01
    endloop
  endfacet
  facet normal 1.093077e-03 -6.832147e-01 7.302167e-01
    outer loop
      vertex   1.592838e+02 1.415013e+02 2.707531e+01
      vertex   1.562838e+02 1.415023e+02 2.708068e+01
      vertex   1.592836e+02 1.413706e+02 2.695303e+01
    endloop
  endfacet
  facet normal 1.093077e-03 -6.832147e-01 7.302167e-01
    outer loop
      vertex   1.592836e+02 1.413706e+02 2.695303e+01
      vertex   1.562838e+02 1.415023e+02 2.708068e+01
      vertex   1.562836e+02 1.413716e+02 2.695841e+01
    endloop
  endfacet
  facet normal 1.214276e-03 -6.177510e-01 7.863728e-01
    outer loop
      vertex   1.592836e+02 1.413706e+02 2.695303e+01
      vertex   1.562836e+02 1.413716e+02 2.695841e+01
      vertex   1.592833e+02 1.412299e+02 2.684248e+01
    endloop
  endfacet
  facet normal 1.214276e-03 -6.177510e-01 7.863728e-01
    outer loop
      vertex   1.592833e+02 1.412299e+02 2.684248e+01
      vertex   1.562836e+02 1.413716e+02 2.695841e+01
      vertex   1.562833e+02 1.412308e+02 2.684785e+01
    endloop
  endfacet
  facet normal 1.326441e-03 -5.476919e-01 8.366790e-01
    outer loop
      vertex   1.592833e+02 1.412299e+02 2.684248e+01
      vertex   1.562833e+02 1.412308e+02 2.684785e+01
      vertex   1.592831e+02 1.410802e+02 2.674446e+01
    endloop
  endfacet
  facet normal 1.326441e-03 -5.476919e-01 8.366790e-01
    outer loop
      vertex   1.592831e+02 1.410802e+02 2.674446e+01
      vertex   1.562833e+02 1.412308e+02 2.684785e+01
      vertex   1.562831e+02 1.410811e+02 2.674983e+01
    endloop
  endfacet
  facet normal 1.428739e-03 -4.735585e-01 8.807612e-01
    outer loop
      vertex   1.592831e+02 1.410802e+02 2.674446e+01
      vertex   1.562831e+02 1.410811e+02 2.674983e+01
      vertex   1.592829e+02 1.409225e+02 2.665971e+01
    endloop
  endfacet
  facet normal 1.428739e-03 -4.735585e-01 8.807612e-01
    outer loop
      vertex   1.592829e+02 1.409225e+02 2.665971e+01
      vertex   1.562831e+02 1.410811e+02 2.674983e+01
      vertex   1.562829e+02 1.409235e+02 2.666508e+01
    endloop
  endfacet
  facet normal 1.520409e-03 -3.959023e-01 9.182914e-01
    outer loop
      vertex   1.592829e+02 1.409225e+02 2.665971e+01
      vertex   1.562829e+02 1.409235e+02 2.666508e+01
      vertex   1.592827e+02 1.407582e+02 2.658885e+01
    endloop
  endfacet
  facet normal 1.520409e-03 -3.959023e-01 9.182914e-01
    outer loop
      vertex   1.592827e+02 1.407582e+02 2.658885e+01
      vertex   1.562829e+02 1.409235e+02 2.666508e+01
      vertex   1.562827e+02 1.407591e+02 2.659423e+01
    endloop
  endfacet
  facet normal 1.600768e-03 -3.153009e-01 9.489904e-01
    outer loop
      vertex   1.592827e+02 1.407582e+02 2.658885e+01
      vertex   1.562827e+02 1.407591e+02 2.659423e+01
      vertex   1.592826e+02 1.405883e+02 2.653242e+01
    endloop
  endfacet
  facet normal 1.600768e-03 -3.153009e-01 9.489904e-01
    outer loop
      vertex   1.592826e+02 1.405883e+02 2.653242e+01
      vertex   1.562827e+02 1.407591e+02 2.659423e+01
      vertex   1.562826e+02 1.405893e+02 2.653780e+01
    endloop
  endfacet
  facet normal 1.669219e-03 -2.323540e-01 9.726298e-01
    outer loop
      vertex   1.592826e+02 1.405883e+02 2.653242e+01
      vertex   1.562826e+02 1.405893e+02 2.653780e+01
      vertex   1.592824e+02 1.404143e+02 2.649084e+01
    endloop
  endfacet
  facet normal 1.669219e-03 -2.323540e-01 9.726298e-01
    outer loop
      vertex   1.592824e+02 1.404143e+02 2.649084e+01
      vertex   1.562826e+02 1.405893e+02 2.653780e+01
      vertex   1.562824e+02 1.404152e+02 2.649621e+01
    endloop
  endfacet
  facet normal 1.725253e-03 -1.476787e-01 9.890339e-01
    outer loop
      vertex   1.592824e+02 1.404143e+02 2.649084e+01
      vertex   1.562824e+02 1.404152e+02 2.649621e+01
      vertex   1.592823e+02 1.402373e+02 2.646441e+01
    endloop
  endfacet
  facet normal 1.725253e-03 -1.476787e-01 9.890339e-01
    outer loop
      vertex   1.592823e+02 1.402373e+02 2.646441e+01
      vertex   1.562824e+02 1.404152e+02 2.649621e+01
      vertex   1.562823e+02 1.402382e+02 2.646978e+01
    endloop
  endfacet
  facet normal 1.768453e-03 -6.190473e-02 9.980805e-01
    outer loop
      vertex   1.592823e+02 1.402373e+02 2.646441e+01
      vertex   1.562823e+02 1.402382e+02 2.646978e+01
      vertex   1.592822e+02 1.400586e+02 2.645333e+01
    endloop
  endfacet
  facet normal 1.768453e-03 -6.190473e-02 9.980805e-01
    outer loop
      vertex   1.592822e+02 1.400586e+02 2.645333e+01
      vertex   1.562823e+02 1.402382e+02 2.646978e+01
      vertex   1.562822e+02 1.400596e+02 2.645871e+01
    endloop
  endfacet
  facet normal 1.798497e-03 2.432973e-02 9.997024e-01
    outer loop
      vertex   1.592822e+02 1.400586e+02 2.645333e+01
      vertex   1.562822e+02 1.400596e+02 2.645871e+01
      vertex   1.592822e+02 1.398797e+02 2.645769e+01
    endloop
  endfacet
  facet normal 1.798497e-03 2.432973e-02 9.997024e-01
    outer loop
      vertex   1.592822e+02 1.398797e+02 2.645769e+01
      vertex   1.562822e+02 1.400596e+02 2.645871e+01
      vertex   1.562822e+02 1.398807e+02 2.646306e+01
    endloop
  endfacet
  facet normal 1.815162e-03 1.103832e-01 9.938874e-01
    outer loop
      vertex   1.592822e+02 1.398797e+02 2.645769e+01
      vertex   1.562822e+02 1.398807e+02 2.646306e+01
      vertex   1.592822e+02 1.397018e+02 2.647744e+01
    endloop
  endfacet
  facet normal 1.815162e-03 1.103832e-01 9.938874e-01
    outer loop
      vertex   1.592822e+02 1.397018e+02 2.647744e+01
      vertex   1.562822e+02 1.398807e+02 2.646306e+01
      vertex   1.562822e+02 1.397028e+02 2.648281e+01
    endloop
  endfacet
  facet normal 1.818324e-03 1.956155e-01 9.806790e-01
    outer loop
      vertex   1.592822e+02 1.397018e+02 2.647744e+01
      vertex   1.562822e+02 1.397028e+02 2.648281e+01
      vertex   1.592822e+02 1.395263e+02 2.651245e+01
    endloop
  endfacet
  facet normal 1.818324e-03 1.956155e-01 9.806790e-01
    outer loop
      vertex   1.592822e+02 1.395263e+02 2.651245e+01
      vertex   1.562822e+02 1.397028e+02 2.648281e+01
      vertex   1.562822e+02 1.395273e+02 2.651782e+01
    endloop
  endfacet
  facet normal 1.807959e-03 2.793927e-01 9.601752e-01
    outer loop
      vertex   1.592822e+02 1.395263e+02 2.651245e+01
      vertex   1.562822e+02 1.395273e+02 2.651782e+01
      vertex   1.592822e+02 1.393545e+02 2.656245e+01
    endloop
  endfacet
  facet normal 1.807959e-03 2.793927e-01 9.601752e-01
    outer loop
      vertex   1.592822e+02 1.393545e+02 2.656245e+01
      vertex   1.562822e+02 1.395273e+02 2.651782e+01
      vertex   1.562822e+02 1.393554e+02 2.656783e+01
    endloop
  endfacet
  facet normal 1.784145e-03 3.610914e-01 9.325287e-01
    outer loop
      vertex   1.592822e+02 1.393545e+02 2.656245e+01
      vertex   1.562822e+02 1.393554e+02 2.656783e+01
      vertex   1.592823e+02 1.391876e+02 2.662708e+01
    endloop
  endfacet
  facet normal 1.784145e-03 3.610914e-01 9.325287e-01
    outer loop
      vertex   1.592823e+02 1.391876e+02 2.662708e+01
      vertex   1.562822e+02 1.393554e+02 2.656783e+01
      vertex   1.562823e+02 1.391885e+02 2.663245e+01
    endloop
  endfacet
  facet normal 8.272482e-04 -7.984456e-01 6.020664e-01
    outer loop
      vertex   1.575464e+02 1.417293e+02 2.735440e+01
      vertex   1.562844e+02 1.417297e+02 2.735666e+01
      vertex   1.562841e+02 1.416219e+02 2.721376e+01
    endloop
  endfacet
  facet normal 1.746175e-03 4.416672e-01 8.971773e-01
    outer loop
      vertex   1.592866e+02 1.300752e+02 3.061554e+01
      vertex   1.562866e+02 1.300762e+02 3.062092e+01
      vertex   1.592867e+02 1.299082e+02 3.069778e+01
    endloop
  endfacet
  facet normal 1.746175e-03 4.416672e-01 8.971773e-01
    outer loop
      vertex   1.592867e+02 1.299082e+02 3.069778e+01
      vertex   1.562866e+02 1.300762e+02 3.062092e+01
      vertex   1.562867e+02 1.299091e+02 3.070315e+01
    endloop
  endfacet
  facet normal 1.693534e-03 5.203117e-01 8.539748e-01
    outer loop
      vertex   1.592867e+02 1.299082e+02 3.069778e+01
      vertex   1.562867e+02 1.299091e+02 3.070315e+01
      vertex   1.592868e+02 1.297492e+02 3.079465e+01
    endloop
  endfacet
  facet normal 1.693534e-03 5.203117e-01 8.539748e-01
    outer loop
      vertex   1.592868e+02 1.297492e+02 3.079465e+01
      vertex   1.562867e+02 1.299091e+02 3.070315e+01
      vertex   1.562868e+02 1.297501e+02 3.080003e+01
    endloop
  endfacet
  facet normal 1.627257e-03 5.947669e-01 8.038966e-01
    outer loop
      vertex   1.592868e+02 1.297492e+02 3.079465e+01
      vertex   1.562868e+02 1.297501e+02 3.080003e+01
      vertex   1.592869e+02 1.295995e+02 3.090539e+01
    endloop
  endfacet
  facet normal 1.627257e-03 5.947669e-01 8.038966e-01
    outer loop
      vertex   1.592869e+02 1.295995e+02 3.090539e+01
      vertex   1.562868e+02 1.297501e+02 3.080003e+01
      vertex   1.562869e+02 1.296004e+02 3.091077e+01
    endloop
  endfacet
  facet normal 1.547878e-03 6.644334e-01 7.473459e-01
    outer loop
      vertex   1.592869e+02 1.295995e+02 3.090539e+01
      vertex   1.562869e+02 1.296004e+02 3.091077e+01
      vertex   1.592871e+02 1.294603e+02 3.102910e+01
    endloop
  endfacet
  facet normal 1.547878e-03 6.644334e-01 7.473459e-01
    outer loop
      vertex   1.592871e+02 1.294603e+02 3.102910e+01
      vertex   1.562869e+02 1.296004e+02 3.091077e+01
      vertex   1.562871e+02 1.294613e+02 3.103448e+01
    endloop
  endfacet
  facet normal 1.456036e-03 7.287503e-01 6.847780e-01
    outer loop
      vertex   1.592871e+02 1.294603e+02 3.102910e+01
      vertex   1.562871e+02 1.294613e+02 3.103448e+01
      vertex   1.592873e+02 1.293329e+02 3.116479e+01
    endloop
  endfacet
  facet normal 1.456036e-03 7.287503e-01 6.847780e-01
    outer loop
      vertex   1.592873e+02 1.293329e+02 3.116479e+01
      vertex   1.562871e+02 1.294613e+02 3.103448e+01
      vertex   1.562873e+02 1.293338e+02 3.117016e+01
    endloop
  endfacet
  facet normal 1.352472e-03 7.871997e-01 6.166966e-01
    outer loop
      vertex   1.592873e+02 1.293329e+02 3.116479e+01
      vertex   1.562873e+02 1.293338e+02 3.117016e+01
      vertex   1.592875e+02 1.292180e+02 3.131135e+01
    endloop
  endfacet
  facet normal 1.352472e-03 7.871997e-01 6.166966e-01
    outer loop
      vertex   1.592875e+02 1.292180e+02 3.131135e+01
      vertex   1.562873e+02 1.293338e+02 3.117016e+01
      vertex   1.562875e+02 1.292190e+02 3.131673e+01
    endloop
  endfacet
  facet normal 1.238018e-03 8.393111e-01 5.436500e-01
    outer loop
      vertex   1.592875e+02 1.292180e+02 3.131135e+01
      vertex   1.562875e+02 1.292190e+02 3.131673e+01
      vertex   1.592878e+02 1.291168e+02 3.146762e+01
    endloop
  endfacet
  facet normal 1.238018e-03 8.393111e-01 5.436500e-01
    outer loop
      vertex   1.592878e+02 1.291168e+02 3.146762e+01
      vertex   1.562875e+02 1.292190e+02 3.131673e+01
      vertex   1.562878e+02 1.291178e+02 3.147300e+01
    endloop
  endfacet
  facet normal 1.113596e-03 8.846648e-01 4.662263e-01
    outer loop
      vertex   1.592878e+02 1.291168e+02 3.146762e+01
      vertex   1.562878e+02 1.291178e+02 3.147300e+01
      vertex   1.592880e+02 1.290300e+02 3.163234e+01
    endloop
  endfacet
  facet normal 1.113596e-03 8.846648e-01 4.662263e-01
    outer loop
      vertex   1.592880e+02 1.290300e+02 3.163234e+01
      vertex   1.562878e+02 1.291178e+02 3.147300e+01
      vertex   1.562881e+02 1.290309e+02 3.163771e+01
    endloop
  endfacet
  facet normal 9.802088e-04 9.228957e-01 3.850488e-01
    outer loop
      vertex   1.592880e+02 1.290300e+02 3.163234e+01
      vertex   1.562881e+02 1.290309e+02 3.163771e+01
      vertex   1.592883e+02 1.289583e+02 3.180417e+01
    endloop
  endfacet
  facet normal 9.802088e-04 9.228957e-01 3.850488e-01
    outer loop
      vertex   1.592883e+02 1.289583e+02 3.180417e+01
      vertex   1.562881e+02 1.290309e+02 3.163771e+01
      vertex   1.562883e+02 1.289593e+02 3.180955e+01
    endloop
  endfacet
  facet normal 8.389291e-04 9.536960e-01 3.007710e-01
    outer loop
      vertex   1.592883e+02 1.289583e+02 3.180417e+01
      vertex   1.562883e+02 1.289593e+02 3.180955e+01
      vertex   1.592886e+02 1.289023e+02 3.198174e+01
    endloop
  endfacet
  facet normal 8.389291e-04 9.536960e-01 3.007710e-01
    outer loop
      vertex   1.592886e+02 1.289023e+02 3.198174e+01
      vertex   1.562883e+02 1.289593e+02 3.180955e+01
      vertex   1.562886e+02 1.289033e+02 3.198711e+01
    endloop
  endfacet
  facet normal 6.908948e-04 9.768177e-01 2.140717e-01
    outer loop
      vertex   1.592886e+02 1.289023e+02 3.198174e+01
      vertex   1.562886e+02 1.289033e+02 3.198711e+01
      vertex   1.592889e+02 1.288624e+02 3.216361e+01
    endloop
  endfacet
  facet normal 6.908948e-04 9.768177e-01 2.140717e-01
    outer loop
      vertex   1.592889e+02 1.288624e+02 3.216361e+01
      vertex   1.562886e+02 1.289033e+02 3.198711e+01
      vertex   1.562890e+02 1.288634e+02 3.216899e+01
    endloop
  endfacet
  facet normal 5.372978e-04 9.920746e-01 1.256488e-01
    outer loop
      vertex   1.592889e+02 1.288624e+02 3.216361e+01
      vertex   1.562890e+02 1.288634e+02 3.216899e+01
      vertex   1.592893e+02 1.288391e+02 3.234833e+01
    endloop
  endfacet
  facet normal 5.372978e-04 9.920746e-01 1.256488e-01
    outer loop
      vertex   1.592893e+02 1.288391e+02 3.234833e+01
      vertex   1.562890e+02 1.288634e+02 3.216899e+01
      vertex   1.562893e+02 1.288400e+02 3.235370e+01
    endloop
  endfacet
  facet normal 3.793749e-04 9.993440e-01 3.621418e-02
    outer loop
      vertex   1.592893e+02 1.288391e+02 3.234833e+01
      vertex   1.562893e+02 1.288400e+02 3.235370e+01
      vertex   1.592896e+02 1.288323e+02 3.253439e+01
    endloop
  endfacet
  facet normal 3.793749e-04 9.993440e-01 3.621418e-02
    outer loop
      vertex   1.592896e+02 1.288323e+02 3.253439e+01
      vertex   1.562893e+02 1.288400e+02 3.235370e+01
      vertex   1.562896e+02 1.288333e+02 3.253977e+01
    endloop
  endfacet
  facet normal 2.183974e-04 9.985672e-01 -5.351197e-02
    outer loop
      vertex   1.592896e+02 1.288323e+02 3.253439e+01
      vertex   1.562896e+02 1.288333e+02 3.253977e+01
      vertex   1.592899e+02 1.288423e+02 3.272031e+01
    endloop
  endfacet
  facet normal 2.183974e-04 9.985672e-01 -5.351197e-02
    outer loop
      vertex   1.592899e+02 1.288423e+02 3.272031e+01
      vertex   1.562896e+02 1.288333e+02 3.253977e+01
      vertex   1.562899e+02 1.288432e+02 3.272569e+01
    endloop
  endfacet
  facet normal 5.566149e-05 9.897505e-01 -1.428073e-01
    outer loop
      vertex   1.592899e+02 1.288423e+02 3.272031e+01
      vertex   1.562899e+02 1.288432e+02 3.272569e+01
      vertex   1.592903e+02 1.288689e+02 3.290459e+01
    endloop
  endfacet
  facet normal 5.566149e-05 9.897505e-01 -1.428073e-01
    outer loop
      vertex   1.592903e+02 1.288689e+02 3.290459e+01
      vertex   1.562899e+02 1.288432e+02 3.272569e+01
      vertex   1.562903e+02 1.288698e+02 3.290997e+01
    endloop
  endfacet
  facet normal -1.075225e-04 9.729650e-01 -2.309528e-01
    outer loop
      vertex   1.592903e+02 1.288689e+02 3.290459e+01
      vertex   1.562903e+02 1.288698e+02 3.290997e+01
      vertex   1.592906e+02 1.289119e+02 3.308575e+01
    endloop
  endfacet
  facet normal -1.075225e-04 9.729650e-01 -2.309528e-01
    outer loop
      vertex   1.592906e+02 1.289119e+02 3.308575e+01
      vertex   1.562903e+02 1.288698e+02 3.290997e+01
      vertex   1.562906e+02 1.289128e+02 3.309112e+01
    endloop
  endfacet
  facet normal -2.698409e-04 9.483457e-01 -3.172388e-01
    outer loop
      vertex   1.592906e+02 1.289119e+02 3.308575e+01
      vertex   1.562906e+02 1.289128e+02 3.309112e+01
      vertex   1.592910e+02 1.289709e+02 3.326232e+01
    endloop
  endfacet
  facet normal -2.698409e-04 9.483457e-01 -3.172388e-01
    outer loop
      vertex   1.592910e+02 1.289709e+02 3.326232e+01
      vertex   1.562906e+02 1.289128e+02 3.309112e+01
      vertex   1.562910e+02 1.289719e+02 3.326769e+01
    endloop
  endfacet
  facet normal -4.299866e-04 9.160908e-01 -4.009706e-01
    outer loop
      vertex   1.592910e+02 1.289709e+02 3.326232e+01
      vertex   1.562910e+02 1.289719e+02 3.326769e+01
      vertex   1.592913e+02 1.290456e+02 3.343289e+01
    endloop
  endfacet
  facet normal -4.299866e-04 9.160908e-01 -4.009706e-01
    outer loop
      vertex   1.592913e+02 1.290456e+02 3.343289e+01
      vertex   1.562910e+02 1.289719e+02 3.326769e+01
      vertex   1.562913e+02 1.290465e+02 3.343826e+01
    endloop
  endfacet
  facet normal -5.866703e-04 8.764602e-01 -4.814740e-01
    outer loop
      vertex   1.592913e+02 1.290456e+02 3.343289e+01
      vertex   1.562913e+02 1.290465e+02 3.343826e+01
      vertex   1.592916e+02 1.291352e+02 3.359607e+01
    endloop
  endfacet
  facet normal -5.866703e-04 8.764602e-01 -4.814740e-01
    outer loop
      vertex   1.592916e+02 1.291352e+02 3.359607e+01
      vertex   1.562913e+02 1.290465e+02 3.343826e+01
      vertex   1.562916e+02 1.291362e+02 3.360145e+01
    endloop
  endfacet
  facet normal -7.386305e-04 8.297728e-01 -5.581009e-01
    outer loop
      vertex   1.592916e+02 1.291352e+02 3.359607e+01
      vertex   1.562916e+02 1.291362e+02 3.360145e+01
      vertex   1.592919e+02 1.292391e+02 3.375057e+01
    endloop
  endfacet
  facet normal -7.386305e-04 8.297728e-01 -5.581009e-01
    outer loop
      vertex   1.592919e+02 1.292391e+02 3.375057e+01
      vertex   1.562916e+02 1.291362e+02 3.360145e+01
      vertex   1.562919e+02 1.292401e+02 3.375594e+01
    endloop
  endfacet
  facet normal -8.846437e-04 7.764046e-01 -6.302342e-01
    outer loop
      vertex   1.592919e+02 1.292391e+02 3.375057e+01
      vertex   1.562919e+02 1.292401e+02 3.375594e+01
      vertex   1.592922e+02 1.293565e+02 3.389513e+01
    endloop
  endfacet
  facet normal -8.846437e-04 7.764046e-01 -6.302342e-01
    outer loop
      vertex   1.592922e+02 1.293565e+02 3.389513e+01
      vertex   1.562919e+02 1.292401e+02 3.375594e+01
      vertex   1.562922e+02 1.293574e+02 3.390050e+01
    endloop
  endfacet
  facet normal -1.023534e-03 7.167852e-01 -6.972933e-01
    outer loop
      vertex   1.592922e+02 1.293565e+02 3.389513e+01
      vertex   1.562922e+02 1.293574e+02 3.390050e+01
      vertex   1.592925e+02 1.294863e+02 3.402858e+01
    endloop
  endfacet
  facet normal -1.023534e-03 7.167852e-01 -6.972933e-01
    outer loop
      vertex   1.592925e+02 1.294863e+02 3.402858e+01
      vertex   1.562922e+02 1.293574e+02 3.390050e+01
      vertex   1.562925e+02 1.294873e+02 3.403396e+01
    endloop
  endfacet
  facet normal -1.154184e-03 6.513947e-01 -7.587382e-01
    outer loop
      vertex   1.592925e+02 1.294863e+02 3.402858e+01
      vertex   1.562925e+02 1.294873e+02 3.403396e+01
      vertex   1.592927e+02 1.296276e+02 3.414987e+01
    endloop
  endfacet
  facet normal -1.154184e-03 6.513947e-01 -7.587382e-01
    outer loop
      vertex   1.592927e+02 1.296276e+02 3.414987e+01
      vertex   1.562925e+02 1.294873e+02 3.403396e+01
      vertex   1.562928e+02 1.296285e+02 3.415524e+01
    endloop
  endfacet
  facet normal -1.275541e-03 5.807595e-01 -8.140742e-01
    outer loop
      vertex   1.592927e+02 1.296276e+02 3.414987e+01
      vertex   1.562928e+02 1.296285e+02 3.415524e+01
      vertex   1.592930e+02 1.297792e+02 3.425800e+01
    endloop
  endfacet
  facet normal -1.275541e-03 5.807595e-01 -8.140742e-01
    outer loop
      vertex   1.592930e+02 1.297792e+02 3.425800e+01
      vertex   1.562928e+02 1.296285e+02 3.415524e+01
      vertex   1.562930e+02 1.297801e+02 3.426337e+01
    endloop
  endfacet
  facet normal -1.386628e-03 5.054484e-01 -8.628557e-01
    outer loop
      vertex   1.592930e+02 1.297792e+02 3.425800e+01
      vertex   1.562930e+02 1.297801e+02 3.426337e+01
      vertex   1.592932e+02 1.299398e+02 3.435210e+01
    endloop
  endfacet
  facet normal -1.386628e-03 5.054484e-01 -8.628557e-01
    outer loop
      vertex   1.592932e+02 1.299398e+02 3.435210e+01
      vertex   1.562930e+02 1.297801e+02 3.426337e+01
      vertex   1.562932e+02 1.299408e+02 3.435748e+01
    endloop
  endfacet
  facet normal -1.486550e-03 4.260677e-01 -9.046901e-01
    outer loop
      vertex   1.592932e+02 1.299398e+02 3.435210e+01
      vertex   1.562932e+02 1.299408e+02 3.435748e+01
      vertex   1.592934e+02 1.301083e+02 3.443143e+01
    endloop
  endfacet
  facet normal -1.486550e-03 4.260677e-01 -9.046901e-01
    outer loop
      vertex   1.592934e+02 1.301083e+02 3.443143e+01
      vertex   1.562932e+02 1.299408e+02 3.435748e+01
      vertex   1.562934e+02 1.301092e+02 3.443681e+01
    endloop
  endfacet
  facet normal -1.574504e-03 3.432566e-01 -9.392403e-01
    outer loop
      vertex   1.592934e+02 1.301083e+02 3.443143e+01
      vertex   1.562934e+02 1.301092e+02 3.443681e+01
      vertex   1.592936e+02 1.302831e+02 3.449534e+01
    endloop
  endfacet
  facet normal -1.574504e-03 3.432566e-01 -9.392403e-01
    outer loop
      vertex   1.592936e+02 1.302831e+02 3.449534e+01
      vertex   1.562934e+02 1.301092e+02 3.443681e+01
      vertex   1.562936e+02 1.302841e+02 3.450072e+01
    endloop
  endfacet
  facet normal -1.649781e-03 2.576818e-01 -9.662284e-01
    outer loop
      vertex   1.592936e+02 1.302831e+02 3.449534e+01
      vertex   1.562936e+02 1.302841e+02 3.450072e+01
      vertex   1.592937e+02 1.304630e+02 3.454332e+01
    endloop
  endfacet
  facet normal -1.649781e-03 2.576818e-01 -9.662284e-01
    outer loop
      vertex   1.592937e+02 1.304630e+02 3.454332e+01
      vertex   1.562936e+02 1.302841e+02 3.450072e+01
      vertex   1.562937e+02 1.304640e+02 3.454870e+01
    endloop
  endfacet
  facet normal -1.711775e-03 1.700323e-01 -9.854370e-01
    outer loop
      vertex   1.592937e+02 1.304630e+02 3.454332e+01
      vertex   1.562937e+02 1.304640e+02 3.454870e+01
      vertex   1.592938e+02 1.306465e+02 3.457498e+01
    endloop
  endfacet
  facet normal -1.711775e-03 1.700323e-01 -9.854370e-01
    outer loop
      vertex   1.592938e+02 1.306465e+02 3.457498e+01
      vertex   1.562937e+02 1.304640e+02 3.454870e+01
      vertex   1.562938e+02 1.306475e+02 3.458035e+01
    endloop
  endfacet
  facet normal -1.759986e-03 8.101373e-02 -9.967114e-01
    outer loop
      vertex   1.592938e+02 1.306465e+02 3.457498e+01
      vertex   1.562938e+02 1.306475e+02 3.458035e+01
      vertex   1.592939e+02 1.308321e+02 3.459006e+01
    endloop
  endfacet
  facet normal -1.759986e-03 8.101373e-02 -9.967114e-01
    outer loop
      vertex   1.592939e+02 1.308321e+02 3.459006e+01
      vertex   1.562938e+02 1.306475e+02 3.458035e+01
      vertex   1.562939e+02 1.308330e+02 3.459544e+01
    endloop
  endfacet
  facet normal -1.794027e-03 -8.657063e-03 -9.999609e-01
    outer loop
      vertex   1.592939e+02 1.308321e+02 3.459006e+01
      vertex   1.562939e+02 1.308330e+02 3.459544e+01
      vertex   1.592940e+02 1.310183e+02 3.458845e+01
    endloop
  endfacet
  facet normal -1.794027e-03 -8.657063e-03 -9.999609e-01
    outer loop
      vertex   1.592940e+02 1.310183e+02 3.458845e+01
      vertex   1.562939e+02 1.308330e+02 3.459544e+01
      vertex   1.562940e+02 1.310192e+02 3.459383e+01
    endloop
  endfacet
  facet normal -1.813624e-03 -9.825816e-02 -9.951593e-01
    outer loop
      vertex   1.592940e+02 1.310183e+02 3.458845e+01
      vertex   1.562940e+02 1.310192e+02 3.459383e+01
      vertex   1.592940e+02 1.312036e+02 3.457016e+01
    endloop
  endfacet
  facet normal -1.813624e-03 -9.825816e-02 -9.951593e-01
    outer loop
      vertex   1.592940e+02 1.312036e+02 3.457016e+01
      vertex   1.562940e+02 1.310192e+02 3.459383e+01
      vertex   1.562940e+02 1.312045e+02 3.457553e+01
    endloop
  endfacet
  facet normal -1.818619e-03 -1.870681e-01 -9.823453e-01
    outer loop
      vertex   1.592940e+02 1.312036e+02 3.457016e+01
      vertex   1.562940e+02 1.312045e+02 3.457553e+01
      vertex   1.592940e+02 1.313865e+02 3.453533e+01
    endloop
  endfacet
  facet normal -1.818619e-03 -1.870681e-01 -9.823453e-01
    outer loop
      vertex   1.592940e+02 1.313865e+02 3.453533e+01
      vertex   1.562940e+02 1.312045e+02 3.457553e+01
      vertex   1.562940e+02 1.313874e+02 3.454070e+01
    endloop
  endfacet
  facet normal -1.808971e-03 -2.743720e-01 -9.616219e-01
    outer loop
      vertex   1.592940e+02 1.313865e+02 3.453533e+01
      vertex   1.562940e+02 1.313874e+02 3.454070e+01
      vertex   1.592940e+02 1.315655e+02 3.448424e+01
    endloop
  endfacet
  facet normal -1.808971e-03 -2.743720e-01 -9.616219e-01
    outer loop
      vertex   1.592940e+02 1.315655e+02 3.448424e+01
      vertex   1.562940e+02 1.313874e+02 3.454070e+01
      vertex   1.562940e+02 1.315664e+02 3.448962e+01
    endloop
  endfacet
  facet normal -1.784758e-03 -3.594667e-01 -9.331562e-01
    outer loop
      vertex   1.592940e+02 1.315655e+02 3.448424e+01
      vertex   1.562940e+02 1.315664e+02 3.448962e+01
      vertex   1.592939e+02 1.317392e+02 3.441731e+01
    endloop
  endfacet
  facet normal -1.784758e-03 -3.594667e-01 -9.331562e-01
    outer loop
      vertex   1.592939e+02 1.317392e+02 3.441731e+01
      vertex   1.562940e+02 1.315664e+02 3.448962e+01
      vertex   1.562939e+02 1.317402e+02 3.442269e+01
    endloop
  endfacet
  facet normal -1.767246e-03 -4.009707e-01 -9.160892e-01
    outer loop
      vertex   1.562939e+02 1.317402e+02 3.442269e+01
      vertex   1.562896e+02 1.408526e+02 3.043422e+01
      vertex   1.592939e+02 1.317392e+02 3.441731e+01
    endloop
  endfacet
  facet normal -1.767246e-03 -4.009707e-01 -9.160892e-01
    outer loop
      vertex   1.592939e+02 1.317392e+02 3.441731e+01
      vertex   1.562896e+02 1.408526e+02 3.043422e+01
      vertex   1.592896e+02 1.408516e+02 3.042885e+01
    endloop
  endfacet
  facet normal 9.287338e-06 -9.840202e-01 1.780570e-01
    outer loop
      vertex   1.592858e+02 1.420436e+02 2.807079e+01
      vertex   1.592861e+02 1.420755e+02 2.824689e+01
      vertex   1.580219e+02 1.420440e+02 2.807305e+01
    endloop
  endfacet
  facet normal 9.287338e-06 -9.840202e-01 1.780570e-01
    outer loop
      vertex   1.580219e+02 1.420440e+02 2.807305e+01
      vertex   1.592861e+02 1.420755e+02 2.824689e+01
      vertex   1.562861e+02 1.420764e+02 2.825226e+01
    endloop
  endfacet
  facet normal 9.287338e-06 -9.840202e-01 1.780570e-01
    outer loop
      vertex   1.580219e+02 1.420440e+02 2.807305e+01
      vertex   1.562861e+02 1.420764e+02 2.825226e+01
      vertex   1.562858e+02 1.420446e+02 2.807616e+01
    endloop
  endfacet
  facet normal -1.474642e-04 -9.957028e-01 9.260584e-02
    outer loop
      vertex   1.562861e+02 1.420764e+02 2.825226e+01
      vertex   1.592861e+02 1.420755e+02 2.824689e+01
      vertex   1.562864e+02 1.420930e+02 2.843045e+01
    endloop
  endfacet
  facet normal -1.474642e-04 -9.957028e-01 9.260584e-02
    outer loop
      vertex   1.562864e+02 1.420930e+02 2.843045e+01
      vertex   1.592861e+02 1.420755e+02 2.824689e+01
      vertex   1.592864e+02 1.420921e+02 2.842508e+01
    endloop
  endfacet
  facet normal -3.031189e-04 -9.999791e-01 6.465818e-03
    outer loop
      vertex   1.562864e+02 1.420930e+02 2.843045e+01
      vertex   1.592864e+02 1.420921e+02 2.842508e+01
      vertex   1.562867e+02 1.420942e+02 2.860941e+01
    endloop
  endfacet
  facet normal -3.031189e-04 -9.999791e-01 6.465818e-03
    outer loop
      vertex   1.562867e+02 1.420942e+02 2.860941e+01
      vertex   1.592864e+02 1.420921e+02 2.842508e+01
      vertex   1.592867e+02 1.420932e+02 2.860404e+01
    endloop
  endfacet
  facet normal -4.565189e-04 -9.968170e-01 -7.972230e-02
    outer loop
      vertex   1.562867e+02 1.420942e+02 2.860941e+01
      vertex   1.592867e+02 1.420932e+02 2.860404e+01
      vertex   1.562871e+02 1.420799e+02 2.878780e+01
    endloop
  endfacet
  facet normal -4.565189e-04 -9.968170e-01 -7.972230e-02
    outer loop
      vertex   1.562871e+02 1.420799e+02 2.878780e+01
      vertex   1.592867e+02 1.420932e+02 2.860404e+01
      vertex   1.592871e+02 1.420790e+02 2.878243e+01
    endloop
  endfacet
  facet normal -6.065230e-04 -9.862402e-01 -1.653174e-01
    outer loop
      vertex   1.562871e+02 1.420799e+02 2.878780e+01
      vertex   1.592871e+02 1.420790e+02 2.878243e+01
      vertex   1.562874e+02 1.420503e+02 2.896430e+01
    endloop
  endfacet
  facet normal -6.065230e-04 -9.862402e-01 -1.653174e-01
    outer loop
      vertex   1.562874e+02 1.420503e+02 2.896430e+01
      vertex   1.592871e+02 1.420790e+02 2.878243e+01
      vertex   1.592874e+02 1.420494e+02 2.895892e+01
    endloop
  endfacet
  facet normal -7.520157e-04 -9.683274e-01 -2.496828e-01
    outer loop
      vertex   1.562874e+02 1.420503e+02 2.896430e+01
      vertex   1.592874e+02 1.420494e+02 2.895892e+01
      vertex   1.562877e+02 1.420056e+02 2.913759e+01
    endloop
  endfacet
  facet normal -7.520157e-04 -9.683274e-01 -2.496828e-01
    outer loop
      vertex   1.562877e+02 1.420056e+02 2.913759e+01
      vertex   1.592874e+02 1.420494e+02 2.895892e+01
      vertex   1.592877e+02 1.420047e+02 2.913222e+01
    endloop
  endfacet
  facet normal -8.919145e-04 -9.432117e-01 -3.321910e-01
    outer loop
      vertex   1.562877e+02 1.420056e+02 2.913759e+01
      vertex   1.592877e+02 1.420047e+02 2.913222e+01
      vertex   1.562879e+02 1.419462e+02 2.930639e+01
    endloop
  endfacet
  facet normal -8.919145e-04 -9.432117e-01 -3.321910e-01
    outer loop
      vertex   1.562879e+02 1.419462e+02 2.930639e+01
      vertex   1.592877e+02 1.420047e+02 2.913222e+01
      vertex   1.592879e+02 1.419452e+02 2.930102e+01
    endloop
  endfacet
  facet normal -1.025179e-03 -9.110801e-01 -4.122282e-01
    outer loop
      vertex   1.562879e+02 1.419462e+02 2.930639e+01
      vertex   1.592879e+02 1.419452e+02 2.930102e+01
      vertex   1.562882e+02 1.418724e+02 2.946944e+01
    endloop
  endfacet
  facet normal -1.025179e-03 -9.110801e-01 -4.122282e-01
    outer loop
      vertex   1.562882e+02 1.418724e+02 2.946944e+01
      vertex   1.592879e+02 1.419452e+02 2.930102e+01
      vertex   1.592882e+02 1.418715e+02 2.946406e+01
    endloop
  endfacet
  facet normal -1.150817e-03 -8.721714e-01 -4.891991e-01
    outer loop
      vertex   1.562882e+02 1.418724e+02 2.946944e+01
      vertex   1.592882e+02 1.418715e+02 2.946406e+01
      vertex   1.562885e+02 1.417849e+02 2.962552e+01
    endloop
  endfacet
  facet normal -1.150817e-03 -8.721714e-01 -4.891991e-01
    outer loop
      vertex   1.562885e+02 1.417849e+02 2.962552e+01
      vertex   1.592882e+02 1.418715e+02 2.946406e+01
      vertex   1.592885e+02 1.417839e+02 2.962015e+01
    endloop
  endfacet
  facet normal -1.267896e-03 -8.267752e-01 -5.625311e-01
    outer loop
      vertex   1.562885e+02 1.417849e+02 2.962552e+01
      vertex   1.592885e+02 1.417839e+02 2.962015e+01
      vertex   1.562887e+02 1.416842e+02 2.977348e+01
    endloop
  endfacet
  facet normal -1.267896e-03 -8.267752e-01 -5.625311e-01
    outer loop
      vertex   1.562887e+02 1.416842e+02 2.977348e+01
      vertex   1.592885e+02 1.417839e+02 2.962015e+01
      vertex   1.592887e+02 1.416832e+02 2.976811e+01
    endloop
  endfacet
  facet normal -1.375543e-03 -7.752291e-01 -6.316787e-01
    outer loop
      vertex   1.562887e+02 1.416842e+02 2.977348e+01
      vertex   1.592887e+02 1.416832e+02 2.976811e+01
      vertex   1.562889e+02 1.415711e+02 2.991222e+01
    endloop
  endfacet
  facet normal -1.375543e-03 -7.752291e-01 -6.316787e-01
    outer loop
      vertex   1.562889e+02 1.415711e+02 2.991222e+01
      vertex   1.592887e+02 1.416832e+02 2.976811e+01
      vertex   1.592889e+02 1.415702e+02 2.990684e+01
    endloop
  endfacet
  facet normal -1.472959e-03 -7.179165e-01 -6.961277e-01
    outer loop
      vertex   1.562889e+02 1.415711e+02 2.991222e+01
      vertex   1.592889e+02 1.415702e+02 2.990684e+01
      vertex   1.562891e+02 1.414466e+02 3.004070e+01
    endloop
  endfacet
  facet normal -1.472959e-03 -7.179165e-01 -6.961277e-01
    outer loop
      vertex   1.562891e+02 1.414466e+02 3.004070e+01
      vertex   1.592889e+02 1.415702e+02 2.990684e+01
      vertex   1.592891e+02 1.414456e+02 3.003532e+01
    endloop
  endfacet
  facet normal -1.559418e-03 -6.552637e-01 -7.553986e-01
    outer loop
      vertex   1.562891e+02 1.414466e+02 3.004070e+01
      vertex   1.592891e+02 1.414456e+02 3.003532e+01
      vertex   1.562893e+02 1.413114e+02 3.015796e+01
    endloop
  endfacet
  facet normal -1.559418e-03 -6.552637e-01 -7.553986e-01
    outer loop
      vertex   1.562893e+02 1.413114e+02 3.015796e+01
      vertex   1.592891e+02 1.414456e+02 3.003532e+01
      vertex   1.592893e+02 1.413104e+02 3.015259e+01
    endloop
  endfacet
  facet normal -1.634277e-03 -5.877368e-01 -8.090505e-01
    outer loop
      vertex   1.562893e+02 1.413114e+02 3.015796e+01
      vertex   1.592893e+02 1.413104e+02 3.015259e+01
      vertex   1.562894e+02 1.411666e+02 3.026314e+01
    endloop
  endfacet
  facet normal -1.634277e-03 -5.877368e-01 -8.090505e-01
    outer loop
      vertex   1.562894e+02 1.411666e+02 3.026314e+01
      vertex   1.592893e+02 1.413104e+02 3.015259e+01
      vertex   1.592894e+02 1.411656e+02 3.025777e+01
    endloop
  endfacet
  facet normal -1.696980e-03 -5.158381e-01 -8.566844e-01
    outer loop
      vertex   1.562894e+02 1.411666e+02 3.026314e+01
      vertex   1.592894e+02 1.411656e+02 3.025777e+01
      vertex   1.562895e+02 1.410133e+02 3.035546e+01
    endloop
  endfacet
  facet normal -1.696980e-03 -5.158381e-01 -8.566844e-01
    outer loop
      vertex   1.562895e+02 1.410133e+02 3.035546e+01
      vertex   1.592894e+02 1.411656e+02 3.025777e+01
      vertex   1.592895e+02 1.410123e+02 3.035009e+01
    endloop
  endfacet
  facet normal -1.747060e-03 -4.401024e-01 -8.979459e-01
    outer loop
      vertex   1.562895e+02 1.410133e+02 3.035546e+01
      vertex   1.592895e+02 1.410123e+02 3.035009e+01
      vertex   1.562896e+02 1.408526e+02 3.043422e+01
    endloop
  endfacet
  facet normal -1.747060e-03 -4.401024e-01 -8.979459e-01
    outer loop
      vertex   1.562896e+02 1.408526e+02 3.043422e+01
      vertex   1.592895e+02 1.410123e+02 3.035009e+01
      vertex   1.592896e+02 1.408516e+02 3.042885e+01
    endloop
  endfacet
  facet normal 1.767246e-03 4.009707e-01 9.160892e-01
    outer loop
      vertex   1.562823e+02 1.391885e+02 2.663245e+01
      vertex   1.562866e+02 1.300762e+02 3.062092e+01
      vertex   1.592823e+02 1.391876e+02 2.662708e+01
    endloop
  endfacet
  facet normal 1.767246e-03 4.009707e-01 9.160892e-01
    outer loop
      vertex   1.592823e+02 1.391876e+02 2.662708e+01
      vertex   1.562866e+02 1.300762e+02 3.062092e+01
      vertex   1.592866e+02 1.300752e+02 3.061554e+01
    endloop
  endfacet
  facet normal 1.410214e-04 -9.685357e-01 2.488748e-01
    outer loop
      vertex   1.592858e+02 1.420436e+02 2.807079e+01
      vertex   1.580219e+02 1.420440e+02 2.807305e+01
      vertex   1.592856e+02 1.420221e+02 2.798700e+01
    endloop
  endfacet
  facet normal 1.410214e-04 -9.685357e-01 2.488748e-01
    outer loop
      vertex   1.562858e+02 1.420446e+02 2.807616e+01
      vertex   1.562856e+02 1.420230e+02 2.799237e+01
      vertex   1.580219e+02 1.420440e+02 2.807305e+01
    endloop
  endfacet
  facet normal 1.410214e-04 -9.685357e-01 2.488748e-01
    outer loop
      vertex   1.580219e+02 1.420440e+02 2.807305e+01
      vertex   1.562856e+02 1.420230e+02 2.799237e+01
      vertex   1.592856e+02 1.420221e+02 2.798700e+01
    endloop
  endfacet
  facet normal 9.999983e-01 -3.147077e-04 -1.791370e-03
    outer loop
      vertex   1.592740e+02 1.207389e+02 2.524420e+01
      vertex   1.592670e+02 1.208147e+02 2.131353e+01
      vertex   1.592740e+02 1.209251e+02 2.524035e+01
    endloop
  endfacet
  facet normal 9.999983e-01 -3.147077e-04 -1.791370e-03
    outer loop
      vertex   1.592740e+02 1.209251e+02 2.524035e+01
      vertex   1.592670e+02 1.208147e+02 2.131353e+01
      vertex   1.592671e+02 1.211348e+02 2.131878e+01
    endloop
  endfacet
  facet normal 9.999983e-01 -3.147077e-04 -1.791370e-03
    outer loop
      vertex   1.592740e+02 1.209251e+02 2.524035e+01
      vertex   1.592671e+02 1.211348e+02 2.131878e+01
      vertex   1.592741e+02 1.211108e+02 2.525321e+01
    endloop
  endfacet
  facet normal 9.999983e-01 -3.147077e-04 -1.791370e-03
    outer loop
      vertex   1.592741e+02 1.211108e+02 2.525321e+01
      vertex   1.592671e+02 1.211348e+02 2.131878e+01
      vertex   1.592742e+02 1.212947e+02 2.528267e+01
    endloop
  endfacet
  facet normal 9.999983e-01 -3.147077e-04 -1.791370e-03
    outer loop
      vertex   1.592742e+02 1.212947e+02 2.528267e+01
      vertex   1.592671e+02 1.211348e+02 2.131878e+01
      vertex   1.592672e+02 1.214541e+02 2.134110e+01
    endloop
  endfacet
  facet normal 9.999983e-01 -3.147077e-04 -1.791370e-03
    outer loop
      vertex   1.592742e+02 1.212947e+02 2.528267e+01
      vertex   1.592672e+02 1.214541e+02 2.134110e+01
      vertex   1.592744e+02 1.214751e+02 2.532849e+01
    endloop
  endfacet
  facet normal 9.999983e-01 -3.147077e-04 -1.791370e-03
    outer loop
      vertex   1.592744e+02 1.214751e+02 2.532849e+01
      vertex   1.592672e+02 1.214541e+02 2.134110e+01
      vertex   1.592745e+02 1.216508e+02 2.539030e+01
    endloop
  endfacet
  facet normal 9.999983e-01 -3.147077e-04 -1.791370e-03
    outer loop
      vertex   1.592745e+02 1.216508e+02 2.539030e+01
      vertex   1.592672e+02 1.214541e+02 2.134110e+01
      vertex   1.592674e+02 1.217719e+02 2.138042e+01
    endloop
  endfacet
  facet normal 9.999983e-01 -3.147077e-04 -1.791370e-03
    outer loop
      vertex   1.592745e+02 1.216508e+02 2.539030e+01
      vertex   1.592674e+02 1.217719e+02 2.138042e+01
      vertex   1.592747e+02 1.218201e+02 2.546760e+01
    endloop
  endfacet
  facet normal 9.999983e-01 -3.147077e-04 -1.791370e-03
    outer loop
      vertex   1.592747e+02 1.218201e+02 2.546760e+01
      vertex   1.592674e+02 1.217719e+02 2.138042e+01
      vertex   1.592750e+02 1.219819e+02 2.555978e+01
    endloop
  endfacet
  facet normal 9.999983e-01 -3.147077e-04 -1.791370e-03
    outer loop
      vertex   1.592750e+02 1.219819e+02 2.555978e+01
      vertex   1.592674e+02 1.217719e+02 2.138042e+01
      vertex   1.592676e+02 1.220870e+02 2.143664e+01
    endloop
  endfacet
  facet normal 9.999983e-01 -3.147077e-04 -1.791370e-03
    outer loop
      vertex   1.592750e+02 1.219819e+02 2.555978e+01
      vertex   1.592676e+02 1.220870e+02 2.143664e+01
      vertex   1.592752e+02 1.221348e+02 2.566608e+01
    endloop
  endfacet
  facet normal 9.999983e-01 -3.147077e-04 -1.791370e-03
    outer loop
      vertex   1.592752e+02 1.221348e+02 2.566608e+01
      vertex   1.592676e+02 1.220870e+02 2.143664e+01
      vertex   1.592755e+02 1.222775e+02 2.578566e+01
    endloop
  endfacet
  facet normal 9.999983e-01 -3.147077e-04 -1.791370e-03
    outer loop
      vertex   1.592755e+02 1.222775e+02 2.578566e+01
      vertex   1.592676e+02 1.220870e+02 2.143664e+01
      vertex   1.592678e+02 1.223987e+02 2.150957e+01
    endloop
  endfacet
  facet normal 9.999983e-01 -3.147077e-04 -1.791370e-03
    outer loop
      vertex   1.592755e+02 1.222775e+02 2.578566e+01
      vertex   1.592678e+02 1.223987e+02 2.150957e+01
      vertex   1.592757e+02 1.224089e+02 2.591755e+01
    endloop
  endfacet
  facet normal 9.999983e-01 -3.147077e-04 -1.791370e-03
    outer loop
      vertex   1.592757e+02 1.224089e+02 2.591755e+01
      vertex   1.592678e+02 1.223987e+02 2.150957e+01
      vertex   1.592760e+02 1.225280e+02 2.606069e+01
    endloop
  endfacet
  facet normal 9.999983e-01 -3.147077e-04 -1.791370e-03
    outer loop
      vertex   1.592760e+02 1.225280e+02 2.606069e+01
      vertex   1.592678e+02 1.223987e+02 2.150957e+01
      vertex   1.592681e+02 1.227061e+02 2.159903e+01
    endloop
  endfacet
  facet normal 9.999983e-01 -3.147077e-04 -1.791370e-03
    outer loop
      vertex   1.592760e+02 1.225280e+02 2.606069e+01
      vertex   1.592681e+02 1.227061e+02 2.159903e+01
      vertex   1.592763e+02 1.226337e+02 2.621393e+01
    endloop
  endfacet
  facet normal 9.999983e-01 -3.147077e-04 -1.791370e-03
    outer loop
      vertex   1.592763e+02 1.226337e+02 2.621393e+01
      vertex   1.592681e+02 1.227061e+02 2.159903e+01
      vertex   1.592766e+02 1.227253e+02 2.637603e+01
    endloop
  endfacet
  facet normal 9.999983e-01 -3.147077e-04 -1.791370e-03
    outer loop
      vertex   1.592766e+02 1.227253e+02 2.637603e+01
      vertex   1.592681e+02 1.227061e+02 2.159903e+01
      vertex   1.592770e+02 1.228020e+02 2.654569e+01
    endloop
  endfacet
  facet normal 9.999983e-01 -3.147077e-04 -1.791370e-03
    outer loop
      vertex   1.592770e+02 1.228020e+02 2.654569e+01
      vertex   1.592681e+02 1.227061e+02 2.159903e+01
      vertex   1.592773e+02 1.228632e+02 2.672154e+01
    endloop
  endfacet
  facet normal 9.999983e-01 -3.147077e-04 -1.791370e-03
    outer loop
      vertex   1.592773e+02 1.228632e+02 2.672154e+01
      vertex   1.592681e+02 1.227061e+02 2.159903e+01
      vertex   1.592684e+02 1.230083e+02 2.170477e+01
    endloop
  endfacet
  facet normal 9.999983e-01 -3.147077e-04 -1.791370e-03
    outer loop
      vertex   1.592773e+02 1.228632e+02 2.672154e+01
      vertex   1.592684e+02 1.230083e+02 2.170477e+01
      vertex   1.592776e+02 1.229084e+02 2.690217e+01
    endloop
  endfacet
  facet normal 9.999983e-01 -3.147077e-04 -1.791370e-03
    outer loop
      vertex   1.592776e+02 1.229084e+02 2.690217e+01
      vertex   1.592684e+02 1.230083e+02 2.170477e+01
      vertex   1.592780e+02 1.229372e+02 2.708612e+01
    endloop
  endfacet
  facet normal 9.999983e-01 -3.147077e-04 -1.791370e-03
    outer loop
      vertex   1.592780e+02 1.229372e+02 2.708612e+01
      vertex   1.592684e+02 1.230083e+02 2.170477e+01
      vertex   1.592783e+02 1.229494e+02 2.727191e+01
    endloop
  endfacet
  facet normal 9.999983e-01 -3.147077e-04 -1.791370e-03
    outer loop
      vertex   1.592783e+02 1.229494e+02 2.727191e+01
      vertex   1.592684e+02 1.230083e+02 2.170477e+01
      vertex   1.592687e+02 1.233044e+02 2.182647e+01
    endloop
  endfacet
  facet normal 9.999983e-01 -3.147077e-04 -1.791370e-03
    outer loop
      vertex   1.592783e+02 1.229494e+02 2.727191e+01
      vertex   1.592687e+02 1.233044e+02 2.182647e+01
      vertex   1.592690e+02 1.235936e+02 2.196379e+01
    endloop
  endfacet
  facet normal 9.999983e-01 -3.147077e-04 -1.791370e-03
    outer loop
      vertex   1.592740e+02 1.207389e+02 2.524420e+01
      vertex   1.592740e+02 1.205539e+02 2.526471e+01
      vertex   1.592670e+02 1.208147e+02 2.131353e+01
    endloop
  endfacet
  facet normal 9.999983e-01 -3.147077e-04 -1.791370e-03
    outer loop
      vertex   1.592670e+02 1.208147e+02 2.131353e+01
      vertex   1.592740e+02 1.205539e+02 2.526471e+01
      vertex   1.592669e+02 1.204948e+02 2.132535e+01
    endloop
  endfacet
  facet normal 9.999983e-01 -3.147077e-04 -1.791370e-03
    outer loop
      vertex   1.592669e+02 1.204948e+02 2.132535e+01
      vertex   1.592740e+02 1.205539e+02 2.526471e+01
      vertex   1.592740e+02 1.203714e+02 2.530173e+01
    endloop
  endfacet
  facet normal 9.999983e-01 -3.147077e-04 -1.791370e-03
    outer loop
      vertex   1.592669e+02 1.204948e+02 2.132535e+01
      vertex   1.592740e+02 1.203714e+02 2.530173e+01
      vertex   1.592669e+02 1.201759e+02 2.135422e+01
    endloop
  endfacet
  facet normal 9.999983e-01 -3.147077e-04 -1.791370e-03
    outer loop
      vertex   1.592669e+02 1.201759e+02 2.135422e+01
      vertex   1.592740e+02 1.203714e+02 2.530173e+01
      vertex   1.592740e+02 1.201930e+02 2.535496e+01
    endloop
  endfacet
  facet normal 9.999983e-01 -3.147077e-04 -1.791370e-03
    outer loop
      vertex   1.592669e+02 1.201759e+02 2.135422e+01
      vertex   1.592740e+02 1.201930e+02 2.535496e+01
      vertex   1.592741e+02 1.200201e+02 2.542396e+01
    endloop
  endfacet
  facet normal 9.999983e-01 -3.147077e-04 -1.791370e-03
    outer loop
      vertex   1.592669e+02 1.201759e+02 2.135422e+01
      vertex   1.592741e+02 1.200201e+02 2.542396e+01
      vertex   1.592668e+02 1.198591e+02 2.140006e+01
    endloop
  endfacet
  facet normal 9.999983e-01 -3.147077e-04 -1.791370e-03
    outer loop
      vertex   1.592668e+02 1.198591e+02 2.140006e+01
      vertex   1.592741e+02 1.200201e+02 2.542396e+01
      vertex   1.592742e+02 1.198540e+02 2.550819e+01
    endloop
  endfacet
  facet normal 9.999983e-01 -3.147077e-04 -1.791370e-03
    outer loop
      vertex   1.592668e+02 1.198591e+02 2.140006e+01
      vertex   1.592742e+02 1.198540e+02 2.550819e+01
      vertex   1.592743e+02 1.196962e+02 2.560697e+01
    endloop
  endfacet
  facet normal 9.999983e-01 -3.147077e-04 -1.791370e-03
    outer loop
      vertex   1.592668e+02 1.198591e+02 2.140006e+01
      vertex   1.592743e+02 1.196962e+02 2.560697e+01
      vertex   1.592668e+02 1.195452e+02 2.146274e+01
    endloop
  endfacet
  facet normal 9.999983e-01 -3.147077e-04 -1.791370e-03
    outer loop
      vertex   1.592668e+02 1.195452e+02 2.146274e+01
      vertex   1.592743e+02 1.196962e+02 2.560697e+01
      vertex   1.592745e+02 1.195478e+02 2.571949e+01
    endloop
  endfacet
  facet normal 9.999983e-01 -3.147077e-04 -1.791370e-03
    outer loop
      vertex   1.592668e+02 1.195452e+02 2.146274e+01
      vertex   1.592745e+02 1.195478e+02 2.571949e+01
      vertex   1.592747e+02 1.194102e+02 2.584486e+01
    endloop
  endfacet
  facet normal 9.999983e-01 -3.147077e-04 -1.791370e-03
    outer loop
      vertex   1.592668e+02 1.195452e+02 2.146274e+01
      vertex   1.592747e+02 1.194102e+02 2.584486e+01
      vertex   1.592669e+02 1.192350e+02 2.154207e+01
    endloop
  endfacet
  facet normal 9.999983e-01 -3.147077e-04 -1.791370e-03
    outer loop
      vertex   1.592669e+02 1.192350e+02 2.154207e+01
      vertex   1.592747e+02 1.194102e+02 2.584486e+01
      vertex   1.592749e+02 1.192843e+02 2.598207e+01
    endloop
  endfacet
  facet normal 9.999983e-01 -3.147077e-04 -1.791370e-03
    outer loop
      vertex   1.592669e+02 1.192350e+02 2.154207e+01
      vertex   1.592749e+02 1.192843e+02 2.598207e+01
      vertex   1.592751e+02 1.191713e+02 2.613000e+01
    endloop
  endfacet
  facet normal 9.999983e-01 -3.147077e-04 -1.791370e-03
    outer loop
      vertex   1.592751e+02 1.191713e+02 2.613000e+01
      vertex   1.592753e+02 1.190719e+02 2.628747e+01
      vertex   1.592669e+02 1.192350e+02 2.154207e+01
    endloop
  endfacet
  facet normal 9.999983e-01 -3.147077e-04 -1.791370e-03
    outer loop
      vertex   1.592669e+02 1.192350e+02 2.154207e+01
      vertex   1.592753e+02 1.190719e+02 2.628747e+01
      vertex   1.592670e+02 1.189295e+02 2.163781e+01
    endloop
  endfacet
  facet normal 9.999983e-01 -3.147077e-04 -1.791370e-03
    outer loop
      vertex   1.592670e+02 1.189295e+02 2.163781e+01
      vertex   1.592753e+02 1.190719e+02 2.628747e+01
      vertex   1.592756e+02 1.189871e+02 2.645322e+01
    endloop
  endfacet
  facet normal 9.999983e-01 -3.147077e-04 -1.791370e-03
    outer loop
      vertex   1.592670e+02 1.189295e+02 2.163781e+01
      vertex   1.592756e+02 1.189871e+02 2.645322e+01
      vertex   1.592759e+02 1.189175e+02 2.662590e+01
    endloop
  endfacet
  facet normal 9.999983e-01 -3.147077e-04 -1.791370e-03
    outer loop
      vertex   1.592759e+02 1.189175e+02 2.662590e+01
      vertex   1.592762e+02 1.188636e+02 2.680412e+01
      vertex   1.592670e+02 1.189295e+02 2.163781e+01
    endloop
  endfacet
  facet normal 9.999983e-01 -3.147077e-04 -1.791370e-03
    outer loop
      vertex   1.592670e+02 1.189295e+02 2.163781e+01
      vertex   1.592762e+02 1.188636e+02 2.680412e+01
      vertex   1.592765e+02 1.188259e+02 2.698646e+01
    endloop
  endfacet
  facet normal 9.999983e-01 -3.147077e-04 -1.791370e-03
    outer loop
      vertex   1.592670e+02 1.189295e+02 2.163781e+01
      vertex   1.592765e+02 1.188259e+02 2.698646e+01
      vertex   1.592768e+02 1.188047e+02 2.717144e+01
    endloop
  endfacet
  facet normal 9.999983e-01 -3.147077e-04 -1.791370e-03
    outer loop
      vertex   1.592768e+02 1.188047e+02 2.717144e+01
      vertex   1.592772e+02 1.188002e+02 2.735757e+01
      vertex   1.592670e+02 1.189295e+02 2.163781e+01
    endloop
  endfacet
  facet normal 9.999983e-01 -3.147077e-04 -1.791370e-03
    outer loop
      vertex   1.592670e+02 1.189295e+02 2.163781e+01
      vertex   1.592772e+02 1.188002e+02 2.735757e+01
      vertex   1.592671e+02 1.186296e+02 2.174973e+01
    endloop
  endfacet
  facet normal 9.999983e-01 -3.147077e-04 -1.791370e-03
    outer loop
      vertex   1.592671e+02 1.186296e+02 2.174973e+01
      vertex   1.592772e+02 1.188002e+02 2.735757e+01
      vertex   1.592672e+02 1.183360e+02 2.187748e+01
    endloop
  endfacet
  facet normal 9.999983e-01 -3.147077e-04 -1.791370e-03
    outer loop
      vertex   1.592672e+02 1.183360e+02 2.187748e+01
      vertex   1.592772e+02 1.188002e+02 2.735757e+01
      vertex   1.592674e+02 1.180497e+02 2.202072e+01
    endloop
  endfacet
  facet normal 9.999983e-01 -3.147077e-04 -1.791370e-03
    outer loop
      vertex   1.592674e+02 1.180497e+02 2.202072e+01
      vertex   1.592772e+02 1.188002e+02 2.735757e+01
      vertex   1.592676e+02 1.177715e+02 2.217901e+01
    endloop
  endfacet
  facet normal 9.999983e-01 -3.147077e-04 -1.791370e-03
    outer loop
      vertex   1.592676e+02 1.177715e+02 2.217901e+01
      vertex   1.592772e+02 1.188002e+02 2.735757e+01
      vertex   1.592678e+02 1.175020e+02 2.235192e+01
    endloop
  endfacet
  facet normal 9.999983e-01 -3.147077e-04 -1.791370e-03
    outer loop
      vertex   1.592678e+02 1.175020e+02 2.235192e+01
      vertex   1.592772e+02 1.188002e+02 2.735757e+01
      vertex   1.592680e+02 1.172422e+02 2.253896e+01
    endloop
  endfacet
  facet normal 9.999983e-01 -3.147077e-04 -1.791370e-03
    outer loop
      vertex   1.592680e+02 1.172422e+02 2.253896e+01
      vertex   1.592772e+02 1.188002e+02 2.735757e+01
      vertex   1.592683e+02 1.169927e+02 2.273958e+01
    endloop
  endfacet
  facet normal 9.999983e-01 -3.147077e-04 -1.791370e-03
    outer loop
      vertex   1.592683e+02 1.169927e+02 2.273958e+01
      vertex   1.592772e+02 1.188002e+02 2.735757e+01
      vertex   1.592686e+02 1.167543e+02 2.295324e+01
    endloop
  endfacet
  facet normal 9.999983e-01 -3.147077e-04 -1.791370e-03
    outer loop
      vertex   1.592686e+02 1.167543e+02 2.295324e+01
      vertex   1.592772e+02 1.188002e+02 2.735757e+01
      vertex   1.592835e+02 1.164216e+02 3.133254e+01
    endloop
  endfacet
  facet normal 9.999983e-01 -3.147077e-04 -1.791370e-03
    outer loop
      vertex   1.592686e+02 1.167543e+02 2.295324e+01
      vertex   1.592835e+02 1.164216e+02 3.133254e+01
      vertex   1.592690e+02 1.165277e+02 2.317929e+01
    endloop
  endfacet
  facet normal 9.999983e-01 -3.147077e-04 -1.791370e-03
    outer loop
      vertex   1.592690e+02 1.165277e+02 2.317929e+01
      vertex   1.592835e+02 1.164216e+02 3.133254e+01
      vertex   1.592830e+02 1.162135e+02 3.108922e+01
    endloop
  endfacet
  facet normal 9.999983e-01 -3.147077e-04 -1.791370e-03
    outer loop
      vertex   1.592690e+02 1.165277e+02 2.317929e+01
      vertex   1.592830e+02 1.162135e+02 3.108922e+01
      vertex   1.592693e+02 1.163134e+02 2.341713e+01
    endloop
  endfacet
  facet normal 9.999983e-01 -3.147077e-04 -1.791370e-03
    outer loop
      vertex   1.592693e+02 1.163134e+02 2.341713e+01
      vertex   1.592830e+02 1.162135e+02 3.108922e+01
      vertex   1.592825e+02 1.160187e+02 3.083515e+01
    endloop
  endfacet
  facet normal 9.999983e-01 -3.147077e-04 -1.791370e-03
    outer loop
      vertex   1.592693e+02 1.163134e+02 2.341713e+01
      vertex   1.592825e+02 1.160187e+02 3.083515e+01
      vertex   1.592697e+02 1.161120e+02 2.366604e+01
    endloop
  endfacet
  facet normal 9.999983e-01 -3.147077e-04 -1.791370e-03
    outer loop
      vertex   1.592697e+02 1.161120e+02 2.366604e+01
      vertex   1.592825e+02 1.160187e+02 3.083515e+01
      vertex   1.592820e+02 1.158378e+02 3.057104e+01
    endloop
  endfacet
  facet normal 9.999983e-01 -3.147077e-04 -1.791370e-03
    outer loop
      vertex   1.592697e+02 1.161120e+02 2.366604e+01
      vertex   1.592820e+02 1.158378e+02 3.057104e+01
      vertex   1.592701e+02 1.159243e+02 2.392535e+01
    endloop
  endfacet
  facet normal 9.999983e-01 -3.147077e-04 -1.791370e-03
    outer loop
      vertex   1.592701e+02 1.159243e+02 2.392535e+01
      vertex   1.592820e+02 1.158378e+02 3.057104e+01
      vertex   1.592815e+02 1.156712e+02 3.029767e+01
    endloop
  endfacet
  facet normal 9.999983e-01 -3.147077e-04 -1.791370e-03
    outer loop
      vertex   1.592701e+02 1.159243e+02 2.392535e+01
      vertex   1.592815e+02 1.156712e+02 3.029767e+01
      vertex   1.592705e+02 1.157506e+02 2.419430e+01
    endloop
  endfacet
  facet normal 9.999983e-01 -3.147077e-04 -1.791370e-03
    outer loop
      vertex   1.592705e+02 1.157506e+02 2.419430e+01
      vertex   1.592815e+02 1.156712e+02 3.029767e+01
      vertex   1.592809e+02 1.155194e+02 3.001579e+01
    endloop
  endfacet
  facet normal 9.999983e-01 -3.147077e-04 -1.791370e-03
    outer loop
      vertex   1.592705e+02 1.157506e+02 2.419430e+01
      vertex   1.592809e+02 1.155194e+02 3.001579e+01
      vertex   1.592710e+02 1.155916e+02 2.447212e+01
    endloop
  endfacet
  facet normal 9.999983e-01 -3.147077e-04 -1.791370e-03
    outer loop
      vertex   1.592710e+02 1.155916e+02 2.447212e+01
      vertex   1.592809e+02 1.155194e+02 3.001579e+01
      vertex   1.592803e+02 1.153829e+02 2.972622e+01
    endloop
  endfacet
  facet normal 9.999983e-01 -3.147077e-04 -1.791370e-03
    outer loop
      vertex   1.592710e+02 1.155916e+02 2.447212e+01
      vertex   1.592803e+02 1.153829e+02 2.972622e+01
      vertex   1.592715e+02 1.154476e+02 2.475804e+01
    endloop
  endfacet
  facet normal 9.999983e-01 -3.147077e-04 -1.791370e-03
    outer loop
      vertex   1.592715e+02 1.154476e+02 2.475804e+01
      vertex   1.592803e+02 1.153829e+02 2.972622e+01
      vertex   1.592798e+02 1.152620e+02 2.942979e+01
    endloop
  endfacet
  facet normal 9.999983e-01 -3.147077e-04 -1.791370e-03
    outer loop
      vertex   1.592715e+02 1.154476e+02 2.475804e+01
      vertex   1.592798e+02 1.152620e+02 2.942979e+01
      vertex   1.592719e+02 1.153190e+02 2.505122e+01
    endloop
  endfacet
  facet normal 9.999983e-01 -3.147077e-04 -1.791370e-03
    outer loop
      vertex   1.592719e+02 1.153190e+02 2.505122e+01
      vertex   1.592798e+02 1.152620e+02 2.942979e+01
      vertex   1.592792e+02 1.151571e+02 2.912733e+01
    endloop
  endfacet
  facet normal 9.999983e-01 -3.147077e-04 -1.791370e-03
    outer loop
      vertex   1.592719e+02 1.153190e+02 2.505122e+01
      vertex   1.592792e+02 1.151571e+02 2.912733e+01
      vertex   1.592724e+02 1.152063e+02 2.535086e+01
    endloop
  endfacet
  facet normal 9.999983e-01 -3.147077e-04 -1.791370e-03
    outer loop
      vertex   1.592724e+02 1.152063e+02 2.535086e+01
      vertex   1.592792e+02 1.151571e+02 2.912733e+01
      vertex   1.592786e+02 1.150685e+02 2.881971e+01
    endloop
  endfacet
  facet normal 9.999983e-01 -3.147077e-04 -1.791370e-03
    outer loop
      vertex   1.592724e+02 1.152063e+02 2.535086e+01
      vertex   1.592786e+02 1.150685e+02 2.881971e+01
      vertex   1.592730e+02 1.151097e+02 2.565607e+01
    endloop
  endfacet
  facet normal 9.999983e-01 -3.147077e-04 -1.791370e-03
    outer loop
      vertex   1.592730e+02 1.151097e+02 2.565607e+01
      vertex   1.592786e+02 1.150685e+02 2.881971e+01
      vertex   1.592780e+02 1.149964e+02 2.850779e+01
    endloop
  endfacet
  facet normal 9.999983e-01 -3.147077e-04 -1.791370e-03
    outer loop
      vertex   1.592730e+02 1.151097e+02 2.565607e+01
      vertex   1.592780e+02 1.149964e+02 2.850779e+01
      vertex   1.592735e+02 1.150295e+02 2.596601e+01
    endloop
  endfacet
  facet normal 9.999983e-01 -3.147077e-04 -1.791370e-03
    outer loop
      vertex   1.592735e+02 1.150295e+02 2.596601e+01
      vertex   1.592780e+02 1.149964e+02 2.850779e+01
      vertex   1.592775e+02 1.149411e+02 2.819247e+01
    endloop
  endfacet
  facet normal 9.999983e-01 -3.147077e-04 -1.791370e-03
    outer loop
      vertex   1.592735e+02 1.150295e+02 2.596601e+01
      vertex   1.592775e+02 1.149411e+02 2.819247e+01
      vertex   1.592740e+02 1.149660e+02 2.627978e+01
    endloop
  endfacet
  facet normal 9.999983e-01 -3.147077e-04 -1.791370e-03
    outer loop
      vertex   1.592740e+02 1.149660e+02 2.627978e+01
      vertex   1.592775e+02 1.149411e+02 2.819247e+01
      vertex   1.592769e+02 1.149026e+02 2.787465e+01
    endloop
  endfacet
  facet normal 9.999983e-01 -3.147077e-04 -1.791370e-03
    outer loop
      vertex   1.592740e+02 1.149660e+02 2.627978e+01
      vertex   1.592769e+02 1.149026e+02 2.787465e+01
      vertex   1.592746e+02 1.149193e+02 2.659649e+01
    endloop
  endfacet
  facet normal 9.999983e-01 -3.147077e-04 -1.791370e-03
    outer loop
      vertex   1.592746e+02 1.149193e+02 2.659649e+01
      vertex   1.592769e+02 1.149026e+02 2.787465e+01
      vertex   1.592763e+02 1.148812e+02 2.755523e+01
    endloop
  endfacet
  facet normal 9.999983e-01 -3.147077e-04 -1.791370e-03
    outer loop
      vertex   1.592746e+02 1.149193e+02 2.659649e+01
      vertex   1.592763e+02 1.148812e+02 2.755523e+01
      vertex   1.592751e+02 1.148895e+02 2.691524e+01
    endloop
  endfacet
  facet normal 9.999983e-01 -3.147077e-04 -1.791370e-03
    outer loop
      vertex   1.592751e+02 1.148895e+02 2.691524e+01
      vertex   1.592763e+02 1.148812e+02 2.755523e+01
      vertex   1.592757e+02 1.148768e+02 2.723513e+01
    endloop
  endfacet
  facet normal 9.999983e-01 -3.147077e-04 -1.791370e-03
    outer loop
      vertex   1.592772e+02 1.188002e+02 2.735757e+01
      vertex   1.592775e+02 1.188124e+02 2.754336e+01
      vertex   1.592835e+02 1.164216e+02 3.133254e+01
    endloop
  endfacet
  facet normal 9.999983e-01 -3.147077e-04 -1.791370e-03
    outer loop
      vertex   1.592835e+02 1.164216e+02 3.133254e+01
      vertex   1.592775e+02 1.188124e+02 2.754336e+01
      vertex   1.592778e+02 1.188412e+02 2.772731e+01
    endloop
  endfacet
  facet normal 9.999983e-01 -3.147077e-04 -1.791370e-03
    outer loop
      vertex   1.592835e+02 1.164216e+02 3.133254e+01
      vertex   1.592778e+02 1.188412e+02 2.772731e+01
      vertex   1.592782e+02 1.188864e+02 2.790794e+01
    endloop
  endfacet
  facet normal 9.999983e-01 -3.147077e-04 -1.791370e-03
    outer loop
      vertex   1.592782e+02 1.188864e+02 2.790794e+01
      vertex   1.592785e+02 1.189476e+02 2.808379e+01
      vertex   1.592835e+02 1.164216e+02 3.133254e+01
    endloop
  endfacet
  facet normal 9.999983e-01 -3.147077e-04 -1.791370e-03
    outer loop
      vertex   1.592835e+02 1.164216e+02 3.133254e+01
      vertex   1.592785e+02 1.189476e+02 2.808379e+01
      vertex   1.592788e+02 1.190243e+02 2.825345e+01
    endloop
  endfacet
  facet normal 9.999983e-01 -3.147077e-04 -1.791370e-03
    outer loop
      vertex   1.592835e+02 1.164216e+02 3.133254e+01
      vertex   1.592788e+02 1.190243e+02 2.825345e+01
      vertex   1.592792e+02 1.191159e+02 2.841555e+01
    endloop
  endfacet
  facet normal 9.999983e-01 -3.147077e-04 -1.791370e-03
    outer loop
      vertex   1.592792e+02 1.191159e+02 2.841555e+01
      vertex   1.592795e+02 1.192216e+02 2.856879e+01
      vertex   1.592835e+02 1.164216e+02 3.133254e+01
    endloop
  endfacet
  facet normal 9.999983e-01 -3.147077e-04 -1.791370e-03
    outer loop
      vertex   1.592835e+02 1.164216e+02 3.133254e+01
      vertex   1.592795e+02 1.192216e+02 2.856879e+01
      vertex   1.592798e+02 1.193407e+02 2.871193e+01
    endloop
  endfacet
  facet normal 9.999983e-01 -3.147077e-04 -1.791370e-03
    outer loop
      vertex   1.592835e+02 1.164216e+02 3.133254e+01
      vertex   1.592798e+02 1.193407e+02 2.871193e+01
      vertex   1.592800e+02 1.194721e+02 2.884382e+01
    endloop
  endfacet
  facet normal 9.999983e-01 -3.147077e-04 -1.791370e-03
    outer loop
      vertex   1.592800e+02 1.194721e+02 2.884382e+01
      vertex   1.592803e+02 1.196148e+02 2.896340e+01
      vertex   1.592835e+02 1.164216e+02 3.133254e+01
    endloop
  endfacet
  facet normal 9.999983e-01 -3.147077e-04 -1.791370e-03
    outer loop
      vertex   1.592835e+02 1.164216e+02 3.133254e+01
      vertex   1.592803e+02 1.196148e+02 2.896340e+01
      vertex   1.592805e+02 1.197677e+02 2.906970e+01
    endloop
  endfacet
  facet normal 9.999983e-01 -3.147077e-04 -1.791370e-03
    outer loop
      vertex   1.592835e+02 1.164216e+02 3.133254e+01
      vertex   1.592805e+02 1.197677e+02 2.906970e+01
      vertex   1.592808e+02 1.199294e+02 2.916188e+01
    endloop
  endfacet
  facet normal 9.999983e-01 -3.147077e-04 -1.791370e-03
    outer loop
      vertex   1.592808e+02 1.199294e+02 2.916188e+01
      vertex   1.592810e+02 1.200988e+02 2.923919e+01
      vertex   1.592835e+02 1.164216e+02 3.133254e+01
    endloop
  endfacet
  facet normal 9.999983e-01 -3.147077e-04 -1.791370e-03
    outer loop
      vertex   1.592835e+02 1.164216e+02 3.133254e+01
      vertex   1.592810e+02 1.200988e+02 2.923919e+01
      vertex   1.592811e+02 1.202745e+02 2.930100e+01
    endloop
  endfacet
  facet normal 9.999983e-01 -3.147077e-04 -1.791370e-03
    outer loop
      vertex   1.592835e+02 1.164216e+02 3.133254e+01
      vertex   1.592811e+02 1.202745e+02 2.930100e+01
      vertex   1.592813e+02 1.204549e+02 2.934681e+01
    endloop
  endfacet
  facet normal 9.999983e-01 -3.147077e-04 -1.791370e-03
    outer loop
      vertex   1.592835e+02 1.164216e+02 3.133254e+01
      vertex   1.592813e+02 1.204549e+02 2.934681e+01
      vertex   1.592840e+02 1.166423e+02 3.156443e+01
    endloop
  endfacet
  facet normal 9.999983e-01 -3.147077e-04 -1.791370e-03
    outer loop
      vertex   1.592840e+02 1.166423e+02 3.156443e+01
      vertex   1.592813e+02 1.204549e+02 2.934681e+01
      vertex   1.592814e+02 1.206388e+02 2.937627e+01
    endloop
  endfacet
  facet normal 9.999983e-01 -3.147077e-04 -1.791370e-03
    outer loop
      vertex   1.592840e+02 1.166423e+02 3.156443e+01
      vertex   1.592814e+02 1.206388e+02 2.937627e+01
      vertex   1.592845e+02 1.168750e+02 3.178421e+01
    endloop
  endfacet
  facet normal 9.999983e-01 -3.147077e-04 -1.791370e-03
    outer loop
      vertex   1.592845e+02 1.168750e+02 3.178421e+01
      vertex   1.592814e+02 1.206388e+02 2.937627e+01
      vertex   1.592849e+02 1.171192e+02 3.199126e+01
    endloop
  endfacet
  facet normal 9.999983e-01 -3.147077e-04 -1.791370e-03
    outer loop
      vertex   1.592849e+02 1.171192e+02 3.199126e+01
      vertex   1.592814e+02 1.206388e+02 2.937627e+01
      vertex   1.592854e+02 1.173741e+02 3.218499e+01
    endloop
  endfacet
  facet normal 9.999983e-01 -3.147077e-04 -1.791370e-03
    outer loop
      vertex   1.592854e+02 1.173741e+02 3.218499e+01
      vertex   1.592814e+02 1.206388e+02 2.937627e+01
      vertex   1.592814e+02 1.208245e+02 2.938913e+01
    endloop
  endfacet
  facet normal 9.999983e-01 -3.147077e-04 -1.791370e-03
    outer loop
      vertex   1.592854e+02 1.173741e+02 3.218499e+01
      vertex   1.592814e+02 1.208245e+02 2.938913e+01
      vertex   1.592858e+02 1.176389e+02 3.236486e+01
    endloop
  endfacet
  facet normal 9.999983e-01 -3.147077e-04 -1.791370e-03
    outer loop
      vertex   1.592858e+02 1.176389e+02 3.236486e+01
      vertex   1.592814e+02 1.208245e+02 2.938913e+01
      vertex   1.592862e+02 1.179130e+02 3.253034e+01
    endloop
  endfacet
  facet normal 9.999983e-01 -3.147077e-04 -1.791370e-03
    outer loop
      vertex   1.592862e+02 1.179130e+02 3.253034e+01
      vertex   1.592814e+02 1.208245e+02 2.938913e+01
      vertex   1.592865e+02 1.181954e+02 3.268097e+01
    endloop
  endfacet
  facet normal 9.999983e-01 -3.147077e-04 -1.791370e-03
    outer loop
      vertex   1.592865e+02 1.181954e+02 3.268097e+01
      vertex   1.592814e+02 1.208245e+02 2.938913e+01
      vertex   1.592869e+02 1.184856e+02 3.281631e+01
    endloop
  endfacet
  facet normal 9.999983e-01 -3.147077e-04 -1.791370e-03
    outer loop
      vertex   1.592869e+02 1.184856e+02 3.281631e+01
      vertex   1.592814e+02 1.208245e+02 2.938913e+01
      vertex   1.592872e+02 1.187825e+02 3.293600e+01
    endloop
  endfacet
  facet normal 9.999983e-01 -3.147077e-04 -1.791370e-03
    outer loop
      vertex   1.592872e+02 1.187825e+02 3.293600e+01
      vertex   1.592814e+02 1.208245e+02 2.938913e+01
      vertex   1.592874e+02 1.190854e+02 3.303968e+01
    endloop
  endfacet
  facet normal 9.999983e-01 -3.147077e-04 -1.791370e-03
    outer loop
      vertex   1.592874e+02 1.190854e+02 3.303968e+01
      vertex   1.592814e+02 1.208245e+02 2.938913e+01
      vertex   1.592877e+02 1.193934e+02 3.312705e+01
    endloop
  endfacet
  facet normal 9.999983e-01 -3.147077e-04 -1.791370e-03
    outer loop
      vertex   1.592877e+02 1.193934e+02 3.312705e+01
      vertex   1.592814e+02 1.208245e+02 2.938913e+01
      vertex   1.592879e+02 1.197056e+02 3.319787e+01
    endloop
  endfacet
  facet normal 9.999983e-01 -3.147077e-04 -1.791370e-03
    outer loop
      vertex   1.592879e+02 1.197056e+02 3.319787e+01
      vertex   1.592814e+02 1.208245e+02 2.938913e+01
      vertex   1.592881e+02 1.200211e+02 3.325193e+01
    endloop
  endfacet
  facet normal 9.999983e-01 -3.147077e-04 -1.791370e-03
    outer loop
      vertex   1.592881e+02 1.200211e+02 3.325193e+01
      vertex   1.592814e+02 1.208245e+02 2.938913e+01
      vertex   1.592815e+02 1.210107e+02 2.938528e+01
    endloop
  endfacet
  facet normal 9.999983e-01 -3.147077e-04 -1.791370e-03
    outer loop
      vertex   1.592881e+02 1.200211e+02 3.325193e+01
      vertex   1.592815e+02 1.210107e+02 2.938528e+01
      vertex   1.592883e+02 1.203006e+02 3.329895e+01
    endloop
  endfacet
  facet normal 9.999983e-01 -3.147077e-04 -1.791370e-03
    outer loop
      vertex   1.592883e+02 1.203006e+02 3.329895e+01
      vertex   1.592815e+02 1.210107e+02 2.938528e+01
      vertex   1.592885e+02 1.205776e+02 3.335911e+01
    endloop
  endfacet
  facet normal 9.999983e-01 -3.147077e-04 -1.791370e-03
    outer loop
      vertex   1.592885e+02 1.205776e+02 3.335911e+01
      vertex   1.592815e+02 1.210107e+02 2.938528e+01
      vertex   1.592815e+02 1.211957e+02 2.936477e+01
    endloop
  endfacet
  facet normal 9.999983e-01 -3.147077e-04 -1.791370e-03
    outer loop
      vertex   1.592885e+02 1.205776e+02 3.335911e+01
      vertex   1.592815e+02 1.211957e+02 2.936477e+01
      vertex   1.592887e+02 1.208515e+02 3.343229e+01
    endloop
  endfacet
  facet normal 9.999983e-01 -3.147077e-04 -1.791370e-03
    outer loop
      vertex   1.592887e+02 1.208515e+02 3.343229e+01
      vertex   1.592815e+02 1.211957e+02 2.936477e+01
      vertex   1.592815e+02 1.213782e+02 2.932775e+01
    endloop
  endfacet
  facet normal 9.999983e-01 -3.147077e-04 -1.791370e-03
    outer loop
      vertex   1.592887e+02 1.208515e+02 3.343229e+01
      vertex   1.592815e+02 1.213782e+02 2.932775e+01
      vertex   1.592889e+02 1.211215e+02 3.351832e+01
    endloop
  endfacet
  facet normal 9.999983e-01 -3.147077e-04 -1.791370e-03
    outer loop
      vertex   1.592889e+02 1.211215e+02 3.351832e+01
      vertex   1.592815e+02 1.213782e+02 2.932775e+01
      vertex   1.592896e+02 1.288323e+02 3.253439e+01
    endloop
  endfacet
  facet normal 9.999983e-01 -3.147077e-04 -1.791370e-03
    outer loop
      vertex   1.592889e+02 1.211215e+02 3.351832e+01
      vertex   1.592896e+02 1.288323e+02 3.253439e+01
      vertex   1.592892e+02 1.213872e+02 3.361701e+01
    endloop
  endfacet
  facet normal 9.999983e-01 -3.147077e-04 -1.791370e-03
    outer loop
      vertex   1.592892e+02 1.213872e+02 3.361701e+01
      vertex   1.592896e+02 1.288323e+02 3.253439e+01
      vertex   1.592895e+02 1.216480e+02 3.372814e+01
    endloop
  endfacet
  facet normal 9.999983e-01 -3.147077e-04 -1.791370e-03
    outer loop
      vertex   1.592895e+02 1.216480e+02 3.372814e+01
      vertex   1.592896e+02 1.288323e+02 3.253439e+01
      vertex   1.592899e+02 1.288423e+02 3.272031e+01
    endloop
  endfacet
  facet normal 9.999983e-01 -3.147077e-04 -1.791370e-03
    outer loop
      vertex   1.592895e+02 1.216480e+02 3.372814e+01
      vertex   1.592899e+02 1.288423e+02 3.272031e+01
      vertex   1.592903e+02 1.288689e+02 3.290459e+01
    endloop
  endfacet
  facet normal 9.999983e-01 -3.147077e-04 -1.791370e-03
    outer loop
      vertex   1.592815e+02 1.213782e+02 2.932775e+01
      vertex   1.592815e+02 1.215566e+02 2.927452e+01
      vertex   1.592896e+02 1.288323e+02 3.253439e+01
    endloop
  endfacet
  facet normal 9.999983e-01 -3.147077e-04 -1.791370e-03
    outer loop
      vertex   1.592896e+02 1.288323e+02 3.253439e+01
      vertex   1.592815e+02 1.215566e+02 2.927452e+01
      vertex   1.592814e+02 1.217295e+02 2.920552e+01
    endloop
  endfacet
  facet normal 9.999983e-01 -3.147077e-04 -1.791370e-03
    outer loop
      vertex   1.592896e+02 1.288323e+02 3.253439e+01
      vertex   1.592814e+02 1.217295e+02 2.920552e+01
      vertex   1.592813e+02 1.218956e+02 2.912129e+01
    endloop
  endfacet
  facet normal 9.999983e-01 -3.147077e-04 -1.791370e-03
    outer loop
      vertex   1.592813e+02 1.218956e+02 2.912129e+01
      vertex   1.592812e+02 1.220534e+02 2.902251e+01
      vertex   1.592896e+02 1.288323e+02 3.253439e+01
    endloop
  endfacet
  facet normal 9.999983e-01 -3.147077e-04 -1.791370e-03
    outer loop
      vertex   1.592896e+02 1.288323e+02 3.253439e+01
      vertex   1.592812e+02 1.220534e+02 2.902251e+01
      vertex   1.592810e+02 1.222017e+02 2.890999e+01
    endloop
  endfacet
  facet normal 9.999983e-01 -3.147077e-04 -1.791370e-03
    outer loop
      vertex   1.592896e+02 1.288323e+02 3.253439e+01
      vertex   1.592810e+02 1.222017e+02 2.890999e+01
      vertex   1.592808e+02 1.223394e+02 2.878462e+01
    endloop
  endfacet
  facet normal 9.999983e-01 -3.147077e-04 -1.791370e-03
    outer loop
      vertex   1.592808e+02 1.223394e+02 2.878462e+01
      vertex   1.592806e+02 1.224653e+02 2.864741e+01
      vertex   1.592896e+02 1.288323e+02 3.253439e+01
    endloop
  endfacet
  facet normal 9.999983e-01 -3.147077e-04 -1.791370e-03
    outer loop
      vertex   1.592896e+02 1.288323e+02 3.253439e+01
      vertex   1.592806e+02 1.224653e+02 2.864741e+01
      vertex   1.592804e+02 1.225783e+02 2.849948e+01
    endloop
  endfacet
  facet normal 9.999983e-01 -3.147077e-04 -1.791370e-03
    outer loop
      vertex   1.592896e+02 1.288323e+02 3.253439e+01
      vertex   1.592804e+02 1.225783e+02 2.849948e+01
      vertex   1.592802e+02 1.226777e+02 2.834201e+01
    endloop
  endfacet
  facet normal 9.999983e-01 -3.147077e-04 -1.791370e-03
    outer loop
      vertex   1.592802e+02 1.226777e+02 2.834201e+01
      vertex   1.592799e+02 1.227625e+02 2.817626e+01
      vertex   1.592896e+02 1.288323e+02 3.253439e+01
    endloop
  endfacet
  facet normal 9.999983e-01 -3.147077e-04 -1.791370e-03
    outer loop
      vertex   1.592896e+02 1.288323e+02 3.253439e+01
      vertex   1.592799e+02 1.227625e+02 2.817626e+01
      vertex   1.592796e+02 1.228321e+02 2.800358e+01
    endloop
  endfacet
  facet normal 9.999983e-01 -3.147077e-04 -1.791370e-03
    outer loop
      vertex   1.592896e+02 1.288323e+02 3.253439e+01
      vertex   1.592796e+02 1.228321e+02 2.800358e+01
      vertex   1.592793e+02 1.228860e+02 2.782536e+01
    endloop
  endfacet
  facet normal 9.999983e-01 -3.147077e-04 -1.791370e-03
    outer loop
      vertex   1.592793e+02 1.228860e+02 2.782536e+01
      vertex   1.592790e+02 1.229237e+02 2.764302e+01
      vertex   1.592896e+02 1.288323e+02 3.253439e+01
    endloop
  endfacet
  facet normal 9.999983e-01 -3.147077e-04 -1.791370e-03
    outer loop
      vertex   1.592896e+02 1.288323e+02 3.253439e+01
      vertex   1.592790e+02 1.229237e+02 2.764302e+01
      vertex   1.592787e+02 1.229448e+02 2.745804e+01
    endloop
  endfacet
  facet normal 9.999983e-01 -3.147077e-04 -1.791370e-03
    outer loop
      vertex   1.592896e+02 1.288323e+02 3.253439e+01
      vertex   1.592787e+02 1.229448e+02 2.745804e+01
      vertex   1.592727e+02 1.286657e+02 2.312331e+01
    endloop
  endfacet
  facet normal 9.999983e-01 -3.147077e-04 -1.791370e-03
    outer loop
      vertex   1.592727e+02 1.286657e+02 2.312331e+01
      vertex   1.592787e+02 1.229448e+02 2.745804e+01
      vertex   1.592783e+02 1.229494e+02 2.727191e+01
    endloop
  endfacet
  facet normal 9.999983e-01 -3.147077e-04 -1.791370e-03
    outer loop
      vertex   1.592727e+02 1.286657e+02 2.312331e+01
      vertex   1.592783e+02 1.229494e+02 2.727191e+01
      vertex   1.592727e+02 1.283566e+02 2.318052e+01
    endloop
  endfacet
  facet normal 9.999983e-01 -3.147077e-04 -1.791370e-03
    outer loop
      vertex   1.592727e+02 1.283566e+02 2.318052e+01
      vertex   1.592783e+02 1.229494e+02 2.727191e+01
      vertex   1.592727e+02 1.280450e+02 2.322145e+01
    endloop
  endfacet
  facet normal 9.999983e-01 -3.147077e-04 -1.791370e-03
    outer loop
      vertex   1.592727e+02 1.280450e+02 2.322145e+01
      vertex   1.592783e+02 1.229494e+02 2.727191e+01
      vertex   1.592726e+02 1.277316e+02 2.324601e+01
    endloop
  endfacet
  facet normal 9.999983e-01 -3.147077e-04 -1.791370e-03
    outer loop
      vertex   1.592726e+02 1.277316e+02 2.324601e+01
      vertex   1.592783e+02 1.229494e+02 2.727191e+01
      vertex   1.592725e+02 1.274174e+02 2.325413e+01
    endloop
  endfacet
  facet normal 9.999983e-01 -3.147077e-04 -1.791370e-03
    outer loop
      vertex   1.592725e+02 1.274174e+02 2.325413e+01
      vertex   1.592783e+02 1.229494e+02 2.727191e+01
      vertex   1.592724e+02 1.271031e+02 2.324577e+01
    endloop
  endfacet
  facet normal 9.999983e-01 -3.147077e-04 -1.791370e-03
    outer loop
      vertex   1.592724e+02 1.271031e+02 2.324577e+01
      vertex   1.592783e+02 1.229494e+02 2.727191e+01
      vertex   1.592723e+02 1.267898e+02 2.322098e+01
    endloop
  endfacet
  facet normal 9.999983e-01 -3.147077e-04 -1.791370e-03
    outer loop
      vertex   1.592723e+02 1.267898e+02 2.322098e+01
      vertex   1.592783e+02 1.229494e+02 2.727191e+01
      vertex   1.592721e+02 1.264782e+02 2.317981e+01
    endloop
  endfacet
  facet normal 9.999983e-01 -3.147077e-04 -1.791370e-03
    outer loop
      vertex   1.592721e+02 1.264782e+02 2.317981e+01
      vertex   1.592783e+02 1.229494e+02 2.727191e+01
      vertex   1.592719e+02 1.261691e+02 2.312237e+01
    endloop
  endfacet
  facet normal 9.999983e-01 -3.147077e-04 -1.791370e-03
    outer loop
      vertex   1.592719e+02 1.261691e+02 2.312237e+01
      vertex   1.592783e+02 1.229494e+02 2.727191e+01
      vertex   1.592717e+02 1.258635e+02 2.304883e+01
    endloop
  endfacet
  facet normal 9.999983e-01 -3.147077e-04 -1.791370e-03
    outer loop
      vertex   1.592717e+02 1.258635e+02 2.304883e+01
      vertex   1.592783e+02 1.229494e+02 2.727191e+01
      vertex   1.592714e+02 1.255622e+02 2.295938e+01
    endloop
  endfacet
  facet normal 9.999983e-01 -3.147077e-04 -1.791370e-03
    outer loop
      vertex   1.592714e+02 1.255622e+02 2.295938e+01
      vertex   1.592783e+02 1.229494e+02 2.727191e+01
      vertex   1.592711e+02 1.252659e+02 2.285428e+01
    endloop
  endfacet
  facet normal 9.999983e-01 -3.147077e-04 -1.791370e-03
    outer loop
      vertex   1.592711e+02 1.252659e+02 2.285428e+01
      vertex   1.592783e+02 1.229494e+02 2.727191e+01
      vertex   1.592708e+02 1.249756e+02 2.273381e+01
    endloop
  endfacet
  facet normal 9.999983e-01 -3.147077e-04 -1.791370e-03
    outer loop
      vertex   1.592708e+02 1.249756e+02 2.273381e+01
      vertex   1.592783e+02 1.229494e+02 2.727191e+01
      vertex   1.592705e+02 1.246920e+02 2.259829e+01
    endloop
  endfacet
  facet normal 9.999983e-01 -3.147077e-04 -1.791370e-03
    outer loop
      vertex   1.592705e+02 1.246920e+02 2.259829e+01
      vertex   1.592783e+02 1.229494e+02 2.727191e+01
      vertex   1.592701e+02 1.244159e+02 2.244811e+01
    endloop
  endfacet
  facet normal 9.999983e-01 -3.147077e-04 -1.791370e-03
    outer loop
      vertex   1.592701e+02 1.244159e+02 2.244811e+01
      vertex   1.592783e+02 1.229494e+02 2.727191e+01
      vertex   1.592698e+02 1.241480e+02 2.228367e+01
    endloop
  endfacet
  facet normal 9.999983e-01 -3.147077e-04 -1.791370e-03
    outer loop
      vertex   1.592698e+02 1.241480e+02 2.228367e+01
      vertex   1.592783e+02 1.229494e+02 2.727191e+01
      vertex   1.592694e+02 1.238751e+02 2.211632e+01
    endloop
  endfacet
  facet normal 9.999983e-01 -3.147077e-04 -1.791370e-03
    outer loop
      vertex   1.592694e+02 1.238751e+02 2.211632e+01
      vertex   1.592783e+02 1.229494e+02 2.727191e+01
      vertex   1.592690e+02 1.235936e+02 2.196379e+01
    endloop
  endfacet
  facet normal 9.999983e-01 -3.147077e-04 -1.791370e-03
    outer loop
      vertex   1.592789e+02 1.469436e+02 2.335227e+01
      vertex   1.592716e+02 1.458160e+02 1.948215e+01
      vertex   1.592789e+02 1.471297e+02 2.334843e+01
    endloop
  endfacet
  facet normal 9.999983e-01 -3.147077e-04 -1.791370e-03
    outer loop
      vertex   1.592789e+02 1.471297e+02 2.334843e+01
      vertex   1.592716e+02 1.458160e+02 1.948215e+01
      vertex   1.592716e+02 1.461294e+02 1.942415e+01
    endloop
  endfacet
  facet normal 9.999983e-01 -3.147077e-04 -1.791370e-03
    outer loop
      vertex   1.592789e+02 1.471297e+02 2.334843e+01
      vertex   1.592716e+02 1.461294e+02 1.942415e+01
      vertex   1.592716e+02 1.464454e+02 1.938269e+01
    endloop
  endfacet
  facet normal 9.999983e-01 -3.147077e-04 -1.791370e-03
    outer loop
      vertex   1.592789e+02 1.469436e+02 2.335227e+01
      vertex   1.592788e+02 1.467585e+02 2.337278e+01
      vertex   1.592716e+02 1.458160e+02 1.948215e+01
    endloop
  endfacet
  facet normal 9.999983e-01 -3.147077e-04 -1.791370e-03
    outer loop
      vertex   1.592716e+02 1.458160e+02 1.948215e+01
      vertex   1.592788e+02 1.467585e+02 2.337278e+01
      vertex   1.592788e+02 1.465760e+02 2.340980e+01
    endloop
  endfacet
  facet normal 9.999983e-01 -3.147077e-04 -1.791370e-03
    outer loop
      vertex   1.592716e+02 1.458160e+02 1.948215e+01
      vertex   1.592788e+02 1.465760e+02 2.340980e+01
      vertex   1.592789e+02 1.463976e+02 2.346303e+01
    endloop
  endfacet
  facet normal 9.999983e-01 -3.147077e-04 -1.791370e-03
    outer loop
      vertex   1.592789e+02 1.463976e+02 2.346303e+01
      vertex   1.592789e+02 1.462247e+02 2.353204e+01
      vertex   1.592716e+02 1.458160e+02 1.948215e+01
    endloop
  endfacet
  facet normal 9.999983e-01 -3.147077e-04 -1.791370e-03
    outer loop
      vertex   1.592716e+02 1.458160e+02 1.948215e+01
      vertex   1.592789e+02 1.462247e+02 2.353204e+01
      vertex   1.592790e+02 1.460586e+02 2.361627e+01
    endloop
  endfacet
  facet normal 9.999983e-01 -3.147077e-04 -1.791370e-03
    outer loop
      vertex   1.592716e+02 1.458160e+02 1.948215e+01
      vertex   1.592790e+02 1.460586e+02 2.361627e+01
      vertex   1.592792e+02 1.459008e+02 2.371504e+01
    endloop
  endfacet
  facet normal 9.999983e-01 -3.147077e-04 -1.791370e-03
    outer loop
      vertex   1.592792e+02 1.459008e+02 2.371504e+01
      vertex   1.592793e+02 1.457525e+02 2.382757e+01
      vertex   1.592716e+02 1.458160e+02 1.948215e+01
    endloop
  endfacet
  facet normal 9.999983e-01 -3.147077e-04 -1.791370e-03
    outer loop
      vertex   1.592716e+02 1.458160e+02 1.948215e+01
      vertex   1.592793e+02 1.457525e+02 2.382757e+01
      vertex   1.592727e+02 1.286657e+02 2.312331e+01
    endloop
  endfacet
  facet normal 9.999983e-01 -3.147077e-04 -1.791370e-03
    outer loop
      vertex   1.592727e+02 1.286657e+02 2.312331e+01
      vertex   1.592793e+02 1.457525e+02 2.382757e+01
      vertex   1.592795e+02 1.456148e+02 2.395294e+01
    endloop
  endfacet
  facet normal 9.999983e-01 -3.147077e-04 -1.791370e-03
    outer loop
      vertex   1.592727e+02 1.286657e+02 2.312331e+01
      vertex   1.592795e+02 1.456148e+02 2.395294e+01
      vertex   1.592797e+02 1.454890e+02 2.409014e+01
    endloop
  endfacet
  facet normal 9.999983e-01 -3.147077e-04 -1.791370e-03
    outer loop
      vertex   1.592799e+02 1.453759e+02 2.423807e+01
      vertex   1.592822e+02 1.398797e+02 2.645769e+01
      vertex   1.592797e+02 1.454890e+02 2.409014e+01
    endloop
  endfacet
  facet normal 9.999983e-01 -3.147077e-04 -1.791370e-03
    outer loop
      vertex   1.592797e+02 1.454890e+02 2.409014e+01
      vertex   1.592822e+02 1.398797e+02 2.645769e+01
      vertex   1.592822e+02 1.397018e+02 2.647744e+01
    endloop
  endfacet
  facet normal 9.999983e-01 -3.147077e-04 -1.791370e-03
    outer loop
      vertex   1.592797e+02 1.454890e+02 2.409014e+01
      vertex   1.592822e+02 1.397018e+02 2.647744e+01
      vertex   1.592727e+02 1.286657e+02 2.312331e+01
    endloop
  endfacet
  facet normal 9.999983e-01 -3.147077e-04 -1.791370e-03
    outer loop
      vertex   1.592727e+02 1.286657e+02 2.312331e+01
      vertex   1.592822e+02 1.397018e+02 2.647744e+01
      vertex   1.592822e+02 1.395263e+02 2.651245e+01
    endloop
  endfacet
  facet normal 9.999983e-01 -3.147077e-04 -1.791370e-03
    outer loop
      vertex   1.592727e+02 1.286657e+02 2.312331e+01
      vertex   1.592822e+02 1.395263e+02 2.651245e+01
      vertex   1.592822e+02 1.393545e+02 2.656245e+01
    endloop
  endfacet
  facet normal 9.999983e-01 -3.147077e-04 -1.791370e-03
    outer loop
      vertex   1.592799e+02 1.453759e+02 2.423807e+01
      vertex   1.592802e+02 1.452766e+02 2.439555e+01
      vertex   1.592822e+02 1.398797e+02 2.645769e+01
    endloop
  endfacet
  facet normal 9.999983e-01 -3.147077e-04 -1.791370e-03
    outer loop
      vertex   1.592822e+02 1.398797e+02 2.645769e+01
      vertex   1.592802e+02 1.452766e+02 2.439555e+01
      vertex   1.592822e+02 1.400586e+02 2.645333e+01
    endloop
  endfacet
  facet normal 9.999983e-01 -3.147077e-04 -1.791370e-03
    outer loop
      vertex   1.592822e+02 1.400586e+02 2.645333e+01
      vertex   1.592802e+02 1.452766e+02 2.439555e+01
      vertex   1.592805e+02 1.451917e+02 2.456129e+01
    endloop
  endfacet
  facet normal 9.999983e-01 -3.147077e-04 -1.791370e-03
    outer loop
      vertex   1.592822e+02 1.400586e+02 2.645333e+01
      vertex   1.592805e+02 1.451917e+02 2.456129e+01
      vertex   1.592808e+02 1.451221e+02 2.473397e+01
    endloop
  endfacet
  facet normal 9.999983e-01 -3.147077e-04 -1.791370e-03
    outer loop
      vertex   1.592822e+02 1.400586e+02 2.645333e+01
      vertex   1.592808e+02 1.451221e+02 2.473397e+01
      vertex   1.592823e+02 1.402373e+02 2.646441e+01
    endloop
  endfacet
  facet normal 9.999983e-01 -3.147077e-04 -1.791370e-03
    outer loop
      vertex   1.592823e+02 1.402373e+02 2.646441e+01
      vertex   1.592808e+02 1.451221e+02 2.473397e+01
      vertex   1.592811e+02 1.450682e+02 2.491219e+01
    endloop
  endfacet
  facet normal 9.999983e-01 -3.147077e-04 -1.791370e-03
    outer loop
      vertex   1.592823e+02 1.402373e+02 2.646441e+01
      vertex   1.592811e+02 1.450682e+02 2.491219e+01
      vertex   1.592824e+02 1.404143e+02 2.649084e+01
    endloop
  endfacet
  facet normal 9.999983e-01 -3.147077e-04 -1.791370e-03
    outer loop
      vertex   1.592824e+02 1.404143e+02 2.649084e+01
      vertex   1.592811e+02 1.450682e+02 2.491219e+01
      vertex   1.592814e+02 1.450306e+02 2.509453e+01
    endloop
  endfacet
  facet normal 9.999983e-01 -3.147077e-04 -1.791370e-03
    outer loop
      vertex   1.592824e+02 1.404143e+02 2.649084e+01
      vertex   1.592814e+02 1.450306e+02 2.509453e+01
      vertex   1.592817e+02 1.450094e+02 2.527951e+01
    endloop
  endfacet
  facet normal 9.999983e-01 -3.147077e-04 -1.791370e-03
    outer loop
      vertex   1.592824e+02 1.404143e+02 2.649084e+01
      vertex   1.592817e+02 1.450094e+02 2.527951e+01
      vertex   1.592826e+02 1.405883e+02 2.653242e+01
    endloop
  endfacet
  facet normal 9.999983e-01 -3.147077e-04 -1.791370e-03
    outer loop
      vertex   1.592826e+02 1.405883e+02 2.653242e+01
      vertex   1.592817e+02 1.450094e+02 2.527951e+01
      vertex   1.592820e+02 1.450049e+02 2.546565e+01
    endloop
  endfacet
  facet normal 9.999983e-01 -3.147077e-04 -1.791370e-03
    outer loop
      vertex   1.592826e+02 1.405883e+02 2.653242e+01
      vertex   1.592820e+02 1.450049e+02 2.546565e+01
      vertex   1.592827e+02 1.407582e+02 2.658885e+01
    endloop
  endfacet
  facet normal 9.999983e-01 -3.147077e-04 -1.791370e-03
    outer loop
      vertex   1.592827e+02 1.407582e+02 2.658885e+01
      vertex   1.592820e+02 1.450049e+02 2.546565e+01
      vertex   1.592829e+02 1.409225e+02 2.665971e+01
    endloop
  endfacet
  facet normal 9.999983e-01 -3.147077e-04 -1.791370e-03
    outer loop
      vertex   1.592829e+02 1.409225e+02 2.665971e+01
      vertex   1.592820e+02 1.450049e+02 2.546565e+01
      vertex   1.592831e+02 1.410802e+02 2.674446e+01
    endloop
  endfacet
  facet normal 9.999983e-01 -3.147077e-04 -1.791370e-03
    outer loop
      vertex   1.592831e+02 1.410802e+02 2.674446e+01
      vertex   1.592820e+02 1.450049e+02 2.546565e+01
      vertex   1.592833e+02 1.412299e+02 2.684248e+01
    endloop
  endfacet
  facet normal 9.999983e-01 -3.147077e-04 -1.791370e-03
    outer loop
      vertex   1.592833e+02 1.412299e+02 2.684248e+01
      vertex   1.592820e+02 1.450049e+02 2.546565e+01
      vertex   1.592836e+02 1.413706e+02 2.695303e+01
    endloop
  endfacet
  facet normal 9.999983e-01 -3.147077e-04 -1.791370e-03
    outer loop
      vertex   1.592836e+02 1.413706e+02 2.695303e+01
      vertex   1.592820e+02 1.450049e+02 2.546565e+01
      vertex   1.592838e+02 1.415013e+02 2.707531e+01
    endloop
  endfacet
  facet normal 9.999983e-01 -3.147077e-04 -1.791370e-03
    outer loop
      vertex   1.592838e+02 1.415013e+02 2.707531e+01
      vertex   1.592820e+02 1.450049e+02 2.546565e+01
      vertex   1.592841e+02 1.416210e+02 2.720839e+01
    endloop
  endfacet
  facet normal 9.999983e-01 -3.147077e-04 -1.791370e-03
    outer loop
      vertex   1.592841e+02 1.416210e+02 2.720839e+01
      vertex   1.592820e+02 1.450049e+02 2.546565e+01
      vertex   1.592844e+02 1.417287e+02 2.735128e+01
    endloop
  endfacet
  facet normal 9.999983e-01 -3.147077e-04 -1.791370e-03
    outer loop
      vertex   1.592844e+02 1.417287e+02 2.735128e+01
      vertex   1.592820e+02 1.450049e+02 2.546565e+01
      vertex   1.592845e+02 1.417756e+02 2.742385e+01
    endloop
  endfacet
  facet normal 9.999983e-01 -3.147077e-04 -1.791370e-03
    outer loop
      vertex   1.592845e+02 1.417756e+02 2.742385e+01
      vertex   1.592820e+02 1.450049e+02 2.546565e+01
      vertex   1.592849e+02 1.418728e+02 2.760473e+01
    endloop
  endfacet
  facet normal 9.999983e-01 -3.147077e-04 -1.791370e-03
    outer loop
      vertex   1.592849e+02 1.418728e+02 2.760473e+01
      vertex   1.592820e+02 1.450049e+02 2.546565e+01
      vertex   1.592852e+02 1.419552e+02 2.779286e+01
    endloop
  endfacet
  facet normal 9.999983e-01 -3.147077e-04 -1.791370e-03
    outer loop
      vertex   1.592852e+02 1.419552e+02 2.779286e+01
      vertex   1.592820e+02 1.450049e+02 2.546565e+01
      vertex   1.592856e+02 1.420221e+02 2.798700e+01
    endloop
  endfacet
  facet normal 9.999983e-01 -3.147077e-04 -1.791370e-03
    outer loop
      vertex   1.592856e+02 1.420221e+02 2.798700e+01
      vertex   1.592820e+02 1.450049e+02 2.546565e+01
      vertex   1.592858e+02 1.420436e+02 2.807079e+01
    endloop
  endfacet
  facet normal 9.999983e-01 -3.147077e-04 -1.791370e-03
    outer loop
      vertex   1.592858e+02 1.420436e+02 2.807079e+01
      vertex   1.592820e+02 1.450049e+02 2.546565e+01
      vertex   1.592861e+02 1.420755e+02 2.824689e+01
    endloop
  endfacet
  facet normal 9.999983e-01 -3.147077e-04 -1.791370e-03
    outer loop
      vertex   1.592861e+02 1.420755e+02 2.824689e+01
      vertex   1.592820e+02 1.450049e+02 2.546565e+01
      vertex   1.592864e+02 1.420921e+02 2.842508e+01
    endloop
  endfacet
  facet normal 9.999983e-01 -3.147077e-04 -1.791370e-03
    outer loop
      vertex   1.592864e+02 1.420921e+02 2.842508e+01
      vertex   1.592820e+02 1.450049e+02 2.546565e+01
      vertex   1.592867e+02 1.420932e+02 2.860404e+01
    endloop
  endfacet
  facet normal 9.999983e-01 -3.147077e-04 -1.791370e-03
    outer loop
      vertex   1.592867e+02 1.420932e+02 2.860404e+01
      vertex   1.592820e+02 1.450049e+02 2.546565e+01
      vertex   1.592824e+02 1.450171e+02 2.565144e+01
    endloop
  endfacet
  facet normal 9.999983e-01 -3.147077e-04 -1.791370e-03
    outer loop
      vertex   1.592867e+02 1.420932e+02 2.860404e+01
      vertex   1.592824e+02 1.450171e+02 2.565144e+01
      vertex   1.592827e+02 1.450459e+02 2.583538e+01
    endloop
  endfacet
  facet normal 9.999983e-01 -3.147077e-04 -1.791370e-03
    outer loop
      vertex   1.592827e+02 1.450459e+02 2.583538e+01
      vertex   1.592830e+02 1.450910e+02 2.601601e+01
      vertex   1.592867e+02 1.420932e+02 2.860404e+01
    endloop
  endfacet
  facet normal 9.999983e-01 -3.147077e-04 -1.791370e-03
    outer loop
      vertex   1.592867e+02 1.420932e+02 2.860404e+01
      vertex   1.592830e+02 1.450910e+02 2.601601e+01
      vertex   1.592834e+02 1.451522e+02 2.619186e+01
    endloop
  endfacet
  facet normal 9.999983e-01 -3.147077e-04 -1.791370e-03
    outer loop
      vertex   1.592867e+02 1.420932e+02 2.860404e+01
      vertex   1.592834e+02 1.451522e+02 2.619186e+01
      vertex   1.592837e+02 1.452289e+02 2.636152e+01
    endloop
  endfacet
  facet normal 9.999983e-01 -3.147077e-04 -1.791370e-03
    outer loop
      vertex   1.592837e+02 1.452289e+02 2.636152e+01
      vertex   1.592840e+02 1.453205e+02 2.652362e+01
      vertex   1.592867e+02 1.420932e+02 2.860404e+01
    endloop
  endfacet
  facet normal 9.999983e-01 -3.147077e-04 -1.791370e-03
    outer loop
      vertex   1.592867e+02 1.420932e+02 2.860404e+01
      vertex   1.592840e+02 1.453205e+02 2.652362e+01
      vertex   1.592843e+02 1.454263e+02 2.667686e+01
    endloop
  endfacet
  facet normal 9.999983e-01 -3.147077e-04 -1.791370e-03
    outer loop
      vertex   1.592867e+02 1.420932e+02 2.860404e+01
      vertex   1.592843e+02 1.454263e+02 2.667686e+01
      vertex   1.592846e+02 1.455453e+02 2.682000e+01
    endloop
  endfacet
  facet normal 9.999983e-01 -3.147077e-04 -1.791370e-03
    outer loop
      vertex   1.592846e+02 1.455453e+02 2.682000e+01
      vertex   1.592849e+02 1.456767e+02 2.695189e+01
      vertex   1.592867e+02 1.420932e+02 2.860404e+01
    endloop
  endfacet
  facet normal 9.999983e-01 -3.147077e-04 -1.791370e-03
    outer loop
      vertex   1.592867e+02 1.420932e+02 2.860404e+01
      vertex   1.592849e+02 1.456767e+02 2.695189e+01
      vertex   1.592852e+02 1.458195e+02 2.707147e+01
    endloop
  endfacet
  facet normal 9.999983e-01 -3.147077e-04 -1.791370e-03
    outer loop
      vertex   1.592867e+02 1.420932e+02 2.860404e+01
      vertex   1.592852e+02 1.458195e+02 2.707147e+01
      vertex   1.592854e+02 1.459723e+02 2.717778e+01
    endloop
  endfacet
  facet normal 9.999983e-01 -3.147077e-04 -1.791370e-03
    outer loop
      vertex   1.592854e+02 1.459723e+02 2.717778e+01
      vertex   1.592856e+02 1.461341e+02 2.726995e+01
      vertex   1.592867e+02 1.420932e+02 2.860404e+01
    endloop
  endfacet
  facet normal 9.999983e-01 -3.147077e-04 -1.791370e-03
    outer loop
      vertex   1.592867e+02 1.420932e+02 2.860404e+01
      vertex   1.592856e+02 1.461341e+02 2.726995e+01
      vertex   1.592858e+02 1.463035e+02 2.734726e+01
    endloop
  endfacet
  facet normal 9.999983e-01 -3.147077e-04 -1.791370e-03
    outer loop
      vertex   1.592867e+02 1.420932e+02 2.860404e+01
      vertex   1.592858e+02 1.463035e+02 2.734726e+01
      vertex   1.592860e+02 1.464791e+02 2.740907e+01
    endloop
  endfacet
  facet normal 9.999983e-01 -3.147077e-04 -1.791370e-03
    outer loop
      vertex   1.592867e+02 1.420932e+02 2.860404e+01
      vertex   1.592860e+02 1.464791e+02 2.740907e+01
      vertex   1.592871e+02 1.420790e+02 2.878243e+01
    endloop
  endfacet
  facet normal 9.999983e-01 -3.147077e-04 -1.791370e-03
    outer loop
      vertex   1.592871e+02 1.420790e+02 2.878243e+01
      vertex   1.592860e+02 1.464791e+02 2.740907e+01
      vertex   1.592861e+02 1.466596e+02 2.745489e+01
    endloop
  endfacet
  facet normal 9.999983e-01 -3.147077e-04 -1.791370e-03
    outer loop
      vertex   1.592871e+02 1.420790e+02 2.878243e+01
      vertex   1.592861e+02 1.466596e+02 2.745489e+01
      vertex   1.592874e+02 1.420494e+02 2.895892e+01
    endloop
  endfacet
  facet normal 9.999983e-01 -3.147077e-04 -1.791370e-03
    outer loop
      vertex   1.592874e+02 1.420494e+02 2.895892e+01
      vertex   1.592861e+02 1.466596e+02 2.745489e+01
      vertex   1.592862e+02 1.468434e+02 2.748434e+01
    endloop
  endfacet
  facet normal 9.999983e-01 -3.147077e-04 -1.791370e-03
    outer loop
      vertex   1.592874e+02 1.420494e+02 2.895892e+01
      vertex   1.592862e+02 1.468434e+02 2.748434e+01
      vertex   1.592877e+02 1.420047e+02 2.913222e+01
    endloop
  endfacet
  facet normal 9.999983e-01 -3.147077e-04 -1.791370e-03
    outer loop
      vertex   1.592877e+02 1.420047e+02 2.913222e+01
      vertex   1.592862e+02 1.468434e+02 2.748434e+01
      vertex   1.592933e+02 1.495077e+02 3.098899e+01
    endloop
  endfacet
  facet normal 9.999983e-01 -3.147077e-04 -1.791370e-03
    outer loop
      vertex   1.592877e+02 1.420047e+02 2.913222e+01
      vertex   1.592933e+02 1.495077e+02 3.098899e+01
      vertex   1.592879e+02 1.419452e+02 2.930102e+01
    endloop
  endfacet
  facet normal 9.999983e-01 -3.147077e-04 -1.791370e-03
    outer loop
      vertex   1.592879e+02 1.419452e+02 2.930102e+01
      vertex   1.592933e+02 1.495077e+02 3.098899e+01
      vertex   1.592882e+02 1.418715e+02 2.946406e+01
    endloop
  endfacet
  facet normal 9.999983e-01 -3.147077e-04 -1.791370e-03
    outer loop
      vertex   1.592882e+02 1.418715e+02 2.946406e+01
      vertex   1.592933e+02 1.495077e+02 3.098899e+01
      vertex   1.592885e+02 1.417839e+02 2.962015e+01
    endloop
  endfacet
  facet normal 9.999983e-01 -3.147077e-04 -1.791370e-03
    outer loop
      vertex   1.592885e+02 1.417839e+02 2.962015e+01
      vertex   1.592933e+02 1.495077e+02 3.098899e+01
      vertex   1.592887e+02 1.416832e+02 2.976811e+01
    endloop
  endfacet
  facet normal 9.999983e-01 -3.147077e-04 -1.791370e-03
    outer loop
      vertex   1.592887e+02 1.416832e+02 2.976811e+01
      vertex   1.592933e+02 1.495077e+02 3.098899e+01
      vertex   1.592889e+02 1.415702e+02 2.990684e+01
    endloop
  endfacet
  facet normal 9.999983e-01 -3.147077e-04 -1.791370e-03
    outer loop
      vertex   1.592889e+02 1.415702e+02 2.990684e+01
      vertex   1.592933e+02 1.495077e+02 3.098899e+01
      vertex   1.592891e+02 1.414456e+02 3.003532e+01
    endloop
  endfacet
  facet normal 9.999983e-01 -3.147077e-04 -1.791370e-03
    outer loop
      vertex   1.592891e+02 1.414456e+02 3.003532e+01
      vertex   1.592933e+02 1.495077e+02 3.098899e+01
      vertex   1.592893e+02 1.413104e+02 3.015259e+01
    endloop
  endfacet
  facet normal 9.999983e-01 -3.147077e-04 -1.791370e-03
    outer loop
      vertex   1.592893e+02 1.413104e+02 3.015259e+01
      vertex   1.592933e+02 1.495077e+02 3.098899e+01
      vertex   1.592894e+02 1.411656e+02 3.025777e+01
    endloop
  endfacet
  facet normal 9.999983e-01 -3.147077e-04 -1.791370e-03
    outer loop
      vertex   1.592894e+02 1.411656e+02 3.025777e+01
      vertex   1.592933e+02 1.495077e+02 3.098899e+01
      vertex   1.592895e+02 1.410123e+02 3.035009e+01
    endloop
  endfacet
  facet normal 9.999983e-01 -3.147077e-04 -1.791370e-03
    outer loop
      vertex   1.592895e+02 1.410123e+02 3.035009e+01
      vertex   1.592933e+02 1.495077e+02 3.098899e+01
      vertex   1.592896e+02 1.408516e+02 3.042885e+01
    endloop
  endfacet
  facet normal 9.999983e-01 -3.147077e-04 -1.791370e-03
    outer loop
      vertex   1.592896e+02 1.408516e+02 3.042885e+01
      vertex   1.592933e+02 1.495077e+02 3.098899e+01
      vertex   1.593003e+02 1.346761e+02 3.746522e+01
    endloop
  endfacet
  facet normal 9.999983e-01 -3.147077e-04 -1.791370e-03
    outer loop
      vertex   1.592896e+02 1.408516e+02 3.042885e+01
      vertex   1.593003e+02 1.346761e+02 3.746522e+01
      vertex   1.592939e+02 1.317392e+02 3.441731e+01
    endloop
  endfacet
  facet normal 9.999983e-01 -3.147077e-04 -1.791370e-03
    outer loop
      vertex   1.592939e+02 1.317392e+02 3.441731e+01
      vertex   1.593003e+02 1.346761e+02 3.746522e+01
      vertex   1.592940e+02 1.315655e+02 3.448424e+01
    endloop
  endfacet
  facet normal 9.999983e-01 -3.147077e-04 -1.791370e-03
    outer loop
      vertex   1.592940e+02 1.315655e+02 3.448424e+01
      vertex   1.593003e+02 1.346761e+02 3.746522e+01
      vertex   1.592940e+02 1.313865e+02 3.453533e+01
    endloop
  endfacet
  facet normal 9.999983e-01 -3.147077e-04 -1.791370e-03
    outer loop
      vertex   1.592940e+02 1.313865e+02 3.453533e+01
      vertex   1.593003e+02 1.346761e+02 3.746522e+01
      vertex   1.592940e+02 1.312036e+02 3.457016e+01
    endloop
  endfacet
  facet normal 9.999983e-01 -3.147077e-04 -1.791370e-03
    outer loop
      vertex   1.592940e+02 1.312036e+02 3.457016e+01
      vertex   1.593003e+02 1.346761e+02 3.746522e+01
      vertex   1.593004e+02 1.343849e+02 3.758340e+01
    endloop
  endfacet
  facet normal 9.999983e-01 -3.147077e-04 -1.791370e-03
    outer loop
      vertex   1.592940e+02 1.312036e+02 3.457016e+01
      vertex   1.593004e+02 1.343849e+02 3.758340e+01
      vertex   1.593005e+02 1.340879e+02 3.768617e+01
    endloop
  endfacet
  facet normal 9.999983e-01 -3.147077e-04 -1.791370e-03
    outer loop
      vertex   1.592862e+02 1.468434e+02 2.748434e+01
      vertex   1.592863e+02 1.470291e+02 2.749720e+01
      vertex   1.592933e+02 1.495077e+02 3.098899e+01
    endloop
  endfacet
  facet normal 9.999983e-01 -3.147077e-04 -1.791370e-03
    outer loop
      vertex   1.592933e+02 1.495077e+02 3.098899e+01
      vertex   1.592863e+02 1.470291e+02 2.749720e+01
      vertex   1.592932e+02 1.497963e+02 3.085384e+01
    endloop
  endfacet
  facet normal 9.999983e-01 -3.147077e-04 -1.791370e-03
    outer loop
      vertex   1.592932e+02 1.497963e+02 3.085384e+01
      vertex   1.592863e+02 1.470291e+02 2.749720e+01
      vertex   1.592930e+02 1.500775e+02 3.070372e+01
    endloop
  endfacet
  facet normal 9.999983e-01 -3.147077e-04 -1.791370e-03
    outer loop
      vertex   1.592930e+02 1.500775e+02 3.070372e+01
      vertex   1.592863e+02 1.470291e+02 2.749720e+01
      vertex   1.592928e+02 1.503504e+02 3.053906e+01
    endloop
  endfacet
  facet normal 9.999983e-01 -3.147077e-04 -1.791370e-03
    outer loop
      vertex   1.592928e+02 1.503504e+02 3.053906e+01
      vertex   1.592863e+02 1.470291e+02 2.749720e+01
      vertex   1.592864e+02 1.472153e+02 2.749336e+01
    endloop
  endfacet
  facet normal 9.999983e-01 -3.147077e-04 -1.791370e-03
    outer loop
      vertex   1.592928e+02 1.503504e+02 3.053906e+01
      vertex   1.592864e+02 1.472153e+02 2.749336e+01
      vertex   1.592926e+02 1.506143e+02 3.036031e+01
    endloop
  endfacet
  facet normal 9.999983e-01 -3.147077e-04 -1.791370e-03
    outer loop
      vertex   1.592926e+02 1.506143e+02 3.036031e+01
      vertex   1.592864e+02 1.472153e+02 2.749336e+01
      vertex   1.592923e+02 1.508684e+02 3.016796e+01
    endloop
  endfacet
  facet normal 9.999983e-01 -3.147077e-04 -1.791370e-03
    outer loop
      vertex   1.592923e+02 1.508684e+02 3.016796e+01
      vertex   1.592864e+02 1.472153e+02 2.749336e+01
      vertex   1.592920e+02 1.511121e+02 2.996255e+01
    endloop
  endfacet
  facet normal 9.999983e-01 -3.147077e-04 -1.791370e-03
    outer loop
      vertex   1.592920e+02 1.511121e+02 2.996255e+01
      vertex   1.592864e+02 1.472153e+02 2.749336e+01
      vertex   1.592864e+02 1.474003e+02 2.747284e+01
    endloop
  endfacet
  facet normal 9.999983e-01 -3.147077e-04 -1.791370e-03
    outer loop
      vertex   1.592920e+02 1.511121e+02 2.996255e+01
      vertex   1.592864e+02 1.474003e+02 2.747284e+01
      vertex   1.592917e+02 1.513447e+02 2.974465e+01
    endloop
  endfacet
  facet normal 9.999983e-01 -3.147077e-04 -1.791370e-03
    outer loop
      vertex   1.592917e+02 1.513447e+02 2.974465e+01
      vertex   1.592864e+02 1.474003e+02 2.747284e+01
      vertex   1.592913e+02 1.515655e+02 2.951483e+01
    endloop
  endfacet
  facet normal 9.999983e-01 -3.147077e-04 -1.791370e-03
    outer loop
      vertex   1.592913e+02 1.515655e+02 2.951483e+01
      vertex   1.592864e+02 1.474003e+02 2.747284e+01
      vertex   1.592864e+02 1.475828e+02 2.743582e+01
    endloop
  endfacet
  facet normal 9.999983e-01 -3.147077e-04 -1.791370e-03
    outer loop
      vertex   1.592913e+02 1.515655e+02 2.951483e+01
      vertex   1.592864e+02 1.475828e+02 2.743582e+01
      vertex   1.592910e+02 1.517740e+02 2.927375e+01
    endloop
  endfacet
  facet normal 9.999983e-01 -3.147077e-04 -1.791370e-03
    outer loop
      vertex   1.592910e+02 1.517740e+02 2.927375e+01
      vertex   1.592864e+02 1.475828e+02 2.743582e+01
      vertex   1.592863e+02 1.477612e+02 2.738259e+01
    endloop
  endfacet
  facet normal 9.999983e-01 -3.147077e-04 -1.791370e-03
    outer loop
      vertex   1.592910e+02 1.517740e+02 2.927375e+01
      vertex   1.592863e+02 1.477612e+02 2.738259e+01
      vertex   1.592906e+02 1.519695e+02 2.902207e+01
    endloop
  endfacet
  facet normal 9.999983e-01 -3.147077e-04 -1.791370e-03
    outer loop
      vertex   1.592906e+02 1.519695e+02 2.902207e+01
      vertex   1.592863e+02 1.477612e+02 2.738259e+01
      vertex   1.592902e+02 1.521516e+02 2.876047e+01
    endloop
  endfacet
  facet normal 9.999983e-01 -3.147077e-04 -1.791370e-03
    outer loop
      vertex   1.592902e+02 1.521516e+02 2.876047e+01
      vertex   1.592863e+02 1.477612e+02 2.738259e+01
      vertex   1.592863e+02 1.479342e+02 2.731359e+01
    endloop
  endfacet
  facet normal 9.999983e-01 -3.147077e-04 -1.791370e-03
    outer loop
      vertex   1.592902e+02 1.521516e+02 2.876047e+01
      vertex   1.592863e+02 1.479342e+02 2.731359e+01
      vertex   1.592897e+02 1.523197e+02 2.848968e+01
    endloop
  endfacet
  facet normal 9.999983e-01 -3.147077e-04 -1.791370e-03
    outer loop
      vertex   1.592897e+02 1.523197e+02 2.848968e+01
      vertex   1.592863e+02 1.479342e+02 2.731359e+01
      vertex   1.592862e+02 1.481002e+02 2.722936e+01
    endloop
  endfacet
  facet normal 9.999983e-01 -3.147077e-04 -1.791370e-03
    outer loop
      vertex   1.592897e+02 1.523197e+02 2.848968e+01
      vertex   1.592862e+02 1.481002e+02 2.722936e+01
      vertex   1.592893e+02 1.524733e+02 2.821044e+01
    endloop
  endfacet
  facet normal 9.999983e-01 -3.147077e-04 -1.791370e-03
    outer loop
      vertex   1.592893e+02 1.524733e+02 2.821044e+01
      vertex   1.592862e+02 1.481002e+02 2.722936e+01
      vertex   1.592860e+02 1.482580e+02 2.713058e+01
    endloop
  endfacet
  facet normal 9.999983e-01 -3.147077e-04 -1.791370e-03
    outer loop
      vertex   1.592893e+02 1.524733e+02 2.821044e+01
      vertex   1.592860e+02 1.482580e+02 2.713058e+01
      vertex   1.592888e+02 1.526121e+02 2.792354e+01
    endloop
  endfacet
  facet normal 9.999983e-01 -3.147077e-04 -1.791370e-03
    outer loop
      vertex   1.592888e+02 1.526121e+02 2.792354e+01
      vertex   1.592860e+02 1.482580e+02 2.713058e+01
      vertex   1.592859e+02 1.484064e+02 2.701806e+01
    endloop
  endfacet
  facet normal 9.999983e-01 -3.147077e-04 -1.791370e-03
    outer loop
      vertex   1.592888e+02 1.526121e+02 2.792354e+01
      vertex   1.592859e+02 1.484064e+02 2.701806e+01
      vertex   1.592857e+02 1.485440e+02 2.689269e+01
    endloop
  endfacet
  facet normal 9.999983e-01 -3.147077e-04 -1.791370e-03
    outer loop
      vertex   1.592888e+02 1.526121e+02 2.792354e+01
      vertex   1.592857e+02 1.485440e+02 2.689269e+01
      vertex   1.592883e+02 1.527357e+02 2.762974e+01
    endloop
  endfacet
  facet normal 9.999983e-01 -3.147077e-04 -1.791370e-03
    outer loop
      vertex   1.592883e+02 1.527357e+02 2.762974e+01
      vertex   1.592857e+02 1.485440e+02 2.689269e+01
      vertex   1.592855e+02 1.486699e+02 2.675549e+01
    endloop
  endfacet
  facet normal 9.999983e-01 -3.147077e-04 -1.791370e-03
    outer loop
      vertex   1.592883e+02 1.527357e+02 2.762974e+01
      vertex   1.592855e+02 1.486699e+02 2.675549e+01
      vertex   1.592878e+02 1.528436e+02 2.732987e+01
    endloop
  endfacet
  facet normal 9.999983e-01 -3.147077e-04 -1.791370e-03
    outer loop
      vertex   1.592878e+02 1.528436e+02 2.732987e+01
      vertex   1.592855e+02 1.486699e+02 2.675549e+01
      vertex   1.592853e+02 1.487830e+02 2.660755e+01
    endloop
  endfacet
  facet normal 9.999983e-01 -3.147077e-04 -1.791370e-03
    outer loop
      vertex   1.592878e+02 1.528436e+02 2.732987e+01
      vertex   1.592853e+02 1.487830e+02 2.660755e+01
      vertex   1.592873e+02 1.529357e+02 2.702474e+01
    endloop
  endfacet
  facet normal 9.999983e-01 -3.147077e-04 -1.791370e-03
    outer loop
      vertex   1.592873e+02 1.529357e+02 2.702474e+01
      vertex   1.592853e+02 1.487830e+02 2.660755e+01
      vertex   1.592850e+02 1.488823e+02 2.645008e+01
    endloop
  endfacet
  facet normal 9.999983e-01 -3.147077e-04 -1.791370e-03
    outer loop
      vertex   1.592873e+02 1.529357e+02 2.702474e+01
      vertex   1.592850e+02 1.488823e+02 2.645008e+01
      vertex   1.592868e+02 1.530117e+02 2.671521e+01
    endloop
  endfacet
  facet normal 9.999983e-01 -3.147077e-04 -1.791370e-03
    outer loop
      vertex   1.592868e+02 1.530117e+02 2.671521e+01
      vertex   1.592850e+02 1.488823e+02 2.645008e+01
      vertex   1.592847e+02 1.489671e+02 2.628434e+01
    endloop
  endfacet
  facet normal 9.999983e-01 -3.147077e-04 -1.791370e-03
    outer loop
      vertex   1.592868e+02 1.530117e+02 2.671521e+01
      vertex   1.592847e+02 1.489671e+02 2.628434e+01
      vertex   1.592845e+02 1.490368e+02 2.611166e+01
    endloop
  endfacet
  facet normal 9.999983e-01 -3.147077e-04 -1.791370e-03
    outer loop
      vertex   1.592868e+02 1.530117e+02 2.671521e+01
      vertex   1.592845e+02 1.490368e+02 2.611166e+01
      vertex   1.592862e+02 1.530713e+02 2.640211e+01
    endloop
  endfacet
  facet normal 9.999983e-01 -3.147077e-04 -1.791370e-03
    outer loop
      vertex   1.592862e+02 1.530713e+02 2.640211e+01
      vertex   1.592845e+02 1.490368e+02 2.611166e+01
      vertex   1.592842e+02 1.490906e+02 2.593343e+01
    endloop
  endfacet
  facet normal 9.999983e-01 -3.147077e-04 -1.791370e-03
    outer loop
      vertex   1.592862e+02 1.530713e+02 2.640211e+01
      vertex   1.592842e+02 1.490906e+02 2.593343e+01
      vertex   1.592857e+02 1.531144e+02 2.608632e+01
    endloop
  endfacet
  facet normal 9.999983e-01 -3.147077e-04 -1.791370e-03
    outer loop
      vertex   1.592857e+02 1.531144e+02 2.608632e+01
      vertex   1.592842e+02 1.490906e+02 2.593343e+01
      vertex   1.592838e+02 1.491283e+02 2.575109e+01
    endloop
  endfacet
  facet normal 9.999983e-01 -3.147077e-04 -1.791370e-03
    outer loop
      vertex   1.592857e+02 1.531144e+02 2.608632e+01
      vertex   1.592838e+02 1.491283e+02 2.575109e+01
      vertex   1.592851e+02 1.531409e+02 2.576871e+01
    endloop
  endfacet
  facet normal 9.999983e-01 -3.147077e-04 -1.791370e-03
    outer loop
      vertex   1.592851e+02 1.531409e+02 2.576871e+01
      vertex   1.592838e+02 1.491283e+02 2.575109e+01
      vertex   1.592835e+02 1.491495e+02 2.556611e+01
    endloop
  endfacet
  facet normal 9.999983e-01 -3.147077e-04 -1.791370e-03
    outer loop
      vertex   1.592851e+02 1.531409e+02 2.576871e+01
      vertex   1.592835e+02 1.491495e+02 2.556611e+01
      vertex   1.592846e+02 1.531507e+02 2.545014e+01
    endloop
  endfacet
  facet normal 9.999983e-01 -3.147077e-04 -1.791370e-03
    outer loop
      vertex   1.592846e+02 1.531507e+02 2.545014e+01
      vertex   1.592835e+02 1.491495e+02 2.556611e+01
      vertex   1.592832e+02 1.491540e+02 2.537998e+01
    endloop
  endfacet
  facet normal 9.999983e-01 -3.147077e-04 -1.791370e-03
    outer loop
      vertex   1.592846e+02 1.531507e+02 2.545014e+01
      vertex   1.592832e+02 1.491540e+02 2.537998e+01
      vertex   1.592840e+02 1.531437e+02 2.513150e+01
    endloop
  endfacet
  facet normal 9.999983e-01 -3.147077e-04 -1.791370e-03
    outer loop
      vertex   1.592840e+02 1.531437e+02 2.513150e+01
      vertex   1.592832e+02 1.491540e+02 2.537998e+01
      vertex   1.592834e+02 1.531201e+02 2.481366e+01
    endloop
  endfacet
  facet normal 9.999983e-01 -3.147077e-04 -1.791370e-03
    outer loop
      vertex   1.592834e+02 1.531201e+02 2.481366e+01
      vertex   1.592832e+02 1.491540e+02 2.537998e+01
      vertex   1.592828e+02 1.530798e+02 2.449750e+01
    endloop
  endfacet
  facet normal 9.999983e-01 -3.147077e-04 -1.791370e-03
    outer loop
      vertex   1.592828e+02 1.530798e+02 2.449750e+01
      vertex   1.592832e+02 1.491540e+02 2.537998e+01
      vertex   1.592823e+02 1.530230e+02 2.418389e+01
    endloop
  endfacet
  facet normal 9.999983e-01 -3.147077e-04 -1.791370e-03
    outer loop
      vertex   1.592823e+02 1.530230e+02 2.418389e+01
      vertex   1.592832e+02 1.491540e+02 2.537998e+01
      vertex   1.592817e+02 1.529498e+02 2.387368e+01
    endloop
  endfacet
  facet normal 9.999983e-01 -3.147077e-04 -1.791370e-03
    outer loop
      vertex   1.592817e+02 1.529498e+02 2.387368e+01
      vertex   1.592832e+02 1.491540e+02 2.537998e+01
      vertex   1.592811e+02 1.528604e+02 2.356776e+01
    endloop
  endfacet
  facet normal 9.999983e-01 -3.147077e-04 -1.791370e-03
    outer loop
      vertex   1.592811e+02 1.528604e+02 2.356776e+01
      vertex   1.592832e+02 1.491540e+02 2.537998e+01
      vertex   1.592805e+02 1.527551e+02 2.326693e+01
    endloop
  endfacet
  facet normal 9.999983e-01 -3.147077e-04 -1.791370e-03
    outer loop
      vertex   1.592805e+02 1.527551e+02 2.326693e+01
      vertex   1.592832e+02 1.491540e+02 2.537998e+01
      vertex   1.592800e+02 1.526342e+02 2.297205e+01
    endloop
  endfacet
  facet normal 9.999983e-01 -3.147077e-04 -1.791370e-03
    outer loop
      vertex   1.592800e+02 1.526342e+02 2.297205e+01
      vertex   1.592832e+02 1.491540e+02 2.537998e+01
      vertex   1.592794e+02 1.524979e+02 2.268391e+01
    endloop
  endfacet
  facet normal 9.999983e-01 -3.147077e-04 -1.791370e-03
    outer loop
      vertex   1.592794e+02 1.524979e+02 2.268391e+01
      vertex   1.592832e+02 1.491540e+02 2.537998e+01
      vertex   1.592789e+02 1.523468e+02 2.240332e+01
    endloop
  endfacet
  facet normal 9.999983e-01 -3.147077e-04 -1.791370e-03
    outer loop
      vertex   1.592789e+02 1.523468e+02 2.240332e+01
      vertex   1.592832e+02 1.491540e+02 2.537998e+01
      vertex   1.592783e+02 1.521811e+02 2.213106e+01
    endloop
  endfacet
  facet normal 9.999983e-01 -3.147077e-04 -1.791370e-03
    outer loop
      vertex   1.592783e+02 1.521811e+02 2.213106e+01
      vertex   1.592832e+02 1.491540e+02 2.537998e+01
      vertex   1.592778e+02 1.520014e+02 2.186784e+01
    endloop
  endfacet
  facet normal 9.999983e-01 -3.147077e-04 -1.791370e-03
    outer loop
      vertex   1.592778e+02 1.520014e+02 2.186784e+01
      vertex   1.592832e+02 1.491540e+02 2.537998e+01
      vertex   1.592773e+02 1.518081e+02 2.161442e+01
    endloop
  endfacet
  facet normal 9.999983e-01 -3.147077e-04 -1.791370e-03
    outer loop
      vertex   1.592773e+02 1.518081e+02 2.161442e+01
      vertex   1.592832e+02 1.491540e+02 2.537998e+01
      vertex   1.592768e+02 1.516018e+02 2.137149e+01
    endloop
  endfacet
  facet normal 9.999983e-01 -3.147077e-04 -1.791370e-03
    outer loop
      vertex   1.592768e+02 1.516018e+02 2.137149e+01
      vertex   1.592832e+02 1.491540e+02 2.537998e+01
      vertex   1.592763e+02 1.513830e+02 2.113972e+01
    endloop
  endfacet
  facet normal 9.999983e-01 -3.147077e-04 -1.791370e-03
    outer loop
      vertex   1.592763e+02 1.513830e+02 2.113972e+01
      vertex   1.592832e+02 1.491540e+02 2.537998e+01
      vertex   1.592758e+02 1.511524e+02 2.091975e+01
    endloop
  endfacet
  facet normal 9.999983e-01 -3.147077e-04 -1.791370e-03
    outer loop
      vertex   1.592758e+02 1.511524e+02 2.091975e+01
      vertex   1.592832e+02 1.491540e+02 2.537998e+01
      vertex   1.592754e+02 1.509105e+02 2.071218e+01
    endloop
  endfacet
  facet normal 9.999983e-01 -3.147077e-04 -1.791370e-03
    outer loop
      vertex   1.592754e+02 1.509105e+02 2.071218e+01
      vertex   1.592832e+02 1.491540e+02 2.537998e+01
      vertex   1.592749e+02 1.506581e+02 2.051758e+01
    endloop
  endfacet
  facet normal 9.999983e-01 -3.147077e-04 -1.791370e-03
    outer loop
      vertex   1.592749e+02 1.506581e+02 2.051758e+01
      vertex   1.592832e+02 1.491540e+02 2.537998e+01
      vertex   1.592745e+02 1.503958e+02 2.033648e+01
    endloop
  endfacet
  facet normal 9.999983e-01 -3.147077e-04 -1.791370e-03
    outer loop
      vertex   1.592745e+02 1.503958e+02 2.033648e+01
      vertex   1.592832e+02 1.491540e+02 2.537998e+01
      vertex   1.592742e+02 1.501244e+02 2.016941e+01
    endloop
  endfacet
  facet normal 9.999983e-01 -3.147077e-04 -1.791370e-03
    outer loop
      vertex   1.592742e+02 1.501244e+02 2.016941e+01
      vertex   1.592832e+02 1.491540e+02 2.537998e+01
      vertex   1.592738e+02 1.498446e+02 2.001679e+01
    endloop
  endfacet
  facet normal 9.999983e-01 -3.147077e-04 -1.791370e-03
    outer loop
      vertex   1.592738e+02 1.498446e+02 2.001679e+01
      vertex   1.592832e+02 1.491540e+02 2.537998e+01
      vertex   1.592735e+02 1.495572e+02 1.987906e+01
    endloop
  endfacet
  facet normal 9.999983e-01 -3.147077e-04 -1.791370e-03
    outer loop
      vertex   1.592735e+02 1.495572e+02 1.987906e+01
      vertex   1.592832e+02 1.491540e+02 2.537998e+01
      vertex   1.592828e+02 1.491418e+02 2.519419e+01
    endloop
  endfacet
  facet normal 9.999983e-01 -3.147077e-04 -1.791370e-03
    outer loop
      vertex   1.592735e+02 1.495572e+02 1.987906e+01
      vertex   1.592828e+02 1.491418e+02 2.519419e+01
      vertex   1.592825e+02 1.491130e+02 2.501024e+01
    endloop
  endfacet
  facet normal 9.999983e-01 -3.147077e-04 -1.791370e-03
    outer loop
      vertex   1.592825e+02 1.491130e+02 2.501024e+01
      vertex   1.592822e+02 1.490678e+02 2.482961e+01
      vertex   1.592735e+02 1.495572e+02 1.987906e+01
    endloop
  endfacet
  facet normal 9.999983e-01 -3.147077e-04 -1.791370e-03
    outer loop
      vertex   1.592735e+02 1.495572e+02 1.987906e+01
      vertex   1.592822e+02 1.490678e+02 2.482961e+01
      vertex   1.592818e+02 1.490067e+02 2.465376e+01
    endloop
  endfacet
  facet normal 9.999983e-01 -3.147077e-04 -1.791370e-03
    outer loop
      vertex   1.592735e+02 1.495572e+02 1.987906e+01
      vertex   1.592818e+02 1.490067e+02 2.465376e+01
      vertex   1.592815e+02 1.489300e+02 2.448411e+01
    endloop
  endfacet
  facet normal 9.999983e-01 -3.147077e-04 -1.791370e-03
    outer loop
      vertex   1.592815e+02 1.489300e+02 2.448411e+01
      vertex   1.592812e+02 1.488384e+02 2.432200e+01
      vertex   1.592735e+02 1.495572e+02 1.987906e+01
    endloop
  endfacet
  facet normal 9.999983e-01 -3.147077e-04 -1.791370e-03
    outer loop
      vertex   1.592735e+02 1.495572e+02 1.987906e+01
      vertex   1.592812e+02 1.488384e+02 2.432200e+01
      vertex   1.592809e+02 1.487326e+02 2.416877e+01
    endloop
  endfacet
  facet normal 9.999983e-01 -3.147077e-04 -1.791370e-03
    outer loop
      vertex   1.592735e+02 1.495572e+02 1.987906e+01
      vertex   1.592809e+02 1.487326e+02 2.416877e+01
      vertex   1.592806e+02 1.486135e+02 2.402563e+01
    endloop
  endfacet
  facet normal 9.999983e-01 -3.147077e-04 -1.791370e-03
    outer loop
      vertex   1.592806e+02 1.486135e+02 2.402563e+01
      vertex   1.592803e+02 1.484821e+02 2.389373e+01
      vertex   1.592735e+02 1.495572e+02 1.987906e+01
    endloop
  endfacet
  facet normal 9.999983e-01 -3.147077e-04 -1.791370e-03
    outer loop
      vertex   1.592735e+02 1.495572e+02 1.987906e+01
      vertex   1.592803e+02 1.484821e+02 2.389373e+01
      vertex   1.592800e+02 1.483394e+02 2.377415e+01
    endloop
  endfacet
  facet normal 9.999983e-01 -3.147077e-04 -1.791370e-03
    outer loop
      vertex   1.592735e+02 1.495572e+02 1.987906e+01
      vertex   1.592800e+02 1.483394e+02 2.377415e+01
      vertex   1.592798e+02 1.481865e+02 2.366785e+01
    endloop
  endfacet
  facet normal 9.999983e-01 -3.147077e-04 -1.791370e-03
    outer loop
      vertex   1.592798e+02 1.481865e+02 2.366785e+01
      vertex   1.592796e+02 1.480248e+02 2.357567e+01
      vertex   1.592735e+02 1.495572e+02 1.987906e+01
    endloop
  endfacet
  facet normal 9.999983e-01 -3.147077e-04 -1.791370e-03
    outer loop
      vertex   1.592735e+02 1.495572e+02 1.987906e+01
      vertex   1.592796e+02 1.480248e+02 2.357567e+01
      vertex   1.592794e+02 1.478554e+02 2.349837e+01
    endloop
  endfacet
  facet normal 9.999983e-01 -3.147077e-04 -1.791370e-03
    outer loop
      vertex   1.592735e+02 1.495572e+02 1.987906e+01
      vertex   1.592794e+02 1.478554e+02 2.349837e+01
      vertex   1.592792e+02 1.476798e+02 2.343656e+01
    endloop
  endfacet
  facet normal 9.999983e-01 -3.147077e-04 -1.791370e-03
    outer loop
      vertex   1.592792e+02 1.476798e+02 2.343656e+01
      vertex   1.592791e+02 1.474993e+02 2.339074e+01
      vertex   1.592735e+02 1.495572e+02 1.987906e+01
    endloop
  endfacet
  facet normal 9.999983e-01 -3.147077e-04 -1.791370e-03
    outer loop
      vertex   1.592735e+02 1.495572e+02 1.987906e+01
      vertex   1.592791e+02 1.474993e+02 2.339074e+01
      vertex   1.592790e+02 1.473155e+02 2.336128e+01
    endloop
  endfacet
  facet normal 9.999983e-01 -3.147077e-04 -1.791370e-03
    outer loop
      vertex   1.592735e+02 1.495572e+02 1.987906e+01
      vertex   1.592790e+02 1.473155e+02 2.336128e+01
      vertex   1.592789e+02 1.471297e+02 2.334843e+01
    endloop
  endfacet
  facet normal 9.999983e-01 -3.147077e-04 -1.791370e-03
    outer loop
      vertex   1.592822e+02 1.393545e+02 2.656245e+01
      vertex   1.592823e+02 1.391876e+02 2.662708e+01
      vertex   1.592727e+02 1.286657e+02 2.312331e+01
    endloop
  endfacet
  facet normal 9.999983e-01 -3.147077e-04 -1.791370e-03
    outer loop
      vertex   1.592727e+02 1.286657e+02 2.312331e+01
      vertex   1.592823e+02 1.391876e+02 2.662708e+01
      vertex   1.592866e+02 1.300752e+02 3.061554e+01
    endloop
  endfacet
  facet normal 9.999983e-01 -3.147077e-04 -1.791370e-03
    outer loop
      vertex   1.592727e+02 1.286657e+02 2.312331e+01
      vertex   1.592866e+02 1.300752e+02 3.061554e+01
      vertex   1.592867e+02 1.299082e+02 3.069778e+01
    endloop
  endfacet
  facet normal 9.999983e-01 -3.147077e-04 -1.791370e-03
    outer loop
      vertex   1.592867e+02 1.299082e+02 3.069778e+01
      vertex   1.592868e+02 1.297492e+02 3.079465e+01
      vertex   1.592727e+02 1.286657e+02 2.312331e+01
    endloop
  endfacet
  facet normal 9.999983e-01 -3.147077e-04 -1.791370e-03
    outer loop
      vertex   1.592727e+02 1.286657e+02 2.312331e+01
      vertex   1.592868e+02 1.297492e+02 3.079465e+01
      vertex   1.592869e+02 1.295995e+02 3.090539e+01
    endloop
  endfacet
  facet normal 9.999983e-01 -3.147077e-04 -1.791370e-03
    outer loop
      vertex   1.592727e+02 1.286657e+02 2.312331e+01
      vertex   1.592869e+02 1.295995e+02 3.090539e+01
      vertex   1.592871e+02 1.294603e+02 3.102910e+01
    endloop
  endfacet
  facet normal 9.999983e-01 -3.147077e-04 -1.791370e-03
    outer loop
      vertex   1.592871e+02 1.294603e+02 3.102910e+01
      vertex   1.592873e+02 1.293329e+02 3.116479e+01
      vertex   1.592727e+02 1.286657e+02 2.312331e+01
    endloop
  endfacet
  facet normal 9.999983e-01 -3.147077e-04 -1.791370e-03
    outer loop
      vertex   1.592727e+02 1.286657e+02 2.312331e+01
      vertex   1.592873e+02 1.293329e+02 3.116479e+01
      vertex   1.592875e+02 1.292180e+02 3.131135e+01
    endloop
  endfacet
  facet normal 9.999983e-01 -3.147077e-04 -1.791370e-03
    outer loop
      vertex   1.592727e+02 1.286657e+02 2.312331e+01
      vertex   1.592875e+02 1.292180e+02 3.131135e+01
      vertex   1.592878e+02 1.291168e+02 3.146762e+01
    endloop
  endfacet
  facet normal 9.999983e-01 -3.147077e-04 -1.791370e-03
    outer loop
      vertex   1.592878e+02 1.291168e+02 3.146762e+01
      vertex   1.592880e+02 1.290300e+02 3.163234e+01
      vertex   1.592727e+02 1.286657e+02 2.312331e+01
    endloop
  endfacet
  facet normal 9.999983e-01 -3.147077e-04 -1.791370e-03
    outer loop
      vertex   1.592727e+02 1.286657e+02 2.312331e+01
      vertex   1.592880e+02 1.290300e+02 3.163234e+01
      vertex   1.592883e+02 1.289583e+02 3.180417e+01
    endloop
  endfacet
  facet normal 9.999983e-01 -3.147077e-04 -1.791370e-03
    outer loop
      vertex   1.592727e+02 1.286657e+02 2.312331e+01
      vertex   1.592883e+02 1.289583e+02 3.180417e+01
      vertex   1.592886e+02 1.289023e+02 3.198174e+01
    endloop
  endfacet
  facet normal 9.999983e-01 -3.147077e-04 -1.791370e-03
    outer loop
      vertex   1.592886e+02 1.289023e+02 3.198174e+01
      vertex   1.592889e+02 1.288624e+02 3.216361e+01
      vertex   1.592727e+02 1.286657e+02 2.312331e+01
    endloop
  endfacet
  facet normal 9.999983e-01 -3.147077e-04 -1.791370e-03
    outer loop
      vertex   1.592727e+02 1.286657e+02 2.312331e+01
      vertex   1.592889e+02 1.288624e+02 3.216361e+01
      vertex   1.592893e+02 1.288391e+02 3.234833e+01
    endloop
  endfacet
  facet normal 9.999983e-01 -3.147077e-04 -1.791370e-03
    outer loop
      vertex   1.592727e+02 1.286657e+02 2.312331e+01
      vertex   1.592893e+02 1.288391e+02 3.234833e+01
      vertex   1.592896e+02 1.288323e+02 3.253439e+01
    endloop
  endfacet
  facet normal 9.999983e-01 -3.147077e-04 -1.791370e-03
    outer loop
      vertex   1.592903e+02 1.288689e+02 3.290459e+01
      vertex   1.592906e+02 1.289119e+02 3.308575e+01
      vertex   1.592895e+02 1.216480e+02 3.372814e+01
    endloop
  endfacet
  facet normal 9.999983e-01 -3.147077e-04 -1.791370e-03
    outer loop
      vertex   1.592895e+02 1.216480e+02 3.372814e+01
      vertex   1.592906e+02 1.289119e+02 3.308575e+01
      vertex   1.592910e+02 1.289709e+02 3.326232e+01
    endloop
  endfacet
  facet normal 9.999983e-01 -3.147077e-04 -1.791370e-03
    outer loop
      vertex   1.592895e+02 1.216480e+02 3.372814e+01
      vertex   1.592910e+02 1.289709e+02 3.326232e+01
      vertex   1.592913e+02 1.290456e+02 3.343289e+01
    endloop
  endfacet
  facet normal 9.999983e-01 -3.147077e-04 -1.791370e-03
    outer loop
      vertex   1.592913e+02 1.290456e+02 3.343289e+01
      vertex   1.592916e+02 1.291352e+02 3.359607e+01
      vertex   1.592895e+02 1.216480e+02 3.372814e+01
    endloop
  endfacet
  facet normal 9.999983e-01 -3.147077e-04 -1.791370e-03
    outer loop
      vertex   1.592895e+02 1.216480e+02 3.372814e+01
      vertex   1.592916e+02 1.291352e+02 3.359607e+01
      vertex   1.592919e+02 1.292391e+02 3.375057e+01
    endloop
  endfacet
  facet normal 9.999983e-01 -3.147077e-04 -1.791370e-03
    outer loop
      vertex   1.592895e+02 1.216480e+02 3.372814e+01
      vertex   1.592919e+02 1.292391e+02 3.375057e+01
      vertex   1.592922e+02 1.293565e+02 3.389513e+01
    endloop
  endfacet
  facet normal 9.999983e-01 -3.147077e-04 -1.791370e-03
    outer loop
      vertex   1.592922e+02 1.293565e+02 3.389513e+01
      vertex   1.592925e+02 1.294863e+02 3.402858e+01
      vertex   1.592895e+02 1.216480e+02 3.372814e+01
    endloop
  endfacet
  facet normal 9.999983e-01 -3.147077e-04 -1.791370e-03
    outer loop
      vertex   1.592895e+02 1.216480e+02 3.372814e+01
      vertex   1.592925e+02 1.294863e+02 3.402858e+01
      vertex   1.592927e+02 1.296276e+02 3.414987e+01
    endloop
  endfacet
  facet normal 9.999983e-01 -3.147077e-04 -1.791370e-03
    outer loop
      vertex   1.592895e+02 1.216480e+02 3.372814e+01
      vertex   1.592927e+02 1.296276e+02 3.414987e+01
      vertex   1.592930e+02 1.297792e+02 3.425800e+01
    endloop
  endfacet
  facet normal 9.999983e-01 -3.147077e-04 -1.791370e-03
    outer loop
      vertex   1.592895e+02 1.216480e+02 3.372814e+01
      vertex   1.592930e+02 1.297792e+02 3.425800e+01
      vertex   1.592987e+02 1.297930e+02 3.742910e+01
    endloop
  endfacet
  facet normal 9.999983e-01 -3.147077e-04 -1.791370e-03
    outer loop
      vertex   1.592987e+02 1.297930e+02 3.742910e+01
      vertex   1.592930e+02 1.297792e+02 3.425800e+01
      vertex   1.592932e+02 1.299398e+02 3.435210e+01
    endloop
  endfacet
  facet normal 9.999983e-01 -3.147077e-04 -1.791370e-03
    outer loop
      vertex   1.592987e+02 1.297930e+02 3.742910e+01
      vertex   1.592932e+02 1.299398e+02 3.435210e+01
      vertex   1.592934e+02 1.301083e+02 3.443143e+01
    endloop
  endfacet
  facet normal 9.999983e-01 -3.147077e-04 -1.791370e-03
    outer loop
      vertex   1.592934e+02 1.301083e+02 3.443143e+01
      vertex   1.592936e+02 1.302831e+02 3.449534e+01
      vertex   1.592987e+02 1.297930e+02 3.742910e+01
    endloop
  endfacet
  facet normal 9.999983e-01 -3.147077e-04 -1.791370e-03
    outer loop
      vertex   1.592987e+02 1.297930e+02 3.742910e+01
      vertex   1.592936e+02 1.302831e+02 3.449534e+01
      vertex   1.592937e+02 1.304630e+02 3.454332e+01
    endloop
  endfacet
  facet normal 9.999983e-01 -3.147077e-04 -1.791370e-03
    outer loop
      vertex   1.592987e+02 1.297930e+02 3.742910e+01
      vertex   1.592937e+02 1.304630e+02 3.454332e+01
      vertex   1.592938e+02 1.306465e+02 3.457498e+01
    endloop
  endfacet
  facet normal 9.999983e-01 -3.147077e-04 -1.791370e-03
    outer loop
      vertex   1.592938e+02 1.306465e+02 3.457498e+01
      vertex   1.592939e+02 1.308321e+02 3.459006e+01
      vertex   1.592987e+02 1.297930e+02 3.742910e+01
    endloop
  endfacet
  facet normal 9.999983e-01 -3.147077e-04 -1.791370e-03
    outer loop
      vertex   1.592987e+02 1.297930e+02 3.742910e+01
      vertex   1.592939e+02 1.308321e+02 3.459006e+01
      vertex   1.592940e+02 1.310183e+02 3.458845e+01
    endloop
  endfacet
  facet normal 9.999983e-01 -3.147077e-04 -1.791370e-03
    outer loop
      vertex   1.592987e+02 1.297930e+02 3.742910e+01
      vertex   1.592940e+02 1.310183e+02 3.458845e+01
      vertex   1.592940e+02 1.312036e+02 3.457016e+01
    endloop
  endfacet
  facet normal 9.999983e-01 -3.147077e-04 -1.791370e-03
    outer loop
      vertex   1.592716e+02 1.464454e+02 1.938269e+01
      vertex   1.592716e+02 1.467632e+02 1.935786e+01
      vertex   1.592789e+02 1.471297e+02 2.334843e+01
    endloop
  endfacet
  facet normal 9.999983e-01 -3.147077e-04 -1.791370e-03
    outer loop
      vertex   1.592789e+02 1.471297e+02 2.334843e+01
      vertex   1.592716e+02 1.467632e+02 1.935786e+01
      vertex   1.592717e+02 1.470818e+02 1.934972e+01
    endloop
  endfacet
  facet normal 9.999983e-01 -3.147077e-04 -1.791370e-03
    outer loop
      vertex   1.592789e+02 1.471297e+02 2.334843e+01
      vertex   1.592717e+02 1.470818e+02 1.934972e+01
      vertex   1.592718e+02 1.474004e+02 1.935832e+01
    endloop
  endfacet
  facet normal 9.999983e-01 -3.147077e-04 -1.791370e-03
    outer loop
      vertex   1.592718e+02 1.474004e+02 1.935832e+01
      vertex   1.592720e+02 1.477181e+02 1.938363e+01
      vertex   1.592789e+02 1.471297e+02 2.334843e+01
    endloop
  endfacet
  facet normal 9.999983e-01 -3.147077e-04 -1.791370e-03
    outer loop
      vertex   1.592789e+02 1.471297e+02 2.334843e+01
      vertex   1.592720e+02 1.477181e+02 1.938363e+01
      vertex   1.592722e+02 1.480341e+02 1.942555e+01
    endloop
  endfacet
  facet normal 9.999983e-01 -3.147077e-04 -1.791370e-03
    outer loop
      vertex   1.592789e+02 1.471297e+02 2.334843e+01
      vertex   1.592722e+02 1.480341e+02 1.942555e+01
      vertex   1.592724e+02 1.483474e+02 1.948400e+01
    endloop
  endfacet
  facet normal 9.999983e-01 -3.147077e-04 -1.791370e-03
    outer loop
      vertex   1.592724e+02 1.483474e+02 1.948400e+01
      vertex   1.592726e+02 1.486572e+02 1.955880e+01
      vertex   1.592789e+02 1.471297e+02 2.334843e+01
    endloop
  endfacet
  facet normal 9.999983e-01 -3.147077e-04 -1.791370e-03
    outer loop
      vertex   1.592789e+02 1.471297e+02 2.334843e+01
      vertex   1.592726e+02 1.486572e+02 1.955880e+01
      vertex   1.592729e+02 1.489627e+02 1.964976e+01
    endloop
  endfacet
  facet normal 9.999983e-01 -3.147077e-04 -1.791370e-03
    outer loop
      vertex   1.592789e+02 1.471297e+02 2.334843e+01
      vertex   1.592729e+02 1.489627e+02 1.964976e+01
      vertex   1.592731e+02 1.492629e+02 1.975661e+01
    endloop
  endfacet
  facet normal 9.999983e-01 -3.147077e-04 -1.791370e-03
    outer loop
      vertex   1.592731e+02 1.492629e+02 1.975661e+01
      vertex   1.592735e+02 1.495572e+02 1.987906e+01
      vertex   1.592789e+02 1.471297e+02 2.334843e+01
    endloop
  endfacet
  facet normal 9.999983e-01 -3.147077e-04 -1.791370e-03
    outer loop
      vertex   1.593005e+02 1.340879e+02 3.768617e+01
      vertex   1.593005e+02 1.337859e+02 3.777324e+01
      vertex   1.592940e+02 1.312036e+02 3.457016e+01
    endloop
  endfacet
  facet normal 9.999983e-01 -3.147077e-04 -1.791370e-03
    outer loop
      vertex   1.592940e+02 1.312036e+02 3.457016e+01
      vertex   1.593005e+02 1.337859e+02 3.777324e+01
      vertex   1.593006e+02 1.334798e+02 3.784438e+01
    endloop
  endfacet
  facet normal 9.999983e-01 -3.147077e-04 -1.791370e-03
    outer loop
      vertex   1.592940e+02 1.312036e+02 3.457016e+01
      vertex   1.593006e+02 1.334798e+02 3.784438e+01
      vertex   1.593006e+02 1.331703e+02 3.789940e+01
    endloop
  endfacet
  facet normal 9.999983e-01 -3.147077e-04 -1.791370e-03
    outer loop
      vertex   1.593006e+02 1.331703e+02 3.789940e+01
      vertex   1.593006e+02 1.328584e+02 3.793814e+01
      vertex   1.592940e+02 1.312036e+02 3.457016e+01
    endloop
  endfacet
  facet normal 9.999983e-01 -3.147077e-04 -1.791370e-03
    outer loop
      vertex   1.592940e+02 1.312036e+02 3.457016e+01
      vertex   1.593006e+02 1.328584e+02 3.793814e+01
      vertex   1.593005e+02 1.325450e+02 3.796049e+01
    endloop
  endfacet
  facet normal 9.999983e-01 -3.147077e-04 -1.791370e-03
    outer loop
      vertex   1.592940e+02 1.312036e+02 3.457016e+01
      vertex   1.593005e+02 1.325450e+02 3.796049e+01
      vertex   1.593004e+02 1.322307e+02 3.796640e+01
    endloop
  endfacet
  facet normal 9.999983e-01 -3.147077e-04 -1.791370e-03
    outer loop
      vertex   1.593004e+02 1.322307e+02 3.796640e+01
      vertex   1.593003e+02 1.319166e+02 3.795584e+01
      vertex   1.592940e+02 1.312036e+02 3.457016e+01
    endloop
  endfacet
  facet normal 9.999983e-01 -3.147077e-04 -1.791370e-03
    outer loop
      vertex   1.592940e+02 1.312036e+02 3.457016e+01
      vertex   1.593003e+02 1.319166e+02 3.795584e+01
      vertex   1.593001e+02 1.316035e+02 3.792885e+01
    endloop
  endfacet
  facet normal 9.999983e-01 -3.147077e-04 -1.791370e-03
    outer loop
      vertex   1.592940e+02 1.312036e+02 3.457016e+01
      vertex   1.593001e+02 1.316035e+02 3.792885e+01
      vertex   1.593000e+02 1.312922e+02 3.788550e+01
    endloop
  endfacet
  facet normal 9.999983e-01 -3.147077e-04 -1.791370e-03
    outer loop
      vertex   1.593000e+02 1.312922e+02 3.788550e+01
      vertex   1.592998e+02 1.309836e+02 3.782591e+01
      vertex   1.592940e+02 1.312036e+02 3.457016e+01
    endloop
  endfacet
  facet normal 9.999983e-01 -3.147077e-04 -1.791370e-03
    outer loop
      vertex   1.592940e+02 1.312036e+02 3.457016e+01
      vertex   1.592998e+02 1.309836e+02 3.782591e+01
      vertex   1.592995e+02 1.306786e+02 3.775026e+01
    endloop
  endfacet
  facet normal 9.999983e-01 -3.147077e-04 -1.791370e-03
    outer loop
      vertex   1.592940e+02 1.312036e+02 3.457016e+01
      vertex   1.592995e+02 1.306786e+02 3.775026e+01
      vertex   1.592993e+02 1.303779e+02 3.765872e+01
    endloop
  endfacet
  facet normal 9.999983e-01 -3.147077e-04 -1.791370e-03
    outer loop
      vertex   1.592993e+02 1.303779e+02 3.765872e+01
      vertex   1.592990e+02 1.300825e+02 3.755157e+01
      vertex   1.592940e+02 1.312036e+02 3.457016e+01
    endloop
  endfacet
  facet normal 9.999983e-01 -3.147077e-04 -1.791370e-03
    outer loop
      vertex   1.592940e+02 1.312036e+02 3.457016e+01
      vertex   1.592990e+02 1.300825e+02 3.755157e+01
      vertex   1.592987e+02 1.297930e+02 3.742910e+01
    endloop
  endfacet
  facet normal -1.817671e-03 -2.076795e-01 -9.781952e-01
    outer loop
      vertex   1.562716e+02 1.458170e+02 1.948752e+01
      vertex   1.592716e+02 1.458160e+02 1.948215e+01
      vertex   1.562727e+02 1.286667e+02 2.312869e+01
    endloop
  endfacet
  facet normal -1.817671e-03 -2.076795e-01 -9.781952e-01
    outer loop
      vertex   1.562727e+02 1.286667e+02 2.312869e+01
      vertex   1.592716e+02 1.458160e+02 1.948215e+01
      vertex   1.592727e+02 1.286657e+02 2.312331e+01
    endloop
  endfacet
  facet normal 1.767623e-03 4.001655e-01 9.164412e-01
    outer loop
      vertex   1.592933e+02 1.495077e+02 3.098899e+01
      vertex   1.563003e+02 1.346770e+02 3.747059e+01
      vertex   1.593003e+02 1.346761e+02 3.746522e+01
    endloop
  endfacet
  facet normal 1.767623e-03 4.001655e-01 9.164412e-01
    outer loop
      vertex   1.562933e+02 1.495086e+02 3.099437e+01
      vertex   1.563003e+02 1.346770e+02 3.747059e+01
      vertex   1.592933e+02 1.495077e+02 3.098899e+01
    endloop
  endfacet
  facet normal 1.755780e-03 4.240620e-01 9.056315e-01
    outer loop
      vertex   1.592933e+02 1.495077e+02 3.098899e+01
      vertex   1.562932e+02 1.497973e+02 3.085921e+01
      vertex   1.562933e+02 1.495086e+02 3.099437e+01
    endloop
  endfacet
  facet normal 1.755780e-03 4.240620e-01 9.056315e-01
    outer loop
      vertex   1.592932e+02 1.497963e+02 3.085384e+01
      vertex   1.562932e+02 1.497973e+02 3.085921e+01
      vertex   1.592933e+02 1.495077e+02 3.098899e+01
    endloop
  endfacet
  facet normal 1.728458e-03 4.709939e-01 8.821348e-01
    outer loop
      vertex   1.592932e+02 1.497963e+02 3.085384e+01
      vertex   1.562930e+02 1.500784e+02 3.070910e+01
      vertex   1.562932e+02 1.497973e+02 3.085921e+01
    endloop
  endfacet
  facet normal 1.728458e-03 4.709939e-01 8.821348e-01
    outer loop
      vertex   1.592930e+02 1.500775e+02 3.070372e+01
      vertex   1.562930e+02 1.500784e+02 3.070910e+01
      vertex   1.592932e+02 1.497963e+02 3.085384e+01
    endloop
  endfacet
  facet normal 1.696361e-03 5.166469e-01 8.561969e-01
    outer loop
      vertex   1.592930e+02 1.500775e+02 3.070372e+01
      vertex   1.562928e+02 1.503513e+02 3.054443e+01
      vertex   1.562930e+02 1.500784e+02 3.070910e+01
    endloop
  endfacet
  facet normal 1.696361e-03 5.166469e-01 8.561969e-01
    outer loop
      vertex   1.592928e+02 1.503504e+02 3.053906e+01
      vertex   1.562928e+02 1.503513e+02 3.054443e+01
      vertex   1.592930e+02 1.500775e+02 3.070372e+01
    endloop
  endfacet
  facet normal 1.659626e-03 5.608321e-01 8.279279e-01
    outer loop
      vertex   1.592928e+02 1.503504e+02 3.053906e+01
      vertex   1.562926e+02 1.506152e+02 3.036569e+01
      vertex   1.562928e+02 1.503513e+02 3.054443e+01
    endloop
  endfacet
  facet normal 1.659626e-03 5.608321e-01 8.279279e-01
    outer loop
      vertex   1.592926e+02 1.506143e+02 3.036031e+01
      vertex   1.562926e+02 1.506152e+02 3.036569e+01
      vertex   1.592928e+02 1.503504e+02 3.053906e+01
    endloop
  endfacet
  facet normal 1.618306e-03 6.034923e-01 7.973672e-01
    outer loop
      vertex   1.592926e+02 1.506143e+02 3.036031e+01
      vertex   1.562923e+02 1.508693e+02 3.017334e+01
      vertex   1.562926e+02 1.506152e+02 3.036569e+01
    endloop
  endfacet
  facet normal 1.618306e-03 6.034923e-01 7.973672e-01
    outer loop
      vertex   1.592923e+02 1.508684e+02 3.016796e+01
      vertex   1.562923e+02 1.508693e+02 3.017334e+01
      vertex   1.592926e+02 1.506143e+02 3.036031e+01
    endloop
  endfacet
  facet normal 1.572528e-03 6.444918e-01 7.646096e-01
    outer loop
      vertex   1.592923e+02 1.508684e+02 3.016796e+01
      vertex   1.562920e+02 1.511130e+02 2.996793e+01
      vertex   1.562923e+02 1.508693e+02 3.017334e+01
    endloop
  endfacet
  facet normal 1.572528e-03 6.444918e-01 7.646096e-01
    outer loop
      vertex   1.592920e+02 1.511121e+02 2.996255e+01
      vertex   1.562920e+02 1.511130e+02 2.996793e+01
      vertex   1.592923e+02 1.508684e+02 3.016796e+01
    endloop
  endfacet
  facet normal 1.522426e-03 6.837109e-01 7.297514e-01
    outer loop
      vertex   1.592920e+02 1.511121e+02 2.996255e+01
      vertex   1.562917e+02 1.513456e+02 2.975002e+01
      vertex   1.562920e+02 1.511130e+02 2.996793e+01
    endloop
  endfacet
  facet normal 1.522426e-03 6.837109e-01 7.297514e-01
    outer loop
      vertex   1.592917e+02 1.513447e+02 2.974465e+01
      vertex   1.562917e+02 1.513456e+02 2.975002e+01
      vertex   1.592920e+02 1.511121e+02 2.996255e+01
    endloop
  endfacet
  facet normal 1.468112e-03 7.210616e-01 6.928694e-01
    outer loop
      vertex   1.592917e+02 1.513447e+02 2.974465e+01
      vertex   1.562914e+02 1.515664e+02 2.952020e+01
      vertex   1.562917e+02 1.513456e+02 2.975002e+01
    endloop
  endfacet
  facet normal 1.468112e-03 7.210616e-01 6.928694e-01
    outer loop
      vertex   1.592913e+02 1.515655e+02 2.951483e+01
      vertex   1.562914e+02 1.515664e+02 2.952020e+01
      vertex   1.592917e+02 1.513447e+02 2.974465e+01
    endloop
  endfacet
  facet normal 1.409782e-03 7.564080e-01 6.540986e-01
    outer loop
      vertex   1.592913e+02 1.515655e+02 2.951483e+01
      vertex   1.562910e+02 1.517749e+02 2.927912e+01
      vertex   1.562914e+02 1.515664e+02 2.952020e+01
    endloop
  endfacet
  facet normal 1.409782e-03 7.564080e-01 6.540986e-01
    outer loop
      vertex   1.592910e+02 1.517740e+02 2.927375e+01
      vertex   1.562910e+02 1.517749e+02 2.927912e+01
      vertex   1.592913e+02 1.515655e+02 2.951483e+01
    endloop
  endfacet
  facet normal 1.347586e-03 7.896658e-01 6.135357e-01
    outer loop
      vertex   1.592910e+02 1.517740e+02 2.927375e+01
      vertex   1.562906e+02 1.519705e+02 2.902744e+01
      vertex   1.562910e+02 1.517749e+02 2.927912e+01
    endloop
  endfacet
  facet normal 1.347586e-03 7.896658e-01 6.135357e-01
    outer loop
      vertex   1.592906e+02 1.519695e+02 2.902207e+01
      vertex   1.562906e+02 1.519705e+02 2.902744e+01
      vertex   1.592910e+02 1.517740e+02 2.927375e+01
    endloop
  endfacet
  facet normal 1.281586e-03 8.207931e-01 5.712241e-01
    outer loop
      vertex   1.592906e+02 1.519695e+02 2.902207e+01
      vertex   1.562902e+02 1.521525e+02 2.876584e+01
      vertex   1.562906e+02 1.519705e+02 2.902744e+01
    endloop
  endfacet
  facet normal 1.281586e-03 8.207931e-01 5.712241e-01
    outer loop
      vertex   1.592902e+02 1.521516e+02 2.876047e+01
      vertex   1.562902e+02 1.521525e+02 2.876584e+01
      vertex   1.592906e+02 1.519695e+02 2.902207e+01
    endloop
  endfacet
  facet normal 1.212134e-03 8.496229e-01 5.273894e-01
    outer loop
      vertex   1.592902e+02 1.521516e+02 2.876047e+01
      vertex   1.562898e+02 1.523206e+02 2.849505e+01
      vertex   1.562902e+02 1.521525e+02 2.876584e+01
    endloop
  endfacet
  facet normal 1.212134e-03 8.496229e-01 5.273894e-01
    outer loop
      vertex   1.592897e+02 1.523197e+02 2.848968e+01
      vertex   1.562898e+02 1.523206e+02 2.849505e+01
      vertex   1.592902e+02 1.521516e+02 2.876047e+01
    endloop
  endfacet
  facet normal 1.139315e-03 8.761246e-01 4.820833e-01
    outer loop
      vertex   1.592897e+02 1.523197e+02 2.848968e+01
      vertex   1.562893e+02 1.524743e+02 2.821582e+01
      vertex   1.562898e+02 1.523206e+02 2.849505e+01
    endloop
  endfacet
  facet normal 1.139315e-03 8.761246e-01 4.820833e-01
    outer loop
      vertex   1.592893e+02 1.524733e+02 2.821044e+01
      vertex   1.562893e+02 1.524743e+02 2.821582e+01
      vertex   1.592897e+02 1.523197e+02 2.848968e+01
    endloop
  endfacet
  facet normal 1.063438e-03 9.001886e-01 4.354990e-01
    outer loop
      vertex   1.592893e+02 1.524733e+02 2.821044e+01
      vertex   1.562888e+02 1.526131e+02 2.792891e+01
      vertex   1.562893e+02 1.524743e+02 2.821582e+01
    endloop
  endfacet
  facet normal 1.063438e-03 9.001886e-01 4.354990e-01
    outer loop
      vertex   1.592888e+02 1.526121e+02 2.792354e+01
      vertex   1.562888e+02 1.526131e+02 2.792891e+01
      vertex   1.592893e+02 1.524733e+02 2.821044e+01
    endloop
  endfacet
  facet normal 9.845233e-04 9.218067e-01 3.876486e-01
    outer loop
      vertex   1.592888e+02 1.526121e+02 2.792354e+01
      vertex   1.562883e+02 1.527366e+02 2.763511e+01
      vertex   1.562888e+02 1.526131e+02 2.792891e+01
    endloop
  endfacet
  facet normal 9.845233e-04 9.218067e-01 3.876486e-01
    outer loop
      vertex   1.592883e+02 1.527357e+02 2.762974e+01
      vertex   1.562883e+02 1.527366e+02 2.763511e+01
      vertex   1.592888e+02 1.526121e+02 2.792354e+01
    endloop
  endfacet
  facet normal 9.029444e-04 9.408727e-01 3.387592e-01
    outer loop
      vertex   1.592883e+02 1.527357e+02 2.762974e+01
      vertex   1.562878e+02 1.528446e+02 2.733524e+01
      vertex   1.562883e+02 1.527366e+02 2.763511e+01
    endloop
  endfacet
  facet normal 9.029444e-04 9.408727e-01 3.387592e-01
    outer loop
      vertex   1.592878e+02 1.528436e+02 2.732987e+01
      vertex   1.562878e+02 1.528446e+02 2.733524e+01
      vertex   1.592883e+02 1.527357e+02 2.762974e+01
    endloop
  endfacet
  facet normal 8.188759e-04 9.573483e-01 2.889351e-01
    outer loop
      vertex   1.592878e+02 1.528436e+02 2.732987e+01
      vertex   1.562873e+02 1.529367e+02 2.703012e+01
      vertex   1.562878e+02 1.528446e+02 2.733524e+01
    endloop
  endfacet
  facet normal 8.188759e-04 9.573483e-01 2.889351e-01
    outer loop
      vertex   1.592873e+02 1.529357e+02 2.702474e+01
      vertex   1.562873e+02 1.529367e+02 2.703012e+01
      vertex   1.592878e+02 1.528436e+02 2.732987e+01
    endloop
  endfacet
  facet normal 7.325172e-04 9.711926e-01 2.382949e-01
    outer loop
      vertex   1.592873e+02 1.529357e+02 2.702474e+01
      vertex   1.562868e+02 1.530126e+02 2.672058e+01
      vertex   1.562873e+02 1.529367e+02 2.703012e+01
    endloop
  endfacet
  facet normal 7.325172e-04 9.711926e-01 2.382949e-01
    outer loop
      vertex   1.592868e+02 1.530117e+02 2.671521e+01
      vertex   1.562868e+02 1.530126e+02 2.672058e+01
      vertex   1.592873e+02 1.529357e+02 2.702474e+01
    endloop
  endfacet
  facet normal 6.442400e-04 9.823491e-01 1.870558e-01
    outer loop
      vertex   1.592868e+02 1.530117e+02 2.671521e+01
      vertex   1.562863e+02 1.530722e+02 2.640749e+01
      vertex   1.562868e+02 1.530126e+02 2.672058e+01
    endloop
  endfacet
  facet normal 6.442400e-04 9.823491e-01 1.870558e-01
    outer loop
      vertex   1.592862e+02 1.530713e+02 2.640211e+01
      vertex   1.562863e+02 1.530722e+02 2.640749e+01
      vertex   1.592868e+02 1.530117e+02 2.671521e+01
    endloop
  endfacet
  facet normal 5.540828e-04 9.908127e-01 1.352404e-01
    outer loop
      vertex   1.592862e+02 1.530713e+02 2.640211e+01
      vertex   1.562857e+02 1.531153e+02 2.609170e+01
      vertex   1.562863e+02 1.530722e+02 2.640749e+01
    endloop
  endfacet
  facet normal 5.540828e-04 9.908127e-01 1.352404e-01
    outer loop
      vertex   1.592857e+02 1.531144e+02 2.608632e+01
      vertex   1.562857e+02 1.531153e+02 2.609170e+01
      vertex   1.592862e+02 1.530713e+02 2.640211e+01
    endloop
  endfacet
  facet normal 4.624661e-04 9.965419e-01 8.309057e-02
    outer loop
      vertex   1.592857e+02 1.531144e+02 2.608632e+01
      vertex   1.562851e+02 1.531418e+02 2.577408e+01
      vertex   1.562857e+02 1.531153e+02 2.609170e+01
    endloop
  endfacet
  facet normal 4.624661e-04 9.965419e-01 8.309057e-02
    outer loop
      vertex   1.592851e+02 1.531409e+02 2.576871e+01
      vertex   1.562851e+02 1.531418e+02 2.577408e+01
      vertex   1.592857e+02 1.531144e+02 2.608632e+01
    endloop
  endfacet
  facet normal 3.695446e-04 9.995288e-01 3.069418e-02
    outer loop
      vertex   1.592851e+02 1.531409e+02 2.576871e+01
      vertex   1.562846e+02 1.531516e+02 2.545552e+01
      vertex   1.562851e+02 1.531418e+02 2.577408e+01
    endloop
  endfacet
  facet normal 3.695446e-04 9.995288e-01 3.069418e-02
    outer loop
      vertex   1.592846e+02 1.531507e+02 2.545014e+01
      vertex   1.562846e+02 1.531516e+02 2.545552e+01
      vertex   1.592851e+02 1.531409e+02 2.576871e+01
    endloop
  endfacet
  facet normal 2.755841e-04 9.997623e-01 -2.179853e-02
    outer loop
      vertex   1.592846e+02 1.531507e+02 2.545014e+01
      vertex   1.562840e+02 1.531447e+02 2.513687e+01
      vertex   1.562846e+02 1.531516e+02 2.545552e+01
    endloop
  endfacet
  facet normal 2.755841e-04 9.997623e-01 -2.179853e-02
    outer loop
      vertex   1.592840e+02 1.531437e+02 2.513150e+01
      vertex   1.562840e+02 1.531447e+02 2.513687e+01
      vertex   1.592846e+02 1.531507e+02 2.545014e+01
    endloop
  endfacet
  facet normal 1.809039e-04 9.972427e-01 -7.420928e-02
    outer loop
      vertex   1.592840e+02 1.531437e+02 2.513150e+01
      vertex   1.562834e+02 1.531210e+02 2.481903e+01
      vertex   1.562840e+02 1.531447e+02 2.513687e+01
    endloop
  endfacet
  facet normal 1.809039e-04 9.972427e-01 -7.420928e-02
    outer loop
      vertex   1.592834e+02 1.531201e+02 2.481366e+01
      vertex   1.562834e+02 1.531210e+02 2.481903e+01
      vertex   1.592840e+02 1.531437e+02 2.513150e+01
    endloop
  endfacet
  facet normal 8.571738e-05 9.919768e-01 -1.264203e-01
    outer loop
      vertex   1.592834e+02 1.531201e+02 2.481366e+01
      vertex   1.562828e+02 1.530807e+02 2.450288e+01
      vertex   1.562834e+02 1.531210e+02 2.481903e+01
    endloop
  endfacet
  facet normal 8.571738e-05 9.919768e-01 -1.264203e-01
    outer loop
      vertex   1.592828e+02 1.530798e+02 2.449750e+01
      vertex   1.562828e+02 1.530807e+02 2.450288e+01
      vertex   1.592834e+02 1.531201e+02 2.481366e+01
    endloop
  endfacet
  facet normal -9.679575e-06 9.839817e-01 -1.782692e-01
    outer loop
      vertex   1.592828e+02 1.530798e+02 2.449750e+01
      vertex   1.562823e+02 1.530239e+02 2.418926e+01
      vertex   1.562828e+02 1.530807e+02 2.450288e+01
    endloop
  endfacet
  facet normal -9.679575e-06 9.839817e-01 -1.782692e-01
    outer loop
      vertex   1.592823e+02 1.530230e+02 2.418389e+01
      vertex   1.562823e+02 1.530239e+02 2.418926e+01
      vertex   1.592828e+02 1.530798e+02 2.449750e+01
    endloop
  endfacet
  facet normal -1.051395e-04 9.732672e-01 -2.296756e-01
    outer loop
      vertex   1.592823e+02 1.530230e+02 2.418389e+01
      vertex   1.562817e+02 1.529507e+02 2.387906e+01
      vertex   1.562823e+02 1.530239e+02 2.418926e+01
    endloop
  endfacet
  facet normal -1.051395e-04 9.732672e-01 -2.296756e-01
    outer loop
      vertex   1.592817e+02 1.529498e+02 2.387368e+01
      vertex   1.562817e+02 1.529507e+02 2.387906e+01
      vertex   1.592823e+02 1.530230e+02 2.418389e+01
    endloop
  endfacet
  facet normal -2.001987e-04 9.598862e-01 -2.803898e-01
    outer loop
      vertex   1.592817e+02 1.529498e+02 2.387368e+01
      vertex   1.562811e+02 1.528613e+02 2.357313e+01
      vertex   1.562817e+02 1.529507e+02 2.387906e+01
    endloop
  endfacet
  facet normal -2.001987e-04 9.598862e-01 -2.803898e-01
    outer loop
      vertex   1.592811e+02 1.528604e+02 2.356776e+01
      vertex   1.562811e+02 1.528613e+02 2.357313e+01
      vertex   1.592817e+02 1.529498e+02 2.387368e+01
    endloop
  endfacet
  facet normal -2.947648e-04 9.438539e-01 -3.303630e-01
    outer loop
      vertex   1.592811e+02 1.528604e+02 2.356776e+01
      vertex   1.562805e+02 1.527560e+02 2.327231e+01
      vertex   1.562811e+02 1.528613e+02 2.357313e+01
    endloop
  endfacet
  facet normal -2.947648e-04 9.438539e-01 -3.303630e-01
    outer loop
      vertex   1.592805e+02 1.527551e+02 2.326693e+01
      vertex   1.562805e+02 1.527560e+02 2.327231e+01
      vertex   1.592811e+02 1.528604e+02 2.356776e+01
    endloop
  endfacet
  facet normal -3.885286e-04 9.252199e-01 -3.794312e-01
    outer loop
      vertex   1.592805e+02 1.527551e+02 2.326693e+01
      vertex   1.562800e+02 1.526351e+02 2.297743e+01
      vertex   1.562805e+02 1.527560e+02 2.327231e+01
    endloop
  endfacet
  facet normal -3.885286e-04 9.252199e-01 -3.794312e-01
    outer loop
      vertex   1.592800e+02 1.526342e+02 2.297205e+01
      vertex   1.562800e+02 1.526351e+02 2.297743e+01
      vertex   1.592805e+02 1.527551e+02 2.326693e+01
    endloop
  endfacet
  facet normal -4.811711e-04 9.040493e-01 -4.274279e-01
    outer loop
      vertex   1.592800e+02 1.526342e+02 2.297205e+01
      vertex   1.562794e+02 1.524989e+02 2.268928e+01
      vertex   1.562800e+02 1.526351e+02 2.297743e+01
    endloop
  endfacet
  facet normal -4.811711e-04 9.040493e-01 -4.274279e-01
    outer loop
      vertex   1.592794e+02 1.524979e+02 2.268391e+01
      vertex   1.562794e+02 1.524989e+02 2.268928e+01
      vertex   1.592800e+02 1.526342e+02 2.297205e+01
    endloop
  endfacet
  facet normal -5.725240e-04 8.803814e-01 -4.742660e-01
    outer loop
      vertex   1.592794e+02 1.524979e+02 2.268391e+01
      vertex   1.562789e+02 1.523477e+02 2.240870e+01
      vertex   1.562794e+02 1.524989e+02 2.268928e+01
    endloop
  endfacet
  facet normal -5.725240e-04 8.803814e-01 -4.742660e-01
    outer loop
      vertex   1.592789e+02 1.523468e+02 2.240332e+01
      vertex   1.562789e+02 1.523477e+02 2.240870e+01
      vertex   1.592794e+02 1.524979e+02 2.268391e+01
    endloop
  endfacet
  facet normal -6.623932e-04 8.542605e-01 -5.198448e-01
    outer loop
      vertex   1.592789e+02 1.523468e+02 2.240332e+01
      vertex   1.562783e+02 1.521820e+02 2.213643e+01
      vertex   1.562789e+02 1.523477e+02 2.240870e+01
    endloop
  endfacet
  facet normal -6.623932e-04 8.542605e-01 -5.198448e-01
    outer loop
      vertex   1.592783e+02 1.521811e+02 2.213106e+01
      vertex   1.562783e+02 1.521820e+02 2.213643e+01
      vertex   1.592789e+02 1.523468e+02 2.240332e+01
    endloop
  endfacet
  facet normal -7.502168e-04 8.258560e-01 -5.638806e-01
    outer loop
      vertex   1.592783e+02 1.521811e+02 2.213106e+01
      vertex   1.562778e+02 1.520023e+02 2.187322e+01
      vertex   1.562783e+02 1.521820e+02 2.213643e+01
    endloop
  endfacet
  facet normal -7.502168e-04 8.258560e-01 -5.638806e-01
    outer loop
      vertex   1.592778e+02 1.520014e+02 2.186784e+01
      vertex   1.562778e+02 1.520023e+02 2.187322e+01
      vertex   1.592783e+02 1.521811e+02 2.213106e+01
    endloop
  endfacet
  facet normal -8.361996e-04 7.951014e-01 -6.064759e-01
    outer loop
      vertex   1.592778e+02 1.520014e+02 2.186784e+01
      vertex   1.562773e+02 1.518090e+02 2.161980e+01
      vertex   1.562778e+02 1.520023e+02 2.187322e+01
    endloop
  endfacet
  facet normal -8.361996e-04 7.951014e-01 -6.064759e-01
    outer loop
      vertex   1.592773e+02 1.518081e+02 2.161442e+01
      vertex   1.562773e+02 1.518090e+02 2.161980e+01
      vertex   1.592778e+02 1.520014e+02 2.186784e+01
    endloop
  endfacet
  facet normal -9.197224e-04 7.622149e-01 -6.473234e-01
    outer loop
      vertex   1.592773e+02 1.518081e+02 2.161442e+01
      vertex   1.562768e+02 1.516027e+02 2.137686e+01
      vertex   1.562773e+02 1.518090e+02 2.161980e+01
    endloop
  endfacet
  facet normal -9.197224e-04 7.622149e-01 -6.473234e-01
    outer loop
      vertex   1.592768e+02 1.516018e+02 2.137149e+01
      vertex   1.562768e+02 1.516027e+02 2.137686e+01
      vertex   1.592773e+02 1.518081e+02 2.161442e+01
    endloop
  endfacet
  facet normal -1.000768e-03 7.272089e-01 -6.864155e-01
    outer loop
      vertex   1.592768e+02 1.516018e+02 2.137149e+01
      vertex   1.562763e+02 1.513839e+02 2.114509e+01
      vertex   1.562768e+02 1.516027e+02 2.137686e+01
    endloop
  endfacet
  facet normal -1.000768e-03 7.272089e-01 -6.864155e-01
    outer loop
      vertex   1.592763e+02 1.513830e+02 2.113972e+01
      vertex   1.562763e+02 1.513839e+02 2.114509e+01
      vertex   1.592768e+02 1.516018e+02 2.137149e+01
    endloop
  endfacet
  facet normal -1.079105e-03 6.901768e-01 -7.236400e-01
    outer loop
      vertex   1.592763e+02 1.513830e+02 2.113972e+01
      vertex   1.562758e+02 1.511533e+02 2.092513e+01
      vertex   1.562763e+02 1.513839e+02 2.114509e+01
    endloop
  endfacet
  facet normal -1.079105e-03 6.901768e-01 -7.236400e-01
    outer loop
      vertex   1.592758e+02 1.511524e+02 2.091975e+01
      vertex   1.562758e+02 1.511533e+02 2.092513e+01
      vertex   1.592763e+02 1.513830e+02 2.113972e+01
    endloop
  endfacet
  facet normal -1.154407e-03 6.512744e-01 -7.588414e-01
    outer loop
      vertex   1.592758e+02 1.511524e+02 2.091975e+01
      vertex   1.562754e+02 1.509114e+02 2.071755e+01
      vertex   1.562758e+02 1.511533e+02 2.092513e+01
    endloop
  endfacet
  facet normal -1.154407e-03 6.512744e-01 -7.588414e-01
    outer loop
      vertex   1.592754e+02 1.509105e+02 2.071218e+01
      vertex   1.562754e+02 1.509114e+02 2.071755e+01
      vertex   1.592758e+02 1.511524e+02 2.091975e+01
    endloop
  endfacet
  facet normal -1.226539e-03 6.105744e-01 -7.919580e-01
    outer loop
      vertex   1.592754e+02 1.509105e+02 2.071218e+01
      vertex   1.562749e+02 1.506590e+02 2.052295e+01
      vertex   1.562754e+02 1.509114e+02 2.071755e+01
    endloop
  endfacet
  facet normal -1.226539e-03 6.105744e-01 -7.919580e-01
    outer loop
      vertex   1.592749e+02 1.506581e+02 2.051758e+01
      vertex   1.562749e+02 1.506590e+02 2.052295e+01
      vertex   1.592754e+02 1.509105e+02 2.071218e+01
    endloop
  endfacet
  facet normal -1.295289e-03 5.681971e-01 -8.228915e-01
    outer loop
      vertex   1.592749e+02 1.506581e+02 2.051758e+01
      vertex   1.562745e+02 1.503968e+02 2.034186e+01
      vertex   1.562749e+02 1.506590e+02 2.052295e+01
    endloop
  endfacet
  facet normal -1.295289e-03 5.681971e-01 -8.228915e-01
    outer loop
      vertex   1.592745e+02 1.503958e+02 2.033648e+01
      vertex   1.562745e+02 1.503968e+02 2.034186e+01
      vertex   1.592749e+02 1.506581e+02 2.051758e+01
    endloop
  endfacet
  facet normal -1.360541e-03 5.242083e-01 -8.515890e-01
    outer loop
      vertex   1.592745e+02 1.503958e+02 2.033648e+01
      vertex   1.562742e+02 1.501254e+02 2.017479e+01
      vertex   1.562745e+02 1.503968e+02 2.034186e+01
    endloop
  endfacet
  facet normal -1.360541e-03 5.242083e-01 -8.515890e-01
    outer loop
      vertex   1.592742e+02 1.501244e+02 2.016941e+01
      vertex   1.562742e+02 1.501254e+02 2.017479e+01
      vertex   1.592745e+02 1.503958e+02 2.033648e+01
    endloop
  endfacet
  facet normal -1.421932e-03 4.788567e-01 -8.778919e-01
    outer loop
      vertex   1.592742e+02 1.501244e+02 2.016941e+01
      vertex   1.562738e+02 1.498455e+02 2.002216e+01
      vertex   1.562742e+02 1.501254e+02 2.017479e+01
    endloop
  endfacet
  facet normal -1.421932e-03 4.788567e-01 -8.778919e-01
    outer loop
      vertex   1.592738e+02 1.498446e+02 2.001679e+01
      vertex   1.562738e+02 1.498455e+02 2.002216e+01
      vertex   1.592742e+02 1.501244e+02 2.016941e+01
    endloop
  endfacet
  facet normal -1.479493e-03 4.321221e-01 -9.018139e-01
    outer loop
      vertex   1.592738e+02 1.498446e+02 2.001679e+01
      vertex   1.562735e+02 1.495581e+02 1.988444e+01
      vertex   1.562738e+02 1.498455e+02 2.002216e+01
    endloop
  endfacet
  facet normal -1.479493e-03 4.321221e-01 -9.018139e-01
    outer loop
      vertex   1.592735e+02 1.495572e+02 1.987906e+01
      vertex   1.562735e+02 1.495581e+02 1.988444e+01
      vertex   1.592738e+02 1.498446e+02 2.001679e+01
    endloop
  endfacet
  facet normal -1.532945e-03 3.842252e-01 -9.232382e-01
    outer loop
      vertex   1.592735e+02 1.495572e+02 1.987906e+01
      vertex   1.562731e+02 1.492639e+02 1.976198e+01
      vertex   1.562735e+02 1.495581e+02 1.988444e+01
    endloop
  endfacet
  facet normal -1.532945e-03 3.842252e-01 -9.232382e-01
    outer loop
      vertex   1.592731e+02 1.492629e+02 1.975661e+01
      vertex   1.562731e+02 1.492639e+02 1.976198e+01
      vertex   1.592735e+02 1.495572e+02 1.987906e+01
    endloop
  endfacet
  facet normal -1.582188e-03 3.352591e-01 -9.421246e-01
    outer loop
      vertex   1.592731e+02 1.492629e+02 1.975661e+01
      vertex   1.562729e+02 1.489636e+02 1.965513e+01
      vertex   1.562731e+02 1.492639e+02 1.976198e+01
    endloop
  endfacet
  facet normal -1.582188e-03 3.352591e-01 -9.421246e-01
    outer loop
      vertex   1.592729e+02 1.489627e+02 1.964976e+01
      vertex   1.562729e+02 1.489636e+02 1.965513e+01
      vertex   1.592731e+02 1.492629e+02 1.975661e+01
    endloop
  endfacet
  facet normal -1.627073e-03 2.853690e-01 -9.584164e-01
    outer loop
      vertex   1.592729e+02 1.489627e+02 1.964976e+01
      vertex   1.562726e+02 1.486581e+02 1.956418e+01
      vertex   1.562729e+02 1.489636e+02 1.965513e+01
    endloop
  endfacet
  facet normal -1.627073e-03 2.853690e-01 -9.584164e-01
    outer loop
      vertex   1.592726e+02 1.486572e+02 1.955880e+01
      vertex   1.562726e+02 1.486581e+02 1.956418e+01
      vertex   1.592729e+02 1.489627e+02 1.964976e+01
    endloop
  endfacet
  facet normal -1.667478e-03 2.346915e-01 -9.720685e-01
    outer loop
      vertex   1.592726e+02 1.486572e+02 1.955880e+01
      vertex   1.562724e+02 1.483483e+02 1.948938e+01
      vertex   1.562726e+02 1.486581e+02 1.956418e+01
    endloop
  endfacet
  facet normal -1.667478e-03 2.346915e-01 -9.720685e-01
    outer loop
      vertex   1.592724e+02 1.483474e+02 1.948400e+01
      vertex   1.562724e+02 1.483483e+02 1.948938e+01
      vertex   1.592726e+02 1.486572e+02 1.955880e+01
    endloop
  endfacet
  facet normal -1.703273e-03 1.833924e-01 -9.830383e-01
    outer loop
      vertex   1.592724e+02 1.483474e+02 1.948400e+01
      vertex   1.562722e+02 1.480350e+02 1.943093e+01
      vertex   1.562724e+02 1.483483e+02 1.948938e+01
    endloop
  endfacet
  facet normal -1.703273e-03 1.833924e-01 -9.830383e-01
    outer loop
      vertex   1.592722e+02 1.480341e+02 1.942555e+01
      vertex   1.562722e+02 1.480350e+02 1.943093e+01
      vertex   1.592724e+02 1.483474e+02 1.948400e+01
    endloop
  endfacet
  facet normal -1.734406e-03 1.315438e-01 -9.913088e-01
    outer loop
      vertex   1.592722e+02 1.480341e+02 1.942555e+01
      vertex   1.562720e+02 1.477191e+02 1.938900e+01
      vertex   1.562722e+02 1.480350e+02 1.943093e+01
    endloop
  endfacet
  facet normal -1.734406e-03 1.315438e-01 -9.913088e-01
    outer loop
      vertex   1.592720e+02 1.477181e+02 1.938363e+01
      vertex   1.562720e+02 1.477191e+02 1.938900e+01
      vertex   1.592722e+02 1.480341e+02 1.942555e+01
    endloop
  endfacet
  facet normal -1.760733e-03 7.938564e-02 -9.968424e-01
    outer loop
      vertex   1.592720e+02 1.477181e+02 1.938363e+01
      vertex   1.562718e+02 1.474013e+02 1.936370e+01
      vertex   1.562720e+02 1.477191e+02 1.938900e+01
    endloop
  endfacet
  facet normal -1.760733e-03 7.938564e-02 -9.968424e-01
    outer loop
      vertex   1.592718e+02 1.474004e+02 1.935832e+01
      vertex   1.562718e+02 1.474013e+02 1.936370e+01
      vertex   1.592720e+02 1.477181e+02 1.938363e+01
    endloop
  endfacet
  facet normal -1.782225e-03 2.698588e-02 -9.996342e-01
    outer loop
      vertex   1.592718e+02 1.474004e+02 1.935832e+01
      vertex   1.562717e+02 1.470827e+02 1.935510e+01
      vertex   1.562718e+02 1.474013e+02 1.936370e+01
    endloop
  endfacet
  facet normal -1.782225e-03 2.698588e-02 -9.996342e-01
    outer loop
      vertex   1.592717e+02 1.470818e+02 1.934972e+01
      vertex   1.562717e+02 1.470827e+02 1.935510e+01
      vertex   1.592718e+02 1.474004e+02 1.935832e+01
    endloop
  endfacet
  facet normal -1.798816e-03 -2.551310e-02 -9.996729e-01
    outer loop
      vertex   1.592717e+02 1.470818e+02 1.934972e+01
      vertex   1.562716e+02 1.467641e+02 1.936323e+01
      vertex   1.562717e+02 1.470827e+02 1.935510e+01
    endloop
  endfacet
  facet normal -1.798816e-03 -2.551310e-02 -9.996729e-01
    outer loop
      vertex   1.592716e+02 1.467632e+02 1.935786e+01
      vertex   1.562716e+02 1.467641e+02 1.936323e+01
      vertex   1.592717e+02 1.470818e+02 1.934972e+01
    endloop
  endfacet
  facet normal -1.810447e-03 -7.792566e-02 -9.969575e-01
    outer loop
      vertex   1.592716e+02 1.467632e+02 1.935786e+01
      vertex   1.562716e+02 1.464464e+02 1.938807e+01
      vertex   1.562716e+02 1.467641e+02 1.936323e+01
    endloop
  endfacet
  facet normal -1.810447e-03 -7.792566e-02 -9.969575e-01
    outer loop
      vertex   1.592716e+02 1.464454e+02 1.938269e+01
      vertex   1.562716e+02 1.464464e+02 1.938807e+01
      vertex   1.592716e+02 1.467632e+02 1.935786e+01
    endloop
  endfacet
  facet normal -1.817087e-03 -1.300840e-01 -9.915013e-01
    outer loop
      vertex   1.592716e+02 1.464454e+02 1.938269e+01
      vertex   1.562716e+02 1.461304e+02 1.942953e+01
      vertex   1.562716e+02 1.464464e+02 1.938807e+01
    endloop
  endfacet
  facet normal -1.817087e-03 -1.300840e-01 -9.915013e-01
    outer loop
      vertex   1.592716e+02 1.461294e+02 1.942415e+01
      vertex   1.562716e+02 1.461304e+02 1.942953e+01
      vertex   1.592716e+02 1.464454e+02 1.938269e+01
    endloop
  endfacet
  facet normal -1.818729e-03 -1.819692e-01 -9.833026e-01
    outer loop
      vertex   1.592716e+02 1.458160e+02 1.948215e+01
      vertex   1.562716e+02 1.458170e+02 1.948752e+01
      vertex   1.592716e+02 1.461294e+02 1.942415e+01
    endloop
  endfacet
  facet normal -1.818729e-03 -1.819692e-01 -9.833026e-01
    outer loop
      vertex   1.592716e+02 1.461294e+02 1.942415e+01
      vertex   1.562716e+02 1.458170e+02 1.948752e+01
      vertex   1.562716e+02 1.461304e+02 1.942953e+01
    endloop
  endfacet
  facet normal 1.712494e-03 -1.688780e-01 9.856355e-01
    outer loop
      vertex   1.562881e+02 1.200220e+02 3.325731e+01
      vertex   1.592879e+02 1.197056e+02 3.319787e+01
      vertex   1.592881e+02 1.200211e+02 3.325193e+01
    endloop
  endfacet
  facet normal 1.712494e-03 -1.688780e-01 9.856355e-01
    outer loop
      vertex   1.562879e+02 1.197065e+02 3.320324e+01
      vertex   1.592879e+02 1.197056e+02 3.319787e+01
      vertex   1.562881e+02 1.200220e+02 3.325731e+01
    endloop
  endfacet
  facet normal 1.677371e-03 -2.212151e-01 9.752236e-01
    outer loop
      vertex   1.562879e+02 1.197065e+02 3.320324e+01
      vertex   1.592877e+02 1.193934e+02 3.312705e+01
      vertex   1.592879e+02 1.197056e+02 3.319787e+01
    endloop
  endfacet
  facet normal 1.677371e-03 -2.212151e-01 9.752236e-01
    outer loop
      vertex   1.562877e+02 1.193943e+02 3.313242e+01
      vertex   1.592877e+02 1.193934e+02 3.312705e+01
      vertex   1.562879e+02 1.197065e+02 3.320324e+01
    endloop
  endfacet
  facet normal 1.637481e-03 -2.729118e-01 9.620377e-01
    outer loop
      vertex   1.562877e+02 1.193943e+02 3.313242e+01
      vertex   1.592874e+02 1.190854e+02 3.303968e+01
      vertex   1.592877e+02 1.193934e+02 3.312705e+01
    endloop
  endfacet
  facet normal 1.637481e-03 -2.729118e-01 9.620377e-01
    outer loop
      vertex   1.562874e+02 1.190863e+02 3.304505e+01
      vertex   1.592874e+02 1.190854e+02 3.303968e+01
      vertex   1.562877e+02 1.193943e+02 3.313242e+01
    endloop
  endfacet
  facet normal 1.592903e-03 -3.238599e-01 9.461037e-01
    outer loop
      vertex   1.562874e+02 1.190863e+02 3.304505e+01
      vertex   1.592872e+02 1.187825e+02 3.293600e+01
      vertex   1.592874e+02 1.190854e+02 3.303968e+01
    endloop
  endfacet
  facet normal 1.592903e-03 -3.238599e-01 9.461037e-01
    outer loop
      vertex   1.562872e+02 1.187834e+02 3.294138e+01
      vertex   1.592872e+02 1.187825e+02 3.293600e+01
      vertex   1.562874e+02 1.190863e+02 3.304505e+01
    endloop
  endfacet
  facet normal 1.543823e-03 -3.738503e-01 9.274878e-01
    outer loop
      vertex   1.562872e+02 1.187834e+02 3.294138e+01
      vertex   1.592869e+02 1.184856e+02 3.281631e+01
      vertex   1.592872e+02 1.187825e+02 3.293600e+01
    endloop
  endfacet
  facet normal 1.543823e-03 -3.738503e-01 9.274878e-01
    outer loop
      vertex   1.562869e+02 1.184865e+02 3.282169e+01
      vertex   1.592869e+02 1.184856e+02 3.281631e+01
      vertex   1.562872e+02 1.187834e+02 3.294138e+01
    endloop
  endfacet
  facet normal 1.490353e-03 -4.227734e-01 9.062342e-01
    outer loop
      vertex   1.562869e+02 1.184865e+02 3.282169e+01
      vertex   1.592865e+02 1.181954e+02 3.268097e+01
      vertex   1.592869e+02 1.184856e+02 3.281631e+01
    endloop
  endfacet
  facet normal 1.490353e-03 -4.227734e-01 9.062342e-01
    outer loop
      vertex   1.562865e+02 1.181964e+02 3.268634e+01
      vertex   1.592865e+02 1.181954e+02 3.268097e+01
      vertex   1.562869e+02 1.184865e+02 3.282169e+01
    endloop
  endfacet
  facet normal 1.432592e-03 -4.705338e-01 8.823808e-01
    outer loop
      vertex   1.562865e+02 1.181964e+02 3.268634e+01
      vertex   1.592862e+02 1.179130e+02 3.253034e+01
      vertex   1.592865e+02 1.181954e+02 3.268097e+01
    endloop
  endfacet
  facet normal 1.432592e-03 -4.705338e-01 8.823808e-01
    outer loop
      vertex   1.562862e+02 1.179139e+02 3.253571e+01
      vertex   1.592862e+02 1.179130e+02 3.253034e+01
      vertex   1.562865e+02 1.181964e+02 3.268634e+01
    endloop
  endfacet
  facet normal 1.370823e-03 -5.168997e-01 8.560448e-01
    outer loop
      vertex   1.562862e+02 1.179139e+02 3.253571e+01
      vertex   1.592858e+02 1.176389e+02 3.236486e+01
      vertex   1.592862e+02 1.179130e+02 3.253034e+01
    endloop
  endfacet
  facet normal 1.370823e-03 -5.168997e-01 8.560448e-01
    outer loop
      vertex   1.562858e+02 1.176399e+02 3.237023e+01
      vertex   1.592858e+02 1.176389e+02 3.236486e+01
      vertex   1.562862e+02 1.179139e+02 3.253571e+01
    endloop
  endfacet
  facet normal 1.305086e-03 -5.618415e-01 8.272439e-01
    outer loop
      vertex   1.562858e+02 1.176399e+02 3.237023e+01
      vertex   1.592854e+02 1.173741e+02 3.218499e+01
      vertex   1.592858e+02 1.176389e+02 3.236486e+01
    endloop
  endfacet
  facet normal 1.305086e-03 -5.618415e-01 8.272439e-01
    outer loop
      vertex   1.562854e+02 1.173750e+02 3.219037e+01
      vertex   1.592854e+02 1.173741e+02 3.218499e+01
      vertex   1.562858e+02 1.176399e+02 3.237023e+01
    endloop
  endfacet
  facet normal 1.235672e-03 -6.051579e-01 7.961045e-01
    outer loop
      vertex   1.562854e+02 1.173750e+02 3.219037e+01
      vertex   1.592849e+02 1.171192e+02 3.199126e+01
      vertex   1.592854e+02 1.173741e+02 3.218499e+01
    endloop
  endfacet
  facet normal 1.235672e-03 -6.051579e-01 7.961045e-01
    outer loop
      vertex   1.562849e+02 1.171202e+02 3.199663e+01
      vertex   1.592849e+02 1.171192e+02 3.199126e+01
      vertex   1.562854e+02 1.173750e+02 3.219037e+01
    endloop
  endfacet
  facet normal 1.162748e-03 -6.467482e-01 7.627027e-01
    outer loop
      vertex   1.562849e+02 1.171202e+02 3.199663e+01
      vertex   1.592845e+02 1.168750e+02 3.178421e+01
      vertex   1.592849e+02 1.171192e+02 3.199126e+01
    endloop
  endfacet
  facet normal 1.162748e-03 -6.467482e-01 7.627027e-01
    outer loop
      vertex   1.562845e+02 1.168760e+02 3.178958e+01
      vertex   1.592845e+02 1.168750e+02 3.178421e+01
      vertex   1.562849e+02 1.171202e+02 3.199663e+01
    endloop
  endfacet
  facet normal 1.086468e-03 -6.865220e-01 7.271082e-01
    outer loop
      vertex   1.562845e+02 1.168760e+02 3.178958e+01
      vertex   1.592840e+02 1.166423e+02 3.156443e+01
      vertex   1.592845e+02 1.168750e+02 3.178421e+01
    endloop
  endfacet
  facet normal 1.086468e-03 -6.865220e-01 7.271082e-01
    outer loop
      vertex   1.562840e+02 1.166432e+02 3.156981e+01
      vertex   1.592840e+02 1.166423e+02 3.156443e+01
      vertex   1.562845e+02 1.168760e+02 3.178958e+01
    endloop
  endfacet
  facet normal 1.007108e-03 -7.243328e-01 6.894497e-01
    outer loop
      vertex   1.562840e+02 1.166432e+02 3.156981e+01
      vertex   1.592835e+02 1.164216e+02 3.133254e+01
      vertex   1.592840e+02 1.166423e+02 3.156443e+01
    endloop
  endfacet
  facet normal 1.007108e-03 -7.243328e-01 6.894497e-01
    outer loop
      vertex   1.562835e+02 1.164225e+02 3.133792e+01
      vertex   1.592835e+02 1.164216e+02 3.133254e+01
      vertex   1.562840e+02 1.166432e+02 3.156981e+01
    endloop
  endfacet
  facet normal 9.249307e-04 -7.600600e-01 6.498523e-01
    outer loop
      vertex   1.562835e+02 1.164225e+02 3.133792e+01
      vertex   1.592830e+02 1.162135e+02 3.108922e+01
      vertex   1.592835e+02 1.164216e+02 3.133254e+01
    endloop
  endfacet
  facet normal 9.249307e-04 -7.600600e-01 6.498523e-01
    outer loop
      vertex   1.562830e+02 1.162145e+02 3.109459e+01
      vertex   1.592830e+02 1.162135e+02 3.108922e+01
      vertex   1.562835e+02 1.164225e+02 3.133792e+01
    endloop
  endfacet
  facet normal 8.400894e-04 -7.936377e-01 6.083901e-01
    outer loop
      vertex   1.562830e+02 1.162145e+02 3.109459e+01
      vertex   1.592825e+02 1.160187e+02 3.083515e+01
      vertex   1.592830e+02 1.162135e+02 3.108922e+01
    endloop
  endfacet
  facet normal 8.400894e-04 -7.936377e-01 6.083901e-01
    outer loop
      vertex   1.562825e+02 1.160197e+02 3.084053e+01
      vertex   1.592825e+02 1.160187e+02 3.083515e+01
      vertex   1.562830e+02 1.162145e+02 3.109459e+01
    endloop
  endfacet
  facet normal 7.528038e-04 -8.249742e-01 5.651698e-01
    outer loop
      vertex   1.562825e+02 1.160197e+02 3.084053e+01
      vertex   1.592820e+02 1.158378e+02 3.057104e+01
      vertex   1.592825e+02 1.160187e+02 3.083515e+01
    endloop
  endfacet
  facet normal 7.528038e-04 -8.249742e-01 5.651698e-01
    outer loop
      vertex   1.562820e+02 1.158388e+02 3.057642e+01
      vertex   1.592820e+02 1.158378e+02 3.057104e+01
      vertex   1.562825e+02 1.160197e+02 3.084053e+01
    endloop
  endfacet
  facet normal 6.634590e-04 -8.539332e-01 5.203823e-01
    outer loop
      vertex   1.562820e+02 1.158388e+02 3.057642e+01
      vertex   1.592815e+02 1.156712e+02 3.029767e+01
      vertex   1.592820e+02 1.158378e+02 3.057104e+01
    endloop
  endfacet
  facet normal 6.634590e-04 -8.539332e-01 5.203823e-01
    outer loop
      vertex   1.562815e+02 1.156722e+02 3.030304e+01
      vertex   1.592815e+02 1.156712e+02 3.029767e+01
      vertex   1.562820e+02 1.158388e+02 3.057642e+01
    endloop
  endfacet
  facet normal 5.721600e-04 -8.804814e-01 4.740804e-01
    outer loop
      vertex   1.562815e+02 1.156722e+02 3.030304e+01
      vertex   1.592809e+02 1.155194e+02 3.001579e+01
      vertex   1.592815e+02 1.156712e+02 3.029767e+01
    endloop
  endfacet
  facet normal 5.721600e-04 -8.804814e-01 4.740804e-01
    outer loop
      vertex   1.562809e+02 1.155204e+02 3.002117e+01
      vertex   1.592809e+02 1.155194e+02 3.001579e+01
      vertex   1.562815e+02 1.156722e+02 3.030304e+01
    endloop
  endfacet
  facet normal 4.793075e-04 -9.045029e-01 4.264673e-01
    outer loop
      vertex   1.562809e+02 1.155204e+02 3.002117e+01
      vertex   1.592803e+02 1.153829e+02 2.972622e+01
      vertex   1.592809e+02 1.155194e+02 3.001579e+01
    endloop
  endfacet
  facet normal 4.793075e-04 -9.045029e-01 4.264673e-01
    outer loop
      vertex   1.562803e+02 1.153839e+02 2.973160e+01
      vertex   1.592803e+02 1.153829e+02 2.972622e+01
      vertex   1.562809e+02 1.155204e+02 3.002117e+01
    endloop
  endfacet
  facet normal 3.849647e-04 -9.259789e-01 3.775751e-01
    outer loop
      vertex   1.562803e+02 1.153839e+02 2.973160e+01
      vertex   1.592798e+02 1.152620e+02 2.942979e+01
      vertex   1.592803e+02 1.153829e+02 2.972622e+01
    endloop
  endfacet
  facet normal 3.849647e-04 -9.259789e-01 3.775751e-01
    outer loop
      vertex   1.562798e+02 1.152630e+02 2.943516e+01
      vertex   1.592798e+02 1.152620e+02 2.942979e+01
      vertex   1.562803e+02 1.153839e+02 2.973160e+01
    endloop
  endfacet
  facet normal 2.897154e-04 -9.447794e-01 3.277069e-01
    outer loop
      vertex   1.562798e+02 1.152630e+02 2.943516e+01
      vertex   1.592792e+02 1.151571e+02 2.912733e+01
      vertex   1.592798e+02 1.152620e+02 2.942979e+01
    endloop
  endfacet
  facet normal 2.897154e-04 -9.447794e-01 3.277069e-01
    outer loop
      vertex   1.562792e+02 1.151581e+02 2.913271e+01
      vertex   1.592792e+02 1.151571e+02 2.912733e+01
      vertex   1.562798e+02 1.152630e+02 2.943516e+01
    endloop
  endfacet
  facet normal 1.934495e-04 -9.609261e-01 2.768049e-01
    outer loop
      vertex   1.562792e+02 1.151581e+02 2.913271e+01
      vertex   1.592786e+02 1.150685e+02 2.881971e+01
      vertex   1.592792e+02 1.151571e+02 2.912733e+01
    endloop
  endfacet
  facet normal 1.934495e-04 -9.609261e-01 2.768049e-01
    outer loop
      vertex   1.562786e+02 1.150695e+02 2.882508e+01
      vertex   1.592786e+02 1.150685e+02 2.881971e+01
      vertex   1.562792e+02 1.151581e+02 2.913271e+01
    endloop
  endfacet
  facet normal 9.672594e-05 -9.743209e-01 2.251640e-01
    outer loop
      vertex   1.562786e+02 1.150695e+02 2.882508e+01
      vertex   1.592780e+02 1.149964e+02 2.850779e+01
      vertex   1.592786e+02 1.150685e+02 2.881971e+01
    endloop
  endfacet
  facet normal 9.672594e-05 -9.743209e-01 2.251640e-01
    outer loop
      vertex   1.562780e+02 1.149974e+02 2.851316e+01
      vertex   1.592780e+02 1.149964e+02 2.850779e+01
      vertex   1.562786e+02 1.150695e+02 2.882508e+01
    endloop
  endfacet
  facet normal -2.725293e-07 -9.849425e-01 1.728824e-01
    outer loop
      vertex   1.562780e+02 1.149974e+02 2.851316e+01
      vertex   1.592775e+02 1.149411e+02 2.819247e+01
      vertex   1.592780e+02 1.149964e+02 2.850779e+01
    endloop
  endfacet
  facet normal -2.725292e-07 -9.849425e-01 1.728824e-01
    outer loop
      vertex   1.562775e+02 1.149420e+02 2.819784e+01
      vertex   1.592775e+02 1.149411e+02 2.819247e+01
      vertex   1.562780e+02 1.149974e+02 2.851316e+01
    endloop
  endfacet
  facet normal -9.723198e-05 -9.927582e-01 1.201297e-01
    outer loop
      vertex   1.562775e+02 1.149420e+02 2.819784e+01
      vertex   1.592769e+02 1.149026e+02 2.787465e+01
      vertex   1.592775e+02 1.149411e+02 2.819247e+01
    endloop
  endfacet
  facet normal -9.723198e-05 -9.927582e-01 1.201297e-01
    outer loop
      vertex   1.562769e+02 1.149036e+02 2.788003e+01
      vertex   1.592769e+02 1.149026e+02 2.787465e+01
      vertex   1.562775e+02 1.149420e+02 2.819784e+01
    endloop
  endfacet
  facet normal -1.940409e-04 -9.977552e-01 6.696586e-02
    outer loop
      vertex   1.562769e+02 1.149036e+02 2.788003e+01
      vertex   1.592763e+02 1.148812e+02 2.755523e+01
      vertex   1.592769e+02 1.149026e+02 2.787465e+01
    endloop
  endfacet
  facet normal -1.940409e-04 -9.977552e-01 6.696586e-02
    outer loop
      vertex   1.562763e+02 1.148821e+02 2.756061e+01
      vertex   1.592763e+02 1.148812e+02 2.755523e+01
      vertex   1.562769e+02 1.149036e+02 2.788003e+01
    endloop
  endfacet
  facet normal -2.901979e-04 -9.999066e-01 1.366598e-02
    outer loop
      vertex   1.562763e+02 1.148821e+02 2.756061e+01
      vertex   1.592757e+02 1.148768e+02 2.723513e+01
      vertex   1.592763e+02 1.148812e+02 2.755523e+01
    endloop
  endfacet
  facet normal -2.901979e-04 -9.999066e-01 1.366598e-02
    outer loop
      vertex   1.562757e+02 1.148778e+02 2.724051e+01
      vertex   1.592757e+02 1.148768e+02 2.723513e+01
      vertex   1.562763e+02 1.148821e+02 2.756061e+01
    endloop
  endfacet
  facet normal -3.855537e-04 -9.992121e-01 -3.968657e-02
    outer loop
      vertex   1.562757e+02 1.148778e+02 2.724051e+01
      vertex   1.592751e+02 1.148895e+02 2.691524e+01
      vertex   1.592757e+02 1.148768e+02 2.723513e+01
    endloop
  endfacet
  facet normal -3.855537e-04 -9.992121e-01 -3.968657e-02
    outer loop
      vertex   1.562752e+02 1.148905e+02 2.692062e+01
      vertex   1.592751e+02 1.148895e+02 2.691524e+01
      vertex   1.562757e+02 1.148778e+02 2.724051e+01
    endloop
  endfacet
  facet normal -4.797811e-04 -9.956745e-01 -9.290872e-02
    outer loop
      vertex   1.562752e+02 1.148905e+02 2.692062e+01
      vertex   1.592746e+02 1.149193e+02 2.659649e+01
      vertex   1.592751e+02 1.148895e+02 2.691524e+01
    endloop
  endfacet
  facet normal -4.797811e-04 -9.956745e-01 -9.290872e-02
    outer loop
      vertex   1.562746e+02 1.149202e+02 2.660186e+01
      vertex   1.592746e+02 1.149193e+02 2.659649e+01
      vertex   1.562752e+02 1.148905e+02 2.692062e+01
    endloop
  endfacet
  facet normal -5.727319e-04 -9.892966e-01 -1.459172e-01
    outer loop
      vertex   1.562746e+02 1.149202e+02 2.660186e+01
      vertex   1.592740e+02 1.149660e+02 2.627978e+01
      vertex   1.592746e+02 1.149193e+02 2.659649e+01
    endloop
  endfacet
  facet normal -5.727319e-04 -9.892966e-01 -1.459172e-01
    outer loop
      vertex   1.562740e+02 1.149669e+02 2.628516e+01
      vertex   1.592740e+02 1.149660e+02 2.627978e+01
      vertex   1.562746e+02 1.149202e+02 2.660186e+01
    endloop
  endfacet
  facet normal -6.639225e-04 -9.801136e-01 -1.984359e-01
    outer loop
      vertex   1.562740e+02 1.149669e+02 2.628516e+01
      vertex   1.592735e+02 1.150295e+02 2.596601e+01
      vertex   1.592740e+02 1.149660e+02 2.627978e+01
    endloop
  endfacet
  facet normal -6.639225e-04 -9.801136e-01 -1.984359e-01
    outer loop
      vertex   1.562735e+02 1.150304e+02 2.597139e+01
      vertex   1.592735e+02 1.150295e+02 2.596601e+01
      vertex   1.562740e+02 1.149669e+02 2.628516e+01
    endloop
  endfacet
  facet normal -7.533520e-04 -9.681256e-01 -2.504643e-01
    outer loop
      vertex   1.562735e+02 1.150304e+02 2.597139e+01
      vertex   1.592730e+02 1.151097e+02 2.565607e+01
      vertex   1.592735e+02 1.150295e+02 2.596601e+01
    endloop
  endfacet
  facet normal -7.533520e-04 -9.681256e-01 -2.504643e-01
    outer loop
      vertex   1.562730e+02 1.151106e+02 2.566144e+01
      vertex   1.592730e+02 1.151097e+02 2.565607e+01
      vertex   1.562735e+02 1.150304e+02 2.597139e+01
    endloop
  endfacet
  facet normal -8.405474e-04 -9.533938e-01 -3.017275e-01
    outer loop
      vertex   1.562730e+02 1.151106e+02 2.566144e+01
      vertex   1.592724e+02 1.152063e+02 2.535086e+01
      vertex   1.592730e+02 1.151097e+02 2.565607e+01
    endloop
  endfacet
  facet normal -8.405474e-04 -9.533938e-01 -3.017275e-01
    outer loop
      vertex   1.562725e+02 1.152072e+02 2.535623e+01
      vertex   1.592724e+02 1.152063e+02 2.535086e+01
      vertex   1.562730e+02 1.151106e+02 2.566144e+01
    endloop
  endfacet
  facet normal -9.253583e-04 -9.359482e-01 -3.521364e-01
    outer loop
      vertex   1.562725e+02 1.152072e+02 2.535623e+01
      vertex   1.592719e+02 1.153190e+02 2.505122e+01
      vertex   1.592724e+02 1.152063e+02 2.535086e+01
    endloop
  endfacet
  facet normal -9.253583e-04 -9.359482e-01 -3.521364e-01
    outer loop
      vertex   1.562719e+02 1.153200e+02 2.505660e+01
      vertex   1.592719e+02 1.153190e+02 2.505122e+01
      vertex   1.562725e+02 1.152072e+02 2.535623e+01
    endloop
  endfacet
  facet normal -1.007584e-03 -9.158268e-01 -4.015723e-01
    outer loop
      vertex   1.562719e+02 1.153200e+02 2.505660e+01
      vertex   1.592715e+02 1.154476e+02 2.475804e+01
      vertex   1.592719e+02 1.153190e+02 2.505122e+01
    endloop
  endfacet
  facet normal -1.007584e-03 -9.158268e-01 -4.015723e-01
    outer loop
      vertex   1.562715e+02 1.154485e+02 2.476342e+01
      vertex   1.592715e+02 1.154476e+02 2.475804e+01
      vertex   1.562719e+02 1.153200e+02 2.505660e+01
    endloop
  endfacet
  facet normal -1.086948e-03 -8.930937e-01 -4.498694e-01
    outer loop
      vertex   1.562715e+02 1.154485e+02 2.476342e+01
      vertex   1.592710e+02 1.155916e+02 2.447212e+01
      vertex   1.592715e+02 1.154476e+02 2.475804e+01
    endloop
  endfacet
  facet normal -1.086948e-03 -8.930937e-01 -4.498694e-01
    outer loop
      vertex   1.562710e+02 1.155925e+02 2.447750e+01
      vertex   1.592710e+02 1.155916e+02 2.447212e+01
      vertex   1.562715e+02 1.154485e+02 2.476342e+01
    endloop
  endfacet
  facet normal -1.163126e-03 -8.678474e-01 -4.968295e-01
    outer loop
      vertex   1.562710e+02 1.155925e+02 2.447750e+01
      vertex   1.592705e+02 1.157506e+02 2.419430e+01
      vertex   1.592710e+02 1.155916e+02 2.447212e+01
    endloop
  endfacet
  facet normal -1.163126e-03 -8.678474e-01 -4.968295e-01
    outer loop
      vertex   1.562706e+02 1.157516e+02 2.419967e+01
      vertex   1.592705e+02 1.157506e+02 2.419430e+01
      vertex   1.562710e+02 1.155925e+02 2.447750e+01
    endloop
  endfacet
  facet normal -1.236084e-03 -8.400989e-01 -5.424319e-01
    outer loop
      vertex   1.562706e+02 1.157516e+02 2.419967e+01
      vertex   1.592701e+02 1.159243e+02 2.392535e+01
      vertex   1.592705e+02 1.157506e+02 2.419430e+01
    endloop
  endfacet
  facet normal -1.236084e-03 -8.400989e-01 -5.424319e-01
    outer loop
      vertex   1.562701e+02 1.159252e+02 2.393072e+01
      vertex   1.592701e+02 1.159243e+02 2.392535e+01
      vertex   1.562706e+02 1.157516e+02 2.419967e+01
    endloop
  endfacet
  facet normal -1.305452e-03 -8.099879e-01 -5.864452e-01
    outer loop
      vertex   1.562701e+02 1.159252e+02 2.393072e+01
      vertex   1.592697e+02 1.161120e+02 2.366604e+01
      vertex   1.592701e+02 1.159243e+02 2.392535e+01
    endloop
  endfacet
  facet normal -1.305452e-03 -8.099879e-01 -5.864452e-01
    outer loop
      vertex   1.562697e+02 1.161130e+02 2.367141e+01
      vertex   1.592697e+02 1.161120e+02 2.366604e+01
      vertex   1.562701e+02 1.159252e+02 2.393072e+01
    endloop
  endfacet
  facet normal -1.371179e-03 -7.775355e-01 -6.288375e-01
    outer loop
      vertex   1.562697e+02 1.161130e+02 2.367141e+01
      vertex   1.592693e+02 1.163134e+02 2.341713e+01
      vertex   1.592697e+02 1.161120e+02 2.366604e+01
    endloop
  endfacet
  facet normal -1.371179e-03 -7.775355e-01 -6.288375e-01
    outer loop
      vertex   1.562693e+02 1.163143e+02 2.342250e+01
      vertex   1.592693e+02 1.163134e+02 2.341713e+01
      vertex   1.562697e+02 1.161130e+02 2.367141e+01
    endloop
  endfacet
  facet normal -1.432956e-03 -7.428926e-01 -6.694091e-01
    outer loop
      vertex   1.562693e+02 1.163143e+02 2.342250e+01
      vertex   1.592690e+02 1.165277e+02 2.317929e+01
      vertex   1.592693e+02 1.163134e+02 2.341713e+01
    endloop
  endfacet
  facet normal -1.432956e-03 -7.428926e-01 -6.694091e-01
    outer loop
      vertex   1.562690e+02 1.165286e+02 2.318467e+01
      vertex   1.592690e+02 1.165277e+02 2.317929e+01
      vertex   1.562693e+02 1.163143e+02 2.342250e+01
    endloop
  endfacet
  facet normal -1.490660e-03 -7.061307e-01 -7.080800e-01
    outer loop
      vertex   1.562690e+02 1.165286e+02 2.318467e+01
      vertex   1.592686e+02 1.167543e+02 2.295324e+01
      vertex   1.592690e+02 1.165277e+02 2.317929e+01
    endloop
  endfacet
  facet normal -1.490660e-03 -7.061307e-01 -7.080800e-01
    outer loop
      vertex   1.562686e+02 1.167553e+02 2.295861e+01
      vertex   1.592686e+02 1.167543e+02 2.295324e+01
      vertex   1.562690e+02 1.165286e+02 2.318467e+01
    endloop
  endfacet
  facet normal -1.544061e-03 -6.674050e-01 -7.446933e-01
    outer loop
      vertex   1.562686e+02 1.167553e+02 2.295861e+01
      vertex   1.592683e+02 1.169927e+02 2.273958e+01
      vertex   1.592686e+02 1.167543e+02 2.295324e+01
    endloop
  endfacet
  facet normal -1.544061e-03 -6.674050e-01 -7.446933e-01
    outer loop
      vertex   1.562683e+02 1.169937e+02 2.274495e+01
      vertex   1.592683e+02 1.169927e+02 2.273958e+01
      vertex   1.562686e+02 1.167553e+02 2.295861e+01
    endloop
  endfacet
  facet normal -1.593209e-03 -6.266666e-01 -7.792858e-01
    outer loop
      vertex   1.562683e+02 1.169937e+02 2.274495e+01
      vertex   1.592680e+02 1.172422e+02 2.253896e+01
      vertex   1.592683e+02 1.169927e+02 2.273958e+01
    endloop
  endfacet
  facet normal -1.593209e-03 -6.266666e-01 -7.792858e-01
    outer loop
      vertex   1.562681e+02 1.172432e+02 2.254433e+01
      vertex   1.592680e+02 1.172422e+02 2.253896e+01
      vertex   1.562683e+02 1.169937e+02 2.274495e+01
    endloop
  endfacet
  facet normal -1.637708e-03 -5.842387e-01 -8.115802e-01
    outer loop
      vertex   1.562681e+02 1.172432e+02 2.254433e+01
      vertex   1.592678e+02 1.175020e+02 2.235192e+01
      vertex   1.592680e+02 1.172422e+02 2.253896e+01
    endloop
  endfacet
  facet normal -1.637708e-03 -5.842387e-01 -8.115802e-01
    outer loop
      vertex   1.562678e+02 1.175030e+02 2.235730e+01
      vertex   1.592678e+02 1.175020e+02 2.235192e+01
      vertex   1.562681e+02 1.172432e+02 2.254433e+01
    endloop
  endfacet
  facet normal -1.677591e-03 -5.401015e-01 -8.415982e-01
    outer loop
      vertex   1.562678e+02 1.175030e+02 2.235730e+01
      vertex   1.592676e+02 1.177715e+02 2.217901e+01
      vertex   1.592678e+02 1.175020e+02 2.235192e+01
    endloop
  endfacet
  facet normal -1.677591e-03 -5.401015e-01 -8.415982e-01
    outer loop
      vertex   1.562676e+02 1.177724e+02 2.218439e+01
      vertex   1.592676e+02 1.177715e+02 2.217901e+01
      vertex   1.562678e+02 1.175030e+02 2.235730e+01
    endloop
  endfacet
  facet normal -1.712662e-03 -4.944703e-01 -8.691928e-01
    outer loop
      vertex   1.562676e+02 1.177724e+02 2.218439e+01
      vertex   1.592674e+02 1.180497e+02 2.202072e+01
      vertex   1.592676e+02 1.177715e+02 2.217901e+01
    endloop
  endfacet
  facet normal -1.712662e-03 -4.944703e-01 -8.691928e-01
    outer loop
      vertex   1.562674e+02 1.180507e+02 2.202609e+01
      vertex   1.592674e+02 1.180497e+02 2.202072e+01
      vertex   1.562676e+02 1.177724e+02 2.218439e+01
    endloop
  endfacet
  facet normal -1.742881e-03 -4.474036e-01 -8.943305e-01
    outer loop
      vertex   1.562674e+02 1.180507e+02 2.202609e+01
      vertex   1.592672e+02 1.183360e+02 2.187748e+01
      vertex   1.592674e+02 1.180497e+02 2.202072e+01
    endloop
  endfacet
  facet normal -1.742881e-03 -4.474036e-01 -8.943305e-01
    outer loop
      vertex   1.562672e+02 1.183370e+02 2.188286e+01
      vertex   1.592672e+02 1.183360e+02 2.187748e+01
      vertex   1.562674e+02 1.180507e+02 2.202609e+01
    endloop
  endfacet
  facet normal -1.768136e-03 -3.990656e-01 -9.169207e-01
    outer loop
      vertex   1.562672e+02 1.183370e+02 2.188286e+01
      vertex   1.592671e+02 1.186296e+02 2.174973e+01
      vertex   1.592672e+02 1.183360e+02 2.187748e+01
    endloop
  endfacet
  facet normal -1.768136e-03 -3.990656e-01 -9.169207e-01
    outer loop
      vertex   1.562671e+02 1.186305e+02 2.175510e+01
      vertex   1.592671e+02 1.186296e+02 2.174973e+01
      vertex   1.562672e+02 1.183370e+02 2.188286e+01
    endloop
  endfacet
  facet normal -1.788362e-03 -3.495792e-01 -9.369051e-01
    outer loop
      vertex   1.562671e+02 1.186305e+02 2.175510e+01
      vertex   1.592670e+02 1.189295e+02 2.163781e+01
      vertex   1.592671e+02 1.186296e+02 2.174973e+01
    endloop
  endfacet
  facet normal -1.788362e-03 -3.495792e-01 -9.369051e-01
    outer loop
      vertex   1.562670e+02 1.189305e+02 2.164319e+01
      vertex   1.592670e+02 1.189295e+02 2.163781e+01
      vertex   1.562671e+02 1.186305e+02 2.175510e+01
    endloop
  endfacet
  facet normal -1.803497e-03 -2.990832e-01 -9.542253e-01
    outer loop
      vertex   1.562670e+02 1.189305e+02 2.164319e+01
      vertex   1.592669e+02 1.192350e+02 2.154207e+01
      vertex   1.592670e+02 1.189295e+02 2.163781e+01
    endloop
  endfacet
  facet normal -1.803497e-03 -2.990832e-01 -9.542253e-01
    outer loop
      vertex   1.562669e+02 1.192360e+02 2.154744e+01
      vertex   1.592669e+02 1.192350e+02 2.154207e+01
      vertex   1.562670e+02 1.189305e+02 2.164319e+01
    endloop
  endfacet
  facet normal -1.813483e-03 -2.478044e-01 -9.688084e-01
    outer loop
      vertex   1.562669e+02 1.192360e+02 2.154744e+01
      vertex   1.592668e+02 1.195452e+02 2.146274e+01
      vertex   1.592669e+02 1.192350e+02 2.154207e+01
    endloop
  endfacet
  facet normal -1.813483e-03 -2.478044e-01 -9.688084e-01
    outer loop
      vertex   1.562669e+02 1.195461e+02 2.146811e+01
      vertex   1.592668e+02 1.195452e+02 2.146274e+01
      vertex   1.562669e+02 1.192360e+02 2.154744e+01
    endloop
  endfacet
  facet normal -1.818317e-03 -1.957771e-01 -9.806467e-01
    outer loop
      vertex   1.562669e+02 1.195461e+02 2.146811e+01
      vertex   1.592668e+02 1.198591e+02 2.140006e+01
      vertex   1.592668e+02 1.195452e+02 2.146274e+01
    endloop
  endfacet
  facet normal -1.818317e-03 -1.957771e-01 -9.806467e-01
    outer loop
      vertex   1.562668e+02 1.198600e+02 2.140544e+01
      vertex   1.592668e+02 1.198591e+02 2.140006e+01
      vertex   1.562669e+02 1.195461e+02 2.146811e+01
    endloop
  endfacet
  facet normal -1.817973e-03 -1.431758e-01 -9.896956e-01
    outer loop
      vertex   1.562668e+02 1.198600e+02 2.140544e+01
      vertex   1.592669e+02 1.201759e+02 2.135422e+01
      vertex   1.592668e+02 1.198591e+02 2.140006e+01
    endloop
  endfacet
  facet normal -1.817973e-03 -1.431758e-01 -9.896956e-01
    outer loop
      vertex   1.562669e+02 1.201769e+02 2.135960e+01
      vertex   1.592669e+02 1.201759e+02 2.135422e+01
      vertex   1.562668e+02 1.198600e+02 2.140544e+01
    endloop
  endfacet
  facet normal -1.812454e-03 -9.019655e-02 -9.959223e-01
    outer loop
      vertex   1.562669e+02 1.201769e+02 2.135960e+01
      vertex   1.592669e+02 1.204948e+02 2.132535e+01
      vertex   1.592669e+02 1.201759e+02 2.135422e+01
    endloop
  endfacet
  facet normal -1.812454e-03 -9.019655e-02 -9.959223e-01
    outer loop
      vertex   1.562669e+02 1.204957e+02 2.133072e+01
      vertex   1.592669e+02 1.204948e+02 2.132535e+01
      vertex   1.562669e+02 1.201769e+02 2.135960e+01
    endloop
  endfacet
  facet normal -1.801768e-03 -3.691983e-02 -9.993166e-01
    outer loop
      vertex   1.562669e+02 1.204957e+02 2.133072e+01
      vertex   1.592670e+02 1.208147e+02 2.131353e+01
      vertex   1.592669e+02 1.204948e+02 2.132535e+01
    endloop
  endfacet
  facet normal -1.801768e-03 -3.691983e-02 -9.993166e-01
    outer loop
      vertex   1.562670e+02 1.208156e+02 2.131890e+01
      vertex   1.592670e+02 1.208147e+02 2.131353e+01
      vertex   1.562669e+02 1.204957e+02 2.133072e+01
    endloop
  endfacet
  facet normal -1.785968e-03 1.640067e-02 -9.998639e-01
    outer loop
      vertex   1.562670e+02 1.208156e+02 2.131890e+01
      vertex   1.592671e+02 1.211348e+02 2.131878e+01
      vertex   1.592670e+02 1.208147e+02 2.131353e+01
    endloop
  endfacet
  facet normal -1.785968e-03 1.640067e-02 -9.998639e-01
    outer loop
      vertex   1.562671e+02 1.211357e+02 2.132415e+01
      vertex   1.592671e+02 1.211348e+02 2.131878e+01
      vertex   1.562670e+02 1.208156e+02 2.131890e+01
    endloop
  endfacet
  facet normal -1.765072e-03 6.971392e-02 -9.975655e-01
    outer loop
      vertex   1.562671e+02 1.211357e+02 2.132415e+01
      vertex   1.592672e+02 1.214541e+02 2.134110e+01
      vertex   1.592671e+02 1.211348e+02 2.131878e+01
    endloop
  endfacet
  facet normal -1.765072e-03 6.971392e-02 -9.975655e-01
    outer loop
      vertex   1.562672e+02 1.214551e+02 2.134647e+01
      vertex   1.592672e+02 1.214541e+02 2.134110e+01
      vertex   1.562671e+02 1.211357e+02 2.132415e+01
    endloop
  endfacet
  facet normal -1.739146e-03 1.228381e-01 -9.924252e-01
    outer loop
      vertex   1.562672e+02 1.214551e+02 2.134647e+01
      vertex   1.592674e+02 1.217719e+02 2.138042e+01
      vertex   1.592672e+02 1.214541e+02 2.134110e+01
    endloop
  endfacet
  facet normal -1.739146e-03 1.228381e-01 -9.924252e-01
    outer loop
      vertex   1.562674e+02 1.217728e+02 2.138580e+01
      vertex   1.592674e+02 1.217719e+02 2.138042e+01
      vertex   1.562672e+02 1.214551e+02 2.134647e+01
    endloop
  endfacet
  facet normal -1.708276e-03 1.755946e-01 -9.844611e-01
    outer loop
      vertex   1.562674e+02 1.217728e+02 2.138580e+01
      vertex   1.592676e+02 1.220870e+02 2.143664e+01
      vertex   1.592674e+02 1.217719e+02 2.138042e+01
    endloop
  endfacet
  facet normal -1.708276e-03 1.755946e-01 -9.844611e-01
    outer loop
      vertex   1.562676e+02 1.220880e+02 2.144201e+01
      vertex   1.592676e+02 1.220870e+02 2.143664e+01
      vertex   1.562674e+02 1.217728e+02 2.138580e+01
    endloop
  endfacet
  facet normal -1.672573e-03 2.278106e-01 -9.737040e-01
    outer loop
      vertex   1.562676e+02 1.220880e+02 2.144201e+01
      vertex   1.592678e+02 1.223987e+02 2.150957e+01
      vertex   1.592676e+02 1.220870e+02 2.143664e+01
    endloop
  endfacet
  facet normal -1.672573e-03 2.278106e-01 -9.737040e-01
    outer loop
      vertex   1.562678e+02 1.223997e+02 2.151494e+01
      vertex   1.592678e+02 1.223987e+02 2.150957e+01
      vertex   1.562676e+02 1.220880e+02 2.144201e+01
    endloop
  endfacet
  facet normal -1.632048e-03 2.794608e-01 -9.601557e-01
    outer loop
      vertex   1.562678e+02 1.223997e+02 2.151494e+01
      vertex   1.592681e+02 1.227061e+02 2.159903e+01
      vertex   1.592678e+02 1.223987e+02 2.150957e+01
    endloop
  endfacet
  facet normal -1.632048e-03 2.794608e-01 -9.601557e-01
    outer loop
      vertex   1.562681e+02 1.227071e+02 2.160441e+01
      vertex   1.592681e+02 1.227061e+02 2.159903e+01
      vertex   1.562678e+02 1.223997e+02 2.151494e+01
    endloop
  endfacet
  facet normal -1.586907e-03 3.302749e-01 -9.438834e-01
    outer loop
      vertex   1.562681e+02 1.227071e+02 2.160441e+01
      vertex   1.592684e+02 1.230083e+02 2.170477e+01
      vertex   1.592681e+02 1.227061e+02 2.159903e+01
    endloop
  endfacet
  facet normal -1.586907e-03 3.302749e-01 -9.438834e-01
    outer loop
      vertex   1.562684e+02 1.230092e+02 2.171014e+01
      vertex   1.592684e+02 1.230083e+02 2.170477e+01
      vertex   1.562681e+02 1.227071e+02 2.160441e+01
    endloop
  endfacet
  facet normal -1.537249e-03 3.801475e-01 -9.249246e-01
    outer loop
      vertex   1.562684e+02 1.230092e+02 2.171014e+01
      vertex   1.592687e+02 1.233044e+02 2.182647e+01
      vertex   1.592684e+02 1.230083e+02 2.170477e+01
    endloop
  endfacet
  facet normal -1.537249e-03 3.801475e-01 -9.249246e-01
    outer loop
      vertex   1.562687e+02 1.233053e+02 2.183184e+01
      vertex   1.592687e+02 1.233044e+02 2.182647e+01
      vertex   1.562684e+02 1.230092e+02 2.171014e+01
    endloop
  endfacet
  facet normal -1.483213e-03 4.289406e-01 -9.033315e-01
    outer loop
      vertex   1.562687e+02 1.233053e+02 2.183184e+01
      vertex   1.592690e+02 1.235936e+02 2.196379e+01
      vertex   1.592687e+02 1.233044e+02 2.182647e+01
    endloop
  endfacet
  facet normal -1.483213e-03 4.289406e-01 -9.033315e-01
    outer loop
      vertex   1.562690e+02 1.235945e+02 2.196916e+01
      vertex   1.592690e+02 1.235936e+02 2.196379e+01
      vertex   1.562687e+02 1.233053e+02 2.183184e+01
    endloop
  endfacet
  facet normal -1.424991e-03 4.764831e-01 -8.791825e-01
    outer loop
      vertex   1.562690e+02 1.235945e+02 2.196916e+01
      vertex   1.592694e+02 1.238751e+02 2.211632e+01
      vertex   1.592690e+02 1.235936e+02 2.196379e+01
    endloop
  endfacet
  facet normal -1.424991e-03 4.764831e-01 -8.791825e-01
    outer loop
      vertex   1.562694e+02 1.238760e+02 2.212170e+01
      vertex   1.592694e+02 1.238751e+02 2.211632e+01
      vertex   1.562690e+02 1.235945e+02 2.196916e+01
    endloop
  endfacet
  facet normal -1.362622e-03 5.227377e-01 -8.524925e-01
    outer loop
      vertex   1.562694e+02 1.238760e+02 2.212170e+01
      vertex   1.592698e+02 1.241480e+02 2.228367e+01
      vertex   1.592694e+02 1.238751e+02 2.211632e+01
    endloop
  endfacet
  facet normal -1.362622e-03 5.227377e-01 -8.524925e-01
    outer loop
      vertex   1.562698e+02 1.241489e+02 2.228905e+01
      vertex   1.592698e+02 1.241480e+02 2.228367e+01
      vertex   1.562694e+02 1.238760e+02 2.212170e+01
    endloop
  endfacet
  facet normal 1.714349e-03 -1.658793e-01 9.861446e-01
    outer loop
      vertex   1.592881e+02 1.200211e+02 3.325193e+01
      vertex   1.562883e+02 1.203016e+02 3.330432e+01
      vertex   1.562881e+02 1.200220e+02 3.325731e+01
    endloop
  endfacet
  facet normal 1.714349e-03 -1.658793e-01 9.861446e-01
    outer loop
      vertex   1.592883e+02 1.203006e+02 3.329895e+01
      vertex   1.562883e+02 1.203016e+02 3.330432e+01
      vertex   1.592881e+02 1.200211e+02 3.325193e+01
    endloop
  endfacet
  facet normal 1.683752e-03 -2.122583e-01 9.772122e-01
    outer loop
      vertex   1.592883e+02 1.203006e+02 3.329895e+01
      vertex   1.562885e+02 1.205786e+02 3.336449e+01
      vertex   1.562883e+02 1.203016e+02 3.330432e+01
    endloop
  endfacet
  facet normal 1.683752e-03 -2.122583e-01 9.772122e-01
    outer loop
      vertex   1.592885e+02 1.205776e+02 3.335911e+01
      vertex   1.562885e+02 1.205786e+02 3.336449e+01
      vertex   1.592883e+02 1.203006e+02 3.329895e+01
    endloop
  endfacet
  facet normal 1.649394e-03 -2.581704e-01 9.660980e-01
    outer loop
      vertex   1.592885e+02 1.205776e+02 3.335911e+01
      vertex   1.562887e+02 1.208524e+02 3.343766e+01
      vertex   1.562885e+02 1.205786e+02 3.336449e+01
    endloop
  endfacet
  facet normal 1.649394e-03 -2.581704e-01 9.660980e-01
    outer loop
      vertex   1.592887e+02 1.208515e+02 3.343229e+01
      vertex   1.562887e+02 1.208524e+02 3.343766e+01
      vertex   1.592885e+02 1.205776e+02 3.335911e+01
    endloop
  endfacet
  facet normal 1.611341e-03 -3.035222e-01 9.528230e-01
    outer loop
      vertex   1.592887e+02 1.208515e+02 3.343229e+01
      vertex   1.562889e+02 1.211225e+02 3.352369e+01
      vertex   1.562887e+02 1.208524e+02 3.343766e+01
    endloop
  endfacet
  facet normal 1.611341e-03 -3.035222e-01 9.528230e-01
    outer loop
      vertex   1.592889e+02 1.211215e+02 3.351832e+01
      vertex   1.562889e+02 1.211225e+02 3.352369e+01
      vertex   1.592887e+02 1.208515e+02 3.343229e+01
    endloop
  endfacet
  facet normal 1.569703e-03 -3.481826e-01 9.374254e-01
    outer loop
      vertex   1.592889e+02 1.211215e+02 3.351832e+01
      vertex   1.562892e+02 1.213882e+02 3.362239e+01
      vertex   1.562889e+02 1.211225e+02 3.352369e+01
    endloop
  endfacet
  facet normal 1.569703e-03 -3.481826e-01 9.374254e-01
    outer loop
      vertex   1.592892e+02 1.213872e+02 3.361701e+01
      vertex   1.562892e+02 1.213882e+02 3.362239e+01
      vertex   1.592889e+02 1.211215e+02 3.351832e+01
    endloop
  endfacet
  facet normal 1.524567e-03 -3.920615e-01 9.199378e-01
    outer loop
      vertex   1.592892e+02 1.213872e+02 3.361701e+01
      vertex   1.562895e+02 1.216489e+02 3.373351e+01
      vertex   1.562892e+02 1.213882e+02 3.362239e+01
    endloop
  endfacet
  facet normal 1.524567e-03 -3.920615e-01 9.199378e-01
    outer loop
      vertex   1.592895e+02 1.216480e+02 3.372814e+01
      vertex   1.562895e+02 1.216489e+02 3.373351e+01
      vertex   1.592892e+02 1.213872e+02 3.361701e+01
    endloop
  endfacet
  facet normal 1.500715e-03 -4.136802e-01 9.104210e-01
    outer loop
      vertex   1.592987e+02 1.297930e+02 3.742910e+01
      vertex   1.562895e+02 1.216489e+02 3.373351e+01
      vertex   1.592895e+02 1.216480e+02 3.372814e+01
    endloop
  endfacet
  facet normal 1.500715e-03 -4.136802e-01 9.104210e-01
    outer loop
      vertex   1.562987e+02 1.297940e+02 3.743447e+01
      vertex   1.562895e+02 1.216489e+02 3.373351e+01
      vertex   1.592987e+02 1.297930e+02 3.742910e+01
    endloop
  endfacet
  facet normal 1.527101e-03 -3.897047e-01 9.209386e-01
    outer loop
      vertex   1.592987e+02 1.297930e+02 3.742910e+01
      vertex   1.562990e+02 1.300834e+02 3.755695e+01
      vertex   1.562987e+02 1.297940e+02 3.743447e+01
    endloop
  endfacet
  facet normal 1.527101e-03 -3.897047e-01 9.209386e-01
    outer loop
      vertex   1.592990e+02 1.300825e+02 3.755157e+01
      vertex   1.562990e+02 1.300834e+02 3.755695e+01
      vertex   1.592987e+02 1.297930e+02 3.742910e+01
    endloop
  endfacet
  facet normal 1.576749e-03 -3.409345e-01 9.400857e-01
    outer loop
      vertex   1.592990e+02 1.300825e+02 3.755157e+01
      vertex   1.562993e+02 1.303789e+02 3.766410e+01
      vertex   1.562990e+02 1.300834e+02 3.755695e+01
    endloop
  endfacet
  facet normal 1.576749e-03 -3.409345e-01 9.400857e-01
    outer loop
      vertex   1.592993e+02 1.303779e+02 3.765872e+01
      vertex   1.562993e+02 1.303789e+02 3.766410e+01
      vertex   1.592990e+02 1.300825e+02 3.755157e+01
    endloop
  endfacet
  facet normal 1.622060e-03 -2.912383e-01 9.566492e-01
    outer loop
      vertex   1.592993e+02 1.303779e+02 3.765872e+01
      vertex   1.562995e+02 1.306795e+02 3.775563e+01
      vertex   1.562993e+02 1.303789e+02 3.766410e+01
    endloop
  endfacet
  facet normal 1.622060e-03 -2.912383e-01 9.566492e-01
    outer loop
      vertex   1.592995e+02 1.306786e+02 3.775026e+01
      vertex   1.562995e+02 1.306795e+02 3.775563e+01
      vertex   1.592993e+02 1.303779e+02 3.765872e+01
    endloop
  endfacet
  facet normal 1.662927e-03 -2.407344e-01 9.705896e-01
    outer loop
      vertex   1.592995e+02 1.306786e+02 3.775026e+01
      vertex   1.562998e+02 1.309846e+02 3.783129e+01
      vertex   1.562995e+02 1.306795e+02 3.775563e+01
    endloop
  endfacet
  facet normal 1.662927e-03 -2.407344e-01 9.705896e-01
    outer loop
      vertex   1.592998e+02 1.309836e+02 3.782591e+01
      vertex   1.562998e+02 1.309846e+02 3.783129e+01
      vertex   1.592995e+02 1.306786e+02 3.775026e+01
    endloop
  endfacet
  facet normal 1.699204e-03 -1.896070e-01 9.818586e-01
    outer loop
      vertex   1.592998e+02 1.309836e+02 3.782591e+01
      vertex   1.563000e+02 1.312931e+02 3.789088e+01
      vertex   1.562998e+02 1.309846e+02 3.783129e+01
    endloop
  endfacet
  facet normal 1.699204e-03 -1.896070e-01 9.818586e-01
    outer loop
      vertex   1.593000e+02 1.312922e+02 3.788550e+01
      vertex   1.563000e+02 1.312931e+02 3.789088e+01
      vertex   1.592998e+02 1.309836e+02 3.782591e+01
    endloop
  endfacet
  facet normal 1.730844e-03 -1.379240e-01 9.904413e-01
    outer loop
      vertex   1.593000e+02 1.312922e+02 3.788550e+01
      vertex   1.563001e+02 1.316044e+02 3.793423e+01
      vertex   1.563000e+02 1.312931e+02 3.789088e+01
    endloop
  endfacet
  facet normal 1.730844e-03 -1.379240e-01 9.904413e-01
    outer loop
      vertex   1.593001e+02 1.316035e+02 3.792885e+01
      vertex   1.563001e+02 1.316044e+02 3.793423e+01
      vertex   1.593000e+02 1.312922e+02 3.788550e+01
    endloop
  endfacet
  facet normal 1.757728e-03 -8.587351e-02 9.963045e-01
    outer loop
      vertex   1.593001e+02 1.316035e+02 3.792885e+01
      vertex   1.563003e+02 1.319176e+02 3.796122e+01
      vertex   1.563001e+02 1.316044e+02 3.793423e+01
    endloop
  endfacet
  facet normal 1.757728e-03 -8.587351e-02 9.963045e-01
    outer loop
      vertex   1.593003e+02 1.319166e+02 3.795584e+01
      vertex   1.563003e+02 1.319176e+02 3.796122e+01
      vertex   1.593001e+02 1.316035e+02 3.792885e+01
    endloop
  endfacet
  facet normal 1.779782e-03 -3.360671e-02 9.994336e-01
    outer loop
      vertex   1.593003e+02 1.319166e+02 3.795584e+01
      vertex   1.563004e+02 1.322317e+02 3.797178e+01
      vertex   1.563003e+02 1.319176e+02 3.796122e+01
    endloop
  endfacet
  facet normal 1.779782e-03 -3.360671e-02 9.994336e-01
    outer loop
      vertex   1.593004e+02 1.322307e+02 3.796640e+01
      vertex   1.563004e+02 1.322317e+02 3.797178e+01
      vertex   1.593003e+02 1.319166e+02 3.795584e+01
    endloop
  endfacet
  facet normal 1.796971e-03 1.880355e-02 9.998216e-01
    outer loop
      vertex   1.593004e+02 1.322307e+02 3.796640e+01
      vertex   1.563005e+02 1.325459e+02 3.796587e+01
      vertex   1.563004e+02 1.322317e+02 3.797178e+01
    endloop
  endfacet
  facet normal 1.796971e-03 1.880355e-02 9.998216e-01
    outer loop
      vertex   1.593005e+02 1.325450e+02 3.796049e+01
      vertex   1.563005e+02 1.325459e+02 3.796587e+01
      vertex   1.593004e+02 1.322307e+02 3.796640e+01
    endloop
  endfacet
  facet normal 1.809217e-03 7.112708e-02 9.974656e-01
    outer loop
      vertex   1.593005e+02 1.325450e+02 3.796049e+01
      vertex   1.563006e+02 1.328594e+02 3.794351e+01
      vertex   1.563005e+02 1.325459e+02 3.796587e+01
    endloop
  endfacet
  facet normal 1.809217e-03 7.112708e-02 9.974656e-01
    outer loop
      vertex   1.593006e+02 1.328584e+02 3.793814e+01
      vertex   1.563006e+02 1.328594e+02 3.794351e+01
      vertex   1.593005e+02 1.325450e+02 3.796049e+01
    endloop
  endfacet
  facet normal 1.816501e-03 1.232665e-01 9.923719e-01
    outer loop
      vertex   1.593006e+02 1.328584e+02 3.793814e+01
      vertex   1.563006e+02 1.331713e+02 3.790477e+01
      vertex   1.563006e+02 1.328594e+02 3.794351e+01
    endloop
  endfacet
  facet normal 1.816501e-03 1.232665e-01 9.923719e-01
    outer loop
      vertex   1.593006e+02 1.331703e+02 3.789940e+01
      vertex   1.563006e+02 1.331713e+02 3.790477e+01
      vertex   1.593006e+02 1.328584e+02 3.793814e+01
    endloop
  endfacet
  facet normal 1.818800e-03 1.750526e-01 9.845574e-01
    outer loop
      vertex   1.593006e+02 1.331703e+02 3.789940e+01
      vertex   1.563006e+02 1.334807e+02 3.784976e+01
      vertex   1.563006e+02 1.331713e+02 3.790477e+01
    endloop
  endfacet
  facet normal 1.818800e-03 1.750526e-01 9.845574e-01
    outer loop
      vertex   1.593006e+02 1.334798e+02 3.784438e+01
      vertex   1.563006e+02 1.334807e+02 3.784976e+01
      vertex   1.593006e+02 1.331703e+02 3.789940e+01
    endloop
  endfacet
  facet normal 1.816112e-03 2.263441e-01 9.740457e-01
    outer loop
      vertex   1.593006e+02 1.334798e+02 3.784438e+01
      vertex   1.563006e+02 1.337868e+02 3.777862e+01
      vertex   1.563006e+02 1.334807e+02 3.784976e+01
    endloop
  endfacet
  facet normal 1.816112e-03 2.263441e-01 9.740457e-01
    outer loop
      vertex   1.593005e+02 1.337859e+02 3.777324e+01
      vertex   1.563006e+02 1.337868e+02 3.777862e+01
      vertex   1.593006e+02 1.334798e+02 3.784438e+01
    endloop
  endfacet
  facet normal 1.808433e-03 2.770713e-01 9.608477e-01
    outer loop
      vertex   1.593005e+02 1.337859e+02 3.777324e+01
      vertex   1.563005e+02 1.340888e+02 3.769154e+01
      vertex   1.563006e+02 1.337868e+02 3.777862e+01
    endloop
  endfacet
  facet normal 1.808433e-03 2.770713e-01 9.608477e-01
    outer loop
      vertex   1.593005e+02 1.340879e+02 3.768617e+01
      vertex   1.563005e+02 1.340888e+02 3.769154e+01
      vertex   1.593005e+02 1.337859e+02 3.777324e+01
    endloop
  endfacet
  facet normal 1.795808e-03 3.269670e-01 9.450340e-01
    outer loop
      vertex   1.593005e+02 1.340879e+02 3.768617e+01
      vertex   1.563004e+02 1.343858e+02 3.758878e+01
      vertex   1.563005e+02 1.340888e+02 3.769154e+01
    endloop
  endfacet
  facet normal 1.795808e-03 3.269670e-01 9.450340e-01
    outer loop
      vertex   1.593004e+02 1.343849e+02 3.758340e+01
      vertex   1.563004e+02 1.343858e+02 3.758878e+01
      vertex   1.593005e+02 1.340879e+02 3.768617e+01
    endloop
  endfacet
  facet normal 1.778230e-03 3.760451e-01 9.265997e-01
    outer loop
      vertex   1.593004e+02 1.343849e+02 3.758340e+01
      vertex   1.563003e+02 1.346770e+02 3.747059e+01
      vertex   1.563004e+02 1.343858e+02 3.758878e+01
    endloop
  endfacet
  facet normal 1.778230e-03 3.760451e-01 9.265997e-01
    outer loop
      vertex   1.593003e+02 1.346761e+02 3.746522e+01
      vertex   1.563003e+02 1.346770e+02 3.747059e+01
      vertex   1.593004e+02 1.343849e+02 3.758340e+01
    endloop
  endfacet
  facet normal -9.999983e-01 3.147077e-04 1.791370e-03
    outer loop
      vertex   1.562741e+02 1.211118e+02 2.525859e+01
      vertex   1.562671e+02 1.211357e+02 2.132415e+01
      vertex   1.562741e+02 1.209260e+02 2.524573e+01
    endloop
  endfacet
  facet normal -9.999983e-01 3.147077e-04 1.791370e-03
    outer loop
      vertex   1.562741e+02 1.209260e+02 2.524573e+01
      vertex   1.562671e+02 1.211357e+02 2.132415e+01
      vertex   1.562670e+02 1.208156e+02 2.131890e+01
    endloop
  endfacet
  facet normal -9.999983e-01 3.147077e-04 1.791370e-03
    outer loop
      vertex   1.562741e+02 1.209260e+02 2.524573e+01
      vertex   1.562670e+02 1.208156e+02 2.131890e+01
      vertex   1.562740e+02 1.207399e+02 2.524957e+01
    endloop
  endfacet
  facet normal -9.999983e-01 3.147077e-04 1.791370e-03
    outer loop
      vertex   1.562740e+02 1.207399e+02 2.524957e+01
      vertex   1.562670e+02 1.208156e+02 2.131890e+01
      vertex   1.562740e+02 1.205548e+02 2.527008e+01
    endloop
  endfacet
  facet normal -9.999983e-01 3.147077e-04 1.791370e-03
    outer loop
      vertex   1.562740e+02 1.205548e+02 2.527008e+01
      vertex   1.562670e+02 1.208156e+02 2.131890e+01
      vertex   1.562669e+02 1.204957e+02 2.133072e+01
    endloop
  endfacet
  facet normal -9.999983e-01 3.147077e-04 1.791370e-03
    outer loop
      vertex   1.562740e+02 1.205548e+02 2.527008e+01
      vertex   1.562669e+02 1.204957e+02 2.133072e+01
      vertex   1.562740e+02 1.203723e+02 2.530710e+01
    endloop
  endfacet
  facet normal -9.999983e-01 3.147077e-04 1.791370e-03
    outer loop
      vertex   1.562740e+02 1.203723e+02 2.530710e+01
      vertex   1.562669e+02 1.204957e+02 2.133072e+01
      vertex   1.562669e+02 1.201769e+02 2.135960e+01
    endloop
  endfacet
  facet normal -9.999983e-01 3.147077e-04 1.791370e-03
    outer loop
      vertex   1.562740e+02 1.203723e+02 2.530710e+01
      vertex   1.562669e+02 1.201769e+02 2.135960e+01
      vertex   1.562740e+02 1.201939e+02 2.536033e+01
    endloop
  endfacet
  facet normal -9.999983e-01 3.147077e-04 1.791370e-03
    outer loop
      vertex   1.562740e+02 1.201939e+02 2.536033e+01
      vertex   1.562669e+02 1.201769e+02 2.135960e+01
      vertex   1.562741e+02 1.200210e+02 2.542934e+01
    endloop
  endfacet
  facet normal -9.999983e-01 3.147077e-04 1.791370e-03
    outer loop
      vertex   1.562741e+02 1.200210e+02 2.542934e+01
      vertex   1.562669e+02 1.201769e+02 2.135960e+01
      vertex   1.562668e+02 1.198600e+02 2.140544e+01
    endloop
  endfacet
  facet normal -9.999983e-01 3.147077e-04 1.791370e-03
    outer loop
      vertex   1.562741e+02 1.200210e+02 2.542934e+01
      vertex   1.562668e+02 1.198600e+02 2.140544e+01
      vertex   1.562742e+02 1.198550e+02 2.551357e+01
    endloop
  endfacet
  facet normal -9.999983e-01 3.147077e-04 1.791370e-03
    outer loop
      vertex   1.562742e+02 1.198550e+02 2.551357e+01
      vertex   1.562668e+02 1.198600e+02 2.140544e+01
      vertex   1.562743e+02 1.196971e+02 2.561234e+01
    endloop
  endfacet
  facet normal -9.999983e-01 3.147077e-04 1.791370e-03
    outer loop
      vertex   1.562743e+02 1.196971e+02 2.561234e+01
      vertex   1.562668e+02 1.198600e+02 2.140544e+01
      vertex   1.562669e+02 1.195461e+02 2.146811e+01
    endloop
  endfacet
  facet normal -9.999983e-01 3.147077e-04 1.791370e-03
    outer loop
      vertex   1.562743e+02 1.196971e+02 2.561234e+01
      vertex   1.562669e+02 1.195461e+02 2.146811e+01
      vertex   1.562745e+02 1.195488e+02 2.572487e+01
    endloop
  endfacet
  facet normal -9.999983e-01 3.147077e-04 1.791370e-03
    outer loop
      vertex   1.562745e+02 1.195488e+02 2.572487e+01
      vertex   1.562669e+02 1.195461e+02 2.146811e+01
      vertex   1.562747e+02 1.194111e+02 2.585024e+01
    endloop
  endfacet
  facet normal -9.999983e-01 3.147077e-04 1.791370e-03
    outer loop
      vertex   1.562747e+02 1.194111e+02 2.585024e+01
      vertex   1.562669e+02 1.195461e+02 2.146811e+01
      vertex   1.562669e+02 1.192360e+02 2.154744e+01
    endloop
  endfacet
  facet normal -9.999983e-01 3.147077e-04 1.791370e-03
    outer loop
      vertex   1.562747e+02 1.194111e+02 2.585024e+01
      vertex   1.562669e+02 1.192360e+02 2.154744e+01
      vertex   1.562749e+02 1.192853e+02 2.598744e+01
    endloop
  endfacet
  facet normal -9.999983e-01 3.147077e-04 1.791370e-03
    outer loop
      vertex   1.562749e+02 1.192853e+02 2.598744e+01
      vertex   1.562669e+02 1.192360e+02 2.154744e+01
      vertex   1.562751e+02 1.191722e+02 2.613537e+01
    endloop
  endfacet
  facet normal -9.999983e-01 3.147077e-04 1.791370e-03
    outer loop
      vertex   1.562751e+02 1.191722e+02 2.613537e+01
      vertex   1.562669e+02 1.192360e+02 2.154744e+01
      vertex   1.562753e+02 1.190729e+02 2.629285e+01
    endloop
  endfacet
  facet normal -9.999983e-01 3.147077e-04 1.791370e-03
    outer loop
      vertex   1.562753e+02 1.190729e+02 2.629285e+01
      vertex   1.562669e+02 1.192360e+02 2.154744e+01
      vertex   1.562670e+02 1.189305e+02 2.164319e+01
    endloop
  endfacet
  facet normal -9.999983e-01 3.147077e-04 1.791370e-03
    outer loop
      vertex   1.562753e+02 1.190729e+02 2.629285e+01
      vertex   1.562670e+02 1.189305e+02 2.164319e+01
      vertex   1.562756e+02 1.189880e+02 2.645859e+01
    endloop
  endfacet
  facet normal -9.999983e-01 3.147077e-04 1.791370e-03
    outer loop
      vertex   1.562756e+02 1.189880e+02 2.645859e+01
      vertex   1.562670e+02 1.189305e+02 2.164319e+01
      vertex   1.562759e+02 1.189184e+02 2.663127e+01
    endloop
  endfacet
  facet normal -9.999983e-01 3.147077e-04 1.791370e-03
    outer loop
      vertex   1.562759e+02 1.189184e+02 2.663127e+01
      vertex   1.562670e+02 1.189305e+02 2.164319e+01
      vertex   1.562762e+02 1.188645e+02 2.680950e+01
    endloop
  endfacet
  facet normal -9.999983e-01 3.147077e-04 1.791370e-03
    outer loop
      vertex   1.562762e+02 1.188645e+02 2.680950e+01
      vertex   1.562670e+02 1.189305e+02 2.164319e+01
      vertex   1.562765e+02 1.188269e+02 2.699183e+01
    endloop
  endfacet
  facet normal -9.999983e-01 3.147077e-04 1.791370e-03
    outer loop
      vertex   1.562765e+02 1.188269e+02 2.699183e+01
      vertex   1.562670e+02 1.189305e+02 2.164319e+01
      vertex   1.562768e+02 1.188057e+02 2.717681e+01
    endloop
  endfacet
  facet normal -9.999983e-01 3.147077e-04 1.791370e-03
    outer loop
      vertex   1.562768e+02 1.188057e+02 2.717681e+01
      vertex   1.562670e+02 1.189305e+02 2.164319e+01
      vertex   1.562671e+02 1.186305e+02 2.175510e+01
    endloop
  endfacet
  facet normal -9.999983e-01 3.147077e-04 1.791370e-03
    outer loop
      vertex   1.562768e+02 1.188057e+02 2.717681e+01
      vertex   1.562671e+02 1.186305e+02 2.175510e+01
      vertex   1.562672e+02 1.183370e+02 2.188286e+01
    endloop
  endfacet
  facet normal -9.999983e-01 3.147077e-04 1.791370e-03
    outer loop
      vertex   1.562741e+02 1.211118e+02 2.525859e+01
      vertex   1.562742e+02 1.212956e+02 2.528804e+01
      vertex   1.562671e+02 1.211357e+02 2.132415e+01
    endloop
  endfacet
  facet normal -9.999983e-01 3.147077e-04 1.791370e-03
    outer loop
      vertex   1.562671e+02 1.211357e+02 2.132415e+01
      vertex   1.562742e+02 1.212956e+02 2.528804e+01
      vertex   1.562672e+02 1.214551e+02 2.134647e+01
    endloop
  endfacet
  facet normal -9.999983e-01 3.147077e-04 1.791370e-03
    outer loop
      vertex   1.562672e+02 1.214551e+02 2.134647e+01
      vertex   1.562742e+02 1.212956e+02 2.528804e+01
      vertex   1.562744e+02 1.214761e+02 2.533386e+01
    endloop
  endfacet
  facet normal -9.999983e-01 3.147077e-04 1.791370e-03
    outer loop
      vertex   1.562672e+02 1.214551e+02 2.134647e+01
      vertex   1.562744e+02 1.214761e+02 2.533386e+01
      vertex   1.562745e+02 1.216517e+02 2.539567e+01
    endloop
  endfacet
  facet normal -9.999983e-01 3.147077e-04 1.791370e-03
    outer loop
      vertex   1.562672e+02 1.214551e+02 2.134647e+01
      vertex   1.562745e+02 1.216517e+02 2.539567e+01
      vertex   1.562674e+02 1.217728e+02 2.138580e+01
    endloop
  endfacet
  facet normal -9.999983e-01 3.147077e-04 1.791370e-03
    outer loop
      vertex   1.562674e+02 1.217728e+02 2.138580e+01
      vertex   1.562745e+02 1.216517e+02 2.539567e+01
      vertex   1.562747e+02 1.218211e+02 2.547297e+01
    endloop
  endfacet
  facet normal -9.999983e-01 3.147077e-04 1.791370e-03
    outer loop
      vertex   1.562674e+02 1.217728e+02 2.138580e+01
      vertex   1.562747e+02 1.218211e+02 2.547297e+01
      vertex   1.562750e+02 1.219829e+02 2.556515e+01
    endloop
  endfacet
  facet normal -9.999983e-01 3.147077e-04 1.791370e-03
    outer loop
      vertex   1.562674e+02 1.217728e+02 2.138580e+01
      vertex   1.562750e+02 1.219829e+02 2.556515e+01
      vertex   1.562676e+02 1.220880e+02 2.144201e+01
    endloop
  endfacet
  facet normal -9.999983e-01 3.147077e-04 1.791370e-03
    outer loop
      vertex   1.562676e+02 1.220880e+02 2.144201e+01
      vertex   1.562750e+02 1.219829e+02 2.556515e+01
      vertex   1.562752e+02 1.221357e+02 2.567146e+01
    endloop
  endfacet
  facet normal -9.999983e-01 3.147077e-04 1.791370e-03
    outer loop
      vertex   1.562676e+02 1.220880e+02 2.144201e+01
      vertex   1.562752e+02 1.221357e+02 2.567146e+01
      vertex   1.562755e+02 1.222784e+02 2.579104e+01
    endloop
  endfacet
  facet normal -9.999983e-01 3.147077e-04 1.791370e-03
    outer loop
      vertex   1.562676e+02 1.220880e+02 2.144201e+01
      vertex   1.562755e+02 1.222784e+02 2.579104e+01
      vertex   1.562678e+02 1.223997e+02 2.151494e+01
    endloop
  endfacet
  facet normal -9.999983e-01 3.147077e-04 1.791370e-03
    outer loop
      vertex   1.562678e+02 1.223997e+02 2.151494e+01
      vertex   1.562755e+02 1.222784e+02 2.579104e+01
      vertex   1.562757e+02 1.224098e+02 2.592293e+01
    endloop
  endfacet
  facet normal -9.999983e-01 3.147077e-04 1.791370e-03
    outer loop
      vertex   1.562678e+02 1.223997e+02 2.151494e+01
      vertex   1.562757e+02 1.224098e+02 2.592293e+01
      vertex   1.562760e+02 1.225289e+02 2.606607e+01
    endloop
  endfacet
  facet normal -9.999983e-01 3.147077e-04 1.791370e-03
    outer loop
      vertex   1.562678e+02 1.223997e+02 2.151494e+01
      vertex   1.562760e+02 1.225289e+02 2.606607e+01
      vertex   1.562681e+02 1.227071e+02 2.160441e+01
    endloop
  endfacet
  facet normal -9.999983e-01 3.147077e-04 1.791370e-03
    outer loop
      vertex   1.562681e+02 1.227071e+02 2.160441e+01
      vertex   1.562760e+02 1.225289e+02 2.606607e+01
      vertex   1.562763e+02 1.226347e+02 2.621931e+01
    endloop
  endfacet
  facet normal -9.999983e-01 3.147077e-04 1.791370e-03
    outer loop
      vertex   1.562681e+02 1.227071e+02 2.160441e+01
      vertex   1.562763e+02 1.226347e+02 2.621931e+01
      vertex   1.562767e+02 1.227263e+02 2.638141e+01
    endloop
  endfacet
  facet normal -9.999983e-01 3.147077e-04 1.791370e-03
    outer loop
      vertex   1.562767e+02 1.227263e+02 2.638141e+01
      vertex   1.562770e+02 1.228030e+02 2.655107e+01
      vertex   1.562681e+02 1.227071e+02 2.160441e+01
    endloop
  endfacet
  facet normal -9.999983e-01 3.147077e-04 1.791370e-03
    outer loop
      vertex   1.562681e+02 1.227071e+02 2.160441e+01
      vertex   1.562770e+02 1.228030e+02 2.655107e+01
      vertex   1.562773e+02 1.228641e+02 2.672692e+01
    endloop
  endfacet
  facet normal -9.999983e-01 3.147077e-04 1.791370e-03
    outer loop
      vertex   1.562681e+02 1.227071e+02 2.160441e+01
      vertex   1.562773e+02 1.228641e+02 2.672692e+01
      vertex   1.562684e+02 1.230092e+02 2.171014e+01
    endloop
  endfacet
  facet normal -9.999983e-01 3.147077e-04 1.791370e-03
    outer loop
      vertex   1.562684e+02 1.230092e+02 2.171014e+01
      vertex   1.562773e+02 1.228641e+02 2.672692e+01
      vertex   1.562777e+02 1.229093e+02 2.690754e+01
    endloop
  endfacet
  facet normal -9.999983e-01 3.147077e-04 1.791370e-03
    outer loop
      vertex   1.562684e+02 1.230092e+02 2.171014e+01
      vertex   1.562777e+02 1.229093e+02 2.690754e+01
      vertex   1.562780e+02 1.229381e+02 2.709149e+01
    endloop
  endfacet
  facet normal -9.999983e-01 3.147077e-04 1.791370e-03
    outer loop
      vertex   1.562780e+02 1.229381e+02 2.709149e+01
      vertex   1.562783e+02 1.229503e+02 2.727728e+01
      vertex   1.562684e+02 1.230092e+02 2.171014e+01
    endloop
  endfacet
  facet normal -9.999983e-01 3.147077e-04 1.791370e-03
    outer loop
      vertex   1.562684e+02 1.230092e+02 2.171014e+01
      vertex   1.562783e+02 1.229503e+02 2.727728e+01
      vertex   1.562687e+02 1.233053e+02 2.183184e+01
    endloop
  endfacet
  facet normal -9.999983e-01 3.147077e-04 1.791370e-03
    outer loop
      vertex   1.562687e+02 1.233053e+02 2.183184e+01
      vertex   1.562783e+02 1.229503e+02 2.727728e+01
      vertex   1.562787e+02 1.229458e+02 2.746341e+01
    endloop
  endfacet
  facet normal -9.999983e-01 3.147077e-04 1.791370e-03
    outer loop
      vertex   1.562687e+02 1.233053e+02 2.183184e+01
      vertex   1.562787e+02 1.229458e+02 2.746341e+01
      vertex   1.562690e+02 1.235945e+02 2.196916e+01
    endloop
  endfacet
  facet normal -9.999983e-01 3.147077e-04 1.791370e-03
    outer loop
      vertex   1.562690e+02 1.235945e+02 2.196916e+01
      vertex   1.562787e+02 1.229458e+02 2.746341e+01
      vertex   1.562694e+02 1.238760e+02 2.212170e+01
    endloop
  endfacet
  facet normal -9.999983e-01 3.147077e-04 1.791370e-03
    outer loop
      vertex   1.562694e+02 1.238760e+02 2.212170e+01
      vertex   1.562787e+02 1.229458e+02 2.746341e+01
      vertex   1.562698e+02 1.241489e+02 2.228905e+01
    endloop
  endfacet
  facet normal -9.999983e-01 3.147077e-04 1.791370e-03
    outer loop
      vertex   1.562698e+02 1.241489e+02 2.228905e+01
      vertex   1.562787e+02 1.229458e+02 2.746341e+01
      vertex   1.562701e+02 1.244168e+02 2.245349e+01
    endloop
  endfacet
  facet normal -9.999983e-01 3.147077e-04 1.791370e-03
    outer loop
      vertex   1.562701e+02 1.244168e+02 2.245349e+01
      vertex   1.562787e+02 1.229458e+02 2.746341e+01
      vertex   1.562705e+02 1.246929e+02 2.260366e+01
    endloop
  endfacet
  facet normal -9.999983e-01 3.147077e-04 1.791370e-03
    outer loop
      vertex   1.562705e+02 1.246929e+02 2.260366e+01
      vertex   1.562787e+02 1.229458e+02 2.746341e+01
      vertex   1.562708e+02 1.249766e+02 2.273918e+01
    endloop
  endfacet
  facet normal -9.999983e-01 3.147077e-04 1.791370e-03
    outer loop
      vertex   1.562708e+02 1.249766e+02 2.273918e+01
      vertex   1.562787e+02 1.229458e+02 2.746341e+01
      vertex   1.562711e+02 1.252669e+02 2.285965e+01
    endloop
  endfacet
  facet normal -9.999983e-01 3.147077e-04 1.791370e-03
    outer loop
      vertex   1.562711e+02 1.252669e+02 2.285965e+01
      vertex   1.562787e+02 1.229458e+02 2.746341e+01
      vertex   1.562714e+02 1.255631e+02 2.296476e+01
    endloop
  endfacet
  facet normal -9.999983e-01 3.147077e-04 1.791370e-03
    outer loop
      vertex   1.562714e+02 1.255631e+02 2.296476e+01
      vertex   1.562787e+02 1.229458e+02 2.746341e+01
      vertex   1.562717e+02 1.258645e+02 2.305421e+01
    endloop
  endfacet
  facet normal -9.999983e-01 3.147077e-04 1.791370e-03
    outer loop
      vertex   1.562717e+02 1.258645e+02 2.305421e+01
      vertex   1.562787e+02 1.229458e+02 2.746341e+01
      vertex   1.562719e+02 1.261701e+02 2.312774e+01
    endloop
  endfacet
  facet normal -9.999983e-01 3.147077e-04 1.791370e-03
    outer loop
      vertex   1.562719e+02 1.261701e+02 2.312774e+01
      vertex   1.562787e+02 1.229458e+02 2.746341e+01
      vertex   1.562721e+02 1.264791e+02 2.318518e+01
    endloop
  endfacet
  facet normal -9.999983e-01 3.147077e-04 1.791370e-03
    outer loop
      vertex   1.562721e+02 1.264791e+02 2.318518e+01
      vertex   1.562787e+02 1.229458e+02 2.746341e+01
      vertex   1.562723e+02 1.267907e+02 2.322635e+01
    endloop
  endfacet
  facet normal -9.999983e-01 3.147077e-04 1.791370e-03
    outer loop
      vertex   1.562723e+02 1.267907e+02 2.322635e+01
      vertex   1.562787e+02 1.229458e+02 2.746341e+01
      vertex   1.562724e+02 1.271041e+02 2.325115e+01
    endloop
  endfacet
  facet normal -9.999983e-01 3.147077e-04 1.791370e-03
    outer loop
      vertex   1.562724e+02 1.271041e+02 2.325115e+01
      vertex   1.562787e+02 1.229458e+02 2.746341e+01
      vertex   1.562725e+02 1.274183e+02 2.325950e+01
    endloop
  endfacet
  facet normal -9.999983e-01 3.147077e-04 1.791370e-03
    outer loop
      vertex   1.562725e+02 1.274183e+02 2.325950e+01
      vertex   1.562787e+02 1.229458e+02 2.746341e+01
      vertex   1.562726e+02 1.277325e+02 2.325139e+01
    endloop
  endfacet
  facet normal -9.999983e-01 3.147077e-04 1.791370e-03
    outer loop
      vertex   1.562726e+02 1.277325e+02 2.325139e+01
      vertex   1.562787e+02 1.229458e+02 2.746341e+01
      vertex   1.562727e+02 1.280459e+02 2.322682e+01
    endloop
  endfacet
  facet normal -9.999983e-01 3.147077e-04 1.791370e-03
    outer loop
      vertex   1.562727e+02 1.280459e+02 2.322682e+01
      vertex   1.562787e+02 1.229458e+02 2.746341e+01
      vertex   1.562727e+02 1.283576e+02 2.318589e+01
    endloop
  endfacet
  facet normal -9.999983e-01 3.147077e-04 1.791370e-03
    outer loop
      vertex   1.562727e+02 1.283576e+02 2.318589e+01
      vertex   1.562787e+02 1.229458e+02 2.746341e+01
      vertex   1.562727e+02 1.286667e+02 2.312869e+01
    endloop
  endfacet
  facet normal -9.999983e-01 3.147077e-04 1.791370e-03
    outer loop
      vertex   1.562727e+02 1.286667e+02 2.312869e+01
      vertex   1.562787e+02 1.229458e+02 2.746341e+01
      vertex   1.562896e+02 1.288333e+02 3.253977e+01
    endloop
  endfacet
  facet normal -9.999983e-01 3.147077e-04 1.791370e-03
    outer loop
      vertex   1.562727e+02 1.286667e+02 2.312869e+01
      vertex   1.562896e+02 1.288333e+02 3.253977e+01
      vertex   1.562893e+02 1.288400e+02 3.235370e+01
    endloop
  endfacet
  facet normal -9.999983e-01 3.147077e-04 1.791370e-03
    outer loop
      vertex   1.562787e+02 1.229458e+02 2.746341e+01
      vertex   1.562790e+02 1.229246e+02 2.764840e+01
      vertex   1.562896e+02 1.288333e+02 3.253977e+01
    endloop
  endfacet
  facet normal -9.999983e-01 3.147077e-04 1.791370e-03
    outer loop
      vertex   1.562896e+02 1.288333e+02 3.253977e+01
      vertex   1.562790e+02 1.229246e+02 2.764840e+01
      vertex   1.562793e+02 1.228869e+02 2.783073e+01
    endloop
  endfacet
  facet normal -9.999983e-01 3.147077e-04 1.791370e-03
    outer loop
      vertex   1.562896e+02 1.288333e+02 3.253977e+01
      vertex   1.562793e+02 1.228869e+02 2.783073e+01
      vertex   1.562796e+02 1.228331e+02 2.800896e+01
    endloop
  endfacet
  facet normal -9.999983e-01 3.147077e-04 1.791370e-03
    outer loop
      vertex   1.562796e+02 1.228331e+02 2.800896e+01
      vertex   1.562799e+02 1.227634e+02 2.818164e+01
      vertex   1.562896e+02 1.288333e+02 3.253977e+01
    endloop
  endfacet
  facet normal -9.999983e-01 3.147077e-04 1.791370e-03
    outer loop
      vertex   1.562896e+02 1.288333e+02 3.253977e+01
      vertex   1.562799e+02 1.227634e+02 2.818164e+01
      vertex   1.562802e+02 1.226786e+02 2.834738e+01
    endloop
  endfacet
  facet normal -9.999983e-01 3.147077e-04 1.791370e-03
    outer loop
      vertex   1.562896e+02 1.288333e+02 3.253977e+01
      vertex   1.562802e+02 1.226786e+02 2.834738e+01
      vertex   1.562804e+02 1.225793e+02 2.850485e+01
    endloop
  endfacet
  facet normal -9.999983e-01 3.147077e-04 1.791370e-03
    outer loop
      vertex   1.562804e+02 1.225793e+02 2.850485e+01
      vertex   1.562806e+02 1.224662e+02 2.865279e+01
      vertex   1.562896e+02 1.288333e+02 3.253977e+01
    endloop
  endfacet
  facet normal -9.999983e-01 3.147077e-04 1.791370e-03
    outer loop
      vertex   1.562896e+02 1.288333e+02 3.253977e+01
      vertex   1.562806e+02 1.224662e+02 2.865279e+01
      vertex   1.562808e+02 1.223403e+02 2.878999e+01
    endloop
  endfacet
  facet normal -9.999983e-01 3.147077e-04 1.791370e-03
    outer loop
      vertex   1.562896e+02 1.288333e+02 3.253977e+01
      vertex   1.562808e+02 1.223403e+02 2.878999e+01
      vertex   1.562810e+02 1.222027e+02 2.891536e+01
    endloop
  endfacet
  facet normal -9.999983e-01 3.147077e-04 1.791370e-03
    outer loop
      vertex   1.562810e+02 1.222027e+02 2.891536e+01
      vertex   1.562812e+02 1.220544e+02 2.902789e+01
      vertex   1.562896e+02 1.288333e+02 3.253977e+01
    endloop
  endfacet
  facet normal -9.999983e-01 3.147077e-04 1.791370e-03
    outer loop
      vertex   1.562896e+02 1.288333e+02 3.253977e+01
      vertex   1.562812e+02 1.220544e+02 2.902789e+01
      vertex   1.562813e+02 1.218965e+02 2.912666e+01
    endloop
  endfacet
  facet normal -9.999983e-01 3.147077e-04 1.791370e-03
    outer loop
      vertex   1.562896e+02 1.288333e+02 3.253977e+01
      vertex   1.562813e+02 1.218965e+02 2.912666e+01
      vertex   1.562814e+02 1.217305e+02 2.921089e+01
    endloop
  endfacet
  facet normal -9.999983e-01 3.147077e-04 1.791370e-03
    outer loop
      vertex   1.562814e+02 1.217305e+02 2.921089e+01
      vertex   1.562815e+02 1.215575e+02 2.927990e+01
      vertex   1.562896e+02 1.288333e+02 3.253977e+01
    endloop
  endfacet
  facet normal -9.999983e-01 3.147077e-04 1.791370e-03
    outer loop
      vertex   1.562896e+02 1.288333e+02 3.253977e+01
      vertex   1.562815e+02 1.215575e+02 2.927990e+01
      vertex   1.562815e+02 1.213791e+02 2.933312e+01
    endloop
  endfacet
  facet normal -9.999983e-01 3.147077e-04 1.791370e-03
    outer loop
      vertex   1.562896e+02 1.288333e+02 3.253977e+01
      vertex   1.562815e+02 1.213791e+02 2.933312e+01
      vertex   1.562889e+02 1.211225e+02 3.352369e+01
    endloop
  endfacet
  facet normal -9.999983e-01 3.147077e-04 1.791370e-03
    outer loop
      vertex   1.562889e+02 1.211225e+02 3.352369e+01
      vertex   1.562815e+02 1.213791e+02 2.933312e+01
      vertex   1.562887e+02 1.208524e+02 3.343766e+01
    endloop
  endfacet
  facet normal -9.999983e-01 3.147077e-04 1.791370e-03
    outer loop
      vertex   1.562887e+02 1.208524e+02 3.343766e+01
      vertex   1.562815e+02 1.213791e+02 2.933312e+01
      vertex   1.562815e+02 1.211967e+02 2.937014e+01
    endloop
  endfacet
  facet normal -9.999983e-01 3.147077e-04 1.791370e-03
    outer loop
      vertex   1.562887e+02 1.208524e+02 3.343766e+01
      vertex   1.562815e+02 1.211967e+02 2.937014e+01
      vertex   1.562885e+02 1.205786e+02 3.336449e+01
    endloop
  endfacet
  facet normal -9.999983e-01 3.147077e-04 1.791370e-03
    outer loop
      vertex   1.562885e+02 1.205786e+02 3.336449e+01
      vertex   1.562815e+02 1.211967e+02 2.937014e+01
      vertex   1.562815e+02 1.210116e+02 2.939066e+01
    endloop
  endfacet
  facet normal -9.999983e-01 3.147077e-04 1.791370e-03
    outer loop
      vertex   1.562885e+02 1.205786e+02 3.336449e+01
      vertex   1.562815e+02 1.210116e+02 2.939066e+01
      vertex   1.562883e+02 1.203016e+02 3.330432e+01
    endloop
  endfacet
  facet normal -9.999983e-01 3.147077e-04 1.791370e-03
    outer loop
      vertex   1.562883e+02 1.203016e+02 3.330432e+01
      vertex   1.562815e+02 1.210116e+02 2.939066e+01
      vertex   1.562881e+02 1.200220e+02 3.325731e+01
    endloop
  endfacet
  facet normal -9.999983e-01 3.147077e-04 1.791370e-03
    outer loop
      vertex   1.562881e+02 1.200220e+02 3.325731e+01
      vertex   1.562815e+02 1.210116e+02 2.939066e+01
      vertex   1.562815e+02 1.208255e+02 2.939450e+01
    endloop
  endfacet
  facet normal -9.999983e-01 3.147077e-04 1.791370e-03
    outer loop
      vertex   1.562881e+02 1.200220e+02 3.325731e+01
      vertex   1.562815e+02 1.208255e+02 2.939450e+01
      vertex   1.562879e+02 1.197065e+02 3.320324e+01
    endloop
  endfacet
  facet normal -9.999983e-01 3.147077e-04 1.791370e-03
    outer loop
      vertex   1.562879e+02 1.197065e+02 3.320324e+01
      vertex   1.562815e+02 1.208255e+02 2.939450e+01
      vertex   1.562877e+02 1.193943e+02 3.313242e+01
    endloop
  endfacet
  facet normal -9.999983e-01 3.147077e-04 1.791370e-03
    outer loop
      vertex   1.562877e+02 1.193943e+02 3.313242e+01
      vertex   1.562815e+02 1.208255e+02 2.939450e+01
      vertex   1.562874e+02 1.190863e+02 3.304505e+01
    endloop
  endfacet
  facet normal -9.999983e-01 3.147077e-04 1.791370e-03
    outer loop
      vertex   1.562874e+02 1.190863e+02 3.304505e+01
      vertex   1.562815e+02 1.208255e+02 2.939450e+01
      vertex   1.562872e+02 1.187834e+02 3.294138e+01
    endloop
  endfacet
  facet normal -9.999983e-01 3.147077e-04 1.791370e-03
    outer loop
      vertex   1.562872e+02 1.187834e+02 3.294138e+01
      vertex   1.562815e+02 1.208255e+02 2.939450e+01
      vertex   1.562869e+02 1.184865e+02 3.282169e+01
    endloop
  endfacet
  facet normal -9.999983e-01 3.147077e-04 1.791370e-03
    outer loop
      vertex   1.562869e+02 1.184865e+02 3.282169e+01
      vertex   1.562815e+02 1.208255e+02 2.939450e+01
      vertex   1.562865e+02 1.181964e+02 3.268634e+01
    endloop
  endfacet
  facet normal -9.999983e-01 3.147077e-04 1.791370e-03
    outer loop
      vertex   1.562865e+02 1.181964e+02 3.268634e+01
      vertex   1.562815e+02 1.208255e+02 2.939450e+01
      vertex   1.562862e+02 1.179139e+02 3.253571e+01
    endloop
  endfacet
  facet normal -9.999983e-01 3.147077e-04 1.791370e-03
    outer loop
      vertex   1.562862e+02 1.179139e+02 3.253571e+01
      vertex   1.562815e+02 1.208255e+02 2.939450e+01
      vertex   1.562858e+02 1.176399e+02 3.237023e+01
    endloop
  endfacet
  facet normal -9.999983e-01 3.147077e-04 1.791370e-03
    outer loop
      vertex   1.562858e+02 1.176399e+02 3.237023e+01
      vertex   1.562815e+02 1.208255e+02 2.939450e+01
      vertex   1.562854e+02 1.173750e+02 3.219037e+01
    endloop
  endfacet
  facet normal -9.999983e-01 3.147077e-04 1.791370e-03
    outer loop
      vertex   1.562854e+02 1.173750e+02 3.219037e+01
      vertex   1.562815e+02 1.208255e+02 2.939450e+01
      vertex   1.562814e+02 1.206397e+02 2.938164e+01
    endloop
  endfacet
  facet normal -9.999983e-01 3.147077e-04 1.791370e-03
    outer loop
      vertex   1.562854e+02 1.173750e+02 3.219037e+01
      vertex   1.562814e+02 1.206397e+02 2.938164e+01
      vertex   1.562849e+02 1.171202e+02 3.199663e+01
    endloop
  endfacet
  facet normal -9.999983e-01 3.147077e-04 1.791370e-03
    outer loop
      vertex   1.562849e+02 1.171202e+02 3.199663e+01
      vertex   1.562814e+02 1.206397e+02 2.938164e+01
      vertex   1.562845e+02 1.168760e+02 3.178958e+01
    endloop
  endfacet
  facet normal -9.999983e-01 3.147077e-04 1.791370e-03
    outer loop
      vertex   1.562845e+02 1.168760e+02 3.178958e+01
      vertex   1.562814e+02 1.206397e+02 2.938164e+01
      vertex   1.562840e+02 1.166432e+02 3.156981e+01
    endloop
  endfacet
  facet normal -9.999983e-01 3.147077e-04 1.791370e-03
    outer loop
      vertex   1.562840e+02 1.166432e+02 3.156981e+01
      vertex   1.562814e+02 1.206397e+02 2.938164e+01
      vertex   1.562813e+02 1.204559e+02 2.935219e+01
    endloop
  endfacet
  facet normal -9.999983e-01 3.147077e-04 1.791370e-03
    outer loop
      vertex   1.562840e+02 1.166432e+02 3.156981e+01
      vertex   1.562813e+02 1.204559e+02 2.935219e+01
      vertex   1.562835e+02 1.164225e+02 3.133792e+01
    endloop
  endfacet
  facet normal -9.999983e-01 3.147077e-04 1.791370e-03
    outer loop
      vertex   1.562835e+02 1.164225e+02 3.133792e+01
      vertex   1.562813e+02 1.204559e+02 2.935219e+01
      vertex   1.562830e+02 1.162145e+02 3.109459e+01
    endloop
  endfacet
  facet normal -9.999983e-01 3.147077e-04 1.791370e-03
    outer loop
      vertex   1.562830e+02 1.162145e+02 3.109459e+01
      vertex   1.562813e+02 1.204559e+02 2.935219e+01
      vertex   1.562811e+02 1.202754e+02 2.930637e+01
    endloop
  endfacet
  facet normal -9.999983e-01 3.147077e-04 1.791370e-03
    outer loop
      vertex   1.562830e+02 1.162145e+02 3.109459e+01
      vertex   1.562811e+02 1.202754e+02 2.930637e+01
      vertex   1.562810e+02 1.200998e+02 2.924456e+01
    endloop
  endfacet
  facet normal -9.999983e-01 3.147077e-04 1.791370e-03
    outer loop
      vertex   1.562810e+02 1.200998e+02 2.924456e+01
      vertex   1.562808e+02 1.199304e+02 2.916726e+01
      vertex   1.562830e+02 1.162145e+02 3.109459e+01
    endloop
  endfacet
  facet normal -9.999983e-01 3.147077e-04 1.791370e-03
    outer loop
      vertex   1.562830e+02 1.162145e+02 3.109459e+01
      vertex   1.562808e+02 1.199304e+02 2.916726e+01
      vertex   1.562805e+02 1.197686e+02 2.907508e+01
    endloop
  endfacet
  facet normal -9.999983e-01 3.147077e-04 1.791370e-03
    outer loop
      vertex   1.562830e+02 1.162145e+02 3.109459e+01
      vertex   1.562805e+02 1.197686e+02 2.907508e+01
      vertex   1.562803e+02 1.196158e+02 2.896877e+01
    endloop
  endfacet
  facet normal -9.999983e-01 3.147077e-04 1.791370e-03
    outer loop
      vertex   1.562803e+02 1.196158e+02 2.896877e+01
      vertex   1.562801e+02 1.194730e+02 2.884919e+01
      vertex   1.562830e+02 1.162145e+02 3.109459e+01
    endloop
  endfacet
  facet normal -9.999983e-01 3.147077e-04 1.791370e-03
    outer loop
      vertex   1.562830e+02 1.162145e+02 3.109459e+01
      vertex   1.562801e+02 1.194730e+02 2.884919e+01
      vertex   1.562798e+02 1.193416e+02 2.871730e+01
    endloop
  endfacet
  facet normal -9.999983e-01 3.147077e-04 1.791370e-03
    outer loop
      vertex   1.562830e+02 1.162145e+02 3.109459e+01
      vertex   1.562798e+02 1.193416e+02 2.871730e+01
      vertex   1.562795e+02 1.192226e+02 2.857416e+01
    endloop
  endfacet
  facet normal -9.999983e-01 3.147077e-04 1.791370e-03
    outer loop
      vertex   1.562795e+02 1.192226e+02 2.857416e+01
      vertex   1.562792e+02 1.191168e+02 2.842092e+01
      vertex   1.562830e+02 1.162145e+02 3.109459e+01
    endloop
  endfacet
  facet normal -9.999983e-01 3.147077e-04 1.791370e-03
    outer loop
      vertex   1.562830e+02 1.162145e+02 3.109459e+01
      vertex   1.562792e+02 1.191168e+02 2.842092e+01
      vertex   1.562789e+02 1.190252e+02 2.825882e+01
    endloop
  endfacet
  facet normal -9.999983e-01 3.147077e-04 1.791370e-03
    outer loop
      vertex   1.562830e+02 1.162145e+02 3.109459e+01
      vertex   1.562789e+02 1.190252e+02 2.825882e+01
      vertex   1.562785e+02 1.189485e+02 2.808916e+01
    endloop
  endfacet
  facet normal -9.999983e-01 3.147077e-04 1.791370e-03
    outer loop
      vertex   1.562785e+02 1.189485e+02 2.808916e+01
      vertex   1.562782e+02 1.188873e+02 2.791331e+01
      vertex   1.562830e+02 1.162145e+02 3.109459e+01
    endloop
  endfacet
  facet normal -9.999983e-01 3.147077e-04 1.791370e-03
    outer loop
      vertex   1.562830e+02 1.162145e+02 3.109459e+01
      vertex   1.562782e+02 1.188873e+02 2.791331e+01
      vertex   1.562779e+02 1.188422e+02 2.773269e+01
    endloop
  endfacet
  facet normal -9.999983e-01 3.147077e-04 1.791370e-03
    outer loop
      vertex   1.562830e+02 1.162145e+02 3.109459e+01
      vertex   1.562779e+02 1.188422e+02 2.773269e+01
      vertex   1.562775e+02 1.188134e+02 2.754874e+01
    endloop
  endfacet
  facet normal -9.999983e-01 3.147077e-04 1.791370e-03
    outer loop
      vertex   1.562775e+02 1.188134e+02 2.754874e+01
      vertex   1.562772e+02 1.188012e+02 2.736295e+01
      vertex   1.562830e+02 1.162145e+02 3.109459e+01
    endloop
  endfacet
  facet normal -9.999983e-01 3.147077e-04 1.791370e-03
    outer loop
      vertex   1.562830e+02 1.162145e+02 3.109459e+01
      vertex   1.562772e+02 1.188012e+02 2.736295e+01
      vertex   1.562768e+02 1.188057e+02 2.717681e+01
    endloop
  endfacet
  facet normal -9.999983e-01 3.147077e-04 1.791370e-03
    outer loop
      vertex   1.562830e+02 1.162145e+02 3.109459e+01
      vertex   1.562768e+02 1.188057e+02 2.717681e+01
      vertex   1.562690e+02 1.165286e+02 2.318467e+01
    endloop
  endfacet
  facet normal -9.999983e-01 3.147077e-04 1.791370e-03
    outer loop
      vertex   1.562690e+02 1.165286e+02 2.318467e+01
      vertex   1.562768e+02 1.188057e+02 2.717681e+01
      vertex   1.562686e+02 1.167553e+02 2.295861e+01
    endloop
  endfacet
  facet normal -9.999983e-01 3.147077e-04 1.791370e-03
    outer loop
      vertex   1.562686e+02 1.167553e+02 2.295861e+01
      vertex   1.562768e+02 1.188057e+02 2.717681e+01
      vertex   1.562683e+02 1.169937e+02 2.274495e+01
    endloop
  endfacet
  facet normal -9.999983e-01 3.147077e-04 1.791370e-03
    outer loop
      vertex   1.562683e+02 1.169937e+02 2.274495e+01
      vertex   1.562768e+02 1.188057e+02 2.717681e+01
      vertex   1.562681e+02 1.172432e+02 2.254433e+01
    endloop
  endfacet
  facet normal -9.999983e-01 3.147077e-04 1.791370e-03
    outer loop
      vertex   1.562681e+02 1.172432e+02 2.254433e+01
      vertex   1.562768e+02 1.188057e+02 2.717681e+01
      vertex   1.562678e+02 1.175030e+02 2.235730e+01
    endloop
  endfacet
  facet normal -9.999983e-01 3.147077e-04 1.791370e-03
    outer loop
      vertex   1.562678e+02 1.175030e+02 2.235730e+01
      vertex   1.562768e+02 1.188057e+02 2.717681e+01
      vertex   1.562676e+02 1.177724e+02 2.218439e+01
    endloop
  endfacet
  facet normal -9.999983e-01 3.147077e-04 1.791370e-03
    outer loop
      vertex   1.562676e+02 1.177724e+02 2.218439e+01
      vertex   1.562768e+02 1.188057e+02 2.717681e+01
      vertex   1.562674e+02 1.180507e+02 2.202609e+01
    endloop
  endfacet
  facet normal -9.999983e-01 3.147077e-04 1.791370e-03
    outer loop
      vertex   1.562674e+02 1.180507e+02 2.202609e+01
      vertex   1.562768e+02 1.188057e+02 2.717681e+01
      vertex   1.562672e+02 1.183370e+02 2.188286e+01
    endloop
  endfacet
  facet normal -9.999983e-01 3.147077e-04 1.791370e-03
    outer loop
      vertex   1.562790e+02 1.473164e+02 2.336666e+01
      vertex   1.562735e+02 1.495581e+02 1.988444e+01
      vertex   1.562789e+02 1.471307e+02 2.335380e+01
    endloop
  endfacet
  facet normal -9.999983e-01 3.147077e-04 1.791370e-03
    outer loop
      vertex   1.562789e+02 1.471307e+02 2.335380e+01
      vertex   1.562735e+02 1.495581e+02 1.988444e+01
      vertex   1.562731e+02 1.492639e+02 1.976198e+01
    endloop
  endfacet
  facet normal -9.999983e-01 3.147077e-04 1.791370e-03
    outer loop
      vertex   1.562789e+02 1.471307e+02 2.335380e+01
      vertex   1.562731e+02 1.492639e+02 1.976198e+01
      vertex   1.562729e+02 1.489636e+02 1.965513e+01
    endloop
  endfacet
  facet normal -9.999983e-01 3.147077e-04 1.791370e-03
    outer loop
      vertex   1.562790e+02 1.473164e+02 2.336666e+01
      vertex   1.562791e+02 1.475002e+02 2.339611e+01
      vertex   1.562735e+02 1.495581e+02 1.988444e+01
    endloop
  endfacet
  facet normal -9.999983e-01 3.147077e-04 1.791370e-03
    outer loop
      vertex   1.562735e+02 1.495581e+02 1.988444e+01
      vertex   1.562791e+02 1.475002e+02 2.339611e+01
      vertex   1.562792e+02 1.476807e+02 2.344193e+01
    endloop
  endfacet
  facet normal -9.999983e-01 3.147077e-04 1.791370e-03
    outer loop
      vertex   1.562735e+02 1.495581e+02 1.988444e+01
      vertex   1.562792e+02 1.476807e+02 2.344193e+01
      vertex   1.562794e+02 1.478563e+02 2.350374e+01
    endloop
  endfacet
  facet normal -9.999983e-01 3.147077e-04 1.791370e-03
    outer loop
      vertex   1.562794e+02 1.478563e+02 2.350374e+01
      vertex   1.562796e+02 1.480257e+02 2.358105e+01
      vertex   1.562735e+02 1.495581e+02 1.988444e+01
    endloop
  endfacet
  facet normal -9.999983e-01 3.147077e-04 1.791370e-03
    outer loop
      vertex   1.562735e+02 1.495581e+02 1.988444e+01
      vertex   1.562796e+02 1.480257e+02 2.358105e+01
      vertex   1.562798e+02 1.481875e+02 2.367322e+01
    endloop
  endfacet
  facet normal -9.999983e-01 3.147077e-04 1.791370e-03
    outer loop
      vertex   1.562735e+02 1.495581e+02 1.988444e+01
      vertex   1.562798e+02 1.481875e+02 2.367322e+01
      vertex   1.562801e+02 1.483404e+02 2.377953e+01
    endloop
  endfacet
  facet normal -9.999983e-01 3.147077e-04 1.791370e-03
    outer loop
      vertex   1.562801e+02 1.483404e+02 2.377953e+01
      vertex   1.562803e+02 1.484831e+02 2.389911e+01
      vertex   1.562735e+02 1.495581e+02 1.988444e+01
    endloop
  endfacet
  facet normal -9.999983e-01 3.147077e-04 1.791370e-03
    outer loop
      vertex   1.562735e+02 1.495581e+02 1.988444e+01
      vertex   1.562803e+02 1.484831e+02 2.389911e+01
      vertex   1.562806e+02 1.486145e+02 2.403100e+01
    endloop
  endfacet
  facet normal -9.999983e-01 3.147077e-04 1.791370e-03
    outer loop
      vertex   1.562735e+02 1.495581e+02 1.988444e+01
      vertex   1.562806e+02 1.486145e+02 2.403100e+01
      vertex   1.562809e+02 1.487335e+02 2.417414e+01
    endloop
  endfacet
  facet normal -9.999983e-01 3.147077e-04 1.791370e-03
    outer loop
      vertex   1.562809e+02 1.487335e+02 2.417414e+01
      vertex   1.562812e+02 1.488393e+02 2.432738e+01
      vertex   1.562735e+02 1.495581e+02 1.988444e+01
    endloop
  endfacet
  facet normal -9.999983e-01 3.147077e-04 1.791370e-03
    outer loop
      vertex   1.562735e+02 1.495581e+02 1.988444e+01
      vertex   1.562812e+02 1.488393e+02 2.432738e+01
      vertex   1.562815e+02 1.489309e+02 2.448948e+01
    endloop
  endfacet
  facet normal -9.999983e-01 3.147077e-04 1.791370e-03
    outer loop
      vertex   1.562735e+02 1.495581e+02 1.988444e+01
      vertex   1.562815e+02 1.489309e+02 2.448948e+01
      vertex   1.562818e+02 1.490076e+02 2.465914e+01
    endloop
  endfacet
  facet normal -9.999983e-01 3.147077e-04 1.791370e-03
    outer loop
      vertex   1.562818e+02 1.490076e+02 2.465914e+01
      vertex   1.562822e+02 1.490688e+02 2.483499e+01
      vertex   1.562735e+02 1.495581e+02 1.988444e+01
    endloop
  endfacet
  facet normal -9.999983e-01 3.147077e-04 1.791370e-03
    outer loop
      vertex   1.562735e+02 1.495581e+02 1.988444e+01
      vertex   1.562822e+02 1.490688e+02 2.483499e+01
      vertex   1.562825e+02 1.491139e+02 2.501562e+01
    endloop
  endfacet
  facet normal -9.999983e-01 3.147077e-04 1.791370e-03
    outer loop
      vertex   1.562735e+02 1.495581e+02 1.988444e+01
      vertex   1.562825e+02 1.491139e+02 2.501562e+01
      vertex   1.562829e+02 1.491427e+02 2.519956e+01
    endloop
  endfacet
  facet normal -9.999983e-01 3.147077e-04 1.791370e-03
    outer loop
      vertex   1.562829e+02 1.491427e+02 2.519956e+01
      vertex   1.562832e+02 1.491549e+02 2.538535e+01
      vertex   1.562735e+02 1.495581e+02 1.988444e+01
    endloop
  endfacet
  facet normal -9.999983e-01 3.147077e-04 1.791370e-03
    outer loop
      vertex   1.562735e+02 1.495581e+02 1.988444e+01
      vertex   1.562832e+02 1.491549e+02 2.538535e+01
      vertex   1.562835e+02 1.491504e+02 2.557149e+01
    endloop
  endfacet
  facet normal -9.999983e-01 3.147077e-04 1.791370e-03
    outer loop
      vertex   1.562735e+02 1.495581e+02 1.988444e+01
      vertex   1.562835e+02 1.491504e+02 2.557149e+01
      vertex   1.562738e+02 1.498455e+02 2.002216e+01
    endloop
  endfacet
  facet normal -9.999983e-01 3.147077e-04 1.791370e-03
    outer loop
      vertex   1.562738e+02 1.498455e+02 2.002216e+01
      vertex   1.562835e+02 1.491504e+02 2.557149e+01
      vertex   1.562742e+02 1.501254e+02 2.017479e+01
    endloop
  endfacet
  facet normal -9.999983e-01 3.147077e-04 1.791370e-03
    outer loop
      vertex   1.562742e+02 1.501254e+02 2.017479e+01
      vertex   1.562835e+02 1.491504e+02 2.557149e+01
      vertex   1.562745e+02 1.503968e+02 2.034186e+01
    endloop
  endfacet
  facet normal -9.999983e-01 3.147077e-04 1.791370e-03
    outer loop
      vertex   1.562745e+02 1.503968e+02 2.034186e+01
      vertex   1.562835e+02 1.491504e+02 2.557149e+01
      vertex   1.562749e+02 1.506590e+02 2.052295e+01
    endloop
  endfacet
  facet normal -9.999983e-01 3.147077e-04 1.791370e-03
    outer loop
      vertex   1.562749e+02 1.506590e+02 2.052295e+01
      vertex   1.562835e+02 1.491504e+02 2.557149e+01
      vertex   1.562754e+02 1.509114e+02 2.071755e+01
    endloop
  endfacet
  facet normal -9.999983e-01 3.147077e-04 1.791370e-03
    outer loop
      vertex   1.562754e+02 1.509114e+02 2.071755e+01
      vertex   1.562835e+02 1.491504e+02 2.557149e+01
      vertex   1.562758e+02 1.511533e+02 2.092513e+01
    endloop
  endfacet
  facet normal -9.999983e-01 3.147077e-04 1.791370e-03
    outer loop
      vertex   1.562758e+02 1.511533e+02 2.092513e+01
      vertex   1.562835e+02 1.491504e+02 2.557149e+01
      vertex   1.562763e+02 1.513839e+02 2.114509e+01
    endloop
  endfacet
  facet normal -9.999983e-01 3.147077e-04 1.791370e-03
    outer loop
      vertex   1.562763e+02 1.513839e+02 2.114509e+01
      vertex   1.562835e+02 1.491504e+02 2.557149e+01
      vertex   1.562768e+02 1.516027e+02 2.137686e+01
    endloop
  endfacet
  facet normal -9.999983e-01 3.147077e-04 1.791370e-03
    outer loop
      vertex   1.562768e+02 1.516027e+02 2.137686e+01
      vertex   1.562835e+02 1.491504e+02 2.557149e+01
      vertex   1.562773e+02 1.518090e+02 2.161980e+01
    endloop
  endfacet
  facet normal -9.999983e-01 3.147077e-04 1.791370e-03
    outer loop
      vertex   1.562773e+02 1.518090e+02 2.161980e+01
      vertex   1.562835e+02 1.491504e+02 2.557149e+01
      vertex   1.562778e+02 1.520023e+02 2.187322e+01
    endloop
  endfacet
  facet normal -9.999983e-01 3.147077e-04 1.791370e-03
    outer loop
      vertex   1.562778e+02 1.520023e+02 2.187322e+01
      vertex   1.562835e+02 1.491504e+02 2.557149e+01
      vertex   1.562783e+02 1.521820e+02 2.213643e+01
    endloop
  endfacet
  facet normal -9.999983e-01 3.147077e-04 1.791370e-03
    outer loop
      vertex   1.562783e+02 1.521820e+02 2.213643e+01
      vertex   1.562835e+02 1.491504e+02 2.557149e+01
      vertex   1.562789e+02 1.523477e+02 2.240870e+01
    endloop
  endfacet
  facet normal -9.999983e-01 3.147077e-04 1.791370e-03
    outer loop
      vertex   1.562789e+02 1.523477e+02 2.240870e+01
      vertex   1.562835e+02 1.491504e+02 2.557149e+01
      vertex   1.562794e+02 1.524989e+02 2.268928e+01
    endloop
  endfacet
  facet normal -9.999983e-01 3.147077e-04 1.791370e-03
    outer loop
      vertex   1.562794e+02 1.524989e+02 2.268928e+01
      vertex   1.562835e+02 1.491504e+02 2.557149e+01
      vertex   1.562800e+02 1.526351e+02 2.297743e+01
    endloop
  endfacet
  facet normal -9.999983e-01 3.147077e-04 1.791370e-03
    outer loop
      vertex   1.562800e+02 1.526351e+02 2.297743e+01
      vertex   1.562835e+02 1.491504e+02 2.557149e+01
      vertex   1.562805e+02 1.527560e+02 2.327231e+01
    endloop
  endfacet
  facet normal -9.999983e-01 3.147077e-04 1.791370e-03
    outer loop
      vertex   1.562805e+02 1.527560e+02 2.327231e+01
      vertex   1.562835e+02 1.491504e+02 2.557149e+01
      vertex   1.562811e+02 1.528613e+02 2.357313e+01
    endloop
  endfacet
  facet normal -9.999983e-01 3.147077e-04 1.791370e-03
    outer loop
      vertex   1.562811e+02 1.528613e+02 2.357313e+01
      vertex   1.562835e+02 1.491504e+02 2.557149e+01
      vertex   1.562817e+02 1.529507e+02 2.387906e+01
    endloop
  endfacet
  facet normal -9.999983e-01 3.147077e-04 1.791370e-03
    outer loop
      vertex   1.562817e+02 1.529507e+02 2.387906e+01
      vertex   1.562835e+02 1.491504e+02 2.557149e+01
      vertex   1.562823e+02 1.530239e+02 2.418926e+01
    endloop
  endfacet
  facet normal -9.999983e-01 3.147077e-04 1.791370e-03
    outer loop
      vertex   1.562823e+02 1.530239e+02 2.418926e+01
      vertex   1.562835e+02 1.491504e+02 2.557149e+01
      vertex   1.562828e+02 1.530807e+02 2.450288e+01
    endloop
  endfacet
  facet normal -9.999983e-01 3.147077e-04 1.791370e-03
    outer loop
      vertex   1.562828e+02 1.530807e+02 2.450288e+01
      vertex   1.562835e+02 1.491504e+02 2.557149e+01
      vertex   1.562834e+02 1.531210e+02 2.481903e+01
    endloop
  endfacet
  facet normal -9.999983e-01 3.147077e-04 1.791370e-03
    outer loop
      vertex   1.562834e+02 1.531210e+02 2.481903e+01
      vertex   1.562835e+02 1.491504e+02 2.557149e+01
      vertex   1.562840e+02 1.531447e+02 2.513687e+01
    endloop
  endfacet
  facet normal -9.999983e-01 3.147077e-04 1.791370e-03
    outer loop
      vertex   1.562840e+02 1.531447e+02 2.513687e+01
      vertex   1.562835e+02 1.491504e+02 2.557149e+01
      vertex   1.562846e+02 1.531516e+02 2.545552e+01
    endloop
  endfacet
  facet normal -9.999983e-01 3.147077e-04 1.791370e-03
    outer loop
      vertex   1.562846e+02 1.531516e+02 2.545552e+01
      vertex   1.562835e+02 1.491504e+02 2.557149e+01
      vertex   1.562851e+02 1.531418e+02 2.577408e+01
    endloop
  endfacet
  facet normal -9.999983e-01 3.147077e-04 1.791370e-03
    outer loop
      vertex   1.562851e+02 1.531418e+02 2.577408e+01
      vertex   1.562835e+02 1.491504e+02 2.557149e+01
      vertex   1.562838e+02 1.491292e+02 2.575647e+01
    endloop
  endfacet
  facet normal -9.999983e-01 3.147077e-04 1.791370e-03
    outer loop
      vertex   1.562851e+02 1.531418e+02 2.577408e+01
      vertex   1.562838e+02 1.491292e+02 2.575647e+01
      vertex   1.562857e+02 1.531153e+02 2.609170e+01
    endloop
  endfacet
  facet normal -9.999983e-01 3.147077e-04 1.791370e-03
    outer loop
      vertex   1.562857e+02 1.531153e+02 2.609170e+01
      vertex   1.562838e+02 1.491292e+02 2.575647e+01
      vertex   1.562842e+02 1.490916e+02 2.593880e+01
    endloop
  endfacet
  facet normal -9.999983e-01 3.147077e-04 1.791370e-03
    outer loop
      vertex   1.562857e+02 1.531153e+02 2.609170e+01
      vertex   1.562842e+02 1.490916e+02 2.593880e+01
      vertex   1.562863e+02 1.530722e+02 2.640749e+01
    endloop
  endfacet
  facet normal -9.999983e-01 3.147077e-04 1.791370e-03
    outer loop
      vertex   1.562863e+02 1.530722e+02 2.640749e+01
      vertex   1.562842e+02 1.490916e+02 2.593880e+01
      vertex   1.562845e+02 1.490377e+02 2.611703e+01
    endloop
  endfacet
  facet normal -9.999983e-01 3.147077e-04 1.791370e-03
    outer loop
      vertex   1.562863e+02 1.530722e+02 2.640749e+01
      vertex   1.562845e+02 1.490377e+02 2.611703e+01
      vertex   1.562868e+02 1.530126e+02 2.672058e+01
    endloop
  endfacet
  facet normal -9.999983e-01 3.147077e-04 1.791370e-03
    outer loop
      vertex   1.562868e+02 1.530126e+02 2.672058e+01
      vertex   1.562845e+02 1.490377e+02 2.611703e+01
      vertex   1.562847e+02 1.489681e+02 2.628971e+01
    endloop
  endfacet
  facet normal -9.999983e-01 3.147077e-04 1.791370e-03
    outer loop
      vertex   1.562868e+02 1.530126e+02 2.672058e+01
      vertex   1.562847e+02 1.489681e+02 2.628971e+01
      vertex   1.562850e+02 1.488832e+02 2.645545e+01
    endloop
  endfacet
  facet normal -9.999983e-01 3.147077e-04 1.791370e-03
    outer loop
      vertex   1.562868e+02 1.530126e+02 2.672058e+01
      vertex   1.562850e+02 1.488832e+02 2.645545e+01
      vertex   1.562873e+02 1.529367e+02 2.703012e+01
    endloop
  endfacet
  facet normal -9.999983e-01 3.147077e-04 1.791370e-03
    outer loop
      vertex   1.562873e+02 1.529367e+02 2.703012e+01
      vertex   1.562850e+02 1.488832e+02 2.645545e+01
      vertex   1.562853e+02 1.487839e+02 2.661293e+01
    endloop
  endfacet
  facet normal -9.999983e-01 3.147077e-04 1.791370e-03
    outer loop
      vertex   1.562873e+02 1.529367e+02 2.703012e+01
      vertex   1.562853e+02 1.487839e+02 2.661293e+01
      vertex   1.562878e+02 1.528446e+02 2.733524e+01
    endloop
  endfacet
  facet normal -9.999983e-01 3.147077e-04 1.791370e-03
    outer loop
      vertex   1.562878e+02 1.528446e+02 2.733524e+01
      vertex   1.562853e+02 1.487839e+02 2.661293e+01
      vertex   1.562855e+02 1.486708e+02 2.676086e+01
    endloop
  endfacet
  facet normal -9.999983e-01 3.147077e-04 1.791370e-03
    outer loop
      vertex   1.562878e+02 1.528446e+02 2.733524e+01
      vertex   1.562855e+02 1.486708e+02 2.676086e+01
      vertex   1.562883e+02 1.527366e+02 2.763511e+01
    endloop
  endfacet
  facet normal -9.999983e-01 3.147077e-04 1.791370e-03
    outer loop
      vertex   1.562883e+02 1.527366e+02 2.763511e+01
      vertex   1.562855e+02 1.486708e+02 2.676086e+01
      vertex   1.562857e+02 1.485450e+02 2.689806e+01
    endloop
  endfacet
  facet normal -9.999983e-01 3.147077e-04 1.791370e-03
    outer loop
      vertex   1.562883e+02 1.527366e+02 2.763511e+01
      vertex   1.562857e+02 1.485450e+02 2.689806e+01
      vertex   1.562888e+02 1.526131e+02 2.792891e+01
    endloop
  endfacet
  facet normal -9.999983e-01 3.147077e-04 1.791370e-03
    outer loop
      vertex   1.562888e+02 1.526131e+02 2.792891e+01
      vertex   1.562857e+02 1.485450e+02 2.689806e+01
      vertex   1.562859e+02 1.484073e+02 2.702343e+01
    endloop
  endfacet
  facet normal -9.999983e-01 3.147077e-04 1.791370e-03
    outer loop
      vertex   1.562888e+02 1.526131e+02 2.792891e+01
      vertex   1.562859e+02 1.484073e+02 2.702343e+01
      vertex   1.562860e+02 1.482590e+02 2.713596e+01
    endloop
  endfacet
  facet normal -9.999983e-01 3.147077e-04 1.791370e-03
    outer loop
      vertex   1.562888e+02 1.526131e+02 2.792891e+01
      vertex   1.562860e+02 1.482590e+02 2.713596e+01
      vertex   1.562893e+02 1.524743e+02 2.821582e+01
    endloop
  endfacet
  facet normal -9.999983e-01 3.147077e-04 1.791370e-03
    outer loop
      vertex   1.562893e+02 1.524743e+02 2.821582e+01
      vertex   1.562860e+02 1.482590e+02 2.713596e+01
      vertex   1.562862e+02 1.481012e+02 2.723473e+01
    endloop
  endfacet
  facet normal -9.999983e-01 3.147077e-04 1.791370e-03
    outer loop
      vertex   1.562893e+02 1.524743e+02 2.821582e+01
      vertex   1.562862e+02 1.481012e+02 2.723473e+01
      vertex   1.562898e+02 1.523206e+02 2.849505e+01
    endloop
  endfacet
  facet normal -9.999983e-01 3.147077e-04 1.791370e-03
    outer loop
      vertex   1.562898e+02 1.523206e+02 2.849505e+01
      vertex   1.562862e+02 1.481012e+02 2.723473e+01
      vertex   1.562863e+02 1.479351e+02 2.731896e+01
    endloop
  endfacet
  facet normal -9.999983e-01 3.147077e-04 1.791370e-03
    outer loop
      vertex   1.562898e+02 1.523206e+02 2.849505e+01
      vertex   1.562863e+02 1.479351e+02 2.731896e+01
      vertex   1.562902e+02 1.521525e+02 2.876584e+01
    endloop
  endfacet
  facet normal -9.999983e-01 3.147077e-04 1.791370e-03
    outer loop
      vertex   1.562902e+02 1.521525e+02 2.876584e+01
      vertex   1.562863e+02 1.479351e+02 2.731896e+01
      vertex   1.562863e+02 1.477622e+02 2.738797e+01
    endloop
  endfacet
  facet normal -9.999983e-01 3.147077e-04 1.791370e-03
    outer loop
      vertex   1.562902e+02 1.521525e+02 2.876584e+01
      vertex   1.562863e+02 1.477622e+02 2.738797e+01
      vertex   1.562906e+02 1.519705e+02 2.902744e+01
    endloop
  endfacet
  facet normal -9.999983e-01 3.147077e-04 1.791370e-03
    outer loop
      vertex   1.562906e+02 1.519705e+02 2.902744e+01
      vertex   1.562863e+02 1.477622e+02 2.738797e+01
      vertex   1.562910e+02 1.517749e+02 2.927912e+01
    endloop
  endfacet
  facet normal -9.999983e-01 3.147077e-04 1.791370e-03
    outer loop
      vertex   1.562910e+02 1.517749e+02 2.927912e+01
      vertex   1.562863e+02 1.477622e+02 2.738797e+01
      vertex   1.562864e+02 1.475838e+02 2.744120e+01
    endloop
  endfacet
  facet normal -9.999983e-01 3.147077e-04 1.791370e-03
    outer loop
      vertex   1.562910e+02 1.517749e+02 2.927912e+01
      vertex   1.562864e+02 1.475838e+02 2.744120e+01
      vertex   1.562914e+02 1.515664e+02 2.952020e+01
    endloop
  endfacet
  facet normal -9.999983e-01 3.147077e-04 1.791370e-03
    outer loop
      vertex   1.562914e+02 1.515664e+02 2.952020e+01
      vertex   1.562864e+02 1.475838e+02 2.744120e+01
      vertex   1.562864e+02 1.474013e+02 2.747822e+01
    endloop
  endfacet
  facet normal -9.999983e-01 3.147077e-04 1.791370e-03
    outer loop
      vertex   1.562914e+02 1.515664e+02 2.952020e+01
      vertex   1.562864e+02 1.474013e+02 2.747822e+01
      vertex   1.562917e+02 1.513456e+02 2.975002e+01
    endloop
  endfacet
  facet normal -9.999983e-01 3.147077e-04 1.791370e-03
    outer loop
      vertex   1.562917e+02 1.513456e+02 2.975002e+01
      vertex   1.562864e+02 1.474013e+02 2.747822e+01
      vertex   1.562920e+02 1.511130e+02 2.996793e+01
    endloop
  endfacet
  facet normal -9.999983e-01 3.147077e-04 1.791370e-03
    outer loop
      vertex   1.562920e+02 1.511130e+02 2.996793e+01
      vertex   1.562864e+02 1.474013e+02 2.747822e+01
      vertex   1.562864e+02 1.472162e+02 2.749873e+01
    endloop
  endfacet
  facet normal -9.999983e-01 3.147077e-04 1.791370e-03
    outer loop
      vertex   1.562920e+02 1.511130e+02 2.996793e+01
      vertex   1.562864e+02 1.472162e+02 2.749873e+01
      vertex   1.562923e+02 1.508693e+02 3.017334e+01
    endloop
  endfacet
  facet normal -9.999983e-01 3.147077e-04 1.791370e-03
    outer loop
      vertex   1.562923e+02 1.508693e+02 3.017334e+01
      vertex   1.562864e+02 1.472162e+02 2.749873e+01
      vertex   1.562926e+02 1.506152e+02 3.036569e+01
    endloop
  endfacet
  facet normal -9.999983e-01 3.147077e-04 1.791370e-03
    outer loop
      vertex   1.562926e+02 1.506152e+02 3.036569e+01
      vertex   1.562864e+02 1.472162e+02 2.749873e+01
      vertex   1.562928e+02 1.503513e+02 3.054443e+01
    endloop
  endfacet
  facet normal -9.999983e-01 3.147077e-04 1.791370e-03
    outer loop
      vertex   1.562928e+02 1.503513e+02 3.054443e+01
      vertex   1.562864e+02 1.472162e+02 2.749873e+01
      vertex   1.562863e+02 1.470301e+02 2.750257e+01
    endloop
  endfacet
  facet normal -9.999983e-01 3.147077e-04 1.791370e-03
    outer loop
      vertex   1.562928e+02 1.503513e+02 3.054443e+01
      vertex   1.562863e+02 1.470301e+02 2.750257e+01
      vertex   1.562930e+02 1.500784e+02 3.070910e+01
    endloop
  endfacet
  facet normal -9.999983e-01 3.147077e-04 1.791370e-03
    outer loop
      vertex   1.562930e+02 1.500784e+02 3.070910e+01
      vertex   1.562863e+02 1.470301e+02 2.750257e+01
      vertex   1.562932e+02 1.497973e+02 3.085921e+01
    endloop
  endfacet
  facet normal -9.999983e-01 3.147077e-04 1.791370e-03
    outer loop
      vertex   1.562932e+02 1.497973e+02 3.085921e+01
      vertex   1.562863e+02 1.470301e+02 2.750257e+01
      vertex   1.562933e+02 1.495086e+02 3.099437e+01
    endloop
  endfacet
  facet normal -9.999983e-01 3.147077e-04 1.791370e-03
    outer loop
      vertex   1.562933e+02 1.495086e+02 3.099437e+01
      vertex   1.562863e+02 1.470301e+02 2.750257e+01
      vertex   1.562862e+02 1.468443e+02 2.748972e+01
    endloop
  endfacet
  facet normal -9.999983e-01 3.147077e-04 1.791370e-03
    outer loop
      vertex   1.562933e+02 1.495086e+02 3.099437e+01
      vertex   1.562862e+02 1.468443e+02 2.748972e+01
      vertex   1.562877e+02 1.420056e+02 2.913759e+01
    endloop
  endfacet
  facet normal -9.999983e-01 3.147077e-04 1.791370e-03
    outer loop
      vertex   1.562877e+02 1.420056e+02 2.913759e+01
      vertex   1.562862e+02 1.468443e+02 2.748972e+01
      vertex   1.562874e+02 1.420503e+02 2.896430e+01
    endloop
  endfacet
  facet normal -9.999983e-01 3.147077e-04 1.791370e-03
    outer loop
      vertex   1.562874e+02 1.420503e+02 2.896430e+01
      vertex   1.562862e+02 1.468443e+02 2.748972e+01
      vertex   1.562861e+02 1.466605e+02 2.746026e+01
    endloop
  endfacet
  facet normal -9.999983e-01 3.147077e-04 1.791370e-03
    outer loop
      vertex   1.562874e+02 1.420503e+02 2.896430e+01
      vertex   1.562861e+02 1.466605e+02 2.746026e+01
      vertex   1.562871e+02 1.420799e+02 2.878780e+01
    endloop
  endfacet
  facet normal -9.999983e-01 3.147077e-04 1.791370e-03
    outer loop
      vertex   1.562871e+02 1.420799e+02 2.878780e+01
      vertex   1.562861e+02 1.466605e+02 2.746026e+01
      vertex   1.562860e+02 1.464800e+02 2.741444e+01
    endloop
  endfacet
  facet normal -9.999983e-01 3.147077e-04 1.791370e-03
    outer loop
      vertex   1.562871e+02 1.420799e+02 2.878780e+01
      vertex   1.562860e+02 1.464800e+02 2.741444e+01
      vertex   1.562867e+02 1.420942e+02 2.860941e+01
    endloop
  endfacet
  facet normal -9.999983e-01 3.147077e-04 1.791370e-03
    outer loop
      vertex   1.562867e+02 1.420942e+02 2.860941e+01
      vertex   1.562860e+02 1.464800e+02 2.741444e+01
      vertex   1.562858e+02 1.463044e+02 2.735263e+01
    endloop
  endfacet
  facet normal -9.999983e-01 3.147077e-04 1.791370e-03
    outer loop
      vertex   1.562867e+02 1.420942e+02 2.860941e+01
      vertex   1.562858e+02 1.463044e+02 2.735263e+01
      vertex   1.562856e+02 1.461350e+02 2.727533e+01
    endloop
  endfacet
  facet normal -9.999983e-01 3.147077e-04 1.791370e-03
    outer loop
      vertex   1.562856e+02 1.461350e+02 2.727533e+01
      vertex   1.562854e+02 1.459733e+02 2.718315e+01
      vertex   1.562867e+02 1.420942e+02 2.860941e+01
    endloop
  endfacet
  facet normal -9.999983e-01 3.147077e-04 1.791370e-03
    outer loop
      vertex   1.562867e+02 1.420942e+02 2.860941e+01
      vertex   1.562854e+02 1.459733e+02 2.718315e+01
      vertex   1.562852e+02 1.458204e+02 2.707684e+01
    endloop
  endfacet
  facet normal -9.999983e-01 3.147077e-04 1.791370e-03
    outer loop
      vertex   1.562867e+02 1.420942e+02 2.860941e+01
      vertex   1.562852e+02 1.458204e+02 2.707684e+01
      vertex   1.562849e+02 1.456777e+02 2.695726e+01
    endloop
  endfacet
  facet normal -9.999983e-01 3.147077e-04 1.791370e-03
    outer loop
      vertex   1.562849e+02 1.456777e+02 2.695726e+01
      vertex   1.562846e+02 1.455463e+02 2.682537e+01
      vertex   1.562867e+02 1.420942e+02 2.860941e+01
    endloop
  endfacet
  facet normal -9.999983e-01 3.147077e-04 1.791370e-03
    outer loop
      vertex   1.562867e+02 1.420942e+02 2.860941e+01
      vertex   1.562846e+02 1.455463e+02 2.682537e+01
      vertex   1.562843e+02 1.454272e+02 2.668223e+01
    endloop
  endfacet
  facet normal -9.999983e-01 3.147077e-04 1.791370e-03
    outer loop
      vertex   1.562867e+02 1.420942e+02 2.860941e+01
      vertex   1.562843e+02 1.454272e+02 2.668223e+01
      vertex   1.562840e+02 1.453214e+02 2.652899e+01
    endloop
  endfacet
  facet normal -9.999983e-01 3.147077e-04 1.791370e-03
    outer loop
      vertex   1.562840e+02 1.453214e+02 2.652899e+01
      vertex   1.562837e+02 1.452298e+02 2.636689e+01
      vertex   1.562867e+02 1.420942e+02 2.860941e+01
    endloop
  endfacet
  facet normal -9.999983e-01 3.147077e-04 1.791370e-03
    outer loop
      vertex   1.562867e+02 1.420942e+02 2.860941e+01
      vertex   1.562837e+02 1.452298e+02 2.636689e+01
      vertex   1.562834e+02 1.451532e+02 2.619724e+01
    endloop
  endfacet
  facet normal -9.999983e-01 3.147077e-04 1.791370e-03
    outer loop
      vertex   1.562867e+02 1.420942e+02 2.860941e+01
      vertex   1.562834e+02 1.451532e+02 2.619724e+01
      vertex   1.562830e+02 1.450920e+02 2.602138e+01
    endloop
  endfacet
  facet normal -9.999983e-01 3.147077e-04 1.791370e-03
    outer loop
      vertex   1.562830e+02 1.450920e+02 2.602138e+01
      vertex   1.562827e+02 1.450468e+02 2.584076e+01
      vertex   1.562867e+02 1.420942e+02 2.860941e+01
    endloop
  endfacet
  facet normal -9.999983e-01 3.147077e-04 1.791370e-03
    outer loop
      vertex   1.562867e+02 1.420942e+02 2.860941e+01
      vertex   1.562827e+02 1.450468e+02 2.584076e+01
      vertex   1.562824e+02 1.450180e+02 2.565681e+01
    endloop
  endfacet
  facet normal -9.999983e-01 3.147077e-04 1.791370e-03
    outer loop
      vertex   1.562867e+02 1.420942e+02 2.860941e+01
      vertex   1.562824e+02 1.450180e+02 2.565681e+01
      vertex   1.562820e+02 1.450058e+02 2.547102e+01
    endloop
  endfacet
  facet normal -9.999983e-01 3.147077e-04 1.791370e-03
    outer loop
      vertex   1.562820e+02 1.450058e+02 2.547102e+01
      vertex   1.562817e+02 1.450103e+02 2.528489e+01
      vertex   1.562867e+02 1.420942e+02 2.860941e+01
    endloop
  endfacet
  facet normal -9.999983e-01 3.147077e-04 1.791370e-03
    outer loop
      vertex   1.562867e+02 1.420942e+02 2.860941e+01
      vertex   1.562817e+02 1.450103e+02 2.528489e+01
      vertex   1.562864e+02 1.420930e+02 2.843045e+01
    endloop
  endfacet
  facet normal -9.999983e-01 3.147077e-04 1.791370e-03
    outer loop
      vertex   1.562864e+02 1.420930e+02 2.843045e+01
      vertex   1.562817e+02 1.450103e+02 2.528489e+01
      vertex   1.562861e+02 1.420764e+02 2.825226e+01
    endloop
  endfacet
  facet normal -9.999983e-01 3.147077e-04 1.791370e-03
    outer loop
      vertex   1.562861e+02 1.420764e+02 2.825226e+01
      vertex   1.562817e+02 1.450103e+02 2.528489e+01
      vertex   1.562858e+02 1.420446e+02 2.807616e+01
    endloop
  endfacet
  facet normal -9.999983e-01 3.147077e-04 1.791370e-03
    outer loop
      vertex   1.562858e+02 1.420446e+02 2.807616e+01
      vertex   1.562817e+02 1.450103e+02 2.528489e+01
      vertex   1.562856e+02 1.420230e+02 2.799237e+01
    endloop
  endfacet
  facet normal -9.999983e-01 3.147077e-04 1.791370e-03
    outer loop
      vertex   1.562856e+02 1.420230e+02 2.799237e+01
      vertex   1.562817e+02 1.450103e+02 2.528489e+01
      vertex   1.562852e+02 1.419561e+02 2.779823e+01
    endloop
  endfacet
  facet normal -9.999983e-01 3.147077e-04 1.791370e-03
    outer loop
      vertex   1.562852e+02 1.419561e+02 2.779823e+01
      vertex   1.562817e+02 1.450103e+02 2.528489e+01
      vertex   1.562849e+02 1.418738e+02 2.761011e+01
    endloop
  endfacet
  facet normal -9.999983e-01 3.147077e-04 1.791370e-03
    outer loop
      vertex   1.562849e+02 1.418738e+02 2.761011e+01
      vertex   1.562817e+02 1.450103e+02 2.528489e+01
      vertex   1.562845e+02 1.417766e+02 2.742922e+01
    endloop
  endfacet
  facet normal -9.999983e-01 3.147077e-04 1.791370e-03
    outer loop
      vertex   1.562845e+02 1.417766e+02 2.742922e+01
      vertex   1.562817e+02 1.450103e+02 2.528489e+01
      vertex   1.562844e+02 1.417297e+02 2.735666e+01
    endloop
  endfacet
  facet normal -9.999983e-01 3.147077e-04 1.791370e-03
    outer loop
      vertex   1.562844e+02 1.417297e+02 2.735666e+01
      vertex   1.562817e+02 1.450103e+02 2.528489e+01
      vertex   1.562841e+02 1.416219e+02 2.721376e+01
    endloop
  endfacet
  facet normal -9.999983e-01 3.147077e-04 1.791370e-03
    outer loop
      vertex   1.562841e+02 1.416219e+02 2.721376e+01
      vertex   1.562817e+02 1.450103e+02 2.528489e+01
      vertex   1.562838e+02 1.415023e+02 2.708068e+01
    endloop
  endfacet
  facet normal -9.999983e-01 3.147077e-04 1.791370e-03
    outer loop
      vertex   1.562838e+02 1.415023e+02 2.708068e+01
      vertex   1.562817e+02 1.450103e+02 2.528489e+01
      vertex   1.562836e+02 1.413716e+02 2.695841e+01
    endloop
  endfacet
  facet normal -9.999983e-01 3.147077e-04 1.791370e-03
    outer loop
      vertex   1.562836e+02 1.413716e+02 2.695841e+01
      vertex   1.562817e+02 1.450103e+02 2.528489e+01
      vertex   1.562833e+02 1.412308e+02 2.684785e+01
    endloop
  endfacet
  facet normal -9.999983e-01 3.147077e-04 1.791370e-03
    outer loop
      vertex   1.562833e+02 1.412308e+02 2.684785e+01
      vertex   1.562817e+02 1.450103e+02 2.528489e+01
      vertex   1.562831e+02 1.410811e+02 2.674983e+01
    endloop
  endfacet
  facet normal -9.999983e-01 3.147077e-04 1.791370e-03
    outer loop
      vertex   1.562831e+02 1.410811e+02 2.674983e+01
      vertex   1.562817e+02 1.450103e+02 2.528489e+01
      vertex   1.562829e+02 1.409235e+02 2.666508e+01
    endloop
  endfacet
  facet normal -9.999983e-01 3.147077e-04 1.791370e-03
    outer loop
      vertex   1.562829e+02 1.409235e+02 2.666508e+01
      vertex   1.562817e+02 1.450103e+02 2.528489e+01
      vertex   1.562827e+02 1.407591e+02 2.659423e+01
    endloop
  endfacet
  facet normal -9.999983e-01 3.147077e-04 1.791370e-03
    outer loop
      vertex   1.562827e+02 1.407591e+02 2.659423e+01
      vertex   1.562817e+02 1.450103e+02 2.528489e+01
      vertex   1.562826e+02 1.405893e+02 2.653780e+01
    endloop
  endfacet
  facet normal -9.999983e-01 3.147077e-04 1.791370e-03
    outer loop
      vertex   1.562826e+02 1.405893e+02 2.653780e+01
      vertex   1.562817e+02 1.450103e+02 2.528489e+01
      vertex   1.562824e+02 1.404152e+02 2.649621e+01
    endloop
  endfacet
  facet normal -9.999983e-01 3.147077e-04 1.791370e-03
    outer loop
      vertex   1.562824e+02 1.404152e+02 2.649621e+01
      vertex   1.562817e+02 1.450103e+02 2.528489e+01
      vertex   1.562814e+02 1.450315e+02 2.509991e+01
    endloop
  endfacet
  facet normal -9.999983e-01 3.147077e-04 1.791370e-03
    outer loop
      vertex   1.562824e+02 1.404152e+02 2.649621e+01
      vertex   1.562814e+02 1.450315e+02 2.509991e+01
      vertex   1.562811e+02 1.450692e+02 2.491757e+01
    endloop
  endfacet
  facet normal -9.999983e-01 3.147077e-04 1.791370e-03
    outer loop
      vertex   1.562824e+02 1.404152e+02 2.649621e+01
      vertex   1.562811e+02 1.450692e+02 2.491757e+01
      vertex   1.562823e+02 1.402382e+02 2.646978e+01
    endloop
  endfacet
  facet normal -9.999983e-01 3.147077e-04 1.791370e-03
    outer loop
      vertex   1.562823e+02 1.402382e+02 2.646978e+01
      vertex   1.562811e+02 1.450692e+02 2.491757e+01
      vertex   1.562808e+02 1.451230e+02 2.473934e+01
    endloop
  endfacet
  facet normal -9.999983e-01 3.147077e-04 1.791370e-03
    outer loop
      vertex   1.562823e+02 1.402382e+02 2.646978e+01
      vertex   1.562808e+02 1.451230e+02 2.473934e+01
      vertex   1.562822e+02 1.400596e+02 2.645871e+01
    endloop
  endfacet
  facet normal -9.999983e-01 3.147077e-04 1.791370e-03
    outer loop
      vertex   1.562822e+02 1.400596e+02 2.645871e+01
      vertex   1.562808e+02 1.451230e+02 2.473934e+01
      vertex   1.562805e+02 1.451927e+02 2.456666e+01
    endloop
  endfacet
  facet normal -9.999983e-01 3.147077e-04 1.791370e-03
    outer loop
      vertex   1.562822e+02 1.400596e+02 2.645871e+01
      vertex   1.562805e+02 1.451927e+02 2.456666e+01
      vertex   1.562802e+02 1.452775e+02 2.440092e+01
    endloop
  endfacet
  facet normal -9.999983e-01 3.147077e-04 1.791370e-03
    outer loop
      vertex   1.562822e+02 1.400596e+02 2.645871e+01
      vertex   1.562802e+02 1.452775e+02 2.440092e+01
      vertex   1.562822e+02 1.398807e+02 2.646306e+01
    endloop
  endfacet
  facet normal -9.999983e-01 3.147077e-04 1.791370e-03
    outer loop
      vertex   1.562822e+02 1.398807e+02 2.646306e+01
      vertex   1.562802e+02 1.452775e+02 2.440092e+01
      vertex   1.562800e+02 1.453768e+02 2.424345e+01
    endloop
  endfacet
  facet normal -9.999983e-01 3.147077e-04 1.791370e-03
    outer loop
      vertex   1.562822e+02 1.398807e+02 2.646306e+01
      vertex   1.562800e+02 1.453768e+02 2.424345e+01
      vertex   1.562797e+02 1.454899e+02 2.409551e+01
    endloop
  endfacet
  facet normal -9.999983e-01 3.147077e-04 1.791370e-03
    outer loop
      vertex   1.562795e+02 1.456158e+02 2.395831e+01
      vertex   1.562727e+02 1.286667e+02 2.312869e+01
      vertex   1.562797e+02 1.454899e+02 2.409551e+01
    endloop
  endfacet
  facet normal -9.999983e-01 3.147077e-04 1.791370e-03
    outer loop
      vertex   1.562797e+02 1.454899e+02 2.409551e+01
      vertex   1.562727e+02 1.286667e+02 2.312869e+01
      vertex   1.562822e+02 1.397028e+02 2.648281e+01
    endloop
  endfacet
  facet normal -9.999983e-01 3.147077e-04 1.791370e-03
    outer loop
      vertex   1.562797e+02 1.454899e+02 2.409551e+01
      vertex   1.562822e+02 1.397028e+02 2.648281e+01
      vertex   1.562822e+02 1.398807e+02 2.646306e+01
    endloop
  endfacet
  facet normal -9.999983e-01 3.147077e-04 1.791370e-03
    outer loop
      vertex   1.562795e+02 1.456158e+02 2.395831e+01
      vertex   1.562793e+02 1.457534e+02 2.383294e+01
      vertex   1.562727e+02 1.286667e+02 2.312869e+01
    endloop
  endfacet
  facet normal -9.999983e-01 3.147077e-04 1.791370e-03
    outer loop
      vertex   1.562727e+02 1.286667e+02 2.312869e+01
      vertex   1.562793e+02 1.457534e+02 2.383294e+01
      vertex   1.562716e+02 1.458170e+02 1.948752e+01
    endloop
  endfacet
  facet normal -9.999983e-01 3.147077e-04 1.791370e-03
    outer loop
      vertex   1.562716e+02 1.458170e+02 1.948752e+01
      vertex   1.562793e+02 1.457534e+02 2.383294e+01
      vertex   1.562792e+02 1.459018e+02 2.372042e+01
    endloop
  endfacet
  facet normal -9.999983e-01 3.147077e-04 1.791370e-03
    outer loop
      vertex   1.562716e+02 1.458170e+02 1.948752e+01
      vertex   1.562792e+02 1.459018e+02 2.372042e+01
      vertex   1.562791e+02 1.460596e+02 2.362164e+01
    endloop
  endfacet
  facet normal -9.999983e-01 3.147077e-04 1.791370e-03
    outer loop
      vertex   1.562791e+02 1.460596e+02 2.362164e+01
      vertex   1.562790e+02 1.462256e+02 2.353741e+01
      vertex   1.562716e+02 1.458170e+02 1.948752e+01
    endloop
  endfacet
  facet normal -9.999983e-01 3.147077e-04 1.791370e-03
    outer loop
      vertex   1.562716e+02 1.458170e+02 1.948752e+01
      vertex   1.562790e+02 1.462256e+02 2.353741e+01
      vertex   1.562789e+02 1.463986e+02 2.346840e+01
    endloop
  endfacet
  facet normal -9.999983e-01 3.147077e-04 1.791370e-03
    outer loop
      vertex   1.562716e+02 1.458170e+02 1.948752e+01
      vertex   1.562789e+02 1.463986e+02 2.346840e+01
      vertex   1.562788e+02 1.465770e+02 2.341518e+01
    endloop
  endfacet
  facet normal -9.999983e-01 3.147077e-04 1.791370e-03
    outer loop
      vertex   1.562788e+02 1.465770e+02 2.341518e+01
      vertex   1.562788e+02 1.467595e+02 2.337816e+01
      vertex   1.562716e+02 1.458170e+02 1.948752e+01
    endloop
  endfacet
  facet normal -9.999983e-01 3.147077e-04 1.791370e-03
    outer loop
      vertex   1.562716e+02 1.458170e+02 1.948752e+01
      vertex   1.562788e+02 1.467595e+02 2.337816e+01
      vertex   1.562789e+02 1.469445e+02 2.335764e+01
    endloop
  endfacet
  facet normal -9.999983e-01 3.147077e-04 1.791370e-03
    outer loop
      vertex   1.562716e+02 1.458170e+02 1.948752e+01
      vertex   1.562789e+02 1.469445e+02 2.335764e+01
      vertex   1.562789e+02 1.471307e+02 2.335380e+01
    endloop
  endfacet
  facet normal -9.999983e-01 3.147077e-04 1.791370e-03
    outer loop
      vertex   1.562877e+02 1.420056e+02 2.913759e+01
      vertex   1.562879e+02 1.419462e+02 2.930639e+01
      vertex   1.562933e+02 1.495086e+02 3.099437e+01
    endloop
  endfacet
  facet normal -9.999983e-01 3.147077e-04 1.791370e-03
    outer loop
      vertex   1.562933e+02 1.495086e+02 3.099437e+01
      vertex   1.562879e+02 1.419462e+02 2.930639e+01
      vertex   1.562882e+02 1.418724e+02 2.946944e+01
    endloop
  endfacet
  facet normal -9.999983e-01 3.147077e-04 1.791370e-03
    outer loop
      vertex   1.562933e+02 1.495086e+02 3.099437e+01
      vertex   1.562882e+02 1.418724e+02 2.946944e+01
      vertex   1.562885e+02 1.417849e+02 2.962552e+01
    endloop
  endfacet
  facet normal -9.999983e-01 3.147077e-04 1.791370e-03
    outer loop
      vertex   1.562885e+02 1.417849e+02 2.962552e+01
      vertex   1.562887e+02 1.416842e+02 2.977348e+01
      vertex   1.562933e+02 1.495086e+02 3.099437e+01
    endloop
  endfacet
  facet normal -9.999983e-01 3.147077e-04 1.791370e-03
    outer loop
      vertex   1.562933e+02 1.495086e+02 3.099437e+01
      vertex   1.562887e+02 1.416842e+02 2.977348e+01
      vertex   1.562889e+02 1.415711e+02 2.991222e+01
    endloop
  endfacet
  facet normal -9.999983e-01 3.147077e-04 1.791370e-03
    outer loop
      vertex   1.562933e+02 1.495086e+02 3.099437e+01
      vertex   1.562889e+02 1.415711e+02 2.991222e+01
      vertex   1.562891e+02 1.414466e+02 3.004070e+01
    endloop
  endfacet
  facet normal -9.999983e-01 3.147077e-04 1.791370e-03
    outer loop
      vertex   1.562891e+02 1.414466e+02 3.004070e+01
      vertex   1.562893e+02 1.413114e+02 3.015796e+01
      vertex   1.562933e+02 1.495086e+02 3.099437e+01
    endloop
  endfacet
  facet normal -9.999983e-01 3.147077e-04 1.791370e-03
    outer loop
      vertex   1.562933e+02 1.495086e+02 3.099437e+01
      vertex   1.562893e+02 1.413114e+02 3.015796e+01
      vertex   1.562894e+02 1.411666e+02 3.026314e+01
    endloop
  endfacet
  facet normal -9.999983e-01 3.147077e-04 1.791370e-03
    outer loop
      vertex   1.562933e+02 1.495086e+02 3.099437e+01
      vertex   1.562894e+02 1.411666e+02 3.026314e+01
      vertex   1.562895e+02 1.410133e+02 3.035546e+01
    endloop
  endfacet
  facet normal -9.999983e-01 3.147077e-04 1.791370e-03
    outer loop
      vertex   1.562895e+02 1.410133e+02 3.035546e+01
      vertex   1.562896e+02 1.408526e+02 3.043422e+01
      vertex   1.562933e+02 1.495086e+02 3.099437e+01
    endloop
  endfacet
  facet normal -9.999983e-01 3.147077e-04 1.791370e-03
    outer loop
      vertex   1.562933e+02 1.495086e+02 3.099437e+01
      vertex   1.562896e+02 1.408526e+02 3.043422e+01
      vertex   1.563003e+02 1.346770e+02 3.747059e+01
    endloop
  endfacet
  facet normal -9.999983e-01 3.147077e-04 1.791370e-03
    outer loop
      vertex   1.563003e+02 1.346770e+02 3.747059e+01
      vertex   1.562896e+02 1.408526e+02 3.043422e+01
      vertex   1.562939e+02 1.317402e+02 3.442269e+01
    endloop
  endfacet
  facet normal -9.999983e-01 3.147077e-04 1.791370e-03
    outer loop
      vertex   1.563003e+02 1.346770e+02 3.747059e+01
      vertex   1.562939e+02 1.317402e+02 3.442269e+01
      vertex   1.562940e+02 1.315664e+02 3.448962e+01
    endloop
  endfacet
  facet normal -9.999983e-01 3.147077e-04 1.791370e-03
    outer loop
      vertex   1.562940e+02 1.315664e+02 3.448962e+01
      vertex   1.562940e+02 1.313874e+02 3.454070e+01
      vertex   1.563003e+02 1.346770e+02 3.747059e+01
    endloop
  endfacet
  facet normal -9.999983e-01 3.147077e-04 1.791370e-03
    outer loop
      vertex   1.563003e+02 1.346770e+02 3.747059e+01
      vertex   1.562940e+02 1.313874e+02 3.454070e+01
      vertex   1.562940e+02 1.312045e+02 3.457553e+01
    endloop
  endfacet
  facet normal -9.999983e-01 3.147077e-04 1.791370e-03
    outer loop
      vertex   1.563003e+02 1.346770e+02 3.747059e+01
      vertex   1.562940e+02 1.312045e+02 3.457553e+01
      vertex   1.563004e+02 1.343858e+02 3.758878e+01
    endloop
  endfacet
  facet normal -9.999983e-01 3.147077e-04 1.791370e-03
    outer loop
      vertex   1.563004e+02 1.343858e+02 3.758878e+01
      vertex   1.562940e+02 1.312045e+02 3.457553e+01
      vertex   1.563005e+02 1.340888e+02 3.769154e+01
    endloop
  endfacet
  facet normal -9.999983e-01 3.147077e-04 1.791370e-03
    outer loop
      vertex   1.563005e+02 1.340888e+02 3.769154e+01
      vertex   1.562940e+02 1.312045e+02 3.457553e+01
      vertex   1.563006e+02 1.337868e+02 3.777862e+01
    endloop
  endfacet
  facet normal -9.999983e-01 3.147077e-04 1.791370e-03
    outer loop
      vertex   1.563006e+02 1.337868e+02 3.777862e+01
      vertex   1.562940e+02 1.312045e+02 3.457553e+01
      vertex   1.563006e+02 1.334807e+02 3.784976e+01
    endloop
  endfacet
  facet normal -9.999983e-01 3.147077e-04 1.791370e-03
    outer loop
      vertex   1.563006e+02 1.334807e+02 3.784976e+01
      vertex   1.562940e+02 1.312045e+02 3.457553e+01
      vertex   1.563006e+02 1.331713e+02 3.790477e+01
    endloop
  endfacet
  facet normal -9.999983e-01 3.147077e-04 1.791370e-03
    outer loop
      vertex   1.563006e+02 1.331713e+02 3.790477e+01
      vertex   1.562940e+02 1.312045e+02 3.457553e+01
      vertex   1.563006e+02 1.328594e+02 3.794351e+01
    endloop
  endfacet
  facet normal -9.999983e-01 3.147077e-04 1.791370e-03
    outer loop
      vertex   1.563006e+02 1.328594e+02 3.794351e+01
      vertex   1.562940e+02 1.312045e+02 3.457553e+01
      vertex   1.563005e+02 1.325459e+02 3.796587e+01
    endloop
  endfacet
  facet normal -9.999983e-01 3.147077e-04 1.791370e-03
    outer loop
      vertex   1.563005e+02 1.325459e+02 3.796587e+01
      vertex   1.562940e+02 1.312045e+02 3.457553e+01
      vertex   1.563004e+02 1.322317e+02 3.797178e+01
    endloop
  endfacet
  facet normal -9.999983e-01 3.147077e-04 1.791370e-03
    outer loop
      vertex   1.563004e+02 1.322317e+02 3.797178e+01
      vertex   1.562940e+02 1.312045e+02 3.457553e+01
      vertex   1.563003e+02 1.319176e+02 3.796122e+01
    endloop
  endfacet
  facet normal -9.999983e-01 3.147077e-04 1.791370e-03
    outer loop
      vertex   1.563003e+02 1.319176e+02 3.796122e+01
      vertex   1.562940e+02 1.312045e+02 3.457553e+01
      vertex   1.563001e+02 1.316044e+02 3.793423e+01
    endloop
  endfacet
  facet normal -9.999983e-01 3.147077e-04 1.791370e-03
    outer loop
      vertex   1.563001e+02 1.316044e+02 3.793423e+01
      vertex   1.562940e+02 1.312045e+02 3.457553e+01
      vertex   1.563000e+02 1.312931e+02 3.789088e+01
    endloop
  endfacet
  facet normal -9.999983e-01 3.147077e-04 1.791370e-03
    outer loop
      vertex   1.563000e+02 1.312931e+02 3.789088e+01
      vertex   1.562940e+02 1.312045e+02 3.457553e+01
      vertex   1.562998e+02 1.309846e+02 3.783129e+01
    endloop
  endfacet
  facet normal -9.999983e-01 3.147077e-04 1.791370e-03
    outer loop
      vertex   1.562998e+02 1.309846e+02 3.783129e+01
      vertex   1.562940e+02 1.312045e+02 3.457553e+01
      vertex   1.562995e+02 1.306795e+02 3.775563e+01
    endloop
  endfacet
  facet normal -9.999983e-01 3.147077e-04 1.791370e-03
    outer loop
      vertex   1.562995e+02 1.306795e+02 3.775563e+01
      vertex   1.562940e+02 1.312045e+02 3.457553e+01
      vertex   1.562993e+02 1.303789e+02 3.766410e+01
    endloop
  endfacet
  facet normal -9.999983e-01 3.147077e-04 1.791370e-03
    outer loop
      vertex   1.562993e+02 1.303789e+02 3.766410e+01
      vertex   1.562940e+02 1.312045e+02 3.457553e+01
      vertex   1.562990e+02 1.300834e+02 3.755695e+01
    endloop
  endfacet
  facet normal -9.999983e-01 3.147077e-04 1.791370e-03
    outer loop
      vertex   1.562990e+02 1.300834e+02 3.755695e+01
      vertex   1.562940e+02 1.312045e+02 3.457553e+01
      vertex   1.562987e+02 1.297940e+02 3.743447e+01
    endloop
  endfacet
  facet normal -9.999983e-01 3.147077e-04 1.791370e-03
    outer loop
      vertex   1.562987e+02 1.297940e+02 3.743447e+01
      vertex   1.562940e+02 1.312045e+02 3.457553e+01
      vertex   1.562940e+02 1.310192e+02 3.459383e+01
    endloop
  endfacet
  facet normal -9.999983e-01 3.147077e-04 1.791370e-03
    outer loop
      vertex   1.562987e+02 1.297940e+02 3.743447e+01
      vertex   1.562940e+02 1.310192e+02 3.459383e+01
      vertex   1.562939e+02 1.308330e+02 3.459544e+01
    endloop
  endfacet
  facet normal -9.999983e-01 3.147077e-04 1.791370e-03
    outer loop
      vertex   1.562939e+02 1.308330e+02 3.459544e+01
      vertex   1.562938e+02 1.306475e+02 3.458035e+01
      vertex   1.562987e+02 1.297940e+02 3.743447e+01
    endloop
  endfacet
  facet normal -9.999983e-01 3.147077e-04 1.791370e-03
    outer loop
      vertex   1.562987e+02 1.297940e+02 3.743447e+01
      vertex   1.562938e+02 1.306475e+02 3.458035e+01
      vertex   1.562937e+02 1.304640e+02 3.454870e+01
    endloop
  endfacet
  facet normal -9.999983e-01 3.147077e-04 1.791370e-03
    outer loop
      vertex   1.562987e+02 1.297940e+02 3.743447e+01
      vertex   1.562937e+02 1.304640e+02 3.454870e+01
      vertex   1.562936e+02 1.302841e+02 3.450072e+01
    endloop
  endfacet
  facet normal -9.999983e-01 3.147077e-04 1.791370e-03
    outer loop
      vertex   1.562936e+02 1.302841e+02 3.450072e+01
      vertex   1.562934e+02 1.301092e+02 3.443681e+01
      vertex   1.562987e+02 1.297940e+02 3.743447e+01
    endloop
  endfacet
  facet normal -9.999983e-01 3.147077e-04 1.791370e-03
    outer loop
      vertex   1.562987e+02 1.297940e+02 3.743447e+01
      vertex   1.562934e+02 1.301092e+02 3.443681e+01
      vertex   1.562932e+02 1.299408e+02 3.435748e+01
    endloop
  endfacet
  facet normal -9.999983e-01 3.147077e-04 1.791370e-03
    outer loop
      vertex   1.562987e+02 1.297940e+02 3.743447e+01
      vertex   1.562932e+02 1.299408e+02 3.435748e+01
      vertex   1.562930e+02 1.297801e+02 3.426337e+01
    endloop
  endfacet
  facet normal -9.999983e-01 3.147077e-04 1.791370e-03
    outer loop
      vertex   1.562987e+02 1.297940e+02 3.743447e+01
      vertex   1.562930e+02 1.297801e+02 3.426337e+01
      vertex   1.562895e+02 1.216489e+02 3.373351e+01
    endloop
  endfacet
  facet normal -9.999983e-01 3.147077e-04 1.791370e-03
    outer loop
      vertex   1.562895e+02 1.216489e+02 3.373351e+01
      vertex   1.562930e+02 1.297801e+02 3.426337e+01
      vertex   1.562928e+02 1.296285e+02 3.415524e+01
    endloop
  endfacet
  facet normal -9.999983e-01 3.147077e-04 1.791370e-03
    outer loop
      vertex   1.562895e+02 1.216489e+02 3.373351e+01
      vertex   1.562928e+02 1.296285e+02 3.415524e+01
      vertex   1.562925e+02 1.294873e+02 3.403396e+01
    endloop
  endfacet
  facet normal -9.999983e-01 3.147077e-04 1.791370e-03
    outer loop
      vertex   1.562925e+02 1.294873e+02 3.403396e+01
      vertex   1.562922e+02 1.293574e+02 3.390050e+01
      vertex   1.562895e+02 1.216489e+02 3.373351e+01
    endloop
  endfacet
  facet normal -9.999983e-01 3.147077e-04 1.791370e-03
    outer loop
      vertex   1.562895e+02 1.216489e+02 3.373351e+01
      vertex   1.562922e+02 1.293574e+02 3.390050e+01
      vertex   1.562919e+02 1.292401e+02 3.375594e+01
    endloop
  endfacet
  facet normal -9.999983e-01 3.147077e-04 1.791370e-03
    outer loop
      vertex   1.562895e+02 1.216489e+02 3.373351e+01
      vertex   1.562919e+02 1.292401e+02 3.375594e+01
      vertex   1.562916e+02 1.291362e+02 3.360145e+01
    endloop
  endfacet
  facet normal -9.999983e-01 3.147077e-04 1.791370e-03
    outer loop
      vertex   1.562916e+02 1.291362e+02 3.360145e+01
      vertex   1.562913e+02 1.290465e+02 3.343826e+01
      vertex   1.562895e+02 1.216489e+02 3.373351e+01
    endloop
  endfacet
  facet normal -9.999983e-01 3.147077e-04 1.791370e-03
    outer loop
      vertex   1.562895e+02 1.216489e+02 3.373351e+01
      vertex   1.562913e+02 1.290465e+02 3.343826e+01
      vertex   1.562910e+02 1.289719e+02 3.326769e+01
    endloop
  endfacet
  facet normal -9.999983e-01 3.147077e-04 1.791370e-03
    outer loop
      vertex   1.562895e+02 1.216489e+02 3.373351e+01
      vertex   1.562910e+02 1.289719e+02 3.326769e+01
      vertex   1.562906e+02 1.289128e+02 3.309112e+01
    endloop
  endfacet
  facet normal -9.999983e-01 3.147077e-04 1.791370e-03
    outer loop
      vertex   1.562906e+02 1.289128e+02 3.309112e+01
      vertex   1.562903e+02 1.288698e+02 3.290997e+01
      vertex   1.562895e+02 1.216489e+02 3.373351e+01
    endloop
  endfacet
  facet normal -9.999983e-01 3.147077e-04 1.791370e-03
    outer loop
      vertex   1.562895e+02 1.216489e+02 3.373351e+01
      vertex   1.562903e+02 1.288698e+02 3.290997e+01
      vertex   1.562899e+02 1.288432e+02 3.272569e+01
    endloop
  endfacet
  facet normal -9.999983e-01 3.147077e-04 1.791370e-03
    outer loop
      vertex   1.562895e+02 1.216489e+02 3.373351e+01
      vertex   1.562899e+02 1.288432e+02 3.272569e+01
      vertex   1.562896e+02 1.288333e+02 3.253977e+01
    endloop
  endfacet
  facet normal -9.999983e-01 3.147077e-04 1.791370e-03
    outer loop
      vertex   1.562893e+02 1.288400e+02 3.235370e+01
      vertex   1.562890e+02 1.288634e+02 3.216899e+01
      vertex   1.562727e+02 1.286667e+02 2.312869e+01
    endloop
  endfacet
  facet normal -9.999983e-01 3.147077e-04 1.791370e-03
    outer loop
      vertex   1.562727e+02 1.286667e+02 2.312869e+01
      vertex   1.562890e+02 1.288634e+02 3.216899e+01
      vertex   1.562886e+02 1.289033e+02 3.198711e+01
    endloop
  endfacet
  facet normal -9.999983e-01 3.147077e-04 1.791370e-03
    outer loop
      vertex   1.562727e+02 1.286667e+02 2.312869e+01
      vertex   1.562886e+02 1.289033e+02 3.198711e+01
      vertex   1.562883e+02 1.289593e+02 3.180955e+01
    endloop
  endfacet
  facet normal -9.999983e-01 3.147077e-04 1.791370e-03
    outer loop
      vertex   1.562883e+02 1.289593e+02 3.180955e+01
      vertex   1.562881e+02 1.290309e+02 3.163771e+01
      vertex   1.562727e+02 1.286667e+02 2.312869e+01
    endloop
  endfacet
  facet normal -9.999983e-01 3.147077e-04 1.791370e-03
    outer loop
      vertex   1.562727e+02 1.286667e+02 2.312869e+01
      vertex   1.562881e+02 1.290309e+02 3.163771e+01
      vertex   1.562878e+02 1.291178e+02 3.147300e+01
    endloop
  endfacet
  facet normal -9.999983e-01 3.147077e-04 1.791370e-03
    outer loop
      vertex   1.562727e+02 1.286667e+02 2.312869e+01
      vertex   1.562878e+02 1.291178e+02 3.147300e+01
      vertex   1.562875e+02 1.292190e+02 3.131673e+01
    endloop
  endfacet
  facet normal -9.999983e-01 3.147077e-04 1.791370e-03
    outer loop
      vertex   1.562875e+02 1.292190e+02 3.131673e+01
      vertex   1.562873e+02 1.293338e+02 3.117016e+01
      vertex   1.562727e+02 1.286667e+02 2.312869e+01
    endloop
  endfacet
  facet normal -9.999983e-01 3.147077e-04 1.791370e-03
    outer loop
      vertex   1.562727e+02 1.286667e+02 2.312869e+01
      vertex   1.562873e+02 1.293338e+02 3.117016e+01
      vertex   1.562871e+02 1.294613e+02 3.103448e+01
    endloop
  endfacet
  facet normal -9.999983e-01 3.147077e-04 1.791370e-03
    outer loop
      vertex   1.562727e+02 1.286667e+02 2.312869e+01
      vertex   1.562871e+02 1.294613e+02 3.103448e+01
      vertex   1.562869e+02 1.296004e+02 3.091077e+01
    endloop
  endfacet
  facet normal -9.999983e-01 3.147077e-04 1.791370e-03
    outer loop
      vertex   1.562869e+02 1.296004e+02 3.091077e+01
      vertex   1.562868e+02 1.297501e+02 3.080003e+01
      vertex   1.562727e+02 1.286667e+02 2.312869e+01
    endloop
  endfacet
  facet normal -9.999983e-01 3.147077e-04 1.791370e-03
    outer loop
      vertex   1.562727e+02 1.286667e+02 2.312869e+01
      vertex   1.562868e+02 1.297501e+02 3.080003e+01
      vertex   1.562867e+02 1.299091e+02 3.070315e+01
    endloop
  endfacet
  facet normal -9.999983e-01 3.147077e-04 1.791370e-03
    outer loop
      vertex   1.562727e+02 1.286667e+02 2.312869e+01
      vertex   1.562867e+02 1.299091e+02 3.070315e+01
      vertex   1.562866e+02 1.300762e+02 3.062092e+01
    endloop
  endfacet
  facet normal -9.999983e-01 3.147077e-04 1.791370e-03
    outer loop
      vertex   1.562866e+02 1.300762e+02 3.062092e+01
      vertex   1.562823e+02 1.391885e+02 2.663245e+01
      vertex   1.562727e+02 1.286667e+02 2.312869e+01
    endloop
  endfacet
  facet normal -9.999983e-01 3.147077e-04 1.791370e-03
    outer loop
      vertex   1.562727e+02 1.286667e+02 2.312869e+01
      vertex   1.562823e+02 1.391885e+02 2.663245e+01
      vertex   1.562822e+02 1.393554e+02 2.656783e+01
    endloop
  endfacet
  facet normal -9.999983e-01 3.147077e-04 1.791370e-03
    outer loop
      vertex   1.562727e+02 1.286667e+02 2.312869e+01
      vertex   1.562822e+02 1.393554e+02 2.656783e+01
      vertex   1.562822e+02 1.395273e+02 2.651782e+01
    endloop
  endfacet
  facet normal -9.999983e-01 3.147077e-04 1.791370e-03
    outer loop
      vertex   1.562822e+02 1.395273e+02 2.651782e+01
      vertex   1.562822e+02 1.397028e+02 2.648281e+01
      vertex   1.562727e+02 1.286667e+02 2.312869e+01
    endloop
  endfacet
  facet normal -9.999983e-01 3.147077e-04 1.791370e-03
    outer loop
      vertex   1.562735e+02 1.150304e+02 2.597139e+01
      vertex   1.562780e+02 1.149974e+02 2.851316e+01
      vertex   1.562730e+02 1.151106e+02 2.566144e+01
    endloop
  endfacet
  facet normal -9.999983e-01 3.147077e-04 1.791370e-03
    outer loop
      vertex   1.562730e+02 1.151106e+02 2.566144e+01
      vertex   1.562780e+02 1.149974e+02 2.851316e+01
      vertex   1.562786e+02 1.150695e+02 2.882508e+01
    endloop
  endfacet
  facet normal -9.999983e-01 3.147077e-04 1.791370e-03
    outer loop
      vertex   1.562730e+02 1.151106e+02 2.566144e+01
      vertex   1.562786e+02 1.150695e+02 2.882508e+01
      vertex   1.562725e+02 1.152072e+02 2.535623e+01
    endloop
  endfacet
  facet normal -9.999983e-01 3.147077e-04 1.791370e-03
    outer loop
      vertex   1.562725e+02 1.152072e+02 2.535623e+01
      vertex   1.562786e+02 1.150695e+02 2.882508e+01
      vertex   1.562792e+02 1.151581e+02 2.913271e+01
    endloop
  endfacet
  facet normal -9.999983e-01 3.147077e-04 1.791370e-03
    outer loop
      vertex   1.562725e+02 1.152072e+02 2.535623e+01
      vertex   1.562792e+02 1.151581e+02 2.913271e+01
      vertex   1.562719e+02 1.153200e+02 2.505660e+01
    endloop
  endfacet
  facet normal -9.999983e-01 3.147077e-04 1.791370e-03
    outer loop
      vertex   1.562719e+02 1.153200e+02 2.505660e+01
      vertex   1.562792e+02 1.151581e+02 2.913271e+01
      vertex   1.562798e+02 1.152630e+02 2.943516e+01
    endloop
  endfacet
  facet normal -9.999983e-01 3.147077e-04 1.791370e-03
    outer loop
      vertex   1.562719e+02 1.153200e+02 2.505660e+01
      vertex   1.562798e+02 1.152630e+02 2.943516e+01
      vertex   1.562715e+02 1.154485e+02 2.476342e+01
    endloop
  endfacet
  facet normal -9.999983e-01 3.147077e-04 1.791370e-03
    outer loop
      vertex   1.562715e+02 1.154485e+02 2.476342e+01
      vertex   1.562798e+02 1.152630e+02 2.943516e+01
      vertex   1.562803e+02 1.153839e+02 2.973160e+01
    endloop
  endfacet
  facet normal -9.999983e-01 3.147077e-04 1.791370e-03
    outer loop
      vertex   1.562715e+02 1.154485e+02 2.476342e+01
      vertex   1.562803e+02 1.153839e+02 2.973160e+01
      vertex   1.562710e+02 1.155925e+02 2.447750e+01
    endloop
  endfacet
  facet normal -9.999983e-01 3.147077e-04 1.791370e-03
    outer loop
      vertex   1.562710e+02 1.155925e+02 2.447750e+01
      vertex   1.562803e+02 1.153839e+02 2.973160e+01
      vertex   1.562809e+02 1.155204e+02 3.002117e+01
    endloop
  endfacet
  facet normal -9.999983e-01 3.147077e-04 1.791370e-03
    outer loop
      vertex   1.562710e+02 1.155925e+02 2.447750e+01
      vertex   1.562809e+02 1.155204e+02 3.002117e+01
      vertex   1.562706e+02 1.157516e+02 2.419967e+01
    endloop
  endfacet
  facet normal -9.999983e-01 3.147077e-04 1.791370e-03
    outer loop
      vertex   1.562706e+02 1.157516e+02 2.419967e+01
      vertex   1.562809e+02 1.155204e+02 3.002117e+01
      vertex   1.562815e+02 1.156722e+02 3.030304e+01
    endloop
  endfacet
  facet normal -9.999983e-01 3.147077e-04 1.791370e-03
    outer loop
      vertex   1.562706e+02 1.157516e+02 2.419967e+01
      vertex   1.562815e+02 1.156722e+02 3.030304e+01
      vertex   1.562701e+02 1.159252e+02 2.393072e+01
    endloop
  endfacet
  facet normal -9.999983e-01 3.147077e-04 1.791370e-03
    outer loop
      vertex   1.562701e+02 1.159252e+02 2.393072e+01
      vertex   1.562815e+02 1.156722e+02 3.030304e+01
      vertex   1.562820e+02 1.158388e+02 3.057642e+01
    endloop
  endfacet
  facet normal -9.999983e-01 3.147077e-04 1.791370e-03
    outer loop
      vertex   1.562701e+02 1.159252e+02 2.393072e+01
      vertex   1.562820e+02 1.158388e+02 3.057642e+01
      vertex   1.562697e+02 1.161130e+02 2.367141e+01
    endloop
  endfacet
  facet normal -9.999983e-01 3.147077e-04 1.791370e-03
    outer loop
      vertex   1.562697e+02 1.161130e+02 2.367141e+01
      vertex   1.562820e+02 1.158388e+02 3.057642e+01
      vertex   1.562825e+02 1.160197e+02 3.084053e+01
    endloop
  endfacet
  facet normal -9.999983e-01 3.147077e-04 1.791370e-03
    outer loop
      vertex   1.562697e+02 1.161130e+02 2.367141e+01
      vertex   1.562825e+02 1.160197e+02 3.084053e+01
      vertex   1.562693e+02 1.163143e+02 2.342250e+01
    endloop
  endfacet
  facet normal -9.999983e-01 3.147077e-04 1.791370e-03
    outer loop
      vertex   1.562693e+02 1.163143e+02 2.342250e+01
      vertex   1.562825e+02 1.160197e+02 3.084053e+01
      vertex   1.562830e+02 1.162145e+02 3.109459e+01
    endloop
  endfacet
  facet normal -9.999983e-01 3.147077e-04 1.791370e-03
    outer loop
      vertex   1.562693e+02 1.163143e+02 2.342250e+01
      vertex   1.562830e+02 1.162145e+02 3.109459e+01
      vertex   1.562690e+02 1.165286e+02 2.318467e+01
    endloop
  endfacet
  facet normal -9.999983e-01 3.147077e-04 1.791370e-03
    outer loop
      vertex   1.562780e+02 1.149974e+02 2.851316e+01
      vertex   1.562735e+02 1.150304e+02 2.597139e+01
      vertex   1.562775e+02 1.149420e+02 2.819784e+01
    endloop
  endfacet
  facet normal -9.999983e-01 3.147077e-04 1.791370e-03
    outer loop
      vertex   1.562775e+02 1.149420e+02 2.819784e+01
      vertex   1.562735e+02 1.150304e+02 2.597139e+01
      vertex   1.562740e+02 1.149669e+02 2.628516e+01
    endloop
  endfacet
  facet normal -9.999983e-01 3.147077e-04 1.791370e-03
    outer loop
      vertex   1.562775e+02 1.149420e+02 2.819784e+01
      vertex   1.562740e+02 1.149669e+02 2.628516e+01
      vertex   1.562769e+02 1.149036e+02 2.788003e+01
    endloop
  endfacet
  facet normal -9.999983e-01 3.147077e-04 1.791370e-03
    outer loop
      vertex   1.562769e+02 1.149036e+02 2.788003e+01
      vertex   1.562740e+02 1.149669e+02 2.628516e+01
      vertex   1.562746e+02 1.149202e+02 2.660186e+01
    endloop
  endfacet
  facet normal -9.999983e-01 3.147077e-04 1.791370e-03
    outer loop
      vertex   1.562769e+02 1.149036e+02 2.788003e+01
      vertex   1.562746e+02 1.149202e+02 2.660186e+01
      vertex   1.562763e+02 1.148821e+02 2.756061e+01
    endloop
  endfacet
  facet normal -9.999983e-01 3.147077e-04 1.791370e-03
    outer loop
      vertex   1.562763e+02 1.148821e+02 2.756061e+01
      vertex   1.562746e+02 1.149202e+02 2.660186e+01
      vertex   1.562752e+02 1.148905e+02 2.692062e+01
    endloop
  endfacet
  facet normal -9.999983e-01 3.147077e-04 1.791370e-03
    outer loop
      vertex   1.562763e+02 1.148821e+02 2.756061e+01
      vertex   1.562752e+02 1.148905e+02 2.692062e+01
      vertex   1.562757e+02 1.148778e+02 2.724051e+01
    endloop
  endfacet
  facet normal -9.999983e-01 3.147077e-04 1.791370e-03
    outer loop
      vertex   1.562889e+02 1.211225e+02 3.352369e+01
      vertex   1.562892e+02 1.213882e+02 3.362239e+01
      vertex   1.562896e+02 1.288333e+02 3.253977e+01
    endloop
  endfacet
  facet normal -9.999983e-01 3.147077e-04 1.791370e-03
    outer loop
      vertex   1.562896e+02 1.288333e+02 3.253977e+01
      vertex   1.562892e+02 1.213882e+02 3.362239e+01
      vertex   1.562895e+02 1.216489e+02 3.373351e+01
    endloop
  endfacet
  facet normal -9.999983e-01 3.147077e-04 1.791370e-03
    outer loop
      vertex   1.562729e+02 1.489636e+02 1.965513e+01
      vertex   1.562726e+02 1.486581e+02 1.956418e+01
      vertex   1.562789e+02 1.471307e+02 2.335380e+01
    endloop
  endfacet
  facet normal -9.999983e-01 3.147077e-04 1.791370e-03
    outer loop
      vertex   1.562789e+02 1.471307e+02 2.335380e+01
      vertex   1.562726e+02 1.486581e+02 1.956418e+01
      vertex   1.562724e+02 1.483483e+02 1.948938e+01
    endloop
  endfacet
  facet normal -9.999983e-01 3.147077e-04 1.791370e-03
    outer loop
      vertex   1.562789e+02 1.471307e+02 2.335380e+01
      vertex   1.562724e+02 1.483483e+02 1.948938e+01
      vertex   1.562722e+02 1.480350e+02 1.943093e+01
    endloop
  endfacet
  facet normal -9.999983e-01 3.147077e-04 1.791370e-03
    outer loop
      vertex   1.562722e+02 1.480350e+02 1.943093e+01
      vertex   1.562720e+02 1.477191e+02 1.938900e+01
      vertex   1.562789e+02 1.471307e+02 2.335380e+01
    endloop
  endfacet
  facet normal -9.999983e-01 3.147077e-04 1.791370e-03
    outer loop
      vertex   1.562789e+02 1.471307e+02 2.335380e+01
      vertex   1.562720e+02 1.477191e+02 1.938900e+01
      vertex   1.562718e+02 1.474013e+02 1.936370e+01
    endloop
  endfacet
  facet normal -9.999983e-01 3.147077e-04 1.791370e-03
    outer loop
      vertex   1.562789e+02 1.471307e+02 2.335380e+01
      vertex   1.562718e+02 1.474013e+02 1.936370e+01
      vertex   1.562717e+02 1.470827e+02 1.935510e+01
    endloop
  endfacet
  facet normal -9.999983e-01 3.147077e-04 1.791370e-03
    outer loop
      vertex   1.562717e+02 1.470827e+02 1.935510e+01
      vertex   1.562716e+02 1.467641e+02 1.936323e+01
      vertex   1.562789e+02 1.471307e+02 2.335380e+01
    endloop
  endfacet
  facet normal -9.999983e-01 3.147077e-04 1.791370e-03
    outer loop
      vertex   1.562789e+02 1.471307e+02 2.335380e+01
      vertex   1.562716e+02 1.467641e+02 1.936323e+01
      vertex   1.562716e+02 1.464464e+02 1.938807e+01
    endloop
  endfacet
  facet normal -9.999983e-01 3.147077e-04 1.791370e-03
    outer loop
      vertex   1.562789e+02 1.471307e+02 2.335380e+01
      vertex   1.562716e+02 1.464464e+02 1.938807e+01
      vertex   1.562716e+02 1.461304e+02 1.942953e+01
    endloop
  endfacet
  facet normal -9.999983e-01 3.147077e-04 1.791370e-03
    outer loop
      vertex   1.562716e+02 1.461304e+02 1.942953e+01
      vertex   1.562716e+02 1.458170e+02 1.948752e+01
      vertex   1.562789e+02 1.471307e+02 2.335380e+01
    endloop
  endfacet
  facet normal -1.818728e-03 -1.819931e-01 -9.832981e-01
    outer loop
      vertex   1.592727e+02 1.286657e+02 2.312331e+01
      vertex   1.562727e+02 1.283576e+02 2.318589e+01
      vertex   1.562727e+02 1.286667e+02 2.312869e+01
    endloop
  endfacet
  facet normal -1.818728e-03 -1.819931e-01 -9.832981e-01
    outer loop
      vertex   1.592727e+02 1.283566e+02 2.318052e+01
      vertex   1.562727e+02 1.283576e+02 2.318589e+01
      vertex   1.592727e+02 1.286657e+02 2.312331e+01
    endloop
  endfacet
  facet normal -1.817098e-03 -1.302219e-01 -9.914832e-01
    outer loop
      vertex   1.592727e+02 1.283566e+02 2.318052e+01
      vertex   1.562727e+02 1.280459e+02 2.322682e+01
      vertex   1.562727e+02 1.283576e+02 2.318589e+01
    endloop
  endfacet
  facet normal -1.817098e-03 -1.302219e-01 -9.914832e-01
    outer loop
      vertex   1.592727e+02 1.280450e+02 2.322145e+01
      vertex   1.562727e+02 1.280459e+02 2.322682e+01
      vertex   1.592727e+02 1.283566e+02 2.318052e+01
    endloop
  endfacet
  facet normal -1.810484e-03 -7.813908e-02 -9.969408e-01
    outer loop
      vertex   1.592727e+02 1.280450e+02 2.322145e+01
      vertex   1.562726e+02 1.277325e+02 2.325139e+01
      vertex   1.562727e+02 1.280459e+02 2.322682e+01
    endloop
  endfacet
  facet normal -1.810484e-03 -7.813908e-02 -9.969408e-01
    outer loop
      vertex   1.592726e+02 1.277316e+02 2.324601e+01
      vertex   1.562726e+02 1.277325e+02 2.325139e+01
      vertex   1.592727e+02 1.280450e+02 2.322145e+01
    endloop
  endfacet
  facet normal -1.798896e-03 -2.581163e-02 -9.996652e-01
    outer loop
      vertex   1.592726e+02 1.277316e+02 2.324601e+01
      vertex   1.562725e+02 1.274183e+02 2.325950e+01
      vertex   1.562726e+02 1.277325e+02 2.325139e+01
    endloop
  endfacet
  facet normal -1.798896e-03 -2.581163e-02 -9.996652e-01
    outer loop
      vertex   1.592725e+02 1.274174e+02 2.325413e+01
      vertex   1.562725e+02 1.274183e+02 2.325950e+01
      vertex   1.592726e+02 1.277316e+02 2.324601e+01
    endloop
  endfacet
  facet normal -1.782376e-03 2.656935e-02 -9.996454e-01
    outer loop
      vertex   1.592725e+02 1.274174e+02 2.325413e+01
      vertex   1.562724e+02 1.271041e+02 2.325115e+01
      vertex   1.562725e+02 1.274183e+02 2.325950e+01
    endloop
  endfacet
  facet normal -1.782376e-03 2.656935e-02 -9.996454e-01
    outer loop
      vertex   1.592724e+02 1.271031e+02 2.324577e+01
      vertex   1.562724e+02 1.271041e+02 2.325115e+01
      vertex   1.592725e+02 1.274174e+02 2.325413e+01
    endloop
  endfacet
  facet normal -1.760963e-03 7.888368e-02 -9.968823e-01
    outer loop
      vertex   1.592724e+02 1.271031e+02 2.324577e+01
      vertex   1.562723e+02 1.267907e+02 2.322635e+01
      vertex   1.562724e+02 1.271041e+02 2.325115e+01
    endloop
  endfacet
  facet normal -1.760963e-03 7.888368e-02 -9.968823e-01
    outer loop
      vertex   1.592723e+02 1.267898e+02 2.322098e+01
      vertex   1.562723e+02 1.267907e+02 2.322635e+01
      vertex   1.592724e+02 1.271031e+02 2.324577e+01
    endloop
  endfacet
  facet normal -1.734716e-03 1.309813e-01 -9.913833e-01
    outer loop
      vertex   1.592723e+02 1.267898e+02 2.322098e+01
      vertex   1.562721e+02 1.264791e+02 2.318518e+01
      vertex   1.562723e+02 1.267907e+02 2.322635e+01
    endloop
  endfacet
  facet normal -1.734716e-03 1.309813e-01 -9.913833e-01
    outer loop
      vertex   1.592721e+02 1.264782e+02 2.317981e+01
      vertex   1.562721e+02 1.264791e+02 2.318518e+01
      vertex   1.592723e+02 1.267898e+02 2.322098e+01
    endloop
  endfacet
  facet normal -1.703696e-03 1.827409e-01 -9.831596e-01
    outer loop
      vertex   1.592721e+02 1.264782e+02 2.317981e+01
      vertex   1.562719e+02 1.261701e+02 2.312774e+01
      vertex   1.562721e+02 1.264791e+02 2.318518e+01
    endloop
  endfacet
  facet normal -1.703696e-03 1.827409e-01 -9.831596e-01
    outer loop
      vertex   1.592719e+02 1.261691e+02 2.312237e+01
      vertex   1.562719e+02 1.261701e+02 2.312774e+01
      vertex   1.592721e+02 1.264782e+02 2.317981e+01
    endloop
  endfacet
  facet normal -1.668040e-03 2.339382e-01 -9.722500e-01
    outer loop
      vertex   1.592719e+02 1.261691e+02 2.312237e+01
      vertex   1.562717e+02 1.258645e+02 2.305421e+01
      vertex   1.562719e+02 1.261701e+02 2.312774e+01
    endloop
  endfacet
  facet normal -1.668040e-03 2.339382e-01 -9.722500e-01
    outer loop
      vertex   1.592717e+02 1.258635e+02 2.304883e+01
      vertex   1.562717e+02 1.258645e+02 2.305421e+01
      vertex   1.592719e+02 1.261691e+02 2.312237e+01
    endloop
  endfacet
  facet normal -1.627747e-03 2.845738e-01 -9.586528e-01
    outer loop
      vertex   1.592717e+02 1.258635e+02 2.304883e+01
      vertex   1.562714e+02 1.255631e+02 2.296476e+01
      vertex   1.562717e+02 1.258645e+02 2.305421e+01
    endloop
  endfacet
  facet normal -1.627747e-03 2.845738e-01 -9.586528e-01
    outer loop
      vertex   1.592714e+02 1.255622e+02 2.295938e+01
      vertex   1.562714e+02 1.255631e+02 2.296476e+01
      vertex   1.592717e+02 1.258635e+02 2.304883e+01
    endloop
  endfacet
  facet normal -1.583030e-03 3.343734e-01 -9.424394e-01
    outer loop
      vertex   1.592714e+02 1.255622e+02 2.295938e+01
      vertex   1.562711e+02 1.252669e+02 2.285965e+01
      vertex   1.562714e+02 1.255631e+02 2.296476e+01
    endloop
  endfacet
  facet normal -1.583030e-03 3.343734e-01 -9.424394e-01
    outer loop
      vertex   1.592711e+02 1.252659e+02 2.285428e+01
      vertex   1.562711e+02 1.252669e+02 2.285965e+01
      vertex   1.592714e+02 1.255622e+02 2.295938e+01
    endloop
  endfacet
  facet normal -1.533957e-03 3.832695e-01 -9.236353e-01
    outer loop
      vertex   1.592711e+02 1.252659e+02 2.285428e+01
      vertex   1.562708e+02 1.249766e+02 2.273918e+01
      vertex   1.562711e+02 1.252669e+02 2.285965e+01
    endloop
  endfacet
  facet normal -1.533957e-03 3.832695e-01 -9.236353e-01
    outer loop
      vertex   1.592708e+02 1.249756e+02 2.273381e+01
      vertex   1.562708e+02 1.249766e+02 2.273918e+01
      vertex   1.592711e+02 1.252659e+02 2.285428e+01
    endloop
  endfacet
  facet normal -1.480672e-03 4.311158e-01 -9.022954e-01
    outer loop
      vertex   1.592708e+02 1.249756e+02 2.273381e+01
      vertex   1.562705e+02 1.246929e+02 2.260366e+01
      vertex   1.562708e+02 1.249766e+02 2.273918e+01
    endloop
  endfacet
  facet normal -1.480672e-03 4.311158e-01 -9.022954e-01
    outer loop
      vertex   1.592705e+02 1.246920e+02 2.259829e+01
      vertex   1.562705e+02 1.246929e+02 2.260366e+01
      vertex   1.592708e+02 1.249756e+02 2.273381e+01
    endloop
  endfacet
  facet normal -1.423334e-03 4.777701e-01 -8.784837e-01
    outer loop
      vertex   1.592705e+02 1.246920e+02 2.259829e+01
      vertex   1.562701e+02 1.244168e+02 2.245349e+01
      vertex   1.562705e+02 1.246929e+02 2.260366e+01
    endloop
  endfacet
  facet normal -1.423334e-03 4.777701e-01 -8.784837e-01
    outer loop
      vertex   1.592701e+02 1.244159e+02 2.244811e+01
      vertex   1.562701e+02 1.244168e+02 2.245349e+01
      vertex   1.592705e+02 1.246920e+02 2.259829e+01
    endloop
  endfacet
  facet normal -1.362056e-03 5.231379e-01 -8.522470e-01
    outer loop
      vertex   1.592701e+02 1.244159e+02 2.244811e+01
      vertex   1.562698e+02 1.241489e+02 2.228905e+01
      vertex   1.562701e+02 1.244168e+02 2.245349e+01
    endloop
  endfacet
  facet normal -1.362056e-03 5.231379e-01 -8.522470e-01
    outer loop
      vertex   1.592698e+02 1.241480e+02 2.228367e+01
      vertex   1.562698e+02 1.241489e+02 2.228905e+01
      vertex   1.592701e+02 1.244159e+02 2.244811e+01
    endloop
  endfacet
  facet normal 2.863012e-04 -9.454007e-01 3.259101e-01
    outer loop
      vertex   1.562856e+02 1.420230e+02 2.799237e+01
      vertex   1.592852e+02 1.419552e+02 2.779286e+01
      vertex   1.592856e+02 1.420221e+02 2.798700e+01
    endloop
  endfacet
  facet normal 2.863012e-04 -9.454007e-01 3.259101e-01
    outer loop
      vertex   1.562852e+02 1.419561e+02 2.779823e+01
      vertex   1.592852e+02 1.419552e+02 2.779286e+01
      vertex   1.562856e+02 1.420230e+02 2.799237e+01
    endloop
  endfacet
  facet normal 4.300953e-04 -9.160662e-01 4.010269e-01
    outer loop
      vertex   1.562852e+02 1.419561e+02 2.779823e+01
      vertex   1.592849e+02 1.418728e+02 2.760473e+01
      vertex   1.592852e+02 1.419552e+02 2.779286e+01
    endloop
  endfacet
  facet normal 4.300953e-04 -9.160662e-01 4.010269e-01
    outer loop
      vertex   1.562849e+02 1.418738e+02 2.761011e+01
      vertex   1.592849e+02 1.418728e+02 2.760473e+01
      vertex   1.562852e+02 1.419561e+02 2.779823e+01
    endloop
  endfacet
  facet normal 5.707169e-04 -8.808773e-01 4.733443e-01
    outer loop
      vertex   1.562849e+02 1.418738e+02 2.761011e+01
      vertex   1.592845e+02 1.417756e+02 2.742385e+01
      vertex   1.592849e+02 1.418728e+02 2.760473e+01
    endloop
  endfacet
  facet normal 5.707169e-04 -8.808773e-01 4.733443e-01
    outer loop
      vertex   1.562845e+02 1.417766e+02 2.742922e+01
      vertex   1.592845e+02 1.417756e+02 2.742385e+01
      vertex   1.562849e+02 1.418738e+02 2.761011e+01
    endloop
  endfacet
  facet normal 7.079050e-04 -8.399073e-01 5.427294e-01
    outer loop
      vertex   1.592844e+02 1.417287e+02 2.735128e+01
      vertex   1.592845e+02 1.417756e+02 2.742385e+01
      vertex   1.575464e+02 1.417293e+02 2.735440e+01
    endloop
  endfacet
  facet normal 7.079050e-04 -8.399073e-01 5.427294e-01
    outer loop
      vertex   1.575464e+02 1.417293e+02 2.735440e+01
      vertex   1.592845e+02 1.417756e+02 2.742385e+01
      vertex   1.562845e+02 1.417766e+02 2.742922e+01
    endloop
  endfacet
  facet normal 7.079050e-04 -8.399073e-01 5.427294e-01
    outer loop
      vertex   1.562844e+02 1.417297e+02 2.735666e+01
      vertex   1.575464e+02 1.417293e+02 2.735440e+01
      vertex   1.562845e+02 1.417766e+02 2.742922e+01
    endloop
  endfacet
endsolid
