solid ASCII
  facet normal -9.961947e-01 0.000000e+00 -8.715574e-02
    outer loop
      vertex   7.643025e+02 1.151943e+02 2.374341e+02
      vertex   7.643025e+02 1.201943e+02 2.374341e+02
      vertex   7.643405e+02 1.151943e+02 2.370000e+02
    endloop
  endfacet
  facet normal -9.961947e-01 0.000000e+00 -8.715574e-02
    outer loop
      vertex   7.643405e+02 1.151943e+02 2.370000e+02
      vertex   7.643025e+02 1.201943e+02 2.374341e+02
      vertex   7.643405e+02 1.201943e+02 2.370000e+02
    endloop
  endfacet
  facet normal -9.961947e-01 0.000000e+00 8.715574e-02
    outer loop
      vertex   7.643405e+02 1.151943e+02 2.370000e+02
      vertex   7.643405e+02 1.201943e+02 2.370000e+02
      vertex   7.643025e+02 1.151943e+02 2.365659e+02
    endloop
  endfacet
  facet normal -9.961947e-01 0.000000e+00 8.715574e-02
    outer loop
      vertex   7.643025e+02 1.151943e+02 2.365659e+02
      vertex   7.643405e+02 1.201943e+02 2.370000e+02
      vertex   7.643025e+02 1.201943e+02 2.365659e+02
    endloop
  endfacet
  facet normal -9.659258e-01 0.000000e+00 2.588190e-01
    outer loop
      vertex   7.643025e+02 1.151943e+02 2.365659e+02
      vertex   7.643025e+02 1.201943e+02 2.365659e+02
      vertex   7.641897e+02 1.151943e+02 2.361449e+02
    endloop
  endfacet
  facet normal -9.659258e-01 0.000000e+00 2.588190e-01
    outer loop
      vertex   7.641897e+02 1.151943e+02 2.361449e+02
      vertex   7.643025e+02 1.201943e+02 2.365659e+02
      vertex   7.641897e+02 1.201943e+02 2.361449e+02
    endloop
  endfacet
  facet normal -9.063078e-01 0.000000e+00 4.226183e-01
    outer loop
      vertex   7.641897e+02 1.151943e+02 2.361449e+02
      vertex   7.641897e+02 1.201943e+02 2.361449e+02
      vertex   7.640055e+02 1.151943e+02 2.357500e+02
    endloop
  endfacet
  facet normal -9.063078e-01 0.000000e+00 4.226183e-01
    outer loop
      vertex   7.640055e+02 1.151943e+02 2.357500e+02
      vertex   7.641897e+02 1.201943e+02 2.361449e+02
      vertex   7.640055e+02 1.201943e+02 2.357500e+02
    endloop
  endfacet
  facet normal -8.191520e-01 0.000000e+00 5.735764e-01
    outer loop
      vertex   7.640055e+02 1.151943e+02 2.357500e+02
      vertex   7.640055e+02 1.201943e+02 2.357500e+02
      vertex   7.637556e+02 1.151943e+02 2.353930e+02
    endloop
  endfacet
  facet normal -8.191520e-01 0.000000e+00 5.735764e-01
    outer loop
      vertex   7.637556e+02 1.151943e+02 2.353930e+02
      vertex   7.640055e+02 1.201943e+02 2.357500e+02
      vertex   7.637556e+02 1.201943e+02 2.353930e+02
    endloop
  endfacet
  facet normal -7.071068e-01 0.000000e+00 7.071068e-01
    outer loop
      vertex   7.637556e+02 1.151943e+02 2.353930e+02
      vertex   7.637556e+02 1.201943e+02 2.353930e+02
      vertex   7.634474e+02 1.151943e+02 2.350849e+02
    endloop
  endfacet
  facet normal -7.071068e-01 0.000000e+00 7.071068e-01
    outer loop
      vertex   7.634474e+02 1.151943e+02 2.350849e+02
      vertex   7.637556e+02 1.201943e+02 2.353930e+02
      vertex   7.634474e+02 1.201943e+02 2.350849e+02
    endloop
  endfacet
  facet normal -5.735764e-01 0.000000e+00 8.191520e-01
    outer loop
      vertex   7.634474e+02 1.151943e+02 2.350849e+02
      vertex   7.634474e+02 1.201943e+02 2.350849e+02
      vertex   7.630905e+02 1.151943e+02 2.348349e+02
    endloop
  endfacet
  facet normal -5.735764e-01 0.000000e+00 8.191520e-01
    outer loop
      vertex   7.630905e+02 1.151943e+02 2.348349e+02
      vertex   7.634474e+02 1.201943e+02 2.350849e+02
      vertex   7.630905e+02 1.201943e+02 2.348349e+02
    endloop
  endfacet
  facet normal -4.226183e-01 0.000000e+00 9.063078e-01
    outer loop
      vertex   7.630905e+02 1.151943e+02 2.348349e+02
      vertex   7.630905e+02 1.201943e+02 2.348349e+02
      vertex   7.626955e+02 1.151943e+02 2.346508e+02
    endloop
  endfacet
  facet normal -4.226183e-01 0.000000e+00 9.063078e-01
    outer loop
      vertex   7.626955e+02 1.151943e+02 2.346508e+02
      vertex   7.630905e+02 1.201943e+02 2.348349e+02
      vertex   7.626955e+02 1.201943e+02 2.346508e+02
    endloop
  endfacet
  facet normal -2.588190e-01 0.000000e+00 9.659258e-01
    outer loop
      vertex   7.626955e+02 1.151943e+02 2.346508e+02
      vertex   7.626955e+02 1.201943e+02 2.346508e+02
      vertex   7.622746e+02 1.151943e+02 2.345380e+02
    endloop
  endfacet
  facet normal -2.588190e-01 0.000000e+00 9.659258e-01
    outer loop
      vertex   7.622746e+02 1.151943e+02 2.345380e+02
      vertex   7.626955e+02 1.201943e+02 2.346508e+02
      vertex   7.622746e+02 1.201943e+02 2.345380e+02
    endloop
  endfacet
  facet normal -8.715574e-02 0.000000e+00 9.961947e-01
    outer loop
      vertex   7.622746e+02 1.151943e+02 2.345380e+02
      vertex   7.622746e+02 1.201943e+02 2.345380e+02
      vertex   7.618405e+02 1.151943e+02 2.345000e+02
    endloop
  endfacet
  facet normal -8.715574e-02 0.000000e+00 9.961947e-01
    outer loop
      vertex   7.618405e+02 1.151943e+02 2.345000e+02
      vertex   7.622746e+02 1.201943e+02 2.345380e+02
      vertex   7.618405e+02 1.201943e+02 2.345000e+02
    endloop
  endfacet
  facet normal 8.715574e-02 -0.000000e+00 9.961947e-01
    outer loop
      vertex   7.618405e+02 1.151943e+02 2.345000e+02
      vertex   7.618405e+02 1.201943e+02 2.345000e+02
      vertex   7.614064e+02 1.151943e+02 2.345380e+02
    endloop
  endfacet
  facet normal 8.715574e-02 -0.000000e+00 9.961947e-01
    outer loop
      vertex   7.614064e+02 1.151943e+02 2.345380e+02
      vertex   7.618405e+02 1.201943e+02 2.345000e+02
      vertex   7.614064e+02 1.201943e+02 2.345380e+02
    endloop
  endfacet
  facet normal 2.588190e-01 -0.000000e+00 9.659258e-01
    outer loop
      vertex   7.614064e+02 1.151943e+02 2.345380e+02
      vertex   7.614064e+02 1.201943e+02 2.345380e+02
      vertex   7.609854e+02 1.151943e+02 2.346508e+02
    endloop
  endfacet
  facet normal 2.588190e-01 -0.000000e+00 9.659258e-01
    outer loop
      vertex   7.609854e+02 1.151943e+02 2.346508e+02
      vertex   7.614064e+02 1.201943e+02 2.345380e+02
      vertex   7.609854e+02 1.201943e+02 2.346508e+02
    endloop
  endfacet
  facet normal 4.226183e-01 -0.000000e+00 9.063078e-01
    outer loop
      vertex   7.609854e+02 1.151943e+02 2.346508e+02
      vertex   7.609854e+02 1.201943e+02 2.346508e+02
      vertex   7.605905e+02 1.151943e+02 2.348349e+02
    endloop
  endfacet
  facet normal 4.226183e-01 -0.000000e+00 9.063078e-01
    outer loop
      vertex   7.605905e+02 1.151943e+02 2.348349e+02
      vertex   7.609854e+02 1.201943e+02 2.346508e+02
      vertex   7.605905e+02 1.201943e+02 2.348349e+02
    endloop
  endfacet
  facet normal 5.735764e-01 -0.000000e+00 8.191520e-01
    outer loop
      vertex   7.605905e+02 1.151943e+02 2.348349e+02
      vertex   7.605905e+02 1.201943e+02 2.348349e+02
      vertex   7.602335e+02 1.151943e+02 2.350849e+02
    endloop
  endfacet
  facet normal 5.735764e-01 -0.000000e+00 8.191520e-01
    outer loop
      vertex   7.602335e+02 1.151943e+02 2.350849e+02
      vertex   7.605905e+02 1.201943e+02 2.348349e+02
      vertex   7.602335e+02 1.201943e+02 2.350849e+02
    endloop
  endfacet
  facet normal 7.071068e-01 -0.000000e+00 7.071068e-01
    outer loop
      vertex   7.602335e+02 1.151943e+02 2.350849e+02
      vertex   7.602335e+02 1.201943e+02 2.350849e+02
      vertex   7.599254e+02 1.151943e+02 2.353930e+02
    endloop
  endfacet
  facet normal 7.071068e-01 -0.000000e+00 7.071068e-01
    outer loop
      vertex   7.599254e+02 1.151943e+02 2.353930e+02
      vertex   7.602335e+02 1.201943e+02 2.350849e+02
      vertex   7.599254e+02 1.201943e+02 2.353930e+02
    endloop
  endfacet
  facet normal 8.191520e-01 -0.000000e+00 5.735764e-01
    outer loop
      vertex   7.599254e+02 1.151943e+02 2.353930e+02
      vertex   7.599254e+02 1.201943e+02 2.353930e+02
      vertex   7.596754e+02 1.151943e+02 2.357500e+02
    endloop
  endfacet
  facet normal 8.191520e-01 -0.000000e+00 5.735764e-01
    outer loop
      vertex   7.596754e+02 1.151943e+02 2.357500e+02
      vertex   7.599254e+02 1.201943e+02 2.353930e+02
      vertex   7.596754e+02 1.201943e+02 2.357500e+02
    endloop
  endfacet
  facet normal 9.063078e-01 -0.000000e+00 4.226183e-01
    outer loop
      vertex   7.596754e+02 1.151943e+02 2.357500e+02
      vertex   7.596754e+02 1.201943e+02 2.357500e+02
      vertex   7.594912e+02 1.151943e+02 2.361449e+02
    endloop
  endfacet
  facet normal 9.063078e-01 -0.000000e+00 4.226183e-01
    outer loop
      vertex   7.594912e+02 1.151943e+02 2.361449e+02
      vertex   7.596754e+02 1.201943e+02 2.357500e+02
      vertex   7.594912e+02 1.201943e+02 2.361449e+02
    endloop
  endfacet
  facet normal 9.659258e-01 -0.000000e+00 2.588190e-01
    outer loop
      vertex   7.594912e+02 1.151943e+02 2.361449e+02
      vertex   7.594912e+02 1.201943e+02 2.361449e+02
      vertex   7.593785e+02 1.151943e+02 2.365659e+02
    endloop
  endfacet
  facet normal 9.659258e-01 -0.000000e+00 2.588190e-01
    outer loop
      vertex   7.593785e+02 1.151943e+02 2.365659e+02
      vertex   7.594912e+02 1.201943e+02 2.361449e+02
      vertex   7.593785e+02 1.201943e+02 2.365659e+02
    endloop
  endfacet
  facet normal 9.961947e-01 -0.000000e+00 8.715574e-02
    outer loop
      vertex   7.593785e+02 1.151943e+02 2.365659e+02
      vertex   7.593785e+02 1.201943e+02 2.365659e+02
      vertex   7.593405e+02 1.151943e+02 2.370000e+02
    endloop
  endfacet
  facet normal 9.961947e-01 -0.000000e+00 8.715574e-02
    outer loop
      vertex   7.593405e+02 1.151943e+02 2.370000e+02
      vertex   7.593785e+02 1.201943e+02 2.365659e+02
      vertex   7.593405e+02 1.201943e+02 2.370000e+02
    endloop
  endfacet
  facet normal 9.961947e-01 0.000000e+00 -8.715574e-02
    outer loop
      vertex   7.593405e+02 1.151943e+02 2.370000e+02
      vertex   7.593405e+02 1.201943e+02 2.370000e+02
      vertex   7.593785e+02 1.151943e+02 2.374341e+02
    endloop
  endfacet
  facet normal 9.961947e-01 0.000000e+00 -8.715574e-02
    outer loop
      vertex   7.593785e+02 1.151943e+02 2.374341e+02
      vertex   7.593405e+02 1.201943e+02 2.370000e+02
      vertex   7.593785e+02 1.201943e+02 2.374341e+02
    endloop
  endfacet
  facet normal 9.659258e-01 0.000000e+00 -2.588190e-01
    outer loop
      vertex   7.593785e+02 1.151943e+02 2.374341e+02
      vertex   7.593785e+02 1.201943e+02 2.374341e+02
      vertex   7.594912e+02 1.151943e+02 2.378551e+02
    endloop
  endfacet
  facet normal 9.659258e-01 0.000000e+00 -2.588190e-01
    outer loop
      vertex   7.594912e+02 1.151943e+02 2.378551e+02
      vertex   7.593785e+02 1.201943e+02 2.374341e+02
      vertex   7.594912e+02 1.201943e+02 2.378551e+02
    endloop
  endfacet
  facet normal 9.063078e-01 0.000000e+00 -4.226183e-01
    outer loop
      vertex   7.594912e+02 1.151943e+02 2.378551e+02
      vertex   7.594912e+02 1.201943e+02 2.378551e+02
      vertex   7.596754e+02 1.151943e+02 2.382500e+02
    endloop
  endfacet
  facet normal 9.063078e-01 0.000000e+00 -4.226183e-01
    outer loop
      vertex   7.596754e+02 1.151943e+02 2.382500e+02
      vertex   7.594912e+02 1.201943e+02 2.378551e+02
      vertex   7.596754e+02 1.201943e+02 2.382500e+02
    endloop
  endfacet
  facet normal 8.191520e-01 0.000000e+00 -5.735764e-01
    outer loop
      vertex   7.596754e+02 1.151943e+02 2.382500e+02
      vertex   7.596754e+02 1.201943e+02 2.382500e+02
      vertex   7.599254e+02 1.151943e+02 2.386070e+02
    endloop
  endfacet
  facet normal 8.191520e-01 0.000000e+00 -5.735764e-01
    outer loop
      vertex   7.599254e+02 1.151943e+02 2.386070e+02
      vertex   7.596754e+02 1.201943e+02 2.382500e+02
      vertex   7.599254e+02 1.201943e+02 2.386070e+02
    endloop
  endfacet
  facet normal 7.071068e-01 0.000000e+00 -7.071068e-01
    outer loop
      vertex   7.599254e+02 1.151943e+02 2.386070e+02
      vertex   7.599254e+02 1.201943e+02 2.386070e+02
      vertex   7.602335e+02 1.151943e+02 2.389151e+02
    endloop
  endfacet
  facet normal 7.071068e-01 0.000000e+00 -7.071068e-01
    outer loop
      vertex   7.602335e+02 1.151943e+02 2.389151e+02
      vertex   7.599254e+02 1.201943e+02 2.386070e+02
      vertex   7.602335e+02 1.201943e+02 2.389151e+02
    endloop
  endfacet
  facet normal 5.735764e-01 0.000000e+00 -8.191520e-01
    outer loop
      vertex   7.602335e+02 1.151943e+02 2.389151e+02
      vertex   7.602335e+02 1.201943e+02 2.389151e+02
      vertex   7.605905e+02 1.151943e+02 2.391651e+02
    endloop
  endfacet
  facet normal 5.735764e-01 0.000000e+00 -8.191520e-01
    outer loop
      vertex   7.605905e+02 1.151943e+02 2.391651e+02
      vertex   7.602335e+02 1.201943e+02 2.389151e+02
      vertex   7.605905e+02 1.201943e+02 2.391651e+02
    endloop
  endfacet
  facet normal 4.226183e-01 0.000000e+00 -9.063078e-01
    outer loop
      vertex   7.605905e+02 1.151943e+02 2.391651e+02
      vertex   7.605905e+02 1.201943e+02 2.391651e+02
      vertex   7.609854e+02 1.151943e+02 2.393492e+02
    endloop
  endfacet
  facet normal 4.226183e-01 0.000000e+00 -9.063078e-01
    outer loop
      vertex   7.609854e+02 1.151943e+02 2.393492e+02
      vertex   7.605905e+02 1.201943e+02 2.391651e+02
      vertex   7.609854e+02 1.201943e+02 2.393492e+02
    endloop
  endfacet
  facet normal 2.588190e-01 0.000000e+00 -9.659258e-01
    outer loop
      vertex   7.609854e+02 1.151943e+02 2.393492e+02
      vertex   7.609854e+02 1.201943e+02 2.393492e+02
      vertex   7.614064e+02 1.151943e+02 2.394620e+02
    endloop
  endfacet
  facet normal 2.588190e-01 0.000000e+00 -9.659258e-01
    outer loop
      vertex   7.614064e+02 1.151943e+02 2.394620e+02
      vertex   7.609854e+02 1.201943e+02 2.393492e+02
      vertex   7.614064e+02 1.201943e+02 2.394620e+02
    endloop
  endfacet
  facet normal 8.715574e-02 0.000000e+00 -9.961947e-01
    outer loop
      vertex   7.614064e+02 1.151943e+02 2.394620e+02
      vertex   7.614064e+02 1.201943e+02 2.394620e+02
      vertex   7.618405e+02 1.151943e+02 2.395000e+02
    endloop
  endfacet
  facet normal 8.715574e-02 0.000000e+00 -9.961947e-01
    outer loop
      vertex   7.618405e+02 1.151943e+02 2.395000e+02
      vertex   7.614064e+02 1.201943e+02 2.394620e+02
      vertex   7.618405e+02 1.201943e+02 2.395000e+02
    endloop
  endfacet
  facet normal -8.715574e-02 0.000000e+00 -9.961947e-01
    outer loop
      vertex   7.618405e+02 1.151943e+02 2.395000e+02
      vertex   7.618405e+02 1.201943e+02 2.395000e+02
      vertex   7.622746e+02 1.151943e+02 2.394620e+02
    endloop
  endfacet
  facet normal -8.715574e-02 0.000000e+00 -9.961947e-01
    outer loop
      vertex   7.622746e+02 1.151943e+02 2.394620e+02
      vertex   7.618405e+02 1.201943e+02 2.395000e+02
      vertex   7.622746e+02 1.201943e+02 2.394620e+02
    endloop
  endfacet
  facet normal -2.588190e-01 0.000000e+00 -9.659258e-01
    outer loop
      vertex   7.622746e+02 1.151943e+02 2.394620e+02
      vertex   7.622746e+02 1.201943e+02 2.394620e+02
      vertex   7.626955e+02 1.151943e+02 2.393492e+02
    endloop
  endfacet
  facet normal -2.588190e-01 0.000000e+00 -9.659258e-01
    outer loop
      vertex   7.626955e+02 1.151943e+02 2.393492e+02
      vertex   7.622746e+02 1.201943e+02 2.394620e+02
      vertex   7.626955e+02 1.201943e+02 2.393492e+02
    endloop
  endfacet
  facet normal -4.226183e-01 0.000000e+00 -9.063078e-01
    outer loop
      vertex   7.626955e+02 1.151943e+02 2.393492e+02
      vertex   7.626955e+02 1.201943e+02 2.393492e+02
      vertex   7.630905e+02 1.151943e+02 2.391651e+02
    endloop
  endfacet
  facet normal -4.226183e-01 0.000000e+00 -9.063078e-01
    outer loop
      vertex   7.630905e+02 1.151943e+02 2.391651e+02
      vertex   7.626955e+02 1.201943e+02 2.393492e+02
      vertex   7.630905e+02 1.201943e+02 2.391651e+02
    endloop
  endfacet
  facet normal -5.735764e-01 0.000000e+00 -8.191520e-01
    outer loop
      vertex   7.630905e+02 1.151943e+02 2.391651e+02
      vertex   7.630905e+02 1.201943e+02 2.391651e+02
      vertex   7.634474e+02 1.151943e+02 2.389151e+02
    endloop
  endfacet
  facet normal -5.735764e-01 0.000000e+00 -8.191520e-01
    outer loop
      vertex   7.634474e+02 1.151943e+02 2.389151e+02
      vertex   7.630905e+02 1.201943e+02 2.391651e+02
      vertex   7.634474e+02 1.201943e+02 2.389151e+02
    endloop
  endfacet
  facet normal -7.071068e-01 0.000000e+00 -7.071068e-01
    outer loop
      vertex   7.634474e+02 1.151943e+02 2.389151e+02
      vertex   7.634474e+02 1.201943e+02 2.389151e+02
      vertex   7.637556e+02 1.151943e+02 2.386070e+02
    endloop
  endfacet
  facet normal -7.071068e-01 0.000000e+00 -7.071068e-01
    outer loop
      vertex   7.637556e+02 1.151943e+02 2.386070e+02
      vertex   7.634474e+02 1.201943e+02 2.389151e+02
      vertex   7.637556e+02 1.201943e+02 2.386070e+02
    endloop
  endfacet
  facet normal -8.191520e-01 0.000000e+00 -5.735764e-01
    outer loop
      vertex   7.637556e+02 1.151943e+02 2.386070e+02
      vertex   7.637556e+02 1.201943e+02 2.386070e+02
      vertex   7.640055e+02 1.151943e+02 2.382500e+02
    endloop
  endfacet
  facet normal -8.191520e-01 0.000000e+00 -5.735764e-01
    outer loop
      vertex   7.640055e+02 1.151943e+02 2.382500e+02
      vertex   7.637556e+02 1.201943e+02 2.386070e+02
      vertex   7.640055e+02 1.201943e+02 2.382500e+02
    endloop
  endfacet
  facet normal -9.063078e-01 0.000000e+00 -4.226183e-01
    outer loop
      vertex   7.640055e+02 1.151943e+02 2.382500e+02
      vertex   7.640055e+02 1.201943e+02 2.382500e+02
      vertex   7.641897e+02 1.151943e+02 2.378551e+02
    endloop
  endfacet
  facet normal -9.063078e-01 0.000000e+00 -4.226183e-01
    outer loop
      vertex   7.641897e+02 1.151943e+02 2.378551e+02
      vertex   7.640055e+02 1.201943e+02 2.382500e+02
      vertex   7.641897e+02 1.201943e+02 2.378551e+02
    endloop
  endfacet
  facet normal -9.659258e-01 0.000000e+00 -2.588190e-01
    outer loop
      vertex   7.641897e+02 1.151943e+02 2.378551e+02
      vertex   7.641897e+02 1.201943e+02 2.378551e+02
      vertex   7.643025e+02 1.151943e+02 2.374341e+02
    endloop
  endfacet
  facet normal -9.659258e-01 0.000000e+00 -2.588190e-01
    outer loop
      vertex   7.643025e+02 1.151943e+02 2.374341e+02
      vertex   7.641897e+02 1.201943e+02 2.378551e+02
      vertex   7.643025e+02 1.201943e+02 2.374341e+02
    endloop
  endfacet
  facet normal -9.961947e-01 0.000000e+00 -8.715574e-02
    outer loop
      vertex   7.243025e+02 1.151943e+02 2.374341e+02
      vertex   7.243025e+02 1.201943e+02 2.374341e+02
      vertex   7.243405e+02 1.151943e+02 2.370000e+02
    endloop
  endfacet
  facet normal -9.961947e-01 0.000000e+00 -8.715574e-02
    outer loop
      vertex   7.243405e+02 1.151943e+02 2.370000e+02
      vertex   7.243025e+02 1.201943e+02 2.374341e+02
      vertex   7.243405e+02 1.201943e+02 2.370000e+02
    endloop
  endfacet
  facet normal -9.961947e-01 0.000000e+00 8.715574e-02
    outer loop
      vertex   7.243405e+02 1.151943e+02 2.370000e+02
      vertex   7.243405e+02 1.201943e+02 2.370000e+02
      vertex   7.243025e+02 1.151943e+02 2.365659e+02
    endloop
  endfacet
  facet normal -9.961947e-01 0.000000e+00 8.715574e-02
    outer loop
      vertex   7.243025e+02 1.151943e+02 2.365659e+02
      vertex   7.243405e+02 1.201943e+02 2.370000e+02
      vertex   7.243025e+02 1.201943e+02 2.365659e+02
    endloop
  endfacet
  facet normal -9.659258e-01 0.000000e+00 2.588190e-01
    outer loop
      vertex   7.243025e+02 1.151943e+02 2.365659e+02
      vertex   7.243025e+02 1.201943e+02 2.365659e+02
      vertex   7.241897e+02 1.151943e+02 2.361449e+02
    endloop
  endfacet
  facet normal -9.659258e-01 0.000000e+00 2.588190e-01
    outer loop
      vertex   7.241897e+02 1.151943e+02 2.361449e+02
      vertex   7.243025e+02 1.201943e+02 2.365659e+02
      vertex   7.241897e+02 1.201943e+02 2.361449e+02
    endloop
  endfacet
  facet normal -9.063078e-01 0.000000e+00 4.226183e-01
    outer loop
      vertex   7.241897e+02 1.151943e+02 2.361449e+02
      vertex   7.241897e+02 1.201943e+02 2.361449e+02
      vertex   7.240055e+02 1.151943e+02 2.357500e+02
    endloop
  endfacet
  facet normal -9.063078e-01 0.000000e+00 4.226183e-01
    outer loop
      vertex   7.240055e+02 1.151943e+02 2.357500e+02
      vertex   7.241897e+02 1.201943e+02 2.361449e+02
      vertex   7.240055e+02 1.201943e+02 2.357500e+02
    endloop
  endfacet
  facet normal -8.191520e-01 0.000000e+00 5.735764e-01
    outer loop
      vertex   7.240055e+02 1.151943e+02 2.357500e+02
      vertex   7.240055e+02 1.201943e+02 2.357500e+02
      vertex   7.237556e+02 1.151943e+02 2.353930e+02
    endloop
  endfacet
  facet normal -8.191520e-01 0.000000e+00 5.735764e-01
    outer loop
      vertex   7.237556e+02 1.151943e+02 2.353930e+02
      vertex   7.240055e+02 1.201943e+02 2.357500e+02
      vertex   7.237556e+02 1.201943e+02 2.353930e+02
    endloop
  endfacet
  facet normal -7.071068e-01 0.000000e+00 7.071068e-01
    outer loop
      vertex   7.237556e+02 1.151943e+02 2.353930e+02
      vertex   7.237556e+02 1.201943e+02 2.353930e+02
      vertex   7.234474e+02 1.151943e+02 2.350849e+02
    endloop
  endfacet
  facet normal -7.071068e-01 0.000000e+00 7.071068e-01
    outer loop
      vertex   7.234474e+02 1.151943e+02 2.350849e+02
      vertex   7.237556e+02 1.201943e+02 2.353930e+02
      vertex   7.234474e+02 1.201943e+02 2.350849e+02
    endloop
  endfacet
  facet normal -5.735764e-01 0.000000e+00 8.191520e-01
    outer loop
      vertex   7.234474e+02 1.151943e+02 2.350849e+02
      vertex   7.234474e+02 1.201943e+02 2.350849e+02
      vertex   7.230905e+02 1.151943e+02 2.348349e+02
    endloop
  endfacet
  facet normal -5.735764e-01 0.000000e+00 8.191520e-01
    outer loop
      vertex   7.230905e+02 1.151943e+02 2.348349e+02
      vertex   7.234474e+02 1.201943e+02 2.350849e+02
      vertex   7.230905e+02 1.201943e+02 2.348349e+02
    endloop
  endfacet
  facet normal -4.226183e-01 0.000000e+00 9.063078e-01
    outer loop
      vertex   7.230905e+02 1.151943e+02 2.348349e+02
      vertex   7.230905e+02 1.201943e+02 2.348349e+02
      vertex   7.226955e+02 1.151943e+02 2.346508e+02
    endloop
  endfacet
  facet normal -4.226183e-01 0.000000e+00 9.063078e-01
    outer loop
      vertex   7.226955e+02 1.151943e+02 2.346508e+02
      vertex   7.230905e+02 1.201943e+02 2.348349e+02
      vertex   7.226955e+02 1.201943e+02 2.346508e+02
    endloop
  endfacet
  facet normal -2.588190e-01 0.000000e+00 9.659258e-01
    outer loop
      vertex   7.226955e+02 1.151943e+02 2.346508e+02
      vertex   7.226955e+02 1.201943e+02 2.346508e+02
      vertex   7.222746e+02 1.151943e+02 2.345380e+02
    endloop
  endfacet
  facet normal -2.588190e-01 0.000000e+00 9.659258e-01
    outer loop
      vertex   7.222746e+02 1.151943e+02 2.345380e+02
      vertex   7.226955e+02 1.201943e+02 2.346508e+02
      vertex   7.222746e+02 1.201943e+02 2.345380e+02
    endloop
  endfacet
  facet normal -8.715574e-02 0.000000e+00 9.961947e-01
    outer loop
      vertex   7.222746e+02 1.151943e+02 2.345380e+02
      vertex   7.222746e+02 1.201943e+02 2.345380e+02
      vertex   7.218405e+02 1.151943e+02 2.345000e+02
    endloop
  endfacet
  facet normal -8.715574e-02 0.000000e+00 9.961947e-01
    outer loop
      vertex   7.218405e+02 1.151943e+02 2.345000e+02
      vertex   7.222746e+02 1.201943e+02 2.345380e+02
      vertex   7.218405e+02 1.201943e+02 2.345000e+02
    endloop
  endfacet
  facet normal 8.715574e-02 -0.000000e+00 9.961947e-01
    outer loop
      vertex   7.218405e+02 1.151943e+02 2.345000e+02
      vertex   7.218405e+02 1.201943e+02 2.345000e+02
      vertex   7.214064e+02 1.151943e+02 2.345380e+02
    endloop
  endfacet
  facet normal 8.715574e-02 -0.000000e+00 9.961947e-01
    outer loop
      vertex   7.214064e+02 1.151943e+02 2.345380e+02
      vertex   7.218405e+02 1.201943e+02 2.345000e+02
      vertex   7.214064e+02 1.201943e+02 2.345380e+02
    endloop
  endfacet
  facet normal 2.588190e-01 -0.000000e+00 9.659258e-01
    outer loop
      vertex   7.214064e+02 1.151943e+02 2.345380e+02
      vertex   7.214064e+02 1.201943e+02 2.345380e+02
      vertex   7.209854e+02 1.151943e+02 2.346508e+02
    endloop
  endfacet
  facet normal 2.588190e-01 -0.000000e+00 9.659258e-01
    outer loop
      vertex   7.209854e+02 1.151943e+02 2.346508e+02
      vertex   7.214064e+02 1.201943e+02 2.345380e+02
      vertex   7.209854e+02 1.201943e+02 2.346508e+02
    endloop
  endfacet
  facet normal 4.226183e-01 -0.000000e+00 9.063078e-01
    outer loop
      vertex   7.209854e+02 1.151943e+02 2.346508e+02
      vertex   7.209854e+02 1.201943e+02 2.346508e+02
      vertex   7.205905e+02 1.151943e+02 2.348349e+02
    endloop
  endfacet
  facet normal 4.226183e-01 -0.000000e+00 9.063078e-01
    outer loop
      vertex   7.205905e+02 1.151943e+02 2.348349e+02
      vertex   7.209854e+02 1.201943e+02 2.346508e+02
      vertex   7.205905e+02 1.201943e+02 2.348349e+02
    endloop
  endfacet
  facet normal 5.735764e-01 -0.000000e+00 8.191520e-01
    outer loop
      vertex   7.205905e+02 1.151943e+02 2.348349e+02
      vertex   7.205905e+02 1.201943e+02 2.348349e+02
      vertex   7.202335e+02 1.151943e+02 2.350849e+02
    endloop
  endfacet
  facet normal 5.735764e-01 -0.000000e+00 8.191520e-01
    outer loop
      vertex   7.202335e+02 1.151943e+02 2.350849e+02
      vertex   7.205905e+02 1.201943e+02 2.348349e+02
      vertex   7.202335e+02 1.201943e+02 2.350849e+02
    endloop
  endfacet
  facet normal 7.071068e-01 -0.000000e+00 7.071068e-01
    outer loop
      vertex   7.202335e+02 1.151943e+02 2.350849e+02
      vertex   7.202335e+02 1.201943e+02 2.350849e+02
      vertex   7.199254e+02 1.151943e+02 2.353930e+02
    endloop
  endfacet
  facet normal 7.071068e-01 -0.000000e+00 7.071068e-01
    outer loop
      vertex   7.199254e+02 1.151943e+02 2.353930e+02
      vertex   7.202335e+02 1.201943e+02 2.350849e+02
      vertex   7.199254e+02 1.201943e+02 2.353930e+02
    endloop
  endfacet
  facet normal 8.191520e-01 -0.000000e+00 5.735764e-01
    outer loop
      vertex   7.199254e+02 1.151943e+02 2.353930e+02
      vertex   7.199254e+02 1.201943e+02 2.353930e+02
      vertex   7.196754e+02 1.151943e+02 2.357500e+02
    endloop
  endfacet
  facet normal 8.191520e-01 -0.000000e+00 5.735764e-01
    outer loop
      vertex   7.196754e+02 1.151943e+02 2.357500e+02
      vertex   7.199254e+02 1.201943e+02 2.353930e+02
      vertex   7.196754e+02 1.201943e+02 2.357500e+02
    endloop
  endfacet
  facet normal 9.063078e-01 -0.000000e+00 4.226183e-01
    outer loop
      vertex   7.196754e+02 1.151943e+02 2.357500e+02
      vertex   7.196754e+02 1.201943e+02 2.357500e+02
      vertex   7.194912e+02 1.151943e+02 2.361449e+02
    endloop
  endfacet
  facet normal 9.063078e-01 -0.000000e+00 4.226183e-01
    outer loop
      vertex   7.194912e+02 1.151943e+02 2.361449e+02
      vertex   7.196754e+02 1.201943e+02 2.357500e+02
      vertex   7.194912e+02 1.201943e+02 2.361449e+02
    endloop
  endfacet
  facet normal 9.659258e-01 -0.000000e+00 2.588190e-01
    outer loop
      vertex   7.194912e+02 1.151943e+02 2.361449e+02
      vertex   7.194912e+02 1.201943e+02 2.361449e+02
      vertex   7.193785e+02 1.151943e+02 2.365659e+02
    endloop
  endfacet
  facet normal 9.659258e-01 -0.000000e+00 2.588190e-01
    outer loop
      vertex   7.193785e+02 1.151943e+02 2.365659e+02
      vertex   7.194912e+02 1.201943e+02 2.361449e+02
      vertex   7.193785e+02 1.201943e+02 2.365659e+02
    endloop
  endfacet
  facet normal 9.961947e-01 -0.000000e+00 8.715574e-02
    outer loop
      vertex   7.193785e+02 1.151943e+02 2.365659e+02
      vertex   7.193785e+02 1.201943e+02 2.365659e+02
      vertex   7.193405e+02 1.151943e+02 2.370000e+02
    endloop
  endfacet
  facet normal 9.961947e-01 -0.000000e+00 8.715574e-02
    outer loop
      vertex   7.193405e+02 1.151943e+02 2.370000e+02
      vertex   7.193785e+02 1.201943e+02 2.365659e+02
      vertex   7.193405e+02 1.201943e+02 2.370000e+02
    endloop
  endfacet
  facet normal 9.961947e-01 0.000000e+00 -8.715574e-02
    outer loop
      vertex   7.193405e+02 1.151943e+02 2.370000e+02
      vertex   7.193405e+02 1.201943e+02 2.370000e+02
      vertex   7.193785e+02 1.151943e+02 2.374341e+02
    endloop
  endfacet
  facet normal 9.961947e-01 0.000000e+00 -8.715574e-02
    outer loop
      vertex   7.193785e+02 1.151943e+02 2.374341e+02
      vertex   7.193405e+02 1.201943e+02 2.370000e+02
      vertex   7.193785e+02 1.201943e+02 2.374341e+02
    endloop
  endfacet
  facet normal 9.659258e-01 0.000000e+00 -2.588190e-01
    outer loop
      vertex   7.193785e+02 1.151943e+02 2.374341e+02
      vertex   7.193785e+02 1.201943e+02 2.374341e+02
      vertex   7.194912e+02 1.151943e+02 2.378551e+02
    endloop
  endfacet
  facet normal 9.659258e-01 0.000000e+00 -2.588190e-01
    outer loop
      vertex   7.194912e+02 1.151943e+02 2.378551e+02
      vertex   7.193785e+02 1.201943e+02 2.374341e+02
      vertex   7.194912e+02 1.201943e+02 2.378551e+02
    endloop
  endfacet
  facet normal 9.063078e-01 0.000000e+00 -4.226183e-01
    outer loop
      vertex   7.194912e+02 1.151943e+02 2.378551e+02
      vertex   7.194912e+02 1.201943e+02 2.378551e+02
      vertex   7.196754e+02 1.151943e+02 2.382500e+02
    endloop
  endfacet
  facet normal 9.063078e-01 0.000000e+00 -4.226183e-01
    outer loop
      vertex   7.196754e+02 1.151943e+02 2.382500e+02
      vertex   7.194912e+02 1.201943e+02 2.378551e+02
      vertex   7.196754e+02 1.201943e+02 2.382500e+02
    endloop
  endfacet
  facet normal 8.191520e-01 0.000000e+00 -5.735764e-01
    outer loop
      vertex   7.196754e+02 1.151943e+02 2.382500e+02
      vertex   7.196754e+02 1.201943e+02 2.382500e+02
      vertex   7.199254e+02 1.151943e+02 2.386070e+02
    endloop
  endfacet
  facet normal 8.191520e-01 0.000000e+00 -5.735764e-01
    outer loop
      vertex   7.199254e+02 1.151943e+02 2.386070e+02
      vertex   7.196754e+02 1.201943e+02 2.382500e+02
      vertex   7.199254e+02 1.201943e+02 2.386070e+02
    endloop
  endfacet
  facet normal 7.071068e-01 0.000000e+00 -7.071068e-01
    outer loop
      vertex   7.199254e+02 1.151943e+02 2.386070e+02
      vertex   7.199254e+02 1.201943e+02 2.386070e+02
      vertex   7.202335e+02 1.151943e+02 2.389151e+02
    endloop
  endfacet
  facet normal 7.071068e-01 0.000000e+00 -7.071068e-01
    outer loop
      vertex   7.202335e+02 1.151943e+02 2.389151e+02
      vertex   7.199254e+02 1.201943e+02 2.386070e+02
      vertex   7.202335e+02 1.201943e+02 2.389151e+02
    endloop
  endfacet
  facet normal 5.735764e-01 0.000000e+00 -8.191520e-01
    outer loop
      vertex   7.202335e+02 1.151943e+02 2.389151e+02
      vertex   7.202335e+02 1.201943e+02 2.389151e+02
      vertex   7.205905e+02 1.151943e+02 2.391651e+02
    endloop
  endfacet
  facet normal 5.735764e-01 0.000000e+00 -8.191520e-01
    outer loop
      vertex   7.205905e+02 1.151943e+02 2.391651e+02
      vertex   7.202335e+02 1.201943e+02 2.389151e+02
      vertex   7.205905e+02 1.201943e+02 2.391651e+02
    endloop
  endfacet
  facet normal 4.226183e-01 0.000000e+00 -9.063078e-01
    outer loop
      vertex   7.205905e+02 1.151943e+02 2.391651e+02
      vertex   7.205905e+02 1.201943e+02 2.391651e+02
      vertex   7.209854e+02 1.151943e+02 2.393492e+02
    endloop
  endfacet
  facet normal 4.226183e-01 0.000000e+00 -9.063078e-01
    outer loop
      vertex   7.209854e+02 1.151943e+02 2.393492e+02
      vertex   7.205905e+02 1.201943e+02 2.391651e+02
      vertex   7.209854e+02 1.201943e+02 2.393492e+02
    endloop
  endfacet
  facet normal 2.588190e-01 0.000000e+00 -9.659258e-01
    outer loop
      vertex   7.209854e+02 1.151943e+02 2.393492e+02
      vertex   7.209854e+02 1.201943e+02 2.393492e+02
      vertex   7.214064e+02 1.151943e+02 2.394620e+02
    endloop
  endfacet
  facet normal 2.588190e-01 0.000000e+00 -9.659258e-01
    outer loop
      vertex   7.214064e+02 1.151943e+02 2.394620e+02
      vertex   7.209854e+02 1.201943e+02 2.393492e+02
      vertex   7.214064e+02 1.201943e+02 2.394620e+02
    endloop
  endfacet
  facet normal 8.715574e-02 0.000000e+00 -9.961947e-01
    outer loop
      vertex   7.214064e+02 1.151943e+02 2.394620e+02
      vertex   7.214064e+02 1.201943e+02 2.394620e+02
      vertex   7.218405e+02 1.151943e+02 2.395000e+02
    endloop
  endfacet
  facet normal 8.715574e-02 0.000000e+00 -9.961947e-01
    outer loop
      vertex   7.218405e+02 1.151943e+02 2.395000e+02
      vertex   7.214064e+02 1.201943e+02 2.394620e+02
      vertex   7.218405e+02 1.201943e+02 2.395000e+02
    endloop
  endfacet
  facet normal -8.715574e-02 0.000000e+00 -9.961947e-01
    outer loop
      vertex   7.218405e+02 1.151943e+02 2.395000e+02
      vertex   7.218405e+02 1.201943e+02 2.395000e+02
      vertex   7.222746e+02 1.151943e+02 2.394620e+02
    endloop
  endfacet
  facet normal -8.715574e-02 0.000000e+00 -9.961947e-01
    outer loop
      vertex   7.222746e+02 1.151943e+02 2.394620e+02
      vertex   7.218405e+02 1.201943e+02 2.395000e+02
      vertex   7.222746e+02 1.201943e+02 2.394620e+02
    endloop
  endfacet
  facet normal -2.588190e-01 0.000000e+00 -9.659258e-01
    outer loop
      vertex   7.222746e+02 1.151943e+02 2.394620e+02
      vertex   7.222746e+02 1.201943e+02 2.394620e+02
      vertex   7.226955e+02 1.151943e+02 2.393492e+02
    endloop
  endfacet
  facet normal -2.588190e-01 0.000000e+00 -9.659258e-01
    outer loop
      vertex   7.226955e+02 1.151943e+02 2.393492e+02
      vertex   7.222746e+02 1.201943e+02 2.394620e+02
      vertex   7.226955e+02 1.201943e+02 2.393492e+02
    endloop
  endfacet
  facet normal -4.226183e-01 0.000000e+00 -9.063078e-01
    outer loop
      vertex   7.226955e+02 1.151943e+02 2.393492e+02
      vertex   7.226955e+02 1.201943e+02 2.393492e+02
      vertex   7.230905e+02 1.151943e+02 2.391651e+02
    endloop
  endfacet
  facet normal -4.226183e-01 0.000000e+00 -9.063078e-01
    outer loop
      vertex   7.230905e+02 1.151943e+02 2.391651e+02
      vertex   7.226955e+02 1.201943e+02 2.393492e+02
      vertex   7.230905e+02 1.201943e+02 2.391651e+02
    endloop
  endfacet
  facet normal -5.735764e-01 0.000000e+00 -8.191520e-01
    outer loop
      vertex   7.230905e+02 1.151943e+02 2.391651e+02
      vertex   7.230905e+02 1.201943e+02 2.391651e+02
      vertex   7.234474e+02 1.151943e+02 2.389151e+02
    endloop
  endfacet
  facet normal -5.735764e-01 0.000000e+00 -8.191520e-01
    outer loop
      vertex   7.234474e+02 1.151943e+02 2.389151e+02
      vertex   7.230905e+02 1.201943e+02 2.391651e+02
      vertex   7.234474e+02 1.201943e+02 2.389151e+02
    endloop
  endfacet
  facet normal -7.071068e-01 0.000000e+00 -7.071068e-01
    outer loop
      vertex   7.234474e+02 1.151943e+02 2.389151e+02
      vertex   7.234474e+02 1.201943e+02 2.389151e+02
      vertex   7.237556e+02 1.151943e+02 2.386070e+02
    endloop
  endfacet
  facet normal -7.071068e-01 0.000000e+00 -7.071068e-01
    outer loop
      vertex   7.237556e+02 1.151943e+02 2.386070e+02
      vertex   7.234474e+02 1.201943e+02 2.389151e+02
      vertex   7.237556e+02 1.201943e+02 2.386070e+02
    endloop
  endfacet
  facet normal -8.191520e-01 0.000000e+00 -5.735764e-01
    outer loop
      vertex   7.237556e+02 1.151943e+02 2.386070e+02
      vertex   7.237556e+02 1.201943e+02 2.386070e+02
      vertex   7.240055e+02 1.151943e+02 2.382500e+02
    endloop
  endfacet
  facet normal -8.191520e-01 0.000000e+00 -5.735764e-01
    outer loop
      vertex   7.240055e+02 1.151943e+02 2.382500e+02
      vertex   7.237556e+02 1.201943e+02 2.386070e+02
      vertex   7.240055e+02 1.201943e+02 2.382500e+02
    endloop
  endfacet
  facet normal -9.063078e-01 0.000000e+00 -4.226183e-01
    outer loop
      vertex   7.240055e+02 1.151943e+02 2.382500e+02
      vertex   7.240055e+02 1.201943e+02 2.382500e+02
      vertex   7.241897e+02 1.151943e+02 2.378551e+02
    endloop
  endfacet
  facet normal -9.063078e-01 0.000000e+00 -4.226183e-01
    outer loop
      vertex   7.241897e+02 1.151943e+02 2.378551e+02
      vertex   7.240055e+02 1.201943e+02 2.382500e+02
      vertex   7.241897e+02 1.201943e+02 2.378551e+02
    endloop
  endfacet
  facet normal -9.659258e-01 0.000000e+00 -2.588190e-01
    outer loop
      vertex   7.241897e+02 1.151943e+02 2.378551e+02
      vertex   7.241897e+02 1.201943e+02 2.378551e+02
      vertex   7.243025e+02 1.151943e+02 2.374341e+02
    endloop
  endfacet
  facet normal -9.659258e-01 0.000000e+00 -2.588190e-01
    outer loop
      vertex   7.243025e+02 1.151943e+02 2.374341e+02
      vertex   7.241897e+02 1.201943e+02 2.378551e+02
      vertex   7.243025e+02 1.201943e+02 2.374341e+02
    endloop
  endfacet
  facet normal -9.961947e-01 0.000000e+00 -8.715574e-02
    outer loop
      vertex   8.043025e+02 1.151943e+02 2.374341e+02
      vertex   8.043025e+02 1.201943e+02 2.374341e+02
      vertex   8.043405e+02 1.151943e+02 2.370000e+02
    endloop
  endfacet
  facet normal -9.961947e-01 0.000000e+00 -8.715574e-02
    outer loop
      vertex   8.043405e+02 1.151943e+02 2.370000e+02
      vertex   8.043025e+02 1.201943e+02 2.374341e+02
      vertex   8.043405e+02 1.201943e+02 2.370000e+02
    endloop
  endfacet
  facet normal -9.961947e-01 0.000000e+00 8.715574e-02
    outer loop
      vertex   8.043405e+02 1.151943e+02 2.370000e+02
      vertex   8.043405e+02 1.201943e+02 2.370000e+02
      vertex   8.043025e+02 1.151943e+02 2.365659e+02
    endloop
  endfacet
  facet normal -9.961947e-01 0.000000e+00 8.715574e-02
    outer loop
      vertex   8.043025e+02 1.151943e+02 2.365659e+02
      vertex   8.043405e+02 1.201943e+02 2.370000e+02
      vertex   8.043025e+02 1.201943e+02 2.365659e+02
    endloop
  endfacet
  facet normal -9.659258e-01 0.000000e+00 2.588190e-01
    outer loop
      vertex   8.043025e+02 1.151943e+02 2.365659e+02
      vertex   8.043025e+02 1.201943e+02 2.365659e+02
      vertex   8.041897e+02 1.151943e+02 2.361449e+02
    endloop
  endfacet
  facet normal -9.659258e-01 0.000000e+00 2.588190e-01
    outer loop
      vertex   8.041897e+02 1.151943e+02 2.361449e+02
      vertex   8.043025e+02 1.201943e+02 2.365659e+02
      vertex   8.041897e+02 1.201943e+02 2.361449e+02
    endloop
  endfacet
  facet normal -9.063078e-01 0.000000e+00 4.226183e-01
    outer loop
      vertex   8.041897e+02 1.151943e+02 2.361449e+02
      vertex   8.041897e+02 1.201943e+02 2.361449e+02
      vertex   8.040055e+02 1.151943e+02 2.357500e+02
    endloop
  endfacet
  facet normal -9.063078e-01 0.000000e+00 4.226183e-01
    outer loop
      vertex   8.040055e+02 1.151943e+02 2.357500e+02
      vertex   8.041897e+02 1.201943e+02 2.361449e+02
      vertex   8.040055e+02 1.201943e+02 2.357500e+02
    endloop
  endfacet
  facet normal -8.191520e-01 0.000000e+00 5.735764e-01
    outer loop
      vertex   8.040055e+02 1.151943e+02 2.357500e+02
      vertex   8.040055e+02 1.201943e+02 2.357500e+02
      vertex   8.037556e+02 1.151943e+02 2.353930e+02
    endloop
  endfacet
  facet normal -8.191520e-01 0.000000e+00 5.735764e-01
    outer loop
      vertex   8.037556e+02 1.151943e+02 2.353930e+02
      vertex   8.040055e+02 1.201943e+02 2.357500e+02
      vertex   8.037556e+02 1.201943e+02 2.353930e+02
    endloop
  endfacet
  facet normal -7.071068e-01 0.000000e+00 7.071068e-01
    outer loop
      vertex   8.037556e+02 1.151943e+02 2.353930e+02
      vertex   8.037556e+02 1.201943e+02 2.353930e+02
      vertex   8.034474e+02 1.151943e+02 2.350849e+02
    endloop
  endfacet
  facet normal -7.071068e-01 0.000000e+00 7.071068e-01
    outer loop
      vertex   8.034474e+02 1.151943e+02 2.350849e+02
      vertex   8.037556e+02 1.201943e+02 2.353930e+02
      vertex   8.034474e+02 1.201943e+02 2.350849e+02
    endloop
  endfacet
  facet normal -5.735764e-01 0.000000e+00 8.191520e-01
    outer loop
      vertex   8.034474e+02 1.151943e+02 2.350849e+02
      vertex   8.034474e+02 1.201943e+02 2.350849e+02
      vertex   8.030905e+02 1.151943e+02 2.348349e+02
    endloop
  endfacet
  facet normal -5.735764e-01 0.000000e+00 8.191520e-01
    outer loop
      vertex   8.030905e+02 1.151943e+02 2.348349e+02
      vertex   8.034474e+02 1.201943e+02 2.350849e+02
      vertex   8.030905e+02 1.201943e+02 2.348349e+02
    endloop
  endfacet
  facet normal -4.226183e-01 0.000000e+00 9.063078e-01
    outer loop
      vertex   8.030905e+02 1.151943e+02 2.348349e+02
      vertex   8.030905e+02 1.201943e+02 2.348349e+02
      vertex   8.026955e+02 1.151943e+02 2.346508e+02
    endloop
  endfacet
  facet normal -4.226183e-01 0.000000e+00 9.063078e-01
    outer loop
      vertex   8.026955e+02 1.151943e+02 2.346508e+02
      vertex   8.030905e+02 1.201943e+02 2.348349e+02
      vertex   8.026955e+02 1.201943e+02 2.346508e+02
    endloop
  endfacet
  facet normal -2.588190e-01 0.000000e+00 9.659258e-01
    outer loop
      vertex   8.026955e+02 1.151943e+02 2.346508e+02
      vertex   8.026955e+02 1.201943e+02 2.346508e+02
      vertex   8.022746e+02 1.151943e+02 2.345380e+02
    endloop
  endfacet
  facet normal -2.588190e-01 0.000000e+00 9.659258e-01
    outer loop
      vertex   8.022746e+02 1.151943e+02 2.345380e+02
      vertex   8.026955e+02 1.201943e+02 2.346508e+02
      vertex   8.022746e+02 1.201943e+02 2.345380e+02
    endloop
  endfacet
  facet normal -8.715574e-02 0.000000e+00 9.961947e-01
    outer loop
      vertex   8.022746e+02 1.151943e+02 2.345380e+02
      vertex   8.022746e+02 1.201943e+02 2.345380e+02
      vertex   8.018405e+02 1.151943e+02 2.345000e+02
    endloop
  endfacet
  facet normal -8.715574e-02 0.000000e+00 9.961947e-01
    outer loop
      vertex   8.018405e+02 1.151943e+02 2.345000e+02
      vertex   8.022746e+02 1.201943e+02 2.345380e+02
      vertex   8.018405e+02 1.201943e+02 2.345000e+02
    endloop
  endfacet
  facet normal 8.715574e-02 -0.000000e+00 9.961947e-01
    outer loop
      vertex   8.018405e+02 1.151943e+02 2.345000e+02
      vertex   8.018405e+02 1.201943e+02 2.345000e+02
      vertex   8.014064e+02 1.151943e+02 2.345380e+02
    endloop
  endfacet
  facet normal 8.715574e-02 -0.000000e+00 9.961947e-01
    outer loop
      vertex   8.014064e+02 1.151943e+02 2.345380e+02
      vertex   8.018405e+02 1.201943e+02 2.345000e+02
      vertex   8.014064e+02 1.201943e+02 2.345380e+02
    endloop
  endfacet
  facet normal 2.588190e-01 -0.000000e+00 9.659258e-01
    outer loop
      vertex   8.014064e+02 1.151943e+02 2.345380e+02
      vertex   8.014064e+02 1.201943e+02 2.345380e+02
      vertex   8.009854e+02 1.151943e+02 2.346508e+02
    endloop
  endfacet
  facet normal 2.588190e-01 -0.000000e+00 9.659258e-01
    outer loop
      vertex   8.009854e+02 1.151943e+02 2.346508e+02
      vertex   8.014064e+02 1.201943e+02 2.345380e+02
      vertex   8.009854e+02 1.201943e+02 2.346508e+02
    endloop
  endfacet
  facet normal 4.226183e-01 -0.000000e+00 9.063078e-01
    outer loop
      vertex   8.009854e+02 1.151943e+02 2.346508e+02
      vertex   8.009854e+02 1.201943e+02 2.346508e+02
      vertex   8.005905e+02 1.151943e+02 2.348349e+02
    endloop
  endfacet
  facet normal 4.226183e-01 -0.000000e+00 9.063078e-01
    outer loop
      vertex   8.005905e+02 1.151943e+02 2.348349e+02
      vertex   8.009854e+02 1.201943e+02 2.346508e+02
      vertex   8.005905e+02 1.201943e+02 2.348349e+02
    endloop
  endfacet
  facet normal 5.735764e-01 -0.000000e+00 8.191520e-01
    outer loop
      vertex   8.005905e+02 1.151943e+02 2.348349e+02
      vertex   8.005905e+02 1.201943e+02 2.348349e+02
      vertex   8.002335e+02 1.151943e+02 2.350849e+02
    endloop
  endfacet
  facet normal 5.735764e-01 -0.000000e+00 8.191520e-01
    outer loop
      vertex   8.002335e+02 1.151943e+02 2.350849e+02
      vertex   8.005905e+02 1.201943e+02 2.348349e+02
      vertex   8.002335e+02 1.201943e+02 2.350849e+02
    endloop
  endfacet
  facet normal 7.071068e-01 -0.000000e+00 7.071068e-01
    outer loop
      vertex   8.002335e+02 1.151943e+02 2.350849e+02
      vertex   8.002335e+02 1.201943e+02 2.350849e+02
      vertex   7.999254e+02 1.151943e+02 2.353930e+02
    endloop
  endfacet
  facet normal 7.071068e-01 -0.000000e+00 7.071068e-01
    outer loop
      vertex   7.999254e+02 1.151943e+02 2.353930e+02
      vertex   8.002335e+02 1.201943e+02 2.350849e+02
      vertex   7.999254e+02 1.201943e+02 2.353930e+02
    endloop
  endfacet
  facet normal 8.191520e-01 -0.000000e+00 5.735764e-01
    outer loop
      vertex   7.999254e+02 1.151943e+02 2.353930e+02
      vertex   7.999254e+02 1.201943e+02 2.353930e+02
      vertex   7.996754e+02 1.151943e+02 2.357500e+02
    endloop
  endfacet
  facet normal 8.191520e-01 -0.000000e+00 5.735764e-01
    outer loop
      vertex   7.996754e+02 1.151943e+02 2.357500e+02
      vertex   7.999254e+02 1.201943e+02 2.353930e+02
      vertex   7.996754e+02 1.201943e+02 2.357500e+02
    endloop
  endfacet
  facet normal 9.063078e-01 -0.000000e+00 4.226183e-01
    outer loop
      vertex   7.996754e+02 1.151943e+02 2.357500e+02
      vertex   7.996754e+02 1.201943e+02 2.357500e+02
      vertex   7.994912e+02 1.151943e+02 2.361449e+02
    endloop
  endfacet
  facet normal 9.063078e-01 -0.000000e+00 4.226183e-01
    outer loop
      vertex   7.994912e+02 1.151943e+02 2.361449e+02
      vertex   7.996754e+02 1.201943e+02 2.357500e+02
      vertex   7.994912e+02 1.201943e+02 2.361449e+02
    endloop
  endfacet
  facet normal 9.659258e-01 -0.000000e+00 2.588190e-01
    outer loop
      vertex   7.994912e+02 1.151943e+02 2.361449e+02
      vertex   7.994912e+02 1.201943e+02 2.361449e+02
      vertex   7.993785e+02 1.151943e+02 2.365659e+02
    endloop
  endfacet
  facet normal 9.659258e-01 -0.000000e+00 2.588190e-01
    outer loop
      vertex   7.993785e+02 1.151943e+02 2.365659e+02
      vertex   7.994912e+02 1.201943e+02 2.361449e+02
      vertex   7.993785e+02 1.201943e+02 2.365659e+02
    endloop
  endfacet
  facet normal 9.961947e-01 -0.000000e+00 8.715574e-02
    outer loop
      vertex   7.993785e+02 1.151943e+02 2.365659e+02
      vertex   7.993785e+02 1.201943e+02 2.365659e+02
      vertex   7.993405e+02 1.151943e+02 2.370000e+02
    endloop
  endfacet
  facet normal 9.961947e-01 -0.000000e+00 8.715574e-02
    outer loop
      vertex   7.993405e+02 1.151943e+02 2.370000e+02
      vertex   7.993785e+02 1.201943e+02 2.365659e+02
      vertex   7.993405e+02 1.201943e+02 2.370000e+02
    endloop
  endfacet
  facet normal 9.961947e-01 0.000000e+00 -8.715574e-02
    outer loop
      vertex   7.993405e+02 1.151943e+02 2.370000e+02
      vertex   7.993405e+02 1.201943e+02 2.370000e+02
      vertex   7.993785e+02 1.151943e+02 2.374341e+02
    endloop
  endfacet
  facet normal 9.961947e-01 0.000000e+00 -8.715574e-02
    outer loop
      vertex   7.993785e+02 1.151943e+02 2.374341e+02
      vertex   7.993405e+02 1.201943e+02 2.370000e+02
      vertex   7.993785e+02 1.201943e+02 2.374341e+02
    endloop
  endfacet
  facet normal 9.659258e-01 0.000000e+00 -2.588190e-01
    outer loop
      vertex   7.993785e+02 1.151943e+02 2.374341e+02
      vertex   7.993785e+02 1.201943e+02 2.374341e+02
      vertex   7.994912e+02 1.151943e+02 2.378551e+02
    endloop
  endfacet
  facet normal 9.659258e-01 0.000000e+00 -2.588190e-01
    outer loop
      vertex   7.994912e+02 1.151943e+02 2.378551e+02
      vertex   7.993785e+02 1.201943e+02 2.374341e+02
      vertex   7.994912e+02 1.201943e+02 2.378551e+02
    endloop
  endfacet
  facet normal 9.063078e-01 0.000000e+00 -4.226183e-01
    outer loop
      vertex   7.994912e+02 1.151943e+02 2.378551e+02
      vertex   7.994912e+02 1.201943e+02 2.378551e+02
      vertex   7.996754e+02 1.151943e+02 2.382500e+02
    endloop
  endfacet
  facet normal 9.063078e-01 0.000000e+00 -4.226183e-01
    outer loop
      vertex   7.996754e+02 1.151943e+02 2.382500e+02
      vertex   7.994912e+02 1.201943e+02 2.378551e+02
      vertex   7.996754e+02 1.201943e+02 2.382500e+02
    endloop
  endfacet
  facet normal 8.191520e-01 0.000000e+00 -5.735764e-01
    outer loop
      vertex   7.996754e+02 1.151943e+02 2.382500e+02
      vertex   7.996754e+02 1.201943e+02 2.382500e+02
      vertex   7.999254e+02 1.151943e+02 2.386070e+02
    endloop
  endfacet
  facet normal 8.191520e-01 0.000000e+00 -5.735764e-01
    outer loop
      vertex   7.999254e+02 1.151943e+02 2.386070e+02
      vertex   7.996754e+02 1.201943e+02 2.382500e+02
      vertex   7.999254e+02 1.201943e+02 2.386070e+02
    endloop
  endfacet
  facet normal 7.071068e-01 0.000000e+00 -7.071068e-01
    outer loop
      vertex   7.999254e+02 1.151943e+02 2.386070e+02
      vertex   7.999254e+02 1.201943e+02 2.386070e+02
      vertex   8.002335e+02 1.151943e+02 2.389151e+02
    endloop
  endfacet
  facet normal 7.071068e-01 0.000000e+00 -7.071068e-01
    outer loop
      vertex   8.002335e+02 1.151943e+02 2.389151e+02
      vertex   7.999254e+02 1.201943e+02 2.386070e+02
      vertex   8.002335e+02 1.201943e+02 2.389151e+02
    endloop
  endfacet
  facet normal 5.735764e-01 0.000000e+00 -8.191520e-01
    outer loop
      vertex   8.002335e+02 1.151943e+02 2.389151e+02
      vertex   8.002335e+02 1.201943e+02 2.389151e+02
      vertex   8.005905e+02 1.151943e+02 2.391651e+02
    endloop
  endfacet
  facet normal 5.735764e-01 0.000000e+00 -8.191520e-01
    outer loop
      vertex   8.005905e+02 1.151943e+02 2.391651e+02
      vertex   8.002335e+02 1.201943e+02 2.389151e+02
      vertex   8.005905e+02 1.201943e+02 2.391651e+02
    endloop
  endfacet
  facet normal 4.226183e-01 0.000000e+00 -9.063078e-01
    outer loop
      vertex   8.005905e+02 1.151943e+02 2.391651e+02
      vertex   8.005905e+02 1.201943e+02 2.391651e+02
      vertex   8.009854e+02 1.151943e+02 2.393492e+02
    endloop
  endfacet
  facet normal 4.226183e-01 0.000000e+00 -9.063078e-01
    outer loop
      vertex   8.009854e+02 1.151943e+02 2.393492e+02
      vertex   8.005905e+02 1.201943e+02 2.391651e+02
      vertex   8.009854e+02 1.201943e+02 2.393492e+02
    endloop
  endfacet
  facet normal 2.588190e-01 0.000000e+00 -9.659258e-01
    outer loop
      vertex   8.009854e+02 1.151943e+02 2.393492e+02
      vertex   8.009854e+02 1.201943e+02 2.393492e+02
      vertex   8.014064e+02 1.151943e+02 2.394620e+02
    endloop
  endfacet
  facet normal 2.588190e-01 0.000000e+00 -9.659258e-01
    outer loop
      vertex   8.014064e+02 1.151943e+02 2.394620e+02
      vertex   8.009854e+02 1.201943e+02 2.393492e+02
      vertex   8.014064e+02 1.201943e+02 2.394620e+02
    endloop
  endfacet
  facet normal 8.715574e-02 0.000000e+00 -9.961947e-01
    outer loop
      vertex   8.014064e+02 1.151943e+02 2.394620e+02
      vertex   8.014064e+02 1.201943e+02 2.394620e+02
      vertex   8.018405e+02 1.151943e+02 2.395000e+02
    endloop
  endfacet
  facet normal 8.715574e-02 0.000000e+00 -9.961947e-01
    outer loop
      vertex   8.018405e+02 1.151943e+02 2.395000e+02
      vertex   8.014064e+02 1.201943e+02 2.394620e+02
      vertex   8.018405e+02 1.201943e+02 2.395000e+02
    endloop
  endfacet
  facet normal -8.715574e-02 0.000000e+00 -9.961947e-01
    outer loop
      vertex   8.018405e+02 1.151943e+02 2.395000e+02
      vertex   8.018405e+02 1.201943e+02 2.395000e+02
      vertex   8.022746e+02 1.151943e+02 2.394620e+02
    endloop
  endfacet
  facet normal -8.715574e-02 0.000000e+00 -9.961947e-01
    outer loop
      vertex   8.022746e+02 1.151943e+02 2.394620e+02
      vertex   8.018405e+02 1.201943e+02 2.395000e+02
      vertex   8.022746e+02 1.201943e+02 2.394620e+02
    endloop
  endfacet
  facet normal -2.588190e-01 0.000000e+00 -9.659258e-01
    outer loop
      vertex   8.022746e+02 1.151943e+02 2.394620e+02
      vertex   8.022746e+02 1.201943e+02 2.394620e+02
      vertex   8.026955e+02 1.151943e+02 2.393492e+02
    endloop
  endfacet
  facet normal -2.588190e-01 0.000000e+00 -9.659258e-01
    outer loop
      vertex   8.026955e+02 1.151943e+02 2.393492e+02
      vertex   8.022746e+02 1.201943e+02 2.394620e+02
      vertex   8.026955e+02 1.201943e+02 2.393492e+02
    endloop
  endfacet
  facet normal -4.226183e-01 0.000000e+00 -9.063078e-01
    outer loop
      vertex   8.026955e+02 1.151943e+02 2.393492e+02
      vertex   8.026955e+02 1.201943e+02 2.393492e+02
      vertex   8.030905e+02 1.151943e+02 2.391651e+02
    endloop
  endfacet
  facet normal -4.226183e-01 0.000000e+00 -9.063078e-01
    outer loop
      vertex   8.030905e+02 1.151943e+02 2.391651e+02
      vertex   8.026955e+02 1.201943e+02 2.393492e+02
      vertex   8.030905e+02 1.201943e+02 2.391651e+02
    endloop
  endfacet
  facet normal -5.735764e-01 0.000000e+00 -8.191520e-01
    outer loop
      vertex   8.030905e+02 1.151943e+02 2.391651e+02
      vertex   8.030905e+02 1.201943e+02 2.391651e+02
      vertex   8.034474e+02 1.151943e+02 2.389151e+02
    endloop
  endfacet
  facet normal -5.735764e-01 0.000000e+00 -8.191520e-01
    outer loop
      vertex   8.034474e+02 1.151943e+02 2.389151e+02
      vertex   8.030905e+02 1.201943e+02 2.391651e+02
      vertex   8.034474e+02 1.201943e+02 2.389151e+02
    endloop
  endfacet
  facet normal -7.071068e-01 0.000000e+00 -7.071068e-01
    outer loop
      vertex   8.034474e+02 1.151943e+02 2.389151e+02
      vertex   8.034474e+02 1.201943e+02 2.389151e+02
      vertex   8.037556e+02 1.151943e+02 2.386070e+02
    endloop
  endfacet
  facet normal -7.071068e-01 0.000000e+00 -7.071068e-01
    outer loop
      vertex   8.037556e+02 1.151943e+02 2.386070e+02
      vertex   8.034474e+02 1.201943e+02 2.389151e+02
      vertex   8.037556e+02 1.201943e+02 2.386070e+02
    endloop
  endfacet
  facet normal -8.191520e-01 0.000000e+00 -5.735764e-01
    outer loop
      vertex   8.037556e+02 1.151943e+02 2.386070e+02
      vertex   8.037556e+02 1.201943e+02 2.386070e+02
      vertex   8.040055e+02 1.151943e+02 2.382500e+02
    endloop
  endfacet
  facet normal -8.191520e-01 0.000000e+00 -5.735764e-01
    outer loop
      vertex   8.040055e+02 1.151943e+02 2.382500e+02
      vertex   8.037556e+02 1.201943e+02 2.386070e+02
      vertex   8.040055e+02 1.201943e+02 2.382500e+02
    endloop
  endfacet
  facet normal -9.063078e-01 0.000000e+00 -4.226183e-01
    outer loop
      vertex   8.040055e+02 1.151943e+02 2.382500e+02
      vertex   8.040055e+02 1.201943e+02 2.382500e+02
      vertex   8.041897e+02 1.151943e+02 2.378551e+02
    endloop
  endfacet
  facet normal -9.063078e-01 0.000000e+00 -4.226183e-01
    outer loop
      vertex   8.041897e+02 1.151943e+02 2.378551e+02
      vertex   8.040055e+02 1.201943e+02 2.382500e+02
      vertex   8.041897e+02 1.201943e+02 2.378551e+02
    endloop
  endfacet
  facet normal -9.659258e-01 0.000000e+00 -2.588190e-01
    outer loop
      vertex   8.041897e+02 1.151943e+02 2.378551e+02
      vertex   8.041897e+02 1.201943e+02 2.378551e+02
      vertex   8.043025e+02 1.151943e+02 2.374341e+02
    endloop
  endfacet
  facet normal -9.659258e-01 0.000000e+00 -2.588190e-01
    outer loop
      vertex   8.043025e+02 1.151943e+02 2.374341e+02
      vertex   8.041897e+02 1.201943e+02 2.378551e+02
      vertex   8.043025e+02 1.201943e+02 2.374341e+02
    endloop
  endfacet
  facet normal -9.961947e-01 0.000000e+00 -8.715574e-02
    outer loop
      vertex   6.843025e+02 1.151943e+02 2.374341e+02
      vertex   6.843025e+02 1.201943e+02 2.374341e+02
      vertex   6.843405e+02 1.151943e+02 2.370000e+02
    endloop
  endfacet
  facet normal -9.961947e-01 0.000000e+00 -8.715574e-02
    outer loop
      vertex   6.843405e+02 1.151943e+02 2.370000e+02
      vertex   6.843025e+02 1.201943e+02 2.374341e+02
      vertex   6.843405e+02 1.201943e+02 2.370000e+02
    endloop
  endfacet
  facet normal -9.961947e-01 0.000000e+00 8.715574e-02
    outer loop
      vertex   6.843405e+02 1.151943e+02 2.370000e+02
      vertex   6.843405e+02 1.201943e+02 2.370000e+02
      vertex   6.843025e+02 1.151943e+02 2.365659e+02
    endloop
  endfacet
  facet normal -9.961947e-01 0.000000e+00 8.715574e-02
    outer loop
      vertex   6.843025e+02 1.151943e+02 2.365659e+02
      vertex   6.843405e+02 1.201943e+02 2.370000e+02
      vertex   6.843025e+02 1.201943e+02 2.365659e+02
    endloop
  endfacet
  facet normal -9.659258e-01 0.000000e+00 2.588190e-01
    outer loop
      vertex   6.843025e+02 1.151943e+02 2.365659e+02
      vertex   6.843025e+02 1.201943e+02 2.365659e+02
      vertex   6.841897e+02 1.151943e+02 2.361449e+02
    endloop
  endfacet
  facet normal -9.659258e-01 0.000000e+00 2.588190e-01
    outer loop
      vertex   6.841897e+02 1.151943e+02 2.361449e+02
      vertex   6.843025e+02 1.201943e+02 2.365659e+02
      vertex   6.841897e+02 1.201943e+02 2.361449e+02
    endloop
  endfacet
  facet normal -9.063078e-01 0.000000e+00 4.226183e-01
    outer loop
      vertex   6.841897e+02 1.151943e+02 2.361449e+02
      vertex   6.841897e+02 1.201943e+02 2.361449e+02
      vertex   6.840055e+02 1.151943e+02 2.357500e+02
    endloop
  endfacet
  facet normal -9.063078e-01 0.000000e+00 4.226183e-01
    outer loop
      vertex   6.840055e+02 1.151943e+02 2.357500e+02
      vertex   6.841897e+02 1.201943e+02 2.361449e+02
      vertex   6.840055e+02 1.201943e+02 2.357500e+02
    endloop
  endfacet
  facet normal -8.191520e-01 0.000000e+00 5.735764e-01
    outer loop
      vertex   6.840055e+02 1.151943e+02 2.357500e+02
      vertex   6.840055e+02 1.201943e+02 2.357500e+02
      vertex   6.837556e+02 1.151943e+02 2.353930e+02
    endloop
  endfacet
  facet normal -8.191520e-01 0.000000e+00 5.735764e-01
    outer loop
      vertex   6.837556e+02 1.151943e+02 2.353930e+02
      vertex   6.840055e+02 1.201943e+02 2.357500e+02
      vertex   6.837556e+02 1.201943e+02 2.353930e+02
    endloop
  endfacet
  facet normal -7.071068e-01 0.000000e+00 7.071068e-01
    outer loop
      vertex   6.837556e+02 1.151943e+02 2.353930e+02
      vertex   6.837556e+02 1.201943e+02 2.353930e+02
      vertex   6.834474e+02 1.151943e+02 2.350849e+02
    endloop
  endfacet
  facet normal -7.071068e-01 0.000000e+00 7.071068e-01
    outer loop
      vertex   6.834474e+02 1.151943e+02 2.350849e+02
      vertex   6.837556e+02 1.201943e+02 2.353930e+02
      vertex   6.834474e+02 1.201943e+02 2.350849e+02
    endloop
  endfacet
  facet normal -5.735764e-01 0.000000e+00 8.191520e-01
    outer loop
      vertex   6.834474e+02 1.151943e+02 2.350849e+02
      vertex   6.834474e+02 1.201943e+02 2.350849e+02
      vertex   6.830905e+02 1.151943e+02 2.348349e+02
    endloop
  endfacet
  facet normal -5.735764e-01 0.000000e+00 8.191520e-01
    outer loop
      vertex   6.830905e+02 1.151943e+02 2.348349e+02
      vertex   6.834474e+02 1.201943e+02 2.350849e+02
      vertex   6.830905e+02 1.201943e+02 2.348349e+02
    endloop
  endfacet
  facet normal -4.226183e-01 0.000000e+00 9.063078e-01
    outer loop
      vertex   6.830905e+02 1.151943e+02 2.348349e+02
      vertex   6.830905e+02 1.201943e+02 2.348349e+02
      vertex   6.826955e+02 1.151943e+02 2.346508e+02
    endloop
  endfacet
  facet normal -4.226183e-01 0.000000e+00 9.063078e-01
    outer loop
      vertex   6.826955e+02 1.151943e+02 2.346508e+02
      vertex   6.830905e+02 1.201943e+02 2.348349e+02
      vertex   6.826955e+02 1.201943e+02 2.346508e+02
    endloop
  endfacet
  facet normal -2.588190e-01 0.000000e+00 9.659258e-01
    outer loop
      vertex   6.826955e+02 1.151943e+02 2.346508e+02
      vertex   6.826955e+02 1.201943e+02 2.346508e+02
      vertex   6.822746e+02 1.151943e+02 2.345380e+02
    endloop
  endfacet
  facet normal -2.588190e-01 0.000000e+00 9.659258e-01
    outer loop
      vertex   6.822746e+02 1.151943e+02 2.345380e+02
      vertex   6.826955e+02 1.201943e+02 2.346508e+02
      vertex   6.822746e+02 1.201943e+02 2.345380e+02
    endloop
  endfacet
  facet normal -8.715574e-02 0.000000e+00 9.961947e-01
    outer loop
      vertex   6.822746e+02 1.151943e+02 2.345380e+02
      vertex   6.822746e+02 1.201943e+02 2.345380e+02
      vertex   6.818405e+02 1.151943e+02 2.345000e+02
    endloop
  endfacet
  facet normal -8.715574e-02 0.000000e+00 9.961947e-01
    outer loop
      vertex   6.818405e+02 1.151943e+02 2.345000e+02
      vertex   6.822746e+02 1.201943e+02 2.345380e+02
      vertex   6.818405e+02 1.201943e+02 2.345000e+02
    endloop
  endfacet
  facet normal 8.715574e-02 -0.000000e+00 9.961947e-01
    outer loop
      vertex   6.818405e+02 1.151943e+02 2.345000e+02
      vertex   6.818405e+02 1.201943e+02 2.345000e+02
      vertex   6.814064e+02 1.151943e+02 2.345380e+02
    endloop
  endfacet
  facet normal 8.715574e-02 -0.000000e+00 9.961947e-01
    outer loop
      vertex   6.814064e+02 1.151943e+02 2.345380e+02
      vertex   6.818405e+02 1.201943e+02 2.345000e+02
      vertex   6.814064e+02 1.201943e+02 2.345380e+02
    endloop
  endfacet
  facet normal 2.588190e-01 -0.000000e+00 9.659258e-01
    outer loop
      vertex   6.814064e+02 1.151943e+02 2.345380e+02
      vertex   6.814064e+02 1.201943e+02 2.345380e+02
      vertex   6.809854e+02 1.151943e+02 2.346508e+02
    endloop
  endfacet
  facet normal 2.588190e-01 -0.000000e+00 9.659258e-01
    outer loop
      vertex   6.809854e+02 1.151943e+02 2.346508e+02
      vertex   6.814064e+02 1.201943e+02 2.345380e+02
      vertex   6.809854e+02 1.201943e+02 2.346508e+02
    endloop
  endfacet
  facet normal 4.226183e-01 -0.000000e+00 9.063078e-01
    outer loop
      vertex   6.809854e+02 1.151943e+02 2.346508e+02
      vertex   6.809854e+02 1.201943e+02 2.346508e+02
      vertex   6.805905e+02 1.151943e+02 2.348349e+02
    endloop
  endfacet
  facet normal 4.226183e-01 -0.000000e+00 9.063078e-01
    outer loop
      vertex   6.805905e+02 1.151943e+02 2.348349e+02
      vertex   6.809854e+02 1.201943e+02 2.346508e+02
      vertex   6.805905e+02 1.201943e+02 2.348349e+02
    endloop
  endfacet
  facet normal 5.735764e-01 -0.000000e+00 8.191520e-01
    outer loop
      vertex   6.805905e+02 1.151943e+02 2.348349e+02
      vertex   6.805905e+02 1.201943e+02 2.348349e+02
      vertex   6.802335e+02 1.151943e+02 2.350849e+02
    endloop
  endfacet
  facet normal 5.735764e-01 -0.000000e+00 8.191520e-01
    outer loop
      vertex   6.802335e+02 1.151943e+02 2.350849e+02
      vertex   6.805905e+02 1.201943e+02 2.348349e+02
      vertex   6.802335e+02 1.201943e+02 2.350849e+02
    endloop
  endfacet
  facet normal 7.071068e-01 -0.000000e+00 7.071068e-01
    outer loop
      vertex   6.802335e+02 1.151943e+02 2.350849e+02
      vertex   6.802335e+02 1.201943e+02 2.350849e+02
      vertex   6.799254e+02 1.151943e+02 2.353930e+02
    endloop
  endfacet
  facet normal 7.071068e-01 -0.000000e+00 7.071068e-01
    outer loop
      vertex   6.799254e+02 1.151943e+02 2.353930e+02
      vertex   6.802335e+02 1.201943e+02 2.350849e+02
      vertex   6.799254e+02 1.201943e+02 2.353930e+02
    endloop
  endfacet
  facet normal 8.191520e-01 -0.000000e+00 5.735764e-01
    outer loop
      vertex   6.799254e+02 1.151943e+02 2.353930e+02
      vertex   6.799254e+02 1.201943e+02 2.353930e+02
      vertex   6.796754e+02 1.151943e+02 2.357500e+02
    endloop
  endfacet
  facet normal 8.191520e-01 -0.000000e+00 5.735764e-01
    outer loop
      vertex   6.796754e+02 1.151943e+02 2.357500e+02
      vertex   6.799254e+02 1.201943e+02 2.353930e+02
      vertex   6.796754e+02 1.201943e+02 2.357500e+02
    endloop
  endfacet
  facet normal 9.063078e-01 -0.000000e+00 4.226183e-01
    outer loop
      vertex   6.796754e+02 1.151943e+02 2.357500e+02
      vertex   6.796754e+02 1.201943e+02 2.357500e+02
      vertex   6.794912e+02 1.151943e+02 2.361449e+02
    endloop
  endfacet
  facet normal 9.063078e-01 -0.000000e+00 4.226183e-01
    outer loop
      vertex   6.794912e+02 1.151943e+02 2.361449e+02
      vertex   6.796754e+02 1.201943e+02 2.357500e+02
      vertex   6.794912e+02 1.201943e+02 2.361449e+02
    endloop
  endfacet
  facet normal 9.659258e-01 -0.000000e+00 2.588190e-01
    outer loop
      vertex   6.794912e+02 1.151943e+02 2.361449e+02
      vertex   6.794912e+02 1.201943e+02 2.361449e+02
      vertex   6.793785e+02 1.151943e+02 2.365659e+02
    endloop
  endfacet
  facet normal 9.659258e-01 -0.000000e+00 2.588190e-01
    outer loop
      vertex   6.793785e+02 1.151943e+02 2.365659e+02
      vertex   6.794912e+02 1.201943e+02 2.361449e+02
      vertex   6.793785e+02 1.201943e+02 2.365659e+02
    endloop
  endfacet
  facet normal 9.961947e-01 -0.000000e+00 8.715574e-02
    outer loop
      vertex   6.793785e+02 1.151943e+02 2.365659e+02
      vertex   6.793785e+02 1.201943e+02 2.365659e+02
      vertex   6.793405e+02 1.151943e+02 2.370000e+02
    endloop
  endfacet
  facet normal 9.961947e-01 -0.000000e+00 8.715574e-02
    outer loop
      vertex   6.793405e+02 1.151943e+02 2.370000e+02
      vertex   6.793785e+02 1.201943e+02 2.365659e+02
      vertex   6.793405e+02 1.201943e+02 2.370000e+02
    endloop
  endfacet
  facet normal 9.961947e-01 0.000000e+00 -8.715574e-02
    outer loop
      vertex   6.793405e+02 1.151943e+02 2.370000e+02
      vertex   6.793405e+02 1.201943e+02 2.370000e+02
      vertex   6.793785e+02 1.151943e+02 2.374341e+02
    endloop
  endfacet
  facet normal 9.961947e-01 0.000000e+00 -8.715574e-02
    outer loop
      vertex   6.793785e+02 1.151943e+02 2.374341e+02
      vertex   6.793405e+02 1.201943e+02 2.370000e+02
      vertex   6.793785e+02 1.201943e+02 2.374341e+02
    endloop
  endfacet
  facet normal 9.659258e-01 0.000000e+00 -2.588190e-01
    outer loop
      vertex   6.793785e+02 1.151943e+02 2.374341e+02
      vertex   6.793785e+02 1.201943e+02 2.374341e+02
      vertex   6.794912e+02 1.151943e+02 2.378551e+02
    endloop
  endfacet
  facet normal 9.659258e-01 0.000000e+00 -2.588190e-01
    outer loop
      vertex   6.794912e+02 1.151943e+02 2.378551e+02
      vertex   6.793785e+02 1.201943e+02 2.374341e+02
      vertex   6.794912e+02 1.201943e+02 2.378551e+02
    endloop
  endfacet
  facet normal 9.063078e-01 0.000000e+00 -4.226183e-01
    outer loop
      vertex   6.794912e+02 1.151943e+02 2.378551e+02
      vertex   6.794912e+02 1.201943e+02 2.378551e+02
      vertex   6.796754e+02 1.151943e+02 2.382500e+02
    endloop
  endfacet
  facet normal 9.063078e-01 0.000000e+00 -4.226183e-01
    outer loop
      vertex   6.796754e+02 1.151943e+02 2.382500e+02
      vertex   6.794912e+02 1.201943e+02 2.378551e+02
      vertex   6.796754e+02 1.201943e+02 2.382500e+02
    endloop
  endfacet
  facet normal 8.191520e-01 0.000000e+00 -5.735764e-01
    outer loop
      vertex   6.796754e+02 1.151943e+02 2.382500e+02
      vertex   6.796754e+02 1.201943e+02 2.382500e+02
      vertex   6.799254e+02 1.151943e+02 2.386070e+02
    endloop
  endfacet
  facet normal 8.191520e-01 0.000000e+00 -5.735764e-01
    outer loop
      vertex   6.799254e+02 1.151943e+02 2.386070e+02
      vertex   6.796754e+02 1.201943e+02 2.382500e+02
      vertex   6.799254e+02 1.201943e+02 2.386070e+02
    endloop
  endfacet
  facet normal 7.071068e-01 0.000000e+00 -7.071068e-01
    outer loop
      vertex   6.799254e+02 1.151943e+02 2.386070e+02
      vertex   6.799254e+02 1.201943e+02 2.386070e+02
      vertex   6.802335e+02 1.151943e+02 2.389151e+02
    endloop
  endfacet
  facet normal 7.071068e-01 0.000000e+00 -7.071068e-01
    outer loop
      vertex   6.802335e+02 1.151943e+02 2.389151e+02
      vertex   6.799254e+02 1.201943e+02 2.386070e+02
      vertex   6.802335e+02 1.201943e+02 2.389151e+02
    endloop
  endfacet
  facet normal 5.735764e-01 0.000000e+00 -8.191520e-01
    outer loop
      vertex   6.802335e+02 1.151943e+02 2.389151e+02
      vertex   6.802335e+02 1.201943e+02 2.389151e+02
      vertex   6.805905e+02 1.151943e+02 2.391651e+02
    endloop
  endfacet
  facet normal 5.735764e-01 0.000000e+00 -8.191520e-01
    outer loop
      vertex   6.805905e+02 1.151943e+02 2.391651e+02
      vertex   6.802335e+02 1.201943e+02 2.389151e+02
      vertex   6.805905e+02 1.201943e+02 2.391651e+02
    endloop
  endfacet
  facet normal 4.226183e-01 0.000000e+00 -9.063078e-01
    outer loop
      vertex   6.805905e+02 1.151943e+02 2.391651e+02
      vertex   6.805905e+02 1.201943e+02 2.391651e+02
      vertex   6.809854e+02 1.151943e+02 2.393492e+02
    endloop
  endfacet
  facet normal 4.226183e-01 0.000000e+00 -9.063078e-01
    outer loop
      vertex   6.809854e+02 1.151943e+02 2.393492e+02
      vertex   6.805905e+02 1.201943e+02 2.391651e+02
      vertex   6.809854e+02 1.201943e+02 2.393492e+02
    endloop
  endfacet
  facet normal 2.588190e-01 0.000000e+00 -9.659258e-01
    outer loop
      vertex   6.809854e+02 1.151943e+02 2.393492e+02
      vertex   6.809854e+02 1.201943e+02 2.393492e+02
      vertex   6.814064e+02 1.151943e+02 2.394620e+02
    endloop
  endfacet
  facet normal 2.588190e-01 0.000000e+00 -9.659258e-01
    outer loop
      vertex   6.814064e+02 1.151943e+02 2.394620e+02
      vertex   6.809854e+02 1.201943e+02 2.393492e+02
      vertex   6.814064e+02 1.201943e+02 2.394620e+02
    endloop
  endfacet
  facet normal 8.715574e-02 0.000000e+00 -9.961947e-01
    outer loop
      vertex   6.814064e+02 1.151943e+02 2.394620e+02
      vertex   6.814064e+02 1.201943e+02 2.394620e+02
      vertex   6.818405e+02 1.151943e+02 2.395000e+02
    endloop
  endfacet
  facet normal 8.715574e-02 0.000000e+00 -9.961947e-01
    outer loop
      vertex   6.818405e+02 1.151943e+02 2.395000e+02
      vertex   6.814064e+02 1.201943e+02 2.394620e+02
      vertex   6.818405e+02 1.201943e+02 2.395000e+02
    endloop
  endfacet
  facet normal -8.715574e-02 0.000000e+00 -9.961947e-01
    outer loop
      vertex   6.818405e+02 1.151943e+02 2.395000e+02
      vertex   6.818405e+02 1.201943e+02 2.395000e+02
      vertex   6.822746e+02 1.151943e+02 2.394620e+02
    endloop
  endfacet
  facet normal -8.715574e-02 0.000000e+00 -9.961947e-01
    outer loop
      vertex   6.822746e+02 1.151943e+02 2.394620e+02
      vertex   6.818405e+02 1.201943e+02 2.395000e+02
      vertex   6.822746e+02 1.201943e+02 2.394620e+02
    endloop
  endfacet
  facet normal -2.588190e-01 0.000000e+00 -9.659258e-01
    outer loop
      vertex   6.822746e+02 1.151943e+02 2.394620e+02
      vertex   6.822746e+02 1.201943e+02 2.394620e+02
      vertex   6.826955e+02 1.151943e+02 2.393492e+02
    endloop
  endfacet
  facet normal -2.588190e-01 0.000000e+00 -9.659258e-01
    outer loop
      vertex   6.826955e+02 1.151943e+02 2.393492e+02
      vertex   6.822746e+02 1.201943e+02 2.394620e+02
      vertex   6.826955e+02 1.201943e+02 2.393492e+02
    endloop
  endfacet
  facet normal -4.226183e-01 0.000000e+00 -9.063078e-01
    outer loop
      vertex   6.826955e+02 1.151943e+02 2.393492e+02
      vertex   6.826955e+02 1.201943e+02 2.393492e+02
      vertex   6.830905e+02 1.151943e+02 2.391651e+02
    endloop
  endfacet
  facet normal -4.226183e-01 0.000000e+00 -9.063078e-01
    outer loop
      vertex   6.830905e+02 1.151943e+02 2.391651e+02
      vertex   6.826955e+02 1.201943e+02 2.393492e+02
      vertex   6.830905e+02 1.201943e+02 2.391651e+02
    endloop
  endfacet
  facet normal -5.735764e-01 0.000000e+00 -8.191520e-01
    outer loop
      vertex   6.830905e+02 1.151943e+02 2.391651e+02
      vertex   6.830905e+02 1.201943e+02 2.391651e+02
      vertex   6.834474e+02 1.151943e+02 2.389151e+02
    endloop
  endfacet
  facet normal -5.735764e-01 0.000000e+00 -8.191520e-01
    outer loop
      vertex   6.834474e+02 1.151943e+02 2.389151e+02
      vertex   6.830905e+02 1.201943e+02 2.391651e+02
      vertex   6.834474e+02 1.201943e+02 2.389151e+02
    endloop
  endfacet
  facet normal -7.071068e-01 0.000000e+00 -7.071068e-01
    outer loop
      vertex   6.834474e+02 1.151943e+02 2.389151e+02
      vertex   6.834474e+02 1.201943e+02 2.389151e+02
      vertex   6.837556e+02 1.151943e+02 2.386070e+02
    endloop
  endfacet
  facet normal -7.071068e-01 0.000000e+00 -7.071068e-01
    outer loop
      vertex   6.837556e+02 1.151943e+02 2.386070e+02
      vertex   6.834474e+02 1.201943e+02 2.389151e+02
      vertex   6.837556e+02 1.201943e+02 2.386070e+02
    endloop
  endfacet
  facet normal -8.191520e-01 0.000000e+00 -5.735764e-01
    outer loop
      vertex   6.837556e+02 1.151943e+02 2.386070e+02
      vertex   6.837556e+02 1.201943e+02 2.386070e+02
      vertex   6.840055e+02 1.151943e+02 2.382500e+02
    endloop
  endfacet
  facet normal -8.191520e-01 0.000000e+00 -5.735764e-01
    outer loop
      vertex   6.840055e+02 1.151943e+02 2.382500e+02
      vertex   6.837556e+02 1.201943e+02 2.386070e+02
      vertex   6.840055e+02 1.201943e+02 2.382500e+02
    endloop
  endfacet
  facet normal -9.063078e-01 0.000000e+00 -4.226183e-01
    outer loop
      vertex   6.840055e+02 1.151943e+02 2.382500e+02
      vertex   6.840055e+02 1.201943e+02 2.382500e+02
      vertex   6.841897e+02 1.151943e+02 2.378551e+02
    endloop
  endfacet
  facet normal -9.063078e-01 0.000000e+00 -4.226183e-01
    outer loop
      vertex   6.841897e+02 1.151943e+02 2.378551e+02
      vertex   6.840055e+02 1.201943e+02 2.382500e+02
      vertex   6.841897e+02 1.201943e+02 2.378551e+02
    endloop
  endfacet
  facet normal -9.659258e-01 0.000000e+00 -2.588190e-01
    outer loop
      vertex   6.841897e+02 1.151943e+02 2.378551e+02
      vertex   6.841897e+02 1.201943e+02 2.378551e+02
      vertex   6.843025e+02 1.151943e+02 2.374341e+02
    endloop
  endfacet
  facet normal -9.659258e-01 0.000000e+00 -2.588190e-01
    outer loop
      vertex   6.843025e+02 1.151943e+02 2.374341e+02
      vertex   6.841897e+02 1.201943e+02 2.378551e+02
      vertex   6.843025e+02 1.201943e+02 2.374341e+02
    endloop
  endfacet
  facet normal 8.660254e-01 0.000000e+00 -5.000000e-01
    outer loop
      vertex   7.394733e+02 2.701943e+02 2.561000e+02
      vertex   7.371062e+02 2.701943e+02 2.520000e+02
      vertex   7.394733e+02 2.741943e+02 2.561000e+02
    endloop
  endfacet
  facet normal 8.660254e-01 0.000000e+00 -5.000000e-01
    outer loop
      vertex   7.394733e+02 2.741943e+02 2.561000e+02
      vertex   7.371062e+02 2.701943e+02 2.520000e+02
      vertex   7.371062e+02 2.741943e+02 2.520000e+02
    endloop
  endfacet
  facet normal 8.660254e-01 -0.000000e+00 5.000000e-01
    outer loop
      vertex   7.371062e+02 2.701943e+02 2.520000e+02
      vertex   7.394733e+02 2.701943e+02 2.479000e+02
      vertex   7.371062e+02 2.741943e+02 2.520000e+02
    endloop
  endfacet
  facet normal 8.660254e-01 0.000000e+00 5.000000e-01
    outer loop
      vertex   7.371062e+02 2.741943e+02 2.520000e+02
      vertex   7.394733e+02 2.701943e+02 2.479000e+02
      vertex   7.394733e+02 2.741943e+02 2.479000e+02
    endloop
  endfacet
  facet normal 0.000000e+00 0.000000e+00 1.000000e+00
    outer loop
      vertex   7.394733e+02 2.701943e+02 2.479000e+02
      vertex   7.442076e+02 2.701943e+02 2.479000e+02
      vertex   7.394733e+02 2.741943e+02 2.479000e+02
    endloop
  endfacet
  facet normal -0.000000e+00 0.000000e+00 1.000000e+00
    outer loop
      vertex   7.394733e+02 2.741943e+02 2.479000e+02
      vertex   7.442076e+02 2.701943e+02 2.479000e+02
      vertex   7.442076e+02 2.741943e+02 2.479000e+02
    endloop
  endfacet
  facet normal -8.660254e-01 0.000000e+00 5.000000e-01
    outer loop
      vertex   7.442076e+02 2.701943e+02 2.479000e+02
      vertex   7.465747e+02 2.701943e+02 2.520000e+02
      vertex   7.442076e+02 2.741943e+02 2.479000e+02
    endloop
  endfacet
  facet normal -8.660254e-01 0.000000e+00 5.000000e-01
    outer loop
      vertex   7.442076e+02 2.741943e+02 2.479000e+02
      vertex   7.465747e+02 2.701943e+02 2.520000e+02
      vertex   7.465747e+02 2.741943e+02 2.520000e+02
    endloop
  endfacet
  facet normal -8.660254e-01 0.000000e+00 -5.000000e-01
    outer loop
      vertex   7.465747e+02 2.701943e+02 2.520000e+02
      vertex   7.442076e+02 2.701943e+02 2.561000e+02
      vertex   7.465747e+02 2.741943e+02 2.520000e+02
    endloop
  endfacet
  facet normal -8.660254e-01 0.000000e+00 -5.000000e-01
    outer loop
      vertex   7.465747e+02 2.741943e+02 2.520000e+02
      vertex   7.442076e+02 2.701943e+02 2.561000e+02
      vertex   7.442076e+02 2.741943e+02 2.561000e+02
    endloop
  endfacet
  facet normal -1.200679e-14 0.000000e+00 -1.000000e+00
    outer loop
      vertex   7.442076e+02 2.701943e+02 2.561000e+02
      vertex   7.394733e+02 2.701943e+02 2.561000e+02
      vertex   7.442076e+02 2.741943e+02 2.561000e+02
    endloop
  endfacet
  facet normal -1.200679e-14 0.000000e+00 -1.000000e+00
    outer loop
      vertex   7.442076e+02 2.741943e+02 2.561000e+02
      vertex   7.394733e+02 2.701943e+02 2.561000e+02
      vertex   7.394733e+02 2.741943e+02 2.561000e+02
    endloop
  endfacet
  facet normal 0.000000e+00 -1.000000e+00 0.000000e+00
    outer loop
      vertex   7.397724e+02 2.741943e+02 2.516353e+02
      vertex   7.397405e+02 2.741943e+02 2.520000e+02
      vertex   7.371062e+02 2.741943e+02 2.520000e+02
    endloop
  endfacet
  facet normal 0.000000e+00 -1.000000e+00 0.000000e+00
    outer loop
      vertex   7.371062e+02 2.741943e+02 2.520000e+02
      vertex   7.397405e+02 2.741943e+02 2.520000e+02
      vertex   7.397724e+02 2.741943e+02 2.523647e+02
    endloop
  endfacet
  facet normal 0.000000e+00 -1.000000e+00 0.000000e+00
    outer loop
      vertex   7.371062e+02 2.741943e+02 2.520000e+02
      vertex   7.397724e+02 2.741943e+02 2.523647e+02
      vertex   7.398671e+02 2.741943e+02 2.527182e+02
    endloop
  endfacet
  facet normal -0.000000e+00 -1.000000e+00 0.000000e+00
    outer loop
      vertex   7.398671e+02 2.741943e+02 2.527182e+02
      vertex   7.400218e+02 2.741943e+02 2.530500e+02
      vertex   7.371062e+02 2.741943e+02 2.520000e+02
    endloop
  endfacet
  facet normal 0.000000e+00 -1.000000e+00 0.000000e+00
    outer loop
      vertex   7.371062e+02 2.741943e+02 2.520000e+02
      vertex   7.400218e+02 2.741943e+02 2.530500e+02
      vertex   7.394733e+02 2.741943e+02 2.561000e+02
    endloop
  endfacet
  facet normal 0.000000e+00 -1.000000e+00 0.000000e+00
    outer loop
      vertex   7.394733e+02 2.741943e+02 2.561000e+02
      vertex   7.400218e+02 2.741943e+02 2.530500e+02
      vertex   7.402318e+02 2.741943e+02 2.533499e+02
    endloop
  endfacet
  facet normal 0.000000e+00 -1.000000e+00 0.000000e+00
    outer loop
      vertex   7.394733e+02 2.741943e+02 2.561000e+02
      vertex   7.402318e+02 2.741943e+02 2.533499e+02
      vertex   7.404906e+02 2.741943e+02 2.536087e+02
    endloop
  endfacet
  facet normal 0.000000e+00 -1.000000e+00 0.000000e+00
    outer loop
      vertex   7.404906e+02 2.741943e+02 2.536087e+02
      vertex   7.407905e+02 2.741943e+02 2.538187e+02
      vertex   7.394733e+02 2.741943e+02 2.561000e+02
    endloop
  endfacet
  facet normal 0.000000e+00 -1.000000e+00 0.000000e+00
    outer loop
      vertex   7.394733e+02 2.741943e+02 2.561000e+02
      vertex   7.407905e+02 2.741943e+02 2.538187e+02
      vertex   7.411222e+02 2.741943e+02 2.539734e+02
    endloop
  endfacet
  facet normal 0.000000e+00 -1.000000e+00 0.000000e+00
    outer loop
      vertex   7.394733e+02 2.741943e+02 2.561000e+02
      vertex   7.411222e+02 2.741943e+02 2.539734e+02
      vertex   7.414758e+02 2.741943e+02 2.540681e+02
    endloop
  endfacet
  facet normal 0.000000e+00 -1.000000e+00 0.000000e+00
    outer loop
      vertex   7.414758e+02 2.741943e+02 2.540681e+02
      vertex   7.418405e+02 2.741943e+02 2.541000e+02
      vertex   7.394733e+02 2.741943e+02 2.561000e+02
    endloop
  endfacet
  facet normal 0.000000e+00 -1.000000e+00 0.000000e+00
    outer loop
      vertex   7.394733e+02 2.741943e+02 2.561000e+02
      vertex   7.418405e+02 2.741943e+02 2.541000e+02
      vertex   7.442076e+02 2.741943e+02 2.561000e+02
    endloop
  endfacet
  facet normal 0.000000e+00 -1.000000e+00 0.000000e+00
    outer loop
      vertex   7.442076e+02 2.741943e+02 2.561000e+02
      vertex   7.418405e+02 2.741943e+02 2.541000e+02
      vertex   7.422051e+02 2.741943e+02 2.540681e+02
    endloop
  endfacet
  facet normal 0.000000e+00 -1.000000e+00 0.000000e+00
    outer loop
      vertex   7.442076e+02 2.741943e+02 2.561000e+02
      vertex   7.422051e+02 2.741943e+02 2.540681e+02
      vertex   7.425587e+02 2.741943e+02 2.539734e+02
    endloop
  endfacet
  facet normal 0.000000e+00 -1.000000e+00 0.000000e+00
    outer loop
      vertex   7.425587e+02 2.741943e+02 2.539734e+02
      vertex   7.428905e+02 2.741943e+02 2.538187e+02
      vertex   7.442076e+02 2.741943e+02 2.561000e+02
    endloop
  endfacet
  facet normal 0.000000e+00 -1.000000e+00 0.000000e+00
    outer loop
      vertex   7.442076e+02 2.741943e+02 2.561000e+02
      vertex   7.428905e+02 2.741943e+02 2.538187e+02
      vertex   7.431903e+02 2.741943e+02 2.536087e+02
    endloop
  endfacet
  facet normal 0.000000e+00 -1.000000e+00 0.000000e+00
    outer loop
      vertex   7.442076e+02 2.741943e+02 2.561000e+02
      vertex   7.431903e+02 2.741943e+02 2.536087e+02
      vertex   7.434492e+02 2.741943e+02 2.533499e+02
    endloop
  endfacet
  facet normal 0.000000e+00 -1.000000e+00 0.000000e+00
    outer loop
      vertex   7.434492e+02 2.741943e+02 2.533499e+02
      vertex   7.436591e+02 2.741943e+02 2.530500e+02
      vertex   7.442076e+02 2.741943e+02 2.561000e+02
    endloop
  endfacet
  facet normal 0.000000e+00 -1.000000e+00 -0.000000e+00
    outer loop
      vertex   7.442076e+02 2.741943e+02 2.561000e+02
      vertex   7.436591e+02 2.741943e+02 2.530500e+02
      vertex   7.465747e+02 2.741943e+02 2.520000e+02
    endloop
  endfacet
  facet normal 0.000000e+00 -1.000000e+00 0.000000e+00
    outer loop
      vertex   7.465747e+02 2.741943e+02 2.520000e+02
      vertex   7.436591e+02 2.741943e+02 2.530500e+02
      vertex   7.438138e+02 2.741943e+02 2.527182e+02
    endloop
  endfacet
  facet normal 0.000000e+00 -1.000000e+00 0.000000e+00
    outer loop
      vertex   7.465747e+02 2.741943e+02 2.520000e+02
      vertex   7.438138e+02 2.741943e+02 2.527182e+02
      vertex   7.439086e+02 2.741943e+02 2.523647e+02
    endloop
  endfacet
  facet normal 0.000000e+00 -1.000000e+00 0.000000e+00
    outer loop
      vertex   7.439086e+02 2.741943e+02 2.523647e+02
      vertex   7.439405e+02 2.741943e+02 2.520000e+02
      vertex   7.465747e+02 2.741943e+02 2.520000e+02
    endloop
  endfacet
  facet normal -0.000000e+00 -1.000000e+00 0.000000e+00
    outer loop
      vertex   7.465747e+02 2.741943e+02 2.520000e+02
      vertex   7.439405e+02 2.741943e+02 2.520000e+02
      vertex   7.439086e+02 2.741943e+02 2.516353e+02
    endloop
  endfacet
  facet normal 0.000000e+00 -1.000000e+00 0.000000e+00
    outer loop
      vertex   7.465747e+02 2.741943e+02 2.520000e+02
      vertex   7.439086e+02 2.741943e+02 2.516353e+02
      vertex   7.438138e+02 2.741943e+02 2.512818e+02
    endloop
  endfacet
  facet normal 0.000000e+00 -1.000000e+00 -0.000000e+00
    outer loop
      vertex   7.438138e+02 2.741943e+02 2.512818e+02
      vertex   7.436591e+02 2.741943e+02 2.509500e+02
      vertex   7.465747e+02 2.741943e+02 2.520000e+02
    endloop
  endfacet
  facet normal 0.000000e+00 -1.000000e+00 0.000000e+00
    outer loop
      vertex   7.465747e+02 2.741943e+02 2.520000e+02
      vertex   7.436591e+02 2.741943e+02 2.509500e+02
      vertex   7.442076e+02 2.741943e+02 2.479000e+02
    endloop
  endfacet
  facet normal 0.000000e+00 -1.000000e+00 0.000000e+00
    outer loop
      vertex   7.442076e+02 2.741943e+02 2.479000e+02
      vertex   7.436591e+02 2.741943e+02 2.509500e+02
      vertex   7.434492e+02 2.741943e+02 2.506501e+02
    endloop
  endfacet
  facet normal 0.000000e+00 -1.000000e+00 0.000000e+00
    outer loop
      vertex   7.442076e+02 2.741943e+02 2.479000e+02
      vertex   7.434492e+02 2.741943e+02 2.506501e+02
      vertex   7.431903e+02 2.741943e+02 2.503913e+02
    endloop
  endfacet
  facet normal 0.000000e+00 -1.000000e+00 -0.000000e+00
    outer loop
      vertex   7.431903e+02 2.741943e+02 2.503913e+02
      vertex   7.428905e+02 2.741943e+02 2.501813e+02
      vertex   7.442076e+02 2.741943e+02 2.479000e+02
    endloop
  endfacet
  facet normal 0.000000e+00 -1.000000e+00 0.000000e+00
    outer loop
      vertex   7.442076e+02 2.741943e+02 2.479000e+02
      vertex   7.428905e+02 2.741943e+02 2.501813e+02
      vertex   7.425587e+02 2.741943e+02 2.500266e+02
    endloop
  endfacet
  facet normal 0.000000e+00 -1.000000e+00 0.000000e+00
    outer loop
      vertex   7.442076e+02 2.741943e+02 2.479000e+02
      vertex   7.425587e+02 2.741943e+02 2.500266e+02
      vertex   7.422051e+02 2.741943e+02 2.499319e+02
    endloop
  endfacet
  facet normal 0.000000e+00 -1.000000e+00 -0.000000e+00
    outer loop
      vertex   7.422051e+02 2.741943e+02 2.499319e+02
      vertex   7.418405e+02 2.741943e+02 2.499000e+02
      vertex   7.442076e+02 2.741943e+02 2.479000e+02
    endloop
  endfacet
  facet normal 0.000000e+00 -1.000000e+00 0.000000e+00
    outer loop
      vertex   7.442076e+02 2.741943e+02 2.479000e+02
      vertex   7.418405e+02 2.741943e+02 2.499000e+02
      vertex   7.394733e+02 2.741943e+02 2.479000e+02
    endloop
  endfacet
  facet normal 0.000000e+00 -1.000000e+00 0.000000e+00
    outer loop
      vertex   7.394733e+02 2.741943e+02 2.479000e+02
      vertex   7.418405e+02 2.741943e+02 2.499000e+02
      vertex   7.414758e+02 2.741943e+02 2.499319e+02
    endloop
  endfacet
  facet normal 0.000000e+00 -1.000000e+00 0.000000e+00
    outer loop
      vertex   7.394733e+02 2.741943e+02 2.479000e+02
      vertex   7.414758e+02 2.741943e+02 2.499319e+02
      vertex   7.411222e+02 2.741943e+02 2.500266e+02
    endloop
  endfacet
  facet normal -0.000000e+00 -1.000000e+00 0.000000e+00
    outer loop
      vertex   7.411222e+02 2.741943e+02 2.500266e+02
      vertex   7.407905e+02 2.741943e+02 2.501813e+02
      vertex   7.394733e+02 2.741943e+02 2.479000e+02
    endloop
  endfacet
  facet normal 0.000000e+00 -1.000000e+00 0.000000e+00
    outer loop
      vertex   7.394733e+02 2.741943e+02 2.479000e+02
      vertex   7.407905e+02 2.741943e+02 2.501813e+02
      vertex   7.404906e+02 2.741943e+02 2.503913e+02
    endloop
  endfacet
  facet normal 0.000000e+00 -1.000000e+00 0.000000e+00
    outer loop
      vertex   7.394733e+02 2.741943e+02 2.479000e+02
      vertex   7.404906e+02 2.741943e+02 2.503913e+02
      vertex   7.402318e+02 2.741943e+02 2.506501e+02
    endloop
  endfacet
  facet normal -0.000000e+00 -1.000000e+00 0.000000e+00
    outer loop
      vertex   7.402318e+02 2.741943e+02 2.506501e+02
      vertex   7.400218e+02 2.741943e+02 2.509500e+02
      vertex   7.394733e+02 2.741943e+02 2.479000e+02
    endloop
  endfacet
  facet normal 0.000000e+00 -1.000000e+00 0.000000e+00
    outer loop
      vertex   7.394733e+02 2.741943e+02 2.479000e+02
      vertex   7.400218e+02 2.741943e+02 2.509500e+02
      vertex   7.371062e+02 2.741943e+02 2.520000e+02
    endloop
  endfacet
  facet normal 0.000000e+00 -1.000000e+00 0.000000e+00
    outer loop
      vertex   7.371062e+02 2.741943e+02 2.520000e+02
      vertex   7.400218e+02 2.741943e+02 2.509500e+02
      vertex   7.398671e+02 2.741943e+02 2.512818e+02
    endloop
  endfacet
  facet normal 0.000000e+00 -1.000000e+00 0.000000e+00
    outer loop
      vertex   7.371062e+02 2.741943e+02 2.520000e+02
      vertex   7.398671e+02 2.741943e+02 2.512818e+02
      vertex   7.397724e+02 2.741943e+02 2.516353e+02
    endloop
  endfacet
  facet normal 9.961947e-01 -0.000000e+00 8.715574e-02
    outer loop
      vertex   7.397724e+02 2.741943e+02 2.516353e+02
      vertex   7.397724e+02 2.801943e+02 2.516353e+02
      vertex   7.397405e+02 2.741943e+02 2.520000e+02
    endloop
  endfacet
  facet normal 9.961947e-01 -0.000000e+00 8.715574e-02
    outer loop
      vertex   7.397405e+02 2.741943e+02 2.520000e+02
      vertex   7.397724e+02 2.801943e+02 2.516353e+02
      vertex   7.397405e+02 2.801943e+02 2.520000e+02
    endloop
  endfacet
  facet normal 9.961947e-01 0.000000e+00 -8.715574e-02
    outer loop
      vertex   7.397405e+02 2.741943e+02 2.520000e+02
      vertex   7.397405e+02 2.801943e+02 2.520000e+02
      vertex   7.397724e+02 2.741943e+02 2.523647e+02
    endloop
  endfacet
  facet normal 9.961947e-01 0.000000e+00 -8.715574e-02
    outer loop
      vertex   7.397724e+02 2.741943e+02 2.523647e+02
      vertex   7.397405e+02 2.801943e+02 2.520000e+02
      vertex   7.397724e+02 2.801943e+02 2.523647e+02
    endloop
  endfacet
  facet normal 9.659258e-01 0.000000e+00 -2.588190e-01
    outer loop
      vertex   7.397724e+02 2.741943e+02 2.523647e+02
      vertex   7.397724e+02 2.801943e+02 2.523647e+02
      vertex   7.398671e+02 2.741943e+02 2.527182e+02
    endloop
  endfacet
  facet normal 9.659258e-01 0.000000e+00 -2.588190e-01
    outer loop
      vertex   7.398671e+02 2.741943e+02 2.527182e+02
      vertex   7.397724e+02 2.801943e+02 2.523647e+02
      vertex   7.398671e+02 2.801943e+02 2.527182e+02
    endloop
  endfacet
  facet normal 9.063078e-01 0.000000e+00 -4.226183e-01
    outer loop
      vertex   7.398671e+02 2.741943e+02 2.527182e+02
      vertex   7.398671e+02 2.801943e+02 2.527182e+02
      vertex   7.400218e+02 2.741943e+02 2.530500e+02
    endloop
  endfacet
  facet normal 9.063078e-01 0.000000e+00 -4.226183e-01
    outer loop
      vertex   7.400218e+02 2.741943e+02 2.530500e+02
      vertex   7.398671e+02 2.801943e+02 2.527182e+02
      vertex   7.400218e+02 2.801943e+02 2.530500e+02
    endloop
  endfacet
  facet normal 8.191520e-01 0.000000e+00 -5.735764e-01
    outer loop
      vertex   7.400218e+02 2.741943e+02 2.530500e+02
      vertex   7.400218e+02 2.801943e+02 2.530500e+02
      vertex   7.402318e+02 2.741943e+02 2.533499e+02
    endloop
  endfacet
  facet normal 8.191520e-01 0.000000e+00 -5.735764e-01
    outer loop
      vertex   7.402318e+02 2.741943e+02 2.533499e+02
      vertex   7.400218e+02 2.801943e+02 2.530500e+02
      vertex   7.402318e+02 2.801943e+02 2.533499e+02
    endloop
  endfacet
  facet normal 7.071068e-01 0.000000e+00 -7.071068e-01
    outer loop
      vertex   7.402318e+02 2.741943e+02 2.533499e+02
      vertex   7.402318e+02 2.801943e+02 2.533499e+02
      vertex   7.404906e+02 2.741943e+02 2.536087e+02
    endloop
  endfacet
  facet normal 7.071068e-01 0.000000e+00 -7.071068e-01
    outer loop
      vertex   7.404906e+02 2.741943e+02 2.536087e+02
      vertex   7.402318e+02 2.801943e+02 2.533499e+02
      vertex   7.404906e+02 2.801943e+02 2.536087e+02
    endloop
  endfacet
  facet normal 5.735764e-01 0.000000e+00 -8.191520e-01
    outer loop
      vertex   7.404906e+02 2.741943e+02 2.536087e+02
      vertex   7.404906e+02 2.801943e+02 2.536087e+02
      vertex   7.407905e+02 2.741943e+02 2.538187e+02
    endloop
  endfacet
  facet normal 5.735764e-01 -2.173603e-14 -8.191520e-01
    outer loop
      vertex   7.407905e+02 2.741943e+02 2.538187e+02
      vertex   7.404906e+02 2.801943e+02 2.536087e+02
      vertex   7.407905e+02 2.801943e+02 2.538187e+02
    endloop
  endfacet
  facet normal 4.226183e-01 -1.601538e-14 -9.063078e-01
    outer loop
      vertex   7.407905e+02 2.741943e+02 2.538187e+02
      vertex   7.407905e+02 2.801943e+02 2.538187e+02
      vertex   7.411222e+02 2.741943e+02 2.539734e+02
    endloop
  endfacet
  facet normal 4.226183e-01 0.000000e+00 -9.063078e-01
    outer loop
      vertex   7.411222e+02 2.741943e+02 2.539734e+02
      vertex   7.407905e+02 2.801943e+02 2.538187e+02
      vertex   7.411222e+02 2.801943e+02 2.539734e+02
    endloop
  endfacet
  facet normal 2.588190e-01 0.000000e+00 -9.659258e-01
    outer loop
      vertex   7.411222e+02 2.741943e+02 2.539734e+02
      vertex   7.411222e+02 2.801943e+02 2.539734e+02
      vertex   7.414758e+02 2.741943e+02 2.540681e+02
    endloop
  endfacet
  facet normal 2.588190e-01 0.000000e+00 -9.659258e-01
    outer loop
      vertex   7.414758e+02 2.741943e+02 2.540681e+02
      vertex   7.411222e+02 2.801943e+02 2.539734e+02
      vertex   7.414758e+02 2.801943e+02 2.540681e+02
    endloop
  endfacet
  facet normal 8.715574e-02 0.000000e+00 -9.961947e-01
    outer loop
      vertex   7.414758e+02 2.741943e+02 2.540681e+02
      vertex   7.414758e+02 2.801943e+02 2.540681e+02
      vertex   7.418405e+02 2.741943e+02 2.541000e+02
    endloop
  endfacet
  facet normal 8.715574e-02 0.000000e+00 -9.961947e-01
    outer loop
      vertex   7.418405e+02 2.741943e+02 2.541000e+02
      vertex   7.414758e+02 2.801943e+02 2.540681e+02
      vertex   7.418405e+02 2.801943e+02 2.541000e+02
    endloop
  endfacet
  facet normal -8.715574e-02 0.000000e+00 -9.961947e-01
    outer loop
      vertex   7.418405e+02 2.741943e+02 2.541000e+02
      vertex   7.418405e+02 2.801943e+02 2.541000e+02
      vertex   7.422051e+02 2.741943e+02 2.540681e+02
    endloop
  endfacet
  facet normal -8.715574e-02 0.000000e+00 -9.961947e-01
    outer loop
      vertex   7.422051e+02 2.741943e+02 2.540681e+02
      vertex   7.418405e+02 2.801943e+02 2.541000e+02
      vertex   7.422051e+02 2.801943e+02 2.540681e+02
    endloop
  endfacet
  facet normal -2.588190e-01 0.000000e+00 -9.659258e-01
    outer loop
      vertex   7.422051e+02 2.741943e+02 2.540681e+02
      vertex   7.422051e+02 2.801943e+02 2.540681e+02
      vertex   7.425587e+02 2.741943e+02 2.539734e+02
    endloop
  endfacet
  facet normal -2.588190e-01 0.000000e+00 -9.659258e-01
    outer loop
      vertex   7.425587e+02 2.741943e+02 2.539734e+02
      vertex   7.422051e+02 2.801943e+02 2.540681e+02
      vertex   7.425587e+02 2.801943e+02 2.539734e+02
    endloop
  endfacet
  facet normal -4.226183e-01 0.000000e+00 -9.063078e-01
    outer loop
      vertex   7.425587e+02 2.741943e+02 2.539734e+02
      vertex   7.425587e+02 2.801943e+02 2.539734e+02
      vertex   7.428905e+02 2.741943e+02 2.538187e+02
    endloop
  endfacet
  facet normal -4.226183e-01 0.000000e+00 -9.063078e-01
    outer loop
      vertex   7.428905e+02 2.741943e+02 2.538187e+02
      vertex   7.425587e+02 2.801943e+02 2.539734e+02
      vertex   7.428905e+02 2.801943e+02 2.538187e+02
    endloop
  endfacet
  facet normal -5.735764e-01 0.000000e+00 -8.191520e-01
    outer loop
      vertex   7.428905e+02 2.741943e+02 2.538187e+02
      vertex   7.428905e+02 2.801943e+02 2.538187e+02
      vertex   7.431903e+02 2.741943e+02 2.536087e+02
    endloop
  endfacet
  facet normal -5.735764e-01 0.000000e+00 -8.191520e-01
    outer loop
      vertex   7.431903e+02 2.741943e+02 2.536087e+02
      vertex   7.428905e+02 2.801943e+02 2.538187e+02
      vertex   7.431903e+02 2.801943e+02 2.536087e+02
    endloop
  endfacet
  facet normal -7.071068e-01 0.000000e+00 -7.071068e-01
    outer loop
      vertex   7.431903e+02 2.741943e+02 2.536087e+02
      vertex   7.431903e+02 2.801943e+02 2.536087e+02
      vertex   7.434492e+02 2.741943e+02 2.533499e+02
    endloop
  endfacet
  facet normal -7.071068e-01 0.000000e+00 -7.071068e-01
    outer loop
      vertex   7.434492e+02 2.741943e+02 2.533499e+02
      vertex   7.431903e+02 2.801943e+02 2.536087e+02
      vertex   7.434492e+02 2.801943e+02 2.533499e+02
    endloop
  endfacet
  facet normal -8.191520e-01 0.000000e+00 -5.735764e-01
    outer loop
      vertex   7.434492e+02 2.741943e+02 2.533499e+02
      vertex   7.434492e+02 2.801943e+02 2.533499e+02
      vertex   7.436591e+02 2.741943e+02 2.530500e+02
    endloop
  endfacet
  facet normal -8.191520e-01 0.000000e+00 -5.735764e-01
    outer loop
      vertex   7.436591e+02 2.741943e+02 2.530500e+02
      vertex   7.434492e+02 2.801943e+02 2.533499e+02
      vertex   7.436591e+02 2.801943e+02 2.530500e+02
    endloop
  endfacet
  facet normal -9.063078e-01 0.000000e+00 -4.226183e-01
    outer loop
      vertex   7.436591e+02 2.741943e+02 2.530500e+02
      vertex   7.436591e+02 2.801943e+02 2.530500e+02
      vertex   7.438138e+02 2.741943e+02 2.527182e+02
    endloop
  endfacet
  facet normal -9.063078e-01 0.000000e+00 -4.226183e-01
    outer loop
      vertex   7.438138e+02 2.741943e+02 2.527182e+02
      vertex   7.436591e+02 2.801943e+02 2.530500e+02
      vertex   7.438138e+02 2.801943e+02 2.527182e+02
    endloop
  endfacet
  facet normal -9.659258e-01 0.000000e+00 -2.588190e-01
    outer loop
      vertex   7.438138e+02 2.741943e+02 2.527182e+02
      vertex   7.438138e+02 2.801943e+02 2.527182e+02
      vertex   7.439086e+02 2.741943e+02 2.523647e+02
    endloop
  endfacet
  facet normal -9.659258e-01 0.000000e+00 -2.588190e-01
    outer loop
      vertex   7.439086e+02 2.741943e+02 2.523647e+02
      vertex   7.438138e+02 2.801943e+02 2.527182e+02
      vertex   7.439086e+02 2.801943e+02 2.523647e+02
    endloop
  endfacet
  facet normal -9.961947e-01 0.000000e+00 -8.715574e-02
    outer loop
      vertex   7.439086e+02 2.741943e+02 2.523647e+02
      vertex   7.439086e+02 2.801943e+02 2.523647e+02
      vertex   7.439405e+02 2.741943e+02 2.520000e+02
    endloop
  endfacet
  facet normal -9.961947e-01 0.000000e+00 -8.715574e-02
    outer loop
      vertex   7.439405e+02 2.741943e+02 2.520000e+02
      vertex   7.439086e+02 2.801943e+02 2.523647e+02
      vertex   7.439405e+02 2.801943e+02 2.520000e+02
    endloop
  endfacet
  facet normal -9.961947e-01 0.000000e+00 8.715574e-02
    outer loop
      vertex   7.439405e+02 2.741943e+02 2.520000e+02
      vertex   7.439405e+02 2.801943e+02 2.520000e+02
      vertex   7.439086e+02 2.741943e+02 2.516353e+02
    endloop
  endfacet
  facet normal -9.961947e-01 0.000000e+00 8.715574e-02
    outer loop
      vertex   7.439086e+02 2.741943e+02 2.516353e+02
      vertex   7.439405e+02 2.801943e+02 2.520000e+02
      vertex   7.439086e+02 2.801943e+02 2.516353e+02
    endloop
  endfacet
  facet normal -9.659258e-01 0.000000e+00 2.588190e-01
    outer loop
      vertex   7.439086e+02 2.741943e+02 2.516353e+02
      vertex   7.439086e+02 2.801943e+02 2.516353e+02
      vertex   7.438138e+02 2.741943e+02 2.512818e+02
    endloop
  endfacet
  facet normal -9.659258e-01 0.000000e+00 2.588190e-01
    outer loop
      vertex   7.438138e+02 2.741943e+02 2.512818e+02
      vertex   7.439086e+02 2.801943e+02 2.516353e+02
      vertex   7.438138e+02 2.801943e+02 2.512818e+02
    endloop
  endfacet
  facet normal -9.063078e-01 0.000000e+00 4.226183e-01
    outer loop
      vertex   7.438138e+02 2.741943e+02 2.512818e+02
      vertex   7.438138e+02 2.801943e+02 2.512818e+02
      vertex   7.436591e+02 2.741943e+02 2.509500e+02
    endloop
  endfacet
  facet normal -9.063078e-01 0.000000e+00 4.226183e-01
    outer loop
      vertex   7.436591e+02 2.741943e+02 2.509500e+02
      vertex   7.438138e+02 2.801943e+02 2.512818e+02
      vertex   7.436591e+02 2.801943e+02 2.509500e+02
    endloop
  endfacet
  facet normal -8.191520e-01 0.000000e+00 5.735764e-01
    outer loop
      vertex   7.436591e+02 2.741943e+02 2.509500e+02
      vertex   7.436591e+02 2.801943e+02 2.509500e+02
      vertex   7.434492e+02 2.741943e+02 2.506501e+02
    endloop
  endfacet
  facet normal -8.191520e-01 0.000000e+00 5.735764e-01
    outer loop
      vertex   7.434492e+02 2.741943e+02 2.506501e+02
      vertex   7.436591e+02 2.801943e+02 2.509500e+02
      vertex   7.434492e+02 2.801943e+02 2.506501e+02
    endloop
  endfacet
  facet normal -7.071068e-01 0.000000e+00 7.071068e-01
    outer loop
      vertex   7.434492e+02 2.741943e+02 2.506501e+02
      vertex   7.434492e+02 2.801943e+02 2.506501e+02
      vertex   7.431903e+02 2.741943e+02 2.503913e+02
    endloop
  endfacet
  facet normal -7.071068e-01 0.000000e+00 7.071068e-01
    outer loop
      vertex   7.431903e+02 2.741943e+02 2.503913e+02
      vertex   7.434492e+02 2.801943e+02 2.506501e+02
      vertex   7.431903e+02 2.801943e+02 2.503913e+02
    endloop
  endfacet
  facet normal -5.735764e-01 0.000000e+00 8.191520e-01
    outer loop
      vertex   7.431903e+02 2.741943e+02 2.503913e+02
      vertex   7.431903e+02 2.801943e+02 2.503913e+02
      vertex   7.428905e+02 2.741943e+02 2.501813e+02
    endloop
  endfacet
  facet normal -5.735764e-01 1.086802e-14 8.191520e-01
    outer loop
      vertex   7.428905e+02 2.741943e+02 2.501813e+02
      vertex   7.431903e+02 2.801943e+02 2.503913e+02
      vertex   7.428905e+02 2.801943e+02 2.501813e+02
    endloop
  endfacet
  facet normal -4.226183e-01 8.007689e-15 9.063078e-01
    outer loop
      vertex   7.428905e+02 2.741943e+02 2.501813e+02
      vertex   7.428905e+02 2.801943e+02 2.501813e+02
      vertex   7.425587e+02 2.741943e+02 2.500266e+02
    endloop
  endfacet
  facet normal -4.226183e-01 0.000000e+00 9.063078e-01
    outer loop
      vertex   7.425587e+02 2.741943e+02 2.500266e+02
      vertex   7.428905e+02 2.801943e+02 2.501813e+02
      vertex   7.425587e+02 2.801943e+02 2.500266e+02
    endloop
  endfacet
  facet normal -2.588190e-01 0.000000e+00 9.659258e-01
    outer loop
      vertex   7.425587e+02 2.741943e+02 2.500266e+02
      vertex   7.425587e+02 2.801943e+02 2.500266e+02
      vertex   7.422051e+02 2.741943e+02 2.499319e+02
    endloop
  endfacet
  facet normal -2.588190e-01 0.000000e+00 9.659258e-01
    outer loop
      vertex   7.422051e+02 2.741943e+02 2.499319e+02
      vertex   7.425587e+02 2.801943e+02 2.500266e+02
      vertex   7.422051e+02 2.801943e+02 2.499319e+02
    endloop
  endfacet
  facet normal -8.715574e-02 0.000000e+00 9.961947e-01
    outer loop
      vertex   7.422051e+02 2.741943e+02 2.499319e+02
      vertex   7.422051e+02 2.801943e+02 2.499319e+02
      vertex   7.418405e+02 2.741943e+02 2.499000e+02
    endloop
  endfacet
  facet normal -8.715574e-02 0.000000e+00 9.961947e-01
    outer loop
      vertex   7.418405e+02 2.741943e+02 2.499000e+02
      vertex   7.422051e+02 2.801943e+02 2.499319e+02
      vertex   7.418405e+02 2.801943e+02 2.499000e+02
    endloop
  endfacet
  facet normal 8.715574e-02 -0.000000e+00 9.961947e-01
    outer loop
      vertex   7.418405e+02 2.741943e+02 2.499000e+02
      vertex   7.418405e+02 2.801943e+02 2.499000e+02
      vertex   7.414758e+02 2.741943e+02 2.499319e+02
    endloop
  endfacet
  facet normal 8.715574e-02 -0.000000e+00 9.961947e-01
    outer loop
      vertex   7.414758e+02 2.741943e+02 2.499319e+02
      vertex   7.418405e+02 2.801943e+02 2.499000e+02
      vertex   7.414758e+02 2.801943e+02 2.499319e+02
    endloop
  endfacet
  facet normal 2.588190e-01 -0.000000e+00 9.659258e-01
    outer loop
      vertex   7.414758e+02 2.741943e+02 2.499319e+02
      vertex   7.414758e+02 2.801943e+02 2.499319e+02
      vertex   7.411222e+02 2.741943e+02 2.500266e+02
    endloop
  endfacet
  facet normal 2.588190e-01 -0.000000e+00 9.659258e-01
    outer loop
      vertex   7.411222e+02 2.741943e+02 2.500266e+02
      vertex   7.414758e+02 2.801943e+02 2.499319e+02
      vertex   7.411222e+02 2.801943e+02 2.500266e+02
    endloop
  endfacet
  facet normal 4.226183e-01 -0.000000e+00 9.063078e-01
    outer loop
      vertex   7.411222e+02 2.741943e+02 2.500266e+02
      vertex   7.411222e+02 2.801943e+02 2.500266e+02
      vertex   7.407905e+02 2.741943e+02 2.501813e+02
    endloop
  endfacet
  facet normal 4.226183e-01 -0.000000e+00 9.063078e-01
    outer loop
      vertex   7.407905e+02 2.741943e+02 2.501813e+02
      vertex   7.411222e+02 2.801943e+02 2.500266e+02
      vertex   7.407905e+02 2.801943e+02 2.501813e+02
    endloop
  endfacet
  facet normal 5.735764e-01 -0.000000e+00 8.191520e-01
    outer loop
      vertex   7.407905e+02 2.741943e+02 2.501813e+02
      vertex   7.407905e+02 2.801943e+02 2.501813e+02
      vertex   7.404906e+02 2.741943e+02 2.503913e+02
    endloop
  endfacet
  facet normal 5.735764e-01 -0.000000e+00 8.191520e-01
    outer loop
      vertex   7.404906e+02 2.741943e+02 2.503913e+02
      vertex   7.407905e+02 2.801943e+02 2.501813e+02
      vertex   7.404906e+02 2.801943e+02 2.503913e+02
    endloop
  endfacet
  facet normal 7.071068e-01 -0.000000e+00 7.071068e-01
    outer loop
      vertex   7.404906e+02 2.741943e+02 2.503913e+02
      vertex   7.404906e+02 2.801943e+02 2.503913e+02
      vertex   7.402318e+02 2.741943e+02 2.506501e+02
    endloop
  endfacet
  facet normal 7.071068e-01 -0.000000e+00 7.071068e-01
    outer loop
      vertex   7.402318e+02 2.741943e+02 2.506501e+02
      vertex   7.404906e+02 2.801943e+02 2.503913e+02
      vertex   7.402318e+02 2.801943e+02 2.506501e+02
    endloop
  endfacet
  facet normal 8.191520e-01 -0.000000e+00 5.735764e-01
    outer loop
      vertex   7.402318e+02 2.741943e+02 2.506501e+02
      vertex   7.402318e+02 2.801943e+02 2.506501e+02
      vertex   7.400218e+02 2.741943e+02 2.509500e+02
    endloop
  endfacet
  facet normal 8.191520e-01 -0.000000e+00 5.735764e-01
    outer loop
      vertex   7.400218e+02 2.741943e+02 2.509500e+02
      vertex   7.402318e+02 2.801943e+02 2.506501e+02
      vertex   7.400218e+02 2.801943e+02 2.509500e+02
    endloop
  endfacet
  facet normal 9.063078e-01 -0.000000e+00 4.226183e-01
    outer loop
      vertex   7.400218e+02 2.741943e+02 2.509500e+02
      vertex   7.400218e+02 2.801943e+02 2.509500e+02
      vertex   7.398671e+02 2.741943e+02 2.512818e+02
    endloop
  endfacet
  facet normal 9.063078e-01 -0.000000e+00 4.226183e-01
    outer loop
      vertex   7.398671e+02 2.741943e+02 2.512818e+02
      vertex   7.400218e+02 2.801943e+02 2.509500e+02
      vertex   7.398671e+02 2.801943e+02 2.512818e+02
    endloop
  endfacet
  facet normal 9.659258e-01 -0.000000e+00 2.588190e-01
    outer loop
      vertex   7.398671e+02 2.741943e+02 2.512818e+02
      vertex   7.398671e+02 2.801943e+02 2.512818e+02
      vertex   7.397724e+02 2.741943e+02 2.516353e+02
    endloop
  endfacet
  facet normal 9.659258e-01 -0.000000e+00 2.588190e-01
    outer loop
      vertex   7.397724e+02 2.741943e+02 2.516353e+02
      vertex   7.398671e+02 2.801943e+02 2.512818e+02
      vertex   7.397724e+02 2.801943e+02 2.516353e+02
    endloop
  endfacet
  facet normal 9.981756e-01 0.000000e+00 6.037850e-02
    outer loop
      vertex   7.477967e+02 2.801943e+02 2.527232e+02
      vertex   7.477967e+02 2.751943e+02 2.527232e+02
      vertex   7.478405e+02 2.801943e+02 2.520000e+02
    endloop
  endfacet
  facet normal 9.981756e-01 0.000000e+00 6.037850e-02
    outer loop
      vertex   7.478405e+02 2.801943e+02 2.520000e+02
      vertex   7.477967e+02 2.751943e+02 2.527232e+02
      vertex   7.478405e+02 2.751943e+02 2.520000e+02
    endloop
  endfacet
  facet normal 9.981756e-01 0.000000e+00 -6.037850e-02
    outer loop
      vertex   7.478405e+02 2.801943e+02 2.520000e+02
      vertex   7.478405e+02 2.751943e+02 2.520000e+02
      vertex   7.477967e+02 2.801943e+02 2.512768e+02
    endloop
  endfacet
  facet normal 9.981756e-01 0.000000e+00 -6.037850e-02
    outer loop
      vertex   7.477967e+02 2.801943e+02 2.512768e+02
      vertex   7.478405e+02 2.751943e+02 2.520000e+02
      vertex   7.477967e+02 2.751943e+02 2.512768e+02
    endloop
  endfacet
  facet normal 9.836199e-01 0.000000e+00 -1.802550e-01
    outer loop
      vertex   7.477967e+02 2.801943e+02 2.512768e+02
      vertex   7.477967e+02 2.751943e+02 2.512768e+02
      vertex   7.476661e+02 2.801943e+02 2.505641e+02
    endloop
  endfacet
  facet normal 9.836199e-01 0.000000e+00 -1.802550e-01
    outer loop
      vertex   7.476661e+02 2.801943e+02 2.505641e+02
      vertex   7.477967e+02 2.751943e+02 2.512768e+02
      vertex   7.476661e+02 2.751943e+02 2.505641e+02
    endloop
  endfacet
  facet normal 9.547209e-01 0.000000e+00 -2.975031e-01
    outer loop
      vertex   7.476661e+02 2.801943e+02 2.505641e+02
      vertex   7.476661e+02 2.751943e+02 2.505641e+02
      vertex   7.474506e+02 2.801943e+02 2.498724e+02
    endloop
  endfacet
  facet normal 9.547209e-01 0.000000e+00 -2.975031e-01
    outer loop
      vertex   7.474506e+02 2.801943e+02 2.498724e+02
      vertex   7.476661e+02 2.751943e+02 2.505641e+02
      vertex   7.474506e+02 2.751943e+02 2.498724e+02
    endloop
  endfacet
  facet normal 9.118998e-01 0.000000e+00 -4.104128e-01
    outer loop
      vertex   7.474506e+02 2.801943e+02 2.498724e+02
      vertex   7.474506e+02 2.751943e+02 2.498724e+02
      vertex   7.471532e+02 2.801943e+02 2.492117e+02
    endloop
  endfacet
  facet normal 9.118998e-01 0.000000e+00 -4.104128e-01
    outer loop
      vertex   7.471532e+02 2.801943e+02 2.492117e+02
      vertex   7.474506e+02 2.751943e+02 2.498724e+02
      vertex   7.471532e+02 2.751943e+02 2.492117e+02
    endloop
  endfacet
  facet normal 8.557813e-01 0.000000e+00 -5.173378e-01
    outer loop
      vertex   7.471532e+02 2.801943e+02 2.492117e+02
      vertex   7.471532e+02 2.751943e+02 2.492117e+02
      vertex   7.467784e+02 2.801943e+02 2.485916e+02
    endloop
  endfacet
  facet normal 8.557813e-01 0.000000e+00 -5.173378e-01
    outer loop
      vertex   7.467784e+02 2.801943e+02 2.485916e+02
      vertex   7.471532e+02 2.751943e+02 2.492117e+02
      vertex   7.467784e+02 2.751943e+02 2.485916e+02
    endloop
  endfacet
  facet normal 7.871835e-01 0.000000e+00 -6.167189e-01
    outer loop
      vertex   7.467784e+02 2.801943e+02 2.485916e+02
      vertex   7.467784e+02 2.751943e+02 2.485916e+02
      vertex   7.463315e+02 2.801943e+02 2.480213e+02
    endloop
  endfacet
  facet normal 7.871835e-01 0.000000e+00 -6.167189e-01
    outer loop
      vertex   7.463315e+02 2.801943e+02 2.480213e+02
      vertex   7.467784e+02 2.751943e+02 2.485916e+02
      vertex   7.463315e+02 2.751943e+02 2.480213e+02
    endloop
  endfacet
  facet normal 7.071068e-01 0.000000e+00 -7.071068e-01
    outer loop
      vertex   7.463315e+02 2.801943e+02 2.480213e+02
      vertex   7.463315e+02 2.751943e+02 2.480213e+02
      vertex   7.458192e+02 2.801943e+02 2.475089e+02
    endloop
  endfacet
  facet normal 7.071068e-01 0.000000e+00 -7.071068e-01
    outer loop
      vertex   7.458192e+02 2.801943e+02 2.475089e+02
      vertex   7.463315e+02 2.751943e+02 2.480213e+02
      vertex   7.458192e+02 2.751943e+02 2.475089e+02
    endloop
  endfacet
  facet normal 6.167189e-01 0.000000e+00 -7.871835e-01
    outer loop
      vertex   7.458192e+02 2.801943e+02 2.475089e+02
      vertex   7.458192e+02 2.751943e+02 2.475089e+02
      vertex   7.452489e+02 2.801943e+02 2.470621e+02
    endloop
  endfacet
  facet normal 6.167189e-01 0.000000e+00 -7.871835e-01
    outer loop
      vertex   7.452489e+02 2.801943e+02 2.470621e+02
      vertex   7.458192e+02 2.751943e+02 2.475089e+02
      vertex   7.452489e+02 2.751943e+02 2.470621e+02
    endloop
  endfacet
  facet normal 5.173378e-01 0.000000e+00 -8.557813e-01
    outer loop
      vertex   7.452489e+02 2.801943e+02 2.470621e+02
      vertex   7.452489e+02 2.751943e+02 2.470621e+02
      vertex   7.446288e+02 2.801943e+02 2.466873e+02
    endloop
  endfacet
  facet normal 5.173378e-01 0.000000e+00 -8.557813e-01
    outer loop
      vertex   7.446288e+02 2.801943e+02 2.466873e+02
      vertex   7.452489e+02 2.751943e+02 2.470621e+02
      vertex   7.446288e+02 2.751943e+02 2.466873e+02
    endloop
  endfacet
  facet normal 4.104128e-01 0.000000e+00 -9.118998e-01
    outer loop
      vertex   7.446288e+02 2.801943e+02 2.466873e+02
      vertex   7.446288e+02 2.751943e+02 2.466873e+02
      vertex   7.439681e+02 2.801943e+02 2.463899e+02
    endloop
  endfacet
  facet normal 4.104128e-01 0.000000e+00 -9.118998e-01
    outer loop
      vertex   7.439681e+02 2.801943e+02 2.463899e+02
      vertex   7.446288e+02 2.751943e+02 2.466873e+02
      vertex   7.439681e+02 2.751943e+02 2.463899e+02
    endloop
  endfacet
  facet normal 2.975031e-01 0.000000e+00 -9.547209e-01
    outer loop
      vertex   7.439681e+02 2.801943e+02 2.463899e+02
      vertex   7.439681e+02 2.751943e+02 2.463899e+02
      vertex   7.432764e+02 2.801943e+02 2.461743e+02
    endloop
  endfacet
  facet normal 2.975031e-01 0.000000e+00 -9.547209e-01
    outer loop
      vertex   7.432764e+02 2.801943e+02 2.461743e+02
      vertex   7.439681e+02 2.751943e+02 2.463899e+02
      vertex   7.432764e+02 2.751943e+02 2.461743e+02
    endloop
  endfacet
  facet normal 1.802550e-01 0.000000e+00 -9.836199e-01
    outer loop
      vertex   7.432764e+02 2.801943e+02 2.461743e+02
      vertex   7.432764e+02 2.751943e+02 2.461743e+02
      vertex   7.425637e+02 2.801943e+02 2.460437e+02
    endloop
  endfacet
  facet normal 1.802550e-01 0.000000e+00 -9.836199e-01
    outer loop
      vertex   7.425637e+02 2.801943e+02 2.460437e+02
      vertex   7.432764e+02 2.751943e+02 2.461743e+02
      vertex   7.425637e+02 2.751943e+02 2.460437e+02
    endloop
  endfacet
  facet normal 6.037850e-02 0.000000e+00 -9.981756e-01
    outer loop
      vertex   7.425637e+02 2.801943e+02 2.460437e+02
      vertex   7.425637e+02 2.751943e+02 2.460437e+02
      vertex   7.418405e+02 2.801943e+02 2.460000e+02
    endloop
  endfacet
  facet normal 6.037850e-02 0.000000e+00 -9.981756e-01
    outer loop
      vertex   7.418405e+02 2.801943e+02 2.460000e+02
      vertex   7.425637e+02 2.751943e+02 2.460437e+02
      vertex   7.418405e+02 2.751943e+02 2.460000e+02
    endloop
  endfacet
  facet normal -6.037850e-02 -0.000000e+00 -9.981756e-01
    outer loop
      vertex   7.418405e+02 2.801943e+02 2.460000e+02
      vertex   7.418405e+02 2.751943e+02 2.460000e+02
      vertex   7.411173e+02 2.801943e+02 2.460437e+02
    endloop
  endfacet
  facet normal -6.037850e-02 -0.000000e+00 -9.981756e-01
    outer loop
      vertex   7.411173e+02 2.801943e+02 2.460437e+02
      vertex   7.418405e+02 2.751943e+02 2.460000e+02
      vertex   7.411173e+02 2.751943e+02 2.460437e+02
    endloop
  endfacet
  facet normal -1.802550e-01 -0.000000e+00 -9.836199e-01
    outer loop
      vertex   7.411173e+02 2.801943e+02 2.460437e+02
      vertex   7.411173e+02 2.751943e+02 2.460437e+02
      vertex   7.404046e+02 2.801943e+02 2.461743e+02
    endloop
  endfacet
  facet normal -1.802550e-01 -0.000000e+00 -9.836199e-01
    outer loop
      vertex   7.404046e+02 2.801943e+02 2.461743e+02
      vertex   7.411173e+02 2.751943e+02 2.460437e+02
      vertex   7.404046e+02 2.751943e+02 2.461743e+02
    endloop
  endfacet
  facet normal -2.975031e-01 -0.000000e+00 -9.547209e-01
    outer loop
      vertex   7.404046e+02 2.801943e+02 2.461743e+02
      vertex   7.404046e+02 2.751943e+02 2.461743e+02
      vertex   7.397128e+02 2.801943e+02 2.463899e+02
    endloop
  endfacet
  facet normal -2.975031e-01 -0.000000e+00 -9.547209e-01
    outer loop
      vertex   7.397128e+02 2.801943e+02 2.463899e+02
      vertex   7.404046e+02 2.751943e+02 2.461743e+02
      vertex   7.397128e+02 2.751943e+02 2.463899e+02
    endloop
  endfacet
  facet normal -4.104128e-01 -0.000000e+00 -9.118998e-01
    outer loop
      vertex   7.397128e+02 2.801943e+02 2.463899e+02
      vertex   7.397128e+02 2.751943e+02 2.463899e+02
      vertex   7.390521e+02 2.801943e+02 2.466873e+02
    endloop
  endfacet
  facet normal -4.104128e-01 -0.000000e+00 -9.118998e-01
    outer loop
      vertex   7.390521e+02 2.801943e+02 2.466873e+02
      vertex   7.397128e+02 2.751943e+02 2.463899e+02
      vertex   7.390521e+02 2.751943e+02 2.466873e+02
    endloop
  endfacet
  facet normal -5.173378e-01 -0.000000e+00 -8.557813e-01
    outer loop
      vertex   7.390521e+02 2.801943e+02 2.466873e+02
      vertex   7.390521e+02 2.751943e+02 2.466873e+02
      vertex   7.384321e+02 2.801943e+02 2.470621e+02
    endloop
  endfacet
  facet normal -5.173378e-01 -0.000000e+00 -8.557813e-01
    outer loop
      vertex   7.384321e+02 2.801943e+02 2.470621e+02
      vertex   7.390521e+02 2.751943e+02 2.466873e+02
      vertex   7.384321e+02 2.751943e+02 2.470621e+02
    endloop
  endfacet
  facet normal -6.167189e-01 -0.000000e+00 -7.871835e-01
    outer loop
      vertex   7.384321e+02 2.801943e+02 2.470621e+02
      vertex   7.384321e+02 2.751943e+02 2.470621e+02
      vertex   7.378617e+02 2.801943e+02 2.475089e+02
    endloop
  endfacet
  facet normal -6.167189e-01 -0.000000e+00 -7.871835e-01
    outer loop
      vertex   7.378617e+02 2.801943e+02 2.475089e+02
      vertex   7.384321e+02 2.751943e+02 2.470621e+02
      vertex   7.378617e+02 2.751943e+02 2.475089e+02
    endloop
  endfacet
  facet normal -7.071068e-01 -0.000000e+00 -7.071068e-01
    outer loop
      vertex   7.378617e+02 2.801943e+02 2.475089e+02
      vertex   7.378617e+02 2.751943e+02 2.475089e+02
      vertex   7.373494e+02 2.801943e+02 2.480213e+02
    endloop
  endfacet
  facet normal -7.071068e-01 -0.000000e+00 -7.071068e-01
    outer loop
      vertex   7.373494e+02 2.801943e+02 2.480213e+02
      vertex   7.378617e+02 2.751943e+02 2.475089e+02
      vertex   7.373494e+02 2.751943e+02 2.480213e+02
    endloop
  endfacet
  facet normal -7.871835e-01 -0.000000e+00 -6.167189e-01
    outer loop
      vertex   7.373494e+02 2.801943e+02 2.480213e+02
      vertex   7.373494e+02 2.751943e+02 2.480213e+02
      vertex   7.369026e+02 2.801943e+02 2.485916e+02
    endloop
  endfacet
  facet normal -7.871835e-01 -0.000000e+00 -6.167189e-01
    outer loop
      vertex   7.369026e+02 2.801943e+02 2.485916e+02
      vertex   7.373494e+02 2.751943e+02 2.480213e+02
      vertex   7.369026e+02 2.751943e+02 2.485916e+02
    endloop
  endfacet
  facet normal -8.557813e-01 -0.000000e+00 -5.173378e-01
    outer loop
      vertex   7.369026e+02 2.801943e+02 2.485916e+02
      vertex   7.369026e+02 2.751943e+02 2.485916e+02
      vertex   7.365277e+02 2.801943e+02 2.492117e+02
    endloop
  endfacet
  facet normal -8.557813e-01 -0.000000e+00 -5.173378e-01
    outer loop
      vertex   7.365277e+02 2.801943e+02 2.492117e+02
      vertex   7.369026e+02 2.751943e+02 2.485916e+02
      vertex   7.365277e+02 2.751943e+02 2.492117e+02
    endloop
  endfacet
  facet normal -9.118998e-01 -0.000000e+00 -4.104128e-01
    outer loop
      vertex   7.365277e+02 2.801943e+02 2.492117e+02
      vertex   7.365277e+02 2.751943e+02 2.492117e+02
      vertex   7.362304e+02 2.801943e+02 2.498724e+02
    endloop
  endfacet
  facet normal -9.118998e-01 -0.000000e+00 -4.104128e-01
    outer loop
      vertex   7.362304e+02 2.801943e+02 2.498724e+02
      vertex   7.365277e+02 2.751943e+02 2.492117e+02
      vertex   7.362304e+02 2.751943e+02 2.498724e+02
    endloop
  endfacet
  facet normal -9.547209e-01 -0.000000e+00 -2.975031e-01
    outer loop
      vertex   7.362304e+02 2.801943e+02 2.498724e+02
      vertex   7.362304e+02 2.751943e+02 2.498724e+02
      vertex   7.360148e+02 2.801943e+02 2.505641e+02
    endloop
  endfacet
  facet normal -9.547209e-01 -0.000000e+00 -2.975031e-01
    outer loop
      vertex   7.360148e+02 2.801943e+02 2.505641e+02
      vertex   7.362304e+02 2.751943e+02 2.498724e+02
      vertex   7.360148e+02 2.751943e+02 2.505641e+02
    endloop
  endfacet
  facet normal -9.836199e-01 -0.000000e+00 -1.802550e-01
    outer loop
      vertex   7.360148e+02 2.801943e+02 2.505641e+02
      vertex   7.360148e+02 2.751943e+02 2.505641e+02
      vertex   7.358842e+02 2.801943e+02 2.512768e+02
    endloop
  endfacet
  facet normal -9.836199e-01 -0.000000e+00 -1.802550e-01
    outer loop
      vertex   7.358842e+02 2.801943e+02 2.512768e+02
      vertex   7.360148e+02 2.751943e+02 2.505641e+02
      vertex   7.358842e+02 2.751943e+02 2.512768e+02
    endloop
  endfacet
  facet normal -9.981756e-01 -0.000000e+00 -6.037850e-02
    outer loop
      vertex   7.358842e+02 2.801943e+02 2.512768e+02
      vertex   7.358842e+02 2.751943e+02 2.512768e+02
      vertex   7.358405e+02 2.801943e+02 2.520000e+02
    endloop
  endfacet
  facet normal -9.981756e-01 -0.000000e+00 -6.037850e-02
    outer loop
      vertex   7.358405e+02 2.801943e+02 2.520000e+02
      vertex   7.358842e+02 2.751943e+02 2.512768e+02
      vertex   7.358405e+02 2.751943e+02 2.520000e+02
    endloop
  endfacet
  facet normal -9.981756e-01 0.000000e+00 6.037850e-02
    outer loop
      vertex   7.358405e+02 2.801943e+02 2.520000e+02
      vertex   7.358405e+02 2.751943e+02 2.520000e+02
      vertex   7.358842e+02 2.801943e+02 2.527232e+02
    endloop
  endfacet
  facet normal -9.981756e-01 0.000000e+00 6.037850e-02
    outer loop
      vertex   7.358842e+02 2.801943e+02 2.527232e+02
      vertex   7.358405e+02 2.751943e+02 2.520000e+02
      vertex   7.358842e+02 2.751943e+02 2.527232e+02
    endloop
  endfacet
  facet normal -9.836199e-01 0.000000e+00 1.802550e-01
    outer loop
      vertex   7.358842e+02 2.801943e+02 2.527232e+02
      vertex   7.358842e+02 2.751943e+02 2.527232e+02
      vertex   7.360148e+02 2.801943e+02 2.534359e+02
    endloop
  endfacet
  facet normal -9.836199e-01 0.000000e+00 1.802550e-01
    outer loop
      vertex   7.360148e+02 2.801943e+02 2.534359e+02
      vertex   7.358842e+02 2.751943e+02 2.527232e+02
      vertex   7.360148e+02 2.751943e+02 2.534359e+02
    endloop
  endfacet
  facet normal -9.547209e-01 0.000000e+00 2.975031e-01
    outer loop
      vertex   7.360148e+02 2.801943e+02 2.534359e+02
      vertex   7.360148e+02 2.751943e+02 2.534359e+02
      vertex   7.362304e+02 2.801943e+02 2.541276e+02
    endloop
  endfacet
  facet normal -9.547209e-01 0.000000e+00 2.975031e-01
    outer loop
      vertex   7.362304e+02 2.801943e+02 2.541276e+02
      vertex   7.360148e+02 2.751943e+02 2.534359e+02
      vertex   7.362304e+02 2.751943e+02 2.541276e+02
    endloop
  endfacet
  facet normal -9.118998e-01 0.000000e+00 4.104128e-01
    outer loop
      vertex   7.362304e+02 2.801943e+02 2.541276e+02
      vertex   7.362304e+02 2.751943e+02 2.541276e+02
      vertex   7.365277e+02 2.801943e+02 2.547883e+02
    endloop
  endfacet
  facet normal -9.118998e-01 0.000000e+00 4.104128e-01
    outer loop
      vertex   7.365277e+02 2.801943e+02 2.547883e+02
      vertex   7.362304e+02 2.751943e+02 2.541276e+02
      vertex   7.365277e+02 2.751943e+02 2.547883e+02
    endloop
  endfacet
  facet normal -8.557813e-01 0.000000e+00 5.173378e-01
    outer loop
      vertex   7.365277e+02 2.801943e+02 2.547883e+02
      vertex   7.365277e+02 2.751943e+02 2.547883e+02
      vertex   7.369026e+02 2.801943e+02 2.554084e+02
    endloop
  endfacet
  facet normal -8.557813e-01 0.000000e+00 5.173378e-01
    outer loop
      vertex   7.369026e+02 2.801943e+02 2.554084e+02
      vertex   7.365277e+02 2.751943e+02 2.547883e+02
      vertex   7.369026e+02 2.751943e+02 2.554084e+02
    endloop
  endfacet
  facet normal -7.871835e-01 0.000000e+00 6.167189e-01
    outer loop
      vertex   7.369026e+02 2.801943e+02 2.554084e+02
      vertex   7.369026e+02 2.751943e+02 2.554084e+02
      vertex   7.373494e+02 2.801943e+02 2.559787e+02
    endloop
  endfacet
  facet normal -7.871835e-01 0.000000e+00 6.167189e-01
    outer loop
      vertex   7.373494e+02 2.801943e+02 2.559787e+02
      vertex   7.369026e+02 2.751943e+02 2.554084e+02
      vertex   7.373494e+02 2.751943e+02 2.559787e+02
    endloop
  endfacet
  facet normal -7.071068e-01 0.000000e+00 7.071068e-01
    outer loop
      vertex   7.373494e+02 2.801943e+02 2.559787e+02
      vertex   7.373494e+02 2.751943e+02 2.559787e+02
      vertex   7.378617e+02 2.801943e+02 2.564911e+02
    endloop
  endfacet
  facet normal -7.071068e-01 0.000000e+00 7.071068e-01
    outer loop
      vertex   7.378617e+02 2.801943e+02 2.564911e+02
      vertex   7.373494e+02 2.751943e+02 2.559787e+02
      vertex   7.378617e+02 2.751943e+02 2.564911e+02
    endloop
  endfacet
  facet normal -6.167189e-01 0.000000e+00 7.871835e-01
    outer loop
      vertex   7.378617e+02 2.801943e+02 2.564911e+02
      vertex   7.378617e+02 2.751943e+02 2.564911e+02
      vertex   7.384321e+02 2.801943e+02 2.569379e+02
    endloop
  endfacet
  facet normal -6.167189e-01 0.000000e+00 7.871835e-01
    outer loop
      vertex   7.384321e+02 2.801943e+02 2.569379e+02
      vertex   7.378617e+02 2.751943e+02 2.564911e+02
      vertex   7.384321e+02 2.751943e+02 2.569379e+02
    endloop
  endfacet
  facet normal -5.173378e-01 0.000000e+00 8.557813e-01
    outer loop
      vertex   7.384321e+02 2.801943e+02 2.569379e+02
      vertex   7.384321e+02 2.751943e+02 2.569379e+02
      vertex   7.390521e+02 2.801943e+02 2.573127e+02
    endloop
  endfacet
  facet normal -5.173378e-01 0.000000e+00 8.557813e-01
    outer loop
      vertex   7.390521e+02 2.801943e+02 2.573127e+02
      vertex   7.384321e+02 2.751943e+02 2.569379e+02
      vertex   7.390521e+02 2.751943e+02 2.573127e+02
    endloop
  endfacet
  facet normal -4.104128e-01 0.000000e+00 9.118998e-01
    outer loop
      vertex   7.390521e+02 2.801943e+02 2.573127e+02
      vertex   7.390521e+02 2.751943e+02 2.573127e+02
      vertex   7.397128e+02 2.801943e+02 2.576101e+02
    endloop
  endfacet
  facet normal -4.104128e-01 0.000000e+00 9.118998e-01
    outer loop
      vertex   7.397128e+02 2.801943e+02 2.576101e+02
      vertex   7.390521e+02 2.751943e+02 2.573127e+02
      vertex   7.397128e+02 2.751943e+02 2.576101e+02
    endloop
  endfacet
  facet normal -2.975031e-01 0.000000e+00 9.547209e-01
    outer loop
      vertex   7.397128e+02 2.801943e+02 2.576101e+02
      vertex   7.397128e+02 2.751943e+02 2.576101e+02
      vertex   7.404046e+02 2.801943e+02 2.578257e+02
    endloop
  endfacet
  facet normal -2.975031e-01 0.000000e+00 9.547209e-01
    outer loop
      vertex   7.404046e+02 2.801943e+02 2.578257e+02
      vertex   7.397128e+02 2.751943e+02 2.576101e+02
      vertex   7.404046e+02 2.751943e+02 2.578257e+02
    endloop
  endfacet
  facet normal -1.802550e-01 0.000000e+00 9.836199e-01
    outer loop
      vertex   7.404046e+02 2.801943e+02 2.578257e+02
      vertex   7.404046e+02 2.751943e+02 2.578257e+02
      vertex   7.411173e+02 2.801943e+02 2.579563e+02
    endloop
  endfacet
  facet normal -1.802550e-01 0.000000e+00 9.836199e-01
    outer loop
      vertex   7.411173e+02 2.801943e+02 2.579563e+02
      vertex   7.404046e+02 2.751943e+02 2.578257e+02
      vertex   7.411173e+02 2.751943e+02 2.579563e+02
    endloop
  endfacet
  facet normal -6.037850e-02 0.000000e+00 9.981756e-01
    outer loop
      vertex   7.411173e+02 2.801943e+02 2.579563e+02
      vertex   7.411173e+02 2.751943e+02 2.579563e+02
      vertex   7.418405e+02 2.801943e+02 2.580000e+02
    endloop
  endfacet
  facet normal -6.037850e-02 0.000000e+00 9.981756e-01
    outer loop
      vertex   7.418405e+02 2.801943e+02 2.580000e+02
      vertex   7.411173e+02 2.751943e+02 2.579563e+02
      vertex   7.418405e+02 2.751943e+02 2.580000e+02
    endloop
  endfacet
  facet normal 6.037850e-02 0.000000e+00 9.981756e-01
    outer loop
      vertex   7.418405e+02 2.801943e+02 2.580000e+02
      vertex   7.418405e+02 2.751943e+02 2.580000e+02
      vertex   7.425637e+02 2.801943e+02 2.579563e+02
    endloop
  endfacet
  facet normal 6.037850e-02 0.000000e+00 9.981756e-01
    outer loop
      vertex   7.425637e+02 2.801943e+02 2.579563e+02
      vertex   7.418405e+02 2.751943e+02 2.580000e+02
      vertex   7.425637e+02 2.751943e+02 2.579563e+02
    endloop
  endfacet
  facet normal 1.802550e-01 0.000000e+00 9.836199e-01
    outer loop
      vertex   7.425637e+02 2.801943e+02 2.579563e+02
      vertex   7.425637e+02 2.751943e+02 2.579563e+02
      vertex   7.432764e+02 2.801943e+02 2.578257e+02
    endloop
  endfacet
  facet normal 1.802550e-01 0.000000e+00 9.836199e-01
    outer loop
      vertex   7.432764e+02 2.801943e+02 2.578257e+02
      vertex   7.425637e+02 2.751943e+02 2.579563e+02
      vertex   7.432764e+02 2.751943e+02 2.578257e+02
    endloop
  endfacet
  facet normal 2.975031e-01 0.000000e+00 9.547209e-01
    outer loop
      vertex   7.432764e+02 2.801943e+02 2.578257e+02
      vertex   7.432764e+02 2.751943e+02 2.578257e+02
      vertex   7.439681e+02 2.801943e+02 2.576101e+02
    endloop
  endfacet
  facet normal 2.975031e-01 0.000000e+00 9.547209e-01
    outer loop
      vertex   7.439681e+02 2.801943e+02 2.576101e+02
      vertex   7.432764e+02 2.751943e+02 2.578257e+02
      vertex   7.439681e+02 2.751943e+02 2.576101e+02
    endloop
  endfacet
  facet normal 4.104128e-01 0.000000e+00 9.118998e-01
    outer loop
      vertex   7.439681e+02 2.801943e+02 2.576101e+02
      vertex   7.439681e+02 2.751943e+02 2.576101e+02
      vertex   7.446288e+02 2.801943e+02 2.573127e+02
    endloop
  endfacet
  facet normal 4.104128e-01 0.000000e+00 9.118998e-01
    outer loop
      vertex   7.446288e+02 2.801943e+02 2.573127e+02
      vertex   7.439681e+02 2.751943e+02 2.576101e+02
      vertex   7.446288e+02 2.751943e+02 2.573127e+02
    endloop
  endfacet
  facet normal 5.173378e-01 0.000000e+00 8.557813e-01
    outer loop
      vertex   7.446288e+02 2.801943e+02 2.573127e+02
      vertex   7.446288e+02 2.751943e+02 2.573127e+02
      vertex   7.452489e+02 2.801943e+02 2.569379e+02
    endloop
  endfacet
  facet normal 5.173378e-01 0.000000e+00 8.557813e-01
    outer loop
      vertex   7.452489e+02 2.801943e+02 2.569379e+02
      vertex   7.446288e+02 2.751943e+02 2.573127e+02
      vertex   7.452489e+02 2.751943e+02 2.569379e+02
    endloop
  endfacet
  facet normal 6.167189e-01 0.000000e+00 7.871835e-01
    outer loop
      vertex   7.452489e+02 2.801943e+02 2.569379e+02
      vertex   7.452489e+02 2.751943e+02 2.569379e+02
      vertex   7.458192e+02 2.801943e+02 2.564911e+02
    endloop
  endfacet
  facet normal 6.167189e-01 0.000000e+00 7.871835e-01
    outer loop
      vertex   7.458192e+02 2.801943e+02 2.564911e+02
      vertex   7.452489e+02 2.751943e+02 2.569379e+02
      vertex   7.458192e+02 2.751943e+02 2.564911e+02
    endloop
  endfacet
  facet normal 7.071068e-01 0.000000e+00 7.071068e-01
    outer loop
      vertex   7.458192e+02 2.801943e+02 2.564911e+02
      vertex   7.458192e+02 2.751943e+02 2.564911e+02
      vertex   7.463315e+02 2.801943e+02 2.559787e+02
    endloop
  endfacet
  facet normal 7.071068e-01 0.000000e+00 7.071068e-01
    outer loop
      vertex   7.463315e+02 2.801943e+02 2.559787e+02
      vertex   7.458192e+02 2.751943e+02 2.564911e+02
      vertex   7.463315e+02 2.751943e+02 2.559787e+02
    endloop
  endfacet
  facet normal 7.871835e-01 0.000000e+00 6.167189e-01
    outer loop
      vertex   7.463315e+02 2.801943e+02 2.559787e+02
      vertex   7.463315e+02 2.751943e+02 2.559787e+02
      vertex   7.467784e+02 2.801943e+02 2.554084e+02
    endloop
  endfacet
  facet normal 7.871835e-01 0.000000e+00 6.167189e-01
    outer loop
      vertex   7.467784e+02 2.801943e+02 2.554084e+02
      vertex   7.463315e+02 2.751943e+02 2.559787e+02
      vertex   7.467784e+02 2.751943e+02 2.554084e+02
    endloop
  endfacet
  facet normal 8.557813e-01 0.000000e+00 5.173378e-01
    outer loop
      vertex   7.467784e+02 2.801943e+02 2.554084e+02
      vertex   7.467784e+02 2.751943e+02 2.554084e+02
      vertex   7.471532e+02 2.801943e+02 2.547883e+02
    endloop
  endfacet
  facet normal 8.557813e-01 0.000000e+00 5.173378e-01
    outer loop
      vertex   7.471532e+02 2.801943e+02 2.547883e+02
      vertex   7.467784e+02 2.751943e+02 2.554084e+02
      vertex   7.471532e+02 2.751943e+02 2.547883e+02
    endloop
  endfacet
  facet normal 9.118998e-01 0.000000e+00 4.104128e-01
    outer loop
      vertex   7.471532e+02 2.801943e+02 2.547883e+02
      vertex   7.471532e+02 2.751943e+02 2.547883e+02
      vertex   7.474506e+02 2.801943e+02 2.541276e+02
    endloop
  endfacet
  facet normal 9.118998e-01 0.000000e+00 4.104128e-01
    outer loop
      vertex   7.474506e+02 2.801943e+02 2.541276e+02
      vertex   7.471532e+02 2.751943e+02 2.547883e+02
      vertex   7.474506e+02 2.751943e+02 2.541276e+02
    endloop
  endfacet
  facet normal 9.547209e-01 0.000000e+00 2.975031e-01
    outer loop
      vertex   7.474506e+02 2.801943e+02 2.541276e+02
      vertex   7.474506e+02 2.751943e+02 2.541276e+02
      vertex   7.476661e+02 2.801943e+02 2.534359e+02
    endloop
  endfacet
  facet normal 9.547209e-01 0.000000e+00 2.975031e-01
    outer loop
      vertex   7.476661e+02 2.801943e+02 2.534359e+02
      vertex   7.474506e+02 2.751943e+02 2.541276e+02
      vertex   7.476661e+02 2.751943e+02 2.534359e+02
    endloop
  endfacet
  facet normal 9.836199e-01 0.000000e+00 1.802550e-01
    outer loop
      vertex   7.476661e+02 2.801943e+02 2.534359e+02
      vertex   7.476661e+02 2.751943e+02 2.534359e+02
      vertex   7.477967e+02 2.801943e+02 2.527232e+02
    endloop
  endfacet
  facet normal 9.836199e-01 0.000000e+00 1.802550e-01
    outer loop
      vertex   7.477967e+02 2.801943e+02 2.527232e+02
      vertex   7.476661e+02 2.751943e+02 2.534359e+02
      vertex   7.477967e+02 2.751943e+02 2.527232e+02
    endloop
  endfacet
  facet normal -0.000000e+00 1.000000e+00 0.000000e+00
    outer loop
      vertex   7.439086e+02 2.801943e+02 2.523647e+02
      vertex   7.477967e+02 2.801943e+02 2.527232e+02
      vertex   7.439405e+02 2.801943e+02 2.520000e+02
    endloop
  endfacet
  facet normal 0.000000e+00 1.000000e+00 0.000000e+00
    outer loop
      vertex   7.439405e+02 2.801943e+02 2.520000e+02
      vertex   7.477967e+02 2.801943e+02 2.527232e+02
      vertex   7.478405e+02 2.801943e+02 2.520000e+02
    endloop
  endfacet
  facet normal -0.000000e+00 1.000000e+00 0.000000e+00
    outer loop
      vertex   7.439405e+02 2.801943e+02 2.520000e+02
      vertex   7.478405e+02 2.801943e+02 2.520000e+02
      vertex   7.477967e+02 2.801943e+02 2.512768e+02
    endloop
  endfacet
  facet normal 0.000000e+00 1.000000e+00 0.000000e+00
    outer loop
      vertex   7.477967e+02 2.801943e+02 2.527232e+02
      vertex   7.439086e+02 2.801943e+02 2.523647e+02
      vertex   7.476661e+02 2.801943e+02 2.534359e+02
    endloop
  endfacet
  facet normal 0.000000e+00 1.000000e+00 0.000000e+00
    outer loop
      vertex   7.476661e+02 2.801943e+02 2.534359e+02
      vertex   7.439086e+02 2.801943e+02 2.523647e+02
      vertex   7.438138e+02 2.801943e+02 2.527182e+02
    endloop
  endfacet
  facet normal 0.000000e+00 1.000000e+00 0.000000e+00
    outer loop
      vertex   7.476661e+02 2.801943e+02 2.534359e+02
      vertex   7.438138e+02 2.801943e+02 2.527182e+02
      vertex   7.474506e+02 2.801943e+02 2.541276e+02
    endloop
  endfacet
  facet normal 0.000000e+00 1.000000e+00 0.000000e+00
    outer loop
      vertex   7.474506e+02 2.801943e+02 2.541276e+02
      vertex   7.438138e+02 2.801943e+02 2.527182e+02
      vertex   7.471532e+02 2.801943e+02 2.547883e+02
    endloop
  endfacet
  facet normal 0.000000e+00 1.000000e+00 0.000000e+00
    outer loop
      vertex   7.471532e+02 2.801943e+02 2.547883e+02
      vertex   7.438138e+02 2.801943e+02 2.527182e+02
      vertex   7.436591e+02 2.801943e+02 2.530500e+02
    endloop
  endfacet
  facet normal 0.000000e+00 1.000000e+00 0.000000e+00
    outer loop
      vertex   7.471532e+02 2.801943e+02 2.547883e+02
      vertex   7.436591e+02 2.801943e+02 2.530500e+02
      vertex   7.467784e+02 2.801943e+02 2.554084e+02
    endloop
  endfacet
  facet normal 0.000000e+00 1.000000e+00 0.000000e+00
    outer loop
      vertex   7.467784e+02 2.801943e+02 2.554084e+02
      vertex   7.436591e+02 2.801943e+02 2.530500e+02
      vertex   7.434492e+02 2.801943e+02 2.533499e+02
    endloop
  endfacet
  facet normal 0.000000e+00 1.000000e+00 0.000000e+00
    outer loop
      vertex   7.467784e+02 2.801943e+02 2.554084e+02
      vertex   7.434492e+02 2.801943e+02 2.533499e+02
      vertex   7.463315e+02 2.801943e+02 2.559787e+02
    endloop
  endfacet
  facet normal 0.000000e+00 1.000000e+00 0.000000e+00
    outer loop
      vertex   7.463315e+02 2.801943e+02 2.559787e+02
      vertex   7.434492e+02 2.801943e+02 2.533499e+02
      vertex   7.431903e+02 2.801943e+02 2.536087e+02
    endloop
  endfacet
  facet normal 0.000000e+00 1.000000e+00 0.000000e+00
    outer loop
      vertex   7.463315e+02 2.801943e+02 2.559787e+02
      vertex   7.431903e+02 2.801943e+02 2.536087e+02
      vertex   7.458192e+02 2.801943e+02 2.564911e+02
    endloop
  endfacet
  facet normal 0.000000e+00 1.000000e+00 0.000000e+00
    outer loop
      vertex   7.458192e+02 2.801943e+02 2.564911e+02
      vertex   7.431903e+02 2.801943e+02 2.536087e+02
      vertex   7.452489e+02 2.801943e+02 2.569379e+02
    endloop
  endfacet
  facet normal 0.000000e+00 1.000000e+00 0.000000e+00
    outer loop
      vertex   7.452489e+02 2.801943e+02 2.569379e+02
      vertex   7.431903e+02 2.801943e+02 2.536087e+02
      vertex   7.428905e+02 2.801943e+02 2.538187e+02
    endloop
  endfacet
  facet normal 0.000000e+00 1.000000e+00 0.000000e+00
    outer loop
      vertex   7.452489e+02 2.801943e+02 2.569379e+02
      vertex   7.428905e+02 2.801943e+02 2.538187e+02
      vertex   7.446288e+02 2.801943e+02 2.573127e+02
    endloop
  endfacet
  facet normal 0.000000e+00 1.000000e+00 0.000000e+00
    outer loop
      vertex   7.446288e+02 2.801943e+02 2.573127e+02
      vertex   7.428905e+02 2.801943e+02 2.538187e+02
      vertex   7.425587e+02 2.801943e+02 2.539734e+02
    endloop
  endfacet
  facet normal 0.000000e+00 1.000000e+00 0.000000e+00
    outer loop
      vertex   7.446288e+02 2.801943e+02 2.573127e+02
      vertex   7.425587e+02 2.801943e+02 2.539734e+02
      vertex   7.439681e+02 2.801943e+02 2.576101e+02
    endloop
  endfacet
  facet normal 0.000000e+00 1.000000e+00 0.000000e+00
    outer loop
      vertex   7.439681e+02 2.801943e+02 2.576101e+02
      vertex   7.425587e+02 2.801943e+02 2.539734e+02
      vertex   7.432764e+02 2.801943e+02 2.578257e+02
    endloop
  endfacet
  facet normal 0.000000e+00 1.000000e+00 0.000000e+00
    outer loop
      vertex   7.432764e+02 2.801943e+02 2.578257e+02
      vertex   7.425587e+02 2.801943e+02 2.539734e+02
      vertex   7.422051e+02 2.801943e+02 2.540681e+02
    endloop
  endfacet
  facet normal 0.000000e+00 1.000000e+00 0.000000e+00
    outer loop
      vertex   7.432764e+02 2.801943e+02 2.578257e+02
      vertex   7.422051e+02 2.801943e+02 2.540681e+02
      vertex   7.425637e+02 2.801943e+02 2.579563e+02
    endloop
  endfacet
  facet normal 0.000000e+00 1.000000e+00 0.000000e+00
    outer loop
      vertex   7.425637e+02 2.801943e+02 2.579563e+02
      vertex   7.422051e+02 2.801943e+02 2.540681e+02
      vertex   7.418405e+02 2.801943e+02 2.541000e+02
    endloop
  endfacet
  facet normal 0.000000e+00 1.000000e+00 0.000000e+00
    outer loop
      vertex   7.425637e+02 2.801943e+02 2.579563e+02
      vertex   7.418405e+02 2.801943e+02 2.541000e+02
      vertex   7.418405e+02 2.801943e+02 2.580000e+02
    endloop
  endfacet
  facet normal 0.000000e+00 1.000000e+00 0.000000e+00
    outer loop
      vertex   7.418405e+02 2.801943e+02 2.580000e+02
      vertex   7.418405e+02 2.801943e+02 2.541000e+02
      vertex   7.411173e+02 2.801943e+02 2.579563e+02
    endloop
  endfacet
  facet normal 0.000000e+00 1.000000e+00 0.000000e+00
    outer loop
      vertex   7.411173e+02 2.801943e+02 2.579563e+02
      vertex   7.418405e+02 2.801943e+02 2.541000e+02
      vertex   7.414758e+02 2.801943e+02 2.540681e+02
    endloop
  endfacet
  facet normal 0.000000e+00 1.000000e+00 0.000000e+00
    outer loop
      vertex   7.411173e+02 2.801943e+02 2.579563e+02
      vertex   7.414758e+02 2.801943e+02 2.540681e+02
      vertex   7.404046e+02 2.801943e+02 2.578257e+02
    endloop
  endfacet
  facet normal 0.000000e+00 1.000000e+00 0.000000e+00
    outer loop
      vertex   7.404046e+02 2.801943e+02 2.578257e+02
      vertex   7.414758e+02 2.801943e+02 2.540681e+02
      vertex   7.411222e+02 2.801943e+02 2.539734e+02
    endloop
  endfacet
  facet normal 0.000000e+00 1.000000e+00 0.000000e+00
    outer loop
      vertex   7.404046e+02 2.801943e+02 2.578257e+02
      vertex   7.411222e+02 2.801943e+02 2.539734e+02
      vertex   7.397128e+02 2.801943e+02 2.576101e+02
    endloop
  endfacet
  facet normal 0.000000e+00 1.000000e+00 0.000000e+00
    outer loop
      vertex   7.397128e+02 2.801943e+02 2.576101e+02
      vertex   7.411222e+02 2.801943e+02 2.539734e+02
      vertex   7.390521e+02 2.801943e+02 2.573127e+02
    endloop
  endfacet
  facet normal 0.000000e+00 1.000000e+00 0.000000e+00
    outer loop
      vertex   7.390521e+02 2.801943e+02 2.573127e+02
      vertex   7.411222e+02 2.801943e+02 2.539734e+02
      vertex   7.407905e+02 2.801943e+02 2.538187e+02
    endloop
  endfacet
  facet normal 0.000000e+00 1.000000e+00 0.000000e+00
    outer loop
      vertex   7.390521e+02 2.801943e+02 2.573127e+02
      vertex   7.407905e+02 2.801943e+02 2.538187e+02
      vertex   7.384321e+02 2.801943e+02 2.569379e+02
    endloop
  endfacet
  facet normal 0.000000e+00 1.000000e+00 0.000000e+00
    outer loop
      vertex   7.384321e+02 2.801943e+02 2.569379e+02
      vertex   7.407905e+02 2.801943e+02 2.538187e+02
      vertex   7.404906e+02 2.801943e+02 2.536087e+02
    endloop
  endfacet
  facet normal 0.000000e+00 1.000000e+00 0.000000e+00
    outer loop
      vertex   7.384321e+02 2.801943e+02 2.569379e+02
      vertex   7.404906e+02 2.801943e+02 2.536087e+02
      vertex   7.378617e+02 2.801943e+02 2.564911e+02
    endloop
  endfacet
  facet normal 0.000000e+00 1.000000e+00 0.000000e+00
    outer loop
      vertex   7.378617e+02 2.801943e+02 2.564911e+02
      vertex   7.404906e+02 2.801943e+02 2.536087e+02
      vertex   7.373494e+02 2.801943e+02 2.559787e+02
    endloop
  endfacet
  facet normal 0.000000e+00 1.000000e+00 0.000000e+00
    outer loop
      vertex   7.373494e+02 2.801943e+02 2.559787e+02
      vertex   7.404906e+02 2.801943e+02 2.536087e+02
      vertex   7.402318e+02 2.801943e+02 2.533499e+02
    endloop
  endfacet
  facet normal 0.000000e+00 1.000000e+00 0.000000e+00
    outer loop
      vertex   7.373494e+02 2.801943e+02 2.559787e+02
      vertex   7.402318e+02 2.801943e+02 2.533499e+02
      vertex   7.369026e+02 2.801943e+02 2.554084e+02
    endloop
  endfacet
  facet normal 0.000000e+00 1.000000e+00 0.000000e+00
    outer loop
      vertex   7.369026e+02 2.801943e+02 2.554084e+02
      vertex   7.402318e+02 2.801943e+02 2.533499e+02
      vertex   7.400218e+02 2.801943e+02 2.530500e+02
    endloop
  endfacet
  facet normal 0.000000e+00 1.000000e+00 0.000000e+00
    outer loop
      vertex   7.369026e+02 2.801943e+02 2.554084e+02
      vertex   7.400218e+02 2.801943e+02 2.530500e+02
      vertex   7.365277e+02 2.801943e+02 2.547883e+02
    endloop
  endfacet
  facet normal 0.000000e+00 1.000000e+00 0.000000e+00
    outer loop
      vertex   7.365277e+02 2.801943e+02 2.547883e+02
      vertex   7.400218e+02 2.801943e+02 2.530500e+02
      vertex   7.398671e+02 2.801943e+02 2.527182e+02
    endloop
  endfacet
  facet normal 0.000000e+00 1.000000e+00 0.000000e+00
    outer loop
      vertex   7.365277e+02 2.801943e+02 2.547883e+02
      vertex   7.398671e+02 2.801943e+02 2.527182e+02
      vertex   7.362304e+02 2.801943e+02 2.541276e+02
    endloop
  endfacet
  facet normal 0.000000e+00 1.000000e+00 0.000000e+00
    outer loop
      vertex   7.362304e+02 2.801943e+02 2.541276e+02
      vertex   7.398671e+02 2.801943e+02 2.527182e+02
      vertex   7.360148e+02 2.801943e+02 2.534359e+02
    endloop
  endfacet
  facet normal 0.000000e+00 1.000000e+00 0.000000e+00
    outer loop
      vertex   7.360148e+02 2.801943e+02 2.534359e+02
      vertex   7.398671e+02 2.801943e+02 2.527182e+02
      vertex   7.397724e+02 2.801943e+02 2.523647e+02
    endloop
  endfacet
  facet normal 0.000000e+00 1.000000e+00 0.000000e+00
    outer loop
      vertex   7.360148e+02 2.801943e+02 2.534359e+02
      vertex   7.397724e+02 2.801943e+02 2.523647e+02
      vertex   7.358842e+02 2.801943e+02 2.527232e+02
    endloop
  endfacet
  facet normal 0.000000e+00 1.000000e+00 0.000000e+00
    outer loop
      vertex   7.358842e+02 2.801943e+02 2.527232e+02
      vertex   7.397724e+02 2.801943e+02 2.523647e+02
      vertex   7.397405e+02 2.801943e+02 2.520000e+02
    endloop
  endfacet
  facet normal 0.000000e+00 1.000000e+00 0.000000e+00
    outer loop
      vertex   7.358842e+02 2.801943e+02 2.527232e+02
      vertex   7.397405e+02 2.801943e+02 2.520000e+02
      vertex   7.358405e+02 2.801943e+02 2.520000e+02
    endloop
  endfacet
  facet normal -0.000000e+00 1.000000e+00 0.000000e+00
    outer loop
      vertex   7.358405e+02 2.801943e+02 2.520000e+02
      vertex   7.397405e+02 2.801943e+02 2.520000e+02
      vertex   7.358842e+02 2.801943e+02 2.512768e+02
    endloop
  endfacet
  facet normal 0.000000e+00 1.000000e+00 0.000000e+00
    outer loop
      vertex   7.358842e+02 2.801943e+02 2.512768e+02
      vertex   7.397405e+02 2.801943e+02 2.520000e+02
      vertex   7.397724e+02 2.801943e+02 2.516353e+02
    endloop
  endfacet
  facet normal -0.000000e+00 1.000000e+00 0.000000e+00
    outer loop
      vertex   7.358842e+02 2.801943e+02 2.512768e+02
      vertex   7.397724e+02 2.801943e+02 2.516353e+02
      vertex   7.360148e+02 2.801943e+02 2.505641e+02
    endloop
  endfacet
  facet normal 0.000000e+00 1.000000e+00 0.000000e+00
    outer loop
      vertex   7.360148e+02 2.801943e+02 2.505641e+02
      vertex   7.397724e+02 2.801943e+02 2.516353e+02
      vertex   7.398671e+02 2.801943e+02 2.512818e+02
    endloop
  endfacet
  facet normal -0.000000e+00 1.000000e+00 0.000000e+00
    outer loop
      vertex   7.360148e+02 2.801943e+02 2.505641e+02
      vertex   7.398671e+02 2.801943e+02 2.512818e+02
      vertex   7.362304e+02 2.801943e+02 2.498724e+02
    endloop
  endfacet
  facet normal -0.000000e+00 1.000000e+00 0.000000e+00
    outer loop
      vertex   7.362304e+02 2.801943e+02 2.498724e+02
      vertex   7.398671e+02 2.801943e+02 2.512818e+02
      vertex   7.365277e+02 2.801943e+02 2.492117e+02
    endloop
  endfacet
  facet normal 0.000000e+00 1.000000e+00 0.000000e+00
    outer loop
      vertex   7.365277e+02 2.801943e+02 2.492117e+02
      vertex   7.398671e+02 2.801943e+02 2.512818e+02
      vertex   7.400218e+02 2.801943e+02 2.509500e+02
    endloop
  endfacet
  facet normal -0.000000e+00 1.000000e+00 0.000000e+00
    outer loop
      vertex   7.365277e+02 2.801943e+02 2.492117e+02
      vertex   7.400218e+02 2.801943e+02 2.509500e+02
      vertex   7.369026e+02 2.801943e+02 2.485916e+02
    endloop
  endfacet
  facet normal 0.000000e+00 1.000000e+00 0.000000e+00
    outer loop
      vertex   7.369026e+02 2.801943e+02 2.485916e+02
      vertex   7.400218e+02 2.801943e+02 2.509500e+02
      vertex   7.402318e+02 2.801943e+02 2.506501e+02
    endloop
  endfacet
  facet normal -0.000000e+00 1.000000e+00 0.000000e+00
    outer loop
      vertex   7.369026e+02 2.801943e+02 2.485916e+02
      vertex   7.402318e+02 2.801943e+02 2.506501e+02
      vertex   7.373494e+02 2.801943e+02 2.480213e+02
    endloop
  endfacet
  facet normal 0.000000e+00 1.000000e+00 0.000000e+00
    outer loop
      vertex   7.373494e+02 2.801943e+02 2.480213e+02
      vertex   7.402318e+02 2.801943e+02 2.506501e+02
      vertex   7.404906e+02 2.801943e+02 2.503913e+02
    endloop
  endfacet
  facet normal -0.000000e+00 1.000000e+00 0.000000e+00
    outer loop
      vertex   7.373494e+02 2.801943e+02 2.480213e+02
      vertex   7.404906e+02 2.801943e+02 2.503913e+02
      vertex   7.378617e+02 2.801943e+02 2.475089e+02
    endloop
  endfacet
  facet normal -0.000000e+00 1.000000e+00 0.000000e+00
    outer loop
      vertex   7.378617e+02 2.801943e+02 2.475089e+02
      vertex   7.404906e+02 2.801943e+02 2.503913e+02
      vertex   7.384321e+02 2.801943e+02 2.470621e+02
    endloop
  endfacet
  facet normal 0.000000e+00 1.000000e+00 0.000000e+00
    outer loop
      vertex   7.384321e+02 2.801943e+02 2.470621e+02
      vertex   7.404906e+02 2.801943e+02 2.503913e+02
      vertex   7.407905e+02 2.801943e+02 2.501813e+02
    endloop
  endfacet
  facet normal -0.000000e+00 1.000000e+00 0.000000e+00
    outer loop
      vertex   7.384321e+02 2.801943e+02 2.470621e+02
      vertex   7.407905e+02 2.801943e+02 2.501813e+02
      vertex   7.390521e+02 2.801943e+02 2.466873e+02
    endloop
  endfacet
  facet normal 0.000000e+00 1.000000e+00 0.000000e+00
    outer loop
      vertex   7.390521e+02 2.801943e+02 2.466873e+02
      vertex   7.407905e+02 2.801943e+02 2.501813e+02
      vertex   7.411222e+02 2.801943e+02 2.500266e+02
    endloop
  endfacet
  facet normal -0.000000e+00 1.000000e+00 0.000000e+00
    outer loop
      vertex   7.390521e+02 2.801943e+02 2.466873e+02
      vertex   7.411222e+02 2.801943e+02 2.500266e+02
      vertex   7.397128e+02 2.801943e+02 2.463899e+02
    endloop
  endfacet
  facet normal -0.000000e+00 1.000000e+00 0.000000e+00
    outer loop
      vertex   7.397128e+02 2.801943e+02 2.463899e+02
      vertex   7.411222e+02 2.801943e+02 2.500266e+02
      vertex   7.404046e+02 2.801943e+02 2.461743e+02
    endloop
  endfacet
  facet normal 0.000000e+00 1.000000e+00 0.000000e+00
    outer loop
      vertex   7.404046e+02 2.801943e+02 2.461743e+02
      vertex   7.411222e+02 2.801943e+02 2.500266e+02
      vertex   7.414758e+02 2.801943e+02 2.499319e+02
    endloop
  endfacet
  facet normal -0.000000e+00 1.000000e+00 0.000000e+00
    outer loop
      vertex   7.404046e+02 2.801943e+02 2.461743e+02
      vertex   7.414758e+02 2.801943e+02 2.499319e+02
      vertex   7.411173e+02 2.801943e+02 2.460437e+02
    endloop
  endfacet
  facet normal 0.000000e+00 1.000000e+00 0.000000e+00
    outer loop
      vertex   7.411173e+02 2.801943e+02 2.460437e+02
      vertex   7.414758e+02 2.801943e+02 2.499319e+02
      vertex   7.418405e+02 2.801943e+02 2.499000e+02
    endloop
  endfacet
  facet normal -0.000000e+00 1.000000e+00 0.000000e+00
    outer loop
      vertex   7.411173e+02 2.801943e+02 2.460437e+02
      vertex   7.418405e+02 2.801943e+02 2.499000e+02
      vertex   7.418405e+02 2.801943e+02 2.460000e+02
    endloop
  endfacet
  facet normal 0.000000e+00 1.000000e+00 0.000000e+00
    outer loop
      vertex   7.418405e+02 2.801943e+02 2.460000e+02
      vertex   7.418405e+02 2.801943e+02 2.499000e+02
      vertex   7.425637e+02 2.801943e+02 2.460437e+02
    endloop
  endfacet
  facet normal 0.000000e+00 1.000000e+00 0.000000e+00
    outer loop
      vertex   7.425637e+02 2.801943e+02 2.460437e+02
      vertex   7.418405e+02 2.801943e+02 2.499000e+02
      vertex   7.422051e+02 2.801943e+02 2.499319e+02
    endloop
  endfacet
  facet normal 0.000000e+00 1.000000e+00 -0.000000e+00
    outer loop
      vertex   7.425637e+02 2.801943e+02 2.460437e+02
      vertex   7.422051e+02 2.801943e+02 2.499319e+02
      vertex   7.432764e+02 2.801943e+02 2.461743e+02
    endloop
  endfacet
  facet normal 0.000000e+00 1.000000e+00 0.000000e+00
    outer loop
      vertex   7.432764e+02 2.801943e+02 2.461743e+02
      vertex   7.422051e+02 2.801943e+02 2.499319e+02
      vertex   7.425587e+02 2.801943e+02 2.500266e+02
    endloop
  endfacet
  facet normal 0.000000e+00 1.000000e+00 -0.000000e+00
    outer loop
      vertex   7.432764e+02 2.801943e+02 2.461743e+02
      vertex   7.425587e+02 2.801943e+02 2.500266e+02
      vertex   7.439681e+02 2.801943e+02 2.463899e+02
    endloop
  endfacet
  facet normal 0.000000e+00 1.000000e+00 -0.000000e+00
    outer loop
      vertex   7.439681e+02 2.801943e+02 2.463899e+02
      vertex   7.425587e+02 2.801943e+02 2.500266e+02
      vertex   7.446288e+02 2.801943e+02 2.466873e+02
    endloop
  endfacet
  facet normal 0.000000e+00 1.000000e+00 0.000000e+00
    outer loop
      vertex   7.446288e+02 2.801943e+02 2.466873e+02
      vertex   7.425587e+02 2.801943e+02 2.500266e+02
      vertex   7.428905e+02 2.801943e+02 2.501813e+02
    endloop
  endfacet
  facet normal 0.000000e+00 1.000000e+00 -0.000000e+00
    outer loop
      vertex   7.446288e+02 2.801943e+02 2.466873e+02
      vertex   7.428905e+02 2.801943e+02 2.501813e+02
      vertex   7.452489e+02 2.801943e+02 2.470621e+02
    endloop
  endfacet
  facet normal 0.000000e+00 1.000000e+00 0.000000e+00
    outer loop
      vertex   7.452489e+02 2.801943e+02 2.470621e+02
      vertex   7.428905e+02 2.801943e+02 2.501813e+02
      vertex   7.431903e+02 2.801943e+02 2.503913e+02
    endloop
  endfacet
  facet normal 0.000000e+00 1.000000e+00 -0.000000e+00
    outer loop
      vertex   7.452489e+02 2.801943e+02 2.470621e+02
      vertex   7.431903e+02 2.801943e+02 2.503913e+02
      vertex   7.458192e+02 2.801943e+02 2.475089e+02
    endloop
  endfacet
  facet normal 0.000000e+00 1.000000e+00 -0.000000e+00
    outer loop
      vertex   7.458192e+02 2.801943e+02 2.475089e+02
      vertex   7.431903e+02 2.801943e+02 2.503913e+02
      vertex   7.463315e+02 2.801943e+02 2.480213e+02
    endloop
  endfacet
  facet normal 0.000000e+00 1.000000e+00 0.000000e+00
    outer loop
      vertex   7.463315e+02 2.801943e+02 2.480213e+02
      vertex   7.431903e+02 2.801943e+02 2.503913e+02
      vertex   7.434492e+02 2.801943e+02 2.506501e+02
    endloop
  endfacet
  facet normal 0.000000e+00 1.000000e+00 -0.000000e+00
    outer loop
      vertex   7.463315e+02 2.801943e+02 2.480213e+02
      vertex   7.434492e+02 2.801943e+02 2.506501e+02
      vertex   7.467784e+02 2.801943e+02 2.485916e+02
    endloop
  endfacet
  facet normal 0.000000e+00 1.000000e+00 0.000000e+00
    outer loop
      vertex   7.467784e+02 2.801943e+02 2.485916e+02
      vertex   7.434492e+02 2.801943e+02 2.506501e+02
      vertex   7.436591e+02 2.801943e+02 2.509500e+02
    endloop
  endfacet
  facet normal 0.000000e+00 1.000000e+00 -0.000000e+00
    outer loop
      vertex   7.467784e+02 2.801943e+02 2.485916e+02
      vertex   7.436591e+02 2.801943e+02 2.509500e+02
      vertex   7.471532e+02 2.801943e+02 2.492117e+02
    endloop
  endfacet
  facet normal 0.000000e+00 1.000000e+00 0.000000e+00
    outer loop
      vertex   7.471532e+02 2.801943e+02 2.492117e+02
      vertex   7.436591e+02 2.801943e+02 2.509500e+02
      vertex   7.438138e+02 2.801943e+02 2.512818e+02
    endloop
  endfacet
  facet normal 0.000000e+00 1.000000e+00 -0.000000e+00
    outer loop
      vertex   7.471532e+02 2.801943e+02 2.492117e+02
      vertex   7.438138e+02 2.801943e+02 2.512818e+02
      vertex   7.474506e+02 2.801943e+02 2.498724e+02
    endloop
  endfacet
  facet normal 0.000000e+00 1.000000e+00 -0.000000e+00
    outer loop
      vertex   7.474506e+02 2.801943e+02 2.498724e+02
      vertex   7.438138e+02 2.801943e+02 2.512818e+02
      vertex   7.476661e+02 2.801943e+02 2.505641e+02
    endloop
  endfacet
  facet normal 0.000000e+00 1.000000e+00 0.000000e+00
    outer loop
      vertex   7.476661e+02 2.801943e+02 2.505641e+02
      vertex   7.438138e+02 2.801943e+02 2.512818e+02
      vertex   7.439086e+02 2.801943e+02 2.516353e+02
    endloop
  endfacet
  facet normal 0.000000e+00 1.000000e+00 -0.000000e+00
    outer loop
      vertex   7.476661e+02 2.801943e+02 2.505641e+02
      vertex   7.439086e+02 2.801943e+02 2.516353e+02
      vertex   7.477967e+02 2.801943e+02 2.512768e+02
    endloop
  endfacet
  facet normal 0.000000e+00 1.000000e+00 0.000000e+00
    outer loop
      vertex   7.477967e+02 2.801943e+02 2.512768e+02
      vertex   7.439086e+02 2.801943e+02 2.516353e+02
      vertex   7.439405e+02 2.801943e+02 2.520000e+02
    endloop
  endfacet
  facet normal 0.000000e+00 1.000000e+00 -0.000000e+00
    outer loop
      vertex   8.118405e+02 2.751943e+02 2.421000e+02
      vertex   7.463315e+02 2.751943e+02 2.559787e+02
      vertex   8.118405e+02 2.751943e+02 2.770000e+02
    endloop
  endfacet
  facet normal 0.000000e+00 1.000000e+00 0.000000e+00
    outer loop
      vertex   8.118405e+02 2.751943e+02 2.770000e+02
      vertex   7.463315e+02 2.751943e+02 2.559787e+02
      vertex   7.458192e+02 2.751943e+02 2.564911e+02
    endloop
  endfacet
  facet normal 0.000000e+00 1.000000e+00 0.000000e+00
    outer loop
      vertex   8.118405e+02 2.751943e+02 2.770000e+02
      vertex   7.458192e+02 2.751943e+02 2.564911e+02
      vertex   7.452489e+02 2.751943e+02 2.569379e+02
    endloop
  endfacet
  facet normal 0.000000e+00 1.000000e+00 0.000000e+00
    outer loop
      vertex   6.718405e+02 2.751943e+02 2.421000e+02
      vertex   7.418405e+02 2.751943e+02 2.460000e+02
      vertex   8.118405e+02 2.751943e+02 2.421000e+02
    endloop
  endfacet
  facet normal 0.000000e+00 1.000000e+00 0.000000e+00
    outer loop
      vertex   8.118405e+02 2.751943e+02 2.421000e+02
      vertex   7.418405e+02 2.751943e+02 2.460000e+02
      vertex   7.425637e+02 2.751943e+02 2.460437e+02
    endloop
  endfacet
  facet normal 0.000000e+00 1.000000e+00 0.000000e+00
    outer loop
      vertex   8.118405e+02 2.751943e+02 2.421000e+02
      vertex   7.425637e+02 2.751943e+02 2.460437e+02
      vertex   7.432764e+02 2.751943e+02 2.461743e+02
    endloop
  endfacet
  facet normal 0.000000e+00 1.000000e+00 0.000000e+00
    outer loop
      vertex   6.718405e+02 2.751943e+02 2.770000e+02
      vertex   7.373494e+02 2.751943e+02 2.559787e+02
      vertex   6.718405e+02 2.751943e+02 2.421000e+02
    endloop
  endfacet
  facet normal 0.000000e+00 1.000000e+00 0.000000e+00
    outer loop
      vertex   6.718405e+02 2.751943e+02 2.421000e+02
      vertex   7.373494e+02 2.751943e+02 2.559787e+02
      vertex   7.369026e+02 2.751943e+02 2.554084e+02
    endloop
  endfacet
  facet normal 0.000000e+00 1.000000e+00 0.000000e+00
    outer loop
      vertex   6.718405e+02 2.751943e+02 2.421000e+02
      vertex   7.369026e+02 2.751943e+02 2.554084e+02
      vertex   7.365277e+02 2.751943e+02 2.547883e+02
    endloop
  endfacet
  facet normal 0.000000e+00 1.000000e+00 0.000000e+00
    outer loop
      vertex   8.118405e+02 2.751943e+02 2.770000e+02
      vertex   7.418405e+02 2.751943e+02 2.580000e+02
      vertex   6.718405e+02 2.751943e+02 2.770000e+02
    endloop
  endfacet
  facet normal 0.000000e+00 1.000000e+00 0.000000e+00
    outer loop
      vertex   6.718405e+02 2.751943e+02 2.770000e+02
      vertex   7.418405e+02 2.751943e+02 2.580000e+02
      vertex   7.411173e+02 2.751943e+02 2.579563e+02
    endloop
  endfacet
  facet normal 0.000000e+00 1.000000e+00 0.000000e+00
    outer loop
      vertex   6.718405e+02 2.751943e+02 2.770000e+02
      vertex   7.411173e+02 2.751943e+02 2.579563e+02
      vertex   7.404046e+02 2.751943e+02 2.578257e+02
    endloop
  endfacet
  facet normal -0.000000e+00 1.000000e+00 0.000000e+00
    outer loop
      vertex   7.477967e+02 2.751943e+02 2.512768e+02
      vertex   7.478405e+02 2.751943e+02 2.520000e+02
      vertex   8.118405e+02 2.751943e+02 2.421000e+02
    endloop
  endfacet
  facet normal 0.000000e+00 1.000000e+00 0.000000e+00
    outer loop
      vertex   8.118405e+02 2.751943e+02 2.421000e+02
      vertex   7.478405e+02 2.751943e+02 2.520000e+02
      vertex   7.477967e+02 2.751943e+02 2.527232e+02
    endloop
  endfacet
  facet normal 0.000000e+00 1.000000e+00 0.000000e+00
    outer loop
      vertex   8.118405e+02 2.751943e+02 2.421000e+02
      vertex   7.477967e+02 2.751943e+02 2.527232e+02
      vertex   7.476661e+02 2.751943e+02 2.534359e+02
    endloop
  endfacet
  facet normal -0.000000e+00 1.000000e+00 -0.000000e+00
    outer loop
      vertex   7.476661e+02 2.751943e+02 2.534359e+02
      vertex   7.474506e+02 2.751943e+02 2.541276e+02
      vertex   8.118405e+02 2.751943e+02 2.421000e+02
    endloop
  endfacet
  facet normal 0.000000e+00 1.000000e+00 0.000000e+00
    outer loop
      vertex   8.118405e+02 2.751943e+02 2.421000e+02
      vertex   7.474506e+02 2.751943e+02 2.541276e+02
      vertex   7.471532e+02 2.751943e+02 2.547883e+02
    endloop
  endfacet
  facet normal 0.000000e+00 1.000000e+00 0.000000e+00
    outer loop
      vertex   8.118405e+02 2.751943e+02 2.421000e+02
      vertex   7.471532e+02 2.751943e+02 2.547883e+02
      vertex   7.467784e+02 2.751943e+02 2.554084e+02
    endloop
  endfacet
  facet normal -0.000000e+00 1.000000e+00 -0.000000e+00
    outer loop
      vertex   7.467784e+02 2.751943e+02 2.554084e+02
      vertex   7.463315e+02 2.751943e+02 2.559787e+02
      vertex   8.118405e+02 2.751943e+02 2.421000e+02
    endloop
  endfacet
  facet normal 0.000000e+00 1.000000e+00 -0.000000e+00
    outer loop
      vertex   7.452489e+02 2.751943e+02 2.569379e+02
      vertex   7.446288e+02 2.751943e+02 2.573127e+02
      vertex   8.118405e+02 2.751943e+02 2.770000e+02
    endloop
  endfacet
  facet normal 0.000000e+00 1.000000e+00 0.000000e+00
    outer loop
      vertex   8.118405e+02 2.751943e+02 2.770000e+02
      vertex   7.446288e+02 2.751943e+02 2.573127e+02
      vertex   7.439681e+02 2.751943e+02 2.576101e+02
    endloop
  endfacet
  facet normal 0.000000e+00 1.000000e+00 0.000000e+00
    outer loop
      vertex   8.118405e+02 2.751943e+02 2.770000e+02
      vertex   7.439681e+02 2.751943e+02 2.576101e+02
      vertex   7.432764e+02 2.751943e+02 2.578257e+02
    endloop
  endfacet
  facet normal 0.000000e+00 1.000000e+00 -0.000000e+00
    outer loop
      vertex   7.432764e+02 2.751943e+02 2.578257e+02
      vertex   7.425637e+02 2.751943e+02 2.579563e+02
      vertex   8.118405e+02 2.751943e+02 2.770000e+02
    endloop
  endfacet
  facet normal 0.000000e+00 1.000000e+00 0.000000e+00
    outer loop
      vertex   8.118405e+02 2.751943e+02 2.770000e+02
      vertex   7.425637e+02 2.751943e+02 2.579563e+02
      vertex   7.418405e+02 2.751943e+02 2.580000e+02
    endloop
  endfacet
  facet normal 0.000000e+00 1.000000e+00 0.000000e+00
    outer loop
      vertex   7.404046e+02 2.751943e+02 2.578257e+02
      vertex   7.397128e+02 2.751943e+02 2.576101e+02
      vertex   6.718405e+02 2.751943e+02 2.770000e+02
    endloop
  endfacet
  facet normal 0.000000e+00 1.000000e+00 0.000000e+00
    outer loop
      vertex   6.718405e+02 2.751943e+02 2.770000e+02
      vertex   7.397128e+02 2.751943e+02 2.576101e+02
      vertex   7.390521e+02 2.751943e+02 2.573127e+02
    endloop
  endfacet
  facet normal 0.000000e+00 1.000000e+00 0.000000e+00
    outer loop
      vertex   6.718405e+02 2.751943e+02 2.770000e+02
      vertex   7.390521e+02 2.751943e+02 2.573127e+02
      vertex   7.384321e+02 2.751943e+02 2.569379e+02
    endloop
  endfacet
  facet normal 0.000000e+00 1.000000e+00 0.000000e+00
    outer loop
      vertex   7.384321e+02 2.751943e+02 2.569379e+02
      vertex   7.378617e+02 2.751943e+02 2.564911e+02
      vertex   6.718405e+02 2.751943e+02 2.770000e+02
    endloop
  endfacet
  facet normal 0.000000e+00 1.000000e+00 0.000000e+00
    outer loop
      vertex   6.718405e+02 2.751943e+02 2.770000e+02
      vertex   7.378617e+02 2.751943e+02 2.564911e+02
      vertex   7.373494e+02 2.751943e+02 2.559787e+02
    endloop
  endfacet
  facet normal 0.000000e+00 1.000000e+00 0.000000e+00
    outer loop
      vertex   7.365277e+02 2.751943e+02 2.547883e+02
      vertex   7.362304e+02 2.751943e+02 2.541276e+02
      vertex   6.718405e+02 2.751943e+02 2.421000e+02
    endloop
  endfacet
  facet normal 0.000000e+00 1.000000e+00 0.000000e+00
    outer loop
      vertex   6.718405e+02 2.751943e+02 2.421000e+02
      vertex   7.362304e+02 2.751943e+02 2.541276e+02
      vertex   7.360148e+02 2.751943e+02 2.534359e+02
    endloop
  endfacet
  facet normal 0.000000e+00 1.000000e+00 0.000000e+00
    outer loop
      vertex   6.718405e+02 2.751943e+02 2.421000e+02
      vertex   7.360148e+02 2.751943e+02 2.534359e+02
      vertex   7.358842e+02 2.751943e+02 2.527232e+02
    endloop
  endfacet
  facet normal 0.000000e+00 1.000000e+00 0.000000e+00
    outer loop
      vertex   7.358842e+02 2.751943e+02 2.527232e+02
      vertex   7.358405e+02 2.751943e+02 2.520000e+02
      vertex   6.718405e+02 2.751943e+02 2.421000e+02
    endloop
  endfacet
  facet normal 0.000000e+00 1.000000e+00 0.000000e+00
    outer loop
      vertex   6.718405e+02 2.751943e+02 2.421000e+02
      vertex   7.358405e+02 2.751943e+02 2.520000e+02
      vertex   7.358842e+02 2.751943e+02 2.512768e+02
    endloop
  endfacet
  facet normal 0.000000e+00 1.000000e+00 0.000000e+00
    outer loop
      vertex   6.718405e+02 2.751943e+02 2.421000e+02
      vertex   7.358842e+02 2.751943e+02 2.512768e+02
      vertex   7.360148e+02 2.751943e+02 2.505641e+02
    endloop
  endfacet
  facet normal 0.000000e+00 1.000000e+00 0.000000e+00
    outer loop
      vertex   7.360148e+02 2.751943e+02 2.505641e+02
      vertex   7.362304e+02 2.751943e+02 2.498724e+02
      vertex   6.718405e+02 2.751943e+02 2.421000e+02
    endloop
  endfacet
  facet normal 0.000000e+00 1.000000e+00 0.000000e+00
    outer loop
      vertex   6.718405e+02 2.751943e+02 2.421000e+02
      vertex   7.362304e+02 2.751943e+02 2.498724e+02
      vertex   7.365277e+02 2.751943e+02 2.492117e+02
    endloop
  endfacet
  facet normal 0.000000e+00 1.000000e+00 0.000000e+00
    outer loop
      vertex   6.718405e+02 2.751943e+02 2.421000e+02
      vertex   7.365277e+02 2.751943e+02 2.492117e+02
      vertex   7.369026e+02 2.751943e+02 2.485916e+02
    endloop
  endfacet
  facet normal 0.000000e+00 1.000000e+00 0.000000e+00
    outer loop
      vertex   7.369026e+02 2.751943e+02 2.485916e+02
      vertex   7.373494e+02 2.751943e+02 2.480213e+02
      vertex   6.718405e+02 2.751943e+02 2.421000e+02
    endloop
  endfacet
  facet normal 0.000000e+00 1.000000e+00 0.000000e+00
    outer loop
      vertex   6.718405e+02 2.751943e+02 2.421000e+02
      vertex   7.373494e+02 2.751943e+02 2.480213e+02
      vertex   7.378617e+02 2.751943e+02 2.475089e+02
    endloop
  endfacet
  facet normal 0.000000e+00 1.000000e+00 0.000000e+00
    outer loop
      vertex   6.718405e+02 2.751943e+02 2.421000e+02
      vertex   7.378617e+02 2.751943e+02 2.475089e+02
      vertex   7.384321e+02 2.751943e+02 2.470621e+02
    endloop
  endfacet
  facet normal 0.000000e+00 1.000000e+00 0.000000e+00
    outer loop
      vertex   7.384321e+02 2.751943e+02 2.470621e+02
      vertex   7.390521e+02 2.751943e+02 2.466873e+02
      vertex   6.718405e+02 2.751943e+02 2.421000e+02
    endloop
  endfacet
  facet normal 0.000000e+00 1.000000e+00 0.000000e+00
    outer loop
      vertex   6.718405e+02 2.751943e+02 2.421000e+02
      vertex   7.390521e+02 2.751943e+02 2.466873e+02
      vertex   7.397128e+02 2.751943e+02 2.463899e+02
    endloop
  endfacet
  facet normal 0.000000e+00 1.000000e+00 0.000000e+00
    outer loop
      vertex   6.718405e+02 2.751943e+02 2.421000e+02
      vertex   7.397128e+02 2.751943e+02 2.463899e+02
      vertex   7.404046e+02 2.751943e+02 2.461743e+02
    endloop
  endfacet
  facet normal 0.000000e+00 1.000000e+00 0.000000e+00
    outer loop
      vertex   7.404046e+02 2.751943e+02 2.461743e+02
      vertex   7.411173e+02 2.751943e+02 2.460437e+02
      vertex   6.718405e+02 2.751943e+02 2.421000e+02
    endloop
  endfacet
  facet normal 0.000000e+00 1.000000e+00 0.000000e+00
    outer loop
      vertex   6.718405e+02 2.751943e+02 2.421000e+02
      vertex   7.411173e+02 2.751943e+02 2.460437e+02
      vertex   7.418405e+02 2.751943e+02 2.460000e+02
    endloop
  endfacet
  facet normal -0.000000e+00 1.000000e+00 0.000000e+00
    outer loop
      vertex   7.432764e+02 2.751943e+02 2.461743e+02
      vertex   7.439681e+02 2.751943e+02 2.463899e+02
      vertex   8.118405e+02 2.751943e+02 2.421000e+02
    endloop
  endfacet
  facet normal 0.000000e+00 1.000000e+00 0.000000e+00
    outer loop
      vertex   8.118405e+02 2.751943e+02 2.421000e+02
      vertex   7.439681e+02 2.751943e+02 2.463899e+02
      vertex   7.446288e+02 2.751943e+02 2.466873e+02
    endloop
  endfacet
  facet normal 0.000000e+00 1.000000e+00 0.000000e+00
    outer loop
      vertex   8.118405e+02 2.751943e+02 2.421000e+02
      vertex   7.446288e+02 2.751943e+02 2.466873e+02
      vertex   7.452489e+02 2.751943e+02 2.470621e+02
    endloop
  endfacet
  facet normal -0.000000e+00 1.000000e+00 0.000000e+00
    outer loop
      vertex   7.452489e+02 2.751943e+02 2.470621e+02
      vertex   7.458192e+02 2.751943e+02 2.475089e+02
      vertex   8.118405e+02 2.751943e+02 2.421000e+02
    endloop
  endfacet
  facet normal 0.000000e+00 1.000000e+00 0.000000e+00
    outer loop
      vertex   8.118405e+02 2.751943e+02 2.421000e+02
      vertex   7.458192e+02 2.751943e+02 2.475089e+02
      vertex   7.463315e+02 2.751943e+02 2.480213e+02
    endloop
  endfacet
  facet normal 0.000000e+00 1.000000e+00 0.000000e+00
    outer loop
      vertex   8.118405e+02 2.751943e+02 2.421000e+02
      vertex   7.463315e+02 2.751943e+02 2.480213e+02
      vertex   7.467784e+02 2.751943e+02 2.485916e+02
    endloop
  endfacet
  facet normal -0.000000e+00 1.000000e+00 0.000000e+00
    outer loop
      vertex   7.467784e+02 2.751943e+02 2.485916e+02
      vertex   7.471532e+02 2.751943e+02 2.492117e+02
      vertex   8.118405e+02 2.751943e+02 2.421000e+02
    endloop
  endfacet
  facet normal 0.000000e+00 1.000000e+00 0.000000e+00
    outer loop
      vertex   8.118405e+02 2.751943e+02 2.421000e+02
      vertex   7.471532e+02 2.751943e+02 2.492117e+02
      vertex   7.474506e+02 2.751943e+02 2.498724e+02
    endloop
  endfacet
  facet normal 0.000000e+00 1.000000e+00 0.000000e+00
    outer loop
      vertex   8.118405e+02 2.751943e+02 2.421000e+02
      vertex   7.474506e+02 2.751943e+02 2.498724e+02
      vertex   7.476661e+02 2.751943e+02 2.505641e+02
    endloop
  endfacet
  facet normal -0.000000e+00 1.000000e+00 0.000000e+00
    outer loop
      vertex   7.476661e+02 2.751943e+02 2.505641e+02
      vertex   7.477967e+02 2.751943e+02 2.512768e+02
      vertex   8.118405e+02 2.751943e+02 2.421000e+02
    endloop
  endfacet
  facet normal 0.000000e+00 1.000000e+00 -0.000000e+00
    outer loop
      vertex   8.118405e+02 1.441943e+02 2.470000e+02
      vertex   6.718405e+02 1.441943e+02 2.470000e+02
      vertex   8.118405e+02 1.441943e+02 2.770000e+02
    endloop
  endfacet
  facet normal 0.000000e+00 1.000000e+00 0.000000e+00
    outer loop
      vertex   8.118405e+02 1.441943e+02 2.770000e+02
      vertex   6.718405e+02 1.441943e+02 2.470000e+02
      vertex   6.718405e+02 1.441943e+02 2.770000e+02
    endloop
  endfacet
  facet normal 0.000000e+00 -1.000000e+00 0.000000e+00
    outer loop
      vertex   6.718405e+02 1.391943e+02 2.470000e+02
      vertex   8.118405e+02 1.391943e+02 2.470000e+02
      vertex   6.718405e+02 1.391943e+02 2.770000e+02
    endloop
  endfacet
  facet normal 0.000000e+00 -1.000000e+00 0.000000e+00
    outer loop
      vertex   6.718405e+02 1.391943e+02 2.770000e+02
      vertex   8.118405e+02 1.391943e+02 2.470000e+02
      vertex   8.118405e+02 1.391943e+02 2.770000e+02
    endloop
  endfacet
  facet normal 0.000000e+00 0.000000e+00 1.000000e+00
    outer loop
      vertex   6.718405e+02 1.391943e+02 2.770000e+02
      vertex   8.118405e+02 1.391943e+02 2.770000e+02
      vertex   6.718405e+02 1.441943e+02 2.770000e+02
    endloop
  endfacet
  facet normal -0.000000e+00 0.000000e+00 1.000000e+00
    outer loop
      vertex   6.718405e+02 1.441943e+02 2.770000e+02
      vertex   8.118405e+02 1.391943e+02 2.770000e+02
      vertex   8.118405e+02 1.441943e+02 2.770000e+02
    endloop
  endfacet
  facet normal 0.000000e+00 0.000000e+00 1.000000e+00
    outer loop
      vertex   8.118405e+02 1.391943e+02 2.470000e+02
      vertex   6.718405e+02 1.391943e+02 2.470000e+02
      vertex   8.118405e+02 1.151943e+02 2.470000e+02
    endloop
  endfacet
  facet normal 0.000000e+00 0.000000e+00 1.000000e+00
    outer loop
      vertex   8.118405e+02 1.151943e+02 2.470000e+02
      vertex   6.718405e+02 1.391943e+02 2.470000e+02
      vertex   6.718405e+02 1.151943e+02 2.470000e+02
    endloop
  endfacet
  facet normal -0.000000e+00 -1.000000e+00 0.000000e+00
    outer loop
      vertex   7.394733e+02 2.701943e+02 2.479000e+02
      vertex   7.371062e+02 2.701943e+02 2.520000e+02
      vertex   6.718405e+02 2.701943e+02 2.470000e+02
    endloop
  endfacet
  facet normal 0.000000e+00 -1.000000e+00 0.000000e+00
    outer loop
      vertex   6.718405e+02 2.701943e+02 2.470000e+02
      vertex   7.371062e+02 2.701943e+02 2.520000e+02
      vertex   7.394733e+02 2.701943e+02 2.561000e+02
    endloop
  endfacet
  facet normal 0.000000e+00 -1.000000e+00 0.000000e+00
    outer loop
      vertex   6.718405e+02 2.701943e+02 2.470000e+02
      vertex   7.394733e+02 2.701943e+02 2.561000e+02
      vertex   6.718405e+02 2.701943e+02 2.770000e+02
    endloop
  endfacet
  facet normal 0.000000e+00 -1.000000e+00 0.000000e+00
    outer loop
      vertex   6.718405e+02 2.701943e+02 2.770000e+02
      vertex   7.394733e+02 2.701943e+02 2.561000e+02
      vertex   7.442076e+02 2.701943e+02 2.561000e+02
    endloop
  endfacet
  facet normal 0.000000e+00 -1.000000e+00 0.000000e+00
    outer loop
      vertex   6.718405e+02 2.701943e+02 2.770000e+02
      vertex   7.442076e+02 2.701943e+02 2.561000e+02
      vertex   8.118405e+02 2.701943e+02 2.770000e+02
    endloop
  endfacet
  facet normal 0.000000e+00 -1.000000e+00 -0.000000e+00
    outer loop
      vertex   8.118405e+02 2.701943e+02 2.770000e+02
      vertex   7.442076e+02 2.701943e+02 2.561000e+02
      vertex   8.118405e+02 2.701943e+02 2.470000e+02
    endloop
  endfacet
  facet normal 0.000000e+00 -1.000000e+00 0.000000e+00
    outer loop
      vertex   8.118405e+02 2.701943e+02 2.470000e+02
      vertex   7.442076e+02 2.701943e+02 2.561000e+02
      vertex   7.465747e+02 2.701943e+02 2.520000e+02
    endloop
  endfacet
  facet normal 0.000000e+00 -1.000000e+00 0.000000e+00
    outer loop
      vertex   8.118405e+02 2.701943e+02 2.470000e+02
      vertex   7.465747e+02 2.701943e+02 2.520000e+02
      vertex   7.442076e+02 2.701943e+02 2.479000e+02
    endloop
  endfacet
  facet normal -0.000000e+00 -1.000000e+00 -0.000000e+00
    outer loop
      vertex   7.442076e+02 2.701943e+02 2.479000e+02
      vertex   7.394733e+02 2.701943e+02 2.479000e+02
      vertex   8.118405e+02 2.701943e+02 2.470000e+02
    endloop
  endfacet
  facet normal 0.000000e+00 -1.000000e+00 0.000000e+00
    outer loop
      vertex   8.118405e+02 2.701943e+02 2.470000e+02
      vertex   7.394733e+02 2.701943e+02 2.479000e+02
      vertex   6.718405e+02 2.701943e+02 2.470000e+02
    endloop
  endfacet
  facet normal 0.000000e+00 0.000000e+00 1.000000e+00
    outer loop
      vertex   8.118405e+02 2.751943e+02 2.770000e+02
      vertex   6.718405e+02 2.751943e+02 2.770000e+02
      vertex   8.118405e+02 2.701943e+02 2.770000e+02
    endloop
  endfacet
  facet normal 0.000000e+00 0.000000e+00 1.000000e+00
    outer loop
      vertex   8.118405e+02 2.701943e+02 2.770000e+02
      vertex   6.718405e+02 2.751943e+02 2.770000e+02
      vertex   6.718405e+02 2.701943e+02 2.770000e+02
    endloop
  endfacet
  facet normal 6.090366e-16 0.000000e+00 -1.000000e+00
    outer loop
      vertex   8.118405e+02 1.201943e+02 2.421000e+02
      vertex   6.718405e+02 1.201943e+02 2.421000e+02
      vertex   8.118405e+02 2.751943e+02 2.421000e+02
    endloop
  endfacet
  facet normal 6.090366e-16 0.000000e+00 -1.000000e+00
    outer loop
      vertex   8.118405e+02 2.751943e+02 2.421000e+02
      vertex   6.718405e+02 1.201943e+02 2.421000e+02
      vertex   6.718405e+02 2.751943e+02 2.421000e+02
    endloop
  endfacet
  facet normal -1.000000e+00 0.000000e+00 0.000000e+00
    outer loop
      vertex   6.718405e+02 1.201943e+02 2.270000e+02
      vertex   6.718405e+02 1.151943e+02 2.270000e+02
      vertex   6.718405e+02 1.201943e+02 2.421000e+02
    endloop
  endfacet
  facet normal -1.000000e+00 -0.000000e+00 0.000000e+00
    outer loop
      vertex   6.718405e+02 1.201943e+02 2.421000e+02
      vertex   6.718405e+02 1.151943e+02 2.270000e+02
      vertex   6.718405e+02 1.151943e+02 2.470000e+02
    endloop
  endfacet
  facet normal -1.000000e+00 0.000000e+00 0.000000e+00
    outer loop
      vertex   6.718405e+02 1.201943e+02 2.421000e+02
      vertex   6.718405e+02 1.151943e+02 2.470000e+02
      vertex   6.718405e+02 1.391943e+02 2.470000e+02
    endloop
  endfacet
  facet normal -1.000000e+00 0.000000e+00 0.000000e+00
    outer loop
      vertex   6.718405e+02 1.201943e+02 2.421000e+02
      vertex   6.718405e+02 1.391943e+02 2.470000e+02
      vertex   6.718405e+02 1.441943e+02 2.470000e+02
    endloop
  endfacet
  facet normal -1.000000e+00 0.000000e+00 0.000000e+00
    outer loop
      vertex   6.718405e+02 1.441943e+02 2.470000e+02
      vertex   6.718405e+02 1.391943e+02 2.470000e+02
      vertex   6.718405e+02 1.391943e+02 2.770000e+02
    endloop
  endfacet
  facet normal -1.000000e+00 0.000000e+00 0.000000e+00
    outer loop
      vertex   6.718405e+02 1.441943e+02 2.470000e+02
      vertex   6.718405e+02 1.391943e+02 2.770000e+02
      vertex   6.718405e+02 1.441943e+02 2.770000e+02
    endloop
  endfacet
  facet normal -1.000000e+00 0.000000e+00 0.000000e+00
    outer loop
      vertex   6.718405e+02 1.201943e+02 2.421000e+02
      vertex   6.718405e+02 1.441943e+02 2.470000e+02
      vertex   6.718405e+02 2.751943e+02 2.421000e+02
    endloop
  endfacet
  facet normal -1.000000e+00 0.000000e+00 0.000000e+00
    outer loop
      vertex   6.718405e+02 2.751943e+02 2.421000e+02
      vertex   6.718405e+02 1.441943e+02 2.470000e+02
      vertex   6.718405e+02 2.701943e+02 2.470000e+02
    endloop
  endfacet
  facet normal -1.000000e+00 0.000000e+00 0.000000e+00
    outer loop
      vertex   6.718405e+02 2.751943e+02 2.421000e+02
      vertex   6.718405e+02 2.701943e+02 2.470000e+02
      vertex   6.718405e+02 2.751943e+02 2.770000e+02
    endloop
  endfacet
  facet normal -1.000000e+00 -0.000000e+00 0.000000e+00
    outer loop
      vertex   6.718405e+02 2.751943e+02 2.770000e+02
      vertex   6.718405e+02 2.701943e+02 2.470000e+02
      vertex   6.718405e+02 2.701943e+02 2.770000e+02
    endloop
  endfacet
  facet normal 0.000000e+00 1.000000e+00 0.000000e+00
    outer loop
      vertex   7.643025e+02 1.201943e+02 2.365659e+02
      vertex   7.643405e+02 1.201943e+02 2.370000e+02
      vertex   7.993405e+02 1.201943e+02 2.370000e+02
    endloop
  endfacet
  facet normal 0.000000e+00 1.000000e+00 0.000000e+00
    outer loop
      vertex   7.993405e+02 1.201943e+02 2.370000e+02
      vertex   7.643405e+02 1.201943e+02 2.370000e+02
      vertex   7.643025e+02 1.201943e+02 2.374341e+02
    endloop
  endfacet
  facet normal 0.000000e+00 1.000000e+00 -0.000000e+00
    outer loop
      vertex   7.993405e+02 1.201943e+02 2.370000e+02
      vertex   7.643025e+02 1.201943e+02 2.374341e+02
      vertex   7.993785e+02 1.201943e+02 2.374341e+02
    endloop
  endfacet
  facet normal 0.000000e+00 1.000000e+00 0.000000e+00
    outer loop
      vertex   7.993785e+02 1.201943e+02 2.374341e+02
      vertex   7.643025e+02 1.201943e+02 2.374341e+02
      vertex   7.641897e+02 1.201943e+02 2.378551e+02
    endloop
  endfacet
  facet normal 0.000000e+00 1.000000e+00 -0.000000e+00
    outer loop
      vertex   7.993785e+02 1.201943e+02 2.374341e+02
      vertex   7.641897e+02 1.201943e+02 2.378551e+02
      vertex   7.994912e+02 1.201943e+02 2.378551e+02
    endloop
  endfacet
  facet normal 0.000000e+00 1.000000e+00 0.000000e+00
    outer loop
      vertex   7.994912e+02 1.201943e+02 2.378551e+02
      vertex   7.641897e+02 1.201943e+02 2.378551e+02
      vertex   7.640055e+02 1.201943e+02 2.382500e+02
    endloop
  endfacet
  facet normal 0.000000e+00 1.000000e+00 -0.000000e+00
    outer loop
      vertex   7.994912e+02 1.201943e+02 2.378551e+02
      vertex   7.640055e+02 1.201943e+02 2.382500e+02
      vertex   7.996754e+02 1.201943e+02 2.382500e+02
    endloop
  endfacet
  facet normal 0.000000e+00 1.000000e+00 0.000000e+00
    outer loop
      vertex   7.996754e+02 1.201943e+02 2.382500e+02
      vertex   7.640055e+02 1.201943e+02 2.382500e+02
      vertex   7.637556e+02 1.201943e+02 2.386070e+02
    endloop
  endfacet
  facet normal 0.000000e+00 1.000000e+00 -0.000000e+00
    outer loop
      vertex   7.996754e+02 1.201943e+02 2.382500e+02
      vertex   7.637556e+02 1.201943e+02 2.386070e+02
      vertex   7.999254e+02 1.201943e+02 2.386070e+02
    endloop
  endfacet
  facet normal 0.000000e+00 1.000000e+00 0.000000e+00
    outer loop
      vertex   7.999254e+02 1.201943e+02 2.386070e+02
      vertex   7.637556e+02 1.201943e+02 2.386070e+02
      vertex   7.634474e+02 1.201943e+02 2.389151e+02
    endloop
  endfacet
  facet normal 0.000000e+00 1.000000e+00 -0.000000e+00
    outer loop
      vertex   7.999254e+02 1.201943e+02 2.386070e+02
      vertex   7.634474e+02 1.201943e+02 2.389151e+02
      vertex   8.002335e+02 1.201943e+02 2.389151e+02
    endloop
  endfacet
  facet normal 0.000000e+00 1.000000e+00 0.000000e+00
    outer loop
      vertex   8.002335e+02 1.201943e+02 2.389151e+02
      vertex   7.634474e+02 1.201943e+02 2.389151e+02
      vertex   7.630905e+02 1.201943e+02 2.391651e+02
    endloop
  endfacet
  facet normal 0.000000e+00 1.000000e+00 -0.000000e+00
    outer loop
      vertex   8.002335e+02 1.201943e+02 2.389151e+02
      vertex   7.630905e+02 1.201943e+02 2.391651e+02
      vertex   8.005905e+02 1.201943e+02 2.391651e+02
    endloop
  endfacet
  facet normal 0.000000e+00 1.000000e+00 0.000000e+00
    outer loop
      vertex   8.005905e+02 1.201943e+02 2.391651e+02
      vertex   7.630905e+02 1.201943e+02 2.391651e+02
      vertex   7.626955e+02 1.201943e+02 2.393492e+02
    endloop
  endfacet
  facet normal 0.000000e+00 1.000000e+00 -0.000000e+00
    outer loop
      vertex   8.005905e+02 1.201943e+02 2.391651e+02
      vertex   7.626955e+02 1.201943e+02 2.393492e+02
      vertex   8.009854e+02 1.201943e+02 2.393492e+02
    endloop
  endfacet
  facet normal 0.000000e+00 1.000000e+00 0.000000e+00
    outer loop
      vertex   8.009854e+02 1.201943e+02 2.393492e+02
      vertex   7.626955e+02 1.201943e+02 2.393492e+02
      vertex   7.622746e+02 1.201943e+02 2.394620e+02
    endloop
  endfacet
  facet normal 0.000000e+00 1.000000e+00 -0.000000e+00
    outer loop
      vertex   8.009854e+02 1.201943e+02 2.393492e+02
      vertex   7.622746e+02 1.201943e+02 2.394620e+02
      vertex   8.014064e+02 1.201943e+02 2.394620e+02
    endloop
  endfacet
  facet normal 0.000000e+00 1.000000e+00 -0.000000e+00
    outer loop
      vertex   8.014064e+02 1.201943e+02 2.394620e+02
      vertex   7.622746e+02 1.201943e+02 2.394620e+02
      vertex   8.118405e+02 1.201943e+02 2.421000e+02
    endloop
  endfacet
  facet normal 0.000000e+00 1.000000e+00 0.000000e+00
    outer loop
      vertex   8.014064e+02 1.201943e+02 2.394620e+02
      vertex   8.118405e+02 1.201943e+02 2.421000e+02
      vertex   8.018405e+02 1.201943e+02 2.395000e+02
    endloop
  endfacet
  facet normal -0.000000e+00 1.000000e+00 0.000000e+00
    outer loop
      vertex   8.018405e+02 1.201943e+02 2.395000e+02
      vertex   8.118405e+02 1.201943e+02 2.421000e+02
      vertex   8.022746e+02 1.201943e+02 2.394620e+02
    endloop
  endfacet
  facet normal -0.000000e+00 1.000000e+00 0.000000e+00
    outer loop
      vertex   8.022746e+02 1.201943e+02 2.394620e+02
      vertex   8.118405e+02 1.201943e+02 2.421000e+02
      vertex   8.026955e+02 1.201943e+02 2.393492e+02
    endloop
  endfacet
  facet normal -0.000000e+00 1.000000e+00 0.000000e+00
    outer loop
      vertex   8.026955e+02 1.201943e+02 2.393492e+02
      vertex   8.118405e+02 1.201943e+02 2.421000e+02
      vertex   8.030905e+02 1.201943e+02 2.391651e+02
    endloop
  endfacet
  facet normal -0.000000e+00 1.000000e+00 0.000000e+00
    outer loop
      vertex   8.030905e+02 1.201943e+02 2.391651e+02
      vertex   8.118405e+02 1.201943e+02 2.421000e+02
      vertex   8.034474e+02 1.201943e+02 2.389151e+02
    endloop
  endfacet
  facet normal -0.000000e+00 1.000000e+00 0.000000e+00
    outer loop
      vertex   8.034474e+02 1.201943e+02 2.389151e+02
      vertex   8.118405e+02 1.201943e+02 2.421000e+02
      vertex   8.037556e+02 1.201943e+02 2.386070e+02
    endloop
  endfacet
  facet normal -0.000000e+00 1.000000e+00 0.000000e+00
    outer loop
      vertex   8.037556e+02 1.201943e+02 2.386070e+02
      vertex   8.118405e+02 1.201943e+02 2.421000e+02
      vertex   8.040055e+02 1.201943e+02 2.382500e+02
    endloop
  endfacet
  facet normal -0.000000e+00 1.000000e+00 0.000000e+00
    outer loop
      vertex   8.040055e+02 1.201943e+02 2.382500e+02
      vertex   8.118405e+02 1.201943e+02 2.421000e+02
      vertex   8.041897e+02 1.201943e+02 2.378551e+02
    endloop
  endfacet
  facet normal -0.000000e+00 1.000000e+00 0.000000e+00
    outer loop
      vertex   8.041897e+02 1.201943e+02 2.378551e+02
      vertex   8.118405e+02 1.201943e+02 2.421000e+02
      vertex   8.043025e+02 1.201943e+02 2.374341e+02
    endloop
  endfacet
  facet normal -0.000000e+00 1.000000e+00 0.000000e+00
    outer loop
      vertex   8.043025e+02 1.201943e+02 2.374341e+02
      vertex   8.118405e+02 1.201943e+02 2.421000e+02
      vertex   8.043405e+02 1.201943e+02 2.370000e+02
    endloop
  endfacet
  facet normal -0.000000e+00 1.000000e+00 0.000000e+00
    outer loop
      vertex   8.043405e+02 1.201943e+02 2.370000e+02
      vertex   8.118405e+02 1.201943e+02 2.421000e+02
      vertex   8.043025e+02 1.201943e+02 2.365659e+02
    endloop
  endfacet
  facet normal -0.000000e+00 1.000000e+00 0.000000e+00
    outer loop
      vertex   8.043025e+02 1.201943e+02 2.365659e+02
      vertex   8.118405e+02 1.201943e+02 2.421000e+02
      vertex   8.041897e+02 1.201943e+02 2.361449e+02
    endloop
  endfacet
  facet normal -0.000000e+00 1.000000e+00 0.000000e+00
    outer loop
      vertex   8.041897e+02 1.201943e+02 2.361449e+02
      vertex   8.118405e+02 1.201943e+02 2.421000e+02
      vertex   8.118405e+02 1.201943e+02 2.270000e+02
    endloop
  endfacet
  facet normal 0.000000e+00 1.000000e+00 0.000000e+00
    outer loop
      vertex   8.041897e+02 1.201943e+02 2.361449e+02
      vertex   8.118405e+02 1.201943e+02 2.270000e+02
      vertex   8.040055e+02 1.201943e+02 2.357500e+02
    endloop
  endfacet
  facet normal 0.000000e+00 1.000000e+00 0.000000e+00
    outer loop
      vertex   8.040055e+02 1.201943e+02 2.357500e+02
      vertex   8.118405e+02 1.201943e+02 2.270000e+02
      vertex   8.037556e+02 1.201943e+02 2.353930e+02
    endloop
  endfacet
  facet normal 0.000000e+00 1.000000e+00 0.000000e+00
    outer loop
      vertex   8.037556e+02 1.201943e+02 2.353930e+02
      vertex   8.118405e+02 1.201943e+02 2.270000e+02
      vertex   8.034474e+02 1.201943e+02 2.350849e+02
    endloop
  endfacet
  facet normal 0.000000e+00 1.000000e+00 0.000000e+00
    outer loop
      vertex   8.034474e+02 1.201943e+02 2.350849e+02
      vertex   8.118405e+02 1.201943e+02 2.270000e+02
      vertex   8.030905e+02 1.201943e+02 2.348349e+02
    endloop
  endfacet
  facet normal 0.000000e+00 1.000000e+00 0.000000e+00
    outer loop
      vertex   8.030905e+02 1.201943e+02 2.348349e+02
      vertex   8.118405e+02 1.201943e+02 2.270000e+02
      vertex   8.026955e+02 1.201943e+02 2.346508e+02
    endloop
  endfacet
  facet normal 0.000000e+00 1.000000e+00 0.000000e+00
    outer loop
      vertex   8.026955e+02 1.201943e+02 2.346508e+02
      vertex   8.118405e+02 1.201943e+02 2.270000e+02
      vertex   8.022746e+02 1.201943e+02 2.345380e+02
    endloop
  endfacet
  facet normal 0.000000e+00 1.000000e+00 0.000000e+00
    outer loop
      vertex   8.022746e+02 1.201943e+02 2.345380e+02
      vertex   8.118405e+02 1.201943e+02 2.270000e+02
      vertex   8.018405e+02 1.201943e+02 2.345000e+02
    endloop
  endfacet
  facet normal 0.000000e+00 1.000000e+00 0.000000e+00
    outer loop
      vertex   8.018405e+02 1.201943e+02 2.345000e+02
      vertex   8.118405e+02 1.201943e+02 2.270000e+02
      vertex   7.618405e+02 1.201943e+02 2.345000e+02
    endloop
  endfacet
  facet normal 0.000000e+00 1.000000e+00 0.000000e+00
    outer loop
      vertex   8.018405e+02 1.201943e+02 2.345000e+02
      vertex   7.618405e+02 1.201943e+02 2.345000e+02
      vertex   8.014064e+02 1.201943e+02 2.345380e+02
    endloop
  endfacet
  facet normal 0.000000e+00 1.000000e+00 0.000000e+00
    outer loop
      vertex   8.014064e+02 1.201943e+02 2.345380e+02
      vertex   7.618405e+02 1.201943e+02 2.345000e+02
      vertex   7.622746e+02 1.201943e+02 2.345380e+02
    endloop
  endfacet
  facet normal 0.000000e+00 1.000000e+00 0.000000e+00
    outer loop
      vertex   8.014064e+02 1.201943e+02 2.345380e+02
      vertex   7.622746e+02 1.201943e+02 2.345380e+02
      vertex   8.009854e+02 1.201943e+02 2.346508e+02
    endloop
  endfacet
  facet normal 0.000000e+00 1.000000e+00 0.000000e+00
    outer loop
      vertex   8.009854e+02 1.201943e+02 2.346508e+02
      vertex   7.622746e+02 1.201943e+02 2.345380e+02
      vertex   7.626955e+02 1.201943e+02 2.346508e+02
    endloop
  endfacet
  facet normal 0.000000e+00 1.000000e+00 0.000000e+00
    outer loop
      vertex   8.009854e+02 1.201943e+02 2.346508e+02
      vertex   7.626955e+02 1.201943e+02 2.346508e+02
      vertex   8.005905e+02 1.201943e+02 2.348349e+02
    endloop
  endfacet
  facet normal 0.000000e+00 1.000000e+00 0.000000e+00
    outer loop
      vertex   8.005905e+02 1.201943e+02 2.348349e+02
      vertex   7.626955e+02 1.201943e+02 2.346508e+02
      vertex   7.630905e+02 1.201943e+02 2.348349e+02
    endloop
  endfacet
  facet normal 0.000000e+00 1.000000e+00 0.000000e+00
    outer loop
      vertex   8.005905e+02 1.201943e+02 2.348349e+02
      vertex   7.630905e+02 1.201943e+02 2.348349e+02
      vertex   8.002335e+02 1.201943e+02 2.350849e+02
    endloop
  endfacet
  facet normal 0.000000e+00 1.000000e+00 0.000000e+00
    outer loop
      vertex   8.002335e+02 1.201943e+02 2.350849e+02
      vertex   7.630905e+02 1.201943e+02 2.348349e+02
      vertex   7.634474e+02 1.201943e+02 2.350849e+02
    endloop
  endfacet
  facet normal 0.000000e+00 1.000000e+00 0.000000e+00
    outer loop
      vertex   8.002335e+02 1.201943e+02 2.350849e+02
      vertex   7.634474e+02 1.201943e+02 2.350849e+02
      vertex   7.999254e+02 1.201943e+02 2.353930e+02
    endloop
  endfacet
  facet normal 0.000000e+00 1.000000e+00 0.000000e+00
    outer loop
      vertex   7.999254e+02 1.201943e+02 2.353930e+02
      vertex   7.634474e+02 1.201943e+02 2.350849e+02
      vertex   7.637556e+02 1.201943e+02 2.353930e+02
    endloop
  endfacet
  facet normal 0.000000e+00 1.000000e+00 0.000000e+00
    outer loop
      vertex   7.999254e+02 1.201943e+02 2.353930e+02
      vertex   7.637556e+02 1.201943e+02 2.353930e+02
      vertex   7.996754e+02 1.201943e+02 2.357500e+02
    endloop
  endfacet
  facet normal 0.000000e+00 1.000000e+00 0.000000e+00
    outer loop
      vertex   7.996754e+02 1.201943e+02 2.357500e+02
      vertex   7.637556e+02 1.201943e+02 2.353930e+02
      vertex   7.640055e+02 1.201943e+02 2.357500e+02
    endloop
  endfacet
  facet normal 0.000000e+00 1.000000e+00 0.000000e+00
    outer loop
      vertex   7.996754e+02 1.201943e+02 2.357500e+02
      vertex   7.640055e+02 1.201943e+02 2.357500e+02
      vertex   7.994912e+02 1.201943e+02 2.361449e+02
    endloop
  endfacet
  facet normal 0.000000e+00 1.000000e+00 0.000000e+00
    outer loop
      vertex   7.994912e+02 1.201943e+02 2.361449e+02
      vertex   7.640055e+02 1.201943e+02 2.357500e+02
      vertex   7.641897e+02 1.201943e+02 2.361449e+02
    endloop
  endfacet
  facet normal 0.000000e+00 1.000000e+00 0.000000e+00
    outer loop
      vertex   7.994912e+02 1.201943e+02 2.361449e+02
      vertex   7.641897e+02 1.201943e+02 2.361449e+02
      vertex   7.993785e+02 1.201943e+02 2.365659e+02
    endloop
  endfacet
  facet normal 0.000000e+00 1.000000e+00 0.000000e+00
    outer loop
      vertex   7.993785e+02 1.201943e+02 2.365659e+02
      vertex   7.641897e+02 1.201943e+02 2.361449e+02
      vertex   7.643025e+02 1.201943e+02 2.365659e+02
    endloop
  endfacet
  facet normal 0.000000e+00 1.000000e+00 0.000000e+00
    outer loop
      vertex   7.993785e+02 1.201943e+02 2.365659e+02
      vertex   7.643025e+02 1.201943e+02 2.365659e+02
      vertex   7.993405e+02 1.201943e+02 2.370000e+02
    endloop
  endfacet
  facet normal 0.000000e+00 1.000000e+00 -0.000000e+00
    outer loop
      vertex   7.622746e+02 1.201943e+02 2.394620e+02
      vertex   7.618405e+02 1.201943e+02 2.395000e+02
      vertex   8.118405e+02 1.201943e+02 2.421000e+02
    endloop
  endfacet
  facet normal 0.000000e+00 1.000000e+00 0.000000e+00
    outer loop
      vertex   8.118405e+02 1.201943e+02 2.421000e+02
      vertex   7.618405e+02 1.201943e+02 2.395000e+02
      vertex   6.718405e+02 1.201943e+02 2.421000e+02
    endloop
  endfacet
  facet normal 0.000000e+00 1.000000e+00 0.000000e+00
    outer loop
      vertex   6.718405e+02 1.201943e+02 2.421000e+02
      vertex   7.618405e+02 1.201943e+02 2.395000e+02
      vertex   7.218405e+02 1.201943e+02 2.395000e+02
    endloop
  endfacet
  facet normal 0.000000e+00 1.000000e+00 0.000000e+00
    outer loop
      vertex   6.718405e+02 1.201943e+02 2.421000e+02
      vertex   7.218405e+02 1.201943e+02 2.395000e+02
      vertex   7.214064e+02 1.201943e+02 2.394620e+02
    endloop
  endfacet
  facet normal 0.000000e+00 1.000000e+00 0.000000e+00
    outer loop
      vertex   7.618405e+02 1.201943e+02 2.395000e+02
      vertex   7.614064e+02 1.201943e+02 2.394620e+02
      vertex   7.218405e+02 1.201943e+02 2.395000e+02
    endloop
  endfacet
  facet normal 0.000000e+00 1.000000e+00 0.000000e+00
    outer loop
      vertex   7.218405e+02 1.201943e+02 2.395000e+02
      vertex   7.614064e+02 1.201943e+02 2.394620e+02
      vertex   7.222746e+02 1.201943e+02 2.394620e+02
    endloop
  endfacet
  facet normal -0.000000e+00 1.000000e+00 0.000000e+00
    outer loop
      vertex   7.222746e+02 1.201943e+02 2.394620e+02
      vertex   7.614064e+02 1.201943e+02 2.394620e+02
      vertex   7.609854e+02 1.201943e+02 2.393492e+02
    endloop
  endfacet
  facet normal 0.000000e+00 1.000000e+00 0.000000e+00
    outer loop
      vertex   7.222746e+02 1.201943e+02 2.394620e+02
      vertex   7.609854e+02 1.201943e+02 2.393492e+02
      vertex   7.226955e+02 1.201943e+02 2.393492e+02
    endloop
  endfacet
  facet normal -0.000000e+00 1.000000e+00 0.000000e+00
    outer loop
      vertex   7.226955e+02 1.201943e+02 2.393492e+02
      vertex   7.609854e+02 1.201943e+02 2.393492e+02
      vertex   7.605905e+02 1.201943e+02 2.391651e+02
    endloop
  endfacet
  facet normal 0.000000e+00 1.000000e+00 0.000000e+00
    outer loop
      vertex   7.226955e+02 1.201943e+02 2.393492e+02
      vertex   7.605905e+02 1.201943e+02 2.391651e+02
      vertex   7.230905e+02 1.201943e+02 2.391651e+02
    endloop
  endfacet
  facet normal -0.000000e+00 1.000000e+00 0.000000e+00
    outer loop
      vertex   7.230905e+02 1.201943e+02 2.391651e+02
      vertex   7.605905e+02 1.201943e+02 2.391651e+02
      vertex   7.602335e+02 1.201943e+02 2.389151e+02
    endloop
  endfacet
  facet normal 0.000000e+00 1.000000e+00 0.000000e+00
    outer loop
      vertex   7.230905e+02 1.201943e+02 2.391651e+02
      vertex   7.602335e+02 1.201943e+02 2.389151e+02
      vertex   7.234474e+02 1.201943e+02 2.389151e+02
    endloop
  endfacet
  facet normal -0.000000e+00 1.000000e+00 0.000000e+00
    outer loop
      vertex   7.234474e+02 1.201943e+02 2.389151e+02
      vertex   7.602335e+02 1.201943e+02 2.389151e+02
      vertex   7.599254e+02 1.201943e+02 2.386070e+02
    endloop
  endfacet
  facet normal 0.000000e+00 1.000000e+00 0.000000e+00
    outer loop
      vertex   7.234474e+02 1.201943e+02 2.389151e+02
      vertex   7.599254e+02 1.201943e+02 2.386070e+02
      vertex   7.237556e+02 1.201943e+02 2.386070e+02
    endloop
  endfacet
  facet normal -0.000000e+00 1.000000e+00 0.000000e+00
    outer loop
      vertex   7.237556e+02 1.201943e+02 2.386070e+02
      vertex   7.599254e+02 1.201943e+02 2.386070e+02
      vertex   7.596754e+02 1.201943e+02 2.382500e+02
    endloop
  endfacet
  facet normal 0.000000e+00 1.000000e+00 0.000000e+00
    outer loop
      vertex   7.237556e+02 1.201943e+02 2.386070e+02
      vertex   7.596754e+02 1.201943e+02 2.382500e+02
      vertex   7.240055e+02 1.201943e+02 2.382500e+02
    endloop
  endfacet
  facet normal -0.000000e+00 1.000000e+00 0.000000e+00
    outer loop
      vertex   7.240055e+02 1.201943e+02 2.382500e+02
      vertex   7.596754e+02 1.201943e+02 2.382500e+02
      vertex   7.594912e+02 1.201943e+02 2.378551e+02
    endloop
  endfacet
  facet normal 0.000000e+00 1.000000e+00 0.000000e+00
    outer loop
      vertex   7.240055e+02 1.201943e+02 2.382500e+02
      vertex   7.594912e+02 1.201943e+02 2.378551e+02
      vertex   7.241897e+02 1.201943e+02 2.378551e+02
    endloop
  endfacet
  facet normal -0.000000e+00 1.000000e+00 0.000000e+00
    outer loop
      vertex   7.241897e+02 1.201943e+02 2.378551e+02
      vertex   7.594912e+02 1.201943e+02 2.378551e+02
      vertex   7.593785e+02 1.201943e+02 2.374341e+02
    endloop
  endfacet
  facet normal 0.000000e+00 1.000000e+00 0.000000e+00
    outer loop
      vertex   7.241897e+02 1.201943e+02 2.378551e+02
      vertex   7.593785e+02 1.201943e+02 2.374341e+02
      vertex   7.243025e+02 1.201943e+02 2.374341e+02
    endloop
  endfacet
  facet normal -0.000000e+00 1.000000e+00 0.000000e+00
    outer loop
      vertex   7.243025e+02 1.201943e+02 2.374341e+02
      vertex   7.593785e+02 1.201943e+02 2.374341e+02
      vertex   7.593405e+02 1.201943e+02 2.370000e+02
    endloop
  endfacet
  facet normal 0.000000e+00 1.000000e+00 0.000000e+00
    outer loop
      vertex   7.243025e+02 1.201943e+02 2.374341e+02
      vertex   7.593405e+02 1.201943e+02 2.370000e+02
      vertex   7.243405e+02 1.201943e+02 2.370000e+02
    endloop
  endfacet
  facet normal -0.000000e+00 1.000000e+00 0.000000e+00
    outer loop
      vertex   7.243405e+02 1.201943e+02 2.370000e+02
      vertex   7.593405e+02 1.201943e+02 2.370000e+02
      vertex   7.243025e+02 1.201943e+02 2.365659e+02
    endloop
  endfacet
  facet normal 0.000000e+00 1.000000e+00 0.000000e+00
    outer loop
      vertex   7.243025e+02 1.201943e+02 2.365659e+02
      vertex   7.593405e+02 1.201943e+02 2.370000e+02
      vertex   7.593785e+02 1.201943e+02 2.365659e+02
    endloop
  endfacet
  facet normal -0.000000e+00 1.000000e+00 0.000000e+00
    outer loop
      vertex   7.243025e+02 1.201943e+02 2.365659e+02
      vertex   7.593785e+02 1.201943e+02 2.365659e+02
      vertex   7.241897e+02 1.201943e+02 2.361449e+02
    endloop
  endfacet
  facet normal 0.000000e+00 1.000000e+00 0.000000e+00
    outer loop
      vertex   7.241897e+02 1.201943e+02 2.361449e+02
      vertex   7.593785e+02 1.201943e+02 2.365659e+02
      vertex   7.594912e+02 1.201943e+02 2.361449e+02
    endloop
  endfacet
  facet normal -0.000000e+00 1.000000e+00 0.000000e+00
    outer loop
      vertex   7.241897e+02 1.201943e+02 2.361449e+02
      vertex   7.594912e+02 1.201943e+02 2.361449e+02
      vertex   7.240055e+02 1.201943e+02 2.357500e+02
    endloop
  endfacet
  facet normal 0.000000e+00 1.000000e+00 0.000000e+00
    outer loop
      vertex   7.240055e+02 1.201943e+02 2.357500e+02
      vertex   7.594912e+02 1.201943e+02 2.361449e+02
      vertex   7.596754e+02 1.201943e+02 2.357500e+02
    endloop
  endfacet
  facet normal -0.000000e+00 1.000000e+00 0.000000e+00
    outer loop
      vertex   7.240055e+02 1.201943e+02 2.357500e+02
      vertex   7.596754e+02 1.201943e+02 2.357500e+02
      vertex   7.237556e+02 1.201943e+02 2.353930e+02
    endloop
  endfacet
  facet normal 0.000000e+00 1.000000e+00 0.000000e+00
    outer loop
      vertex   7.237556e+02 1.201943e+02 2.353930e+02
      vertex   7.596754e+02 1.201943e+02 2.357500e+02
      vertex   7.599254e+02 1.201943e+02 2.353930e+02
    endloop
  endfacet
  facet normal -0.000000e+00 1.000000e+00 0.000000e+00
    outer loop
      vertex   7.237556e+02 1.201943e+02 2.353930e+02
      vertex   7.599254e+02 1.201943e+02 2.353930e+02
      vertex   7.234474e+02 1.201943e+02 2.350849e+02
    endloop
  endfacet
  facet normal 0.000000e+00 1.000000e+00 0.000000e+00
    outer loop
      vertex   7.234474e+02 1.201943e+02 2.350849e+02
      vertex   7.599254e+02 1.201943e+02 2.353930e+02
      vertex   7.602335e+02 1.201943e+02 2.350849e+02
    endloop
  endfacet
  facet normal -0.000000e+00 1.000000e+00 0.000000e+00
    outer loop
      vertex   7.234474e+02 1.201943e+02 2.350849e+02
      vertex   7.602335e+02 1.201943e+02 2.350849e+02
      vertex   7.230905e+02 1.201943e+02 2.348349e+02
    endloop
  endfacet
  facet normal 0.000000e+00 1.000000e+00 0.000000e+00
    outer loop
      vertex   7.230905e+02 1.201943e+02 2.348349e+02
      vertex   7.602335e+02 1.201943e+02 2.350849e+02
      vertex   7.605905e+02 1.201943e+02 2.348349e+02
    endloop
  endfacet
  facet normal -0.000000e+00 1.000000e+00 0.000000e+00
    outer loop
      vertex   7.230905e+02 1.201943e+02 2.348349e+02
      vertex   7.605905e+02 1.201943e+02 2.348349e+02
      vertex   7.226955e+02 1.201943e+02 2.346508e+02
    endloop
  endfacet
  facet normal 0.000000e+00 1.000000e+00 0.000000e+00
    outer loop
      vertex   7.226955e+02 1.201943e+02 2.346508e+02
      vertex   7.605905e+02 1.201943e+02 2.348349e+02
      vertex   7.609854e+02 1.201943e+02 2.346508e+02
    endloop
  endfacet
  facet normal -0.000000e+00 1.000000e+00 0.000000e+00
    outer loop
      vertex   7.226955e+02 1.201943e+02 2.346508e+02
      vertex   7.609854e+02 1.201943e+02 2.346508e+02
      vertex   7.222746e+02 1.201943e+02 2.345380e+02
    endloop
  endfacet
  facet normal 0.000000e+00 1.000000e+00 0.000000e+00
    outer loop
      vertex   7.222746e+02 1.201943e+02 2.345380e+02
      vertex   7.609854e+02 1.201943e+02 2.346508e+02
      vertex   7.614064e+02 1.201943e+02 2.345380e+02
    endloop
  endfacet
  facet normal -0.000000e+00 1.000000e+00 0.000000e+00
    outer loop
      vertex   7.222746e+02 1.201943e+02 2.345380e+02
      vertex   7.614064e+02 1.201943e+02 2.345380e+02
      vertex   7.618405e+02 1.201943e+02 2.345000e+02
    endloop
  endfacet
  facet normal 0.000000e+00 1.000000e+00 0.000000e+00
    outer loop
      vertex   6.718405e+02 1.201943e+02 2.421000e+02
      vertex   7.214064e+02 1.201943e+02 2.394620e+02
      vertex   6.822746e+02 1.201943e+02 2.394620e+02
    endloop
  endfacet
  facet normal -0.000000e+00 1.000000e+00 0.000000e+00
    outer loop
      vertex   6.822746e+02 1.201943e+02 2.394620e+02
      vertex   7.214064e+02 1.201943e+02 2.394620e+02
      vertex   7.209854e+02 1.201943e+02 2.393492e+02
    endloop
  endfacet
  facet normal 0.000000e+00 1.000000e+00 0.000000e+00
    outer loop
      vertex   6.822746e+02 1.201943e+02 2.394620e+02
      vertex   7.209854e+02 1.201943e+02 2.393492e+02
      vertex   6.826955e+02 1.201943e+02 2.393492e+02
    endloop
  endfacet
  facet normal -0.000000e+00 1.000000e+00 0.000000e+00
    outer loop
      vertex   6.826955e+02 1.201943e+02 2.393492e+02
      vertex   7.209854e+02 1.201943e+02 2.393492e+02
      vertex   7.205905e+02 1.201943e+02 2.391651e+02
    endloop
  endfacet
  facet normal 0.000000e+00 1.000000e+00 0.000000e+00
    outer loop
      vertex   6.826955e+02 1.201943e+02 2.393492e+02
      vertex   7.205905e+02 1.201943e+02 2.391651e+02
      vertex   6.830905e+02 1.201943e+02 2.391651e+02
    endloop
  endfacet
  facet normal -0.000000e+00 1.000000e+00 0.000000e+00
    outer loop
      vertex   6.830905e+02 1.201943e+02 2.391651e+02
      vertex   7.205905e+02 1.201943e+02 2.391651e+02
      vertex   7.202335e+02 1.201943e+02 2.389151e+02
    endloop
  endfacet
  facet normal 0.000000e+00 1.000000e+00 0.000000e+00
    outer loop
      vertex   6.830905e+02 1.201943e+02 2.391651e+02
      vertex   7.202335e+02 1.201943e+02 2.389151e+02
      vertex   6.834474e+02 1.201943e+02 2.389151e+02
    endloop
  endfacet
  facet normal -0.000000e+00 1.000000e+00 0.000000e+00
    outer loop
      vertex   6.834474e+02 1.201943e+02 2.389151e+02
      vertex   7.202335e+02 1.201943e+02 2.389151e+02
      vertex   7.199254e+02 1.201943e+02 2.386070e+02
    endloop
  endfacet
  facet normal 0.000000e+00 1.000000e+00 0.000000e+00
    outer loop
      vertex   6.834474e+02 1.201943e+02 2.389151e+02
      vertex   7.199254e+02 1.201943e+02 2.386070e+02
      vertex   6.837556e+02 1.201943e+02 2.386070e+02
    endloop
  endfacet
  facet normal -0.000000e+00 1.000000e+00 0.000000e+00
    outer loop
      vertex   6.837556e+02 1.201943e+02 2.386070e+02
      vertex   7.199254e+02 1.201943e+02 2.386070e+02
      vertex   7.196754e+02 1.201943e+02 2.382500e+02
    endloop
  endfacet
  facet normal 0.000000e+00 1.000000e+00 0.000000e+00
    outer loop
      vertex   6.837556e+02 1.201943e+02 2.386070e+02
      vertex   7.196754e+02 1.201943e+02 2.382500e+02
      vertex   6.840055e+02 1.201943e+02 2.382500e+02
    endloop
  endfacet
  facet normal -0.000000e+00 1.000000e+00 0.000000e+00
    outer loop
      vertex   6.840055e+02 1.201943e+02 2.382500e+02
      vertex   7.196754e+02 1.201943e+02 2.382500e+02
      vertex   7.194912e+02 1.201943e+02 2.378551e+02
    endloop
  endfacet
  facet normal 0.000000e+00 1.000000e+00 0.000000e+00
    outer loop
      vertex   6.840055e+02 1.201943e+02 2.382500e+02
      vertex   7.194912e+02 1.201943e+02 2.378551e+02
      vertex   6.841897e+02 1.201943e+02 2.378551e+02
    endloop
  endfacet
  facet normal -0.000000e+00 1.000000e+00 0.000000e+00
    outer loop
      vertex   6.841897e+02 1.201943e+02 2.378551e+02
      vertex   7.194912e+02 1.201943e+02 2.378551e+02
      vertex   7.193785e+02 1.201943e+02 2.374341e+02
    endloop
  endfacet
  facet normal 0.000000e+00 1.000000e+00 0.000000e+00
    outer loop
      vertex   6.841897e+02 1.201943e+02 2.378551e+02
      vertex   7.193785e+02 1.201943e+02 2.374341e+02
      vertex   6.843025e+02 1.201943e+02 2.374341e+02
    endloop
  endfacet
  facet normal -0.000000e+00 1.000000e+00 0.000000e+00
    outer loop
      vertex   6.843025e+02 1.201943e+02 2.374341e+02
      vertex   7.193785e+02 1.201943e+02 2.374341e+02
      vertex   7.193405e+02 1.201943e+02 2.370000e+02
    endloop
  endfacet
  facet normal 0.000000e+00 1.000000e+00 0.000000e+00
    outer loop
      vertex   6.843025e+02 1.201943e+02 2.374341e+02
      vertex   7.193405e+02 1.201943e+02 2.370000e+02
      vertex   6.843405e+02 1.201943e+02 2.370000e+02
    endloop
  endfacet
  facet normal -0.000000e+00 1.000000e+00 0.000000e+00
    outer loop
      vertex   6.843405e+02 1.201943e+02 2.370000e+02
      vertex   7.193405e+02 1.201943e+02 2.370000e+02
      vertex   6.843025e+02 1.201943e+02 2.365659e+02
    endloop
  endfacet
  facet normal 0.000000e+00 1.000000e+00 0.000000e+00
    outer loop
      vertex   6.843025e+02 1.201943e+02 2.365659e+02
      vertex   7.193405e+02 1.201943e+02 2.370000e+02
      vertex   7.193785e+02 1.201943e+02 2.365659e+02
    endloop
  endfacet
  facet normal -0.000000e+00 1.000000e+00 0.000000e+00
    outer loop
      vertex   6.843025e+02 1.201943e+02 2.365659e+02
      vertex   7.193785e+02 1.201943e+02 2.365659e+02
      vertex   6.841897e+02 1.201943e+02 2.361449e+02
    endloop
  endfacet
  facet normal 0.000000e+00 1.000000e+00 0.000000e+00
    outer loop
      vertex   6.841897e+02 1.201943e+02 2.361449e+02
      vertex   7.193785e+02 1.201943e+02 2.365659e+02
      vertex   7.194912e+02 1.201943e+02 2.361449e+02
    endloop
  endfacet
  facet normal -0.000000e+00 1.000000e+00 0.000000e+00
    outer loop
      vertex   6.841897e+02 1.201943e+02 2.361449e+02
      vertex   7.194912e+02 1.201943e+02 2.361449e+02
      vertex   6.840055e+02 1.201943e+02 2.357500e+02
    endloop
  endfacet
  facet normal 0.000000e+00 1.000000e+00 0.000000e+00
    outer loop
      vertex   6.840055e+02 1.201943e+02 2.357500e+02
      vertex   7.194912e+02 1.201943e+02 2.361449e+02
      vertex   7.196754e+02 1.201943e+02 2.357500e+02
    endloop
  endfacet
  facet normal -0.000000e+00 1.000000e+00 0.000000e+00
    outer loop
      vertex   6.840055e+02 1.201943e+02 2.357500e+02
      vertex   7.196754e+02 1.201943e+02 2.357500e+02
      vertex   6.837556e+02 1.201943e+02 2.353930e+02
    endloop
  endfacet
  facet normal 0.000000e+00 1.000000e+00 0.000000e+00
    outer loop
      vertex   6.837556e+02 1.201943e+02 2.353930e+02
      vertex   7.196754e+02 1.201943e+02 2.357500e+02
      vertex   7.199254e+02 1.201943e+02 2.353930e+02
    endloop
  endfacet
  facet normal -0.000000e+00 1.000000e+00 0.000000e+00
    outer loop
      vertex   6.837556e+02 1.201943e+02 2.353930e+02
      vertex   7.199254e+02 1.201943e+02 2.353930e+02
      vertex   6.834474e+02 1.201943e+02 2.350849e+02
    endloop
  endfacet
  facet normal 0.000000e+00 1.000000e+00 0.000000e+00
    outer loop
      vertex   6.834474e+02 1.201943e+02 2.350849e+02
      vertex   7.199254e+02 1.201943e+02 2.353930e+02
      vertex   7.202335e+02 1.201943e+02 2.350849e+02
    endloop
  endfacet
  facet normal -0.000000e+00 1.000000e+00 0.000000e+00
    outer loop
      vertex   6.834474e+02 1.201943e+02 2.350849e+02
      vertex   7.202335e+02 1.201943e+02 2.350849e+02
      vertex   6.830905e+02 1.201943e+02 2.348349e+02
    endloop
  endfacet
  facet normal 0.000000e+00 1.000000e+00 0.000000e+00
    outer loop
      vertex   6.830905e+02 1.201943e+02 2.348349e+02
      vertex   7.202335e+02 1.201943e+02 2.350849e+02
      vertex   7.205905e+02 1.201943e+02 2.348349e+02
    endloop
  endfacet
  facet normal -0.000000e+00 1.000000e+00 0.000000e+00
    outer loop
      vertex   6.830905e+02 1.201943e+02 2.348349e+02
      vertex   7.205905e+02 1.201943e+02 2.348349e+02
      vertex   7.209854e+02 1.201943e+02 2.346508e+02
    endloop
  endfacet
  facet normal 0.000000e+00 1.000000e+00 0.000000e+00
    outer loop
      vertex   6.830905e+02 1.201943e+02 2.348349e+02
      vertex   7.209854e+02 1.201943e+02 2.346508e+02
      vertex   6.826955e+02 1.201943e+02 2.346508e+02
    endloop
  endfacet
  facet normal -0.000000e+00 1.000000e+00 0.000000e+00
    outer loop
      vertex   6.826955e+02 1.201943e+02 2.346508e+02
      vertex   7.209854e+02 1.201943e+02 2.346508e+02
      vertex   7.214064e+02 1.201943e+02 2.345380e+02
    endloop
  endfacet
  facet normal 0.000000e+00 1.000000e+00 0.000000e+00
    outer loop
      vertex   6.826955e+02 1.201943e+02 2.346508e+02
      vertex   7.214064e+02 1.201943e+02 2.345380e+02
      vertex   6.822746e+02 1.201943e+02 2.345380e+02
    endloop
  endfacet
  facet normal -0.000000e+00 1.000000e+00 0.000000e+00
    outer loop
      vertex   6.822746e+02 1.201943e+02 2.345380e+02
      vertex   7.214064e+02 1.201943e+02 2.345380e+02
      vertex   7.218405e+02 1.201943e+02 2.345000e+02
    endloop
  endfacet
  facet normal 0.000000e+00 1.000000e+00 0.000000e+00
    outer loop
      vertex   6.822746e+02 1.201943e+02 2.345380e+02
      vertex   7.218405e+02 1.201943e+02 2.345000e+02
      vertex   6.818405e+02 1.201943e+02 2.345000e+02
    endloop
  endfacet
  facet normal -0.000000e+00 1.000000e+00 0.000000e+00
    outer loop
      vertex   6.818405e+02 1.201943e+02 2.345000e+02
      vertex   7.218405e+02 1.201943e+02 2.345000e+02
      vertex   6.718405e+02 1.201943e+02 2.270000e+02
    endloop
  endfacet
  facet normal 0.000000e+00 1.000000e+00 0.000000e+00
    outer loop
      vertex   6.818405e+02 1.201943e+02 2.345000e+02
      vertex   6.718405e+02 1.201943e+02 2.270000e+02
      vertex   6.814064e+02 1.201943e+02 2.345380e+02
    endloop
  endfacet
  facet normal 0.000000e+00 1.000000e+00 0.000000e+00
    outer loop
      vertex   6.814064e+02 1.201943e+02 2.345380e+02
      vertex   6.718405e+02 1.201943e+02 2.270000e+02
      vertex   6.809854e+02 1.201943e+02 2.346508e+02
    endloop
  endfacet
  facet normal 0.000000e+00 1.000000e+00 0.000000e+00
    outer loop
      vertex   6.809854e+02 1.201943e+02 2.346508e+02
      vertex   6.718405e+02 1.201943e+02 2.270000e+02
      vertex   6.805905e+02 1.201943e+02 2.348349e+02
    endloop
  endfacet
  facet normal 0.000000e+00 1.000000e+00 0.000000e+00
    outer loop
      vertex   6.805905e+02 1.201943e+02 2.348349e+02
      vertex   6.718405e+02 1.201943e+02 2.270000e+02
      vertex   6.802335e+02 1.201943e+02 2.350849e+02
    endloop
  endfacet
  facet normal 0.000000e+00 1.000000e+00 0.000000e+00
    outer loop
      vertex   6.802335e+02 1.201943e+02 2.350849e+02
      vertex   6.718405e+02 1.201943e+02 2.270000e+02
      vertex   6.799254e+02 1.201943e+02 2.353930e+02
    endloop
  endfacet
  facet normal 0.000000e+00 1.000000e+00 0.000000e+00
    outer loop
      vertex   6.799254e+02 1.201943e+02 2.353930e+02
      vertex   6.718405e+02 1.201943e+02 2.270000e+02
      vertex   6.796754e+02 1.201943e+02 2.357500e+02
    endloop
  endfacet
  facet normal 0.000000e+00 1.000000e+00 0.000000e+00
    outer loop
      vertex   6.796754e+02 1.201943e+02 2.357500e+02
      vertex   6.718405e+02 1.201943e+02 2.270000e+02
      vertex   6.794912e+02 1.201943e+02 2.361449e+02
    endloop
  endfacet
  facet normal 0.000000e+00 1.000000e+00 0.000000e+00
    outer loop
      vertex   6.794912e+02 1.201943e+02 2.361449e+02
      vertex   6.718405e+02 1.201943e+02 2.270000e+02
      vertex   6.718405e+02 1.201943e+02 2.421000e+02
    endloop
  endfacet
  facet normal 0.000000e+00 1.000000e+00 0.000000e+00
    outer loop
      vertex   6.794912e+02 1.201943e+02 2.361449e+02
      vertex   6.718405e+02 1.201943e+02 2.421000e+02
      vertex   6.793785e+02 1.201943e+02 2.365659e+02
    endloop
  endfacet
  facet normal 0.000000e+00 1.000000e+00 0.000000e+00
    outer loop
      vertex   6.793785e+02 1.201943e+02 2.365659e+02
      vertex   6.718405e+02 1.201943e+02 2.421000e+02
      vertex   6.793405e+02 1.201943e+02 2.370000e+02
    endloop
  endfacet
  facet normal 0.000000e+00 1.000000e+00 -0.000000e+00
    outer loop
      vertex   6.793405e+02 1.201943e+02 2.370000e+02
      vertex   6.718405e+02 1.201943e+02 2.421000e+02
      vertex   6.793785e+02 1.201943e+02 2.374341e+02
    endloop
  endfacet
  facet normal 0.000000e+00 1.000000e+00 -0.000000e+00
    outer loop
      vertex   6.793785e+02 1.201943e+02 2.374341e+02
      vertex   6.718405e+02 1.201943e+02 2.421000e+02
      vertex   6.794912e+02 1.201943e+02 2.378551e+02
    endloop
  endfacet
  facet normal 0.000000e+00 1.000000e+00 -0.000000e+00
    outer loop
      vertex   6.794912e+02 1.201943e+02 2.378551e+02
      vertex   6.718405e+02 1.201943e+02 2.421000e+02
      vertex   6.796754e+02 1.201943e+02 2.382500e+02
    endloop
  endfacet
  facet normal 0.000000e+00 1.000000e+00 -0.000000e+00
    outer loop
      vertex   6.796754e+02 1.201943e+02 2.382500e+02
      vertex   6.718405e+02 1.201943e+02 2.421000e+02
      vertex   6.799254e+02 1.201943e+02 2.386070e+02
    endloop
  endfacet
  facet normal 0.000000e+00 1.000000e+00 -0.000000e+00
    outer loop
      vertex   6.799254e+02 1.201943e+02 2.386070e+02
      vertex   6.718405e+02 1.201943e+02 2.421000e+02
      vertex   6.802335e+02 1.201943e+02 2.389151e+02
    endloop
  endfacet
  facet normal 0.000000e+00 1.000000e+00 -0.000000e+00
    outer loop
      vertex   6.802335e+02 1.201943e+02 2.389151e+02
      vertex   6.718405e+02 1.201943e+02 2.421000e+02
      vertex   6.805905e+02 1.201943e+02 2.391651e+02
    endloop
  endfacet
  facet normal 0.000000e+00 1.000000e+00 -0.000000e+00
    outer loop
      vertex   6.805905e+02 1.201943e+02 2.391651e+02
      vertex   6.718405e+02 1.201943e+02 2.421000e+02
      vertex   6.809854e+02 1.201943e+02 2.393492e+02
    endloop
  endfacet
  facet normal 0.000000e+00 1.000000e+00 -0.000000e+00
    outer loop
      vertex   6.809854e+02 1.201943e+02 2.393492e+02
      vertex   6.718405e+02 1.201943e+02 2.421000e+02
      vertex   6.814064e+02 1.201943e+02 2.394620e+02
    endloop
  endfacet
  facet normal 0.000000e+00 1.000000e+00 -0.000000e+00
    outer loop
      vertex   6.814064e+02 1.201943e+02 2.394620e+02
      vertex   6.718405e+02 1.201943e+02 2.421000e+02
      vertex   6.818405e+02 1.201943e+02 2.395000e+02
    endloop
  endfacet
  facet normal -0.000000e+00 1.000000e+00 -0.000000e+00
    outer loop
      vertex   6.818405e+02 1.201943e+02 2.395000e+02
      vertex   6.718405e+02 1.201943e+02 2.421000e+02
      vertex   6.822746e+02 1.201943e+02 2.394620e+02
    endloop
  endfacet
  facet normal 0.000000e+00 1.000000e+00 0.000000e+00
    outer loop
      vertex   6.718405e+02 1.201943e+02 2.270000e+02
      vertex   7.218405e+02 1.201943e+02 2.345000e+02
      vertex   7.618405e+02 1.201943e+02 2.345000e+02
    endloop
  endfacet
  facet normal 0.000000e+00 1.000000e+00 0.000000e+00
    outer loop
      vertex   7.618405e+02 1.201943e+02 2.345000e+02
      vertex   7.218405e+02 1.201943e+02 2.345000e+02
      vertex   7.222746e+02 1.201943e+02 2.345380e+02
    endloop
  endfacet
  facet normal 0.000000e+00 1.000000e+00 0.000000e+00
    outer loop
      vertex   8.118405e+02 1.201943e+02 2.270000e+02
      vertex   6.718405e+02 1.201943e+02 2.270000e+02
      vertex   7.618405e+02 1.201943e+02 2.345000e+02
    endloop
  endfacet
  facet normal 0.000000e+00 0.000000e+00 1.000000e+00
    outer loop
      vertex   6.718405e+02 1.441943e+02 2.470000e+02
      vertex   8.118405e+02 1.441943e+02 2.470000e+02
      vertex   6.718405e+02 2.701943e+02 2.470000e+02
    endloop
  endfacet
  facet normal -0.000000e+00 0.000000e+00 1.000000e+00
    outer loop
      vertex   6.718405e+02 2.701943e+02 2.470000e+02
      vertex   8.118405e+02 1.441943e+02 2.470000e+02
      vertex   8.118405e+02 2.701943e+02 2.470000e+02
    endloop
  endfacet
  facet normal 0.000000e+00 0.000000e+00 -1.000000e+00
    outer loop
      vertex   8.118405e+02 1.151943e+02 2.270000e+02
      vertex   6.718405e+02 1.151943e+02 2.270000e+02
      vertex   8.118405e+02 1.201943e+02 2.270000e+02
    endloop
  endfacet
  facet normal -0.000000e+00 0.000000e+00 -1.000000e+00
    outer loop
      vertex   8.118405e+02 1.201943e+02 2.270000e+02
      vertex   6.718405e+02 1.151943e+02 2.270000e+02
      vertex   6.718405e+02 1.201943e+02 2.270000e+02
    endloop
  endfacet
  facet normal 1.000000e+00 0.000000e+00 0.000000e+00
    outer loop
      vertex   8.118405e+02 1.391943e+02 2.470000e+02
      vertex   8.118405e+02 1.151943e+02 2.470000e+02
      vertex   8.118405e+02 1.201943e+02 2.421000e+02
    endloop
  endfacet
  facet normal 1.000000e+00 0.000000e+00 0.000000e+00
    outer loop
      vertex   8.118405e+02 1.201943e+02 2.421000e+02
      vertex   8.118405e+02 1.151943e+02 2.470000e+02
      vertex   8.118405e+02 1.151943e+02 2.270000e+02
    endloop
  endfacet
  facet normal 1.000000e+00 0.000000e+00 0.000000e+00
    outer loop
      vertex   8.118405e+02 1.201943e+02 2.421000e+02
      vertex   8.118405e+02 1.151943e+02 2.270000e+02
      vertex   8.118405e+02 1.201943e+02 2.270000e+02
    endloop
  endfacet
  facet normal 1.000000e+00 -0.000000e+00 0.000000e+00
    outer loop
      vertex   8.118405e+02 1.391943e+02 2.470000e+02
      vertex   8.118405e+02 1.201943e+02 2.421000e+02
      vertex   8.118405e+02 1.441943e+02 2.470000e+02
    endloop
  endfacet
  facet normal 1.000000e+00 0.000000e+00 0.000000e+00
    outer loop
      vertex   8.118405e+02 1.441943e+02 2.470000e+02
      vertex   8.118405e+02 1.201943e+02 2.421000e+02
      vertex   8.118405e+02 2.751943e+02 2.421000e+02
    endloop
  endfacet
  facet normal 1.000000e+00 -0.000000e+00 0.000000e+00
    outer loop
      vertex   8.118405e+02 1.441943e+02 2.470000e+02
      vertex   8.118405e+02 2.751943e+02 2.421000e+02
      vertex   8.118405e+02 2.701943e+02 2.470000e+02
    endloop
  endfacet
  facet normal 1.000000e+00 -0.000000e+00 0.000000e+00
    outer loop
      vertex   8.118405e+02 2.701943e+02 2.470000e+02
      vertex   8.118405e+02 2.751943e+02 2.421000e+02
      vertex   8.118405e+02 2.751943e+02 2.770000e+02
    endloop
  endfacet
  facet normal 1.000000e+00 0.000000e+00 0.000000e+00
    outer loop
      vertex   8.118405e+02 2.701943e+02 2.470000e+02
      vertex   8.118405e+02 2.751943e+02 2.770000e+02
      vertex   8.118405e+02 2.701943e+02 2.770000e+02
    endloop
  endfacet
  facet normal 1.000000e+00 0.000000e+00 -0.000000e+00
    outer loop
      vertex   8.118405e+02 1.441943e+02 2.470000e+02
      vertex   8.118405e+02 1.441943e+02 2.770000e+02
      vertex   8.118405e+02 1.391943e+02 2.470000e+02
    endloop
  endfacet
  facet normal 1.000000e+00 0.000000e+00 0.000000e+00
    outer loop
      vertex   8.118405e+02 1.391943e+02 2.470000e+02
      vertex   8.118405e+02 1.441943e+02 2.770000e+02
      vertex   8.118405e+02 1.391943e+02 2.770000e+02
    endloop
  endfacet
  facet normal 0.000000e+00 -1.000000e+00 0.000000e+00
    outer loop
      vertex   7.643025e+02 1.151943e+02 2.365659e+02
      vertex   7.993785e+02 1.151943e+02 2.365659e+02
      vertex   7.643405e+02 1.151943e+02 2.370000e+02
    endloop
  endfacet
  facet normal 0.000000e+00 -1.000000e+00 0.000000e+00
    outer loop
      vertex   7.643405e+02 1.151943e+02 2.370000e+02
      vertex   7.993785e+02 1.151943e+02 2.365659e+02
      vertex   7.993405e+02 1.151943e+02 2.370000e+02
    endloop
  endfacet
  facet normal 0.000000e+00 -1.000000e+00 0.000000e+00
    outer loop
      vertex   7.643405e+02 1.151943e+02 2.370000e+02
      vertex   7.993405e+02 1.151943e+02 2.370000e+02
      vertex   7.643025e+02 1.151943e+02 2.374341e+02
    endloop
  endfacet
  facet normal 0.000000e+00 -1.000000e+00 0.000000e+00
    outer loop
      vertex   7.643025e+02 1.151943e+02 2.374341e+02
      vertex   7.993405e+02 1.151943e+02 2.370000e+02
      vertex   7.993785e+02 1.151943e+02 2.374341e+02
    endloop
  endfacet
  facet normal 0.000000e+00 -1.000000e+00 0.000000e+00
    outer loop
      vertex   7.643025e+02 1.151943e+02 2.374341e+02
      vertex   7.993785e+02 1.151943e+02 2.374341e+02
      vertex   7.641897e+02 1.151943e+02 2.378551e+02
    endloop
  endfacet
  facet normal 0.000000e+00 -1.000000e+00 0.000000e+00
    outer loop
      vertex   7.641897e+02 1.151943e+02 2.378551e+02
      vertex   7.993785e+02 1.151943e+02 2.374341e+02
      vertex   7.994912e+02 1.151943e+02 2.378551e+02
    endloop
  endfacet
  facet normal 0.000000e+00 -1.000000e+00 0.000000e+00
    outer loop
      vertex   7.641897e+02 1.151943e+02 2.378551e+02
      vertex   7.994912e+02 1.151943e+02 2.378551e+02
      vertex   7.640055e+02 1.151943e+02 2.382500e+02
    endloop
  endfacet
  facet normal 0.000000e+00 -1.000000e+00 0.000000e+00
    outer loop
      vertex   7.640055e+02 1.151943e+02 2.382500e+02
      vertex   7.994912e+02 1.151943e+02 2.378551e+02
      vertex   7.996754e+02 1.151943e+02 2.382500e+02
    endloop
  endfacet
  facet normal 0.000000e+00 -1.000000e+00 0.000000e+00
    outer loop
      vertex   7.640055e+02 1.151943e+02 2.382500e+02
      vertex   7.996754e+02 1.151943e+02 2.382500e+02
      vertex   7.637556e+02 1.151943e+02 2.386070e+02
    endloop
  endfacet
  facet normal 0.000000e+00 -1.000000e+00 0.000000e+00
    outer loop
      vertex   7.637556e+02 1.151943e+02 2.386070e+02
      vertex   7.996754e+02 1.151943e+02 2.382500e+02
      vertex   7.999254e+02 1.151943e+02 2.386070e+02
    endloop
  endfacet
  facet normal 0.000000e+00 -1.000000e+00 0.000000e+00
    outer loop
      vertex   7.637556e+02 1.151943e+02 2.386070e+02
      vertex   7.999254e+02 1.151943e+02 2.386070e+02
      vertex   7.634474e+02 1.151943e+02 2.389151e+02
    endloop
  endfacet
  facet normal 0.000000e+00 -1.000000e+00 0.000000e+00
    outer loop
      vertex   7.634474e+02 1.151943e+02 2.389151e+02
      vertex   7.999254e+02 1.151943e+02 2.386070e+02
      vertex   8.002335e+02 1.151943e+02 2.389151e+02
    endloop
  endfacet
  facet normal 0.000000e+00 -1.000000e+00 0.000000e+00
    outer loop
      vertex   7.634474e+02 1.151943e+02 2.389151e+02
      vertex   8.002335e+02 1.151943e+02 2.389151e+02
      vertex   7.630905e+02 1.151943e+02 2.391651e+02
    endloop
  endfacet
  facet normal 0.000000e+00 -1.000000e+00 0.000000e+00
    outer loop
      vertex   7.630905e+02 1.151943e+02 2.391651e+02
      vertex   8.002335e+02 1.151943e+02 2.389151e+02
      vertex   8.005905e+02 1.151943e+02 2.391651e+02
    endloop
  endfacet
  facet normal 0.000000e+00 -1.000000e+00 0.000000e+00
    outer loop
      vertex   7.630905e+02 1.151943e+02 2.391651e+02
      vertex   8.005905e+02 1.151943e+02 2.391651e+02
      vertex   7.626955e+02 1.151943e+02 2.393492e+02
    endloop
  endfacet
  facet normal 0.000000e+00 -1.000000e+00 0.000000e+00
    outer loop
      vertex   7.626955e+02 1.151943e+02 2.393492e+02
      vertex   8.005905e+02 1.151943e+02 2.391651e+02
      vertex   8.009854e+02 1.151943e+02 2.393492e+02
    endloop
  endfacet
  facet normal 0.000000e+00 -1.000000e+00 0.000000e+00
    outer loop
      vertex   7.626955e+02 1.151943e+02 2.393492e+02
      vertex   8.009854e+02 1.151943e+02 2.393492e+02
      vertex   7.622746e+02 1.151943e+02 2.394620e+02
    endloop
  endfacet
  facet normal 0.000000e+00 -1.000000e+00 0.000000e+00
    outer loop
      vertex   7.622746e+02 1.151943e+02 2.394620e+02
      vertex   8.009854e+02 1.151943e+02 2.393492e+02
      vertex   8.014064e+02 1.151943e+02 2.394620e+02
    endloop
  endfacet
  facet normal 0.000000e+00 -1.000000e+00 0.000000e+00
    outer loop
      vertex   7.622746e+02 1.151943e+02 2.394620e+02
      vertex   8.014064e+02 1.151943e+02 2.394620e+02
      vertex   8.118405e+02 1.151943e+02 2.470000e+02
    endloop
  endfacet
  facet normal 0.000000e+00 -1.000000e+00 0.000000e+00
    outer loop
      vertex   8.118405e+02 1.151943e+02 2.470000e+02
      vertex   8.014064e+02 1.151943e+02 2.394620e+02
      vertex   8.018405e+02 1.151943e+02 2.395000e+02
    endloop
  endfacet
  facet normal 0.000000e+00 -1.000000e+00 0.000000e+00
    outer loop
      vertex   8.118405e+02 1.151943e+02 2.470000e+02
      vertex   8.018405e+02 1.151943e+02 2.395000e+02
      vertex   8.022746e+02 1.151943e+02 2.394620e+02
    endloop
  endfacet
  facet normal -0.000000e+00 -1.000000e+00 -0.000000e+00
    outer loop
      vertex   7.993785e+02 1.151943e+02 2.365659e+02
      vertex   7.643025e+02 1.151943e+02 2.365659e+02
      vertex   7.994912e+02 1.151943e+02 2.361449e+02
    endloop
  endfacet
  facet normal 0.000000e+00 -1.000000e+00 0.000000e+00
    outer loop
      vertex   7.994912e+02 1.151943e+02 2.361449e+02
      vertex   7.643025e+02 1.151943e+02 2.365659e+02
      vertex   7.641897e+02 1.151943e+02 2.361449e+02
    endloop
  endfacet
  facet normal -0.000000e+00 -1.000000e+00 -0.000000e+00
    outer loop
      vertex   7.994912e+02 1.151943e+02 2.361449e+02
      vertex   7.641897e+02 1.151943e+02 2.361449e+02
      vertex   7.996754e+02 1.151943e+02 2.357500e+02
    endloop
  endfacet
  facet normal 0.000000e+00 -1.000000e+00 0.000000e+00
    outer loop
      vertex   7.996754e+02 1.151943e+02 2.357500e+02
      vertex   7.641897e+02 1.151943e+02 2.361449e+02
      vertex   7.640055e+02 1.151943e+02 2.357500e+02
    endloop
  endfacet
  facet normal -0.000000e+00 -1.000000e+00 -0.000000e+00
    outer loop
      vertex   7.996754e+02 1.151943e+02 2.357500e+02
      vertex   7.640055e+02 1.151943e+02 2.357500e+02
      vertex   7.999254e+02 1.151943e+02 2.353930e+02
    endloop
  endfacet
  facet normal 0.000000e+00 -1.000000e+00 0.000000e+00
    outer loop
      vertex   7.999254e+02 1.151943e+02 2.353930e+02
      vertex   7.640055e+02 1.151943e+02 2.357500e+02
      vertex   7.637556e+02 1.151943e+02 2.353930e+02
    endloop
  endfacet
  facet normal -0.000000e+00 -1.000000e+00 -0.000000e+00
    outer loop
      vertex   7.999254e+02 1.151943e+02 2.353930e+02
      vertex   7.637556e+02 1.151943e+02 2.353930e+02
      vertex   8.002335e+02 1.151943e+02 2.350849e+02
    endloop
  endfacet
  facet normal 0.000000e+00 -1.000000e+00 0.000000e+00
    outer loop
      vertex   8.002335e+02 1.151943e+02 2.350849e+02
      vertex   7.637556e+02 1.151943e+02 2.353930e+02
      vertex   7.634474e+02 1.151943e+02 2.350849e+02
    endloop
  endfacet
  facet normal -0.000000e+00 -1.000000e+00 -0.000000e+00
    outer loop
      vertex   8.002335e+02 1.151943e+02 2.350849e+02
      vertex   7.634474e+02 1.151943e+02 2.350849e+02
      vertex   8.005905e+02 1.151943e+02 2.348349e+02
    endloop
  endfacet
  facet normal 0.000000e+00 -1.000000e+00 0.000000e+00
    outer loop
      vertex   8.005905e+02 1.151943e+02 2.348349e+02
      vertex   7.634474e+02 1.151943e+02 2.350849e+02
      vertex   7.630905e+02 1.151943e+02 2.348349e+02
    endloop
  endfacet
  facet normal -0.000000e+00 -1.000000e+00 -0.000000e+00
    outer loop
      vertex   8.005905e+02 1.151943e+02 2.348349e+02
      vertex   7.630905e+02 1.151943e+02 2.348349e+02
      vertex   8.009854e+02 1.151943e+02 2.346508e+02
    endloop
  endfacet
  facet normal 0.000000e+00 -1.000000e+00 0.000000e+00
    outer loop
      vertex   8.009854e+02 1.151943e+02 2.346508e+02
      vertex   7.630905e+02 1.151943e+02 2.348349e+02
      vertex   7.626955e+02 1.151943e+02 2.346508e+02
    endloop
  endfacet
  facet normal -0.000000e+00 -1.000000e+00 -0.000000e+00
    outer loop
      vertex   8.009854e+02 1.151943e+02 2.346508e+02
      vertex   7.626955e+02 1.151943e+02 2.346508e+02
      vertex   8.014064e+02 1.151943e+02 2.345380e+02
    endloop
  endfacet
  facet normal 0.000000e+00 -1.000000e+00 0.000000e+00
    outer loop
      vertex   8.014064e+02 1.151943e+02 2.345380e+02
      vertex   7.626955e+02 1.151943e+02 2.346508e+02
      vertex   7.622746e+02 1.151943e+02 2.345380e+02
    endloop
  endfacet
  facet normal -0.000000e+00 -1.000000e+00 -0.000000e+00
    outer loop
      vertex   8.014064e+02 1.151943e+02 2.345380e+02
      vertex   7.622746e+02 1.151943e+02 2.345380e+02
      vertex   8.118405e+02 1.151943e+02 2.270000e+02
    endloop
  endfacet
  facet normal 0.000000e+00 -1.000000e+00 0.000000e+00
    outer loop
      vertex   8.118405e+02 1.151943e+02 2.270000e+02
      vertex   7.622746e+02 1.151943e+02 2.345380e+02
      vertex   7.618405e+02 1.151943e+02 2.345000e+02
    endloop
  endfacet
  facet normal 0.000000e+00 -1.000000e+00 0.000000e+00
    outer loop
      vertex   8.118405e+02 1.151943e+02 2.270000e+02
      vertex   7.618405e+02 1.151943e+02 2.345000e+02
      vertex   7.218405e+02 1.151943e+02 2.345000e+02
    endloop
  endfacet
  facet normal 0.000000e+00 -1.000000e+00 0.000000e+00
    outer loop
      vertex   7.218405e+02 1.151943e+02 2.345000e+02
      vertex   7.618405e+02 1.151943e+02 2.345000e+02
      vertex   7.222746e+02 1.151943e+02 2.345380e+02
    endloop
  endfacet
  facet normal 0.000000e+00 -1.000000e+00 0.000000e+00
    outer loop
      vertex   7.222746e+02 1.151943e+02 2.345380e+02
      vertex   7.618405e+02 1.151943e+02 2.345000e+02
      vertex   7.614064e+02 1.151943e+02 2.345380e+02
    endloop
  endfacet
  facet normal 0.000000e+00 -1.000000e+00 0.000000e+00
    outer loop
      vertex   7.222746e+02 1.151943e+02 2.345380e+02
      vertex   7.614064e+02 1.151943e+02 2.345380e+02
      vertex   7.226955e+02 1.151943e+02 2.346508e+02
    endloop
  endfacet
  facet normal 0.000000e+00 -1.000000e+00 0.000000e+00
    outer loop
      vertex   7.226955e+02 1.151943e+02 2.346508e+02
      vertex   7.614064e+02 1.151943e+02 2.345380e+02
      vertex   7.609854e+02 1.151943e+02 2.346508e+02
    endloop
  endfacet
  facet normal 0.000000e+00 -1.000000e+00 0.000000e+00
    outer loop
      vertex   7.226955e+02 1.151943e+02 2.346508e+02
      vertex   7.609854e+02 1.151943e+02 2.346508e+02
      vertex   7.230905e+02 1.151943e+02 2.348349e+02
    endloop
  endfacet
  facet normal 0.000000e+00 -1.000000e+00 0.000000e+00
    outer loop
      vertex   7.230905e+02 1.151943e+02 2.348349e+02
      vertex   7.609854e+02 1.151943e+02 2.346508e+02
      vertex   7.605905e+02 1.151943e+02 2.348349e+02
    endloop
  endfacet
  facet normal 0.000000e+00 -1.000000e+00 0.000000e+00
    outer loop
      vertex   7.230905e+02 1.151943e+02 2.348349e+02
      vertex   7.605905e+02 1.151943e+02 2.348349e+02
      vertex   7.234474e+02 1.151943e+02 2.350849e+02
    endloop
  endfacet
  facet normal 0.000000e+00 -1.000000e+00 0.000000e+00
    outer loop
      vertex   7.234474e+02 1.151943e+02 2.350849e+02
      vertex   7.605905e+02 1.151943e+02 2.348349e+02
      vertex   7.602335e+02 1.151943e+02 2.350849e+02
    endloop
  endfacet
  facet normal 0.000000e+00 -1.000000e+00 0.000000e+00
    outer loop
      vertex   7.234474e+02 1.151943e+02 2.350849e+02
      vertex   7.602335e+02 1.151943e+02 2.350849e+02
      vertex   7.237556e+02 1.151943e+02 2.353930e+02
    endloop
  endfacet
  facet normal 0.000000e+00 -1.000000e+00 0.000000e+00
    outer loop
      vertex   7.237556e+02 1.151943e+02 2.353930e+02
      vertex   7.602335e+02 1.151943e+02 2.350849e+02
      vertex   7.599254e+02 1.151943e+02 2.353930e+02
    endloop
  endfacet
  facet normal 0.000000e+00 -1.000000e+00 0.000000e+00
    outer loop
      vertex   7.237556e+02 1.151943e+02 2.353930e+02
      vertex   7.599254e+02 1.151943e+02 2.353930e+02
      vertex   7.240055e+02 1.151943e+02 2.357500e+02
    endloop
  endfacet
  facet normal 0.000000e+00 -1.000000e+00 0.000000e+00
    outer loop
      vertex   7.240055e+02 1.151943e+02 2.357500e+02
      vertex   7.599254e+02 1.151943e+02 2.353930e+02
      vertex   7.596754e+02 1.151943e+02 2.357500e+02
    endloop
  endfacet
  facet normal 0.000000e+00 -1.000000e+00 0.000000e+00
    outer loop
      vertex   7.240055e+02 1.151943e+02 2.357500e+02
      vertex   7.596754e+02 1.151943e+02 2.357500e+02
      vertex   7.241897e+02 1.151943e+02 2.361449e+02
    endloop
  endfacet
  facet normal 0.000000e+00 -1.000000e+00 0.000000e+00
    outer loop
      vertex   7.241897e+02 1.151943e+02 2.361449e+02
      vertex   7.596754e+02 1.151943e+02 2.357500e+02
      vertex   7.594912e+02 1.151943e+02 2.361449e+02
    endloop
  endfacet
  facet normal 0.000000e+00 -1.000000e+00 0.000000e+00
    outer loop
      vertex   7.241897e+02 1.151943e+02 2.361449e+02
      vertex   7.594912e+02 1.151943e+02 2.361449e+02
      vertex   7.243025e+02 1.151943e+02 2.365659e+02
    endloop
  endfacet
  facet normal 0.000000e+00 -1.000000e+00 0.000000e+00
    outer loop
      vertex   7.243025e+02 1.151943e+02 2.365659e+02
      vertex   7.594912e+02 1.151943e+02 2.361449e+02
      vertex   7.593785e+02 1.151943e+02 2.365659e+02
    endloop
  endfacet
  facet normal 0.000000e+00 -1.000000e+00 0.000000e+00
    outer loop
      vertex   7.243025e+02 1.151943e+02 2.365659e+02
      vertex   7.593785e+02 1.151943e+02 2.365659e+02
      vertex   7.243405e+02 1.151943e+02 2.370000e+02
    endloop
  endfacet
  facet normal 0.000000e+00 -1.000000e+00 0.000000e+00
    outer loop
      vertex   7.243405e+02 1.151943e+02 2.370000e+02
      vertex   7.593785e+02 1.151943e+02 2.365659e+02
      vertex   7.593405e+02 1.151943e+02 2.370000e+02
    endloop
  endfacet
  facet normal 0.000000e+00 -1.000000e+00 0.000000e+00
    outer loop
      vertex   7.243405e+02 1.151943e+02 2.370000e+02
      vertex   7.593405e+02 1.151943e+02 2.370000e+02
      vertex   7.243025e+02 1.151943e+02 2.374341e+02
    endloop
  endfacet
  facet normal 0.000000e+00 -1.000000e+00 0.000000e+00
    outer loop
      vertex   7.243025e+02 1.151943e+02 2.374341e+02
      vertex   7.593405e+02 1.151943e+02 2.370000e+02
      vertex   7.593785e+02 1.151943e+02 2.374341e+02
    endloop
  endfacet
  facet normal 0.000000e+00 -1.000000e+00 0.000000e+00
    outer loop
      vertex   7.243025e+02 1.151943e+02 2.374341e+02
      vertex   7.593785e+02 1.151943e+02 2.374341e+02
      vertex   7.241897e+02 1.151943e+02 2.378551e+02
    endloop
  endfacet
  facet normal 0.000000e+00 -1.000000e+00 0.000000e+00
    outer loop
      vertex   7.241897e+02 1.151943e+02 2.378551e+02
      vertex   7.593785e+02 1.151943e+02 2.374341e+02
      vertex   7.594912e+02 1.151943e+02 2.378551e+02
    endloop
  endfacet
  facet normal 0.000000e+00 -1.000000e+00 0.000000e+00
    outer loop
      vertex   7.241897e+02 1.151943e+02 2.378551e+02
      vertex   7.594912e+02 1.151943e+02 2.378551e+02
      vertex   7.240055e+02 1.151943e+02 2.382500e+02
    endloop
  endfacet
  facet normal 0.000000e+00 -1.000000e+00 0.000000e+00
    outer loop
      vertex   7.240055e+02 1.151943e+02 2.382500e+02
      vertex   7.594912e+02 1.151943e+02 2.378551e+02
      vertex   7.596754e+02 1.151943e+02 2.382500e+02
    endloop
  endfacet
  facet normal 0.000000e+00 -1.000000e+00 0.000000e+00
    outer loop
      vertex   7.240055e+02 1.151943e+02 2.382500e+02
      vertex   7.596754e+02 1.151943e+02 2.382500e+02
      vertex   7.237556e+02 1.151943e+02 2.386070e+02
    endloop
  endfacet
  facet normal 0.000000e+00 -1.000000e+00 0.000000e+00
    outer loop
      vertex   7.237556e+02 1.151943e+02 2.386070e+02
      vertex   7.596754e+02 1.151943e+02 2.382500e+02
      vertex   7.599254e+02 1.151943e+02 2.386070e+02
    endloop
  endfacet
  facet normal 0.000000e+00 -1.000000e+00 0.000000e+00
    outer loop
      vertex   7.237556e+02 1.151943e+02 2.386070e+02
      vertex   7.599254e+02 1.151943e+02 2.386070e+02
      vertex   7.234474e+02 1.151943e+02 2.389151e+02
    endloop
  endfacet
  facet normal 0.000000e+00 -1.000000e+00 0.000000e+00
    outer loop
      vertex   7.234474e+02 1.151943e+02 2.389151e+02
      vertex   7.599254e+02 1.151943e+02 2.386070e+02
      vertex   7.602335e+02 1.151943e+02 2.389151e+02
    endloop
  endfacet
  facet normal 0.000000e+00 -1.000000e+00 0.000000e+00
    outer loop
      vertex   7.234474e+02 1.151943e+02 2.389151e+02
      vertex   7.602335e+02 1.151943e+02 2.389151e+02
      vertex   7.230905e+02 1.151943e+02 2.391651e+02
    endloop
  endfacet
  facet normal 0.000000e+00 -1.000000e+00 0.000000e+00
    outer loop
      vertex   7.230905e+02 1.151943e+02 2.391651e+02
      vertex   7.602335e+02 1.151943e+02 2.389151e+02
      vertex   7.605905e+02 1.151943e+02 2.391651e+02
    endloop
  endfacet
  facet normal 0.000000e+00 -1.000000e+00 0.000000e+00
    outer loop
      vertex   7.230905e+02 1.151943e+02 2.391651e+02
      vertex   7.605905e+02 1.151943e+02 2.391651e+02
      vertex   7.226955e+02 1.151943e+02 2.393492e+02
    endloop
  endfacet
  facet normal 0.000000e+00 -1.000000e+00 0.000000e+00
    outer loop
      vertex   7.226955e+02 1.151943e+02 2.393492e+02
      vertex   7.605905e+02 1.151943e+02 2.391651e+02
      vertex   7.609854e+02 1.151943e+02 2.393492e+02
    endloop
  endfacet
  facet normal 0.000000e+00 -1.000000e+00 0.000000e+00
    outer loop
      vertex   7.226955e+02 1.151943e+02 2.393492e+02
      vertex   7.609854e+02 1.151943e+02 2.393492e+02
      vertex   7.222746e+02 1.151943e+02 2.394620e+02
    endloop
  endfacet
  facet normal 0.000000e+00 -1.000000e+00 0.000000e+00
    outer loop
      vertex   7.222746e+02 1.151943e+02 2.394620e+02
      vertex   7.609854e+02 1.151943e+02 2.393492e+02
      vertex   7.614064e+02 1.151943e+02 2.394620e+02
    endloop
  endfacet
  facet normal 0.000000e+00 -1.000000e+00 0.000000e+00
    outer loop
      vertex   7.222746e+02 1.151943e+02 2.394620e+02
      vertex   7.614064e+02 1.151943e+02 2.394620e+02
      vertex   7.218405e+02 1.151943e+02 2.395000e+02
    endloop
  endfacet
  facet normal 0.000000e+00 -1.000000e+00 0.000000e+00
    outer loop
      vertex   7.218405e+02 1.151943e+02 2.395000e+02
      vertex   7.614064e+02 1.151943e+02 2.394620e+02
      vertex   7.618405e+02 1.151943e+02 2.395000e+02
    endloop
  endfacet
  facet normal 0.000000e+00 -1.000000e+00 0.000000e+00
    outer loop
      vertex   7.218405e+02 1.151943e+02 2.395000e+02
      vertex   7.618405e+02 1.151943e+02 2.395000e+02
      vertex   6.718405e+02 1.151943e+02 2.470000e+02
    endloop
  endfacet
  facet normal 0.000000e+00 -1.000000e+00 0.000000e+00
    outer loop
      vertex   6.718405e+02 1.151943e+02 2.470000e+02
      vertex   7.618405e+02 1.151943e+02 2.395000e+02
      vertex   8.118405e+02 1.151943e+02 2.470000e+02
    endloop
  endfacet
  facet normal 0.000000e+00 -1.000000e+00 0.000000e+00
    outer loop
      vertex   8.118405e+02 1.151943e+02 2.470000e+02
      vertex   7.618405e+02 1.151943e+02 2.395000e+02
      vertex   7.622746e+02 1.151943e+02 2.394620e+02
    endloop
  endfacet
  facet normal 0.000000e+00 -1.000000e+00 0.000000e+00
    outer loop
      vertex   8.118405e+02 1.151943e+02 2.270000e+02
      vertex   7.218405e+02 1.151943e+02 2.345000e+02
      vertex   6.718405e+02 1.151943e+02 2.270000e+02
    endloop
  endfacet
  facet normal 0.000000e+00 -1.000000e+00 0.000000e+00
    outer loop
      vertex   6.718405e+02 1.151943e+02 2.270000e+02
      vertex   7.218405e+02 1.151943e+02 2.345000e+02
      vertex   7.214064e+02 1.151943e+02 2.345380e+02
    endloop
  endfacet
  facet normal 0.000000e+00 -1.000000e+00 0.000000e+00
    outer loop
      vertex   6.718405e+02 1.151943e+02 2.270000e+02
      vertex   7.214064e+02 1.151943e+02 2.345380e+02
      vertex   6.822746e+02 1.151943e+02 2.345380e+02
    endloop
  endfacet
  facet normal 0.000000e+00 -1.000000e+00 0.000000e+00
    outer loop
      vertex   6.822746e+02 1.151943e+02 2.345380e+02
      vertex   7.214064e+02 1.151943e+02 2.345380e+02
      vertex   6.826955e+02 1.151943e+02 2.346508e+02
    endloop
  endfacet
  facet normal 0.000000e+00 -1.000000e+00 0.000000e+00
    outer loop
      vertex   6.826955e+02 1.151943e+02 2.346508e+02
      vertex   7.214064e+02 1.151943e+02 2.345380e+02
      vertex   7.209854e+02 1.151943e+02 2.346508e+02
    endloop
  endfacet
  facet normal 0.000000e+00 -1.000000e+00 0.000000e+00
    outer loop
      vertex   6.826955e+02 1.151943e+02 2.346508e+02
      vertex   7.209854e+02 1.151943e+02 2.346508e+02
      vertex   6.830905e+02 1.151943e+02 2.348349e+02
    endloop
  endfacet
  facet normal 0.000000e+00 -1.000000e+00 0.000000e+00
    outer loop
      vertex   6.830905e+02 1.151943e+02 2.348349e+02
      vertex   7.209854e+02 1.151943e+02 2.346508e+02
      vertex   7.205905e+02 1.151943e+02 2.348349e+02
    endloop
  endfacet
  facet normal 0.000000e+00 -1.000000e+00 0.000000e+00
    outer loop
      vertex   6.830905e+02 1.151943e+02 2.348349e+02
      vertex   7.205905e+02 1.151943e+02 2.348349e+02
      vertex   6.834474e+02 1.151943e+02 2.350849e+02
    endloop
  endfacet
  facet normal 0.000000e+00 -1.000000e+00 0.000000e+00
    outer loop
      vertex   6.834474e+02 1.151943e+02 2.350849e+02
      vertex   7.205905e+02 1.151943e+02 2.348349e+02
      vertex   7.202335e+02 1.151943e+02 2.350849e+02
    endloop
  endfacet
  facet normal 0.000000e+00 -1.000000e+00 0.000000e+00
    outer loop
      vertex   6.834474e+02 1.151943e+02 2.350849e+02
      vertex   7.202335e+02 1.151943e+02 2.350849e+02
      vertex   6.837556e+02 1.151943e+02 2.353930e+02
    endloop
  endfacet
  facet normal 0.000000e+00 -1.000000e+00 0.000000e+00
    outer loop
      vertex   6.837556e+02 1.151943e+02 2.353930e+02
      vertex   7.202335e+02 1.151943e+02 2.350849e+02
      vertex   7.199254e+02 1.151943e+02 2.353930e+02
    endloop
  endfacet
  facet normal 0.000000e+00 -1.000000e+00 0.000000e+00
    outer loop
      vertex   6.837556e+02 1.151943e+02 2.353930e+02
      vertex   7.199254e+02 1.151943e+02 2.353930e+02
      vertex   6.840055e+02 1.151943e+02 2.357500e+02
    endloop
  endfacet
  facet normal 0.000000e+00 -1.000000e+00 0.000000e+00
    outer loop
      vertex   6.840055e+02 1.151943e+02 2.357500e+02
      vertex   7.199254e+02 1.151943e+02 2.353930e+02
      vertex   7.196754e+02 1.151943e+02 2.357500e+02
    endloop
  endfacet
  facet normal 0.000000e+00 -1.000000e+00 0.000000e+00
    outer loop
      vertex   6.840055e+02 1.151943e+02 2.357500e+02
      vertex   7.196754e+02 1.151943e+02 2.357500e+02
      vertex   6.841897e+02 1.151943e+02 2.361449e+02
    endloop
  endfacet
  facet normal 0.000000e+00 -1.000000e+00 0.000000e+00
    outer loop
      vertex   6.841897e+02 1.151943e+02 2.361449e+02
      vertex   7.196754e+02 1.151943e+02 2.357500e+02
      vertex   7.194912e+02 1.151943e+02 2.361449e+02
    endloop
  endfacet
  facet normal 0.000000e+00 -1.000000e+00 0.000000e+00
    outer loop
      vertex   6.841897e+02 1.151943e+02 2.361449e+02
      vertex   7.194912e+02 1.151943e+02 2.361449e+02
      vertex   6.843025e+02 1.151943e+02 2.365659e+02
    endloop
  endfacet
  facet normal 0.000000e+00 -1.000000e+00 0.000000e+00
    outer loop
      vertex   6.843025e+02 1.151943e+02 2.365659e+02
      vertex   7.194912e+02 1.151943e+02 2.361449e+02
      vertex   7.193785e+02 1.151943e+02 2.365659e+02
    endloop
  endfacet
  facet normal 0.000000e+00 -1.000000e+00 0.000000e+00
    outer loop
      vertex   6.843025e+02 1.151943e+02 2.365659e+02
      vertex   7.193785e+02 1.151943e+02 2.365659e+02
      vertex   6.843405e+02 1.151943e+02 2.370000e+02
    endloop
  endfacet
  facet normal 0.000000e+00 -1.000000e+00 0.000000e+00
    outer loop
      vertex   6.843405e+02 1.151943e+02 2.370000e+02
      vertex   7.193785e+02 1.151943e+02 2.365659e+02
      vertex   7.193405e+02 1.151943e+02 2.370000e+02
    endloop
  endfacet
  facet normal 0.000000e+00 -1.000000e+00 0.000000e+00
    outer loop
      vertex   6.843405e+02 1.151943e+02 2.370000e+02
      vertex   7.193405e+02 1.151943e+02 2.370000e+02
      vertex   6.843025e+02 1.151943e+02 2.374341e+02
    endloop
  endfacet
  facet normal 0.000000e+00 -1.000000e+00 0.000000e+00
    outer loop
      vertex   6.843025e+02 1.151943e+02 2.374341e+02
      vertex   7.193405e+02 1.151943e+02 2.370000e+02
      vertex   7.193785e+02 1.151943e+02 2.374341e+02
    endloop
  endfacet
  facet normal 0.000000e+00 -1.000000e+00 0.000000e+00
    outer loop
      vertex   6.843025e+02 1.151943e+02 2.374341e+02
      vertex   7.193785e+02 1.151943e+02 2.374341e+02
      vertex   6.841897e+02 1.151943e+02 2.378551e+02
    endloop
  endfacet
  facet normal 0.000000e+00 -1.000000e+00 0.000000e+00
    outer loop
      vertex   6.841897e+02 1.151943e+02 2.378551e+02
      vertex   7.193785e+02 1.151943e+02 2.374341e+02
      vertex   7.194912e+02 1.151943e+02 2.378551e+02
    endloop
  endfacet
  facet normal 0.000000e+00 -1.000000e+00 0.000000e+00
    outer loop
      vertex   6.841897e+02 1.151943e+02 2.378551e+02
      vertex   7.194912e+02 1.151943e+02 2.378551e+02
      vertex   6.840055e+02 1.151943e+02 2.382500e+02
    endloop
  endfacet
  facet normal 0.000000e+00 -1.000000e+00 0.000000e+00
    outer loop
      vertex   6.840055e+02 1.151943e+02 2.382500e+02
      vertex   7.194912e+02 1.151943e+02 2.378551e+02
      vertex   7.196754e+02 1.151943e+02 2.382500e+02
    endloop
  endfacet
  facet normal 0.000000e+00 -1.000000e+00 0.000000e+00
    outer loop
      vertex   6.840055e+02 1.151943e+02 2.382500e+02
      vertex   7.196754e+02 1.151943e+02 2.382500e+02
      vertex   6.837556e+02 1.151943e+02 2.386070e+02
    endloop
  endfacet
  facet normal 0.000000e+00 -1.000000e+00 0.000000e+00
    outer loop
      vertex   6.837556e+02 1.151943e+02 2.386070e+02
      vertex   7.196754e+02 1.151943e+02 2.382500e+02
      vertex   7.199254e+02 1.151943e+02 2.386070e+02
    endloop
  endfacet
  facet normal 0.000000e+00 -1.000000e+00 0.000000e+00
    outer loop
      vertex   6.837556e+02 1.151943e+02 2.386070e+02
      vertex   7.199254e+02 1.151943e+02 2.386070e+02
      vertex   6.834474e+02 1.151943e+02 2.389151e+02
    endloop
  endfacet
  facet normal 0.000000e+00 -1.000000e+00 0.000000e+00
    outer loop
      vertex   6.834474e+02 1.151943e+02 2.389151e+02
      vertex   7.199254e+02 1.151943e+02 2.386070e+02
      vertex   7.202335e+02 1.151943e+02 2.389151e+02
    endloop
  endfacet
  facet normal 0.000000e+00 -1.000000e+00 0.000000e+00
    outer loop
      vertex   6.834474e+02 1.151943e+02 2.389151e+02
      vertex   7.202335e+02 1.151943e+02 2.389151e+02
      vertex   6.830905e+02 1.151943e+02 2.391651e+02
    endloop
  endfacet
  facet normal 0.000000e+00 -1.000000e+00 0.000000e+00
    outer loop
      vertex   6.830905e+02 1.151943e+02 2.391651e+02
      vertex   7.202335e+02 1.151943e+02 2.389151e+02
      vertex   7.205905e+02 1.151943e+02 2.391651e+02
    endloop
  endfacet
  facet normal 0.000000e+00 -1.000000e+00 0.000000e+00
    outer loop
      vertex   6.830905e+02 1.151943e+02 2.391651e+02
      vertex   7.205905e+02 1.151943e+02 2.391651e+02
      vertex   6.826955e+02 1.151943e+02 2.393492e+02
    endloop
  endfacet
  facet normal 0.000000e+00 -1.000000e+00 0.000000e+00
    outer loop
      vertex   6.826955e+02 1.151943e+02 2.393492e+02
      vertex   7.205905e+02 1.151943e+02 2.391651e+02
      vertex   7.209854e+02 1.151943e+02 2.393492e+02
    endloop
  endfacet
  facet normal 0.000000e+00 -1.000000e+00 0.000000e+00
    outer loop
      vertex   6.826955e+02 1.151943e+02 2.393492e+02
      vertex   7.209854e+02 1.151943e+02 2.393492e+02
      vertex   6.822746e+02 1.151943e+02 2.394620e+02
    endloop
  endfacet
  facet normal 0.000000e+00 -1.000000e+00 0.000000e+00
    outer loop
      vertex   6.822746e+02 1.151943e+02 2.394620e+02
      vertex   7.209854e+02 1.151943e+02 2.393492e+02
      vertex   7.214064e+02 1.151943e+02 2.394620e+02
    endloop
  endfacet
  facet normal 0.000000e+00 -1.000000e+00 0.000000e+00
    outer loop
      vertex   6.822746e+02 1.151943e+02 2.394620e+02
      vertex   7.214064e+02 1.151943e+02 2.394620e+02
      vertex   6.718405e+02 1.151943e+02 2.470000e+02
    endloop
  endfacet
  facet normal 0.000000e+00 -1.000000e+00 0.000000e+00
    outer loop
      vertex   6.718405e+02 1.151943e+02 2.470000e+02
      vertex   7.214064e+02 1.151943e+02 2.394620e+02
      vertex   7.218405e+02 1.151943e+02 2.395000e+02
    endloop
  endfacet
  facet normal 0.000000e+00 -1.000000e+00 0.000000e+00
    outer loop
      vertex   8.043025e+02 1.151943e+02 2.365659e+02
      vertex   8.118405e+02 1.151943e+02 2.270000e+02
      vertex   8.043405e+02 1.151943e+02 2.370000e+02
    endloop
  endfacet
  facet normal 0.000000e+00 -1.000000e+00 0.000000e+00
    outer loop
      vertex   8.043405e+02 1.151943e+02 2.370000e+02
      vertex   8.118405e+02 1.151943e+02 2.270000e+02
      vertex   8.118405e+02 1.151943e+02 2.470000e+02
    endloop
  endfacet
  facet normal 0.000000e+00 -1.000000e+00 0.000000e+00
    outer loop
      vertex   8.043405e+02 1.151943e+02 2.370000e+02
      vertex   8.118405e+02 1.151943e+02 2.470000e+02
      vertex   8.043025e+02 1.151943e+02 2.374341e+02
    endloop
  endfacet
  facet normal 0.000000e+00 -1.000000e+00 0.000000e+00
    outer loop
      vertex   8.043025e+02 1.151943e+02 2.374341e+02
      vertex   8.118405e+02 1.151943e+02 2.470000e+02
      vertex   8.041897e+02 1.151943e+02 2.378551e+02
    endloop
  endfacet
  facet normal 0.000000e+00 -1.000000e+00 0.000000e+00
    outer loop
      vertex   8.041897e+02 1.151943e+02 2.378551e+02
      vertex   8.118405e+02 1.151943e+02 2.470000e+02
      vertex   8.040055e+02 1.151943e+02 2.382500e+02
    endloop
  endfacet
  facet normal 0.000000e+00 -1.000000e+00 0.000000e+00
    outer loop
      vertex   8.040055e+02 1.151943e+02 2.382500e+02
      vertex   8.118405e+02 1.151943e+02 2.470000e+02
      vertex   8.037556e+02 1.151943e+02 2.386070e+02
    endloop
  endfacet
  facet normal 0.000000e+00 -1.000000e+00 0.000000e+00
    outer loop
      vertex   8.037556e+02 1.151943e+02 2.386070e+02
      vertex   8.118405e+02 1.151943e+02 2.470000e+02
      vertex   8.034474e+02 1.151943e+02 2.389151e+02
    endloop
  endfacet
  facet normal 0.000000e+00 -1.000000e+00 0.000000e+00
    outer loop
      vertex   8.034474e+02 1.151943e+02 2.389151e+02
      vertex   8.118405e+02 1.151943e+02 2.470000e+02
      vertex   8.030905e+02 1.151943e+02 2.391651e+02
    endloop
  endfacet
  facet normal 0.000000e+00 -1.000000e+00 0.000000e+00
    outer loop
      vertex   8.030905e+02 1.151943e+02 2.391651e+02
      vertex   8.118405e+02 1.151943e+02 2.470000e+02
      vertex   8.026955e+02 1.151943e+02 2.393492e+02
    endloop
  endfacet
  facet normal 0.000000e+00 -1.000000e+00 0.000000e+00
    outer loop
      vertex   8.026955e+02 1.151943e+02 2.393492e+02
      vertex   8.118405e+02 1.151943e+02 2.470000e+02
      vertex   8.022746e+02 1.151943e+02 2.394620e+02
    endloop
  endfacet
  facet normal 0.000000e+00 -1.000000e+00 -0.000000e+00
    outer loop
      vertex   8.043025e+02 1.151943e+02 2.365659e+02
      vertex   8.041897e+02 1.151943e+02 2.361449e+02
      vertex   8.118405e+02 1.151943e+02 2.270000e+02
    endloop
  endfacet
  facet normal 0.000000e+00 -1.000000e+00 0.000000e+00
    outer loop
      vertex   8.118405e+02 1.151943e+02 2.270000e+02
      vertex   8.041897e+02 1.151943e+02 2.361449e+02
      vertex   8.040055e+02 1.151943e+02 2.357500e+02
    endloop
  endfacet
  facet normal 0.000000e+00 -1.000000e+00 0.000000e+00
    outer loop
      vertex   8.118405e+02 1.151943e+02 2.270000e+02
      vertex   8.040055e+02 1.151943e+02 2.357500e+02
      vertex   8.037556e+02 1.151943e+02 2.353930e+02
    endloop
  endfacet
  facet normal 0.000000e+00 -1.000000e+00 -0.000000e+00
    outer loop
      vertex   8.037556e+02 1.151943e+02 2.353930e+02
      vertex   8.034474e+02 1.151943e+02 2.350849e+02
      vertex   8.118405e+02 1.151943e+02 2.270000e+02
    endloop
  endfacet
  facet normal 0.000000e+00 -1.000000e+00 0.000000e+00
    outer loop
      vertex   8.118405e+02 1.151943e+02 2.270000e+02
      vertex   8.034474e+02 1.151943e+02 2.350849e+02
      vertex   8.030905e+02 1.151943e+02 2.348349e+02
    endloop
  endfacet
  facet normal 0.000000e+00 -1.000000e+00 0.000000e+00
    outer loop
      vertex   8.118405e+02 1.151943e+02 2.270000e+02
      vertex   8.030905e+02 1.151943e+02 2.348349e+02
      vertex   8.026955e+02 1.151943e+02 2.346508e+02
    endloop
  endfacet
  facet normal 0.000000e+00 -1.000000e+00 -0.000000e+00
    outer loop
      vertex   8.026955e+02 1.151943e+02 2.346508e+02
      vertex   8.022746e+02 1.151943e+02 2.345380e+02
      vertex   8.118405e+02 1.151943e+02 2.270000e+02
    endloop
  endfacet
  facet normal 0.000000e+00 -1.000000e+00 0.000000e+00
    outer loop
      vertex   8.118405e+02 1.151943e+02 2.270000e+02
      vertex   8.022746e+02 1.151943e+02 2.345380e+02
      vertex   8.018405e+02 1.151943e+02 2.345000e+02
    endloop
  endfacet
  facet normal 0.000000e+00 -1.000000e+00 0.000000e+00
    outer loop
      vertex   8.118405e+02 1.151943e+02 2.270000e+02
      vertex   8.018405e+02 1.151943e+02 2.345000e+02
      vertex   8.014064e+02 1.151943e+02 2.345380e+02
    endloop
  endfacet
  facet normal 0.000000e+00 -1.000000e+00 0.000000e+00
    outer loop
      vertex   6.822746e+02 1.151943e+02 2.345380e+02
      vertex   6.818405e+02 1.151943e+02 2.345000e+02
      vertex   6.718405e+02 1.151943e+02 2.270000e+02
    endloop
  endfacet
  facet normal 0.000000e+00 -1.000000e+00 0.000000e+00
    outer loop
      vertex   6.718405e+02 1.151943e+02 2.270000e+02
      vertex   6.818405e+02 1.151943e+02 2.345000e+02
      vertex   6.814064e+02 1.151943e+02 2.345380e+02
    endloop
  endfacet
  facet normal 0.000000e+00 -1.000000e+00 0.000000e+00
    outer loop
      vertex   6.718405e+02 1.151943e+02 2.270000e+02
      vertex   6.814064e+02 1.151943e+02 2.345380e+02
      vertex   6.809854e+02 1.151943e+02 2.346508e+02
    endloop
  endfacet
  facet normal -0.000000e+00 -1.000000e+00 0.000000e+00
    outer loop
      vertex   6.809854e+02 1.151943e+02 2.346508e+02
      vertex   6.805905e+02 1.151943e+02 2.348349e+02
      vertex   6.718405e+02 1.151943e+02 2.270000e+02
    endloop
  endfacet
  facet normal 0.000000e+00 -1.000000e+00 0.000000e+00
    outer loop
      vertex   6.718405e+02 1.151943e+02 2.270000e+02
      vertex   6.805905e+02 1.151943e+02 2.348349e+02
      vertex   6.802335e+02 1.151943e+02 2.350849e+02
    endloop
  endfacet
  facet normal 0.000000e+00 -1.000000e+00 0.000000e+00
    outer loop
      vertex   6.718405e+02 1.151943e+02 2.270000e+02
      vertex   6.802335e+02 1.151943e+02 2.350849e+02
      vertex   6.799254e+02 1.151943e+02 2.353930e+02
    endloop
  endfacet
  facet normal -0.000000e+00 -1.000000e+00 0.000000e+00
    outer loop
      vertex   6.799254e+02 1.151943e+02 2.353930e+02
      vertex   6.796754e+02 1.151943e+02 2.357500e+02
      vertex   6.718405e+02 1.151943e+02 2.270000e+02
    endloop
  endfacet
  facet normal 0.000000e+00 -1.000000e+00 0.000000e+00
    outer loop
      vertex   6.718405e+02 1.151943e+02 2.270000e+02
      vertex   6.796754e+02 1.151943e+02 2.357500e+02
      vertex   6.794912e+02 1.151943e+02 2.361449e+02
    endloop
  endfacet
  facet normal 0.000000e+00 -1.000000e+00 0.000000e+00
    outer loop
      vertex   6.718405e+02 1.151943e+02 2.270000e+02
      vertex   6.794912e+02 1.151943e+02 2.361449e+02
      vertex   6.793785e+02 1.151943e+02 2.365659e+02
    endloop
  endfacet
  facet normal -0.000000e+00 -1.000000e+00 0.000000e+00
    outer loop
      vertex   6.793785e+02 1.151943e+02 2.365659e+02
      vertex   6.793405e+02 1.151943e+02 2.370000e+02
      vertex   6.718405e+02 1.151943e+02 2.270000e+02
    endloop
  endfacet
  facet normal 0.000000e+00 -1.000000e+00 0.000000e+00
    outer loop
      vertex   6.718405e+02 1.151943e+02 2.270000e+02
      vertex   6.793405e+02 1.151943e+02 2.370000e+02
      vertex   6.718405e+02 1.151943e+02 2.470000e+02
    endloop
  endfacet
  facet normal 0.000000e+00 -1.000000e+00 0.000000e+00
    outer loop
      vertex   6.718405e+02 1.151943e+02 2.470000e+02
      vertex   6.793405e+02 1.151943e+02 2.370000e+02
      vertex   6.793785e+02 1.151943e+02 2.374341e+02
    endloop
  endfacet
  facet normal 0.000000e+00 -1.000000e+00 0.000000e+00
    outer loop
      vertex   6.718405e+02 1.151943e+02 2.470000e+02
      vertex   6.793785e+02 1.151943e+02 2.374341e+02
      vertex   6.794912e+02 1.151943e+02 2.378551e+02
    endloop
  endfacet
  facet normal 0.000000e+00 -1.000000e+00 0.000000e+00
    outer loop
      vertex   6.794912e+02 1.151943e+02 2.378551e+02
      vertex   6.796754e+02 1.151943e+02 2.382500e+02
      vertex   6.718405e+02 1.151943e+02 2.470000e+02
    endloop
  endfacet
  facet normal 0.000000e+00 -1.000000e+00 0.000000e+00
    outer loop
      vertex   6.718405e+02 1.151943e+02 2.470000e+02
      vertex   6.796754e+02 1.151943e+02 2.382500e+02
      vertex   6.799254e+02 1.151943e+02 2.386070e+02
    endloop
  endfacet
  facet normal 0.000000e+00 -1.000000e+00 0.000000e+00
    outer loop
      vertex   6.718405e+02 1.151943e+02 2.470000e+02
      vertex   6.799254e+02 1.151943e+02 2.386070e+02
      vertex   6.802335e+02 1.151943e+02 2.389151e+02
    endloop
  endfacet
  facet normal 0.000000e+00 -1.000000e+00 0.000000e+00
    outer loop
      vertex   6.802335e+02 1.151943e+02 2.389151e+02
      vertex   6.805905e+02 1.151943e+02 2.391651e+02
      vertex   6.718405e+02 1.151943e+02 2.470000e+02
    endloop
  endfacet
  facet normal 0.000000e+00 -1.000000e+00 0.000000e+00
    outer loop
      vertex   6.718405e+02 1.151943e+02 2.470000e+02
      vertex   6.805905e+02 1.151943e+02 2.391651e+02
      vertex   6.809854e+02 1.151943e+02 2.393492e+02
    endloop
  endfacet
  facet normal 0.000000e+00 -1.000000e+00 0.000000e+00
    outer loop
      vertex   6.718405e+02 1.151943e+02 2.470000e+02
      vertex   6.809854e+02 1.151943e+02 2.393492e+02
      vertex   6.814064e+02 1.151943e+02 2.394620e+02
    endloop
  endfacet
  facet normal 0.000000e+00 -1.000000e+00 0.000000e+00
    outer loop
      vertex   6.814064e+02 1.151943e+02 2.394620e+02
      vertex   6.818405e+02 1.151943e+02 2.395000e+02
      vertex   6.718405e+02 1.151943e+02 2.470000e+02
    endloop
  endfacet
  facet normal 0.000000e+00 -1.000000e+00 0.000000e+00
    outer loop
      vertex   6.718405e+02 1.151943e+02 2.470000e+02
      vertex   6.818405e+02 1.151943e+02 2.395000e+02
      vertex   6.822746e+02 1.151943e+02 2.394620e+02
    endloop
  endfacet
endsolid
