solid ASCII
  facet normal -0.000000e+00 -1.000000e+00 0.000000e+00
    outer loop
      vertex   1.675000e+01 1.069415e+00 -3.951691e-16
      vertex   1.025000e+01 1.069415e+00 -3.951691e-16
      vertex   1.620404e+01 1.069415e+00 -1.500000e+00
    endloop
  endfacet
  facet normal 0.000000e+00 -1.000000e+00 0.000000e+00
    outer loop
      vertex   1.620404e+01 1.069415e+00 -1.500000e+00
      vertex   1.025000e+01 1.069415e+00 -3.951691e-16
      vertex   1.079596e+01 1.069415e+00 -1.500000e+00
    endloop
  endfacet
  facet normal 0.000000e+00 1.000000e+00 -0.000000e+00
    outer loop
      vertex   1.620404e+01 -8.369645e+00 -1.500000e+00
      vertex   1.079596e+01 -8.369645e+00 -1.500000e+00
      vertex   1.675000e+01 -8.369645e+00 -5.324231e-16
    endloop
  endfacet
  facet normal 0.000000e+00 1.000000e+00 0.000000e+00
    outer loop
      vertex   1.675000e+01 -8.369645e+00 -5.324231e-16
      vertex   1.079596e+01 -8.369645e+00 -1.500000e+00
      vertex   1.025000e+01 -8.369645e+00 -5.324231e-16
    endloop
  endfacet
  facet normal -5.735764e-01 8.191521e-01 0.000000e+00
    outer loop
      vertex   1.462500e+01 -5.948557e+00 -1.110223e-15
      vertex   1.462500e+01 -5.948557e+00 6.000000e+00
      vertex   1.494627e+01 -5.723600e+00 -8.326673e-16
    endloop
  endfacet
  facet normal -5.735764e-01 8.191521e-01 0.000000e+00
    outer loop
      vertex   1.494627e+01 -5.723600e+00 -8.326673e-16
      vertex   1.462500e+01 -5.948557e+00 6.000000e+00
      vertex   1.494627e+01 -5.723600e+00 6.000000e+00
    endloop
  endfacet
  facet normal -4.226189e-01 9.063075e-01 0.000000e+00
    outer loop
      vertex   1.426955e+01 -6.114308e+00 -1.387779e-15
      vertex   1.426955e+01 -6.114308e+00 6.000000e+00
      vertex   1.462500e+01 -5.948557e+00 -1.110223e-15
    endloop
  endfacet
  facet normal -4.226189e-01 9.063075e-01 0.000000e+00
    outer loop
      vertex   1.462500e+01 -5.948557e+00 -1.110223e-15
      vertex   1.426955e+01 -6.114308e+00 6.000000e+00
      vertex   1.462500e+01 -5.948557e+00 6.000000e+00
    endloop
  endfacet
  facet normal -2.588187e-01 9.659259e-01 0.000000e+00
    outer loop
      vertex   1.389071e+01 -6.215817e+00 -1.665335e-15
      vertex   1.389071e+01 -6.215817e+00 6.000000e+00
      vertex   1.426955e+01 -6.114308e+00 -1.387779e-15
    endloop
  endfacet
  facet normal -2.588187e-01 9.659259e-01 0.000000e+00
    outer loop
      vertex   1.426955e+01 -6.114308e+00 -1.387779e-15
      vertex   1.389071e+01 -6.215817e+00 6.000000e+00
      vertex   1.426955e+01 -6.114308e+00 6.000000e+00
    endloop
  endfacet
  facet normal -8.715602e-02 9.961947e-01 0.000000e+00
    outer loop
      vertex   1.350000e+01 -6.250000e+00 -1.665335e-15
      vertex   1.350000e+01 -6.250000e+00 6.000000e+00
      vertex   1.389071e+01 -6.215817e+00 -1.665335e-15
    endloop
  endfacet
  facet normal -8.715602e-02 9.961947e-01 0.000000e+00
    outer loop
      vertex   1.389071e+01 -6.215817e+00 -1.665335e-15
      vertex   1.350000e+01 -6.250000e+00 6.000000e+00
      vertex   1.389071e+01 -6.215817e+00 6.000000e+00
    endloop
  endfacet
  facet normal 8.715602e-02 9.961947e-01 -0.000000e+00
    outer loop
      vertex   1.310929e+01 -6.215817e+00 -1.942890e-15
      vertex   1.310929e+01 -6.215817e+00 6.000000e+00
      vertex   1.350000e+01 -6.250000e+00 -1.665335e-15
    endloop
  endfacet
  facet normal 8.715602e-02 9.961947e-01 -0.000000e+00
    outer loop
      vertex   1.350000e+01 -6.250000e+00 -1.665335e-15
      vertex   1.310929e+01 -6.215817e+00 6.000000e+00
      vertex   1.350000e+01 -6.250000e+00 6.000000e+00
    endloop
  endfacet
  facet normal 2.588187e-01 9.659259e-01 -0.000000e+00
    outer loop
      vertex   1.273045e+01 -6.114308e+00 -2.220446e-15
      vertex   1.273045e+01 -6.114308e+00 6.000000e+00
      vertex   1.310929e+01 -6.215817e+00 -1.942890e-15
    endloop
  endfacet
  facet normal 2.588187e-01 9.659259e-01 -0.000000e+00
    outer loop
      vertex   1.310929e+01 -6.215817e+00 -1.942890e-15
      vertex   1.273045e+01 -6.114308e+00 6.000000e+00
      vertex   1.310929e+01 -6.215817e+00 6.000000e+00
    endloop
  endfacet
  facet normal 4.226189e-01 9.063075e-01 -0.000000e+00
    outer loop
      vertex   1.237500e+01 -5.948557e+00 -2.220446e-15
      vertex   1.237500e+01 -5.948557e+00 6.000000e+00
      vertex   1.273045e+01 -6.114308e+00 -2.220446e-15
    endloop
  endfacet
  facet normal 4.226189e-01 9.063075e-01 -0.000000e+00
    outer loop
      vertex   1.273045e+01 -6.114308e+00 -2.220446e-15
      vertex   1.237500e+01 -5.948557e+00 6.000000e+00
      vertex   1.273045e+01 -6.114308e+00 6.000000e+00
    endloop
  endfacet
  facet normal 5.735764e-01 8.191521e-01 -0.000000e+00
    outer loop
      vertex   1.205373e+01 -5.723600e+00 -2.498002e-15
      vertex   1.205373e+01 -5.723600e+00 6.000000e+00
      vertex   1.237500e+01 -5.948557e+00 -2.220446e-15
    endloop
  endfacet
  facet normal 5.735764e-01 8.191521e-01 -0.000000e+00
    outer loop
      vertex   1.237500e+01 -5.948557e+00 -2.220446e-15
      vertex   1.205373e+01 -5.723600e+00 6.000000e+00
      vertex   1.237500e+01 -5.948557e+00 6.000000e+00
    endloop
  endfacet
  facet normal 7.071060e-01 7.071075e-01 -0.000000e+00
    outer loop
      vertex   1.177640e+01 -5.446272e+00 -2.498002e-15
      vertex   1.177640e+01 -5.446272e+00 6.000000e+00
      vertex   1.205373e+01 -5.723600e+00 -2.498002e-15
    endloop
  endfacet
  facet normal 7.071060e-01 7.071075e-01 -0.000000e+00
    outer loop
      vertex   1.205373e+01 -5.723600e+00 -2.498002e-15
      vertex   1.177640e+01 -5.446272e+00 6.000000e+00
      vertex   1.205373e+01 -5.723600e+00 6.000000e+00
    endloop
  endfacet
  facet normal 8.191530e-01 5.735750e-01 -0.000000e+00
    outer loop
      vertex   1.155144e+01 -5.125000e+00 -2.775558e-15
      vertex   1.155144e+01 -5.125000e+00 6.000000e+00
      vertex   1.177640e+01 -5.446272e+00 -2.498002e-15
    endloop
  endfacet
  facet normal 8.191530e-01 5.735750e-01 -0.000000e+00
    outer loop
      vertex   1.177640e+01 -5.446272e+00 -2.498002e-15
      vertex   1.155144e+01 -5.125000e+00 6.000000e+00
      vertex   1.177640e+01 -5.446272e+00 6.000000e+00
    endloop
  endfacet
  facet normal 9.063080e-01 4.226177e-01 -0.000000e+00
    outer loop
      vertex   1.138569e+01 -4.769545e+00 -2.775558e-15
      vertex   1.138569e+01 -4.769545e+00 6.000000e+00
      vertex   1.155144e+01 -5.125000e+00 -2.775558e-15
    endloop
  endfacet
  facet normal 9.063080e-01 4.226177e-01 -0.000000e+00
    outer loop
      vertex   1.155144e+01 -5.125000e+00 -2.775558e-15
      vertex   1.138569e+01 -4.769545e+00 6.000000e+00
      vertex   1.155144e+01 -5.125000e+00 6.000000e+00
    endloop
  endfacet
  facet normal 9.659258e-01 2.588191e-01 -0.000000e+00
    outer loop
      vertex   1.128418e+01 -4.390708e+00 -2.775558e-15
      vertex   1.128418e+01 -4.390708e+00 6.000000e+00
      vertex   1.138569e+01 -4.769545e+00 -2.775558e-15
    endloop
  endfacet
  facet normal 9.659258e-01 2.588191e-01 -0.000000e+00
    outer loop
      vertex   1.138569e+01 -4.769545e+00 -2.775558e-15
      vertex   1.128418e+01 -4.390708e+00 6.000000e+00
      vertex   1.138569e+01 -4.769545e+00 6.000000e+00
    endloop
  endfacet
  facet normal 9.961945e-01 8.715752e-02 -0.000000e+00
    outer loop
      vertex   1.125000e+01 -4.000000e+00 -2.775558e-15
      vertex   1.125000e+01 -4.000000e+00 6.000000e+00
      vertex   1.128418e+01 -4.390708e+00 -2.775558e-15
    endloop
  endfacet
  facet normal 9.961945e-01 8.715752e-02 -0.000000e+00
    outer loop
      vertex   1.128418e+01 -4.390708e+00 -2.775558e-15
      vertex   1.125000e+01 -4.000000e+00 6.000000e+00
      vertex   1.128418e+01 -4.390708e+00 6.000000e+00
    endloop
  endfacet
  facet normal 9.961945e-01 -8.715752e-02 0.000000e+00
    outer loop
      vertex   1.128418e+01 -3.609291e+00 -2.775558e-15
      vertex   1.128418e+01 -3.609291e+00 6.000000e+00
      vertex   1.125000e+01 -4.000000e+00 -2.775558e-15
    endloop
  endfacet
  facet normal 9.961945e-01 -8.715752e-02 0.000000e+00
    outer loop
      vertex   1.125000e+01 -4.000000e+00 -2.775558e-15
      vertex   1.128418e+01 -3.609291e+00 6.000000e+00
      vertex   1.125000e+01 -4.000000e+00 6.000000e+00
    endloop
  endfacet
  facet normal 9.659258e-01 -2.588191e-01 0.000000e+00
    outer loop
      vertex   1.138569e+01 -3.230454e+00 -2.498002e-15
      vertex   1.138569e+01 -3.230454e+00 6.000000e+00
      vertex   1.128418e+01 -3.609291e+00 -2.775558e-15
    endloop
  endfacet
  facet normal 9.659258e-01 -2.588191e-01 0.000000e+00
    outer loop
      vertex   1.128418e+01 -3.609291e+00 -2.775558e-15
      vertex   1.138569e+01 -3.230454e+00 6.000000e+00
      vertex   1.128418e+01 -3.609291e+00 6.000000e+00
    endloop
  endfacet
  facet normal 9.063080e-01 -4.226177e-01 0.000000e+00
    outer loop
      vertex   1.155144e+01 -2.875000e+00 -2.498002e-15
      vertex   1.155144e+01 -2.875000e+00 6.000000e+00
      vertex   1.138569e+01 -3.230454e+00 -2.498002e-15
    endloop
  endfacet
  facet normal 9.063080e-01 -4.226177e-01 0.000000e+00
    outer loop
      vertex   1.138569e+01 -3.230454e+00 -2.498002e-15
      vertex   1.155144e+01 -2.875000e+00 6.000000e+00
      vertex   1.138569e+01 -3.230454e+00 6.000000e+00
    endloop
  endfacet
  facet normal 8.191525e-01 -5.735758e-01 0.000000e+00
    outer loop
      vertex   1.177640e+01 -2.553728e+00 -2.220446e-15
      vertex   1.177640e+01 -2.553728e+00 6.000000e+00
      vertex   1.155144e+01 -2.875000e+00 -2.498002e-15
    endloop
  endfacet
  facet normal 8.191525e-01 -5.735758e-01 0.000000e+00
    outer loop
      vertex   1.155144e+01 -2.875000e+00 -2.498002e-15
      vertex   1.177640e+01 -2.553728e+00 6.000000e+00
      vertex   1.155144e+01 -2.875000e+00 6.000000e+00
    endloop
  endfacet
  facet normal 7.071068e-01 -7.071068e-01 0.000000e+00
    outer loop
      vertex   1.205373e+01 -2.276400e+00 -2.220446e-15
      vertex   1.205373e+01 -2.276400e+00 6.000000e+00
      vertex   1.177640e+01 -2.553728e+00 -2.220446e-15
    endloop
  endfacet
  facet normal 7.071068e-01 -7.071068e-01 0.000000e+00
    outer loop
      vertex   1.177640e+01 -2.553728e+00 -2.220446e-15
      vertex   1.205373e+01 -2.276400e+00 6.000000e+00
      vertex   1.177640e+01 -2.553728e+00 6.000000e+00
    endloop
  endfacet
  facet normal -5.647921e-15 -3.260830e-15 -1.000000e+00
    outer loop
      vertex   1.862500e+00 1.766377e+01 -5.639933e-15
      vertex   -7.009003e-02 1.776057e+01 4.959511e-15
      vertex   2.250000e-01 2.050000e+01 -5.639933e-15
    endloop
  endfacet
  facet normal -3.426003e-15 -3.500174e-15 -1.000000e+00
    outer loop
      vertex   2.250000e-01 2.050000e+01 -5.639933e-15
      vertex   -7.009003e-02 1.776057e+01 4.959511e-15
      vertex   -3.971143e-01 1.825000e+01 4.366822e-15
    endloop
  endfacet
  facet normal -4.205166e-15 -3.284739e-15 -1.000000e+00
    outer loop
      vertex   2.250000e-01 2.050000e+01 -5.639933e-15
      vertex   -3.971143e-01 1.825000e+01 4.366822e-15
      vertex   -6.574579e-01 1.877793e+01 3.727512e-15
    endloop
  endfacet
  facet normal -0.000000e+00 -7.652197e-15 -1.000000e+00
    outer loop
      vertex   5.137500e+00 1.766377e+01 -5.639933e-15
      vertex   3.500000e+00 1.600000e+01 7.091541e-15
      vertex   1.862500e+00 1.766377e+01 -5.639933e-15
    endloop
  endfacet
  facet normal -4.512817e-16 -8.096354e-15 -1.000000e+00
    outer loop
      vertex   1.862500e+00 1.766377e+01 -5.639933e-15
      vertex   3.500000e+00 1.600000e+01 7.091541e-15
      vertex   2.912632e+00 1.603850e+01 7.044921e-15
    endloop
  endfacet
  facet normal -1.505032e-15 -8.777212e-15 -1.000000e+00
    outer loop
      vertex   1.862500e+00 1.766377e+01 -5.639933e-15
      vertex   2.912632e+00 1.603850e+01 7.044921e-15
      vertex   2.335314e+00 1.615333e+01 6.905856e-15
    endloop
  endfacet
  facet normal -4.147453e-16 -7.244000e-15 -1.000000e+00
    outer loop
      vertex   3.500000e+00 1.600000e+01 7.091541e-15
      vertex   5.137500e+00 1.766377e+01 -5.639933e-15
      vertex   7.000000e+00 1.600000e+01 5.639933e-15
    endloop
  endfacet
  facet normal 3.995594e-15 -2.306858e-15 -1.000000e+00
    outer loop
      vertex   7.000000e+00 1.600000e+01 5.639933e-15
      vertex   5.137500e+00 1.766377e+01 -5.639933e-15
      vertex   6.775000e+00 2.050000e+01 -5.639933e-15
    endloop
  endfacet
  facet normal 4.520865e-15 -2.280594e-15 -1.000000e+00
    outer loop
      vertex   7.000000e+00 1.600000e+01 5.639933e-15
      vertex   6.775000e+00 2.050000e+01 -5.639933e-15
      vertex   1.025000e+01 2.500000e+01 -1.926035e-16
    endloop
  endfacet
  facet normal 8.969640e-16 5.178621e-16 -1.000000e+00
    outer loop
      vertex   1.025000e+01 2.500000e+01 -1.926035e-16
      vertex   6.775000e+00 2.050000e+01 -5.639933e-15
      vertex   5.137500e+00 2.333623e+01 -5.639933e-15
    endloop
  endfacet
  facet normal -2.150531e-16 3.934922e-15 -1.000000e+00
    outer loop
      vertex   1.025000e+01 2.500000e+01 -1.926035e-16
      vertex   5.137500e+00 2.333623e+01 -5.639933e-15
      vertex   3.500000e+00 2.500000e+01 1.259005e-15
    endloop
  endfacet
  facet normal 0.000000e+00 4.146580e-15 -1.000000e+00
    outer loop
      vertex   3.500000e+00 2.500000e+01 1.259005e-15
      vertex   5.137500e+00 2.333623e+01 -5.639933e-15
      vertex   1.862500e+00 2.333623e+01 -5.639933e-15
    endloop
  endfacet
  facet normal -2.964815e-16 4.438381e-15 -1.000000e+00
    outer loop
      vertex   3.500000e+00 2.500000e+01 1.259005e-15
      vertex   1.862500e+00 2.333623e+01 -5.639933e-15
      vertex   2.912632e+00 2.496150e+01 1.262282e-15
    endloop
  endfacet
  facet normal -9.887659e-16 4.885685e-15 -1.000000e+00
    outer loop
      vertex   2.912632e+00 2.496150e+01 1.262282e-15
      vertex   1.862500e+00 2.333623e+01 -5.639933e-15
      vertex   2.335314e+00 2.484667e+01 1.272059e-15
    endloop
  endfacet
  facet normal -1.770432e-15 5.130372e-15 -1.000000e+00
    outer loop
      vertex   2.335314e+00 2.484667e+01 1.272059e-15
      vertex   1.862500e+00 2.333623e+01 -5.639933e-15
      vertex   1.777925e+00 2.465746e+01 1.288167e-15
    endloop
  endfacet
  facet normal -2.547472e-15 5.080631e-15 -1.000000e+00
    outer loop
      vertex   1.777925e+00 2.465746e+01 1.288167e-15
      vertex   1.862500e+00 2.333623e+01 -5.639933e-15
      vertex   1.250000e+00 2.439711e+01 1.310330e-15
    endloop
  endfacet
  facet normal -3.199947e-15 4.703924e-15 -1.000000e+00
    outer loop
      vertex   1.250000e+00 2.439711e+01 1.310330e-15
      vertex   1.862500e+00 2.333623e+01 -5.639933e-15
      vertex   7.605736e-01 2.407009e+01 1.338171e-15
    endloop
  endfacet
  facet normal -3.631538e-15 4.055866e-15 -1.000000e+00
    outer loop
      vertex   7.605736e-01 2.407009e+01 1.338171e-15
      vertex   1.862500e+00 2.333623e+01 -5.639933e-15
      vertex   3.180195e-01 2.368198e+01 1.371211e-15
    endloop
  endfacet
  facet normal -3.810471e-15 3.256555e-15 -1.000000e+00
    outer loop
      vertex   3.180195e-01 2.368198e+01 1.371211e-15
      vertex   1.862500e+00 2.333623e+01 -5.639933e-15
      vertex   -7.009003e-02 2.323943e+01 1.408887e-15
    endloop
  endfacet
  facet normal -3.755969e-15 2.168509e-15 -1.000000e+00
    outer loop
      vertex   -7.009003e-02 2.323943e+01 1.408887e-15
      vertex   1.862500e+00 2.333623e+01 -5.639933e-15
      vertex   2.250000e-01 2.050000e+01 -5.639933e-15
    endloop
  endfacet
  facet normal -3.426002e-15 2.204052e-15 -1.000000e+00
    outer loop
      vertex   -7.009003e-02 2.323943e+01 1.408887e-15
      vertex   2.250000e-01 2.050000e+01 -5.639933e-15
      vertex   -3.971143e-01 2.275000e+01 1.450553e-15
    endloop
  endfacet
  facet normal -4.205160e-15 1.988619e-15 -1.000000e+00
    outer loop
      vertex   -3.971143e-01 2.275000e+01 1.450553e-15
      vertex   2.250000e-01 2.050000e+01 -5.639933e-15
      vertex   -6.574579e-01 2.222208e+01 1.495497e-15
    endloop
  endfacet
  facet normal -4.963813e-15 1.599856e-15 -1.000000e+00
    outer loop
      vertex   -6.574579e-01 2.222208e+01 1.495497e-15
      vertex   2.250000e-01 2.050000e+01 -5.639933e-15
      vertex   -8.466662e-01 2.166469e+01 1.542949e-15
    endloop
  endfacet
  facet normal -5.587225e-15 1.026234e-15 -1.000000e+00
    outer loop
      vertex   -8.466662e-01 2.166469e+01 1.542949e-15
      vertex   2.250000e-01 2.050000e+01 -5.639933e-15
      vertex   -9.615019e-01 2.108737e+01 1.592098e-15
    endloop
  endfacet
  facet normal -5.944518e-15 3.044915e-16 -1.000000e+00
    outer loop
      vertex   -9.615019e-01 2.108737e+01 1.592098e-15
      vertex   2.250000e-01 2.050000e+01 -5.639933e-15
      vertex   -1.000000e+00 2.050000e+01 1.642102e-15
    endloop
  endfacet
  facet normal -5.944518e-15 -1.600614e-15 -1.000000e+00
    outer loop
      vertex   -1.000000e+00 2.050000e+01 1.642102e-15
      vertex   2.250000e-01 2.050000e+01 -5.639933e-15
      vertex   -9.615019e-01 1.991263e+01 2.353397e-15
    endloop
  endfacet
  facet normal -5.587228e-15 -2.322352e-15 -1.000000e+00
    outer loop
      vertex   -9.615019e-01 1.991263e+01 2.353397e-15
      vertex   2.250000e-01 2.050000e+01 -5.639933e-15
      vertex   -8.466662e-01 1.933531e+01 3.052521e-15
    endloop
  endfacet
  facet normal -4.963809e-15 -2.895981e-15 -1.000000e+00
    outer loop
      vertex   -8.466662e-01 1.933531e+01 3.052521e-15
      vertex   2.250000e-01 2.050000e+01 -5.639933e-15
      vertex   -6.574579e-01 1.877793e+01 3.727512e-15
    endloop
  endfacet
  facet normal 6.385781e-16 3.218302e-16 -1.000000e+00
    outer loop
      vertex   1.462500e+01 -5.948557e+00 -1.110223e-15
      vertex   1.494627e+01 -5.723600e+00 -8.326673e-16
      vertex   1.675000e+01 -8.369645e+00 -5.324231e-16
    endloop
  endfacet
  facet normal 6.747395e-17 -6.747410e-17 -1.000000e+00
    outer loop
      vertex   1.675000e+01 -8.369645e+00 -5.324231e-16
      vertex   1.494627e+01 -5.723600e+00 -8.326673e-16
      vertex   1.522360e+01 -5.446272e+00 -8.326673e-16
    endloop
  endfacet
  facet normal 7.908038e-16 3.102028e-16 -1.000000e+00
    outer loop
      vertex   1.675000e+01 -8.369645e+00 -5.324231e-16
      vertex   1.522360e+01 -5.446272e+00 -8.326673e-16
      vertex   1.544856e+01 -5.125000e+00 -5.551115e-16
    endloop
  endfacet
  facet normal 8.061425e-18 -3.759098e-18 -1.000000e+00
    outer loop
      vertex   1.544856e+01 -5.125000e+00 -5.551115e-16
      vertex   1.561431e+01 -4.769545e+00 -5.551115e-16
      vertex   1.675000e+01 -8.369645e+00 -5.324231e-16
    endloop
  endfacet
  facet normal 1.266611e-15 3.932647e-16 -1.000000e+00
    outer loop
      vertex   1.675000e+01 -8.369645e+00 -5.324231e-16
      vertex   1.561431e+01 -4.769545e+00 -5.551115e-16
      vertex   1.571582e+01 -4.390708e+00 -2.775558e-16
    endloop
  endfacet
  facet normal -1.843788e-16 1.613139e-17 -1.000000e+00
    outer loop
      vertex   1.675000e+01 -8.369645e+00 -5.324231e-16
      vertex   1.571582e+01 -4.390708e+00 -2.775558e-16
      vertex   1.575000e+01 -4.000000e+00 -2.775558e-16
    endloop
  endfacet
  facet normal -1.913280e-16 1.454107e-17 -1.000000e+00
    outer loop
      vertex   1.675000e+01 -8.369645e+00 -5.324231e-16
      vertex   1.575000e+01 -4.000000e+00 -2.775558e-16
      vertex   1.675000e+01 1.069415e+00 -3.951691e-16
    endloop
  endfacet
  facet normal -8.147643e-17 -7.128411e-18 -1.000000e+00
    outer loop
      vertex   1.675000e+01 1.069415e+00 -3.951691e-16
      vertex   1.575000e+01 -4.000000e+00 -2.775558e-16
      vertex   1.571582e+01 -3.609291e+00 -2.775558e-16
    endloop
  endfacet
  facet normal -5.140803e-17 -1.377474e-17 -1.000000e+00
    outer loop
      vertex   1.675000e+01 1.069415e+00 -3.951691e-16
      vertex   1.571582e+01 -3.609291e+00 -2.775558e-16
      vertex   1.561431e+01 -3.230454e+00 -2.775558e-16
    endloop
  endfacet
  facet normal -3.744751e-17 -1.746203e-17 -1.000000e+00
    outer loop
      vertex   1.561431e+01 -3.230454e+00 -2.775558e-16
      vertex   1.544856e+01 -2.875000e+00 -2.775558e-16
      vertex   1.675000e+01 1.069415e+00 -3.951691e-16
    endloop
  endfacet
  facet normal 8.096973e-16 -2.969740e-16 -1.000000e+00
    outer loop
      vertex   1.675000e+01 1.069415e+00 -3.951691e-16
      vertex   1.544856e+01 -2.875000e+00 -2.775558e-16
      vertex   1.522360e+01 -2.553728e+00 -5.551115e-16
    endloop
  endfacet
  facet normal 3.105954e-17 3.105954e-17 -1.000000e+00
    outer loop
      vertex   1.675000e+01 1.069415e+00 -3.951691e-16
      vertex   1.522360e+01 -2.553728e+00 -5.551115e-16
      vertex   1.494627e+01 -2.276400e+00 -5.551115e-16
    endloop
  endfacet
  facet normal 6.514776e-16 -3.034078e-16 -1.000000e+00
    outer loop
      vertex   1.494627e+01 -2.276400e+00 -5.551115e-16
      vertex   1.462500e+01 -2.051442e+00 -8.326673e-16
      vertex   1.675000e+01 1.069415e+00 -3.951691e-16
    endloop
  endfacet
  facet normal 4.961597e-17 1.064016e-16 -1.000000e+00
    outer loop
      vertex   1.675000e+01 1.069415e+00 -3.951691e-16
      vertex   1.462500e+01 -2.051442e+00 -8.326673e-16
      vertex   1.426955e+01 -1.885691e+00 -8.326673e-16
    endloop
  endfacet
  facet normal 6.305116e-16 -3.811901e-16 -1.000000e+00
    outer loop
      vertex   1.675000e+01 1.069415e+00 -3.951691e-16
      vertex   1.426955e+01 -1.885691e+00 -8.326673e-16
      vertex   1.389071e+01 -1.784182e+00 -1.110223e-15
    endloop
  endfacet
  facet normal 6.732915e-16 -4.240553e-16 -1.000000e+00
    outer loop
      vertex   1.389071e+01 -1.784182e+00 -1.110223e-15
      vertex   1.350000e+01 -1.750000e+00 -1.387779e-15
      vertex   1.675000e+01 1.069415e+00 -3.951691e-16
    endloop
  endfacet
  facet normal 0.000000e+00 3.520623e-16 -1.000000e+00
    outer loop
      vertex   1.675000e+01 1.069415e+00 -3.951691e-16
      vertex   1.350000e+01 -1.750000e+00 -1.387779e-15
      vertex   1.025000e+01 1.069415e+00 -3.951691e-16
    endloop
  endfacet
  facet normal 6.173328e-16 1.063675e-15 -1.000000e+00
    outer loop
      vertex   1.025000e+01 1.069415e+00 -3.951691e-16
      vertex   1.350000e+01 -1.750000e+00 -1.387779e-15
      vertex   1.310929e+01 -1.784182e+00 -1.665335e-15
    endloop
  endfacet
  facet normal -9.402313e-17 3.508995e-16 -1.000000e+00
    outer loop
      vertex   1.025000e+01 1.069415e+00 -3.951691e-16
      vertex   1.310929e+01 -1.784182e+00 -1.665335e-15
      vertex   1.273045e+01 -1.885691e+00 -1.665335e-15
    endloop
  endfacet
  facet normal 4.171458e-16 7.799641e-16 -1.000000e+00
    outer loop
      vertex   1.273045e+01 -1.885691e+00 -1.665335e-15
      vertex   1.237500e+01 -2.051442e+00 -1.942890e-15
      vertex   1.025000e+01 1.069415e+00 -3.951691e-16
    endloop
  endfacet
  facet normal 3.498664e-16 7.341533e-16 -1.000000e+00
    outer loop
      vertex   1.025000e+01 1.069415e+00 -3.951691e-16
      vertex   1.237500e+01 -2.051442e+00 -1.942890e-15
      vertex   1.205373e+01 -2.276400e+00 -2.220446e-15
    endloop
  endfacet
  facet normal -3.544542e-16 3.544542e-16 -1.000000e+00
    outer loop
      vertex   1.025000e+01 1.069415e+00 -3.951691e-16
      vertex   1.205373e+01 -2.276400e+00 -2.220446e-15
      vertex   1.177640e+01 -2.553728e+00 -2.220446e-15
    endloop
  endfacet
  facet normal 3.211298e-16 6.390720e-16 -1.000000e+00
    outer loop
      vertex   1.177640e+01 -2.553728e+00 -2.220446e-15
      vertex   1.155144e+01 -2.875000e+00 -2.498002e-15
      vertex   1.025000e+01 1.069415e+00 -3.951691e-16
    endloop
  endfacet
  facet normal -6.695317e-16 3.122073e-16 -1.000000e+00
    outer loop
      vertex   1.025000e+01 1.069415e+00 -3.951691e-16
      vertex   1.155144e+01 -2.875000e+00 -2.498002e-15
      vertex   1.138569e+01 -3.230454e+00 -2.498002e-15
    endloop
  endfacet
  facet normal 4.578451e-16 6.099730e-16 -1.000000e+00
    outer loop
      vertex   1.025000e+01 1.069415e+00 -3.951691e-16
      vertex   1.138569e+01 -3.230454e+00 -2.498002e-15
      vertex   1.128418e+01 -3.609291e+00 -2.775558e-15
    endloop
  endfacet
  facet normal -1.649010e-15 1.442727e-16 -1.000000e+00
    outer loop
      vertex   1.128418e+01 -3.609291e+00 -2.775558e-15
      vertex   1.125000e+01 -4.000000e+00 -2.775558e-15
      vertex   1.025000e+01 1.069415e+00 -3.951691e-16
    endloop
  endfacet
  facet normal -2.306673e-15 1.454107e-17 -1.000000e+00
    outer loop
      vertex   1.025000e+01 1.069415e+00 -3.951691e-16
      vertex   1.125000e+01 -4.000000e+00 -2.775558e-15
      vertex   1.025000e+01 -8.369645e+00 -5.324231e-16
    endloop
  endfacet
  facet normal -1.396847e-15 1.454107e-17 -1.000000e+00
    outer loop
      vertex   1.025000e+01 1.069415e+00 -3.951691e-16
      vertex   1.025000e+01 -8.369645e+00 -5.324231e-16
      vertex   7.000000e+00 -1.300000e+01 3.939998e-15
    endloop
  endfacet
  facet normal -1.396847e-15 1.454107e-17 -1.000000e+00
    outer loop
      vertex   7.000000e+00 -1.300000e+01 3.939998e-15
      vertex   1.025000e+01 -8.369645e+00 -5.324231e-16
      vertex   1.025000e+01 -1.300000e+01 -5.997534e-16
    endloop
  endfacet
  facet normal -1.622752e-15 -1.419753e-16 -1.000000e+00
    outer loop
      vertex   1.125000e+01 -4.000000e+00 -2.775558e-15
      vertex   1.128418e+01 -4.390708e+00 -2.775558e-15
      vertex   1.025000e+01 -8.369645e+00 -5.324231e-16
    endloop
  endfacet
  facet normal -1.067988e-15 -2.861666e-16 -1.000000e+00
    outer loop
      vertex   1.025000e+01 -8.369645e+00 -5.324231e-16
      vertex   1.128418e+01 -4.390708e+00 -2.775558e-15
      vertex   1.138569e+01 -4.769545e+00 -2.775558e-15
    endloop
  endfacet
  facet normal -7.970080e-16 -3.716504e-16 -1.000000e+00
    outer loop
      vertex   1.025000e+01 -8.369645e+00 -5.324231e-16
      vertex   1.138569e+01 -4.769545e+00 -2.775558e-15
      vertex   1.155144e+01 -5.125000e+00 -2.775558e-15
    endloop
  endfacet
  facet normal 1.567163e-16 -7.541940e-16 -1.000000e+00
    outer loop
      vertex   1.155144e+01 -5.125000e+00 -2.775558e-15
      vertex   1.177640e+01 -5.446272e+00 -2.498002e-15
      vertex   1.025000e+01 -8.369645e+00 -5.324231e-16
    endloop
  endfacet
  facet normal -4.417250e-16 -4.417260e-16 -1.000000e+00
    outer loop
      vertex   1.025000e+01 -8.369645e+00 -5.324231e-16
      vertex   1.177640e+01 -5.446272e+00 -2.498002e-15
      vertex   1.205373e+01 -5.723600e+00 -2.498002e-15
    endloop
  endfacet
  facet normal 2.327111e-16 -9.014685e-16 -1.000000e+00
    outer loop
      vertex   1.025000e+01 -8.369645e+00 -5.324231e-16
      vertex   1.205373e+01 -5.723600e+00 -2.498002e-15
      vertex   1.237500e+01 -5.948557e+00 -2.220446e-15
    endloop
  endfacet
  facet normal -2.306978e-16 -4.947321e-16 -1.000000e+00
    outer loop
      vertex   1.237500e+01 -5.948557e+00 -2.220446e-15
      vertex   1.273045e+01 -6.114308e+00 -2.220446e-15
      vertex   1.025000e+01 -8.369645e+00 -5.324231e-16
    endloop
  endfacet
  facet normal 4.109872e-16 -1.200467e-15 -1.000000e+00
    outer loop
      vertex   1.025000e+01 -8.369645e+00 -5.324231e-16
      vertex   1.273045e+01 -6.114308e+00 -2.220446e-15
      vertex   1.310929e+01 -6.215817e+00 -1.942890e-15
    endloop
  endfacet
  facet normal 5.851368e-16 -1.431658e-15 -1.000000e+00
    outer loop
      vertex   1.025000e+01 -8.369645e+00 -5.324231e-16
      vertex   1.310929e+01 -6.215817e+00 -1.942890e-15
      vertex   1.350000e+01 -6.250000e+00 -1.665335e-15
    endloop
  endfacet
  facet normal 0.000000e+00 -5.344817e-16 -1.000000e+00
    outer loop
      vertex   1.025000e+01 -8.369645e+00 -5.324231e-16
      vertex   1.350000e+01 -6.250000e+00 -1.665335e-15
      vertex   1.675000e+01 -8.369645e+00 -5.324231e-16
    endloop
  endfacet
  facet normal 4.123040e-17 -4.712641e-16 -1.000000e+00
    outer loop
      vertex   1.675000e+01 -8.369645e+00 -5.324231e-16
      vertex   1.350000e+01 -6.250000e+00 -1.665335e-15
      vertex   1.389071e+01 -6.215817e+00 -1.665335e-15
    endloop
  endfacet
  facet normal 6.443783e-16 3.294388e-16 -1.000000e+00
    outer loop
      vertex   1.675000e+01 -8.369645e+00 -5.324231e-16
      vertex   1.389071e+01 -6.215817e+00 -1.665335e-15
      vertex   1.426955e+01 -6.114308e+00 -1.387779e-15
    endloop
  endfacet
  facet normal 6.330430e-16 3.169720e-16 -1.000000e+00
    outer loop
      vertex   1.426955e+01 -6.114308e+00 -1.387779e-15
      vertex   1.462500e+01 -5.948557e+00 -1.110223e-15
      vertex   1.675000e+01 -8.369645e+00 -5.324231e-16
    endloop
  endfacet
  facet normal 9.503856e-16 8.464715e-18 -1.000000e+00
    outer loop
      vertex   1.675000e+01 2.500000e+01 -1.926035e-16
      vertex   2.000000e+01 1.600000e+01 2.819966e-15
      vertex   1.675000e+01 1.069415e+00 -3.951691e-16
    endloop
  endfacet
  facet normal 7.199779e-16 5.861845e-17 -1.000000e+00
    outer loop
      vertex   1.675000e+01 1.069415e+00 -3.951691e-16
      vertex   2.000000e+01 1.600000e+01 2.819966e-15
      vertex   2.000000e+01 -1.300000e+01 1.120031e-15
    endloop
  endfacet
  facet normal 5.291646e-16 1.454107e-17 -1.000000e+00
    outer loop
      vertex   1.675000e+01 1.069415e+00 -3.951691e-16
      vertex   2.000000e+01 -1.300000e+01 1.120031e-15
      vertex   1.675000e+01 -8.369645e+00 -5.324231e-16
    endloop
  endfacet
  facet normal 5.291646e-16 1.454107e-17 -1.000000e+00
    outer loop
      vertex   1.675000e+01 -8.369645e+00 -5.324231e-16
      vertex   2.000000e+01 -1.300000e+01 1.120031e-15
      vertex   1.675000e+01 -1.300000e+01 -5.997534e-16
    endloop
  endfacet
  facet normal 1.271180e-16 -4.809939e-15 -1.000000e+00
    outer loop
      vertex   2.350000e+01 2.500000e+01 6.654429e-16
      vertex   2.186250e+01 2.333623e+01 8.459899e-15
      vertex   1.675000e+01 2.500000e+01 -1.926035e-16
    endloop
  endfacet
  facet normal 1.424732e-15 -8.225687e-16 -1.000000e+00
    outer loop
      vertex   1.675000e+01 2.500000e+01 -1.926035e-16
      vertex   2.186250e+01 2.333623e+01 8.459899e-15
      vertex   2.022500e+01 2.050000e+01 8.459899e-15
    endloop
  endfacet
  facet normal 3.862821e-15 1.060177e-15 -1.000000e+00
    outer loop
      vertex   1.675000e+01 2.500000e+01 -1.926035e-16
      vertex   2.022500e+01 2.050000e+01 8.459899e-15
      vertex   2.000000e+01 1.600000e+01 2.819966e-15
    endloop
  endfacet
  facet normal 1.997797e-15 1.153429e-15 -1.000000e+00
    outer loop
      vertex   2.000000e+01 1.600000e+01 2.819966e-15
      vertex   2.022500e+01 2.050000e+01 8.459899e-15
      vertex   2.186250e+01 1.766377e+01 8.459899e-15
    endloop
  endfacet
  facet normal 2.451560e-16 3.115418e-15 -1.000000e+00
    outer loop
      vertex   2.000000e+01 1.600000e+01 2.819966e-15
      vertex   2.186250e+01 1.766377e+01 8.459899e-15
      vertex   2.350000e+01 1.600000e+01 3.678013e-15
    endloop
  endfacet
  facet normal 0.000000e+00 2.874132e-15 -1.000000e+00
    outer loop
      vertex   2.350000e+01 1.600000e+01 3.678013e-15
      vertex   2.186250e+01 1.766377e+01 8.459899e-15
      vertex   2.513750e+01 1.766377e+01 8.459899e-15
    endloop
  endfacet
  facet normal -2.440415e-16 3.114321e-15 -1.000000e+00
    outer loop
      vertex   2.350000e+01 1.600000e+01 3.678013e-15
      vertex   2.513750e+01 1.766377e+01 8.459899e-15
      vertex   2.408737e+01 1.603850e+01 3.654564e-15
    endloop
  endfacet
  facet normal -8.138774e-16 3.482507e-15 -1.000000e+00
    outer loop
      vertex   2.408737e+01 1.603850e+01 3.654564e-15
      vertex   2.513750e+01 1.766377e+01 8.459899e-15
      vertex   2.466469e+01 1.615333e+01 3.584619e-15
    endloop
  endfacet
  facet normal -1.457284e-15 3.683915e-15 -1.000000e+00
    outer loop
      vertex   2.466469e+01 1.615333e+01 3.584619e-15
      vertex   2.513750e+01 1.766377e+01 8.459899e-15
      vertex   2.522207e+01 1.634254e+01 3.469374e-15
    endloop
  endfacet
  facet normal -2.096881e-15 3.642973e-15 -1.000000e+00
    outer loop
      vertex   2.522207e+01 1.634254e+01 3.469374e-15
      vertex   2.513750e+01 1.766377e+01 8.459899e-15
      vertex   2.575000e+01 1.660289e+01 3.310802e-15
    endloop
  endfacet
  facet normal -2.633954e-15 3.332893e-15 -1.000000e+00
    outer loop
      vertex   2.575000e+01 1.660289e+01 3.310802e-15
      vertex   2.513750e+01 1.766377e+01 8.459899e-15
      vertex   2.623943e+01 1.692991e+01 3.111614e-15
    endloop
  endfacet
  facet normal -2.989207e-15 2.799462e-15 -1.000000e+00
    outer loop
      vertex   2.623943e+01 1.692991e+01 3.111614e-15
      vertex   2.513750e+01 1.766377e+01 8.459899e-15
      vertex   2.668198e+01 1.731802e+01 2.875221e-15
    endloop
  endfacet
  facet normal -3.136490e-15 2.141535e-15 -1.000000e+00
    outer loop
      vertex   2.668198e+01 1.731802e+01 2.875221e-15
      vertex   2.513750e+01 1.766377e+01 8.459899e-15
      vertex   2.707009e+01 1.776057e+01 2.605666e-15
    endloop
  endfacet
  facet normal -3.119432e-15 1.801005e-15 -1.000000e+00
    outer loop
      vertex   2.707009e+01 1.776057e+01 2.605666e-15
      vertex   2.513750e+01 1.766377e+01 8.459899e-15
      vertex   2.677500e+01 2.050000e+01 8.459899e-15
    endloop
  endfacet
  facet normal -3.539271e-15 1.755780e-15 -1.000000e+00
    outer loop
      vertex   2.707009e+01 1.776057e+01 2.605666e-15
      vertex   2.677500e+01 2.050000e+01 8.459899e-15
      vertex   2.739712e+01 1.825000e+01 2.307562e-15
    endloop
  endfacet
  facet normal -4.344188e-15 1.533224e-15 -1.000000e+00
    outer loop
      vertex   2.739712e+01 1.825000e+01 2.307562e-15
      vertex   2.677500e+01 2.050000e+01 8.459899e-15
      vertex   2.765746e+01 1.877793e+01 1.986008e-15
    endloop
  endfacet
  facet normal -5.127914e-15 1.131612e-15 -1.000000e+00
    outer loop
      vertex   2.765746e+01 1.877793e+01 1.986008e-15
      vertex   2.677500e+01 2.050000e+01 8.459899e-15
      vertex   2.784667e+01 1.933531e+01 1.646508e-15
    endloop
  endfacet
  facet normal -5.771953e-15 5.390091e-16 -1.000000e+00
    outer loop
      vertex   2.784667e+01 1.933531e+01 1.646508e-15
      vertex   2.677500e+01 2.050000e+01 8.459899e-15
      vertex   2.796150e+01 1.991263e+01 1.294870e-15
    endloop
  endfacet
  facet normal -6.141055e-15 -2.065909e-16 -1.000000e+00
    outer loop
      vertex   2.796150e+01 1.991263e+01 1.294870e-15
      vertex   2.677500e+01 2.050000e+01 8.459899e-15
      vertex   2.800000e+01 2.050000e+01 9.371103e-16
    endloop
  endfacet
  facet normal -6.141055e-15 -7.192463e-16 -1.000000e+00
    outer loop
      vertex   2.800000e+01 2.050000e+01 9.371103e-16
      vertex   2.677500e+01 2.050000e+01 8.459899e-15
      vertex   2.796150e+01 2.108737e+01 7.510629e-16
    endloop
  endfacet
  facet normal -5.788443e-15 -1.431534e-15 -1.000000e+00
    outer loop
      vertex   2.796150e+01 2.108737e+01 7.510629e-16
      vertex   2.677500e+01 2.050000e+01 8.459899e-15
      vertex   2.784667e+01 2.166469e+01 5.893236e-16
    endloop
  endfacet
  facet normal -5.173176e-15 -1.997662e-15 -1.000000e+00
    outer loop
      vertex   2.784667e+01 2.166469e+01 5.893236e-16
      vertex   2.677500e+01 2.050000e+01 8.459899e-15
      vertex   2.765746e+01 2.222208e+01 4.546596e-16
    endloop
  endfacet
  facet normal -4.424465e-15 -2.381331e-15 -1.000000e+00
    outer loop
      vertex   2.765746e+01 2.222208e+01 4.546596e-16
      vertex   2.677500e+01 2.050000e+01 8.459899e-15
      vertex   2.739712e+01 2.275000e+01 3.493752e-16
    endloop
  endfacet
  facet normal -3.655505e-15 -2.593945e-15 -1.000000e+00
    outer loop
      vertex   2.739712e+01 2.275000e+01 3.493752e-16
      vertex   2.677500e+01 2.050000e+01 8.459899e-15
      vertex   2.707009e+01 2.323943e+01 2.752717e-16
    endloop
  endfacet
  facet normal -4.361185e-15 -2.517929e-15 -1.000000e+00
    outer loop
      vertex   2.707009e+01 2.323943e+01 2.752717e-16
      vertex   2.677500e+01 2.050000e+01 8.459899e-15
      vertex   2.513750e+01 2.333623e+01 8.459899e-15
    endloop
  endfacet
  facet normal -4.434580e-15 -3.983140e-15 -1.000000e+00
    outer loop
      vertex   2.707009e+01 2.323943e+01 2.752717e-16
      vertex   2.513750e+01 2.333623e+01 8.459899e-15
      vertex   2.668198e+01 2.368198e+01 2.336170e-16
    endloop
  endfacet
  facet normal -4.239221e-15 -4.855825e-15 -1.000000e+00
    outer loop
      vertex   2.668198e+01 2.368198e+01 2.336170e-16
      vertex   2.513750e+01 2.333623e+01 8.459899e-15
      vertex   2.623943e+01 2.407009e+01 2.251241e-16
    endloop
  endfacet
  facet normal -3.768023e-15 -5.563355e-15 -1.000000e+00
    outer loop
      vertex   2.623943e+01 2.407009e+01 2.251241e-16
      vertex   2.513750e+01 2.333623e+01 8.459899e-15
      vertex   2.575000e+01 2.439711e+01 2.499380e-16
    endloop
  endfacet
  facet normal -3.055652e-15 -5.974644e-15 -1.000000e+00
    outer loop
      vertex   2.575000e+01 2.439711e+01 2.499380e-16
      vertex   2.513750e+01 2.333623e+01 8.459899e-15
      vertex   2.522207e+01 2.465746e+01 3.076343e-16
    endloop
  endfacet
  facet normal -2.207295e-15 -6.028949e-15 -1.000000e+00
    outer loop
      vertex   2.522207e+01 2.465746e+01 3.076343e-16
      vertex   2.513750e+01 2.333623e+01 8.459899e-15
      vertex   2.466469e+01 2.484667e+01 3.972257e-16
    endloop
  endfacet
  facet normal -1.353886e-15 -5.761803e-15 -1.000000e+00
    outer loop
      vertex   2.466469e+01 2.484667e+01 3.972257e-16
      vertex   2.513750e+01 2.333623e+01 8.459899e-15
      vertex   2.408737e+01 2.496150e+01 5.171794e-16
    endloop
  endfacet
  facet normal -5.980534e-16 -5.273439e-15 -1.000000e+00
    outer loop
      vertex   2.408737e+01 2.496150e+01 5.171794e-16
      vertex   2.513750e+01 2.333623e+01 8.459899e-15
      vertex   2.350000e+01 2.500000e+01 6.654429e-16
    endloop
  endfacet
  facet normal 0.000000e+00 -4.684828e-15 -1.000000e+00
    outer loop
      vertex   2.350000e+01 2.500000e+01 6.654429e-16
      vertex   2.513750e+01 2.333623e+01 8.459899e-15
      vertex   2.186250e+01 2.333623e+01 8.459899e-15
    endloop
  endfacet
  facet normal -1.587660e-15 5.861845e-17 -1.000000e+00
    outer loop
      vertex   7.000000e+00 -1.300000e+01 3.939998e-15
      vertex   7.000000e+00 1.600000e+01 5.639933e-15
      vertex   1.025000e+01 1.069415e+00 -3.951691e-16
    endloop
  endfacet
  facet normal -1.818067e-15 8.464715e-18 -1.000000e+00
    outer loop
      vertex   1.025000e+01 1.069415e+00 -3.951691e-16
      vertex   7.000000e+00 1.600000e+01 5.639933e-15
      vertex   1.025000e+01 2.500000e+01 -1.926035e-16
    endloop
  endfacet
  facet normal -2.694826e-15 -9.149656e-15 -1.000000e+00
    outer loop
      vertex   2.335314e+00 1.615333e+01 6.905856e-15
      vertex   1.777925e+00 1.634254e+01 6.676728e-15
      vertex   1.862500e+00 1.766377e+01 -5.639933e-15
    endloop
  endfacet
  facet normal -3.877581e-15 -9.073944e-15 -1.000000e+00
    outer loop
      vertex   1.862500e+00 1.766377e+01 -5.639933e-15
      vertex   1.777925e+00 1.634254e+01 6.676728e-15
      vertex   1.250000e+00 1.660289e+01 6.361455e-15
    endloop
  endfacet
  facet normal -4.870732e-15 -8.500548e-15 -1.000000e+00
    outer loop
      vertex   1.862500e+00 1.766377e+01 -5.639933e-15
      vertex   1.250000e+00 1.660289e+01 6.361455e-15
      vertex   7.605736e-01 1.692991e+01 5.965433e-15
    endloop
  endfacet
  facet normal -5.527675e-15 -7.514111e-15 -1.000000e+00
    outer loop
      vertex   7.605736e-01 1.692991e+01 5.965433e-15
      vertex   3.180195e-01 1.731802e+01 5.495438e-15
      vertex   1.862500e+00 1.766377e+01 -5.639933e-15
    endloop
  endfacet
  facet normal -5.800033e-15 -6.297466e-15 -1.000000e+00
    outer loop
      vertex   1.862500e+00 1.766377e+01 -5.639933e-15
      vertex   3.180195e-01 1.731802e+01 5.495438e-15
      vertex   -7.009003e-02 1.776057e+01 4.959511e-15
    endloop
  endfacet
  facet normal 9.396925e-01 0.000000e+00 -3.420204e-01
    outer loop
      vertex   1.620404e+01 -8.369645e+00 -1.500000e+00
      vertex   1.675000e+01 -8.369645e+00 -5.324231e-16
      vertex   1.620404e+01 -1.300000e+01 -1.500000e+00
    endloop
  endfacet
  facet normal 9.396925e-01 1.502071e-17 -3.420204e-01
    outer loop
      vertex   1.620404e+01 -1.300000e+01 -1.500000e+00
      vertex   1.675000e+01 -8.369645e+00 -5.324231e-16
      vertex   1.675000e+01 -1.300000e+01 -5.997534e-16
    endloop
  endfacet
  facet normal 9.396925e-01 2.895105e-18 -3.420204e-01
    outer loop
      vertex   1.675000e+01 1.069415e+00 -3.951691e-16
      vertex   1.620404e+01 1.069415e+00 -1.500000e+00
      vertex   1.675000e+01 2.500000e+01 -1.926035e-16
    endloop
  endfacet
  facet normal 9.396925e-01 0.000000e+00 -3.420204e-01
    outer loop
      vertex   1.675000e+01 2.500000e+01 -1.926035e-16
      vertex   1.620404e+01 1.069415e+00 -1.500000e+00
      vertex   1.620404e+01 2.500000e+01 -1.500000e+00
    endloop
  endfacet
  facet normal -0.000000e+00 0.000000e+00 -1.000000e+00
    outer loop
      vertex   1.620404e+01 -8.369645e+00 -1.500000e+00
      vertex   1.350000e+01 -9.000000e+00 -1.500000e+00
      vertex   1.079596e+01 -8.369645e+00 -1.500000e+00
    endloop
  endfacet
  facet normal 0.000000e+00 0.000000e+00 -1.000000e+00
    outer loop
      vertex   1.079596e+01 -8.369645e+00 -1.500000e+00
      vertex   1.350000e+01 -9.000000e+00 -1.500000e+00
      vertex   1.295648e+01 -9.071556e+00 -1.500000e+00
    endloop
  endfacet
  facet normal 0.000000e+00 0.000000e+00 -1.000000e+00
    outer loop
      vertex   1.079596e+01 -8.369645e+00 -1.500000e+00
      vertex   1.295648e+01 -9.071556e+00 -1.500000e+00
      vertex   1.245000e+01 -9.281347e+00 -1.500000e+00
    endloop
  endfacet
  facet normal 0.000000e+00 0.000000e+00 -1.000000e+00
    outer loop
      vertex   1.620404e+01 -1.300000e+01 -1.500000e+00
      vertex   1.560000e+01 -1.110000e+01 -1.500000e+00
      vertex   1.620404e+01 -8.369645e+00 -1.500000e+00
    endloop
  endfacet
  facet normal 0.000000e+00 0.000000e+00 -1.000000e+00
    outer loop
      vertex   1.620404e+01 -8.369645e+00 -1.500000e+00
      vertex   1.560000e+01 -1.110000e+01 -1.500000e+00
      vertex   1.552844e+01 -1.055648e+01 -1.500000e+00
    endloop
  endfacet
  facet normal 0.000000e+00 0.000000e+00 -1.000000e+00
    outer loop
      vertex   1.620404e+01 -8.369645e+00 -1.500000e+00
      vertex   1.552844e+01 -1.055648e+01 -1.500000e+00
      vertex   1.531865e+01 -1.005000e+01 -1.500000e+00
    endloop
  endfacet
  facet normal 0.000000e+00 0.000000e+00 -1.000000e+00
    outer loop
      vertex   1.620404e+01 -1.300000e+01 -1.500000e+00
      vertex   1.560000e+01 -1.300000e+01 -1.500000e+00
      vertex   1.560000e+01 -1.110000e+01 -1.500000e+00
    endloop
  endfacet
  facet normal 0.000000e+00 0.000000e+00 -1.000000e+00
    outer loop
      vertex   1.531865e+01 -1.005000e+01 -1.500000e+00
      vertex   1.498492e+01 -9.615076e+00 -1.500000e+00
      vertex   1.620404e+01 -8.369645e+00 -1.500000e+00
    endloop
  endfacet
  facet normal 0.000000e+00 0.000000e+00 -1.000000e+00
    outer loop
      vertex   1.620404e+01 -8.369645e+00 -1.500000e+00
      vertex   1.498492e+01 -9.615076e+00 -1.500000e+00
      vertex   1.455000e+01 -9.281347e+00 -1.500000e+00
    endloop
  endfacet
  facet normal 0.000000e+00 0.000000e+00 -1.000000e+00
    outer loop
      vertex   1.620404e+01 -8.369645e+00 -1.500000e+00
      vertex   1.455000e+01 -9.281347e+00 -1.500000e+00
      vertex   1.404352e+01 -9.071556e+00 -1.500000e+00
    endloop
  endfacet
  facet normal 0.000000e+00 0.000000e+00 -1.000000e+00
    outer loop
      vertex   1.404352e+01 -9.071556e+00 -1.500000e+00
      vertex   1.350000e+01 -9.000000e+00 -1.500000e+00
      vertex   1.620404e+01 -8.369645e+00 -1.500000e+00
    endloop
  endfacet
  facet normal -0.000000e+00 0.000000e+00 -1.000000e+00
    outer loop
      vertex   1.245000e+01 -9.281347e+00 -1.500000e+00
      vertex   1.201508e+01 -9.615076e+00 -1.500000e+00
      vertex   1.079596e+01 -8.369645e+00 -1.500000e+00
    endloop
  endfacet
  facet normal 0.000000e+00 0.000000e+00 -1.000000e+00
    outer loop
      vertex   1.079596e+01 -8.369645e+00 -1.500000e+00
      vertex   1.201508e+01 -9.615076e+00 -1.500000e+00
      vertex   1.168135e+01 -1.005000e+01 -1.500000e+00
    endloop
  endfacet
  facet normal 0.000000e+00 0.000000e+00 -1.000000e+00
    outer loop
      vertex   1.079596e+01 -8.369645e+00 -1.500000e+00
      vertex   1.168135e+01 -1.005000e+01 -1.500000e+00
      vertex   1.147156e+01 -1.055648e+01 -1.500000e+00
    endloop
  endfacet
  facet normal -0.000000e+00 0.000000e+00 -1.000000e+00
    outer loop
      vertex   1.147156e+01 -1.055648e+01 -1.500000e+00
      vertex   1.140000e+01 -1.110000e+01 -1.500000e+00
      vertex   1.079596e+01 -8.369645e+00 -1.500000e+00
    endloop
  endfacet
  facet normal 0.000000e+00 0.000000e+00 -1.000000e+00
    outer loop
      vertex   1.079596e+01 -8.369645e+00 -1.500000e+00
      vertex   1.140000e+01 -1.110000e+01 -1.500000e+00
      vertex   1.079596e+01 -1.300000e+01 -1.500000e+00
    endloop
  endfacet
  facet normal 0.000000e+00 0.000000e+00 -1.000000e+00
    outer loop
      vertex   1.079596e+01 -1.300000e+01 -1.500000e+00
      vertex   1.140000e+01 -1.110000e+01 -1.500000e+00
      vertex   1.140000e+01 -1.300000e+01 -1.500000e+00
    endloop
  endfacet
  facet normal 0.000000e+00 0.000000e+00 -1.000000e+00
    outer loop
      vertex   1.620404e+01 1.069415e+00 -1.500000e+00
      vertex   1.079596e+01 1.069415e+00 -1.500000e+00
      vertex   1.620404e+01 2.500000e+01 -1.500000e+00
    endloop
  endfacet
  facet normal -0.000000e+00 0.000000e+00 -1.000000e+00
    outer loop
      vertex   1.620404e+01 2.500000e+01 -1.500000e+00
      vertex   1.079596e+01 1.069415e+00 -1.500000e+00
      vertex   1.079596e+01 2.500000e+01 -1.500000e+00
    endloop
  endfacet
  facet normal -9.396925e-01 4.973342e-18 -3.420204e-01
    outer loop
      vertex   1.025000e+01 -8.369645e+00 -5.324231e-16
      vertex   1.079596e+01 -8.369645e+00 -1.500000e+00
      vertex   1.025000e+01 -1.300000e+01 -5.997534e-16
    endloop
  endfacet
  facet normal -9.396925e-01 0.000000e+00 -3.420204e-01
    outer loop
      vertex   1.025000e+01 -1.300000e+01 -5.997534e-16
      vertex   1.079596e+01 -8.369645e+00 -1.500000e+00
      vertex   1.079596e+01 -1.300000e+01 -1.500000e+00
    endloop
  endfacet
  facet normal -9.396925e-01 0.000000e+00 -3.420204e-01
    outer loop
      vertex   1.079596e+01 1.069415e+00 -1.500000e+00
      vertex   1.025000e+01 1.069415e+00 -3.951691e-16
      vertex   1.079596e+01 2.500000e+01 -1.500000e+00
    endloop
  endfacet
  facet normal -9.396925e-01 2.906373e-18 -3.420204e-01
    outer loop
      vertex   1.079596e+01 2.500000e+01 -1.500000e+00
      vertex   1.025000e+01 1.069415e+00 -3.951691e-16
      vertex   1.025000e+01 2.500000e+01 -1.926035e-16
    endloop
  endfacet
  facet normal -0.000000e+00 1.000000e+00 0.000000e+00
    outer loop
      vertex   3.500000e+00 2.500000e+01 1.259005e-15
      vertex   3.500000e+00 2.500000e+01 1.000000e+01
      vertex   1.025000e+01 2.500000e+01 -1.926035e-16
    endloop
  endfacet
  facet normal 0.000000e+00 1.000000e+00 -0.000000e+00
    outer loop
      vertex   1.025000e+01 2.500000e+01 -1.926035e-16
      vertex   3.500000e+00 2.500000e+01 1.000000e+01
      vertex   1.675000e+01 2.500000e+01 -1.926035e-16
    endloop
  endfacet
  facet normal -0.000000e+00 1.000000e+00 0.000000e+00
    outer loop
      vertex   1.025000e+01 2.500000e+01 -1.926035e-16
      vertex   1.675000e+01 2.500000e+01 -1.926035e-16
      vertex   1.620404e+01 2.500000e+01 -1.500000e+00
    endloop
  endfacet
  facet normal -0.000000e+00 1.000000e+00 0.000000e+00
    outer loop
      vertex   3.500000e+00 2.500000e+01 1.000000e+01
      vertex   2.350000e+01 2.500000e+01 1.000000e+01
      vertex   1.675000e+01 2.500000e+01 -1.926035e-16
    endloop
  endfacet
  facet normal 0.000000e+00 1.000000e+00 0.000000e+00
    outer loop
      vertex   1.675000e+01 2.500000e+01 -1.926035e-16
      vertex   2.350000e+01 2.500000e+01 1.000000e+01
      vertex   2.350000e+01 2.500000e+01 6.654429e-16
    endloop
  endfacet
  facet normal 0.000000e+00 1.000000e+00 0.000000e+00
    outer loop
      vertex   1.620404e+01 2.500000e+01 -1.500000e+00
      vertex   1.079596e+01 2.500000e+01 -1.500000e+00
      vertex   1.025000e+01 2.500000e+01 -1.926035e-16
    endloop
  endfacet
  facet normal 9.854741e-01 1.698261e-01 0.000000e+00
    outer loop
      vertex   1.807885e+00 2.005363e+01 1.000000e+01
      vertex   1.807885e+00 2.005363e+01 4.400000e+00
      vertex   1.756081e+00 2.035424e+01 1.000000e+01
    endloop
  endfacet
  facet normal 9.854741e-01 1.698261e-01 0.000000e+00
    outer loop
      vertex   1.756081e+00 2.035424e+01 1.000000e+01
      vertex   1.807885e+00 2.005363e+01 4.400000e+00
      vertex   1.756081e+00 2.035424e+01 4.400000e+00
    endloop
  endfacet
  facet normal 9.410138e-01 3.383682e-01 0.000000e+00
    outer loop
      vertex   1.911103e+00 1.976658e+01 1.000000e+01
      vertex   1.911103e+00 1.976658e+01 4.400000e+00
      vertex   1.807885e+00 2.005363e+01 1.000000e+01
    endloop
  endfacet
  facet normal 9.410138e-01 3.383682e-01 0.000000e+00
    outer loop
      vertex   1.807885e+00 2.005363e+01 1.000000e+01
      vertex   1.911103e+00 1.976658e+01 4.400000e+00
      vertex   1.807885e+00 2.005363e+01 4.400000e+00
    endloop
  endfacet
  facet normal 8.679586e-01 4.966366e-01 0.000000e+00
    outer loop
      vertex   2.062600e+00 1.950181e+01 1.000000e+01
      vertex   2.062600e+00 1.950181e+01 4.400000e+00
      vertex   1.911103e+00 1.976658e+01 1.000000e+01
    endloop
  endfacet
  facet normal 8.679586e-01 4.966366e-01 0.000000e+00
    outer loop
      vertex   1.911103e+00 1.976658e+01 1.000000e+01
      vertex   2.062600e+00 1.950181e+01 4.400000e+00
      vertex   1.911103e+00 1.976658e+01 4.400000e+00
    endloop
  endfacet
  facet normal 7.685345e-01 6.398083e-01 0.000000e+00
    outer loop
      vertex   2.257770e+00 1.926737e+01 1.000000e+01
      vertex   2.257770e+00 1.926737e+01 4.400000e+00
      vertex   2.062600e+00 1.950181e+01 1.000000e+01
    endloop
  endfacet
  facet normal 7.685345e-01 6.398083e-01 0.000000e+00
    outer loop
      vertex   2.062600e+00 1.950181e+01 1.000000e+01
      vertex   2.257770e+00 1.926737e+01 4.400000e+00
      vertex   2.062600e+00 1.950181e+01 4.400000e+00
    endloop
  endfacet
  facet normal 6.457541e-01 7.635454e-01 -0.000000e+00
    outer loop
      vertex   2.257770e+00 1.926737e+01 4.400000e+00
      vertex   2.257770e+00 1.926737e+01 1.000000e+01
      vertex   2.490686e+00 1.907039e+01 4.400000e+00
    endloop
  endfacet
  facet normal 6.457541e-01 7.635454e-01 -0.000000e+00
    outer loop
      vertex   2.490686e+00 1.907039e+01 4.400000e+00
      vertex   2.257770e+00 1.926737e+01 1.000000e+01
      vertex   2.490686e+00 1.907039e+01 1.000000e+01
    endloop
  endfacet
  facet normal 5.033568e-01 8.640786e-01 -0.000000e+00
    outer loop
      vertex   2.490686e+00 1.907039e+01 4.400000e+00
      vertex   2.490686e+00 1.907039e+01 1.000000e+01
      vertex   2.754268e+00 1.891684e+01 4.400000e+00
    endloop
  endfacet
  facet normal 5.033568e-01 8.640786e-01 -0.000000e+00
    outer loop
      vertex   2.754268e+00 1.891684e+01 4.400000e+00
      vertex   2.490686e+00 1.907039e+01 1.000000e+01
      vertex   2.754268e+00 1.891684e+01 1.000000e+01
    endloop
  endfacet
  facet normal 3.456670e-01 9.383573e-01 -0.000000e+00
    outer loop
      vertex   2.754268e+00 1.891684e+01 4.400000e+00
      vertex   2.754268e+00 1.891684e+01 1.000000e+01
      vertex   3.040510e+00 1.881140e+01 4.400000e+00
    endloop
  endfacet
  facet normal 3.456670e-01 9.383573e-01 -0.000000e+00
    outer loop
      vertex   3.040510e+00 1.881140e+01 4.400000e+00
      vertex   2.754268e+00 1.891684e+01 1.000000e+01
      vertex   3.040510e+00 1.881140e+01 1.000000e+01
    endloop
  endfacet
  facet normal 1.774629e-01 9.841275e-01 -0.000000e+00
    outer loop
      vertex   3.040510e+00 1.881140e+01 4.400000e+00
      vertex   3.040510e+00 1.881140e+01 1.000000e+01
      vertex   3.340713e+00 1.875727e+01 4.400000e+00
    endloop
  endfacet
  facet normal 1.774629e-01 9.841275e-01 -0.000000e+00
    outer loop
      vertex   3.340713e+00 1.875727e+01 4.400000e+00
      vertex   3.040510e+00 1.881140e+01 1.000000e+01
      vertex   3.340713e+00 1.875727e+01 1.000000e+01
    endloop
  endfacet
  facet normal 3.884475e-03 9.999925e-01 -0.000000e+00
    outer loop
      vertex   3.340713e+00 1.875727e+01 4.400000e+00
      vertex   3.340713e+00 1.875727e+01 1.000000e+01
      vertex   3.645756e+00 1.875608e+01 4.400000e+00
    endloop
  endfacet
  facet normal 3.884475e-03 9.999925e-01 -0.000000e+00
    outer loop
      vertex   3.645756e+00 1.875608e+01 4.400000e+00
      vertex   3.340713e+00 1.875727e+01 1.000000e+01
      vertex   3.645756e+00 1.875608e+01 1.000000e+01
    endloop
  endfacet
  facet normal -1.698229e-01 9.854746e-01 0.000000e+00
    outer loop
      vertex   3.645756e+00 1.875608e+01 4.400000e+00
      vertex   3.645756e+00 1.875608e+01 1.000000e+01
      vertex   3.946370e+00 1.880788e+01 4.400000e+00
    endloop
  endfacet
  facet normal -1.698229e-01 9.854746e-01 0.000000e+00
    outer loop
      vertex   3.946370e+00 1.880788e+01 4.400000e+00
      vertex   3.645756e+00 1.875608e+01 1.000000e+01
      vertex   3.946370e+00 1.880788e+01 1.000000e+01
    endloop
  endfacet
  facet normal -3.383712e-01 9.410127e-01 0.000000e+00
    outer loop
      vertex   3.946370e+00 1.880788e+01 4.400000e+00
      vertex   3.946370e+00 1.880788e+01 1.000000e+01
      vertex   4.233421e+00 1.891110e+01 4.400000e+00
    endloop
  endfacet
  facet normal -3.383712e-01 9.410127e-01 0.000000e+00
    outer loop
      vertex   4.233421e+00 1.891110e+01 4.400000e+00
      vertex   3.946370e+00 1.880788e+01 1.000000e+01
      vertex   4.233421e+00 1.891110e+01 1.000000e+01
    endloop
  endfacet
  facet normal -4.966346e-01 8.679597e-01 0.000000e+00
    outer loop
      vertex   4.233421e+00 1.891110e+01 4.400000e+00
      vertex   4.233421e+00 1.891110e+01 1.000000e+01
      vertex   4.498188e+00 1.906260e+01 4.400000e+00
    endloop
  endfacet
  facet normal -4.966346e-01 8.679597e-01 0.000000e+00
    outer loop
      vertex   4.498188e+00 1.906260e+01 4.400000e+00
      vertex   4.233421e+00 1.891110e+01 1.000000e+01
      vertex   4.498188e+00 1.906260e+01 1.000000e+01
    endloop
  endfacet
  facet normal -6.398118e-01 7.685317e-01 0.000000e+00
    outer loop
      vertex   4.498188e+00 1.906260e+01 4.400000e+00
      vertex   4.498188e+00 1.906260e+01 1.000000e+01
      vertex   4.732625e+00 1.925777e+01 4.400000e+00
    endloop
  endfacet
  facet normal -6.398118e-01 7.685317e-01 0.000000e+00
    outer loop
      vertex   4.732625e+00 1.925777e+01 4.400000e+00
      vertex   4.498188e+00 1.906260e+01 1.000000e+01
      vertex   4.732625e+00 1.925777e+01 1.000000e+01
    endloop
  endfacet
  facet normal -7.635451e-01 6.457545e-01 0.000000e+00
    outer loop
      vertex   4.732625e+00 1.925777e+01 4.400000e+00
      vertex   4.732625e+00 1.925777e+01 1.000000e+01
      vertex   4.929610e+00 1.949069e+01 4.400000e+00
    endloop
  endfacet
  facet normal -7.635451e-01 6.457545e-01 0.000000e+00
    outer loop
      vertex   4.929610e+00 1.949069e+01 4.400000e+00
      vertex   4.732625e+00 1.925777e+01 1.000000e+01
      vertex   4.929610e+00 1.949069e+01 1.000000e+01
    endloop
  endfacet
  facet normal -8.640777e-01 5.033585e-01 0.000000e+00
    outer loop
      vertex   4.929610e+00 1.949069e+01 4.400000e+00
      vertex   4.929610e+00 1.949069e+01 1.000000e+01
      vertex   5.083157e+00 1.975427e+01 4.400000e+00
    endloop
  endfacet
  facet normal -8.640777e-01 5.033585e-01 0.000000e+00
    outer loop
      vertex   5.083157e+00 1.975427e+01 4.400000e+00
      vertex   4.929610e+00 1.949069e+01 1.000000e+01
      vertex   5.083157e+00 1.975427e+01 1.000000e+01
    endloop
  endfacet
  facet normal -9.383581e-01 3.456648e-01 0.000000e+00
    outer loop
      vertex   5.083157e+00 1.975427e+01 4.400000e+00
      vertex   5.083157e+00 1.975427e+01 1.000000e+01
      vertex   5.188600e+00 2.004051e+01 4.400000e+00
    endloop
  endfacet
  facet normal -9.383581e-01 3.456648e-01 0.000000e+00
    outer loop
      vertex   5.188600e+00 2.004051e+01 4.400000e+00
      vertex   5.083157e+00 1.975427e+01 1.000000e+01
      vertex   5.188600e+00 2.004051e+01 1.000000e+01
    endloop
  endfacet
  facet normal -9.841267e-01 1.774675e-01 0.000000e+00
    outer loop
      vertex   5.188600e+00 2.004051e+01 4.400000e+00
      vertex   5.188600e+00 2.004051e+01 1.000000e+01
      vertex   5.242736e+00 2.034071e+01 4.400000e+00
    endloop
  endfacet
  facet normal -9.841267e-01 1.774675e-01 0.000000e+00
    outer loop
      vertex   5.242736e+00 2.034071e+01 4.400000e+00
      vertex   5.188600e+00 2.004051e+01 1.000000e+01
      vertex   5.242736e+00 2.034071e+01 1.000000e+01
    endloop
  endfacet
  facet normal -9.999925e-01 3.880575e-03 0.000000e+00
    outer loop
      vertex   5.242736e+00 2.034071e+01 4.400000e+00
      vertex   5.242736e+00 2.034071e+01 1.000000e+01
      vertex   5.243919e+00 2.064576e+01 4.400000e+00
    endloop
  endfacet
  facet normal -9.999925e-01 3.880575e-03 0.000000e+00
    outer loop
      vertex   5.243919e+00 2.064576e+01 4.400000e+00
      vertex   5.242736e+00 2.034071e+01 1.000000e+01
      vertex   5.243919e+00 2.064576e+01 1.000000e+01
    endloop
  endfacet
  facet normal -9.854741e-01 -1.698256e-01 0.000000e+00
    outer loop
      vertex   5.243919e+00 2.064576e+01 4.400000e+00
      vertex   5.243919e+00 2.064576e+01 1.000000e+01
      vertex   5.192115e+00 2.094637e+01 4.400000e+00
    endloop
  endfacet
  facet normal -9.854741e-01 -1.698256e-01 0.000000e+00
    outer loop
      vertex   5.192115e+00 2.094637e+01 4.400000e+00
      vertex   5.243919e+00 2.064576e+01 1.000000e+01
      vertex   5.192115e+00 2.094637e+01 1.000000e+01
    endloop
  endfacet
  facet normal -9.410135e-01 -3.383691e-01 0.000000e+00
    outer loop
      vertex   5.192115e+00 2.094637e+01 4.400000e+00
      vertex   5.192115e+00 2.094637e+01 1.000000e+01
      vertex   5.088897e+00 2.123342e+01 4.400000e+00
    endloop
  endfacet
  facet normal -9.410135e-01 -3.383691e-01 0.000000e+00
    outer loop
      vertex   5.088897e+00 2.123342e+01 4.400000e+00
      vertex   5.192115e+00 2.094637e+01 1.000000e+01
      vertex   5.088897e+00 2.123342e+01 1.000000e+01
    endloop
  endfacet
  facet normal -8.679592e-01 -4.966355e-01 0.000000e+00
    outer loop
      vertex   5.088897e+00 2.123342e+01 4.400000e+00
      vertex   5.088897e+00 2.123342e+01 1.000000e+01
      vertex   4.937401e+00 2.149819e+01 4.400000e+00
    endloop
  endfacet
  facet normal -8.679592e-01 -4.966355e-01 0.000000e+00
    outer loop
      vertex   4.937401e+00 2.149819e+01 4.400000e+00
      vertex   5.088897e+00 2.123342e+01 1.000000e+01
      vertex   4.937401e+00 2.149819e+01 1.000000e+01
    endloop
  endfacet
  facet normal -7.685327e-01 -6.398105e-01 0.000000e+00
    outer loop
      vertex   4.937401e+00 2.149819e+01 4.400000e+00
      vertex   4.937401e+00 2.149819e+01 1.000000e+01
      vertex   4.742230e+00 2.173263e+01 4.400000e+00
    endloop
  endfacet
  facet normal -7.685327e-01 -6.398105e-01 0.000000e+00
    outer loop
      vertex   4.742230e+00 2.173263e+01 4.400000e+00
      vertex   4.937401e+00 2.149819e+01 1.000000e+01
      vertex   4.742230e+00 2.173263e+01 1.000000e+01
    endloop
  endfacet
  facet normal -6.457543e-01 -7.635452e-01 0.000000e+00
    outer loop
      vertex   4.742230e+00 2.173263e+01 4.400000e+00
      vertex   4.742230e+00 2.173263e+01 1.000000e+01
      vertex   4.509315e+00 2.192961e+01 4.400000e+00
    endloop
  endfacet
  facet normal -6.457543e-01 -7.635452e-01 0.000000e+00
    outer loop
      vertex   4.509315e+00 2.192961e+01 4.400000e+00
      vertex   4.742230e+00 2.173263e+01 1.000000e+01
      vertex   4.509315e+00 2.192961e+01 1.000000e+01
    endloop
  endfacet
  facet normal -5.033562e-01 -8.640790e-01 0.000000e+00
    outer loop
      vertex   4.509315e+00 2.192961e+01 4.400000e+00
      vertex   4.509315e+00 2.192961e+01 1.000000e+01
      vertex   4.245732e+00 2.208316e+01 4.400000e+00
    endloop
  endfacet
  facet normal -5.033562e-01 -8.640790e-01 0.000000e+00
    outer loop
      vertex   4.245732e+00 2.208316e+01 4.400000e+00
      vertex   4.509315e+00 2.192961e+01 1.000000e+01
      vertex   4.245732e+00 2.208316e+01 1.000000e+01
    endloop
  endfacet
  facet normal -3.456704e-01 -9.383560e-01 0.000000e+00
    outer loop
      vertex   4.245732e+00 2.208316e+01 4.400000e+00
      vertex   4.245732e+00 2.208316e+01 1.000000e+01
      vertex   3.959490e+00 2.218860e+01 4.400000e+00
    endloop
  endfacet
  facet normal -3.456704e-01 -9.383560e-01 0.000000e+00
    outer loop
      vertex   3.959490e+00 2.218860e+01 4.400000e+00
      vertex   4.245732e+00 2.208316e+01 1.000000e+01
      vertex   3.959490e+00 2.218860e+01 1.000000e+01
    endloop
  endfacet
  facet normal -1.774593e-01 -9.841281e-01 0.000000e+00
    outer loop
      vertex   3.959490e+00 2.218860e+01 4.400000e+00
      vertex   3.959490e+00 2.218860e+01 1.000000e+01
      vertex   3.659287e+00 2.224273e+01 4.400000e+00
    endloop
  endfacet
  facet normal -1.774593e-01 -9.841281e-01 0.000000e+00
    outer loop
      vertex   3.659287e+00 2.224273e+01 4.400000e+00
      vertex   3.959490e+00 2.218860e+01 1.000000e+01
      vertex   3.659287e+00 2.224273e+01 1.000000e+01
    endloop
  endfacet
  facet normal -3.884475e-03 -9.999925e-01 0.000000e+00
    outer loop
      vertex   3.659287e+00 2.224273e+01 4.400000e+00
      vertex   3.659287e+00 2.224273e+01 1.000000e+01
      vertex   3.354244e+00 2.224392e+01 4.400000e+00
    endloop
  endfacet
  facet normal -3.884475e-03 -9.999925e-01 0.000000e+00
    outer loop
      vertex   3.354244e+00 2.224392e+01 4.400000e+00
      vertex   3.659287e+00 2.224273e+01 1.000000e+01
      vertex   3.354244e+00 2.224392e+01 1.000000e+01
    endloop
  endfacet
  facet normal 1.698229e-01 -9.854746e-01 0.000000e+00
    outer loop
      vertex   3.354244e+00 2.224392e+01 4.400000e+00
      vertex   3.354244e+00 2.224392e+01 1.000000e+01
      vertex   3.053630e+00 2.219212e+01 4.400000e+00
    endloop
  endfacet
  facet normal 1.698229e-01 -9.854746e-01 0.000000e+00
    outer loop
      vertex   3.053630e+00 2.219212e+01 4.400000e+00
      vertex   3.354244e+00 2.224392e+01 1.000000e+01
      vertex   3.053630e+00 2.219212e+01 1.000000e+01
    endloop
  endfacet
  facet normal 3.383712e-01 -9.410127e-01 0.000000e+00
    outer loop
      vertex   3.053630e+00 2.219212e+01 4.400000e+00
      vertex   3.053630e+00 2.219212e+01 1.000000e+01
      vertex   2.766579e+00 2.208890e+01 4.400000e+00
    endloop
  endfacet
  facet normal 3.383712e-01 -9.410127e-01 0.000000e+00
    outer loop
      vertex   2.766579e+00 2.208890e+01 4.400000e+00
      vertex   3.053630e+00 2.219212e+01 1.000000e+01
      vertex   2.766579e+00 2.208890e+01 1.000000e+01
    endloop
  endfacet
  facet normal 4.966346e-01 -8.679597e-01 0.000000e+00
    outer loop
      vertex   2.766579e+00 2.208890e+01 4.400000e+00
      vertex   2.766579e+00 2.208890e+01 1.000000e+01
      vertex   2.501812e+00 2.193740e+01 4.400000e+00
    endloop
  endfacet
  facet normal 4.966346e-01 -8.679597e-01 0.000000e+00
    outer loop
      vertex   2.501812e+00 2.193740e+01 4.400000e+00
      vertex   2.766579e+00 2.208890e+01 1.000000e+01
      vertex   2.501812e+00 2.193740e+01 1.000000e+01
    endloop
  endfacet
  facet normal 6.398120e-01 -7.685315e-01 0.000000e+00
    outer loop
      vertex   2.501812e+00 2.193740e+01 4.400000e+00
      vertex   2.501812e+00 2.193740e+01 1.000000e+01
      vertex   2.267375e+00 2.174223e+01 4.400000e+00
    endloop
  endfacet
  facet normal 6.398120e-01 -7.685315e-01 0.000000e+00
    outer loop
      vertex   2.267375e+00 2.174223e+01 4.400000e+00
      vertex   2.501812e+00 2.193740e+01 1.000000e+01
      vertex   2.267375e+00 2.174223e+01 1.000000e+01
    endloop
  endfacet
  facet normal 7.635449e-01 -6.457548e-01 0.000000e+00
    outer loop
      vertex   2.070390e+00 2.150931e+01 1.000000e+01
      vertex   2.070390e+00 2.150931e+01 4.400000e+00
      vertex   2.267375e+00 2.174223e+01 1.000000e+01
    endloop
  endfacet
  facet normal 7.635449e-01 -6.457548e-01 0.000000e+00
    outer loop
      vertex   2.267375e+00 2.174223e+01 1.000000e+01
      vertex   2.070390e+00 2.150931e+01 4.400000e+00
      vertex   2.267375e+00 2.174223e+01 4.400000e+00
    endloop
  endfacet
  facet normal 8.640769e-01 -5.033598e-01 0.000000e+00
    outer loop
      vertex   1.916844e+00 2.124573e+01 1.000000e+01
      vertex   1.916844e+00 2.124573e+01 4.400000e+00
      vertex   2.070390e+00 2.150931e+01 1.000000e+01
    endloop
  endfacet
  facet normal 8.640769e-01 -5.033598e-01 0.000000e+00
    outer loop
      vertex   2.070390e+00 2.150931e+01 1.000000e+01
      vertex   1.916844e+00 2.124573e+01 4.400000e+00
      vertex   2.070390e+00 2.150931e+01 4.400000e+00
    endloop
  endfacet
  facet normal 9.383588e-01 -3.456627e-01 0.000000e+00
    outer loop
      vertex   1.811400e+00 2.095949e+01 1.000000e+01
      vertex   1.811400e+00 2.095949e+01 4.400000e+00
      vertex   1.916844e+00 2.124573e+01 1.000000e+01
    endloop
  endfacet
  facet normal 9.383588e-01 -3.456627e-01 0.000000e+00
    outer loop
      vertex   1.916844e+00 2.124573e+01 1.000000e+01
      vertex   1.811400e+00 2.095949e+01 4.400000e+00
      vertex   1.916844e+00 2.124573e+01 4.400000e+00
    endloop
  endfacet
  facet normal 9.841263e-01 -1.774694e-01 0.000000e+00
    outer loop
      vertex   1.757264e+00 2.065929e+01 1.000000e+01
      vertex   1.757264e+00 2.065929e+01 4.400000e+00
      vertex   1.811400e+00 2.095949e+01 1.000000e+01
    endloop
  endfacet
  facet normal 9.841263e-01 -1.774694e-01 0.000000e+00
    outer loop
      vertex   1.811400e+00 2.095949e+01 1.000000e+01
      vertex   1.757264e+00 2.065929e+01 4.400000e+00
      vertex   1.811400e+00 2.095949e+01 4.400000e+00
    endloop
  endfacet
  facet normal 9.999925e-01 -3.880575e-03 0.000000e+00
    outer loop
      vertex   1.756081e+00 2.035424e+01 1.000000e+01
      vertex   1.756081e+00 2.035424e+01 4.400000e+00
      vertex   1.757264e+00 2.065929e+01 1.000000e+01
    endloop
  endfacet
  facet normal 9.999925e-01 -3.880575e-03 0.000000e+00
    outer loop
      vertex   1.757264e+00 2.065929e+01 1.000000e+01
      vertex   1.756081e+00 2.035424e+01 4.400000e+00
      vertex   1.757264e+00 2.065929e+01 4.400000e+00
    endloop
  endfacet
  facet normal 5.945865e-01 8.040316e-01 -0.000000e+00
    outer loop
      vertex   2.234080e+01 1.918899e+01 4.400000e+00
      vertex   2.234080e+01 1.918899e+01 1.000000e+01
      vertex   2.258607e+01 1.900761e+01 4.400000e+00
    endloop
  endfacet
  facet normal 5.945865e-01 8.040316e-01 -0.000000e+00
    outer loop
      vertex   2.258607e+01 1.900761e+01 4.400000e+00
      vertex   2.234080e+01 1.918899e+01 1.000000e+01
      vertex   2.258607e+01 1.900761e+01 1.000000e+01
    endloop
  endfacet
  facet normal 4.459313e-01 8.950672e-01 -0.000000e+00
    outer loop
      vertex   2.258607e+01 1.900761e+01 4.400000e+00
      vertex   2.258607e+01 1.900761e+01 1.000000e+01
      vertex   2.285910e+01 1.887158e+01 4.400000e+00
    endloop
  endfacet
  facet normal 4.459313e-01 8.950672e-01 -0.000000e+00
    outer loop
      vertex   2.285910e+01 1.887158e+01 4.400000e+00
      vertex   2.258607e+01 1.900761e+01 1.000000e+01
      vertex   2.285910e+01 1.887158e+01 1.000000e+01
    endloop
  endfacet
  facet normal 2.837348e-01 9.589028e-01 -0.000000e+00
    outer loop
      vertex   2.285910e+01 1.887158e+01 4.400000e+00
      vertex   2.285910e+01 1.887158e+01 1.000000e+01
      vertex   2.315161e+01 1.878503e+01 4.400000e+00
    endloop
  endfacet
  facet normal 2.837348e-01 9.589028e-01 -0.000000e+00
    outer loop
      vertex   2.315161e+01 1.878503e+01 4.400000e+00
      vertex   2.285910e+01 1.887158e+01 1.000000e+01
      vertex   2.315161e+01 1.878503e+01 1.000000e+01
    endloop
  endfacet
  facet normal 1.129116e-01 9.936050e-01 -0.000000e+00
    outer loop
      vertex   2.315161e+01 1.878503e+01 4.400000e+00
      vertex   2.315161e+01 1.878503e+01 1.000000e+01
      vertex   2.345471e+01 1.875059e+01 4.400000e+00
    endloop
  endfacet
  facet normal 1.129116e-01 9.936050e-01 -0.000000e+00
    outer loop
      vertex   2.345471e+01 1.875059e+01 4.400000e+00
      vertex   2.315161e+01 1.878503e+01 1.000000e+01
      vertex   2.345471e+01 1.875059e+01 1.000000e+01
    endloop
  endfacet
  facet normal -6.134668e-02 9.981165e-01 0.000000e+00
    outer loop
      vertex   2.345471e+01 1.875059e+01 4.400000e+00
      vertex   2.345471e+01 1.875059e+01 1.000000e+01
      vertex   2.375918e+01 1.876930e+01 4.400000e+00
    endloop
  endfacet
  facet normal -6.134668e-02 9.981165e-01 0.000000e+00
    outer loop
      vertex   2.375918e+01 1.876930e+01 4.400000e+00
      vertex   2.345471e+01 1.875059e+01 1.000000e+01
      vertex   2.375918e+01 1.876930e+01 1.000000e+01
    endloop
  endfacet
  facet normal -2.337333e-01 9.723008e-01 0.000000e+00
    outer loop
      vertex   2.375918e+01 1.876930e+01 4.400000e+00
      vertex   2.375918e+01 1.876930e+01 1.000000e+01
      vertex   2.405577e+01 1.884060e+01 4.400000e+00
    endloop
  endfacet
  facet normal -2.337333e-01 9.723008e-01 0.000000e+00
    outer loop
      vertex   2.405577e+01 1.884060e+01 4.400000e+00
      vertex   2.375918e+01 1.876930e+01 1.000000e+01
      vertex   2.405577e+01 1.884060e+01 1.000000e+01
    endloop
  endfacet
  facet normal -3.990197e-01 9.169423e-01 0.000000e+00
    outer loop
      vertex   2.405577e+01 1.884060e+01 4.400000e+00
      vertex   2.405577e+01 1.884060e+01 1.000000e+01
      vertex   2.433548e+01 1.896232e+01 4.400000e+00
    endloop
  endfacet
  facet normal -3.990197e-01 9.169423e-01 0.000000e+00
    outer loop
      vertex   2.433548e+01 1.896232e+01 4.400000e+00
      vertex   2.405577e+01 1.884060e+01 1.000000e+01
      vertex   2.433548e+01 1.896232e+01 1.000000e+01
    endloop
  endfacet
  facet normal -5.521816e-01 8.337239e-01 0.000000e+00
    outer loop
      vertex   2.433548e+01 1.896232e+01 4.400000e+00
      vertex   2.433548e+01 1.896232e+01 1.000000e+01
      vertex   2.458980e+01 1.913076e+01 4.400000e+00
    endloop
  endfacet
  facet normal -5.521816e-01 8.337239e-01 0.000000e+00
    outer loop
      vertex   2.458980e+01 1.913076e+01 4.400000e+00
      vertex   2.433548e+01 1.896232e+01 1.000000e+01
      vertex   2.458980e+01 1.913076e+01 1.000000e+01
    endloop
  endfacet
  facet normal -6.885652e-01 7.251744e-01 0.000000e+00
    outer loop
      vertex   2.458980e+01 1.913076e+01 4.400000e+00
      vertex   2.458980e+01 1.913076e+01 1.000000e+01
      vertex   2.481102e+01 1.934080e+01 4.400000e+00
    endloop
  endfacet
  facet normal -6.885652e-01 7.251744e-01 0.000000e+00
    outer loop
      vertex   2.481102e+01 1.934080e+01 4.400000e+00
      vertex   2.458980e+01 1.913076e+01 1.000000e+01
      vertex   2.481102e+01 1.934080e+01 1.000000e+01
    endloop
  endfacet
  facet normal -8.040335e-01 5.945840e-01 0.000000e+00
    outer loop
      vertex   2.481102e+01 1.934080e+01 4.400000e+00
      vertex   2.481102e+01 1.934080e+01 1.000000e+01
      vertex   2.499239e+01 1.958607e+01 4.400000e+00
    endloop
  endfacet
  facet normal -8.040335e-01 5.945840e-01 0.000000e+00
    outer loop
      vertex   2.499239e+01 1.958607e+01 4.400000e+00
      vertex   2.481102e+01 1.934080e+01 1.000000e+01
      vertex   2.499239e+01 1.958607e+01 1.000000e+01
    endloop
  endfacet
  facet normal -8.950664e-01 4.459329e-01 0.000000e+00
    outer loop
      vertex   2.499239e+01 1.958607e+01 4.400000e+00
      vertex   2.499239e+01 1.958607e+01 1.000000e+01
      vertex   2.512842e+01 1.985910e+01 4.400000e+00
    endloop
  endfacet
  facet normal -8.950664e-01 4.459329e-01 0.000000e+00
    outer loop
      vertex   2.512842e+01 1.985910e+01 4.400000e+00
      vertex   2.499239e+01 1.958607e+01 1.000000e+01
      vertex   2.512842e+01 1.985910e+01 1.000000e+01
    endloop
  endfacet
  facet normal -9.589020e-01 2.837373e-01 0.000000e+00
    outer loop
      vertex   2.512842e+01 1.985910e+01 4.400000e+00
      vertex   2.512842e+01 1.985910e+01 1.000000e+01
      vertex   2.521497e+01 2.015161e+01 4.400000e+00
    endloop
  endfacet
  facet normal -9.589020e-01 2.837373e-01 0.000000e+00
    outer loop
      vertex   2.521497e+01 2.015161e+01 4.400000e+00
      vertex   2.512842e+01 1.985910e+01 1.000000e+01
      vertex   2.521497e+01 2.015161e+01 1.000000e+01
    endloop
  endfacet
  facet normal -9.936055e-01 1.129078e-01 0.000000e+00
    outer loop
      vertex   2.521497e+01 2.015161e+01 4.400000e+00
      vertex   2.521497e+01 2.015161e+01 1.000000e+01
      vertex   2.524941e+01 2.045471e+01 4.400000e+00
    endloop
  endfacet
  facet normal -9.936055e-01 1.129078e-01 0.000000e+00
    outer loop
      vertex   2.524941e+01 2.045471e+01 4.400000e+00
      vertex   2.521497e+01 2.015161e+01 1.000000e+01
      vertex   2.524941e+01 2.045471e+01 1.000000e+01
    endloop
  endfacet
  facet normal -9.981165e-01 -6.134668e-02 0.000000e+00
    outer loop
      vertex   2.524941e+01 2.045471e+01 4.400000e+00
      vertex   2.524941e+01 2.045471e+01 1.000000e+01
      vertex   2.523070e+01 2.075918e+01 4.400000e+00
    endloop
  endfacet
  facet normal -9.981165e-01 -6.134668e-02 0.000000e+00
    outer loop
      vertex   2.523070e+01 2.075918e+01 4.400000e+00
      vertex   2.524941e+01 2.045471e+01 1.000000e+01
      vertex   2.523070e+01 2.075918e+01 1.000000e+01
    endloop
  endfacet
  facet normal -9.723025e-01 -2.337259e-01 0.000000e+00
    outer loop
      vertex   2.523070e+01 2.075918e+01 4.400000e+00
      vertex   2.523070e+01 2.075918e+01 1.000000e+01
      vertex   2.515940e+01 2.105577e+01 4.400000e+00
    endloop
  endfacet
  facet normal -9.723025e-01 -2.337259e-01 0.000000e+00
    outer loop
      vertex   2.515940e+01 2.105577e+01 4.400000e+00
      vertex   2.523070e+01 2.075918e+01 1.000000e+01
      vertex   2.515940e+01 2.105577e+01 1.000000e+01
    endloop
  endfacet
  facet normal -9.169409e-01 -3.990230e-01 0.000000e+00
    outer loop
      vertex   2.515940e+01 2.105577e+01 4.400000e+00
      vertex   2.515940e+01 2.105577e+01 1.000000e+01
      vertex   2.503768e+01 2.133548e+01 4.400000e+00
    endloop
  endfacet
  facet normal -9.169409e-01 -3.990230e-01 0.000000e+00
    outer loop
      vertex   2.503768e+01 2.133548e+01 4.400000e+00
      vertex   2.515940e+01 2.105577e+01 1.000000e+01
      vertex   2.503768e+01 2.133548e+01 1.000000e+01
    endloop
  endfacet
  facet normal -8.337239e-01 -5.521816e-01 0.000000e+00
    outer loop
      vertex   2.503768e+01 2.133548e+01 4.400000e+00
      vertex   2.503768e+01 2.133548e+01 1.000000e+01
      vertex   2.486924e+01 2.158980e+01 4.400000e+00
    endloop
  endfacet
  facet normal -8.337239e-01 -5.521816e-01 0.000000e+00
    outer loop
      vertex   2.486924e+01 2.158980e+01 4.400000e+00
      vertex   2.503768e+01 2.133548e+01 1.000000e+01
      vertex   2.486924e+01 2.158980e+01 1.000000e+01
    endloop
  endfacet
  facet normal -7.251744e-01 -6.885652e-01 0.000000e+00
    outer loop
      vertex   2.486924e+01 2.158980e+01 4.400000e+00
      vertex   2.486924e+01 2.158980e+01 1.000000e+01
      vertex   2.465920e+01 2.181102e+01 4.400000e+00
    endloop
  endfacet
  facet normal -7.251744e-01 -6.885652e-01 0.000000e+00
    outer loop
      vertex   2.465920e+01 2.181102e+01 4.400000e+00
      vertex   2.486924e+01 2.158980e+01 1.000000e+01
      vertex   2.465920e+01 2.181102e+01 1.000000e+01
    endloop
  endfacet
  facet normal -5.945840e-01 -8.040335e-01 0.000000e+00
    outer loop
      vertex   2.465920e+01 2.181102e+01 4.400000e+00
      vertex   2.465920e+01 2.181102e+01 1.000000e+01
      vertex   2.441393e+01 2.199239e+01 4.400000e+00
    endloop
  endfacet
  facet normal -5.945840e-01 -8.040335e-01 0.000000e+00
    outer loop
      vertex   2.441393e+01 2.199239e+01 4.400000e+00
      vertex   2.465920e+01 2.181102e+01 1.000000e+01
      vertex   2.441393e+01 2.199239e+01 1.000000e+01
    endloop
  endfacet
  facet normal -4.459345e-01 -8.950656e-01 0.000000e+00
    outer loop
      vertex   2.441393e+01 2.199239e+01 4.400000e+00
      vertex   2.441393e+01 2.199239e+01 1.000000e+01
      vertex   2.414090e+01 2.212842e+01 4.400000e+00
    endloop
  endfacet
  facet normal -4.459345e-01 -8.950656e-01 0.000000e+00
    outer loop
      vertex   2.414090e+01 2.212842e+01 4.400000e+00
      vertex   2.441393e+01 2.199239e+01 1.000000e+01
      vertex   2.414090e+01 2.212842e+01 1.000000e+01
    endloop
  endfacet
  facet normal -2.837362e-01 -9.589024e-01 0.000000e+00
    outer loop
      vertex   2.414090e+01 2.212842e+01 4.400000e+00
      vertex   2.414090e+01 2.212842e+01 1.000000e+01
      vertex   2.384839e+01 2.221497e+01 4.400000e+00
    endloop
  endfacet
  facet normal -2.837362e-01 -9.589024e-01 0.000000e+00
    outer loop
      vertex   2.384839e+01 2.221497e+01 4.400000e+00
      vertex   2.414090e+01 2.212842e+01 1.000000e+01
      vertex   2.384839e+01 2.221497e+01 1.000000e+01
    endloop
  endfacet
  facet normal -1.129078e-01 -9.936055e-01 0.000000e+00
    outer loop
      vertex   2.384839e+01 2.221497e+01 4.400000e+00
      vertex   2.384839e+01 2.221497e+01 1.000000e+01
      vertex   2.354529e+01 2.224941e+01 4.400000e+00
    endloop
  endfacet
  facet normal -1.129078e-01 -9.936055e-01 0.000000e+00
    outer loop
      vertex   2.354529e+01 2.224941e+01 4.400000e+00
      vertex   2.384839e+01 2.221497e+01 1.000000e+01
      vertex   2.354529e+01 2.224941e+01 1.000000e+01
    endloop
  endfacet
  facet normal 6.134668e-02 -9.981165e-01 0.000000e+00
    outer loop
      vertex   2.354529e+01 2.224941e+01 4.400000e+00
      vertex   2.354529e+01 2.224941e+01 1.000000e+01
      vertex   2.324082e+01 2.223070e+01 4.400000e+00
    endloop
  endfacet
  facet normal 6.134668e-02 -9.981165e-01 0.000000e+00
    outer loop
      vertex   2.324082e+01 2.223070e+01 4.400000e+00
      vertex   2.354529e+01 2.224941e+01 1.000000e+01
      vertex   2.324082e+01 2.223070e+01 1.000000e+01
    endloop
  endfacet
  facet normal 2.337333e-01 -9.723008e-01 0.000000e+00
    outer loop
      vertex   2.324082e+01 2.223070e+01 4.400000e+00
      vertex   2.324082e+01 2.223070e+01 1.000000e+01
      vertex   2.294423e+01 2.215940e+01 4.400000e+00
    endloop
  endfacet
  facet normal 2.337333e-01 -9.723008e-01 0.000000e+00
    outer loop
      vertex   2.294423e+01 2.215940e+01 4.400000e+00
      vertex   2.324082e+01 2.223070e+01 1.000000e+01
      vertex   2.294423e+01 2.215940e+01 1.000000e+01
    endloop
  endfacet
  facet normal 3.990165e-01 -9.169438e-01 0.000000e+00
    outer loop
      vertex   2.294423e+01 2.215940e+01 4.400000e+00
      vertex   2.294423e+01 2.215940e+01 1.000000e+01
      vertex   2.266452e+01 2.203768e+01 4.400000e+00
    endloop
  endfacet
  facet normal 3.990165e-01 -9.169438e-01 0.000000e+00
    outer loop
      vertex   2.266452e+01 2.203768e+01 4.400000e+00
      vertex   2.294423e+01 2.215940e+01 1.000000e+01
      vertex   2.266452e+01 2.203768e+01 1.000000e+01
    endloop
  endfacet
  facet normal 5.521816e-01 -8.337239e-01 0.000000e+00
    outer loop
      vertex   2.266452e+01 2.203768e+01 4.400000e+00
      vertex   2.266452e+01 2.203768e+01 1.000000e+01
      vertex   2.241020e+01 2.186924e+01 4.400000e+00
    endloop
  endfacet
  facet normal 5.521816e-01 -8.337239e-01 0.000000e+00
    outer loop
      vertex   2.241020e+01 2.186924e+01 4.400000e+00
      vertex   2.266452e+01 2.203768e+01 1.000000e+01
      vertex   2.241020e+01 2.186924e+01 1.000000e+01
    endloop
  endfacet
  facet normal 6.885652e-01 -7.251744e-01 0.000000e+00
    outer loop
      vertex   2.241020e+01 2.186924e+01 4.400000e+00
      vertex   2.241020e+01 2.186924e+01 1.000000e+01
      vertex   2.218899e+01 2.165920e+01 4.400000e+00
    endloop
  endfacet
  facet normal 6.885652e-01 -7.251744e-01 0.000000e+00
    outer loop
      vertex   2.218899e+01 2.165920e+01 4.400000e+00
      vertex   2.241020e+01 2.186924e+01 1.000000e+01
      vertex   2.218899e+01 2.165920e+01 1.000000e+01
    endloop
  endfacet
  facet normal 8.040335e-01 -5.945840e-01 0.000000e+00
    outer loop
      vertex   2.200761e+01 2.141393e+01 1.000000e+01
      vertex   2.200761e+01 2.141393e+01 4.400000e+00
      vertex   2.218899e+01 2.165920e+01 1.000000e+01
    endloop
  endfacet
  facet normal 8.040335e-01 -5.945840e-01 0.000000e+00
    outer loop
      vertex   2.218899e+01 2.165920e+01 1.000000e+01
      vertex   2.200761e+01 2.141393e+01 4.400000e+00
      vertex   2.218899e+01 2.165920e+01 4.400000e+00
    endloop
  endfacet
  facet normal 8.950672e-01 -4.459313e-01 0.000000e+00
    outer loop
      vertex   2.187158e+01 2.114090e+01 1.000000e+01
      vertex   2.187158e+01 2.114090e+01 4.400000e+00
      vertex   2.200761e+01 2.141393e+01 1.000000e+01
    endloop
  endfacet
  facet normal 8.950672e-01 -4.459313e-01 0.000000e+00
    outer loop
      vertex   2.200761e+01 2.141393e+01 1.000000e+01
      vertex   2.187158e+01 2.114090e+01 4.400000e+00
      vertex   2.200761e+01 2.141393e+01 4.400000e+00
    endloop
  endfacet
  facet normal 9.589017e-01 -2.837384e-01 0.000000e+00
    outer loop
      vertex   2.178503e+01 2.084839e+01 1.000000e+01
      vertex   2.178503e+01 2.084839e+01 4.400000e+00
      vertex   2.187158e+01 2.114090e+01 1.000000e+01
    endloop
  endfacet
  facet normal 9.589017e-01 -2.837384e-01 0.000000e+00
    outer loop
      vertex   2.187158e+01 2.114090e+01 1.000000e+01
      vertex   2.178503e+01 2.084839e+01 4.400000e+00
      vertex   2.187158e+01 2.114090e+01 4.400000e+00
    endloop
  endfacet
  facet normal 9.936055e-01 -1.129078e-01 0.000000e+00
    outer loop
      vertex   2.175059e+01 2.054529e+01 1.000000e+01
      vertex   2.175059e+01 2.054529e+01 4.400000e+00
      vertex   2.178503e+01 2.084839e+01 1.000000e+01
    endloop
  endfacet
  facet normal 9.936055e-01 -1.129078e-01 0.000000e+00
    outer loop
      vertex   2.178503e+01 2.084839e+01 1.000000e+01
      vertex   2.175059e+01 2.054529e+01 4.400000e+00
      vertex   2.178503e+01 2.084839e+01 4.400000e+00
    endloop
  endfacet
  facet normal 9.981165e-01 6.134668e-02 0.000000e+00
    outer loop
      vertex   2.176930e+01 2.024082e+01 1.000000e+01
      vertex   2.176930e+01 2.024082e+01 4.400000e+00
      vertex   2.175059e+01 2.054529e+01 1.000000e+01
    endloop
  endfacet
  facet normal 9.981165e-01 6.134668e-02 0.000000e+00
    outer loop
      vertex   2.175059e+01 2.054529e+01 1.000000e+01
      vertex   2.176930e+01 2.024082e+01 4.400000e+00
      vertex   2.175059e+01 2.054529e+01 4.400000e+00
    endloop
  endfacet
  facet normal 9.723008e-01 2.337333e-01 0.000000e+00
    outer loop
      vertex   2.184060e+01 1.994423e+01 1.000000e+01
      vertex   2.184060e+01 1.994423e+01 4.400000e+00
      vertex   2.176930e+01 2.024082e+01 1.000000e+01
    endloop
  endfacet
  facet normal 9.723008e-01 2.337333e-01 0.000000e+00
    outer loop
      vertex   2.176930e+01 2.024082e+01 1.000000e+01
      vertex   2.184060e+01 1.994423e+01 4.400000e+00
      vertex   2.176930e+01 2.024082e+01 4.400000e+00
    endloop
  endfacet
  facet normal 9.169444e-01 3.990150e-01 0.000000e+00
    outer loop
      vertex   2.196232e+01 1.966452e+01 1.000000e+01
      vertex   2.196232e+01 1.966452e+01 4.400000e+00
      vertex   2.184060e+01 1.994423e+01 1.000000e+01
    endloop
  endfacet
  facet normal 9.169444e-01 3.990150e-01 0.000000e+00
    outer loop
      vertex   2.184060e+01 1.994423e+01 1.000000e+01
      vertex   2.196232e+01 1.966452e+01 4.400000e+00
      vertex   2.184060e+01 1.994423e+01 4.400000e+00
    endloop
  endfacet
  facet normal 8.337239e-01 5.521816e-01 0.000000e+00
    outer loop
      vertex   2.213076e+01 1.941020e+01 1.000000e+01
      vertex   2.213076e+01 1.941020e+01 4.400000e+00
      vertex   2.196232e+01 1.966452e+01 1.000000e+01
    endloop
  endfacet
  facet normal 8.337239e-01 5.521816e-01 0.000000e+00
    outer loop
      vertex   2.196232e+01 1.966452e+01 1.000000e+01
      vertex   2.213076e+01 1.941020e+01 4.400000e+00
      vertex   2.196232e+01 1.966452e+01 4.400000e+00
    endloop
  endfacet
  facet normal 7.251726e-01 6.885671e-01 0.000000e+00
    outer loop
      vertex   2.234080e+01 1.918899e+01 1.000000e+01
      vertex   2.234080e+01 1.918899e+01 4.400000e+00
      vertex   2.213076e+01 1.941020e+01 1.000000e+01
    endloop
  endfacet
  facet normal 7.251726e-01 6.885671e-01 0.000000e+00
    outer loop
      vertex   2.213076e+01 1.941020e+01 1.000000e+01
      vertex   2.234080e+01 1.918899e+01 4.400000e+00
      vertex   2.213076e+01 1.941020e+01 4.400000e+00
    endloop
  endfacet
  facet normal 0.000000e+00 -1.000000e+00 0.000000e+00
    outer loop
      vertex   7.000000e+00 1.600000e+01 5.639933e-15
      vertex   7.000000e+00 1.600000e+01 1.000000e+01
      vertex   3.500000e+00 1.600000e+01 7.091541e-15
    endloop
  endfacet
  facet normal 0.000000e+00 -1.000000e+00 0.000000e+00
    outer loop
      vertex   3.500000e+00 1.600000e+01 7.091541e-15
      vertex   7.000000e+00 1.600000e+01 1.000000e+01
      vertex   3.500000e+00 1.600000e+01 1.000000e+01
    endloop
  endfacet
  facet normal 0.000000e+00 -1.000000e+00 0.000000e+00
    outer loop
      vertex   2.000000e+01 1.600000e+01 1.000000e+01
      vertex   2.000000e+01 1.600000e+01 2.819966e-15
      vertex   2.350000e+01 1.600000e+01 1.000000e+01
    endloop
  endfacet
  facet normal 0.000000e+00 -1.000000e+00 -0.000000e+00
    outer loop
      vertex   2.350000e+01 1.600000e+01 1.000000e+01
      vertex   2.000000e+01 1.600000e+01 2.819966e-15
      vertex   2.350000e+01 1.600000e+01 3.678013e-15
    endloop
  endfacet
  facet normal 0.000000e+00 0.000000e+00 -1.000000e+00
    outer loop
      vertex   2.513750e+01 1.766377e+01 4.400000e+00
      vertex   2.499239e+01 1.958607e+01 4.400000e+00
      vertex   2.677500e+01 2.050000e+01 4.400000e+00
    endloop
  endfacet
  facet normal 0.000000e+00 0.000000e+00 -1.000000e+00
    outer loop
      vertex   2.677500e+01 2.050000e+01 4.400000e+00
      vertex   2.499239e+01 1.958607e+01 4.400000e+00
      vertex   2.512842e+01 1.985910e+01 4.400000e+00
    endloop
  endfacet
  facet normal 0.000000e+00 0.000000e+00 -1.000000e+00
    outer loop
      vertex   2.677500e+01 2.050000e+01 4.400000e+00
      vertex   2.512842e+01 1.985910e+01 4.400000e+00
      vertex   2.521497e+01 2.015161e+01 4.400000e+00
    endloop
  endfacet
  facet normal 0.000000e+00 0.000000e+00 -1.000000e+00
    outer loop
      vertex   2.186250e+01 1.766377e+01 4.400000e+00
      vertex   2.345471e+01 1.875059e+01 4.400000e+00
      vertex   2.513750e+01 1.766377e+01 4.400000e+00
    endloop
  endfacet
  facet normal 0.000000e+00 0.000000e+00 -1.000000e+00
    outer loop
      vertex   2.513750e+01 1.766377e+01 4.400000e+00
      vertex   2.345471e+01 1.875059e+01 4.400000e+00
      vertex   2.375918e+01 1.876930e+01 4.400000e+00
    endloop
  endfacet
  facet normal 0.000000e+00 0.000000e+00 -1.000000e+00
    outer loop
      vertex   2.513750e+01 1.766377e+01 4.400000e+00
      vertex   2.375918e+01 1.876930e+01 4.400000e+00
      vertex   2.405577e+01 1.884060e+01 4.400000e+00
    endloop
  endfacet
  facet normal 0.000000e+00 0.000000e+00 -1.000000e+00
    outer loop
      vertex   2.022500e+01 2.050000e+01 4.400000e+00
      vertex   2.196232e+01 1.966452e+01 4.400000e+00
      vertex   2.186250e+01 1.766377e+01 4.400000e+00
    endloop
  endfacet
  facet normal 0.000000e+00 0.000000e+00 -1.000000e+00
    outer loop
      vertex   2.186250e+01 1.766377e+01 4.400000e+00
      vertex   2.196232e+01 1.966452e+01 4.400000e+00
      vertex   2.213076e+01 1.941020e+01 4.400000e+00
    endloop
  endfacet
  facet normal 0.000000e+00 0.000000e+00 -1.000000e+00
    outer loop
      vertex   2.186250e+01 1.766377e+01 4.400000e+00
      vertex   2.213076e+01 1.941020e+01 4.400000e+00
      vertex   2.234080e+01 1.918899e+01 4.400000e+00
    endloop
  endfacet
  facet normal 0.000000e+00 -0.000000e+00 -1.000000e+00
    outer loop
      vertex   2.186250e+01 2.333623e+01 4.400000e+00
      vertex   2.200761e+01 2.141393e+01 4.400000e+00
      vertex   2.022500e+01 2.050000e+01 4.400000e+00
    endloop
  endfacet
  facet normal 0.000000e+00 0.000000e+00 -1.000000e+00
    outer loop
      vertex   2.022500e+01 2.050000e+01 4.400000e+00
      vertex   2.200761e+01 2.141393e+01 4.400000e+00
      vertex   2.187158e+01 2.114090e+01 4.400000e+00
    endloop
  endfacet
  facet normal 0.000000e+00 0.000000e+00 -1.000000e+00
    outer loop
      vertex   2.022500e+01 2.050000e+01 4.400000e+00
      vertex   2.187158e+01 2.114090e+01 4.400000e+00
      vertex   2.178503e+01 2.084839e+01 4.400000e+00
    endloop
  endfacet
  facet normal -0.000000e+00 0.000000e+00 -1.000000e+00
    outer loop
      vertex   2.513750e+01 2.333623e+01 4.400000e+00
      vertex   2.354529e+01 2.224941e+01 4.400000e+00
      vertex   2.186250e+01 2.333623e+01 4.400000e+00
    endloop
  endfacet
  facet normal 0.000000e+00 0.000000e+00 -1.000000e+00
    outer loop
      vertex   2.186250e+01 2.333623e+01 4.400000e+00
      vertex   2.354529e+01 2.224941e+01 4.400000e+00
      vertex   2.324082e+01 2.223070e+01 4.400000e+00
    endloop
  endfacet
  facet normal 0.000000e+00 0.000000e+00 -1.000000e+00
    outer loop
      vertex   2.186250e+01 2.333623e+01 4.400000e+00
      vertex   2.324082e+01 2.223070e+01 4.400000e+00
      vertex   2.294423e+01 2.215940e+01 4.400000e+00
    endloop
  endfacet
  facet normal 0.000000e+00 0.000000e+00 -1.000000e+00
    outer loop
      vertex   2.677500e+01 2.050000e+01 4.400000e+00
      vertex   2.503768e+01 2.133548e+01 4.400000e+00
      vertex   2.513750e+01 2.333623e+01 4.400000e+00
    endloop
  endfacet
  facet normal 0.000000e+00 0.000000e+00 -1.000000e+00
    outer loop
      vertex   2.513750e+01 2.333623e+01 4.400000e+00
      vertex   2.503768e+01 2.133548e+01 4.400000e+00
      vertex   2.486924e+01 2.158980e+01 4.400000e+00
    endloop
  endfacet
  facet normal 0.000000e+00 0.000000e+00 -1.000000e+00
    outer loop
      vertex   2.513750e+01 2.333623e+01 4.400000e+00
      vertex   2.486924e+01 2.158980e+01 4.400000e+00
      vertex   2.465920e+01 2.181102e+01 4.400000e+00
    endloop
  endfacet
  facet normal 0.000000e+00 0.000000e+00 -1.000000e+00
    outer loop
      vertex   2.521497e+01 2.015161e+01 4.400000e+00
      vertex   2.524941e+01 2.045471e+01 4.400000e+00
      vertex   2.677500e+01 2.050000e+01 4.400000e+00
    endloop
  endfacet
  facet normal -0.000000e+00 0.000000e+00 -1.000000e+00
    outer loop
      vertex   2.677500e+01 2.050000e+01 4.400000e+00
      vertex   2.524941e+01 2.045471e+01 4.400000e+00
      vertex   2.523070e+01 2.075918e+01 4.400000e+00
    endloop
  endfacet
  facet normal 0.000000e+00 0.000000e+00 -1.000000e+00
    outer loop
      vertex   2.677500e+01 2.050000e+01 4.400000e+00
      vertex   2.523070e+01 2.075918e+01 4.400000e+00
      vertex   2.515940e+01 2.105577e+01 4.400000e+00
    endloop
  endfacet
  facet normal 0.000000e+00 0.000000e+00 -1.000000e+00
    outer loop
      vertex   2.515940e+01 2.105577e+01 4.400000e+00
      vertex   2.503768e+01 2.133548e+01 4.400000e+00
      vertex   2.677500e+01 2.050000e+01 4.400000e+00
    endloop
  endfacet
  facet normal 0.000000e+00 0.000000e+00 -1.000000e+00
    outer loop
      vertex   2.465920e+01 2.181102e+01 4.400000e+00
      vertex   2.441393e+01 2.199239e+01 4.400000e+00
      vertex   2.513750e+01 2.333623e+01 4.400000e+00
    endloop
  endfacet
  facet normal 0.000000e+00 0.000000e+00 -1.000000e+00
    outer loop
      vertex   2.513750e+01 2.333623e+01 4.400000e+00
      vertex   2.441393e+01 2.199239e+01 4.400000e+00
      vertex   2.414090e+01 2.212842e+01 4.400000e+00
    endloop
  endfacet
  facet normal 0.000000e+00 0.000000e+00 -1.000000e+00
    outer loop
      vertex   2.513750e+01 2.333623e+01 4.400000e+00
      vertex   2.414090e+01 2.212842e+01 4.400000e+00
      vertex   2.384839e+01 2.221497e+01 4.400000e+00
    endloop
  endfacet
  facet normal 0.000000e+00 0.000000e+00 -1.000000e+00
    outer loop
      vertex   2.384839e+01 2.221497e+01 4.400000e+00
      vertex   2.354529e+01 2.224941e+01 4.400000e+00
      vertex   2.513750e+01 2.333623e+01 4.400000e+00
    endloop
  endfacet
  facet normal -0.000000e+00 0.000000e+00 -1.000000e+00
    outer loop
      vertex   2.294423e+01 2.215940e+01 4.400000e+00
      vertex   2.266452e+01 2.203768e+01 4.400000e+00
      vertex   2.186250e+01 2.333623e+01 4.400000e+00
    endloop
  endfacet
  facet normal 0.000000e+00 0.000000e+00 -1.000000e+00
    outer loop
      vertex   2.186250e+01 2.333623e+01 4.400000e+00
      vertex   2.266452e+01 2.203768e+01 4.400000e+00
      vertex   2.241020e+01 2.186924e+01 4.400000e+00
    endloop
  endfacet
  facet normal 0.000000e+00 0.000000e+00 -1.000000e+00
    outer loop
      vertex   2.186250e+01 2.333623e+01 4.400000e+00
      vertex   2.241020e+01 2.186924e+01 4.400000e+00
      vertex   2.218899e+01 2.165920e+01 4.400000e+00
    endloop
  endfacet
  facet normal -0.000000e+00 0.000000e+00 -1.000000e+00
    outer loop
      vertex   2.218899e+01 2.165920e+01 4.400000e+00
      vertex   2.200761e+01 2.141393e+01 4.400000e+00
      vertex   2.186250e+01 2.333623e+01 4.400000e+00
    endloop
  endfacet
  facet normal 0.000000e+00 0.000000e+00 -1.000000e+00
    outer loop
      vertex   2.178503e+01 2.084839e+01 4.400000e+00
      vertex   2.175059e+01 2.054529e+01 4.400000e+00
      vertex   2.022500e+01 2.050000e+01 4.400000e+00
    endloop
  endfacet
  facet normal 0.000000e+00 0.000000e+00 -1.000000e+00
    outer loop
      vertex   2.022500e+01 2.050000e+01 4.400000e+00
      vertex   2.175059e+01 2.054529e+01 4.400000e+00
      vertex   2.176930e+01 2.024082e+01 4.400000e+00
    endloop
  endfacet
  facet normal 0.000000e+00 0.000000e+00 -1.000000e+00
    outer loop
      vertex   2.022500e+01 2.050000e+01 4.400000e+00
      vertex   2.176930e+01 2.024082e+01 4.400000e+00
      vertex   2.184060e+01 1.994423e+01 4.400000e+00
    endloop
  endfacet
  facet normal -0.000000e+00 -0.000000e+00 -1.000000e+00
    outer loop
      vertex   2.184060e+01 1.994423e+01 4.400000e+00
      vertex   2.196232e+01 1.966452e+01 4.400000e+00
      vertex   2.022500e+01 2.050000e+01 4.400000e+00
    endloop
  endfacet
  facet normal 0.000000e+00 -0.000000e+00 -1.000000e+00
    outer loop
      vertex   2.234080e+01 1.918899e+01 4.400000e+00
      vertex   2.258607e+01 1.900761e+01 4.400000e+00
      vertex   2.186250e+01 1.766377e+01 4.400000e+00
    endloop
  endfacet
  facet normal 0.000000e+00 0.000000e+00 -1.000000e+00
    outer loop
      vertex   2.186250e+01 1.766377e+01 4.400000e+00
      vertex   2.258607e+01 1.900761e+01 4.400000e+00
      vertex   2.285910e+01 1.887158e+01 4.400000e+00
    endloop
  endfacet
  facet normal 0.000000e+00 0.000000e+00 -1.000000e+00
    outer loop
      vertex   2.186250e+01 1.766377e+01 4.400000e+00
      vertex   2.285910e+01 1.887158e+01 4.400000e+00
      vertex   2.315161e+01 1.878503e+01 4.400000e+00
    endloop
  endfacet
  facet normal 0.000000e+00 -0.000000e+00 -1.000000e+00
    outer loop
      vertex   2.315161e+01 1.878503e+01 4.400000e+00
      vertex   2.345471e+01 1.875059e+01 4.400000e+00
      vertex   2.186250e+01 1.766377e+01 4.400000e+00
    endloop
  endfacet
  facet normal 0.000000e+00 0.000000e+00 -1.000000e+00
    outer loop
      vertex   2.405577e+01 1.884060e+01 4.400000e+00
      vertex   2.433548e+01 1.896232e+01 4.400000e+00
      vertex   2.513750e+01 1.766377e+01 4.400000e+00
    endloop
  endfacet
  facet normal 0.000000e+00 0.000000e+00 -1.000000e+00
    outer loop
      vertex   2.513750e+01 1.766377e+01 4.400000e+00
      vertex   2.433548e+01 1.896232e+01 4.400000e+00
      vertex   2.458980e+01 1.913076e+01 4.400000e+00
    endloop
  endfacet
  facet normal 0.000000e+00 0.000000e+00 -1.000000e+00
    outer loop
      vertex   2.513750e+01 1.766377e+01 4.400000e+00
      vertex   2.458980e+01 1.913076e+01 4.400000e+00
      vertex   2.481102e+01 1.934080e+01 4.400000e+00
    endloop
  endfacet
  facet normal 0.000000e+00 0.000000e+00 -1.000000e+00
    outer loop
      vertex   2.481102e+01 1.934080e+01 4.400000e+00
      vertex   2.499239e+01 1.958607e+01 4.400000e+00
      vertex   2.513750e+01 1.766377e+01 4.400000e+00
    endloop
  endfacet
  facet normal 0.000000e+00 1.000000e+00 0.000000e+00
    outer loop
      vertex   2.186250e+01 1.766377e+01 8.459899e-15
      vertex   2.186250e+01 1.766377e+01 4.400000e+00
      vertex   2.513750e+01 1.766377e+01 8.459899e-15
    endloop
  endfacet
  facet normal 0.000000e+00 1.000000e+00 -0.000000e+00
    outer loop
      vertex   2.513750e+01 1.766377e+01 8.459899e-15
      vertex   2.186250e+01 1.766377e+01 4.400000e+00
      vertex   2.513750e+01 1.766377e+01 4.400000e+00
    endloop
  endfacet
  facet normal 8.660254e-01 5.000000e-01 0.000000e+00
    outer loop
      vertex   2.186250e+01 1.766377e+01 4.400000e+00
      vertex   2.186250e+01 1.766377e+01 8.459899e-15
      vertex   2.022500e+01 2.050000e+01 4.400000e+00
    endloop
  endfacet
  facet normal 8.660254e-01 5.000000e-01 0.000000e+00
    outer loop
      vertex   2.022500e+01 2.050000e+01 4.400000e+00
      vertex   2.186250e+01 1.766377e+01 8.459899e-15
      vertex   2.022500e+01 2.050000e+01 8.459899e-15
    endloop
  endfacet
  facet normal 8.660256e-01 -4.999997e-01 0.000000e+00
    outer loop
      vertex   2.022500e+01 2.050000e+01 4.400000e+00
      vertex   2.022500e+01 2.050000e+01 8.459899e-15
      vertex   2.186250e+01 2.333623e+01 4.400000e+00
    endloop
  endfacet
  facet normal 8.660256e-01 -4.999997e-01 0.000000e+00
    outer loop
      vertex   2.186250e+01 2.333623e+01 4.400000e+00
      vertex   2.022500e+01 2.050000e+01 8.459899e-15
      vertex   2.186250e+01 2.333623e+01 8.459899e-15
    endloop
  endfacet
  facet normal 0.000000e+00 -1.000000e+00 0.000000e+00
    outer loop
      vertex   2.513750e+01 2.333623e+01 8.459899e-15
      vertex   2.513750e+01 2.333623e+01 4.400000e+00
      vertex   2.186250e+01 2.333623e+01 8.459899e-15
    endloop
  endfacet
  facet normal 0.000000e+00 -1.000000e+00 0.000000e+00
    outer loop
      vertex   2.186250e+01 2.333623e+01 8.459899e-15
      vertex   2.513750e+01 2.333623e+01 4.400000e+00
      vertex   2.186250e+01 2.333623e+01 4.400000e+00
    endloop
  endfacet
  facet normal -8.660256e-01 -4.999997e-01 0.000000e+00
    outer loop
      vertex   2.677500e+01 2.050000e+01 8.459899e-15
      vertex   2.677500e+01 2.050000e+01 4.400000e+00
      vertex   2.513750e+01 2.333623e+01 8.459899e-15
    endloop
  endfacet
  facet normal -8.660256e-01 -4.999997e-01 0.000000e+00
    outer loop
      vertex   2.513750e+01 2.333623e+01 8.459899e-15
      vertex   2.677500e+01 2.050000e+01 4.400000e+00
      vertex   2.513750e+01 2.333623e+01 4.400000e+00
    endloop
  endfacet
  facet normal -8.660254e-01 5.000000e-01 0.000000e+00
    outer loop
      vertex   2.513750e+01 1.766377e+01 8.459899e-15
      vertex   2.513750e+01 1.766377e+01 4.400000e+00
      vertex   2.677500e+01 2.050000e+01 8.459899e-15
    endloop
  endfacet
  facet normal -8.660254e-01 5.000000e-01 0.000000e+00
    outer loop
      vertex   2.677500e+01 2.050000e+01 8.459899e-15
      vertex   2.513750e+01 1.766377e+01 4.400000e+00
      vertex   2.677500e+01 2.050000e+01 4.400000e+00
    endloop
  endfacet
  facet normal 0.000000e+00 0.000000e+00 -1.000000e+00
    outer loop
      vertex   5.137500e+00 1.766377e+01 4.400000e+00
      vertex   4.929610e+00 1.949069e+01 4.400000e+00
      vertex   6.775000e+00 2.050000e+01 4.400000e+00
    endloop
  endfacet
  facet normal 0.000000e+00 0.000000e+00 -1.000000e+00
    outer loop
      vertex   6.775000e+00 2.050000e+01 4.400000e+00
      vertex   4.929610e+00 1.949069e+01 4.400000e+00
      vertex   5.083157e+00 1.975427e+01 4.400000e+00
    endloop
  endfacet
  facet normal 0.000000e+00 0.000000e+00 -1.000000e+00
    outer loop
      vertex   6.775000e+00 2.050000e+01 4.400000e+00
      vertex   5.083157e+00 1.975427e+01 4.400000e+00
      vertex   5.188600e+00 2.004051e+01 4.400000e+00
    endloop
  endfacet
  facet normal 0.000000e+00 0.000000e+00 -1.000000e+00
    outer loop
      vertex   1.862500e+00 1.766377e+01 4.400000e+00
      vertex   3.645756e+00 1.875608e+01 4.400000e+00
      vertex   5.137500e+00 1.766377e+01 4.400000e+00
    endloop
  endfacet
  facet normal 0.000000e+00 0.000000e+00 -1.000000e+00
    outer loop
      vertex   5.137500e+00 1.766377e+01 4.400000e+00
      vertex   3.645756e+00 1.875608e+01 4.400000e+00
      vertex   3.946370e+00 1.880788e+01 4.400000e+00
    endloop
  endfacet
  facet normal 0.000000e+00 0.000000e+00 -1.000000e+00
    outer loop
      vertex   5.137500e+00 1.766377e+01 4.400000e+00
      vertex   3.946370e+00 1.880788e+01 4.400000e+00
      vertex   4.233421e+00 1.891110e+01 4.400000e+00
    endloop
  endfacet
  facet normal 0.000000e+00 0.000000e+00 -1.000000e+00
    outer loop
      vertex   2.250000e-01 2.050000e+01 4.400000e+00
      vertex   2.062600e+00 1.950181e+01 4.400000e+00
      vertex   1.862500e+00 1.766377e+01 4.400000e+00
    endloop
  endfacet
  facet normal 0.000000e+00 0.000000e+00 -1.000000e+00
    outer loop
      vertex   1.862500e+00 1.766377e+01 4.400000e+00
      vertex   2.062600e+00 1.950181e+01 4.400000e+00
      vertex   2.257770e+00 1.926737e+01 4.400000e+00
    endloop
  endfacet
  facet normal 0.000000e+00 0.000000e+00 -1.000000e+00
    outer loop
      vertex   1.862500e+00 1.766377e+01 4.400000e+00
      vertex   2.257770e+00 1.926737e+01 4.400000e+00
      vertex   2.490686e+00 1.907039e+01 4.400000e+00
    endloop
  endfacet
  facet normal 0.000000e+00 -0.000000e+00 -1.000000e+00
    outer loop
      vertex   1.862500e+00 2.333623e+01 4.400000e+00
      vertex   2.070390e+00 2.150931e+01 4.400000e+00
      vertex   2.250000e-01 2.050000e+01 4.400000e+00
    endloop
  endfacet
  facet normal 0.000000e+00 0.000000e+00 -1.000000e+00
    outer loop
      vertex   2.250000e-01 2.050000e+01 4.400000e+00
      vertex   2.070390e+00 2.150931e+01 4.400000e+00
      vertex   1.916844e+00 2.124573e+01 4.400000e+00
    endloop
  endfacet
  facet normal 0.000000e+00 0.000000e+00 -1.000000e+00
    outer loop
      vertex   2.250000e-01 2.050000e+01 4.400000e+00
      vertex   1.916844e+00 2.124573e+01 4.400000e+00
      vertex   1.811400e+00 2.095949e+01 4.400000e+00
    endloop
  endfacet
  facet normal -0.000000e+00 0.000000e+00 -1.000000e+00
    outer loop
      vertex   5.137500e+00 2.333623e+01 4.400000e+00
      vertex   3.354244e+00 2.224392e+01 4.400000e+00
      vertex   1.862500e+00 2.333623e+01 4.400000e+00
    endloop
  endfacet
  facet normal 0.000000e+00 0.000000e+00 -1.000000e+00
    outer loop
      vertex   1.862500e+00 2.333623e+01 4.400000e+00
      vertex   3.354244e+00 2.224392e+01 4.400000e+00
      vertex   3.053630e+00 2.219212e+01 4.400000e+00
    endloop
  endfacet
  facet normal 0.000000e+00 0.000000e+00 -1.000000e+00
    outer loop
      vertex   1.862500e+00 2.333623e+01 4.400000e+00
      vertex   3.053630e+00 2.219212e+01 4.400000e+00
      vertex   2.766579e+00 2.208890e+01 4.400000e+00
    endloop
  endfacet
  facet normal 0.000000e+00 0.000000e+00 -1.000000e+00
    outer loop
      vertex   6.775000e+00 2.050000e+01 4.400000e+00
      vertex   4.937401e+00 2.149819e+01 4.400000e+00
      vertex   5.137500e+00 2.333623e+01 4.400000e+00
    endloop
  endfacet
  facet normal 0.000000e+00 0.000000e+00 -1.000000e+00
    outer loop
      vertex   5.137500e+00 2.333623e+01 4.400000e+00
      vertex   4.937401e+00 2.149819e+01 4.400000e+00
      vertex   4.742230e+00 2.173263e+01 4.400000e+00
    endloop
  endfacet
  facet normal 0.000000e+00 0.000000e+00 -1.000000e+00
    outer loop
      vertex   5.137500e+00 2.333623e+01 4.400000e+00
      vertex   4.742230e+00 2.173263e+01 4.400000e+00
      vertex   4.509315e+00 2.192961e+01 4.400000e+00
    endloop
  endfacet
  facet normal 0.000000e+00 0.000000e+00 -1.000000e+00
    outer loop
      vertex   5.188600e+00 2.004051e+01 4.400000e+00
      vertex   5.242736e+00 2.034071e+01 4.400000e+00
      vertex   6.775000e+00 2.050000e+01 4.400000e+00
    endloop
  endfacet
  facet normal -0.000000e+00 0.000000e+00 -1.000000e+00
    outer loop
      vertex   6.775000e+00 2.050000e+01 4.400000e+00
      vertex   5.242736e+00 2.034071e+01 4.400000e+00
      vertex   5.243919e+00 2.064576e+01 4.400000e+00
    endloop
  endfacet
  facet normal 0.000000e+00 0.000000e+00 -1.000000e+00
    outer loop
      vertex   6.775000e+00 2.050000e+01 4.400000e+00
      vertex   5.243919e+00 2.064576e+01 4.400000e+00
      vertex   5.192115e+00 2.094637e+01 4.400000e+00
    endloop
  endfacet
  facet normal 0.000000e+00 0.000000e+00 -1.000000e+00
    outer loop
      vertex   5.192115e+00 2.094637e+01 4.400000e+00
      vertex   5.088897e+00 2.123342e+01 4.400000e+00
      vertex   6.775000e+00 2.050000e+01 4.400000e+00
    endloop
  endfacet
  facet normal 0.000000e+00 0.000000e+00 -1.000000e+00
    outer loop
      vertex   6.775000e+00 2.050000e+01 4.400000e+00
      vertex   5.088897e+00 2.123342e+01 4.400000e+00
      vertex   4.937401e+00 2.149819e+01 4.400000e+00
    endloop
  endfacet
  facet normal 0.000000e+00 0.000000e+00 -1.000000e+00
    outer loop
      vertex   4.509315e+00 2.192961e+01 4.400000e+00
      vertex   4.245732e+00 2.208316e+01 4.400000e+00
      vertex   5.137500e+00 2.333623e+01 4.400000e+00
    endloop
  endfacet
  facet normal 0.000000e+00 0.000000e+00 -1.000000e+00
    outer loop
      vertex   5.137500e+00 2.333623e+01 4.400000e+00
      vertex   4.245732e+00 2.208316e+01 4.400000e+00
      vertex   3.959490e+00 2.218860e+01 4.400000e+00
    endloop
  endfacet
  facet normal 0.000000e+00 0.000000e+00 -1.000000e+00
    outer loop
      vertex   5.137500e+00 2.333623e+01 4.400000e+00
      vertex   3.959490e+00 2.218860e+01 4.400000e+00
      vertex   3.659287e+00 2.224273e+01 4.400000e+00
    endloop
  endfacet
  facet normal 0.000000e+00 0.000000e+00 -1.000000e+00
    outer loop
      vertex   3.659287e+00 2.224273e+01 4.400000e+00
      vertex   3.354244e+00 2.224392e+01 4.400000e+00
      vertex   5.137500e+00 2.333623e+01 4.400000e+00
    endloop
  endfacet
  facet normal -0.000000e+00 0.000000e+00 -1.000000e+00
    outer loop
      vertex   2.766579e+00 2.208890e+01 4.400000e+00
      vertex   2.501812e+00 2.193740e+01 4.400000e+00
      vertex   1.862500e+00 2.333623e+01 4.400000e+00
    endloop
  endfacet
  facet normal 0.000000e+00 0.000000e+00 -1.000000e+00
    outer loop
      vertex   1.862500e+00 2.333623e+01 4.400000e+00
      vertex   2.501812e+00 2.193740e+01 4.400000e+00
      vertex   2.267375e+00 2.174223e+01 4.400000e+00
    endloop
  endfacet
  facet normal 0.000000e+00 0.000000e+00 -1.000000e+00
    outer loop
      vertex   1.862500e+00 2.333623e+01 4.400000e+00
      vertex   2.267375e+00 2.174223e+01 4.400000e+00
      vertex   2.070390e+00 2.150931e+01 4.400000e+00
    endloop
  endfacet
  facet normal 0.000000e+00 0.000000e+00 -1.000000e+00
    outer loop
      vertex   1.811400e+00 2.095949e+01 4.400000e+00
      vertex   1.757264e+00 2.065929e+01 4.400000e+00
      vertex   2.250000e-01 2.050000e+01 4.400000e+00
    endloop
  endfacet
  facet normal 0.000000e+00 0.000000e+00 -1.000000e+00
    outer loop
      vertex   2.250000e-01 2.050000e+01 4.400000e+00
      vertex   1.757264e+00 2.065929e+01 4.400000e+00
      vertex   1.756081e+00 2.035424e+01 4.400000e+00
    endloop
  endfacet
  facet normal 0.000000e+00 0.000000e+00 -1.000000e+00
    outer loop
      vertex   2.250000e-01 2.050000e+01 4.400000e+00
      vertex   1.756081e+00 2.035424e+01 4.400000e+00
      vertex   1.807885e+00 2.005363e+01 4.400000e+00
    endloop
  endfacet
  facet normal -0.000000e+00 -0.000000e+00 -1.000000e+00
    outer loop
      vertex   1.807885e+00 2.005363e+01 4.400000e+00
      vertex   1.911103e+00 1.976658e+01 4.400000e+00
      vertex   2.250000e-01 2.050000e+01 4.400000e+00
    endloop
  endfacet
  facet normal 0.000000e+00 0.000000e+00 -1.000000e+00
    outer loop
      vertex   2.250000e-01 2.050000e+01 4.400000e+00
      vertex   1.911103e+00 1.976658e+01 4.400000e+00
      vertex   2.062600e+00 1.950181e+01 4.400000e+00
    endloop
  endfacet
  facet normal 0.000000e+00 -0.000000e+00 -1.000000e+00
    outer loop
      vertex   2.490686e+00 1.907039e+01 4.400000e+00
      vertex   2.754268e+00 1.891684e+01 4.400000e+00
      vertex   1.862500e+00 1.766377e+01 4.400000e+00
    endloop
  endfacet
  facet normal 0.000000e+00 0.000000e+00 -1.000000e+00
    outer loop
      vertex   1.862500e+00 1.766377e+01 4.400000e+00
      vertex   2.754268e+00 1.891684e+01 4.400000e+00
      vertex   3.040510e+00 1.881140e+01 4.400000e+00
    endloop
  endfacet
  facet normal 0.000000e+00 0.000000e+00 -1.000000e+00
    outer loop
      vertex   1.862500e+00 1.766377e+01 4.400000e+00
      vertex   3.040510e+00 1.881140e+01 4.400000e+00
      vertex   3.340713e+00 1.875727e+01 4.400000e+00
    endloop
  endfacet
  facet normal 0.000000e+00 -0.000000e+00 -1.000000e+00
    outer loop
      vertex   3.340713e+00 1.875727e+01 4.400000e+00
      vertex   3.645756e+00 1.875608e+01 4.400000e+00
      vertex   1.862500e+00 1.766377e+01 4.400000e+00
    endloop
  endfacet
  facet normal 0.000000e+00 0.000000e+00 -1.000000e+00
    outer loop
      vertex   4.233421e+00 1.891110e+01 4.400000e+00
      vertex   4.498188e+00 1.906260e+01 4.400000e+00
      vertex   5.137500e+00 1.766377e+01 4.400000e+00
    endloop
  endfacet
  facet normal 0.000000e+00 0.000000e+00 -1.000000e+00
    outer loop
      vertex   5.137500e+00 1.766377e+01 4.400000e+00
      vertex   4.498188e+00 1.906260e+01 4.400000e+00
      vertex   4.732625e+00 1.925777e+01 4.400000e+00
    endloop
  endfacet
  facet normal 0.000000e+00 0.000000e+00 -1.000000e+00
    outer loop
      vertex   5.137500e+00 1.766377e+01 4.400000e+00
      vertex   4.732625e+00 1.925777e+01 4.400000e+00
      vertex   4.929610e+00 1.949069e+01 4.400000e+00
    endloop
  endfacet
  facet normal 8.660253e-01 5.000001e-01 0.000000e+00
    outer loop
      vertex   1.862500e+00 1.766377e+01 4.400000e+00
      vertex   1.862500e+00 1.766377e+01 -5.639933e-15
      vertex   2.250000e-01 2.050000e+01 4.400000e+00
    endloop
  endfacet
  facet normal 8.660253e-01 5.000001e-01 0.000000e+00
    outer loop
      vertex   2.250000e-01 2.050000e+01 4.400000e+00
      vertex   1.862500e+00 1.766377e+01 -5.639933e-15
      vertex   2.250000e-01 2.050000e+01 -5.639933e-15
    endloop
  endfacet
  facet normal 8.660255e-01 -4.999998e-01 0.000000e+00
    outer loop
      vertex   2.250000e-01 2.050000e+01 4.400000e+00
      vertex   2.250000e-01 2.050000e+01 -5.639933e-15
      vertex   1.862500e+00 2.333623e+01 4.400000e+00
    endloop
  endfacet
  facet normal 8.660255e-01 -4.999998e-01 0.000000e+00
    outer loop
      vertex   1.862500e+00 2.333623e+01 4.400000e+00
      vertex   2.250000e-01 2.050000e+01 -5.639933e-15
      vertex   1.862500e+00 2.333623e+01 -5.639933e-15
    endloop
  endfacet
  facet normal 0.000000e+00 -1.000000e+00 0.000000e+00
    outer loop
      vertex   5.137500e+00 2.333623e+01 -5.639933e-15
      vertex   5.137500e+00 2.333623e+01 4.400000e+00
      vertex   1.862500e+00 2.333623e+01 -5.639933e-15
    endloop
  endfacet
  facet normal 0.000000e+00 -1.000000e+00 0.000000e+00
    outer loop
      vertex   1.862500e+00 2.333623e+01 -5.639933e-15
      vertex   5.137500e+00 2.333623e+01 4.400000e+00
      vertex   1.862500e+00 2.333623e+01 4.400000e+00
    endloop
  endfacet
  facet normal -8.660255e-01 -4.999998e-01 0.000000e+00
    outer loop
      vertex   6.775000e+00 2.050000e+01 -5.639933e-15
      vertex   6.775000e+00 2.050000e+01 4.400000e+00
      vertex   5.137500e+00 2.333623e+01 -5.639933e-15
    endloop
  endfacet
  facet normal -8.660255e-01 -4.999998e-01 0.000000e+00
    outer loop
      vertex   5.137500e+00 2.333623e+01 -5.639933e-15
      vertex   6.775000e+00 2.050000e+01 4.400000e+00
      vertex   5.137500e+00 2.333623e+01 4.400000e+00
    endloop
  endfacet
  facet normal -8.660253e-01 5.000001e-01 0.000000e+00
    outer loop
      vertex   6.775000e+00 2.050000e+01 4.400000e+00
      vertex   6.775000e+00 2.050000e+01 -5.639933e-15
      vertex   5.137500e+00 1.766377e+01 4.400000e+00
    endloop
  endfacet
  facet normal -8.660253e-01 5.000001e-01 0.000000e+00
    outer loop
      vertex   5.137500e+00 1.766377e+01 4.400000e+00
      vertex   6.775000e+00 2.050000e+01 -5.639933e-15
      vertex   5.137500e+00 1.766377e+01 -5.639933e-15
    endloop
  endfacet
  facet normal 0.000000e+00 1.000000e+00 0.000000e+00
    outer loop
      vertex   1.862500e+00 1.766377e+01 -5.639933e-15
      vertex   1.862500e+00 1.766377e+01 4.400000e+00
      vertex   5.137500e+00 1.766377e+01 -5.639933e-15
    endloop
  endfacet
  facet normal 0.000000e+00 1.000000e+00 -0.000000e+00
    outer loop
      vertex   5.137500e+00 1.766377e+01 -5.639933e-15
      vertex   1.862500e+00 1.766377e+01 4.400000e+00
      vertex   5.137500e+00 1.766377e+01 4.400000e+00
    endloop
  endfacet
  facet normal 1.000000e+00 0.000000e+00 0.000000e+00
    outer loop
      vertex   7.000000e+00 2.325000e+01 1.000000e+01
      vertex   7.000000e+00 1.875000e+01 1.000000e+01
      vertex   7.000000e+00 2.100000e+01 6.000000e+00
    endloop
  endfacet
  facet normal -0.000000e+00 8.715754e-01 4.902615e-01
    outer loop
      vertex   7.000000e+00 2.100000e+01 6.000000e+00
      vertex   7.000000e+00 1.875000e+01 1.000000e+01
      vertex   2.000000e+01 2.100000e+01 6.000000e+00
    endloop
  endfacet
  facet normal 0.000000e+00 8.715754e-01 4.902615e-01
    outer loop
      vertex   2.000000e+01 2.100000e+01 6.000000e+00
      vertex   7.000000e+00 1.875000e+01 1.000000e+01
      vertex   2.000000e+01 1.875000e+01 1.000000e+01
    endloop
  endfacet
  facet normal 1.000000e+00 0.000000e+00 0.000000e+00
    outer loop
      vertex   9.000000e+00 1.600000e+01 1.000000e+01
      vertex   9.000000e+00 1.150000e+01 1.000000e+01
      vertex   9.000000e+00 1.375000e+01 6.000000e+00
    endloop
  endfacet
  facet normal -0.000000e+00 8.715755e-01 4.902613e-01
    outer loop
      vertex   9.000000e+00 1.375000e+01 6.000000e+00
      vertex   9.000000e+00 1.150000e+01 1.000000e+01
      vertex   1.800000e+01 1.375000e+01 6.000000e+00
    endloop
  endfacet
  facet normal 0.000000e+00 8.715755e-01 4.902613e-01
    outer loop
      vertex   1.800000e+01 1.375000e+01 6.000000e+00
      vertex   9.000000e+00 1.150000e+01 1.000000e+01
      vertex   1.800000e+01 1.150000e+01 1.000000e+01
    endloop
  endfacet
  facet normal 6.540197e-02 -9.978590e-01 0.000000e+00
    outer loop
      vertex   2.408737e+01 1.603850e+01 3.654564e-15
      vertex   2.408737e+01 1.603850e+01 1.000000e+01
      vertex   2.350000e+01 1.600000e+01 3.678013e-15
    endloop
  endfacet
  facet normal 6.540197e-02 -9.978590e-01 0.000000e+00
    outer loop
      vertex   2.350000e+01 1.600000e+01 3.678013e-15
      vertex   2.408737e+01 1.603850e+01 1.000000e+01
      vertex   2.350000e+01 1.600000e+01 1.000000e+01
    endloop
  endfacet
  facet normal 1.950925e-01 -9.807848e-01 0.000000e+00
    outer loop
      vertex   2.466469e+01 1.615333e+01 3.584619e-15
      vertex   2.466469e+01 1.615333e+01 1.000000e+01
      vertex   2.408737e+01 1.603850e+01 3.654564e-15
    endloop
  endfacet
  facet normal 1.950925e-01 -9.807848e-01 0.000000e+00
    outer loop
      vertex   2.408737e+01 1.603850e+01 3.654564e-15
      vertex   2.466469e+01 1.615333e+01 1.000000e+01
      vertex   2.408737e+01 1.603850e+01 1.000000e+01
    endloop
  endfacet
  facet normal 3.214407e-01 -9.469297e-01 0.000000e+00
    outer loop
      vertex   2.522207e+01 1.634254e+01 3.469374e-15
      vertex   2.522207e+01 1.634254e+01 1.000000e+01
      vertex   2.466469e+01 1.615333e+01 3.584619e-15
    endloop
  endfacet
  facet normal 3.214407e-01 -9.469297e-01 0.000000e+00
    outer loop
      vertex   2.466469e+01 1.615333e+01 3.584619e-15
      vertex   2.522207e+01 1.634254e+01 1.000000e+01
      vertex   2.466469e+01 1.615333e+01 1.000000e+01
    endloop
  endfacet
  facet normal 4.422880e-01 -8.968731e-01 0.000000e+00
    outer loop
      vertex   2.575000e+01 1.660289e+01 3.310802e-15
      vertex   2.575000e+01 1.660289e+01 1.000000e+01
      vertex   2.522207e+01 1.634254e+01 3.469374e-15
    endloop
  endfacet
  facet normal 4.422880e-01 -8.968731e-01 0.000000e+00
    outer loop
      vertex   2.522207e+01 1.634254e+01 3.469374e-15
      vertex   2.575000e+01 1.660289e+01 1.000000e+01
      vertex   2.522207e+01 1.634254e+01 1.000000e+01
    endloop
  endfacet
  facet normal 5.555710e-01 -8.314691e-01 0.000000e+00
    outer loop
      vertex   2.623943e+01 1.692991e+01 3.111614e-15
      vertex   2.623943e+01 1.692991e+01 1.000000e+01
      vertex   2.575000e+01 1.660289e+01 3.310802e-15
    endloop
  endfacet
  facet normal 5.555710e-01 -8.314691e-01 0.000000e+00
    outer loop
      vertex   2.575000e+01 1.660289e+01 3.310802e-15
      vertex   2.623943e+01 1.692991e+01 1.000000e+01
      vertex   2.575000e+01 1.660289e+01 1.000000e+01
    endloop
  endfacet
  facet normal 6.593441e-01 -7.518413e-01 0.000000e+00
    outer loop
      vertex   2.668198e+01 1.731802e+01 2.875221e-15
      vertex   2.668198e+01 1.731802e+01 1.000000e+01
      vertex   2.623943e+01 1.692991e+01 3.111614e-15
    endloop
  endfacet
  facet normal 6.593441e-01 -7.518413e-01 0.000000e+00
    outer loop
      vertex   2.623943e+01 1.692991e+01 3.111614e-15
      vertex   2.668198e+01 1.731802e+01 1.000000e+01
      vertex   2.623943e+01 1.692991e+01 1.000000e+01
    endloop
  endfacet
  facet normal 7.518403e-01 -6.593452e-01 0.000000e+00
    outer loop
      vertex   2.668198e+01 1.731802e+01 1.000000e+01
      vertex   2.668198e+01 1.731802e+01 2.875221e-15
      vertex   2.707009e+01 1.776057e+01 1.000000e+01
    endloop
  endfacet
  facet normal 7.518403e-01 -6.593452e-01 0.000000e+00
    outer loop
      vertex   2.707009e+01 1.776057e+01 1.000000e+01
      vertex   2.668198e+01 1.731802e+01 2.875221e-15
      vertex   2.707009e+01 1.776057e+01 2.605666e-15
    endloop
  endfacet
  facet normal 8.314691e-01 -5.555710e-01 0.000000e+00
    outer loop
      vertex   2.707009e+01 1.776057e+01 1.000000e+01
      vertex   2.707009e+01 1.776057e+01 2.605666e-15
      vertex   2.739712e+01 1.825000e+01 1.000000e+01
    endloop
  endfacet
  facet normal 8.314691e-01 -5.555710e-01 0.000000e+00
    outer loop
      vertex   2.739712e+01 1.825000e+01 1.000000e+01
      vertex   2.707009e+01 1.776057e+01 2.605666e-15
      vertex   2.739712e+01 1.825000e+01 2.307562e-15
    endloop
  endfacet
  facet normal 8.968731e-01 -4.422880e-01 0.000000e+00
    outer loop
      vertex   2.739712e+01 1.825000e+01 1.000000e+01
      vertex   2.739712e+01 1.825000e+01 2.307562e-15
      vertex   2.765746e+01 1.877793e+01 1.000000e+01
    endloop
  endfacet
  facet normal 8.968731e-01 -4.422880e-01 0.000000e+00
    outer loop
      vertex   2.765746e+01 1.877793e+01 1.000000e+01
      vertex   2.739712e+01 1.825000e+01 2.307562e-15
      vertex   2.765746e+01 1.877793e+01 1.986008e-15
    endloop
  endfacet
  facet normal 9.469295e-01 -3.214413e-01 0.000000e+00
    outer loop
      vertex   2.765746e+01 1.877793e+01 1.000000e+01
      vertex   2.765746e+01 1.877793e+01 1.986008e-15
      vertex   2.784667e+01 1.933531e+01 1.000000e+01
    endloop
  endfacet
  facet normal 9.469295e-01 -3.214413e-01 0.000000e+00
    outer loop
      vertex   2.784667e+01 1.933531e+01 1.000000e+01
      vertex   2.765746e+01 1.877793e+01 1.986008e-15
      vertex   2.784667e+01 1.933531e+01 1.646508e-15
    endloop
  endfacet
  facet normal 9.807858e-01 -1.950878e-01 0.000000e+00
    outer loop
      vertex   2.784667e+01 1.933531e+01 1.000000e+01
      vertex   2.784667e+01 1.933531e+01 1.646508e-15
      vertex   2.796150e+01 1.991263e+01 1.000000e+01
    endloop
  endfacet
  facet normal 9.807858e-01 -1.950878e-01 0.000000e+00
    outer loop
      vertex   2.796150e+01 1.991263e+01 1.000000e+01
      vertex   2.784667e+01 1.933531e+01 1.646508e-15
      vertex   2.796150e+01 1.991263e+01 1.294870e-15
    endloop
  endfacet
  facet normal 9.978590e-01 -6.540210e-02 0.000000e+00
    outer loop
      vertex   2.796150e+01 1.991263e+01 1.000000e+01
      vertex   2.796150e+01 1.991263e+01 1.294870e-15
      vertex   2.800000e+01 2.050000e+01 1.000000e+01
    endloop
  endfacet
  facet normal 9.978590e-01 -6.540210e-02 0.000000e+00
    outer loop
      vertex   2.800000e+01 2.050000e+01 1.000000e+01
      vertex   2.796150e+01 1.991263e+01 1.294870e-15
      vertex   2.800000e+01 2.050000e+01 9.371103e-16
    endloop
  endfacet
  facet normal 9.978590e-01 6.540197e-02 0.000000e+00
    outer loop
      vertex   2.800000e+01 2.050000e+01 1.000000e+01
      vertex   2.800000e+01 2.050000e+01 9.371103e-16
      vertex   2.796150e+01 2.108737e+01 1.000000e+01
    endloop
  endfacet
  facet normal 9.978590e-01 6.540197e-02 0.000000e+00
    outer loop
      vertex   2.796150e+01 2.108737e+01 1.000000e+01
      vertex   2.800000e+01 2.050000e+01 9.371103e-16
      vertex   2.796150e+01 2.108737e+01 7.510629e-16
    endloop
  endfacet
  facet normal 9.807858e-01 1.950878e-01 0.000000e+00
    outer loop
      vertex   2.796150e+01 2.108737e+01 1.000000e+01
      vertex   2.796150e+01 2.108737e+01 7.510629e-16
      vertex   2.784667e+01 2.166469e+01 1.000000e+01
    endloop
  endfacet
  facet normal 9.807858e-01 1.950878e-01 0.000000e+00
    outer loop
      vertex   2.784667e+01 2.166469e+01 1.000000e+01
      vertex   2.796150e+01 2.108737e+01 7.510629e-16
      vertex   2.784667e+01 2.166469e+01 5.893236e-16
    endloop
  endfacet
  facet normal 9.469297e-01 3.214407e-01 0.000000e+00
    outer loop
      vertex   2.784667e+01 2.166469e+01 1.000000e+01
      vertex   2.784667e+01 2.166469e+01 5.893236e-16
      vertex   2.765746e+01 2.222208e+01 1.000000e+01
    endloop
  endfacet
  facet normal 9.469297e-01 3.214407e-01 0.000000e+00
    outer loop
      vertex   2.765746e+01 2.222208e+01 1.000000e+01
      vertex   2.784667e+01 2.166469e+01 5.893236e-16
      vertex   2.765746e+01 2.222208e+01 4.546596e-16
    endloop
  endfacet
  facet normal 8.968731e-01 4.422880e-01 0.000000e+00
    outer loop
      vertex   2.765746e+01 2.222208e+01 1.000000e+01
      vertex   2.765746e+01 2.222208e+01 4.546596e-16
      vertex   2.739712e+01 2.275000e+01 1.000000e+01
    endloop
  endfacet
  facet normal 8.968731e-01 4.422880e-01 0.000000e+00
    outer loop
      vertex   2.739712e+01 2.275000e+01 1.000000e+01
      vertex   2.765746e+01 2.222208e+01 4.546596e-16
      vertex   2.739712e+01 2.275000e+01 3.493752e-16
    endloop
  endfacet
  facet normal 8.314691e-01 5.555710e-01 0.000000e+00
    outer loop
      vertex   2.739712e+01 2.275000e+01 1.000000e+01
      vertex   2.739712e+01 2.275000e+01 3.493752e-16
      vertex   2.707009e+01 2.323943e+01 1.000000e+01
    endloop
  endfacet
  facet normal 8.314691e-01 5.555710e-01 0.000000e+00
    outer loop
      vertex   2.707009e+01 2.323943e+01 1.000000e+01
      vertex   2.739712e+01 2.275000e+01 3.493752e-16
      vertex   2.707009e+01 2.323943e+01 2.752717e-16
    endloop
  endfacet
  facet normal 7.518403e-01 6.593452e-01 0.000000e+00
    outer loop
      vertex   2.707009e+01 2.323943e+01 1.000000e+01
      vertex   2.707009e+01 2.323943e+01 2.752717e-16
      vertex   2.668198e+01 2.368198e+01 1.000000e+01
    endloop
  endfacet
  facet normal 7.518403e-01 6.593452e-01 0.000000e+00
    outer loop
      vertex   2.668198e+01 2.368198e+01 1.000000e+01
      vertex   2.707009e+01 2.323943e+01 2.752717e-16
      vertex   2.668198e+01 2.368198e+01 2.336170e-16
    endloop
  endfacet
  facet normal 6.593430e-01 7.518423e-01 -0.000000e+00
    outer loop
      vertex   2.623943e+01 2.407009e+01 2.251241e-16
      vertex   2.623943e+01 2.407009e+01 1.000000e+01
      vertex   2.668198e+01 2.368198e+01 2.336170e-16
    endloop
  endfacet
  facet normal 6.593430e-01 7.518423e-01 -0.000000e+00
    outer loop
      vertex   2.668198e+01 2.368198e+01 2.336170e-16
      vertex   2.623943e+01 2.407009e+01 1.000000e+01
      vertex   2.668198e+01 2.368198e+01 1.000000e+01
    endloop
  endfacet
  facet normal 5.555710e-01 8.314691e-01 0.000000e+00
    outer loop
      vertex   2.623943e+01 2.407009e+01 1.000000e+01
      vertex   2.623943e+01 2.407009e+01 2.251241e-16
      vertex   2.575000e+01 2.439711e+01 1.000000e+01
    endloop
  endfacet
  facet normal 5.555710e-01 8.314691e-01 0.000000e+00
    outer loop
      vertex   2.575000e+01 2.439711e+01 1.000000e+01
      vertex   2.623943e+01 2.407009e+01 2.251241e-16
      vertex   2.575000e+01 2.439711e+01 2.499380e-16
    endloop
  endfacet
  facet normal 4.422880e-01 8.968731e-01 0.000000e+00
    outer loop
      vertex   2.575000e+01 2.439711e+01 1.000000e+01
      vertex   2.575000e+01 2.439711e+01 2.499380e-16
      vertex   2.522207e+01 2.465746e+01 1.000000e+01
    endloop
  endfacet
  facet normal 4.422880e-01 8.968731e-01 0.000000e+00
    outer loop
      vertex   2.522207e+01 2.465746e+01 1.000000e+01
      vertex   2.575000e+01 2.439711e+01 2.499380e-16
      vertex   2.522207e+01 2.465746e+01 3.076343e-16
    endloop
  endfacet
  facet normal 3.214407e-01 9.469297e-01 0.000000e+00
    outer loop
      vertex   2.522207e+01 2.465746e+01 1.000000e+01
      vertex   2.522207e+01 2.465746e+01 3.076343e-16
      vertex   2.466469e+01 2.484667e+01 1.000000e+01
    endloop
  endfacet
  facet normal 3.214407e-01 9.469297e-01 0.000000e+00
    outer loop
      vertex   2.466469e+01 2.484667e+01 1.000000e+01
      vertex   2.522207e+01 2.465746e+01 3.076343e-16
      vertex   2.466469e+01 2.484667e+01 3.972257e-16
    endloop
  endfacet
  facet normal 1.950925e-01 9.807848e-01 0.000000e+00
    outer loop
      vertex   2.466469e+01 2.484667e+01 1.000000e+01
      vertex   2.466469e+01 2.484667e+01 3.972257e-16
      vertex   2.408737e+01 2.496150e+01 1.000000e+01
    endloop
  endfacet
  facet normal 1.950925e-01 9.807848e-01 0.000000e+00
    outer loop
      vertex   2.408737e+01 2.496150e+01 1.000000e+01
      vertex   2.466469e+01 2.484667e+01 3.972257e-16
      vertex   2.408737e+01 2.496150e+01 5.171794e-16
    endloop
  endfacet
  facet normal 6.540197e-02 9.978590e-01 0.000000e+00
    outer loop
      vertex   2.408737e+01 2.496150e+01 1.000000e+01
      vertex   2.408737e+01 2.496150e+01 5.171794e-16
      vertex   2.350000e+01 2.500000e+01 1.000000e+01
    endloop
  endfacet
  facet normal 6.540197e-02 9.978590e-01 0.000000e+00
    outer loop
      vertex   2.350000e+01 2.500000e+01 1.000000e+01
      vertex   2.408737e+01 2.496150e+01 5.171794e-16
      vertex   2.350000e+01 2.500000e+01 6.654429e-16
    endloop
  endfacet
  facet normal -9.978589e-01 -6.540324e-02 0.000000e+00
    outer loop
      vertex   -9.615019e-01 1.991263e+01 2.353397e-15
      vertex   -9.615019e-01 1.991263e+01 1.000000e+01
      vertex   -1.000000e+00 2.050000e+01 1.642102e-15
    endloop
  endfacet
  facet normal -9.978589e-01 -6.540324e-02 0.000000e+00
    outer loop
      vertex   -1.000000e+00 2.050000e+01 1.642102e-15
      vertex   -9.615019e-01 1.991263e+01 1.000000e+01
      vertex   -1.000000e+00 2.050000e+01 1.000000e+01
    endloop
  endfacet
  facet normal -9.807853e-01 -1.950900e-01 0.000000e+00
    outer loop
      vertex   -8.466662e-01 1.933531e+01 3.052521e-15
      vertex   -8.466662e-01 1.933531e+01 1.000000e+01
      vertex   -9.615019e-01 1.991263e+01 2.353397e-15
    endloop
  endfacet
  facet normal -9.807853e-01 -1.950900e-01 0.000000e+00
    outer loop
      vertex   -9.615019e-01 1.991263e+01 2.353397e-15
      vertex   -8.466662e-01 1.933531e+01 1.000000e+01
      vertex   -9.615019e-01 1.991263e+01 1.000000e+01
    endloop
  endfacet
  facet normal -9.469298e-01 -3.214403e-01 0.000000e+00
    outer loop
      vertex   -6.574579e-01 1.877793e+01 3.727512e-15
      vertex   -6.574579e-01 1.877793e+01 1.000000e+01
      vertex   -8.466662e-01 1.933531e+01 3.052521e-15
    endloop
  endfacet
  facet normal -9.469298e-01 -3.214403e-01 0.000000e+00
    outer loop
      vertex   -8.466662e-01 1.933531e+01 3.052521e-15
      vertex   -6.574579e-01 1.877793e+01 1.000000e+01
      vertex   -8.466662e-01 1.933531e+01 1.000000e+01
    endloop
  endfacet
  facet normal -8.968730e-01 -4.422881e-01 0.000000e+00
    outer loop
      vertex   -3.971143e-01 1.825000e+01 4.366822e-15
      vertex   -3.971143e-01 1.825000e+01 1.000000e+01
      vertex   -6.574579e-01 1.877793e+01 3.727512e-15
    endloop
  endfacet
  facet normal -8.968730e-01 -4.422881e-01 0.000000e+00
    outer loop
      vertex   -6.574579e-01 1.877793e+01 3.727512e-15
      vertex   -3.971143e-01 1.825000e+01 1.000000e+01
      vertex   -6.574579e-01 1.877793e+01 1.000000e+01
    endloop
  endfacet
  facet normal -8.314692e-01 -5.555708e-01 0.000000e+00
    outer loop
      vertex   -7.009003e-02 1.776057e+01 4.959511e-15
      vertex   -7.009003e-02 1.776057e+01 1.000000e+01
      vertex   -3.971143e-01 1.825000e+01 4.366822e-15
    endloop
  endfacet
  facet normal -8.314692e-01 -5.555708e-01 0.000000e+00
    outer loop
      vertex   -3.971143e-01 1.825000e+01 4.366822e-15
      vertex   -7.009003e-02 1.776057e+01 1.000000e+01
      vertex   -3.971143e-01 1.825000e+01 1.000000e+01
    endloop
  endfacet
  facet normal -7.518404e-01 -6.593451e-01 0.000000e+00
    outer loop
      vertex   3.180195e-01 1.731802e+01 5.495438e-15
      vertex   3.180195e-01 1.731802e+01 1.000000e+01
      vertex   -7.009003e-02 1.776057e+01 4.959511e-15
    endloop
  endfacet
  facet normal -7.518404e-01 -6.593451e-01 0.000000e+00
    outer loop
      vertex   -7.009003e-02 1.776057e+01 4.959511e-15
      vertex   3.180195e-01 1.731802e+01 1.000000e+01
      vertex   -7.009003e-02 1.776057e+01 1.000000e+01
    endloop
  endfacet
  facet normal -6.593448e-01 -7.518407e-01 -0.000000e+00
    outer loop
      vertex   3.180195e-01 1.731802e+01 1.000000e+01
      vertex   3.180195e-01 1.731802e+01 5.495438e-15
      vertex   7.605736e-01 1.692991e+01 1.000000e+01
    endloop
  endfacet
  facet normal -6.593448e-01 -7.518407e-01 -0.000000e+00
    outer loop
      vertex   7.605736e-01 1.692991e+01 1.000000e+01
      vertex   3.180195e-01 1.731802e+01 5.495438e-15
      vertex   7.605736e-01 1.692991e+01 5.965433e-15
    endloop
  endfacet
  facet normal -5.555705e-01 -8.314695e-01 -0.000000e+00
    outer loop
      vertex   7.605736e-01 1.692991e+01 1.000000e+01
      vertex   7.605736e-01 1.692991e+01 5.965433e-15
      vertex   1.250000e+00 1.660289e+01 1.000000e+01
    endloop
  endfacet
  facet normal -5.555705e-01 -8.314695e-01 -0.000000e+00
    outer loop
      vertex   1.250000e+00 1.660289e+01 1.000000e+01
      vertex   7.605736e-01 1.692991e+01 5.965433e-15
      vertex   1.250000e+00 1.660289e+01 6.361455e-15
    endloop
  endfacet
  facet normal -4.422886e-01 -8.968728e-01 -0.000000e+00
    outer loop
      vertex   1.250000e+00 1.660289e+01 1.000000e+01
      vertex   1.250000e+00 1.660289e+01 6.361455e-15
      vertex   1.777925e+00 1.634254e+01 1.000000e+01
    endloop
  endfacet
  facet normal -4.422886e-01 -8.968728e-01 -0.000000e+00
    outer loop
      vertex   1.777925e+00 1.634254e+01 1.000000e+01
      vertex   1.250000e+00 1.660289e+01 6.361455e-15
      vertex   1.777925e+00 1.634254e+01 6.676728e-15
    endloop
  endfacet
  facet normal -3.214405e-01 -9.469298e-01 -0.000000e+00
    outer loop
      vertex   1.777925e+00 1.634254e+01 1.000000e+01
      vertex   1.777925e+00 1.634254e+01 6.676728e-15
      vertex   2.335314e+00 1.615333e+01 1.000000e+01
    endloop
  endfacet
  facet normal -3.214405e-01 -9.469298e-01 -0.000000e+00
    outer loop
      vertex   2.335314e+00 1.615333e+01 1.000000e+01
      vertex   1.777925e+00 1.634254e+01 6.676728e-15
      vertex   2.335314e+00 1.615333e+01 6.905856e-15
    endloop
  endfacet
  facet normal -1.950920e-01 -9.807849e-01 -0.000000e+00
    outer loop
      vertex   2.335314e+00 1.615333e+01 1.000000e+01
      vertex   2.335314e+00 1.615333e+01 6.905856e-15
      vertex   2.912632e+00 1.603850e+01 1.000000e+01
    endloop
  endfacet
  facet normal -1.950920e-01 -9.807849e-01 -0.000000e+00
    outer loop
      vertex   2.912632e+00 1.603850e+01 1.000000e+01
      vertex   2.335314e+00 1.615333e+01 6.905856e-15
      vertex   2.912632e+00 1.603850e+01 7.044921e-15
    endloop
  endfacet
  facet normal -6.540200e-02 -9.978590e-01 -0.000000e+00
    outer loop
      vertex   2.912632e+00 1.603850e+01 1.000000e+01
      vertex   2.912632e+00 1.603850e+01 7.044921e-15
      vertex   3.500000e+00 1.600000e+01 1.000000e+01
    endloop
  endfacet
  facet normal -6.540200e-02 -9.978590e-01 -0.000000e+00
    outer loop
      vertex   3.500000e+00 1.600000e+01 1.000000e+01
      vertex   2.912632e+00 1.603850e+01 7.044921e-15
      vertex   3.500000e+00 1.600000e+01 7.091541e-15
    endloop
  endfacet
  facet normal -6.540200e-02 9.978590e-01 0.000000e+00
    outer loop
      vertex   3.500000e+00 2.500000e+01 1.000000e+01
      vertex   3.500000e+00 2.500000e+01 1.259005e-15
      vertex   2.912632e+00 2.496150e+01 1.000000e+01
    endloop
  endfacet
  facet normal -6.540200e-02 9.978590e-01 0.000000e+00
    outer loop
      vertex   2.912632e+00 2.496150e+01 1.000000e+01
      vertex   3.500000e+00 2.500000e+01 1.259005e-15
      vertex   2.912632e+00 2.496150e+01 1.262282e-15
    endloop
  endfacet
  facet normal -1.950920e-01 9.807849e-01 0.000000e+00
    outer loop
      vertex   2.912632e+00 2.496150e+01 1.000000e+01
      vertex   2.912632e+00 2.496150e+01 1.262282e-15
      vertex   2.335314e+00 2.484667e+01 1.000000e+01
    endloop
  endfacet
  facet normal -1.950920e-01 9.807849e-01 0.000000e+00
    outer loop
      vertex   2.335314e+00 2.484667e+01 1.000000e+01
      vertex   2.912632e+00 2.496150e+01 1.262282e-15
      vertex   2.335314e+00 2.484667e+01 1.272059e-15
    endloop
  endfacet
  facet normal -3.214405e-01 9.469298e-01 0.000000e+00
    outer loop
      vertex   2.335314e+00 2.484667e+01 1.000000e+01
      vertex   2.335314e+00 2.484667e+01 1.272059e-15
      vertex   1.777925e+00 2.465746e+01 1.000000e+01
    endloop
  endfacet
  facet normal -3.214405e-01 9.469298e-01 0.000000e+00
    outer loop
      vertex   1.777925e+00 2.465746e+01 1.000000e+01
      vertex   2.335314e+00 2.484667e+01 1.272059e-15
      vertex   1.777925e+00 2.465746e+01 1.288167e-15
    endloop
  endfacet
  facet normal -4.422886e-01 8.968728e-01 0.000000e+00
    outer loop
      vertex   1.777925e+00 2.465746e+01 1.000000e+01
      vertex   1.777925e+00 2.465746e+01 1.288167e-15
      vertex   1.250000e+00 2.439711e+01 1.000000e+01
    endloop
  endfacet
  facet normal -4.422886e-01 8.968728e-01 0.000000e+00
    outer loop
      vertex   1.250000e+00 2.439711e+01 1.000000e+01
      vertex   1.777925e+00 2.465746e+01 1.288167e-15
      vertex   1.250000e+00 2.439711e+01 1.310330e-15
    endloop
  endfacet
  facet normal -5.555705e-01 8.314695e-01 0.000000e+00
    outer loop
      vertex   1.250000e+00 2.439711e+01 1.000000e+01
      vertex   1.250000e+00 2.439711e+01 1.310330e-15
      vertex   7.605736e-01 2.407009e+01 1.000000e+01
    endloop
  endfacet
  facet normal -5.555705e-01 8.314695e-01 0.000000e+00
    outer loop
      vertex   7.605736e-01 2.407009e+01 1.000000e+01
      vertex   1.250000e+00 2.439711e+01 1.310330e-15
      vertex   7.605736e-01 2.407009e+01 1.338171e-15
    endloop
  endfacet
  facet normal -6.593437e-01 7.518417e-01 0.000000e+00
    outer loop
      vertex   7.605736e-01 2.407009e+01 1.000000e+01
      vertex   7.605736e-01 2.407009e+01 1.338171e-15
      vertex   3.180195e-01 2.368198e+01 1.000000e+01
    endloop
  endfacet
  facet normal -6.593437e-01 7.518417e-01 0.000000e+00
    outer loop
      vertex   3.180195e-01 2.368198e+01 1.000000e+01
      vertex   7.605736e-01 2.407009e+01 1.338171e-15
      vertex   3.180195e-01 2.368198e+01 1.371211e-15
    endloop
  endfacet
  facet normal -7.518404e-01 6.593451e-01 0.000000e+00
    outer loop
      vertex   -7.009003e-02 2.323943e+01 1.408887e-15
      vertex   -7.009003e-02 2.323943e+01 1.000000e+01
      vertex   3.180195e-01 2.368198e+01 1.371211e-15
    endloop
  endfacet
  facet normal -7.518404e-01 6.593451e-01 0.000000e+00
    outer loop
      vertex   3.180195e-01 2.368198e+01 1.371211e-15
      vertex   -7.009003e-02 2.323943e+01 1.000000e+01
      vertex   3.180195e-01 2.368198e+01 1.000000e+01
    endloop
  endfacet
  facet normal -8.314692e-01 5.555708e-01 0.000000e+00
    outer loop
      vertex   -3.971143e-01 2.275000e+01 1.450553e-15
      vertex   -3.971143e-01 2.275000e+01 1.000000e+01
      vertex   -7.009003e-02 2.323943e+01 1.408887e-15
    endloop
  endfacet
  facet normal -8.314692e-01 5.555708e-01 0.000000e+00
    outer loop
      vertex   -7.009003e-02 2.323943e+01 1.408887e-15
      vertex   -3.971143e-01 2.275000e+01 1.000000e+01
      vertex   -7.009003e-02 2.323943e+01 1.000000e+01
    endloop
  endfacet
  facet normal -8.968730e-01 4.422881e-01 0.000000e+00
    outer loop
      vertex   -6.574579e-01 2.222208e+01 1.495497e-15
      vertex   -6.574579e-01 2.222208e+01 1.000000e+01
      vertex   -3.971143e-01 2.275000e+01 1.450553e-15
    endloop
  endfacet
  facet normal -8.968730e-01 4.422881e-01 0.000000e+00
    outer loop
      vertex   -3.971143e-01 2.275000e+01 1.450553e-15
      vertex   -6.574579e-01 2.222208e+01 1.000000e+01
      vertex   -3.971143e-01 2.275000e+01 1.000000e+01
    endloop
  endfacet
  facet normal -9.469300e-01 3.214397e-01 0.000000e+00
    outer loop
      vertex   -8.466662e-01 2.166469e+01 1.542949e-15
      vertex   -8.466662e-01 2.166469e+01 1.000000e+01
      vertex   -6.574579e-01 2.222208e+01 1.495497e-15
    endloop
  endfacet
  facet normal -9.469300e-01 3.214397e-01 0.000000e+00
    outer loop
      vertex   -6.574579e-01 2.222208e+01 1.495497e-15
      vertex   -8.466662e-01 2.166469e+01 1.000000e+01
      vertex   -6.574579e-01 2.222208e+01 1.000000e+01
    endloop
  endfacet
  facet normal -9.807853e-01 1.950900e-01 0.000000e+00
    outer loop
      vertex   -9.615019e-01 2.108737e+01 1.592098e-15
      vertex   -9.615019e-01 2.108737e+01 1.000000e+01
      vertex   -8.466662e-01 2.166469e+01 1.542949e-15
    endloop
  endfacet
  facet normal -9.807853e-01 1.950900e-01 0.000000e+00
    outer loop
      vertex   -8.466662e-01 2.166469e+01 1.542949e-15
      vertex   -9.615019e-01 2.108737e+01 1.000000e+01
      vertex   -8.466662e-01 2.166469e+01 1.000000e+01
    endloop
  endfacet
  facet normal -9.978589e-01 6.540310e-02 0.000000e+00
    outer loop
      vertex   -1.000000e+00 2.050000e+01 1.642102e-15
      vertex   -1.000000e+00 2.050000e+01 1.000000e+01
      vertex   -9.615019e-01 2.108737e+01 1.592098e-15
    endloop
  endfacet
  facet normal -9.978589e-01 6.540310e-02 0.000000e+00
    outer loop
      vertex   -9.615019e-01 2.108737e+01 1.592098e-15
      vertex   -1.000000e+00 2.050000e+01 1.000000e+01
      vertex   -9.615019e-01 2.108737e+01 1.000000e+01
    endloop
  endfacet
  facet normal -1.000000e+00 0.000000e+00 0.000000e+00
    outer loop
      vertex   2.000000e+01 1.875000e+01 1.000000e+01
      vertex   2.000000e+01 2.325000e+01 1.000000e+01
      vertex   2.000000e+01 2.100000e+01 6.000000e+00
    endloop
  endfacet
  facet normal -1.000000e+00 -0.000000e+00 0.000000e+00
    outer loop
      vertex   1.800000e+01 1.600000e+01 1.000000e+01
      vertex   1.800000e+01 1.375000e+01 6.000000e+00
      vertex   1.800000e+01 1.150000e+01 1.000000e+01
    endloop
  endfacet
  facet normal 0.000000e+00 -8.715755e-01 4.902613e-01
    outer loop
      vertex   1.800000e+01 1.375000e+01 6.000000e+00
      vertex   1.800000e+01 1.600000e+01 1.000000e+01
      vertex   9.000000e+00 1.375000e+01 6.000000e+00
    endloop
  endfacet
  facet normal 0.000000e+00 -8.715755e-01 4.902613e-01
    outer loop
      vertex   9.000000e+00 1.375000e+01 6.000000e+00
      vertex   1.800000e+01 1.600000e+01 1.000000e+01
      vertex   9.000000e+00 1.600000e+01 1.000000e+01
    endloop
  endfacet
  facet normal 0.000000e+00 -8.715756e-01 4.902611e-01
    outer loop
      vertex   7.000000e+00 2.325000e+01 1.000000e+01
      vertex   7.000000e+00 2.100000e+01 6.000000e+00
      vertex   2.000000e+01 2.325000e+01 1.000000e+01
    endloop
  endfacet
  facet normal 0.000000e+00 -8.715756e-01 4.902611e-01
    outer loop
      vertex   2.000000e+01 2.325000e+01 1.000000e+01
      vertex   7.000000e+00 2.100000e+01 6.000000e+00
      vertex   2.000000e+01 2.100000e+01 6.000000e+00
    endloop
  endfacet
  facet normal 1.000000e+00 -0.000000e+00 0.000000e+00
    outer loop
      vertex   2.000000e+01 -1.300000e+01 1.000000e+01
      vertex   2.000000e+01 -1.300000e+01 1.120031e-15
      vertex   2.000000e+01 1.600000e+01 1.000000e+01
    endloop
  endfacet
  facet normal 1.000000e+00 0.000000e+00 0.000000e+00
    outer loop
      vertex   2.000000e+01 1.600000e+01 1.000000e+01
      vertex   2.000000e+01 -1.300000e+01 1.120031e-15
      vertex   2.000000e+01 1.600000e+01 2.819966e-15
    endloop
  endfacet
  facet normal -0.000000e+00 0.000000e+00 1.000000e+00
    outer loop
      vertex   2.512842e+01 1.985910e+01 1.000000e+01
      vertex   2.739712e+01 1.825000e+01 1.000000e+01
      vertex   2.521497e+01 2.015161e+01 1.000000e+01
    endloop
  endfacet
  facet normal 0.000000e+00 0.000000e+00 1.000000e+00
    outer loop
      vertex   2.521497e+01 2.015161e+01 1.000000e+01
      vertex   2.739712e+01 1.825000e+01 1.000000e+01
      vertex   2.765746e+01 1.877793e+01 1.000000e+01
    endloop
  endfacet
  facet normal 0.000000e+00 0.000000e+00 1.000000e+00
    outer loop
      vertex   2.521497e+01 2.015161e+01 1.000000e+01
      vertex   2.765746e+01 1.877793e+01 1.000000e+01
      vertex   2.784667e+01 1.933531e+01 1.000000e+01
    endloop
  endfacet
  facet normal 0.000000e+00 0.000000e+00 1.000000e+00
    outer loop
      vertex   2.739712e+01 1.825000e+01 1.000000e+01
      vertex   2.512842e+01 1.985910e+01 1.000000e+01
      vertex   2.707009e+01 1.776057e+01 1.000000e+01
    endloop
  endfacet
  facet normal 0.000000e+00 0.000000e+00 1.000000e+00
    outer loop
      vertex   2.707009e+01 1.776057e+01 1.000000e+01
      vertex   2.512842e+01 1.985910e+01 1.000000e+01
      vertex   2.499239e+01 1.958607e+01 1.000000e+01
    endloop
  endfacet
  facet normal 0.000000e+00 0.000000e+00 1.000000e+00
    outer loop
      vertex   2.707009e+01 1.776057e+01 1.000000e+01
      vertex   2.499239e+01 1.958607e+01 1.000000e+01
      vertex   2.668198e+01 1.731802e+01 1.000000e+01
    endloop
  endfacet
  facet normal 0.000000e+00 0.000000e+00 1.000000e+00
    outer loop
      vertex   2.668198e+01 1.731802e+01 1.000000e+01
      vertex   2.499239e+01 1.958607e+01 1.000000e+01
      vertex   2.623943e+01 1.692991e+01 1.000000e+01
    endloop
  endfacet
  facet normal 0.000000e+00 0.000000e+00 1.000000e+00
    outer loop
      vertex   2.623943e+01 1.692991e+01 1.000000e+01
      vertex   2.499239e+01 1.958607e+01 1.000000e+01
      vertex   2.481102e+01 1.934080e+01 1.000000e+01
    endloop
  endfacet
  facet normal 0.000000e+00 0.000000e+00 1.000000e+00
    outer loop
      vertex   2.623943e+01 1.692991e+01 1.000000e+01
      vertex   2.481102e+01 1.934080e+01 1.000000e+01
      vertex   2.575000e+01 1.660289e+01 1.000000e+01
    endloop
  endfacet
  facet normal 0.000000e+00 0.000000e+00 1.000000e+00
    outer loop
      vertex   2.575000e+01 1.660289e+01 1.000000e+01
      vertex   2.481102e+01 1.934080e+01 1.000000e+01
      vertex   2.458980e+01 1.913076e+01 1.000000e+01
    endloop
  endfacet
  facet normal 0.000000e+00 0.000000e+00 1.000000e+00
    outer loop
      vertex   2.575000e+01 1.660289e+01 1.000000e+01
      vertex   2.458980e+01 1.913076e+01 1.000000e+01
      vertex   2.522207e+01 1.634254e+01 1.000000e+01
    endloop
  endfacet
  facet normal 0.000000e+00 0.000000e+00 1.000000e+00
    outer loop
      vertex   2.522207e+01 1.634254e+01 1.000000e+01
      vertex   2.458980e+01 1.913076e+01 1.000000e+01
      vertex   2.433548e+01 1.896232e+01 1.000000e+01
    endloop
  endfacet
  facet normal 0.000000e+00 0.000000e+00 1.000000e+00
    outer loop
      vertex   2.522207e+01 1.634254e+01 1.000000e+01
      vertex   2.433548e+01 1.896232e+01 1.000000e+01
      vertex   2.466469e+01 1.615333e+01 1.000000e+01
    endloop
  endfacet
  facet normal 0.000000e+00 0.000000e+00 1.000000e+00
    outer loop
      vertex   2.466469e+01 1.615333e+01 1.000000e+01
      vertex   2.433548e+01 1.896232e+01 1.000000e+01
      vertex   2.405577e+01 1.884060e+01 1.000000e+01
    endloop
  endfacet
  facet normal 0.000000e+00 0.000000e+00 1.000000e+00
    outer loop
      vertex   2.466469e+01 1.615333e+01 1.000000e+01
      vertex   2.405577e+01 1.884060e+01 1.000000e+01
      vertex   2.408737e+01 1.603850e+01 1.000000e+01
    endloop
  endfacet
  facet normal 0.000000e+00 0.000000e+00 1.000000e+00
    outer loop
      vertex   2.408737e+01 1.603850e+01 1.000000e+01
      vertex   2.405577e+01 1.884060e+01 1.000000e+01
      vertex   2.375918e+01 1.876930e+01 1.000000e+01
    endloop
  endfacet
  facet normal 0.000000e+00 0.000000e+00 1.000000e+00
    outer loop
      vertex   2.408737e+01 1.603850e+01 1.000000e+01
      vertex   2.375918e+01 1.876930e+01 1.000000e+01
      vertex   2.350000e+01 1.600000e+01 1.000000e+01
    endloop
  endfacet
  facet normal 0.000000e+00 -0.000000e+00 1.000000e+00
    outer loop
      vertex   2.350000e+01 1.600000e+01 1.000000e+01
      vertex   2.375918e+01 1.876930e+01 1.000000e+01
      vertex   2.345471e+01 1.875059e+01 1.000000e+01
    endloop
  endfacet
  facet normal 0.000000e+00 0.000000e+00 1.000000e+00
    outer loop
      vertex   2.350000e+01 1.600000e+01 1.000000e+01
      vertex   2.345471e+01 1.875059e+01 1.000000e+01
      vertex   2.315161e+01 1.878503e+01 1.000000e+01
    endloop
  endfacet
  facet normal 0.000000e+00 0.000000e+00 1.000000e+00
    outer loop
      vertex   2.315161e+01 1.878503e+01 1.000000e+01
      vertex   2.285910e+01 1.887158e+01 1.000000e+01
      vertex   2.350000e+01 1.600000e+01 1.000000e+01
    endloop
  endfacet
  facet normal 0.000000e+00 0.000000e+00 1.000000e+00
    outer loop
      vertex   2.350000e+01 1.600000e+01 1.000000e+01
      vertex   2.285910e+01 1.887158e+01 1.000000e+01
      vertex   2.258607e+01 1.900761e+01 1.000000e+01
    endloop
  endfacet
  facet normal 0.000000e+00 0.000000e+00 1.000000e+00
    outer loop
      vertex   2.350000e+01 1.600000e+01 1.000000e+01
      vertex   2.258607e+01 1.900761e+01 1.000000e+01
      vertex   2.000000e+01 1.600000e+01 1.000000e+01
    endloop
  endfacet
  facet normal 0.000000e+00 0.000000e+00 1.000000e+00
    outer loop
      vertex   2.000000e+01 1.600000e+01 1.000000e+01
      vertex   2.258607e+01 1.900761e+01 1.000000e+01
      vertex   2.234080e+01 1.918899e+01 1.000000e+01
    endloop
  endfacet
  facet normal 0.000000e+00 0.000000e+00 1.000000e+00
    outer loop
      vertex   2.000000e+01 1.600000e+01 1.000000e+01
      vertex   2.234080e+01 1.918899e+01 1.000000e+01
      vertex   2.000000e+01 1.875000e+01 1.000000e+01
    endloop
  endfacet
  facet normal 0.000000e+00 0.000000e+00 1.000000e+00
    outer loop
      vertex   2.000000e+01 1.875000e+01 1.000000e+01
      vertex   2.234080e+01 1.918899e+01 1.000000e+01
      vertex   2.213076e+01 1.941020e+01 1.000000e+01
    endloop
  endfacet
  facet normal 0.000000e+00 0.000000e+00 1.000000e+00
    outer loop
      vertex   2.000000e+01 1.875000e+01 1.000000e+01
      vertex   2.213076e+01 1.941020e+01 1.000000e+01
      vertex   2.196232e+01 1.966452e+01 1.000000e+01
    endloop
  endfacet
  facet normal 0.000000e+00 0.000000e+00 1.000000e+00
    outer loop
      vertex   2.196232e+01 1.966452e+01 1.000000e+01
      vertex   2.184060e+01 1.994423e+01 1.000000e+01
      vertex   2.000000e+01 1.875000e+01 1.000000e+01
    endloop
  endfacet
  facet normal 0.000000e+00 0.000000e+00 1.000000e+00
    outer loop
      vertex   2.000000e+01 1.875000e+01 1.000000e+01
      vertex   2.184060e+01 1.994423e+01 1.000000e+01
      vertex   2.176930e+01 2.024082e+01 1.000000e+01
    endloop
  endfacet
  facet normal 0.000000e+00 0.000000e+00 1.000000e+00
    outer loop
      vertex   2.000000e+01 1.875000e+01 1.000000e+01
      vertex   2.176930e+01 2.024082e+01 1.000000e+01
      vertex   2.175059e+01 2.054529e+01 1.000000e+01
    endloop
  endfacet
  facet normal 0.000000e+00 0.000000e+00 1.000000e+00
    outer loop
      vertex   2.000000e+01 1.875000e+01 1.000000e+01
      vertex   2.175059e+01 2.054529e+01 1.000000e+01
      vertex   2.000000e+01 2.325000e+01 1.000000e+01
    endloop
  endfacet
  facet normal 0.000000e+00 0.000000e+00 1.000000e+00
    outer loop
      vertex   2.000000e+01 2.325000e+01 1.000000e+01
      vertex   2.175059e+01 2.054529e+01 1.000000e+01
      vertex   2.178503e+01 2.084839e+01 1.000000e+01
    endloop
  endfacet
  facet normal 0.000000e+00 0.000000e+00 1.000000e+00
    outer loop
      vertex   2.000000e+01 2.325000e+01 1.000000e+01
      vertex   2.178503e+01 2.084839e+01 1.000000e+01
      vertex   2.187158e+01 2.114090e+01 1.000000e+01
    endloop
  endfacet
  facet normal 0.000000e+00 -0.000000e+00 1.000000e+00
    outer loop
      vertex   2.187158e+01 2.114090e+01 1.000000e+01
      vertex   2.200761e+01 2.141393e+01 1.000000e+01
      vertex   2.000000e+01 2.325000e+01 1.000000e+01
    endloop
  endfacet
  facet normal 0.000000e+00 0.000000e+00 1.000000e+00
    outer loop
      vertex   2.000000e+01 2.325000e+01 1.000000e+01
      vertex   2.200761e+01 2.141393e+01 1.000000e+01
      vertex   2.218899e+01 2.165920e+01 1.000000e+01
    endloop
  endfacet
  facet normal 0.000000e+00 0.000000e+00 1.000000e+00
    outer loop
      vertex   2.000000e+01 2.325000e+01 1.000000e+01
      vertex   2.218899e+01 2.165920e+01 1.000000e+01
      vertex   2.241020e+01 2.186924e+01 1.000000e+01
    endloop
  endfacet
  facet normal 0.000000e+00 -0.000000e+00 1.000000e+00
    outer loop
      vertex   2.241020e+01 2.186924e+01 1.000000e+01
      vertex   2.266452e+01 2.203768e+01 1.000000e+01
      vertex   2.000000e+01 2.325000e+01 1.000000e+01
    endloop
  endfacet
  facet normal -0.000000e+00 0.000000e+00 1.000000e+00
    outer loop
      vertex   2.000000e+01 2.325000e+01 1.000000e+01
      vertex   2.266452e+01 2.203768e+01 1.000000e+01
      vertex   2.350000e+01 2.500000e+01 1.000000e+01
    endloop
  endfacet
  facet normal 0.000000e+00 -0.000000e+00 1.000000e+00
    outer loop
      vertex   2.000000e+01 2.325000e+01 1.000000e+01
      vertex   2.350000e+01 2.500000e+01 1.000000e+01
      vertex   3.500000e+00 2.500000e+01 1.000000e+01
    endloop
  endfacet
  facet normal 0.000000e+00 0.000000e+00 1.000000e+00
    outer loop
      vertex   2.266452e+01 2.203768e+01 1.000000e+01
      vertex   2.294423e+01 2.215940e+01 1.000000e+01
      vertex   2.350000e+01 2.500000e+01 1.000000e+01
    endloop
  endfacet
  facet normal 0.000000e+00 0.000000e+00 1.000000e+00
    outer loop
      vertex   2.350000e+01 2.500000e+01 1.000000e+01
      vertex   2.294423e+01 2.215940e+01 1.000000e+01
      vertex   2.324082e+01 2.223070e+01 1.000000e+01
    endloop
  endfacet
  facet normal 0.000000e+00 0.000000e+00 1.000000e+00
    outer loop
      vertex   2.350000e+01 2.500000e+01 1.000000e+01
      vertex   2.324082e+01 2.223070e+01 1.000000e+01
      vertex   2.354529e+01 2.224941e+01 1.000000e+01
    endloop
  endfacet
  facet normal 0.000000e+00 0.000000e+00 1.000000e+00
    outer loop
      vertex   2.350000e+01 2.500000e+01 1.000000e+01
      vertex   2.354529e+01 2.224941e+01 1.000000e+01
      vertex   2.408737e+01 2.496150e+01 1.000000e+01
    endloop
  endfacet
  facet normal 0.000000e+00 0.000000e+00 1.000000e+00
    outer loop
      vertex   2.408737e+01 2.496150e+01 1.000000e+01
      vertex   2.354529e+01 2.224941e+01 1.000000e+01
      vertex   2.384839e+01 2.221497e+01 1.000000e+01
    endloop
  endfacet
  facet normal 0.000000e+00 0.000000e+00 1.000000e+00
    outer loop
      vertex   2.408737e+01 2.496150e+01 1.000000e+01
      vertex   2.384839e+01 2.221497e+01 1.000000e+01
      vertex   2.466469e+01 2.484667e+01 1.000000e+01
    endloop
  endfacet
  facet normal 0.000000e+00 0.000000e+00 1.000000e+00
    outer loop
      vertex   2.466469e+01 2.484667e+01 1.000000e+01
      vertex   2.384839e+01 2.221497e+01 1.000000e+01
      vertex   2.414090e+01 2.212842e+01 1.000000e+01
    endloop
  endfacet
  facet normal 0.000000e+00 0.000000e+00 1.000000e+00
    outer loop
      vertex   2.466469e+01 2.484667e+01 1.000000e+01
      vertex   2.414090e+01 2.212842e+01 1.000000e+01
      vertex   2.441393e+01 2.199239e+01 1.000000e+01
    endloop
  endfacet
  facet normal 0.000000e+00 0.000000e+00 1.000000e+00
    outer loop
      vertex   2.466469e+01 2.484667e+01 1.000000e+01
      vertex   2.441393e+01 2.199239e+01 1.000000e+01
      vertex   2.522207e+01 2.465746e+01 1.000000e+01
    endloop
  endfacet
  facet normal 0.000000e+00 0.000000e+00 1.000000e+00
    outer loop
      vertex   2.522207e+01 2.465746e+01 1.000000e+01
      vertex   2.441393e+01 2.199239e+01 1.000000e+01
      vertex   2.465920e+01 2.181102e+01 1.000000e+01
    endloop
  endfacet
  facet normal 0.000000e+00 0.000000e+00 1.000000e+00
    outer loop
      vertex   2.522207e+01 2.465746e+01 1.000000e+01
      vertex   2.465920e+01 2.181102e+01 1.000000e+01
      vertex   2.575000e+01 2.439711e+01 1.000000e+01
    endloop
  endfacet
  facet normal 0.000000e+00 0.000000e+00 1.000000e+00
    outer loop
      vertex   2.575000e+01 2.439711e+01 1.000000e+01
      vertex   2.465920e+01 2.181102e+01 1.000000e+01
      vertex   2.623943e+01 2.407009e+01 1.000000e+01
    endloop
  endfacet
  facet normal 0.000000e+00 0.000000e+00 1.000000e+00
    outer loop
      vertex   2.623943e+01 2.407009e+01 1.000000e+01
      vertex   2.465920e+01 2.181102e+01 1.000000e+01
      vertex   2.486924e+01 2.158980e+01 1.000000e+01
    endloop
  endfacet
  facet normal 0.000000e+00 0.000000e+00 1.000000e+00
    outer loop
      vertex   2.623943e+01 2.407009e+01 1.000000e+01
      vertex   2.486924e+01 2.158980e+01 1.000000e+01
      vertex   2.668198e+01 2.368198e+01 1.000000e+01
    endloop
  endfacet
  facet normal 0.000000e+00 0.000000e+00 1.000000e+00
    outer loop
      vertex   2.668198e+01 2.368198e+01 1.000000e+01
      vertex   2.486924e+01 2.158980e+01 1.000000e+01
      vertex   2.503768e+01 2.133548e+01 1.000000e+01
    endloop
  endfacet
  facet normal 0.000000e+00 0.000000e+00 1.000000e+00
    outer loop
      vertex   2.668198e+01 2.368198e+01 1.000000e+01
      vertex   2.503768e+01 2.133548e+01 1.000000e+01
      vertex   2.707009e+01 2.323943e+01 1.000000e+01
    endloop
  endfacet
  facet normal 0.000000e+00 0.000000e+00 1.000000e+00
    outer loop
      vertex   2.707009e+01 2.323943e+01 1.000000e+01
      vertex   2.503768e+01 2.133548e+01 1.000000e+01
      vertex   2.515940e+01 2.105577e+01 1.000000e+01
    endloop
  endfacet
  facet normal 0.000000e+00 0.000000e+00 1.000000e+00
    outer loop
      vertex   2.707009e+01 2.323943e+01 1.000000e+01
      vertex   2.515940e+01 2.105577e+01 1.000000e+01
      vertex   2.739712e+01 2.275000e+01 1.000000e+01
    endloop
  endfacet
  facet normal 0.000000e+00 0.000000e+00 1.000000e+00
    outer loop
      vertex   2.739712e+01 2.275000e+01 1.000000e+01
      vertex   2.515940e+01 2.105577e+01 1.000000e+01
      vertex   2.765746e+01 2.222208e+01 1.000000e+01
    endloop
  endfacet
  facet normal 0.000000e+00 0.000000e+00 1.000000e+00
    outer loop
      vertex   2.765746e+01 2.222208e+01 1.000000e+01
      vertex   2.515940e+01 2.105577e+01 1.000000e+01
      vertex   2.523070e+01 2.075918e+01 1.000000e+01
    endloop
  endfacet
  facet normal 0.000000e+00 0.000000e+00 1.000000e+00
    outer loop
      vertex   2.765746e+01 2.222208e+01 1.000000e+01
      vertex   2.523070e+01 2.075918e+01 1.000000e+01
      vertex   2.784667e+01 2.166469e+01 1.000000e+01
    endloop
  endfacet
  facet normal 0.000000e+00 0.000000e+00 1.000000e+00
    outer loop
      vertex   2.784667e+01 2.166469e+01 1.000000e+01
      vertex   2.523070e+01 2.075918e+01 1.000000e+01
      vertex   2.796150e+01 2.108737e+01 1.000000e+01
    endloop
  endfacet
  facet normal 0.000000e+00 0.000000e+00 1.000000e+00
    outer loop
      vertex   2.796150e+01 2.108737e+01 1.000000e+01
      vertex   2.523070e+01 2.075918e+01 1.000000e+01
      vertex   2.524941e+01 2.045471e+01 1.000000e+01
    endloop
  endfacet
  facet normal 0.000000e+00 0.000000e+00 1.000000e+00
    outer loop
      vertex   2.796150e+01 2.108737e+01 1.000000e+01
      vertex   2.524941e+01 2.045471e+01 1.000000e+01
      vertex   2.800000e+01 2.050000e+01 1.000000e+01
    endloop
  endfacet
  facet normal 0.000000e+00 0.000000e+00 1.000000e+00
    outer loop
      vertex   2.800000e+01 2.050000e+01 1.000000e+01
      vertex   2.524941e+01 2.045471e+01 1.000000e+01
      vertex   2.796150e+01 1.991263e+01 1.000000e+01
    endloop
  endfacet
  facet normal 0.000000e+00 0.000000e+00 1.000000e+00
    outer loop
      vertex   2.796150e+01 1.991263e+01 1.000000e+01
      vertex   2.524941e+01 2.045471e+01 1.000000e+01
      vertex   2.784667e+01 1.933531e+01 1.000000e+01
    endloop
  endfacet
  facet normal 0.000000e+00 0.000000e+00 1.000000e+00
    outer loop
      vertex   2.784667e+01 1.933531e+01 1.000000e+01
      vertex   2.524941e+01 2.045471e+01 1.000000e+01
      vertex   2.521497e+01 2.015161e+01 1.000000e+01
    endloop
  endfacet
  facet normal 0.000000e+00 0.000000e+00 1.000000e+00
    outer loop
      vertex   2.000000e+01 2.325000e+01 1.000000e+01
      vertex   3.500000e+00 2.500000e+01 1.000000e+01
      vertex   7.000000e+00 2.325000e+01 1.000000e+01
    endloop
  endfacet
  facet normal 0.000000e+00 0.000000e+00 1.000000e+00
    outer loop
      vertex   7.000000e+00 2.325000e+01 1.000000e+01
      vertex   3.500000e+00 2.500000e+01 1.000000e+01
      vertex   4.509315e+00 2.192961e+01 1.000000e+01
    endloop
  endfacet
  facet normal 0.000000e+00 0.000000e+00 1.000000e+00
    outer loop
      vertex   7.000000e+00 2.325000e+01 1.000000e+01
      vertex   4.509315e+00 2.192961e+01 1.000000e+01
      vertex   4.742230e+00 2.173263e+01 1.000000e+01
    endloop
  endfacet
  facet normal -0.000000e+00 0.000000e+00 1.000000e+00
    outer loop
      vertex   7.000000e+00 1.875000e+01 1.000000e+01
      vertex   9.000000e+00 1.600000e+01 1.000000e+01
      vertex   2.000000e+01 1.875000e+01 1.000000e+01
    endloop
  endfacet
  facet normal 0.000000e+00 0.000000e+00 1.000000e+00
    outer loop
      vertex   2.000000e+01 1.875000e+01 1.000000e+01
      vertex   9.000000e+00 1.600000e+01 1.000000e+01
      vertex   1.800000e+01 1.600000e+01 1.000000e+01
    endloop
  endfacet
  facet normal 0.000000e+00 0.000000e+00 1.000000e+00
    outer loop
      vertex   2.000000e+01 1.875000e+01 1.000000e+01
      vertex   1.800000e+01 1.600000e+01 1.000000e+01
      vertex   2.000000e+01 1.600000e+01 1.000000e+01
    endloop
  endfacet
  facet normal 0.000000e+00 0.000000e+00 1.000000e+00
    outer loop
      vertex   2.000000e+01 1.600000e+01 1.000000e+01
      vertex   1.800000e+01 1.600000e+01 1.000000e+01
      vertex   1.800000e+01 1.150000e+01 1.000000e+01
    endloop
  endfacet
  facet normal 0.000000e+00 0.000000e+00 1.000000e+00
    outer loop
      vertex   2.000000e+01 1.600000e+01 1.000000e+01
      vertex   1.800000e+01 1.150000e+01 1.000000e+01
      vertex   1.709455e+01 -3.366184e+00 1.000000e+01
    endloop
  endfacet
  facet normal 0.000000e+00 -0.000000e+00 1.000000e+00
    outer loop
      vertex   1.709455e+01 -3.366184e+00 1.000000e+01
      vertex   1.800000e+01 1.150000e+01 1.000000e+01
      vertex   1.692988e+01 -2.751626e+00 1.000000e+01
    endloop
  endfacet
  facet normal 0.000000e+00 -0.000000e+00 1.000000e+00
    outer loop
      vertex   1.692988e+01 -2.751626e+00 1.000000e+01
      vertex   1.800000e+01 1.150000e+01 1.000000e+01
      vertex   1.666099e+01 -2.175000e+00 1.000000e+01
    endloop
  endfacet
  facet normal 0.000000e+00 -0.000000e+00 1.000000e+00
    outer loop
      vertex   1.666099e+01 -2.175000e+00 1.000000e+01
      vertex   1.800000e+01 1.150000e+01 1.000000e+01
      vertex   1.629606e+01 -1.653824e+00 1.000000e+01
    endloop
  endfacet
  facet normal 0.000000e+00 -0.000000e+00 1.000000e+00
    outer loop
      vertex   1.629606e+01 -1.653824e+00 1.000000e+01
      vertex   1.800000e+01 1.150000e+01 1.000000e+01
      vertex   1.584617e+01 -1.203938e+00 1.000000e+01
    endloop
  endfacet
  facet normal 0.000000e+00 -0.000000e+00 1.000000e+00
    outer loop
      vertex   1.584617e+01 -1.203938e+00 1.000000e+01
      vertex   1.800000e+01 1.150000e+01 1.000000e+01
      vertex   1.532500e+01 -8.390075e-01 1.000000e+01
    endloop
  endfacet
  facet normal 0.000000e+00 -0.000000e+00 1.000000e+00
    outer loop
      vertex   1.532500e+01 -8.390075e-01 1.000000e+01
      vertex   1.800000e+01 1.150000e+01 1.000000e+01
      vertex   1.474837e+01 -5.701214e-01 1.000000e+01
    endloop
  endfacet
  facet normal 0.000000e+00 -0.000000e+00 1.000000e+00
    outer loop
      vertex   1.474837e+01 -5.701214e-01 1.000000e+01
      vertex   1.800000e+01 1.150000e+01 1.000000e+01
      vertex   1.413382e+01 -4.054517e-01 1.000000e+01
    endloop
  endfacet
  facet normal 0.000000e+00 -0.000000e+00 1.000000e+00
    outer loop
      vertex   1.413382e+01 -4.054517e-01 1.000000e+01
      vertex   1.800000e+01 1.150000e+01 1.000000e+01
      vertex   1.350000e+01 -3.500003e-01 1.000000e+01
    endloop
  endfacet
  facet normal 0.000000e+00 -0.000000e+00 1.000000e+00
    outer loop
      vertex   1.350000e+01 -3.500003e-01 1.000000e+01
      vertex   1.800000e+01 1.150000e+01 1.000000e+01
      vertex   9.000000e+00 1.150000e+01 1.000000e+01
    endloop
  endfacet
  facet normal 0.000000e+00 0.000000e+00 1.000000e+00
    outer loop
      vertex   1.350000e+01 -3.500003e-01 1.000000e+01
      vertex   9.000000e+00 1.150000e+01 1.000000e+01
      vertex   1.286618e+01 -4.054517e-01 1.000000e+01
    endloop
  endfacet
  facet normal 0.000000e+00 0.000000e+00 1.000000e+00
    outer loop
      vertex   1.286618e+01 -4.054517e-01 1.000000e+01
      vertex   9.000000e+00 1.150000e+01 1.000000e+01
      vertex   1.225163e+01 -5.701214e-01 1.000000e+01
    endloop
  endfacet
  facet normal 0.000000e+00 0.000000e+00 1.000000e+00
    outer loop
      vertex   1.225163e+01 -5.701214e-01 1.000000e+01
      vertex   9.000000e+00 1.150000e+01 1.000000e+01
      vertex   1.167500e+01 -8.390075e-01 1.000000e+01
    endloop
  endfacet
  facet normal 0.000000e+00 0.000000e+00 1.000000e+00
    outer loop
      vertex   1.167500e+01 -8.390075e-01 1.000000e+01
      vertex   9.000000e+00 1.150000e+01 1.000000e+01
      vertex   1.115383e+01 -1.203938e+00 1.000000e+01
    endloop
  endfacet
  facet normal 0.000000e+00 0.000000e+00 1.000000e+00
    outer loop
      vertex   1.115383e+01 -1.203938e+00 1.000000e+01
      vertex   9.000000e+00 1.150000e+01 1.000000e+01
      vertex   1.070394e+01 -1.653824e+00 1.000000e+01
    endloop
  endfacet
  facet normal 0.000000e+00 0.000000e+00 1.000000e+00
    outer loop
      vertex   1.070394e+01 -1.653824e+00 1.000000e+01
      vertex   9.000000e+00 1.150000e+01 1.000000e+01
      vertex   1.033901e+01 -2.175000e+00 1.000000e+01
    endloop
  endfacet
  facet normal 0.000000e+00 0.000000e+00 1.000000e+00
    outer loop
      vertex   1.033901e+01 -2.175000e+00 1.000000e+01
      vertex   9.000000e+00 1.150000e+01 1.000000e+01
      vertex   1.007012e+01 -2.751626e+00 1.000000e+01
    endloop
  endfacet
  facet normal 0.000000e+00 0.000000e+00 1.000000e+00
    outer loop
      vertex   1.007012e+01 -2.751626e+00 1.000000e+01
      vertex   9.000000e+00 1.150000e+01 1.000000e+01
      vertex   9.905452e+00 -3.366184e+00 1.000000e+01
    endloop
  endfacet
  facet normal 0.000000e+00 0.000000e+00 1.000000e+00
    outer loop
      vertex   9.905452e+00 -3.366184e+00 1.000000e+01
      vertex   9.000000e+00 1.150000e+01 1.000000e+01
      vertex   7.000000e+00 1.600000e+01 1.000000e+01
    endloop
  endfacet
  facet normal 0.000000e+00 0.000000e+00 1.000000e+00
    outer loop
      vertex   9.905452e+00 -3.366184e+00 1.000000e+01
      vertex   7.000000e+00 1.600000e+01 1.000000e+01
      vertex   7.000000e+00 -1.300000e+01 1.000000e+01
    endloop
  endfacet
  facet normal 0.000000e+00 0.000000e+00 1.000000e+00
    outer loop
      vertex   7.000000e+00 2.325000e+01 1.000000e+01
      vertex   5.243919e+00 2.064576e+01 1.000000e+01
      vertex   7.000000e+00 1.875000e+01 1.000000e+01
    endloop
  endfacet
  facet normal 0.000000e+00 0.000000e+00 1.000000e+00
    outer loop
      vertex   7.000000e+00 1.875000e+01 1.000000e+01
      vertex   5.243919e+00 2.064576e+01 1.000000e+01
      vertex   5.242736e+00 2.034071e+01 1.000000e+01
    endloop
  endfacet
  facet normal 0.000000e+00 0.000000e+00 1.000000e+00
    outer loop
      vertex   7.000000e+00 1.875000e+01 1.000000e+01
      vertex   5.242736e+00 2.034071e+01 1.000000e+01
      vertex   5.188600e+00 2.004051e+01 1.000000e+01
    endloop
  endfacet
  facet normal 0.000000e+00 -0.000000e+00 1.000000e+00
    outer loop
      vertex   9.000000e+00 1.150000e+01 1.000000e+01
      vertex   9.000000e+00 1.600000e+01 1.000000e+01
      vertex   7.000000e+00 1.600000e+01 1.000000e+01
    endloop
  endfacet
  facet normal 0.000000e+00 0.000000e+00 1.000000e+00
    outer loop
      vertex   7.000000e+00 1.600000e+01 1.000000e+01
      vertex   9.000000e+00 1.600000e+01 1.000000e+01
      vertex   7.000000e+00 1.875000e+01 1.000000e+01
    endloop
  endfacet
  facet normal 0.000000e+00 -0.000000e+00 1.000000e+00
    outer loop
      vertex   7.000000e+00 1.600000e+01 1.000000e+01
      vertex   7.000000e+00 1.875000e+01 1.000000e+01
      vertex   4.732625e+00 1.925777e+01 1.000000e+01
    endloop
  endfacet
  facet normal -0.000000e+00 0.000000e+00 1.000000e+00
    outer loop
      vertex   4.732625e+00 1.925777e+01 1.000000e+01
      vertex   7.000000e+00 1.875000e+01 1.000000e+01
      vertex   4.929610e+00 1.949069e+01 1.000000e+01
    endloop
  endfacet
  facet normal -0.000000e+00 0.000000e+00 1.000000e+00
    outer loop
      vertex   4.929610e+00 1.949069e+01 1.000000e+01
      vertex   7.000000e+00 1.875000e+01 1.000000e+01
      vertex   5.083157e+00 1.975427e+01 1.000000e+01
    endloop
  endfacet
  facet normal -0.000000e+00 0.000000e+00 1.000000e+00
    outer loop
      vertex   5.083157e+00 1.975427e+01 1.000000e+01
      vertex   7.000000e+00 1.875000e+01 1.000000e+01
      vertex   5.188600e+00 2.004051e+01 1.000000e+01
    endloop
  endfacet
  facet normal 0.000000e+00 0.000000e+00 1.000000e+00
    outer loop
      vertex   1.807885e+00 2.005363e+01 1.000000e+01
      vertex   -3.971143e-01 1.825000e+01 1.000000e+01
      vertex   1.911103e+00 1.976658e+01 1.000000e+01
    endloop
  endfacet
  facet normal 0.000000e+00 0.000000e+00 1.000000e+00
    outer loop
      vertex   1.911103e+00 1.976658e+01 1.000000e+01
      vertex   -3.971143e-01 1.825000e+01 1.000000e+01
      vertex   -7.009003e-02 1.776057e+01 1.000000e+01
    endloop
  endfacet
  facet normal 0.000000e+00 0.000000e+00 1.000000e+00
    outer loop
      vertex   1.911103e+00 1.976658e+01 1.000000e+01
      vertex   -7.009003e-02 1.776057e+01 1.000000e+01
      vertex   3.180195e-01 1.731802e+01 1.000000e+01
    endloop
  endfacet
  facet normal 0.000000e+00 0.000000e+00 1.000000e+00
    outer loop
      vertex   1.756081e+00 2.035424e+01 1.000000e+01
      vertex   -8.466662e-01 1.933531e+01 1.000000e+01
      vertex   1.807885e+00 2.005363e+01 1.000000e+01
    endloop
  endfacet
  facet normal 0.000000e+00 0.000000e+00 1.000000e+00
    outer loop
      vertex   1.807885e+00 2.005363e+01 1.000000e+01
      vertex   -8.466662e-01 1.933531e+01 1.000000e+01
      vertex   -6.574579e-01 1.877793e+01 1.000000e+01
    endloop
  endfacet
  facet normal 0.000000e+00 0.000000e+00 1.000000e+00
    outer loop
      vertex   1.807885e+00 2.005363e+01 1.000000e+01
      vertex   -6.574579e-01 1.877793e+01 1.000000e+01
      vertex   -3.971143e-01 1.825000e+01 1.000000e+01
    endloop
  endfacet
  facet normal 0.000000e+00 0.000000e+00 1.000000e+00
    outer loop
      vertex   1.757264e+00 2.065929e+01 1.000000e+01
      vertex   -1.000000e+00 2.050000e+01 1.000000e+01
      vertex   1.756081e+00 2.035424e+01 1.000000e+01
    endloop
  endfacet
  facet normal 0.000000e+00 0.000000e+00 1.000000e+00
    outer loop
      vertex   1.756081e+00 2.035424e+01 1.000000e+01
      vertex   -1.000000e+00 2.050000e+01 1.000000e+01
      vertex   -9.615019e-01 1.991263e+01 1.000000e+01
    endloop
  endfacet
  facet normal 0.000000e+00 0.000000e+00 1.000000e+00
    outer loop
      vertex   1.756081e+00 2.035424e+01 1.000000e+01
      vertex   -9.615019e-01 1.991263e+01 1.000000e+01
      vertex   -8.466662e-01 1.933531e+01 1.000000e+01
    endloop
  endfacet
  facet normal 0.000000e+00 0.000000e+00 1.000000e+00
    outer loop
      vertex   1.811400e+00 2.095949e+01 1.000000e+01
      vertex   -8.466662e-01 2.166469e+01 1.000000e+01
      vertex   1.757264e+00 2.065929e+01 1.000000e+01
    endloop
  endfacet
  facet normal 0.000000e+00 0.000000e+00 1.000000e+00
    outer loop
      vertex   1.757264e+00 2.065929e+01 1.000000e+01
      vertex   -8.466662e-01 2.166469e+01 1.000000e+01
      vertex   -9.615019e-01 2.108737e+01 1.000000e+01
    endloop
  endfacet
  facet normal 0.000000e+00 0.000000e+00 1.000000e+00
    outer loop
      vertex   1.757264e+00 2.065929e+01 1.000000e+01
      vertex   -9.615019e-01 2.108737e+01 1.000000e+01
      vertex   -1.000000e+00 2.050000e+01 1.000000e+01
    endloop
  endfacet
  facet normal 0.000000e+00 0.000000e+00 1.000000e+00
    outer loop
      vertex   1.916844e+00 2.124573e+01 1.000000e+01
      vertex   -3.971143e-01 2.275000e+01 1.000000e+01
      vertex   1.811400e+00 2.095949e+01 1.000000e+01
    endloop
  endfacet
  facet normal 0.000000e+00 0.000000e+00 1.000000e+00
    outer loop
      vertex   1.811400e+00 2.095949e+01 1.000000e+01
      vertex   -3.971143e-01 2.275000e+01 1.000000e+01
      vertex   -6.574579e-01 2.222208e+01 1.000000e+01
    endloop
  endfacet
  facet normal 0.000000e+00 0.000000e+00 1.000000e+00
    outer loop
      vertex   1.811400e+00 2.095949e+01 1.000000e+01
      vertex   -6.574579e-01 2.222208e+01 1.000000e+01
      vertex   -8.466662e-01 2.166469e+01 1.000000e+01
    endloop
  endfacet
  facet normal 0.000000e+00 0.000000e+00 1.000000e+00
    outer loop
      vertex   2.070390e+00 2.150931e+01 1.000000e+01
      vertex   3.180195e-01 2.368198e+01 1.000000e+01
      vertex   1.916844e+00 2.124573e+01 1.000000e+01
    endloop
  endfacet
  facet normal 0.000000e+00 0.000000e+00 1.000000e+00
    outer loop
      vertex   1.916844e+00 2.124573e+01 1.000000e+01
      vertex   3.180195e-01 2.368198e+01 1.000000e+01
      vertex   -7.009003e-02 2.323943e+01 1.000000e+01
    endloop
  endfacet
  facet normal 0.000000e+00 0.000000e+00 1.000000e+00
    outer loop
      vertex   1.916844e+00 2.124573e+01 1.000000e+01
      vertex   -7.009003e-02 2.323943e+01 1.000000e+01
      vertex   -3.971143e-01 2.275000e+01 1.000000e+01
    endloop
  endfacet
  facet normal -0.000000e+00 0.000000e+00 1.000000e+00
    outer loop
      vertex   3.180195e-01 2.368198e+01 1.000000e+01
      vertex   2.070390e+00 2.150931e+01 1.000000e+01
      vertex   7.605736e-01 2.407009e+01 1.000000e+01
    endloop
  endfacet
  facet normal 0.000000e+00 0.000000e+00 1.000000e+00
    outer loop
      vertex   7.605736e-01 2.407009e+01 1.000000e+01
      vertex   2.070390e+00 2.150931e+01 1.000000e+01
      vertex   2.267375e+00 2.174223e+01 1.000000e+01
    endloop
  endfacet
  facet normal -0.000000e+00 0.000000e+00 1.000000e+00
    outer loop
      vertex   7.605736e-01 2.407009e+01 1.000000e+01
      vertex   2.267375e+00 2.174223e+01 1.000000e+01
      vertex   1.250000e+00 2.439711e+01 1.000000e+01
    endloop
  endfacet
  facet normal 0.000000e+00 0.000000e+00 1.000000e+00
    outer loop
      vertex   1.250000e+00 2.439711e+01 1.000000e+01
      vertex   2.267375e+00 2.174223e+01 1.000000e+01
      vertex   2.501812e+00 2.193740e+01 1.000000e+01
    endloop
  endfacet
  facet normal -0.000000e+00 0.000000e+00 1.000000e+00
    outer loop
      vertex   1.250000e+00 2.439711e+01 1.000000e+01
      vertex   2.501812e+00 2.193740e+01 1.000000e+01
      vertex   1.777925e+00 2.465746e+01 1.000000e+01
    endloop
  endfacet
  facet normal 0.000000e+00 0.000000e+00 1.000000e+00
    outer loop
      vertex   1.777925e+00 2.465746e+01 1.000000e+01
      vertex   2.501812e+00 2.193740e+01 1.000000e+01
      vertex   2.766579e+00 2.208890e+01 1.000000e+01
    endloop
  endfacet
  facet normal -0.000000e+00 0.000000e+00 1.000000e+00
    outer loop
      vertex   1.777925e+00 2.465746e+01 1.000000e+01
      vertex   2.766579e+00 2.208890e+01 1.000000e+01
      vertex   2.335314e+00 2.484667e+01 1.000000e+01
    endloop
  endfacet
  facet normal 0.000000e+00 0.000000e+00 1.000000e+00
    outer loop
      vertex   2.335314e+00 2.484667e+01 1.000000e+01
      vertex   2.766579e+00 2.208890e+01 1.000000e+01
      vertex   3.053630e+00 2.219212e+01 1.000000e+01
    endloop
  endfacet
  facet normal -0.000000e+00 0.000000e+00 1.000000e+00
    outer loop
      vertex   2.335314e+00 2.484667e+01 1.000000e+01
      vertex   3.053630e+00 2.219212e+01 1.000000e+01
      vertex   2.912632e+00 2.496150e+01 1.000000e+01
    endloop
  endfacet
  facet normal 0.000000e+00 0.000000e+00 1.000000e+00
    outer loop
      vertex   2.912632e+00 2.496150e+01 1.000000e+01
      vertex   3.053630e+00 2.219212e+01 1.000000e+01
      vertex   3.354244e+00 2.224392e+01 1.000000e+01
    endloop
  endfacet
  facet normal -0.000000e+00 0.000000e+00 1.000000e+00
    outer loop
      vertex   2.912632e+00 2.496150e+01 1.000000e+01
      vertex   3.354244e+00 2.224392e+01 1.000000e+01
      vertex   3.500000e+00 2.500000e+01 1.000000e+01
    endloop
  endfacet
  facet normal 0.000000e+00 0.000000e+00 1.000000e+00
    outer loop
      vertex   3.500000e+00 2.500000e+01 1.000000e+01
      vertex   3.354244e+00 2.224392e+01 1.000000e+01
      vertex   3.659287e+00 2.224273e+01 1.000000e+01
    endloop
  endfacet
  facet normal 0.000000e+00 0.000000e+00 1.000000e+00
    outer loop
      vertex   3.500000e+00 2.500000e+01 1.000000e+01
      vertex   3.659287e+00 2.224273e+01 1.000000e+01
      vertex   3.959490e+00 2.218860e+01 1.000000e+01
    endloop
  endfacet
  facet normal -0.000000e+00 -0.000000e+00 1.000000e+00
    outer loop
      vertex   3.959490e+00 2.218860e+01 1.000000e+01
      vertex   4.245732e+00 2.208316e+01 1.000000e+01
      vertex   3.500000e+00 2.500000e+01 1.000000e+01
    endloop
  endfacet
  facet normal 0.000000e+00 0.000000e+00 1.000000e+00
    outer loop
      vertex   3.500000e+00 2.500000e+01 1.000000e+01
      vertex   4.245732e+00 2.208316e+01 1.000000e+01
      vertex   4.509315e+00 2.192961e+01 1.000000e+01
    endloop
  endfacet
  facet normal -0.000000e+00 0.000000e+00 1.000000e+00
    outer loop
      vertex   4.742230e+00 2.173263e+01 1.000000e+01
      vertex   4.937401e+00 2.149819e+01 1.000000e+01
      vertex   7.000000e+00 2.325000e+01 1.000000e+01
    endloop
  endfacet
  facet normal 0.000000e+00 0.000000e+00 1.000000e+00
    outer loop
      vertex   7.000000e+00 2.325000e+01 1.000000e+01
      vertex   4.937401e+00 2.149819e+01 1.000000e+01
      vertex   5.088897e+00 2.123342e+01 1.000000e+01
    endloop
  endfacet
  facet normal 0.000000e+00 0.000000e+00 1.000000e+00
    outer loop
      vertex   7.000000e+00 2.325000e+01 1.000000e+01
      vertex   5.088897e+00 2.123342e+01 1.000000e+01
      vertex   5.192115e+00 2.094637e+01 1.000000e+01
    endloop
  endfacet
  facet normal -0.000000e+00 0.000000e+00 1.000000e+00
    outer loop
      vertex   5.192115e+00 2.094637e+01 1.000000e+01
      vertex   5.243919e+00 2.064576e+01 1.000000e+01
      vertex   7.000000e+00 2.325000e+01 1.000000e+01
    endloop
  endfacet
  facet normal 0.000000e+00 0.000000e+00 1.000000e+00
    outer loop
      vertex   4.732625e+00 1.925777e+01 1.000000e+01
      vertex   4.498188e+00 1.906260e+01 1.000000e+01
      vertex   7.000000e+00 1.600000e+01 1.000000e+01
    endloop
  endfacet
  facet normal 0.000000e+00 0.000000e+00 1.000000e+00
    outer loop
      vertex   7.000000e+00 1.600000e+01 1.000000e+01
      vertex   4.498188e+00 1.906260e+01 1.000000e+01
      vertex   3.500000e+00 1.600000e+01 1.000000e+01
    endloop
  endfacet
  facet normal 0.000000e+00 0.000000e+00 1.000000e+00
    outer loop
      vertex   3.500000e+00 1.600000e+01 1.000000e+01
      vertex   4.498188e+00 1.906260e+01 1.000000e+01
      vertex   4.233421e+00 1.891110e+01 1.000000e+01
    endloop
  endfacet
  facet normal 0.000000e+00 0.000000e+00 1.000000e+00
    outer loop
      vertex   3.500000e+00 1.600000e+01 1.000000e+01
      vertex   4.233421e+00 1.891110e+01 1.000000e+01
      vertex   3.946370e+00 1.880788e+01 1.000000e+01
    endloop
  endfacet
  facet normal 0.000000e+00 0.000000e+00 1.000000e+00
    outer loop
      vertex   3.946370e+00 1.880788e+01 1.000000e+01
      vertex   3.645756e+00 1.875608e+01 1.000000e+01
      vertex   3.500000e+00 1.600000e+01 1.000000e+01
    endloop
  endfacet
  facet normal 0.000000e+00 -0.000000e+00 1.000000e+00
    outer loop
      vertex   3.500000e+00 1.600000e+01 1.000000e+01
      vertex   3.645756e+00 1.875608e+01 1.000000e+01
      vertex   3.340713e+00 1.875727e+01 1.000000e+01
    endloop
  endfacet
  facet normal 0.000000e+00 0.000000e+00 1.000000e+00
    outer loop
      vertex   3.500000e+00 1.600000e+01 1.000000e+01
      vertex   3.340713e+00 1.875727e+01 1.000000e+01
      vertex   2.912632e+00 1.603850e+01 1.000000e+01
    endloop
  endfacet
  facet normal 0.000000e+00 0.000000e+00 1.000000e+00
    outer loop
      vertex   2.912632e+00 1.603850e+01 1.000000e+01
      vertex   3.340713e+00 1.875727e+01 1.000000e+01
      vertex   3.040510e+00 1.881140e+01 1.000000e+01
    endloop
  endfacet
  facet normal 0.000000e+00 -0.000000e+00 1.000000e+00
    outer loop
      vertex   2.912632e+00 1.603850e+01 1.000000e+01
      vertex   3.040510e+00 1.881140e+01 1.000000e+01
      vertex   2.335314e+00 1.615333e+01 1.000000e+01
    endloop
  endfacet
  facet normal 0.000000e+00 0.000000e+00 1.000000e+00
    outer loop
      vertex   2.335314e+00 1.615333e+01 1.000000e+01
      vertex   3.040510e+00 1.881140e+01 1.000000e+01
      vertex   2.754268e+00 1.891684e+01 1.000000e+01
    endloop
  endfacet
  facet normal 0.000000e+00 -0.000000e+00 1.000000e+00
    outer loop
      vertex   2.335314e+00 1.615333e+01 1.000000e+01
      vertex   2.754268e+00 1.891684e+01 1.000000e+01
      vertex   1.777925e+00 1.634254e+01 1.000000e+01
    endloop
  endfacet
  facet normal 0.000000e+00 0.000000e+00 1.000000e+00
    outer loop
      vertex   1.777925e+00 1.634254e+01 1.000000e+01
      vertex   2.754268e+00 1.891684e+01 1.000000e+01
      vertex   2.490686e+00 1.907039e+01 1.000000e+01
    endloop
  endfacet
  facet normal 0.000000e+00 -0.000000e+00 1.000000e+00
    outer loop
      vertex   1.777925e+00 1.634254e+01 1.000000e+01
      vertex   2.490686e+00 1.907039e+01 1.000000e+01
      vertex   1.250000e+00 1.660289e+01 1.000000e+01
    endloop
  endfacet
  facet normal 0.000000e+00 0.000000e+00 1.000000e+00
    outer loop
      vertex   1.250000e+00 1.660289e+01 1.000000e+01
      vertex   2.490686e+00 1.907039e+01 1.000000e+01
      vertex   2.257770e+00 1.926737e+01 1.000000e+01
    endloop
  endfacet
  facet normal 0.000000e+00 -0.000000e+00 1.000000e+00
    outer loop
      vertex   1.250000e+00 1.660289e+01 1.000000e+01
      vertex   2.257770e+00 1.926737e+01 1.000000e+01
      vertex   7.605736e-01 1.692991e+01 1.000000e+01
    endloop
  endfacet
  facet normal 0.000000e+00 0.000000e+00 1.000000e+00
    outer loop
      vertex   7.605736e-01 1.692991e+01 1.000000e+01
      vertex   2.257770e+00 1.926737e+01 1.000000e+01
      vertex   2.062600e+00 1.950181e+01 1.000000e+01
    endloop
  endfacet
  facet normal 0.000000e+00 -0.000000e+00 1.000000e+00
    outer loop
      vertex   7.605736e-01 1.692991e+01 1.000000e+01
      vertex   2.062600e+00 1.950181e+01 1.000000e+01
      vertex   3.180195e-01 1.731802e+01 1.000000e+01
    endloop
  endfacet
  facet normal 0.000000e+00 0.000000e+00 1.000000e+00
    outer loop
      vertex   3.180195e-01 1.731802e+01 1.000000e+01
      vertex   2.062600e+00 1.950181e+01 1.000000e+01
      vertex   1.911103e+00 1.976658e+01 1.000000e+01
    endloop
  endfacet
  facet normal 0.000000e+00 -0.000000e+00 1.000000e+00
    outer loop
      vertex   1.140000e+01 -1.300000e+01 1.000000e+01
      vertex   1.140000e+01 -1.110000e+01 1.000000e+01
      vertex   7.000000e+00 -1.300000e+01 1.000000e+01
    endloop
  endfacet
  facet normal 0.000000e+00 0.000000e+00 1.000000e+00
    outer loop
      vertex   7.000000e+00 -1.300000e+01 1.000000e+01
      vertex   1.140000e+01 -1.110000e+01 1.000000e+01
      vertex   1.147156e+01 -1.055648e+01 1.000000e+01
    endloop
  endfacet
  facet normal 0.000000e+00 0.000000e+00 1.000000e+00
    outer loop
      vertex   7.000000e+00 -1.300000e+01 1.000000e+01
      vertex   1.147156e+01 -1.055648e+01 1.000000e+01
      vertex   1.070394e+01 -6.346175e+00 1.000000e+01
    endloop
  endfacet
  facet normal 0.000000e+00 0.000000e+00 1.000000e+00
    outer loop
      vertex   1.070394e+01 -6.346175e+00 1.000000e+01
      vertex   1.147156e+01 -1.055648e+01 1.000000e+01
      vertex   1.168135e+01 -1.005000e+01 1.000000e+01
    endloop
  endfacet
  facet normal 0.000000e+00 0.000000e+00 1.000000e+00
    outer loop
      vertex   1.070394e+01 -6.346175e+00 1.000000e+01
      vertex   1.168135e+01 -1.005000e+01 1.000000e+01
      vertex   1.115383e+01 -6.796062e+00 1.000000e+01
    endloop
  endfacet
  facet normal 0.000000e+00 0.000000e+00 1.000000e+00
    outer loop
      vertex   1.115383e+01 -6.796062e+00 1.000000e+01
      vertex   1.168135e+01 -1.005000e+01 1.000000e+01
      vertex   1.167500e+01 -7.160993e+00 1.000000e+01
    endloop
  endfacet
  facet normal 0.000000e+00 0.000000e+00 1.000000e+00
    outer loop
      vertex   1.167500e+01 -7.160993e+00 1.000000e+01
      vertex   1.168135e+01 -1.005000e+01 1.000000e+01
      vertex   1.201508e+01 -9.615076e+00 1.000000e+01
    endloop
  endfacet
  facet normal 0.000000e+00 0.000000e+00 1.000000e+00
    outer loop
      vertex   1.167500e+01 -7.160993e+00 1.000000e+01
      vertex   1.201508e+01 -9.615076e+00 1.000000e+01
      vertex   1.225163e+01 -7.429878e+00 1.000000e+01
    endloop
  endfacet
  facet normal 0.000000e+00 0.000000e+00 1.000000e+00
    outer loop
      vertex   1.225163e+01 -7.429878e+00 1.000000e+01
      vertex   1.201508e+01 -9.615076e+00 1.000000e+01
      vertex   1.245000e+01 -9.281347e+00 1.000000e+01
    endloop
  endfacet
  facet normal 0.000000e+00 0.000000e+00 1.000000e+00
    outer loop
      vertex   1.225163e+01 -7.429878e+00 1.000000e+01
      vertex   1.245000e+01 -9.281347e+00 1.000000e+01
      vertex   1.286618e+01 -7.594548e+00 1.000000e+01
    endloop
  endfacet
  facet normal 0.000000e+00 0.000000e+00 1.000000e+00
    outer loop
      vertex   1.286618e+01 -7.594548e+00 1.000000e+01
      vertex   1.245000e+01 -9.281347e+00 1.000000e+01
      vertex   1.295648e+01 -9.071556e+00 1.000000e+01
    endloop
  endfacet
  facet normal 0.000000e+00 0.000000e+00 1.000000e+00
    outer loop
      vertex   1.286618e+01 -7.594548e+00 1.000000e+01
      vertex   1.295648e+01 -9.071556e+00 1.000000e+01
      vertex   1.350000e+01 -7.650000e+00 1.000000e+01
    endloop
  endfacet
  facet normal 0.000000e+00 0.000000e+00 1.000000e+00
    outer loop
      vertex   1.350000e+01 -7.650000e+00 1.000000e+01
      vertex   1.295648e+01 -9.071556e+00 1.000000e+01
      vertex   1.350000e+01 -9.000000e+00 1.000000e+01
    endloop
  endfacet
  facet normal 0.000000e+00 0.000000e+00 1.000000e+00
    outer loop
      vertex   1.350000e+01 -7.650000e+00 1.000000e+01
      vertex   1.350000e+01 -9.000000e+00 1.000000e+01
      vertex   1.404352e+01 -9.071556e+00 1.000000e+01
    endloop
  endfacet
  facet normal -0.000000e+00 0.000000e+00 1.000000e+00
    outer loop
      vertex   1.350000e+01 -7.650000e+00 1.000000e+01
      vertex   1.404352e+01 -9.071556e+00 1.000000e+01
      vertex   1.413382e+01 -7.594548e+00 1.000000e+01
    endloop
  endfacet
  facet normal 0.000000e+00 0.000000e+00 1.000000e+00
    outer loop
      vertex   1.413382e+01 -7.594548e+00 1.000000e+01
      vertex   1.404352e+01 -9.071556e+00 1.000000e+01
      vertex   1.455000e+01 -9.281347e+00 1.000000e+01
    endloop
  endfacet
  facet normal -0.000000e+00 0.000000e+00 1.000000e+00
    outer loop
      vertex   1.413382e+01 -7.594548e+00 1.000000e+01
      vertex   1.455000e+01 -9.281347e+00 1.000000e+01
      vertex   1.474837e+01 -7.429878e+00 1.000000e+01
    endloop
  endfacet
  facet normal 0.000000e+00 0.000000e+00 1.000000e+00
    outer loop
      vertex   1.474837e+01 -7.429878e+00 1.000000e+01
      vertex   1.455000e+01 -9.281347e+00 1.000000e+01
      vertex   1.498492e+01 -9.615076e+00 1.000000e+01
    endloop
  endfacet
  facet normal -0.000000e+00 0.000000e+00 1.000000e+00
    outer loop
      vertex   1.474837e+01 -7.429878e+00 1.000000e+01
      vertex   1.498492e+01 -9.615076e+00 1.000000e+01
      vertex   1.532500e+01 -7.160993e+00 1.000000e+01
    endloop
  endfacet
  facet normal 0.000000e+00 0.000000e+00 1.000000e+00
    outer loop
      vertex   1.532500e+01 -7.160993e+00 1.000000e+01
      vertex   1.498492e+01 -9.615076e+00 1.000000e+01
      vertex   1.531865e+01 -1.005000e+01 1.000000e+01
    endloop
  endfacet
  facet normal -0.000000e+00 0.000000e+00 1.000000e+00
    outer loop
      vertex   1.532500e+01 -7.160993e+00 1.000000e+01
      vertex   1.531865e+01 -1.005000e+01 1.000000e+01
      vertex   1.584617e+01 -6.796062e+00 1.000000e+01
    endloop
  endfacet
  facet normal -0.000000e+00 0.000000e+00 1.000000e+00
    outer loop
      vertex   1.584617e+01 -6.796062e+00 1.000000e+01
      vertex   1.531865e+01 -1.005000e+01 1.000000e+01
      vertex   1.629606e+01 -6.346175e+00 1.000000e+01
    endloop
  endfacet
  facet normal 0.000000e+00 0.000000e+00 1.000000e+00
    outer loop
      vertex   1.629606e+01 -6.346175e+00 1.000000e+01
      vertex   1.531865e+01 -1.005000e+01 1.000000e+01
      vertex   1.552844e+01 -1.055648e+01 1.000000e+01
    endloop
  endfacet
  facet normal 0.000000e+00 0.000000e+00 1.000000e+00
    outer loop
      vertex   1.629606e+01 -6.346175e+00 1.000000e+01
      vertex   1.552844e+01 -1.055648e+01 1.000000e+01
      vertex   2.000000e+01 -1.300000e+01 1.000000e+01
    endloop
  endfacet
  facet normal 0.000000e+00 0.000000e+00 1.000000e+00
    outer loop
      vertex   2.000000e+01 -1.300000e+01 1.000000e+01
      vertex   1.552844e+01 -1.055648e+01 1.000000e+01
      vertex   1.560000e+01 -1.110000e+01 1.000000e+01
    endloop
  endfacet
  facet normal 0.000000e+00 0.000000e+00 1.000000e+00
    outer loop
      vertex   2.000000e+01 -1.300000e+01 1.000000e+01
      vertex   1.560000e+01 -1.110000e+01 1.000000e+01
      vertex   1.560000e+01 -1.300000e+01 1.000000e+01
    endloop
  endfacet
  facet normal 0.000000e+00 0.000000e+00 1.000000e+00
    outer loop
      vertex   2.000000e+01 1.600000e+01 1.000000e+01
      vertex   1.709455e+01 -3.366184e+00 1.000000e+01
      vertex   2.000000e+01 -1.300000e+01 1.000000e+01
    endloop
  endfacet
  facet normal 0.000000e+00 0.000000e+00 1.000000e+00
    outer loop
      vertex   2.000000e+01 -1.300000e+01 1.000000e+01
      vertex   1.709455e+01 -3.366184e+00 1.000000e+01
      vertex   1.715000e+01 -4.000000e+00 1.000000e+01
    endloop
  endfacet
  facet normal 0.000000e+00 0.000000e+00 1.000000e+00
    outer loop
      vertex   2.000000e+01 -1.300000e+01 1.000000e+01
      vertex   1.715000e+01 -4.000000e+00 1.000000e+01
      vertex   1.709455e+01 -4.633816e+00 1.000000e+01
    endloop
  endfacet
  facet normal 0.000000e+00 0.000000e+00 1.000000e+00
    outer loop
      vertex   1.070394e+01 -6.346175e+00 1.000000e+01
      vertex   1.033901e+01 -5.825000e+00 1.000000e+01
      vertex   7.000000e+00 -1.300000e+01 1.000000e+01
    endloop
  endfacet
  facet normal 0.000000e+00 0.000000e+00 1.000000e+00
    outer loop
      vertex   7.000000e+00 -1.300000e+01 1.000000e+01
      vertex   1.033901e+01 -5.825000e+00 1.000000e+01
      vertex   1.007012e+01 -5.248373e+00 1.000000e+01
    endloop
  endfacet
  facet normal 0.000000e+00 0.000000e+00 1.000000e+00
    outer loop
      vertex   7.000000e+00 -1.300000e+01 1.000000e+01
      vertex   1.007012e+01 -5.248373e+00 1.000000e+01
      vertex   9.905452e+00 -4.633816e+00 1.000000e+01
    endloop
  endfacet
  facet normal 0.000000e+00 0.000000e+00 1.000000e+00
    outer loop
      vertex   9.905452e+00 -4.633816e+00 1.000000e+01
      vertex   9.850001e+00 -4.000000e+00 1.000000e+01
      vertex   7.000000e+00 -1.300000e+01 1.000000e+01
    endloop
  endfacet
  facet normal 0.000000e+00 0.000000e+00 1.000000e+00
    outer loop
      vertex   7.000000e+00 -1.300000e+01 1.000000e+01
      vertex   9.850001e+00 -4.000000e+00 1.000000e+01
      vertex   9.905452e+00 -3.366184e+00 1.000000e+01
    endloop
  endfacet
  facet normal 0.000000e+00 0.000000e+00 1.000000e+00
    outer loop
      vertex   1.709455e+01 -4.633816e+00 1.000000e+01
      vertex   1.692988e+01 -5.248373e+00 1.000000e+01
      vertex   2.000000e+01 -1.300000e+01 1.000000e+01
    endloop
  endfacet
  facet normal 0.000000e+00 0.000000e+00 1.000000e+00
    outer loop
      vertex   2.000000e+01 -1.300000e+01 1.000000e+01
      vertex   1.692988e+01 -5.248373e+00 1.000000e+01
      vertex   1.666099e+01 -5.825000e+00 1.000000e+01
    endloop
  endfacet
  facet normal 0.000000e+00 0.000000e+00 1.000000e+00
    outer loop
      vertex   2.000000e+01 -1.300000e+01 1.000000e+01
      vertex   1.666099e+01 -5.825000e+00 1.000000e+01
      vertex   1.629606e+01 -6.346175e+00 1.000000e+01
    endloop
  endfacet
  facet normal -1.000000e+00 0.000000e+00 0.000000e+00
    outer loop
      vertex   7.000000e+00 -1.300000e+01 3.939998e-15
      vertex   7.000000e+00 -1.300000e+01 1.000000e+01
      vertex   7.000000e+00 1.600000e+01 5.639933e-15
    endloop
  endfacet
  facet normal -1.000000e+00 0.000000e+00 0.000000e+00
    outer loop
      vertex   7.000000e+00 1.600000e+01 5.639933e-15
      vertex   7.000000e+00 -1.300000e+01 1.000000e+01
      vertex   7.000000e+00 1.600000e+01 1.000000e+01
    endloop
  endfacet
  facet normal 0.000000e+00 -1.000000e+00 0.000000e+00
    outer loop
      vertex   1.079596e+01 -1.300000e+01 -1.500000e+00
      vertex   1.140000e+01 -1.300000e+01 -1.500000e+00
      vertex   1.025000e+01 -1.300000e+01 -5.997534e-16
    endloop
  endfacet
  facet normal 0.000000e+00 -1.000000e+00 0.000000e+00
    outer loop
      vertex   1.025000e+01 -1.300000e+01 -5.997534e-16
      vertex   1.140000e+01 -1.300000e+01 -1.500000e+00
      vertex   1.140000e+01 -1.300000e+01 1.000000e+01
    endloop
  endfacet
  facet normal 0.000000e+00 -1.000000e+00 0.000000e+00
    outer loop
      vertex   1.025000e+01 -1.300000e+01 -5.997534e-16
      vertex   1.140000e+01 -1.300000e+01 1.000000e+01
      vertex   7.000000e+00 -1.300000e+01 1.000000e+01
    endloop
  endfacet
  facet normal 0.000000e+00 -1.000000e+00 0.000000e+00
    outer loop
      vertex   7.000000e+00 -1.300000e+01 1.000000e+01
      vertex   7.000000e+00 -1.300000e+01 3.939998e-15
      vertex   1.025000e+01 -1.300000e+01 -5.997534e-16
    endloop
  endfacet
  facet normal 0.000000e+00 -1.000000e+00 0.000000e+00
    outer loop
      vertex   1.620404e+01 -1.300000e+01 -1.500000e+00
      vertex   1.675000e+01 -1.300000e+01 -5.997534e-16
      vertex   1.560000e+01 -1.300000e+01 -1.500000e+00
    endloop
  endfacet
  facet normal 0.000000e+00 -1.000000e+00 0.000000e+00
    outer loop
      vertex   1.560000e+01 -1.300000e+01 -1.500000e+00
      vertex   1.675000e+01 -1.300000e+01 -5.997534e-16
      vertex   1.560000e+01 -1.300000e+01 1.000000e+01
    endloop
  endfacet
  facet normal 0.000000e+00 -1.000000e+00 0.000000e+00
    outer loop
      vertex   1.560000e+01 -1.300000e+01 1.000000e+01
      vertex   1.675000e+01 -1.300000e+01 -5.997534e-16
      vertex   2.000000e+01 -1.300000e+01 1.000000e+01
    endloop
  endfacet
  facet normal 0.000000e+00 -1.000000e+00 -0.000000e+00
    outer loop
      vertex   2.000000e+01 -1.300000e+01 1.000000e+01
      vertex   1.675000e+01 -1.300000e+01 -5.997534e-16
      vertex   2.000000e+01 -1.300000e+01 1.120031e-15
    endloop
  endfacet
  facet normal 1.000000e+00 -0.000000e+00 0.000000e+00
    outer loop
      vertex   1.140000e+01 -1.300000e+01 1.000000e+01
      vertex   1.140000e+01 -1.300000e+01 -1.500000e+00
      vertex   1.140000e+01 -1.110000e+01 1.000000e+01
    endloop
  endfacet
  facet normal 1.000000e+00 0.000000e+00 0.000000e+00
    outer loop
      vertex   1.140000e+01 -1.110000e+01 1.000000e+01
      vertex   1.140000e+01 -1.300000e+01 -1.500000e+00
      vertex   1.140000e+01 -1.110000e+01 -1.500000e+00
    endloop
  endfacet
  facet normal 9.914447e-01 -1.305276e-01 0.000000e+00
    outer loop
      vertex   1.140000e+01 -1.110000e+01 1.000000e+01
      vertex   1.140000e+01 -1.110000e+01 -1.500000e+00
      vertex   1.147156e+01 -1.055648e+01 1.000000e+01
    endloop
  endfacet
  facet normal 9.914447e-01 -1.305276e-01 0.000000e+00
    outer loop
      vertex   1.147156e+01 -1.055648e+01 1.000000e+01
      vertex   1.140000e+01 -1.110000e+01 -1.500000e+00
      vertex   1.147156e+01 -1.055648e+01 -1.500000e+00
    endloop
  endfacet
  facet normal 9.238798e-01 -3.826828e-01 0.000000e+00
    outer loop
      vertex   1.147156e+01 -1.055648e+01 1.000000e+01
      vertex   1.147156e+01 -1.055648e+01 -1.500000e+00
      vertex   1.168135e+01 -1.005000e+01 1.000000e+01
    endloop
  endfacet
  facet normal 9.238798e-01 -3.826828e-01 0.000000e+00
    outer loop
      vertex   1.168135e+01 -1.005000e+01 1.000000e+01
      vertex   1.147156e+01 -1.055648e+01 -1.500000e+00
      vertex   1.168135e+01 -1.005000e+01 -1.500000e+00
    endloop
  endfacet
  facet normal 7.933536e-01 -6.087611e-01 0.000000e+00
    outer loop
      vertex   1.168135e+01 -1.005000e+01 1.000000e+01
      vertex   1.168135e+01 -1.005000e+01 -1.500000e+00
      vertex   1.201508e+01 -9.615076e+00 1.000000e+01
    endloop
  endfacet
  facet normal 7.933536e-01 -6.087611e-01 0.000000e+00
    outer loop
      vertex   1.201508e+01 -9.615076e+00 1.000000e+01
      vertex   1.168135e+01 -1.005000e+01 -1.500000e+00
      vertex   1.201508e+01 -9.615076e+00 -1.500000e+00
    endloop
  endfacet
  facet normal 6.087613e-01 -7.933534e-01 0.000000e+00
    outer loop
      vertex   1.245000e+01 -9.281347e+00 -1.500000e+00
      vertex   1.245000e+01 -9.281347e+00 1.000000e+01
      vertex   1.201508e+01 -9.615076e+00 -1.500000e+00
    endloop
  endfacet
  facet normal 6.087613e-01 -7.933534e-01 0.000000e+00
    outer loop
      vertex   1.201508e+01 -9.615076e+00 -1.500000e+00
      vertex   1.245000e+01 -9.281347e+00 1.000000e+01
      vertex   1.201508e+01 -9.615076e+00 1.000000e+01
    endloop
  endfacet
  facet normal 3.826835e-01 -9.238795e-01 0.000000e+00
    outer loop
      vertex   1.295648e+01 -9.071556e+00 -1.500000e+00
      vertex   1.295648e+01 -9.071556e+00 1.000000e+01
      vertex   1.245000e+01 -9.281347e+00 -1.500000e+00
    endloop
  endfacet
  facet normal 3.826835e-01 -9.238795e-01 0.000000e+00
    outer loop
      vertex   1.245000e+01 -9.281347e+00 -1.500000e+00
      vertex   1.295648e+01 -9.071556e+00 1.000000e+01
      vertex   1.245000e+01 -9.281347e+00 1.000000e+01
    endloop
  endfacet
  facet normal 1.305262e-01 -9.914449e-01 0.000000e+00
    outer loop
      vertex   1.350000e+01 -9.000000e+00 -1.500000e+00
      vertex   1.350000e+01 -9.000000e+00 1.000000e+01
      vertex   1.295648e+01 -9.071556e+00 -1.500000e+00
    endloop
  endfacet
  facet normal 1.305262e-01 -9.914449e-01 0.000000e+00
    outer loop
      vertex   1.295648e+01 -9.071556e+00 -1.500000e+00
      vertex   1.350000e+01 -9.000000e+00 1.000000e+01
      vertex   1.295648e+01 -9.071556e+00 1.000000e+01
    endloop
  endfacet
  facet normal -1.305262e-01 -9.914449e-01 0.000000e+00
    outer loop
      vertex   1.404352e+01 -9.071556e+00 -1.500000e+00
      vertex   1.404352e+01 -9.071556e+00 1.000000e+01
      vertex   1.350000e+01 -9.000000e+00 -1.500000e+00
    endloop
  endfacet
  facet normal -1.305262e-01 -9.914449e-01 0.000000e+00
    outer loop
      vertex   1.350000e+01 -9.000000e+00 -1.500000e+00
      vertex   1.404352e+01 -9.071556e+00 1.000000e+01
      vertex   1.350000e+01 -9.000000e+00 1.000000e+01
    endloop
  endfacet
  facet normal -3.826835e-01 -9.238795e-01 0.000000e+00
    outer loop
      vertex   1.455000e+01 -9.281347e+00 -1.500000e+00
      vertex   1.455000e+01 -9.281347e+00 1.000000e+01
      vertex   1.404352e+01 -9.071556e+00 -1.500000e+00
    endloop
  endfacet
  facet normal -3.826835e-01 -9.238795e-01 0.000000e+00
    outer loop
      vertex   1.404352e+01 -9.071556e+00 -1.500000e+00
      vertex   1.455000e+01 -9.281347e+00 1.000000e+01
      vertex   1.404352e+01 -9.071556e+00 1.000000e+01
    endloop
  endfacet
  facet normal -6.087613e-01 -7.933534e-01 0.000000e+00
    outer loop
      vertex   1.498492e+01 -9.615076e+00 -1.500000e+00
      vertex   1.498492e+01 -9.615076e+00 1.000000e+01
      vertex   1.455000e+01 -9.281347e+00 -1.500000e+00
    endloop
  endfacet
  facet normal -6.087613e-01 -7.933534e-01 0.000000e+00
    outer loop
      vertex   1.455000e+01 -9.281347e+00 -1.500000e+00
      vertex   1.498492e+01 -9.615076e+00 1.000000e+01
      vertex   1.455000e+01 -9.281347e+00 1.000000e+01
    endloop
  endfacet
  facet normal -7.933536e-01 -6.087611e-01 0.000000e+00
    outer loop
      vertex   1.531865e+01 -1.005000e+01 -1.500000e+00
      vertex   1.531865e+01 -1.005000e+01 1.000000e+01
      vertex   1.498492e+01 -9.615076e+00 -1.500000e+00
    endloop
  endfacet
  facet normal -7.933536e-01 -6.087611e-01 0.000000e+00
    outer loop
      vertex   1.498492e+01 -9.615076e+00 -1.500000e+00
      vertex   1.531865e+01 -1.005000e+01 1.000000e+01
      vertex   1.498492e+01 -9.615076e+00 1.000000e+01
    endloop
  endfacet
  facet normal -9.238798e-01 -3.826828e-01 0.000000e+00
    outer loop
      vertex   1.552844e+01 -1.055648e+01 -1.500000e+00
      vertex   1.552844e+01 -1.055648e+01 1.000000e+01
      vertex   1.531865e+01 -1.005000e+01 -1.500000e+00
    endloop
  endfacet
  facet normal -9.238798e-01 -3.826828e-01 0.000000e+00
    outer loop
      vertex   1.531865e+01 -1.005000e+01 -1.500000e+00
      vertex   1.552844e+01 -1.055648e+01 1.000000e+01
      vertex   1.531865e+01 -1.005000e+01 1.000000e+01
    endloop
  endfacet
  facet normal -9.914447e-01 -1.305276e-01 0.000000e+00
    outer loop
      vertex   1.560000e+01 -1.110000e+01 -1.500000e+00
      vertex   1.560000e+01 -1.110000e+01 1.000000e+01
      vertex   1.552844e+01 -1.055648e+01 -1.500000e+00
    endloop
  endfacet
  facet normal -9.914447e-01 -1.305276e-01 0.000000e+00
    outer loop
      vertex   1.552844e+01 -1.055648e+01 -1.500000e+00
      vertex   1.560000e+01 -1.110000e+01 1.000000e+01
      vertex   1.552844e+01 -1.055648e+01 1.000000e+01
    endloop
  endfacet
  facet normal -1.000000e+00 0.000000e+00 0.000000e+00
    outer loop
      vertex   1.560000e+01 -1.300000e+01 -1.500000e+00
      vertex   1.560000e+01 -1.300000e+01 1.000000e+01
      vertex   1.560000e+01 -1.110000e+01 -1.500000e+00
    endloop
  endfacet
  facet normal -1.000000e+00 0.000000e+00 0.000000e+00
    outer loop
      vertex   1.560000e+01 -1.110000e+01 -1.500000e+00
      vertex   1.560000e+01 -1.300000e+01 1.000000e+01
      vertex   1.560000e+01 -1.110000e+01 1.000000e+01
    endloop
  endfacet
  facet normal 8.715600e-02 9.961947e-01 -0.000000e+00
    outer loop
      vertex   1.286618e+01 -7.594548e+00 6.000000e+00
      vertex   1.286618e+01 -7.594548e+00 1.000000e+01
      vertex   1.350000e+01 -7.650000e+00 6.000000e+00
    endloop
  endfacet
  facet normal 8.715600e-02 9.961947e-01 -0.000000e+00
    outer loop
      vertex   1.350000e+01 -7.650000e+00 6.000000e+00
      vertex   1.286618e+01 -7.594548e+00 1.000000e+01
      vertex   1.350000e+01 -7.650000e+00 1.000000e+01
    endloop
  endfacet
  facet normal 2.588189e-01 9.659259e-01 -0.000000e+00
    outer loop
      vertex   1.225163e+01 -7.429878e+00 6.000000e+00
      vertex   1.225163e+01 -7.429878e+00 1.000000e+01
      vertex   1.286618e+01 -7.594548e+00 6.000000e+00
    endloop
  endfacet
  facet normal 2.588189e-01 9.659259e-01 -0.000000e+00
    outer loop
      vertex   1.286618e+01 -7.594548e+00 6.000000e+00
      vertex   1.225163e+01 -7.429878e+00 1.000000e+01
      vertex   1.286618e+01 -7.594548e+00 1.000000e+01
    endloop
  endfacet
  facet normal 4.226183e-01 9.063078e-01 -0.000000e+00
    outer loop
      vertex   1.167500e+01 -7.160993e+00 6.000000e+00
      vertex   1.167500e+01 -7.160993e+00 1.000000e+01
      vertex   1.225163e+01 -7.429878e+00 6.000000e+00
    endloop
  endfacet
  facet normal 4.226183e-01 9.063078e-01 -0.000000e+00
    outer loop
      vertex   1.225163e+01 -7.429878e+00 6.000000e+00
      vertex   1.167500e+01 -7.160993e+00 1.000000e+01
      vertex   1.225163e+01 -7.429878e+00 1.000000e+01
    endloop
  endfacet
  facet normal 5.735763e-01 8.191521e-01 -0.000000e+00
    outer loop
      vertex   1.115383e+01 -6.796062e+00 6.000000e+00
      vertex   1.115383e+01 -6.796062e+00 1.000000e+01
      vertex   1.167500e+01 -7.160993e+00 6.000000e+00
    endloop
  endfacet
  facet normal 5.735763e-01 8.191521e-01 -0.000000e+00
    outer loop
      vertex   1.167500e+01 -7.160993e+00 6.000000e+00
      vertex   1.115383e+01 -6.796062e+00 1.000000e+01
      vertex   1.167500e+01 -7.160993e+00 1.000000e+01
    endloop
  endfacet
  facet normal 7.071068e-01 7.071068e-01 0.000000e+00
    outer loop
      vertex   1.115383e+01 -6.796062e+00 1.000000e+01
      vertex   1.115383e+01 -6.796062e+00 6.000000e+00
      vertex   1.070394e+01 -6.346175e+00 1.000000e+01
    endloop
  endfacet
  facet normal 7.071068e-01 7.071068e-01 0.000000e+00
    outer loop
      vertex   1.070394e+01 -6.346175e+00 1.000000e+01
      vertex   1.115383e+01 -6.796062e+00 6.000000e+00
      vertex   1.070394e+01 -6.346175e+00 6.000000e+00
    endloop
  endfacet
  facet normal 8.191521e-01 5.735764e-01 0.000000e+00
    outer loop
      vertex   1.070394e+01 -6.346175e+00 1.000000e+01
      vertex   1.070394e+01 -6.346175e+00 6.000000e+00
      vertex   1.033901e+01 -5.825000e+00 1.000000e+01
    endloop
  endfacet
  facet normal 8.191521e-01 5.735764e-01 0.000000e+00
    outer loop
      vertex   1.033901e+01 -5.825000e+00 1.000000e+01
      vertex   1.070394e+01 -6.346175e+00 6.000000e+00
      vertex   1.033901e+01 -5.825000e+00 6.000000e+00
    endloop
  endfacet
  facet normal 9.063080e-01 4.226178e-01 0.000000e+00
    outer loop
      vertex   1.033901e+01 -5.825000e+00 1.000000e+01
      vertex   1.033901e+01 -5.825000e+00 6.000000e+00
      vertex   1.007012e+01 -5.248373e+00 1.000000e+01
    endloop
  endfacet
  facet normal 9.063080e-01 4.226178e-01 0.000000e+00
    outer loop
      vertex   1.007012e+01 -5.248373e+00 1.000000e+01
      vertex   1.033901e+01 -5.825000e+00 6.000000e+00
      vertex   1.007012e+01 -5.248373e+00 6.000000e+00
    endloop
  endfacet
  facet normal 9.659258e-01 2.588193e-01 0.000000e+00
    outer loop
      vertex   1.007012e+01 -5.248373e+00 1.000000e+01
      vertex   1.007012e+01 -5.248373e+00 6.000000e+00
      vertex   9.905452e+00 -4.633816e+00 1.000000e+01
    endloop
  endfacet
  facet normal 9.659258e-01 2.588193e-01 0.000000e+00
    outer loop
      vertex   9.905452e+00 -4.633816e+00 1.000000e+01
      vertex   1.007012e+01 -5.248373e+00 6.000000e+00
      vertex   9.905452e+00 -4.633816e+00 6.000000e+00
    endloop
  endfacet
  facet normal 9.961947e-01 8.715522e-02 0.000000e+00
    outer loop
      vertex   9.905452e+00 -4.633816e+00 1.000000e+01
      vertex   9.905452e+00 -4.633816e+00 6.000000e+00
      vertex   9.850001e+00 -4.000000e+00 1.000000e+01
    endloop
  endfacet
  facet normal 9.961947e-01 8.715522e-02 0.000000e+00
    outer loop
      vertex   9.850001e+00 -4.000000e+00 1.000000e+01
      vertex   9.905452e+00 -4.633816e+00 6.000000e+00
      vertex   9.850001e+00 -4.000000e+00 6.000000e+00
    endloop
  endfacet
  facet normal 9.961947e-01 -8.715531e-02 0.000000e+00
    outer loop
      vertex   9.850001e+00 -4.000000e+00 1.000000e+01
      vertex   9.850001e+00 -4.000000e+00 6.000000e+00
      vertex   9.905452e+00 -3.366184e+00 1.000000e+01
    endloop
  endfacet
  facet normal 9.961947e-01 -8.715531e-02 0.000000e+00
    outer loop
      vertex   9.905452e+00 -3.366184e+00 1.000000e+01
      vertex   9.850001e+00 -4.000000e+00 6.000000e+00
      vertex   9.905452e+00 -3.366184e+00 6.000000e+00
    endloop
  endfacet
  facet normal 9.659258e-01 -2.588191e-01 0.000000e+00
    outer loop
      vertex   9.905452e+00 -3.366184e+00 1.000000e+01
      vertex   9.905452e+00 -3.366184e+00 6.000000e+00
      vertex   1.007012e+01 -2.751626e+00 1.000000e+01
    endloop
  endfacet
  facet normal 9.659258e-01 -2.588191e-01 0.000000e+00
    outer loop
      vertex   1.007012e+01 -2.751626e+00 1.000000e+01
      vertex   9.905452e+00 -3.366184e+00 6.000000e+00
      vertex   1.007012e+01 -2.751626e+00 6.000000e+00
    endloop
  endfacet
  facet normal 9.063079e-01 -4.226179e-01 0.000000e+00
    outer loop
      vertex   1.007012e+01 -2.751626e+00 1.000000e+01
      vertex   1.007012e+01 -2.751626e+00 6.000000e+00
      vertex   1.033901e+01 -2.175000e+00 1.000000e+01
    endloop
  endfacet
  facet normal 9.063079e-01 -4.226179e-01 0.000000e+00
    outer loop
      vertex   1.033901e+01 -2.175000e+00 1.000000e+01
      vertex   1.007012e+01 -2.751626e+00 6.000000e+00
      vertex   1.033901e+01 -2.175000e+00 6.000000e+00
    endloop
  endfacet
  facet normal 8.191525e-01 -5.735758e-01 0.000000e+00
    outer loop
      vertex   1.033901e+01 -2.175000e+00 1.000000e+01
      vertex   1.033901e+01 -2.175000e+00 6.000000e+00
      vertex   1.070394e+01 -1.653824e+00 1.000000e+01
    endloop
  endfacet
  facet normal 8.191525e-01 -5.735758e-01 0.000000e+00
    outer loop
      vertex   1.070394e+01 -1.653824e+00 1.000000e+01
      vertex   1.033901e+01 -2.175000e+00 6.000000e+00
      vertex   1.070394e+01 -1.653824e+00 6.000000e+00
    endloop
  endfacet
  facet normal 7.071063e-01 -7.071072e-01 0.000000e+00
    outer loop
      vertex   1.115383e+01 -1.203938e+00 6.000000e+00
      vertex   1.115383e+01 -1.203938e+00 1.000000e+01
      vertex   1.070394e+01 -1.653824e+00 6.000000e+00
    endloop
  endfacet
  facet normal 7.071063e-01 -7.071072e-01 0.000000e+00
    outer loop
      vertex   1.070394e+01 -1.653824e+00 6.000000e+00
      vertex   1.115383e+01 -1.203938e+00 1.000000e+01
      vertex   1.070394e+01 -1.653824e+00 1.000000e+01
    endloop
  endfacet
  facet normal 5.735760e-01 -8.191523e-01 0.000000e+00
    outer loop
      vertex   1.167500e+01 -8.390075e-01 6.000000e+00
      vertex   1.167500e+01 -8.390075e-01 1.000000e+01
      vertex   1.115383e+01 -1.203938e+00 6.000000e+00
    endloop
  endfacet
  facet normal 5.735760e-01 -8.191523e-01 0.000000e+00
    outer loop
      vertex   1.115383e+01 -1.203938e+00 6.000000e+00
      vertex   1.167500e+01 -8.390075e-01 1.000000e+01
      vertex   1.115383e+01 -1.203938e+00 1.000000e+01
    endloop
  endfacet
  facet normal 4.226195e-01 -9.063072e-01 0.000000e+00
    outer loop
      vertex   1.225163e+01 -5.701214e-01 6.000000e+00
      vertex   1.225163e+01 -5.701214e-01 1.000000e+01
      vertex   1.167500e+01 -8.390075e-01 6.000000e+00
    endloop
  endfacet
  facet normal 4.226195e-01 -9.063072e-01 0.000000e+00
    outer loop
      vertex   1.167500e+01 -8.390075e-01 6.000000e+00
      vertex   1.225163e+01 -5.701214e-01 1.000000e+01
      vertex   1.167500e+01 -8.390075e-01 1.000000e+01
    endloop
  endfacet
  facet normal 2.588180e-01 -9.659261e-01 0.000000e+00
    outer loop
      vertex   1.286618e+01 -4.054517e-01 6.000000e+00
      vertex   1.286618e+01 -4.054517e-01 1.000000e+01
      vertex   1.225163e+01 -5.701214e-01 6.000000e+00
    endloop
  endfacet
  facet normal 2.588180e-01 -9.659261e-01 0.000000e+00
    outer loop
      vertex   1.225163e+01 -5.701214e-01 6.000000e+00
      vertex   1.286618e+01 -4.054517e-01 1.000000e+01
      vertex   1.225163e+01 -5.701214e-01 1.000000e+01
    endloop
  endfacet
  facet normal 8.715531e-02 -9.961947e-01 0.000000e+00
    outer loop
      vertex   1.350000e+01 -3.500003e-01 6.000000e+00
      vertex   1.350000e+01 -3.500003e-01 1.000000e+01
      vertex   1.286618e+01 -4.054517e-01 6.000000e+00
    endloop
  endfacet
  facet normal 8.715531e-02 -9.961947e-01 0.000000e+00
    outer loop
      vertex   1.286618e+01 -4.054517e-01 6.000000e+00
      vertex   1.350000e+01 -3.500003e-01 1.000000e+01
      vertex   1.286618e+01 -4.054517e-01 1.000000e+01
    endloop
  endfacet
  facet normal -8.715531e-02 -9.961947e-01 0.000000e+00
    outer loop
      vertex   1.413382e+01 -4.054517e-01 6.000000e+00
      vertex   1.413382e+01 -4.054517e-01 1.000000e+01
      vertex   1.350000e+01 -3.500003e-01 6.000000e+00
    endloop
  endfacet
  facet normal -8.715531e-02 -9.961947e-01 0.000000e+00
    outer loop
      vertex   1.350000e+01 -3.500003e-01 6.000000e+00
      vertex   1.413382e+01 -4.054517e-01 1.000000e+01
      vertex   1.350000e+01 -3.500003e-01 1.000000e+01
    endloop
  endfacet
  facet normal -2.588180e-01 -9.659261e-01 0.000000e+00
    outer loop
      vertex   1.474837e+01 -5.701214e-01 6.000000e+00
      vertex   1.474837e+01 -5.701214e-01 1.000000e+01
      vertex   1.413382e+01 -4.054517e-01 6.000000e+00
    endloop
  endfacet
  facet normal -2.588180e-01 -9.659261e-01 0.000000e+00
    outer loop
      vertex   1.413382e+01 -4.054517e-01 6.000000e+00
      vertex   1.474837e+01 -5.701214e-01 1.000000e+01
      vertex   1.413382e+01 -4.054517e-01 1.000000e+01
    endloop
  endfacet
  facet normal -4.226195e-01 -9.063072e-01 0.000000e+00
    outer loop
      vertex   1.532500e+01 -8.390075e-01 6.000000e+00
      vertex   1.532500e+01 -8.390075e-01 1.000000e+01
      vertex   1.474837e+01 -5.701214e-01 6.000000e+00
    endloop
  endfacet
  facet normal -4.226195e-01 -9.063072e-01 0.000000e+00
    outer loop
      vertex   1.474837e+01 -5.701214e-01 6.000000e+00
      vertex   1.532500e+01 -8.390075e-01 1.000000e+01
      vertex   1.474837e+01 -5.701214e-01 1.000000e+01
    endloop
  endfacet
  facet normal -5.735760e-01 -8.191523e-01 0.000000e+00
    outer loop
      vertex   1.584617e+01 -1.203938e+00 6.000000e+00
      vertex   1.584617e+01 -1.203938e+00 1.000000e+01
      vertex   1.532500e+01 -8.390075e-01 6.000000e+00
    endloop
  endfacet
  facet normal -5.735760e-01 -8.191523e-01 0.000000e+00
    outer loop
      vertex   1.532500e+01 -8.390075e-01 6.000000e+00
      vertex   1.584617e+01 -1.203938e+00 1.000000e+01
      vertex   1.532500e+01 -8.390075e-01 1.000000e+01
    endloop
  endfacet
  facet normal -7.071063e-01 -7.071072e-01 0.000000e+00
    outer loop
      vertex   1.629606e+01 -1.653824e+00 6.000000e+00
      vertex   1.629606e+01 -1.653824e+00 1.000000e+01
      vertex   1.584617e+01 -1.203938e+00 6.000000e+00
    endloop
  endfacet
  facet normal -7.071063e-01 -7.071072e-01 0.000000e+00
    outer loop
      vertex   1.584617e+01 -1.203938e+00 6.000000e+00
      vertex   1.629606e+01 -1.653824e+00 1.000000e+01
      vertex   1.584617e+01 -1.203938e+00 1.000000e+01
    endloop
  endfacet
  facet normal -8.191516e-01 -5.735770e-01 0.000000e+00
    outer loop
      vertex   1.666099e+01 -2.175000e+00 6.000000e+00
      vertex   1.666099e+01 -2.175000e+00 1.000000e+01
      vertex   1.629606e+01 -1.653824e+00 6.000000e+00
    endloop
  endfacet
  facet normal -8.191516e-01 -5.735770e-01 0.000000e+00
    outer loop
      vertex   1.629606e+01 -1.653824e+00 6.000000e+00
      vertex   1.666099e+01 -2.175000e+00 1.000000e+01
      vertex   1.629606e+01 -1.653824e+00 1.000000e+01
    endloop
  endfacet
  facet normal -9.063087e-01 -4.226164e-01 0.000000e+00
    outer loop
      vertex   1.692988e+01 -2.751626e+00 6.000000e+00
      vertex   1.692988e+01 -2.751626e+00 1.000000e+01
      vertex   1.666099e+01 -2.175000e+00 6.000000e+00
    endloop
  endfacet
  facet normal -9.063087e-01 -4.226164e-01 0.000000e+00
    outer loop
      vertex   1.666099e+01 -2.175000e+00 6.000000e+00
      vertex   1.692988e+01 -2.751626e+00 1.000000e+01
      vertex   1.666099e+01 -2.175000e+00 1.000000e+01
    endloop
  endfacet
  facet normal -9.659256e-01 -2.588200e-01 0.000000e+00
    outer loop
      vertex   1.709455e+01 -3.366184e+00 6.000000e+00
      vertex   1.709455e+01 -3.366184e+00 1.000000e+01
      vertex   1.692988e+01 -2.751626e+00 6.000000e+00
    endloop
  endfacet
  facet normal -9.659256e-01 -2.588200e-01 0.000000e+00
    outer loop
      vertex   1.692988e+01 -2.751626e+00 6.000000e+00
      vertex   1.709455e+01 -3.366184e+00 1.000000e+01
      vertex   1.692988e+01 -2.751626e+00 1.000000e+01
    endloop
  endfacet
  facet normal -9.961947e-01 -8.715531e-02 0.000000e+00
    outer loop
      vertex   1.715000e+01 -4.000000e+00 6.000000e+00
      vertex   1.715000e+01 -4.000000e+00 1.000000e+01
      vertex   1.709455e+01 -3.366184e+00 6.000000e+00
    endloop
  endfacet
  facet normal -9.961947e-01 -8.715531e-02 0.000000e+00
    outer loop
      vertex   1.709455e+01 -3.366184e+00 6.000000e+00
      vertex   1.715000e+01 -4.000000e+00 1.000000e+01
      vertex   1.709455e+01 -3.366184e+00 1.000000e+01
    endloop
  endfacet
  facet normal -9.961947e-01 8.715522e-02 0.000000e+00
    outer loop
      vertex   1.709455e+01 -4.633816e+00 6.000000e+00
      vertex   1.709455e+01 -4.633816e+00 1.000000e+01
      vertex   1.715000e+01 -4.000000e+00 6.000000e+00
    endloop
  endfacet
  facet normal -9.961947e-01 8.715522e-02 0.000000e+00
    outer loop
      vertex   1.715000e+01 -4.000000e+00 6.000000e+00
      vertex   1.709455e+01 -4.633816e+00 1.000000e+01
      vertex   1.715000e+01 -4.000000e+00 1.000000e+01
    endloop
  endfacet
  facet normal -9.659255e-01 2.588201e-01 0.000000e+00
    outer loop
      vertex   1.692988e+01 -5.248373e+00 6.000000e+00
      vertex   1.692988e+01 -5.248373e+00 1.000000e+01
      vertex   1.709455e+01 -4.633816e+00 6.000000e+00
    endloop
  endfacet
  facet normal -9.659255e-01 2.588201e-01 0.000000e+00
    outer loop
      vertex   1.709455e+01 -4.633816e+00 6.000000e+00
      vertex   1.692988e+01 -5.248373e+00 1.000000e+01
      vertex   1.709455e+01 -4.633816e+00 1.000000e+01
    endloop
  endfacet
  facet normal -9.063087e-01 4.226162e-01 0.000000e+00
    outer loop
      vertex   1.666099e+01 -5.825000e+00 6.000000e+00
      vertex   1.666099e+01 -5.825000e+00 1.000000e+01
      vertex   1.692988e+01 -5.248373e+00 6.000000e+00
    endloop
  endfacet
  facet normal -9.063087e-01 4.226162e-01 0.000000e+00
    outer loop
      vertex   1.692988e+01 -5.248373e+00 6.000000e+00
      vertex   1.666099e+01 -5.825000e+00 1.000000e+01
      vertex   1.692988e+01 -5.248373e+00 1.000000e+01
    endloop
  endfacet
  facet normal -8.191512e-01 5.735777e-01 0.000000e+00
    outer loop
      vertex   1.629606e+01 -6.346175e+00 6.000000e+00
      vertex   1.629606e+01 -6.346175e+00 1.000000e+01
      vertex   1.666099e+01 -5.825000e+00 6.000000e+00
    endloop
  endfacet
  facet normal -8.191512e-01 5.735777e-01 0.000000e+00
    outer loop
      vertex   1.666099e+01 -5.825000e+00 6.000000e+00
      vertex   1.629606e+01 -6.346175e+00 1.000000e+01
      vertex   1.666099e+01 -5.825000e+00 1.000000e+01
    endloop
  endfacet
  facet normal -7.071068e-01 7.071068e-01 0.000000e+00
    outer loop
      vertex   1.584617e+01 -6.796062e+00 6.000000e+00
      vertex   1.584617e+01 -6.796062e+00 1.000000e+01
      vertex   1.629606e+01 -6.346175e+00 6.000000e+00
    endloop
  endfacet
  facet normal -7.071068e-01 7.071068e-01 0.000000e+00
    outer loop
      vertex   1.629606e+01 -6.346175e+00 6.000000e+00
      vertex   1.584617e+01 -6.796062e+00 1.000000e+01
      vertex   1.629606e+01 -6.346175e+00 1.000000e+01
    endloop
  endfacet
  facet normal -5.735763e-01 8.191521e-01 0.000000e+00
    outer loop
      vertex   1.532500e+01 -7.160993e+00 6.000000e+00
      vertex   1.532500e+01 -7.160993e+00 1.000000e+01
      vertex   1.584617e+01 -6.796062e+00 6.000000e+00
    endloop
  endfacet
  facet normal -5.735763e-01 8.191521e-01 0.000000e+00
    outer loop
      vertex   1.584617e+01 -6.796062e+00 6.000000e+00
      vertex   1.532500e+01 -7.160993e+00 1.000000e+01
      vertex   1.584617e+01 -6.796062e+00 1.000000e+01
    endloop
  endfacet
  facet normal -4.226183e-01 9.063078e-01 0.000000e+00
    outer loop
      vertex   1.474837e+01 -7.429878e+00 6.000000e+00
      vertex   1.474837e+01 -7.429878e+00 1.000000e+01
      vertex   1.532500e+01 -7.160993e+00 6.000000e+00
    endloop
  endfacet
  facet normal -4.226183e-01 9.063078e-01 0.000000e+00
    outer loop
      vertex   1.532500e+01 -7.160993e+00 6.000000e+00
      vertex   1.474837e+01 -7.429878e+00 1.000000e+01
      vertex   1.532500e+01 -7.160993e+00 1.000000e+01
    endloop
  endfacet
  facet normal -2.588189e-01 9.659259e-01 0.000000e+00
    outer loop
      vertex   1.413382e+01 -7.594548e+00 6.000000e+00
      vertex   1.413382e+01 -7.594548e+00 1.000000e+01
      vertex   1.474837e+01 -7.429878e+00 6.000000e+00
    endloop
  endfacet
  facet normal -2.588189e-01 9.659259e-01 0.000000e+00
    outer loop
      vertex   1.474837e+01 -7.429878e+00 6.000000e+00
      vertex   1.413382e+01 -7.594548e+00 1.000000e+01
      vertex   1.474837e+01 -7.429878e+00 1.000000e+01
    endloop
  endfacet
  facet normal -8.715600e-02 9.961947e-01 0.000000e+00
    outer loop
      vertex   1.350000e+01 -7.650000e+00 6.000000e+00
      vertex   1.350000e+01 -7.650000e+00 1.000000e+01
      vertex   1.413382e+01 -7.594548e+00 6.000000e+00
    endloop
  endfacet
  facet normal -8.715600e-02 9.961947e-01 0.000000e+00
    outer loop
      vertex   1.413382e+01 -7.594548e+00 6.000000e+00
      vertex   1.350000e+01 -7.650000e+00 1.000000e+01
      vertex   1.413382e+01 -7.594548e+00 1.000000e+01
    endloop
  endfacet
  facet normal 0.000000e+00 0.000000e+00 1.000000e+00
    outer loop
      vertex   1.128418e+01 -3.609291e+00 6.000000e+00
      vertex   9.905452e+00 -3.366184e+00 6.000000e+00
      vertex   1.125000e+01 -4.000000e+00 6.000000e+00
    endloop
  endfacet
  facet normal 0.000000e+00 0.000000e+00 1.000000e+00
    outer loop
      vertex   1.125000e+01 -4.000000e+00 6.000000e+00
      vertex   9.905452e+00 -3.366184e+00 6.000000e+00
      vertex   9.850001e+00 -4.000000e+00 6.000000e+00
    endloop
  endfacet
  facet normal 0.000000e+00 0.000000e+00 1.000000e+00
    outer loop
      vertex   1.125000e+01 -4.000000e+00 6.000000e+00
      vertex   9.850001e+00 -4.000000e+00 6.000000e+00
      vertex   9.905452e+00 -4.633816e+00 6.000000e+00
    endloop
  endfacet
  facet normal -0.000000e+00 0.000000e+00 1.000000e+00
    outer loop
      vertex   9.905452e+00 -3.366184e+00 6.000000e+00
      vertex   1.128418e+01 -3.609291e+00 6.000000e+00
      vertex   1.007012e+01 -2.751626e+00 6.000000e+00
    endloop
  endfacet
  facet normal 0.000000e+00 0.000000e+00 1.000000e+00
    outer loop
      vertex   1.007012e+01 -2.751626e+00 6.000000e+00
      vertex   1.128418e+01 -3.609291e+00 6.000000e+00
      vertex   1.138569e+01 -3.230454e+00 6.000000e+00
    endloop
  endfacet
  facet normal 0.000000e+00 0.000000e+00 1.000000e+00
    outer loop
      vertex   1.007012e+01 -2.751626e+00 6.000000e+00
      vertex   1.138569e+01 -3.230454e+00 6.000000e+00
      vertex   1.155144e+01 -2.875000e+00 6.000000e+00
    endloop
  endfacet
  facet normal -0.000000e+00 0.000000e+00 1.000000e+00
    outer loop
      vertex   1.007012e+01 -2.751626e+00 6.000000e+00
      vertex   1.155144e+01 -2.875000e+00 6.000000e+00
      vertex   1.033901e+01 -2.175000e+00 6.000000e+00
    endloop
  endfacet
  facet normal 0.000000e+00 0.000000e+00 1.000000e+00
    outer loop
      vertex   1.033901e+01 -2.175000e+00 6.000000e+00
      vertex   1.155144e+01 -2.875000e+00 6.000000e+00
      vertex   1.177640e+01 -2.553728e+00 6.000000e+00
    endloop
  endfacet
  facet normal -0.000000e+00 0.000000e+00 1.000000e+00
    outer loop
      vertex   1.033901e+01 -2.175000e+00 6.000000e+00
      vertex   1.177640e+01 -2.553728e+00 6.000000e+00
      vertex   1.070394e+01 -1.653824e+00 6.000000e+00
    endloop
  endfacet
  facet normal 0.000000e+00 0.000000e+00 1.000000e+00
    outer loop
      vertex   1.070394e+01 -1.653824e+00 6.000000e+00
      vertex   1.177640e+01 -2.553728e+00 6.000000e+00
      vertex   1.205373e+01 -2.276400e+00 6.000000e+00
    endloop
  endfacet
  facet normal -0.000000e+00 0.000000e+00 1.000000e+00
    outer loop
      vertex   1.070394e+01 -1.653824e+00 6.000000e+00
      vertex   1.205373e+01 -2.276400e+00 6.000000e+00
      vertex   1.115383e+01 -1.203938e+00 6.000000e+00
    endloop
  endfacet
  facet normal -0.000000e+00 0.000000e+00 1.000000e+00
    outer loop
      vertex   1.115383e+01 -1.203938e+00 6.000000e+00
      vertex   1.205373e+01 -2.276400e+00 6.000000e+00
      vertex   1.167500e+01 -8.390075e-01 6.000000e+00
    endloop
  endfacet
  facet normal 0.000000e+00 0.000000e+00 1.000000e+00
    outer loop
      vertex   1.167500e+01 -8.390075e-01 6.000000e+00
      vertex   1.205373e+01 -2.276400e+00 6.000000e+00
      vertex   1.237500e+01 -2.051442e+00 6.000000e+00
    endloop
  endfacet
  facet normal 0.000000e+00 0.000000e+00 1.000000e+00
    outer loop
      vertex   1.167500e+01 -8.390075e-01 6.000000e+00
      vertex   1.237500e+01 -2.051442e+00 6.000000e+00
      vertex   1.273045e+01 -1.885691e+00 6.000000e+00
    endloop
  endfacet
  facet normal 0.000000e+00 0.000000e+00 1.000000e+00
    outer loop
      vertex   1.310929e+01 -1.784182e+00 6.000000e+00
      vertex   1.286618e+01 -4.054517e-01 6.000000e+00
      vertex   1.273045e+01 -1.885691e+00 6.000000e+00
    endloop
  endfacet
  facet normal 0.000000e+00 -0.000000e+00 1.000000e+00
    outer loop
      vertex   1.273045e+01 -1.885691e+00 6.000000e+00
      vertex   1.286618e+01 -4.054517e-01 6.000000e+00
      vertex   1.225163e+01 -5.701214e-01 6.000000e+00
    endloop
  endfacet
  facet normal 0.000000e+00 0.000000e+00 1.000000e+00
    outer loop
      vertex   1.273045e+01 -1.885691e+00 6.000000e+00
      vertex   1.225163e+01 -5.701214e-01 6.000000e+00
      vertex   1.167500e+01 -8.390075e-01 6.000000e+00
    endloop
  endfacet
  facet normal -0.000000e+00 0.000000e+00 1.000000e+00
    outer loop
      vertex   1.286618e+01 -4.054517e-01 6.000000e+00
      vertex   1.310929e+01 -1.784182e+00 6.000000e+00
      vertex   1.350000e+01 -3.500003e-01 6.000000e+00
    endloop
  endfacet
  facet normal 0.000000e+00 0.000000e+00 1.000000e+00
    outer loop
      vertex   1.350000e+01 -3.500003e-01 6.000000e+00
      vertex   1.310929e+01 -1.784182e+00 6.000000e+00
      vertex   1.350000e+01 -1.750000e+00 6.000000e+00
    endloop
  endfacet
  facet normal 0.000000e+00 0.000000e+00 1.000000e+00
    outer loop
      vertex   1.350000e+01 -3.500003e-01 6.000000e+00
      vertex   1.350000e+01 -1.750000e+00 6.000000e+00
      vertex   1.389071e+01 -1.784182e+00 6.000000e+00
    endloop
  endfacet
  facet normal 0.000000e+00 0.000000e+00 1.000000e+00
    outer loop
      vertex   1.350000e+01 -3.500003e-01 6.000000e+00
      vertex   1.389071e+01 -1.784182e+00 6.000000e+00
      vertex   1.413382e+01 -4.054517e-01 6.000000e+00
    endloop
  endfacet
  facet normal 0.000000e+00 0.000000e+00 1.000000e+00
    outer loop
      vertex   1.413382e+01 -4.054517e-01 6.000000e+00
      vertex   1.389071e+01 -1.784182e+00 6.000000e+00
      vertex   1.426955e+01 -1.885691e+00 6.000000e+00
    endloop
  endfacet
  facet normal 0.000000e+00 0.000000e+00 1.000000e+00
    outer loop
      vertex   1.413382e+01 -4.054517e-01 6.000000e+00
      vertex   1.426955e+01 -1.885691e+00 6.000000e+00
      vertex   1.474837e+01 -5.701214e-01 6.000000e+00
    endloop
  endfacet
  facet normal 0.000000e+00 0.000000e+00 1.000000e+00
    outer loop
      vertex   1.474837e+01 -5.701214e-01 6.000000e+00
      vertex   1.426955e+01 -1.885691e+00 6.000000e+00
      vertex   1.532500e+01 -8.390075e-01 6.000000e+00
    endloop
  endfacet
  facet normal 0.000000e+00 0.000000e+00 1.000000e+00
    outer loop
      vertex   1.532500e+01 -8.390075e-01 6.000000e+00
      vertex   1.426955e+01 -1.885691e+00 6.000000e+00
      vertex   1.462500e+01 -2.051442e+00 6.000000e+00
    endloop
  endfacet
  facet normal 0.000000e+00 0.000000e+00 1.000000e+00
    outer loop
      vertex   1.532500e+01 -8.390075e-01 6.000000e+00
      vertex   1.462500e+01 -2.051442e+00 6.000000e+00
      vertex   1.494627e+01 -2.276400e+00 6.000000e+00
    endloop
  endfacet
  facet normal 0.000000e+00 -0.000000e+00 1.000000e+00
    outer loop
      vertex   1.522360e+01 -2.553728e+00 6.000000e+00
      vertex   1.629606e+01 -1.653824e+00 6.000000e+00
      vertex   1.494627e+01 -2.276400e+00 6.000000e+00
    endloop
  endfacet
  facet normal 0.000000e+00 0.000000e+00 1.000000e+00
    outer loop
      vertex   1.494627e+01 -2.276400e+00 6.000000e+00
      vertex   1.629606e+01 -1.653824e+00 6.000000e+00
      vertex   1.584617e+01 -1.203938e+00 6.000000e+00
    endloop
  endfacet
  facet normal 0.000000e+00 0.000000e+00 1.000000e+00
    outer loop
      vertex   1.494627e+01 -2.276400e+00 6.000000e+00
      vertex   1.584617e+01 -1.203938e+00 6.000000e+00
      vertex   1.532500e+01 -8.390075e-01 6.000000e+00
    endloop
  endfacet
  facet normal 0.000000e+00 0.000000e+00 1.000000e+00
    outer loop
      vertex   1.629606e+01 -1.653824e+00 6.000000e+00
      vertex   1.522360e+01 -2.553728e+00 6.000000e+00
      vertex   1.666099e+01 -2.175000e+00 6.000000e+00
    endloop
  endfacet
  facet normal 0.000000e+00 0.000000e+00 1.000000e+00
    outer loop
      vertex   1.666099e+01 -2.175000e+00 6.000000e+00
      vertex   1.522360e+01 -2.553728e+00 6.000000e+00
      vertex   1.544856e+01 -2.875000e+00 6.000000e+00
    endloop
  endfacet
  facet normal 0.000000e+00 0.000000e+00 1.000000e+00
    outer loop
      vertex   1.666099e+01 -2.175000e+00 6.000000e+00
      vertex   1.544856e+01 -2.875000e+00 6.000000e+00
      vertex   1.692988e+01 -2.751626e+00 6.000000e+00
    endloop
  endfacet
  facet normal 0.000000e+00 0.000000e+00 1.000000e+00
    outer loop
      vertex   1.692988e+01 -2.751626e+00 6.000000e+00
      vertex   1.544856e+01 -2.875000e+00 6.000000e+00
      vertex   1.561431e+01 -3.230454e+00 6.000000e+00
    endloop
  endfacet
  facet normal 0.000000e+00 0.000000e+00 1.000000e+00
    outer loop
      vertex   1.692988e+01 -2.751626e+00 6.000000e+00
      vertex   1.561431e+01 -3.230454e+00 6.000000e+00
      vertex   1.571582e+01 -3.609291e+00 6.000000e+00
    endloop
  endfacet
  facet normal 0.000000e+00 0.000000e+00 1.000000e+00
    outer loop
      vertex   1.692988e+01 -2.751626e+00 6.000000e+00
      vertex   1.571582e+01 -3.609291e+00 6.000000e+00
      vertex   1.709455e+01 -3.366184e+00 6.000000e+00
    endloop
  endfacet
  facet normal 0.000000e+00 0.000000e+00 1.000000e+00
    outer loop
      vertex   1.709455e+01 -3.366184e+00 6.000000e+00
      vertex   1.571582e+01 -3.609291e+00 6.000000e+00
      vertex   1.575000e+01 -4.000000e+00 6.000000e+00
    endloop
  endfacet
  facet normal 0.000000e+00 0.000000e+00 1.000000e+00
    outer loop
      vertex   1.709455e+01 -3.366184e+00 6.000000e+00
      vertex   1.575000e+01 -4.000000e+00 6.000000e+00
      vertex   1.715000e+01 -4.000000e+00 6.000000e+00
    endloop
  endfacet
  facet normal 0.000000e+00 0.000000e+00 1.000000e+00
    outer loop
      vertex   1.715000e+01 -4.000000e+00 6.000000e+00
      vertex   1.575000e+01 -4.000000e+00 6.000000e+00
      vertex   1.709455e+01 -4.633816e+00 6.000000e+00
    endloop
  endfacet
  facet normal 0.000000e+00 0.000000e+00 1.000000e+00
    outer loop
      vertex   1.709455e+01 -4.633816e+00 6.000000e+00
      vertex   1.575000e+01 -4.000000e+00 6.000000e+00
      vertex   1.571582e+01 -4.390708e+00 6.000000e+00
    endloop
  endfacet
  facet normal 0.000000e+00 0.000000e+00 1.000000e+00
    outer loop
      vertex   1.709455e+01 -4.633816e+00 6.000000e+00
      vertex   1.571582e+01 -4.390708e+00 6.000000e+00
      vertex   1.692988e+01 -5.248373e+00 6.000000e+00
    endloop
  endfacet
  facet normal 0.000000e+00 0.000000e+00 1.000000e+00
    outer loop
      vertex   1.692988e+01 -5.248373e+00 6.000000e+00
      vertex   1.571582e+01 -4.390708e+00 6.000000e+00
      vertex   1.561431e+01 -4.769545e+00 6.000000e+00
    endloop
  endfacet
  facet normal 0.000000e+00 0.000000e+00 1.000000e+00
    outer loop
      vertex   1.692988e+01 -5.248373e+00 6.000000e+00
      vertex   1.561431e+01 -4.769545e+00 6.000000e+00
      vertex   1.544856e+01 -5.125000e+00 6.000000e+00
    endloop
  endfacet
  facet normal 0.000000e+00 0.000000e+00 1.000000e+00
    outer loop
      vertex   1.692988e+01 -5.248373e+00 6.000000e+00
      vertex   1.544856e+01 -5.125000e+00 6.000000e+00
      vertex   1.666099e+01 -5.825000e+00 6.000000e+00
    endloop
  endfacet
  facet normal 0.000000e+00 0.000000e+00 1.000000e+00
    outer loop
      vertex   1.666099e+01 -5.825000e+00 6.000000e+00
      vertex   1.544856e+01 -5.125000e+00 6.000000e+00
      vertex   1.522360e+01 -5.446272e+00 6.000000e+00
    endloop
  endfacet
  facet normal 0.000000e+00 0.000000e+00 1.000000e+00
    outer loop
      vertex   1.666099e+01 -5.825000e+00 6.000000e+00
      vertex   1.522360e+01 -5.446272e+00 6.000000e+00
      vertex   1.629606e+01 -6.346175e+00 6.000000e+00
    endloop
  endfacet
  facet normal 0.000000e+00 0.000000e+00 1.000000e+00
    outer loop
      vertex   1.629606e+01 -6.346175e+00 6.000000e+00
      vertex   1.522360e+01 -5.446272e+00 6.000000e+00
      vertex   1.584617e+01 -6.796062e+00 6.000000e+00
    endloop
  endfacet
  facet normal 0.000000e+00 0.000000e+00 1.000000e+00
    outer loop
      vertex   1.584617e+01 -6.796062e+00 6.000000e+00
      vertex   1.522360e+01 -5.446272e+00 6.000000e+00
      vertex   1.494627e+01 -5.723600e+00 6.000000e+00
    endloop
  endfacet
  facet normal 0.000000e+00 0.000000e+00 1.000000e+00
    outer loop
      vertex   1.584617e+01 -6.796062e+00 6.000000e+00
      vertex   1.494627e+01 -5.723600e+00 6.000000e+00
      vertex   1.532500e+01 -7.160993e+00 6.000000e+00
    endloop
  endfacet
  facet normal 0.000000e+00 0.000000e+00 1.000000e+00
    outer loop
      vertex   1.532500e+01 -7.160993e+00 6.000000e+00
      vertex   1.494627e+01 -5.723600e+00 6.000000e+00
      vertex   1.462500e+01 -5.948557e+00 6.000000e+00
    endloop
  endfacet
  facet normal 0.000000e+00 0.000000e+00 1.000000e+00
    outer loop
      vertex   1.532500e+01 -7.160993e+00 6.000000e+00
      vertex   1.462500e+01 -5.948557e+00 6.000000e+00
      vertex   1.426955e+01 -6.114308e+00 6.000000e+00
    endloop
  endfacet
  facet normal -0.000000e+00 0.000000e+00 1.000000e+00
    outer loop
      vertex   1.389071e+01 -6.215817e+00 6.000000e+00
      vertex   1.413382e+01 -7.594548e+00 6.000000e+00
      vertex   1.426955e+01 -6.114308e+00 6.000000e+00
    endloop
  endfacet
  facet normal 0.000000e+00 0.000000e+00 1.000000e+00
    outer loop
      vertex   1.426955e+01 -6.114308e+00 6.000000e+00
      vertex   1.413382e+01 -7.594548e+00 6.000000e+00
      vertex   1.474837e+01 -7.429878e+00 6.000000e+00
    endloop
  endfacet
  facet normal 0.000000e+00 0.000000e+00 1.000000e+00
    outer loop
      vertex   1.426955e+01 -6.114308e+00 6.000000e+00
      vertex   1.474837e+01 -7.429878e+00 6.000000e+00
      vertex   1.532500e+01 -7.160993e+00 6.000000e+00
    endloop
  endfacet
  facet normal 0.000000e+00 0.000000e+00 1.000000e+00
    outer loop
      vertex   1.389071e+01 -6.215817e+00 6.000000e+00
      vertex   1.350000e+01 -6.250000e+00 6.000000e+00
      vertex   1.413382e+01 -7.594548e+00 6.000000e+00
    endloop
  endfacet
  facet normal 0.000000e+00 0.000000e+00 1.000000e+00
    outer loop
      vertex   1.413382e+01 -7.594548e+00 6.000000e+00
      vertex   1.350000e+01 -6.250000e+00 6.000000e+00
      vertex   1.350000e+01 -7.650000e+00 6.000000e+00
    endloop
  endfacet
  facet normal 0.000000e+00 -0.000000e+00 1.000000e+00
    outer loop
      vertex   1.350000e+01 -7.650000e+00 6.000000e+00
      vertex   1.350000e+01 -6.250000e+00 6.000000e+00
      vertex   1.286618e+01 -7.594548e+00 6.000000e+00
    endloop
  endfacet
  facet normal 0.000000e+00 0.000000e+00 1.000000e+00
    outer loop
      vertex   1.286618e+01 -7.594548e+00 6.000000e+00
      vertex   1.350000e+01 -6.250000e+00 6.000000e+00
      vertex   1.310929e+01 -6.215817e+00 6.000000e+00
    endloop
  endfacet
  facet normal 0.000000e+00 -0.000000e+00 1.000000e+00
    outer loop
      vertex   1.286618e+01 -7.594548e+00 6.000000e+00
      vertex   1.310929e+01 -6.215817e+00 6.000000e+00
      vertex   1.273045e+01 -6.114308e+00 6.000000e+00
    endloop
  endfacet
  facet normal 0.000000e+00 0.000000e+00 1.000000e+00
    outer loop
      vertex   1.237500e+01 -5.948557e+00 6.000000e+00
      vertex   1.167500e+01 -7.160993e+00 6.000000e+00
      vertex   1.273045e+01 -6.114308e+00 6.000000e+00
    endloop
  endfacet
  facet normal 0.000000e+00 0.000000e+00 1.000000e+00
    outer loop
      vertex   1.273045e+01 -6.114308e+00 6.000000e+00
      vertex   1.167500e+01 -7.160993e+00 6.000000e+00
      vertex   1.225163e+01 -7.429878e+00 6.000000e+00
    endloop
  endfacet
  facet normal 0.000000e+00 0.000000e+00 1.000000e+00
    outer loop
      vertex   1.273045e+01 -6.114308e+00 6.000000e+00
      vertex   1.225163e+01 -7.429878e+00 6.000000e+00
      vertex   1.286618e+01 -7.594548e+00 6.000000e+00
    endloop
  endfacet
  facet normal 0.000000e+00 0.000000e+00 1.000000e+00
    outer loop
      vertex   1.237500e+01 -5.948557e+00 6.000000e+00
      vertex   1.205373e+01 -5.723600e+00 6.000000e+00
      vertex   1.167500e+01 -7.160993e+00 6.000000e+00
    endloop
  endfacet
  facet normal 0.000000e+00 -0.000000e+00 1.000000e+00
    outer loop
      vertex   1.167500e+01 -7.160993e+00 6.000000e+00
      vertex   1.205373e+01 -5.723600e+00 6.000000e+00
      vertex   1.115383e+01 -6.796062e+00 6.000000e+00
    endloop
  endfacet
  facet normal 0.000000e+00 0.000000e+00 1.000000e+00
    outer loop
      vertex   1.115383e+01 -6.796062e+00 6.000000e+00
      vertex   1.205373e+01 -5.723600e+00 6.000000e+00
      vertex   1.177640e+01 -5.446272e+00 6.000000e+00
    endloop
  endfacet
  facet normal 0.000000e+00 -0.000000e+00 1.000000e+00
    outer loop
      vertex   1.115383e+01 -6.796062e+00 6.000000e+00
      vertex   1.177640e+01 -5.446272e+00 6.000000e+00
      vertex   1.070394e+01 -6.346175e+00 6.000000e+00
    endloop
  endfacet
  facet normal 0.000000e+00 -0.000000e+00 1.000000e+00
    outer loop
      vertex   1.070394e+01 -6.346175e+00 6.000000e+00
      vertex   1.177640e+01 -5.446272e+00 6.000000e+00
      vertex   1.033901e+01 -5.825000e+00 6.000000e+00
    endloop
  endfacet
  facet normal 0.000000e+00 0.000000e+00 1.000000e+00
    outer loop
      vertex   1.033901e+01 -5.825000e+00 6.000000e+00
      vertex   1.177640e+01 -5.446272e+00 6.000000e+00
      vertex   1.155144e+01 -5.125000e+00 6.000000e+00
    endloop
  endfacet
  facet normal 0.000000e+00 -0.000000e+00 1.000000e+00
    outer loop
      vertex   1.033901e+01 -5.825000e+00 6.000000e+00
      vertex   1.155144e+01 -5.125000e+00 6.000000e+00
      vertex   1.007012e+01 -5.248373e+00 6.000000e+00
    endloop
  endfacet
  facet normal 0.000000e+00 0.000000e+00 1.000000e+00
    outer loop
      vertex   1.007012e+01 -5.248373e+00 6.000000e+00
      vertex   1.155144e+01 -5.125000e+00 6.000000e+00
      vertex   1.138569e+01 -4.769545e+00 6.000000e+00
    endloop
  endfacet
  facet normal 0.000000e+00 0.000000e+00 1.000000e+00
    outer loop
      vertex   1.007012e+01 -5.248373e+00 6.000000e+00
      vertex   1.138569e+01 -4.769545e+00 6.000000e+00
      vertex   1.128418e+01 -4.390708e+00 6.000000e+00
    endloop
  endfacet
  facet normal 0.000000e+00 -0.000000e+00 1.000000e+00
    outer loop
      vertex   1.007012e+01 -5.248373e+00 6.000000e+00
      vertex   1.128418e+01 -4.390708e+00 6.000000e+00
      vertex   9.905452e+00 -4.633816e+00 6.000000e+00
    endloop
  endfacet
  facet normal 0.000000e+00 0.000000e+00 1.000000e+00
    outer loop
      vertex   9.905452e+00 -4.633816e+00 6.000000e+00
      vertex   1.128418e+01 -4.390708e+00 6.000000e+00
      vertex   1.125000e+01 -4.000000e+00 6.000000e+00
    endloop
  endfacet
  facet normal 5.735764e-01 -8.191521e-01 0.000000e+00
    outer loop
      vertex   1.237500e+01 -2.051442e+00 -1.942890e-15
      vertex   1.237500e+01 -2.051442e+00 6.000000e+00
      vertex   1.205373e+01 -2.276400e+00 -2.220446e-15
    endloop
  endfacet
  facet normal 5.735764e-01 -8.191521e-01 0.000000e+00
    outer loop
      vertex   1.205373e+01 -2.276400e+00 -2.220446e-15
      vertex   1.237500e+01 -2.051442e+00 6.000000e+00
      vertex   1.205373e+01 -2.276400e+00 6.000000e+00
    endloop
  endfacet
  facet normal 4.226189e-01 -9.063075e-01 0.000000e+00
    outer loop
      vertex   1.273045e+01 -1.885691e+00 -1.665335e-15
      vertex   1.273045e+01 -1.885691e+00 6.000000e+00
      vertex   1.237500e+01 -2.051442e+00 -1.942890e-15
    endloop
  endfacet
  facet normal 4.226189e-01 -9.063075e-01 0.000000e+00
    outer loop
      vertex   1.237500e+01 -2.051442e+00 -1.942890e-15
      vertex   1.273045e+01 -1.885691e+00 6.000000e+00
      vertex   1.237500e+01 -2.051442e+00 6.000000e+00
    endloop
  endfacet
  facet normal 2.588187e-01 -9.659259e-01 0.000000e+00
    outer loop
      vertex   1.310929e+01 -1.784182e+00 -1.665335e-15
      vertex   1.310929e+01 -1.784182e+00 6.000000e+00
      vertex   1.273045e+01 -1.885691e+00 -1.665335e-15
    endloop
  endfacet
  facet normal 2.588187e-01 -9.659259e-01 0.000000e+00
    outer loop
      vertex   1.273045e+01 -1.885691e+00 -1.665335e-15
      vertex   1.310929e+01 -1.784182e+00 6.000000e+00
      vertex   1.273045e+01 -1.885691e+00 6.000000e+00
    endloop
  endfacet
  facet normal 8.715451e-02 -9.961948e-01 0.000000e+00
    outer loop
      vertex   1.350000e+01 -1.750000e+00 -1.387779e-15
      vertex   1.350000e+01 -1.750000e+00 6.000000e+00
      vertex   1.310929e+01 -1.784182e+00 -1.665335e-15
    endloop
  endfacet
  facet normal 8.715451e-02 -9.961948e-01 0.000000e+00
    outer loop
      vertex   1.310929e+01 -1.784182e+00 -1.665335e-15
      vertex   1.350000e+01 -1.750000e+00 6.000000e+00
      vertex   1.310929e+01 -1.784182e+00 6.000000e+00
    endloop
  endfacet
  facet normal -8.715451e-02 -9.961948e-01 0.000000e+00
    outer loop
      vertex   1.389071e+01 -1.784182e+00 -1.110223e-15
      vertex   1.389071e+01 -1.784182e+00 6.000000e+00
      vertex   1.350000e+01 -1.750000e+00 -1.387779e-15
    endloop
  endfacet
  facet normal -8.715451e-02 -9.961948e-01 0.000000e+00
    outer loop
      vertex   1.350000e+01 -1.750000e+00 -1.387779e-15
      vertex   1.389071e+01 -1.784182e+00 6.000000e+00
      vertex   1.350000e+01 -1.750000e+00 6.000000e+00
    endloop
  endfacet
  facet normal -2.588187e-01 -9.659259e-01 0.000000e+00
    outer loop
      vertex   1.426955e+01 -1.885691e+00 -8.326673e-16
      vertex   1.426955e+01 -1.885691e+00 6.000000e+00
      vertex   1.389071e+01 -1.784182e+00 -1.110223e-15
    endloop
  endfacet
  facet normal -2.588187e-01 -9.659259e-01 0.000000e+00
    outer loop
      vertex   1.389071e+01 -1.784182e+00 -1.110223e-15
      vertex   1.426955e+01 -1.885691e+00 6.000000e+00
      vertex   1.389071e+01 -1.784182e+00 6.000000e+00
    endloop
  endfacet
  facet normal -4.226189e-01 -9.063075e-01 0.000000e+00
    outer loop
      vertex   1.462500e+01 -2.051442e+00 -8.326673e-16
      vertex   1.462500e+01 -2.051442e+00 6.000000e+00
      vertex   1.426955e+01 -1.885691e+00 -8.326673e-16
    endloop
  endfacet
  facet normal -4.226189e-01 -9.063075e-01 0.000000e+00
    outer loop
      vertex   1.426955e+01 -1.885691e+00 -8.326673e-16
      vertex   1.462500e+01 -2.051442e+00 6.000000e+00
      vertex   1.426955e+01 -1.885691e+00 6.000000e+00
    endloop
  endfacet
  facet normal -5.735764e-01 -8.191521e-01 0.000000e+00
    outer loop
      vertex   1.494627e+01 -2.276400e+00 -5.551115e-16
      vertex   1.494627e+01 -2.276400e+00 6.000000e+00
      vertex   1.462500e+01 -2.051442e+00 -8.326673e-16
    endloop
  endfacet
  facet normal -5.735764e-01 -8.191521e-01 0.000000e+00
    outer loop
      vertex   1.462500e+01 -2.051442e+00 -8.326673e-16
      vertex   1.494627e+01 -2.276400e+00 6.000000e+00
      vertex   1.462500e+01 -2.051442e+00 6.000000e+00
    endloop
  endfacet
  facet normal -7.071068e-01 -7.071068e-01 0.000000e+00
    outer loop
      vertex   1.522360e+01 -2.553728e+00 -5.551115e-16
      vertex   1.522360e+01 -2.553728e+00 6.000000e+00
      vertex   1.494627e+01 -2.276400e+00 -5.551115e-16
    endloop
  endfacet
  facet normal -7.071068e-01 -7.071068e-01 0.000000e+00
    outer loop
      vertex   1.494627e+01 -2.276400e+00 -5.551115e-16
      vertex   1.522360e+01 -2.553728e+00 6.000000e+00
      vertex   1.494627e+01 -2.276400e+00 6.000000e+00
    endloop
  endfacet
  facet normal -8.191525e-01 -5.735758e-01 0.000000e+00
    outer loop
      vertex   1.544856e+01 -2.875000e+00 -2.775558e-16
      vertex   1.544856e+01 -2.875000e+00 6.000000e+00
      vertex   1.522360e+01 -2.553728e+00 -5.551115e-16
    endloop
  endfacet
  facet normal -8.191525e-01 -5.735758e-01 0.000000e+00
    outer loop
      vertex   1.522360e+01 -2.553728e+00 -5.551115e-16
      vertex   1.544856e+01 -2.875000e+00 6.000000e+00
      vertex   1.522360e+01 -2.553728e+00 6.000000e+00
    endloop
  endfacet
  facet normal -9.063080e-01 -4.226177e-01 0.000000e+00
    outer loop
      vertex   1.561431e+01 -3.230454e+00 -2.775558e-16
      vertex   1.561431e+01 -3.230454e+00 6.000000e+00
      vertex   1.544856e+01 -2.875000e+00 -2.775558e-16
    endloop
  endfacet
  facet normal -9.063080e-01 -4.226177e-01 0.000000e+00
    outer loop
      vertex   1.544856e+01 -2.875000e+00 -2.775558e-16
      vertex   1.561431e+01 -3.230454e+00 6.000000e+00
      vertex   1.544856e+01 -2.875000e+00 6.000000e+00
    endloop
  endfacet
  facet normal -9.659258e-01 -2.588191e-01 0.000000e+00
    outer loop
      vertex   1.571582e+01 -3.609291e+00 -2.775558e-16
      vertex   1.571582e+01 -3.609291e+00 6.000000e+00
      vertex   1.561431e+01 -3.230454e+00 -2.775558e-16
    endloop
  endfacet
  facet normal -9.659258e-01 -2.588191e-01 0.000000e+00
    outer loop
      vertex   1.561431e+01 -3.230454e+00 -2.775558e-16
      vertex   1.571582e+01 -3.609291e+00 6.000000e+00
      vertex   1.561431e+01 -3.230454e+00 6.000000e+00
    endloop
  endfacet
  facet normal -9.961945e-01 -8.715752e-02 0.000000e+00
    outer loop
      vertex   1.575000e+01 -4.000000e+00 -2.775558e-16
      vertex   1.575000e+01 -4.000000e+00 6.000000e+00
      vertex   1.571582e+01 -3.609291e+00 -2.775558e-16
    endloop
  endfacet
  facet normal -9.961945e-01 -8.715752e-02 0.000000e+00
    outer loop
      vertex   1.571582e+01 -3.609291e+00 -2.775558e-16
      vertex   1.575000e+01 -4.000000e+00 6.000000e+00
      vertex   1.571582e+01 -3.609291e+00 6.000000e+00
    endloop
  endfacet
  facet normal -9.961945e-01 8.715752e-02 0.000000e+00
    outer loop
      vertex   1.571582e+01 -4.390708e+00 -2.775558e-16
      vertex   1.571582e+01 -4.390708e+00 6.000000e+00
      vertex   1.575000e+01 -4.000000e+00 -2.775558e-16
    endloop
  endfacet
  facet normal -9.961945e-01 8.715752e-02 0.000000e+00
    outer loop
      vertex   1.575000e+01 -4.000000e+00 -2.775558e-16
      vertex   1.571582e+01 -4.390708e+00 6.000000e+00
      vertex   1.575000e+01 -4.000000e+00 6.000000e+00
    endloop
  endfacet
  facet normal -9.659258e-01 2.588191e-01 0.000000e+00
    outer loop
      vertex   1.561431e+01 -4.769545e+00 -5.551115e-16
      vertex   1.561431e+01 -4.769545e+00 6.000000e+00
      vertex   1.571582e+01 -4.390708e+00 -2.775558e-16
    endloop
  endfacet
  facet normal -9.659258e-01 2.588191e-01 0.000000e+00
    outer loop
      vertex   1.571582e+01 -4.390708e+00 -2.775558e-16
      vertex   1.561431e+01 -4.769545e+00 6.000000e+00
      vertex   1.571582e+01 -4.390708e+00 6.000000e+00
    endloop
  endfacet
  facet normal -9.063080e-01 4.226177e-01 0.000000e+00
    outer loop
      vertex   1.544856e+01 -5.125000e+00 -5.551115e-16
      vertex   1.544856e+01 -5.125000e+00 6.000000e+00
      vertex   1.561431e+01 -4.769545e+00 -5.551115e-16
    endloop
  endfacet
  facet normal -9.063080e-01 4.226177e-01 0.000000e+00
    outer loop
      vertex   1.561431e+01 -4.769545e+00 -5.551115e-16
      vertex   1.544856e+01 -5.125000e+00 6.000000e+00
      vertex   1.561431e+01 -4.769545e+00 6.000000e+00
    endloop
  endfacet
  facet normal -8.191530e-01 5.735750e-01 0.000000e+00
    outer loop
      vertex   1.522360e+01 -5.446272e+00 -8.326673e-16
      vertex   1.522360e+01 -5.446272e+00 6.000000e+00
      vertex   1.544856e+01 -5.125000e+00 -5.551115e-16
    endloop
  endfacet
  facet normal -8.191530e-01 5.735750e-01 0.000000e+00
    outer loop
      vertex   1.544856e+01 -5.125000e+00 -5.551115e-16
      vertex   1.522360e+01 -5.446272e+00 6.000000e+00
      vertex   1.544856e+01 -5.125000e+00 6.000000e+00
    endloop
  endfacet
  facet normal -7.071060e-01 7.071075e-01 0.000000e+00
    outer loop
      vertex   1.494627e+01 -5.723600e+00 -8.326673e-16
      vertex   1.494627e+01 -5.723600e+00 6.000000e+00
      vertex   1.522360e+01 -5.446272e+00 -8.326673e-16
    endloop
  endfacet
  facet normal -7.071060e-01 7.071075e-01 0.000000e+00
    outer loop
      vertex   1.522360e+01 -5.446272e+00 -8.326673e-16
      vertex   1.494627e+01 -5.723600e+00 6.000000e+00
      vertex   1.522360e+01 -5.446272e+00 6.000000e+00
    endloop
  endfacet
endsolid
