solid ASCII
  facet normal 9.984815e-01 -5.508776e-02 5.218961e-16
    outer loop
      vertex   8.446084e+02 8.211999e+01 2.168250e+02
      vertex   8.446084e+02 8.211999e+01 2.198250e+02
      vertex   8.445924e+02 8.183122e+01 2.168250e+02
    endloop
  endfacet
  facet normal 9.984815e-01 -5.508776e-02 5.218961e-16
    outer loop
      vertex   8.445924e+02 8.183122e+01 2.168250e+02
      vertex   8.446084e+02 8.211999e+01 2.198250e+02
      vertex   8.445924e+02 8.183122e+01 2.198250e+02
    endloop
  endfacet
  facet normal 9.984815e-01 5.508776e-02 -5.218961e-16
    outer loop
      vertex   8.445924e+02 8.183122e+01 2.168250e+02
      vertex   8.445924e+02 8.183122e+01 2.198250e+02
      vertex   8.446084e+02 8.154245e+01 2.168250e+02
    endloop
  endfacet
  facet normal 9.984815e-01 5.508776e-02 -7.828442e-16
    outer loop
      vertex   8.446084e+02 8.154245e+01 2.168250e+02
      vertex   8.445924e+02 8.183122e+01 2.198250e+02
      vertex   8.446084e+02 8.154245e+01 2.198250e+02
    endloop
  endfacet
  facet normal 9.863613e-01 1.645946e-01 -2.339030e-15
    outer loop
      vertex   8.446084e+02 8.154245e+01 2.168250e+02
      vertex   8.446084e+02 8.154245e+01 2.198250e+02
      vertex   8.446560e+02 8.125718e+01 2.168250e+02
    endloop
  endfacet
  facet normal 9.863613e-01 1.645946e-01 -1.559353e-15
    outer loop
      vertex   8.446560e+02 8.125718e+01 2.168250e+02
      vertex   8.446084e+02 8.154245e+01 2.198250e+02
      vertex   8.446560e+02 8.125718e+01 2.198250e+02
    endloop
  endfacet
  facet normal 9.622680e-01 2.721035e-01 -2.577882e-15
    outer loop
      vertex   8.446560e+02 8.125718e+01 2.168250e+02
      vertex   8.446560e+02 8.125718e+01 2.198250e+02
      vertex   8.447347e+02 8.097889e+01 2.168250e+02
    endloop
  endfacet
  facet normal 9.622680e-01 2.721035e-01 -3.866823e-15
    outer loop
      vertex   8.447347e+02 8.097889e+01 2.168250e+02
      vertex   8.446560e+02 8.125718e+01 2.198250e+02
      vertex   8.447347e+02 8.097889e+01 2.198250e+02
    endloop
  endfacet
  facet normal 9.264941e-01 3.763094e-01 -5.347678e-15
    outer loop
      vertex   8.447347e+02 8.097889e+01 2.168250e+02
      vertex   8.447347e+02 8.097889e+01 2.198250e+02
      vertex   8.448435e+02 8.071093e+01 2.168250e+02
    endloop
  endfacet
  facet normal 9.264941e-01 3.763094e-01 -3.565119e-15
    outer loop
      vertex   8.448435e+02 8.071093e+01 2.168250e+02
      vertex   8.447347e+02 8.097889e+01 2.198250e+02
      vertex   8.448435e+02 8.071093e+01 2.198250e+02
    endloop
  endfacet
  facet normal 8.794738e-01 4.759474e-01 -4.509080e-15
    outer loop
      vertex   8.448435e+02 8.071093e+01 2.168250e+02
      vertex   8.448435e+02 8.071093e+01 2.198250e+02
      vertex   8.449811e+02 8.045658e+01 2.168250e+02
    endloop
  endfacet
  facet normal 8.794738e-01 4.759474e-01 -6.763619e-15
    outer loop
      vertex   8.449811e+02 8.045658e+01 2.168250e+02
      vertex   8.448435e+02 8.071093e+01 2.198250e+02
      vertex   8.449811e+02 8.045658e+01 2.198250e+02
    endloop
  endfacet
  facet normal 8.217778e-01 5.698081e-01 -8.097460e-15
    outer loop
      vertex   8.449811e+02 8.045658e+01 2.168250e+02
      vertex   8.449811e+02 8.045658e+01 2.198250e+02
      vertex   8.451459e+02 8.021891e+01 2.168250e+02
    endloop
  endfacet
  facet normal 8.217778e-01 5.698081e-01 -8.097460e-15
    outer loop
      vertex   8.451459e+02 8.021891e+01 2.168250e+02
      vertex   8.449811e+02 8.045658e+01 2.198250e+02
      vertex   8.451459e+02 8.021891e+01 2.198250e+02
    endloop
  endfacet
  facet normal 7.541066e-01 6.567520e-01 -9.333008e-15
    outer loop
      vertex   8.451459e+02 8.021891e+01 2.168250e+02
      vertex   8.451459e+02 8.021891e+01 2.198250e+02
      vertex   8.453359e+02 8.000082e+01 2.168250e+02
    endloop
  endfacet
  facet normal 7.541066e-01 6.567520e-01 -6.222005e-15
    outer loop
      vertex   8.453359e+02 8.000082e+01 2.168250e+02
      vertex   8.451459e+02 8.021891e+01 2.198250e+02
      vertex   8.453359e+02 8.000082e+01 2.198250e+02
    endloop
  endfacet
  facet normal 6.772816e-01 7.357239e-01 -6.970177e-15
    outer loop
      vertex   8.453359e+02 8.000082e+01 2.168250e+02
      vertex   8.453359e+02 8.000082e+01 2.198250e+02
      vertex   8.455486e+02 7.980494e+01 2.168250e+02
    endloop
  endfacet
  facet normal 6.772816e-01 7.357239e-01 -6.970177e-15
    outer loop
      vertex   8.455486e+02 7.980494e+01 2.168250e+02
      vertex   8.453359e+02 8.000082e+01 2.198250e+02
      vertex   8.455486e+02 7.980494e+01 2.198250e+02
    endloop
  endfacet
  facet normal 5.922353e-01 8.057651e-01 -7.633741e-15
    outer loop
      vertex   8.455486e+02 7.980494e+01 2.168250e+02
      vertex   8.455486e+02 7.980494e+01 2.198250e+02
      vertex   8.457817e+02 7.963366e+01 2.168250e+02
    endloop
  endfacet
  facet normal 5.922353e-01 8.057651e-01 -1.145061e-14
    outer loop
      vertex   8.457817e+02 7.963366e+01 2.168250e+02
      vertex   8.455486e+02 7.980494e+01 2.198250e+02
      vertex   8.457817e+02 7.963366e+01 2.198250e+02
    endloop
  endfacet
  facet normal 5.000000e-01 8.660254e-01 -1.230696e-14
    outer loop
      vertex   8.457817e+02 7.963366e+01 2.168250e+02
      vertex   8.457817e+02 7.963366e+01 2.198250e+02
      vertex   8.460321e+02 7.948905e+01 2.168250e+02
    endloop
  endfacet
  facet normal 5.000000e-01 8.660254e-01 -8.204641e-15
    outer loop
      vertex   8.460321e+02 7.948905e+01 2.168250e+02
      vertex   8.457817e+02 7.963366e+01 2.198250e+02
      vertex   8.460321e+02 7.948905e+01 2.198250e+02
    endloop
  endfacet
  facet normal 4.016954e-01 9.157733e-01 -8.675948e-15
    outer loop
      vertex   8.460321e+02 7.948905e+01 2.168250e+02
      vertex   8.460321e+02 7.948905e+01 2.198250e+02
      vertex   8.462970e+02 7.937288e+01 2.168250e+02
    endloop
  endfacet
  facet normal 4.016954e-01 9.157733e-01 -8.675948e-15
    outer loop
      vertex   8.462970e+02 7.937288e+01 2.168250e+02
      vertex   8.460321e+02 7.948905e+01 2.198250e+02
      vertex   8.462970e+02 7.937288e+01 2.198250e+02
    endloop
  endfacet
  facet normal 2.985148e-01 9.544050e-01 -9.041941e-15
    outer loop
      vertex   8.462970e+02 7.937288e+01 2.168250e+02
      vertex   8.462970e+02 7.937288e+01 2.198250e+02
      vertex   8.465730e+02 7.928655e+01 2.168250e+02
    endloop
  endfacet
  facet normal 2.985148e-01 9.544050e-01 -1.356291e-14
    outer loop
      vertex   8.465730e+02 7.928655e+01 2.168250e+02
      vertex   8.462970e+02 7.937288e+01 2.198250e+02
      vertex   8.465730e+02 7.928655e+01 2.198250e+02
    endloop
  endfacet
  facet normal 1.917106e-01 9.814515e-01 -1.394726e-14
    outer loop
      vertex   8.465730e+02 7.928655e+01 2.168250e+02
      vertex   8.465730e+02 7.928655e+01 2.198250e+02
      vertex   8.468569e+02 7.923110e+01 2.168250e+02
    endloop
  endfacet
  facet normal 1.917106e-01 9.814515e-01 -9.298176e-15
    outer loop
      vertex   8.468569e+02 7.923110e+01 2.168250e+02
      vertex   8.465730e+02 7.928655e+01 2.198250e+02
      vertex   8.468569e+02 7.923110e+01 2.198250e+02
    endloop
  endfacet
  facet normal 8.257935e-02 9.965845e-01 -9.441545e-15
    outer loop
      vertex   8.468569e+02 7.923110e+01 2.168250e+02
      vertex   8.468569e+02 7.923110e+01 2.198250e+02
      vertex   8.471451e+02 7.920722e+01 2.168250e+02
    endloop
  endfacet
  facet normal 8.257935e-02 9.965845e-01 -9.441545e-15
    outer loop
      vertex   8.471451e+02 7.920722e+01 2.168250e+02
      vertex   8.468569e+02 7.923110e+01 2.198250e+02
      vertex   8.471451e+02 7.920722e+01 2.198250e+02
    endloop
  endfacet
  facet normal -2.755434e-02 9.996203e-01 -9.470306e-15
    outer loop
      vertex   8.471451e+02 7.920722e+01 2.168250e+02
      vertex   8.471451e+02 7.920722e+01 2.198250e+02
      vertex   8.474342e+02 7.921519e+01 2.168250e+02
    endloop
  endfacet
  facet normal -2.755434e-02 9.996203e-01 -9.470306e-15
    outer loop
      vertex   8.474342e+02 7.921519e+01 2.168250e+02
      vertex   8.471451e+02 7.920722e+01 2.198250e+02
      vertex   8.474342e+02 7.921519e+01 2.198250e+02
    endloop
  endfacet
  facet normal -1.373536e-01 9.905221e-01 -9.384110e-15
    outer loop
      vertex   8.474342e+02 7.921519e+01 2.168250e+02
      vertex   8.474342e+02 7.921519e+01 2.198250e+02
      vertex   8.477207e+02 7.925491e+01 2.168250e+02
    endloop
  endfacet
  facet normal -1.373536e-01 9.905221e-01 -1.407617e-14
    outer loop
      vertex   8.477207e+02 7.925491e+01 2.168250e+02
      vertex   8.474342e+02 7.921519e+01 2.198250e+02
      vertex   8.477207e+02 7.925491e+01 2.198250e+02
    endloop
  endfacet
  facet normal -2.454855e-01 9.694003e-01 -1.377601e-14
    outer loop
      vertex   8.477207e+02 7.925491e+01 2.168250e+02
      vertex   8.477207e+02 7.925491e+01 2.198250e+02
      vertex   8.480010e+02 7.932591e+01 2.168250e+02
    endloop
  endfacet
  facet normal -2.454855e-01 9.694003e-01 -1.377601e-14
    outer loop
      vertex   8.480010e+02 7.932591e+01 2.168250e+02
      vertex   8.477207e+02 7.925491e+01 2.198250e+02
      vertex   8.480010e+02 7.932591e+01 2.198250e+02
    endloop
  endfacet
  facet normal -3.506376e-01 9.365112e-01 -1.330863e-14
    outer loop
      vertex   8.480010e+02 7.932591e+01 2.168250e+02
      vertex   8.480010e+02 7.932591e+01 2.198250e+02
      vertex   8.482719e+02 7.942732e+01 2.168250e+02
    endloop
  endfacet
  facet normal -3.506376e-01 9.365112e-01 -8.872417e-15
    outer loop
      vertex   8.482719e+02 7.942732e+01 2.168250e+02
      vertex   8.480010e+02 7.932591e+01 2.198250e+02
      vertex   8.482719e+02 7.942732e+01 2.198250e+02
    endloop
  endfacet
  facet normal -4.515334e-01 8.922542e-01 -8.453130e-15
    outer loop
      vertex   8.482719e+02 7.942732e+01 2.168250e+02
      vertex   8.482719e+02 7.942732e+01 2.198250e+02
      vertex   8.485299e+02 7.955790e+01 2.168250e+02
    endloop
  endfacet
  facet normal -4.515334e-01 8.922542e-01 -1.267970e-14
    outer loop
      vertex   8.485299e+02 7.955790e+01 2.168250e+02
      vertex   8.482719e+02 7.942732e+01 2.198250e+02
      vertex   8.485299e+02 7.955790e+01 2.198250e+02
    endloop
  endfacet
  facet normal -5.469482e-01 8.371665e-01 -1.189685e-14
    outer loop
      vertex   8.485299e+02 7.955790e+01 2.168250e+02
      vertex   8.485299e+02 7.955790e+01 2.198250e+02
      vertex   8.487720e+02 7.971609e+01 2.168250e+02
    endloop
  endfacet
  facet normal -5.469482e-01 8.371665e-01 -1.189685e-14
    outer loop
      vertex   8.487720e+02 7.971609e+01 2.168250e+02
      vertex   8.485299e+02 7.955790e+01 2.198250e+02
      vertex   8.487720e+02 7.971609e+01 2.198250e+02
    endloop
  endfacet
  facet normal -6.357237e-01 7.719167e-01 -1.096960e-14
    outer loop
      vertex   8.487720e+02 7.971609e+01 2.168250e+02
      vertex   8.487720e+02 7.971609e+01 2.198250e+02
      vertex   8.489953e+02 7.989995e+01 2.168250e+02
    endloop
  endfacet
  facet normal -6.357237e-01 7.719167e-01 -1.096960e-14
    outer loop
      vertex   8.489953e+02 7.989995e+01 2.168250e+02
      vertex   8.487720e+02 7.971609e+01 2.198250e+02
      vertex   8.489953e+02 7.989995e+01 2.198250e+02
    endloop
  endfacet
  facet normal -7.167825e-01 6.972968e-01 -9.909184e-15
    outer loop
      vertex   8.489953e+02 7.989995e+01 2.168250e+02
      vertex   8.489953e+02 7.989995e+01 2.198250e+02
      vertex   8.491970e+02 8.010725e+01 2.168250e+02
    endloop
  endfacet
  facet normal -7.167825e-01 6.972968e-01 -6.606122e-15
    outer loop
      vertex   8.491970e+02 8.010725e+01 2.168250e+02
      vertex   8.489953e+02 7.989995e+01 2.198250e+02
      vertex   8.491970e+02 8.010725e+01 2.198250e+02
    endloop
  endfacet
  facet normal -7.891405e-01 6.142127e-01 -5.818992e-15
    outer loop
      vertex   8.491970e+02 8.010725e+01 2.168250e+02
      vertex   8.491970e+02 8.010725e+01 2.198250e+02
      vertex   8.493746e+02 8.033548e+01 2.168250e+02
    endloop
  endfacet
  facet normal -7.891405e-01 6.142127e-01 -5.818992e-15
    outer loop
      vertex   8.493746e+02 8.033548e+01 2.168250e+02
      vertex   8.491970e+02 8.010725e+01 2.198250e+02
      vertex   8.493746e+02 8.033548e+01 2.198250e+02
    endloop
  endfacet
  facet normal -8.519194e-01 5.236729e-01 -4.961226e-15
    outer loop
      vertex   8.493746e+02 8.033548e+01 2.168250e+02
      vertex   8.493746e+02 8.033548e+01 2.198250e+02
      vertex   8.495260e+02 8.058186e+01 2.168250e+02
    endloop
  endfacet
  facet normal -8.519194e-01 5.236729e-01 -7.441840e-15
    outer loop
      vertex   8.495260e+02 8.058186e+01 2.168250e+02
      vertex   8.493746e+02 8.033548e+01 2.198250e+02
      vertex   8.495260e+02 8.058186e+01 2.198250e+02
    endloop
  endfacet
  facet normal -9.043572e-01 4.267764e-01 -6.064858e-15
    outer loop
      vertex   8.495260e+02 8.058186e+01 2.168250e+02
      vertex   8.495260e+02 8.058186e+01 2.198250e+02
      vertex   8.496495e+02 8.084341e+01 2.168250e+02
    endloop
  endfacet
  facet normal -9.043572e-01 4.267764e-01 -4.043239e-15
    outer loop
      vertex   8.496495e+02 8.084341e+01 2.168250e+02
      vertex   8.495260e+02 8.058186e+01 2.198250e+02
      vertex   8.496495e+02 8.084341e+01 2.198250e+02
    endloop
  endfacet
  facet normal -9.458172e-01 3.246995e-01 -3.076171e-15
    outer loop
      vertex   8.496495e+02 8.084341e+01 2.168250e+02
      vertex   8.496495e+02 8.084341e+01 2.198250e+02
      vertex   8.497434e+02 8.111695e+01 2.168250e+02
    endloop
  endfacet
  facet normal -9.458172e-01 3.246995e-01 -3.076171e-15
    outer loop
      vertex   8.497434e+02 8.111695e+01 2.168250e+02
      vertex   8.496495e+02 8.084341e+01 2.198250e+02
      vertex   8.497434e+02 8.111695e+01 2.198250e+02
    endloop
  endfacet
  facet normal -9.757964e-01 2.186811e-01 -2.071763e-15
    outer loop
      vertex   8.497434e+02 8.111695e+01 2.168250e+02
      vertex   8.497434e+02 8.111695e+01 2.198250e+02
      vertex   8.498066e+02 8.139916e+01 2.168250e+02
    endloop
  endfacet
  facet normal -9.757964e-01 2.186811e-01 -3.107645e-15
    outer loop
      vertex   8.498066e+02 8.139916e+01 2.168250e+02
      vertex   8.497434e+02 8.111695e+01 2.198250e+02
      vertex   8.498066e+02 8.139916e+01 2.198250e+02
    endloop
  endfacet
  facet normal -9.939307e-01 1.100082e-01 -1.563311e-15
    outer loop
      vertex   8.498066e+02 8.139916e+01 2.168250e+02
      vertex   8.498066e+02 8.139916e+01 2.198250e+02
      vertex   8.498384e+02 8.168662e+01 2.168250e+02
    endloop
  endfacet
  facet normal -9.939307e-01 1.100082e-01 -1.563311e-15
    outer loop
      vertex   8.498384e+02 8.168662e+01 2.168250e+02
      vertex   8.498066e+02 8.139916e+01 2.198250e+02
      vertex   8.498384e+02 8.168662e+01 2.198250e+02
    endloop
  endfacet
  facet normal -1.000000e+00 0.000000e+00 0.000000e+00
    outer loop
      vertex   8.498384e+02 8.168662e+01 2.168250e+02
      vertex   8.498384e+02 8.168662e+01 2.198250e+02
      vertex   8.498384e+02 8.197583e+01 2.168250e+02
    endloop
  endfacet
  facet normal -1.000000e+00 0.000000e+00 0.000000e+00
    outer loop
      vertex   8.498384e+02 8.197583e+01 2.168250e+02
      vertex   8.498384e+02 8.168662e+01 2.198250e+02
      vertex   8.498384e+02 8.197583e+01 2.198250e+02
    endloop
  endfacet
  facet normal -9.939307e-01 -1.100082e-01 1.042207e-15
    outer loop
      vertex   8.498384e+02 8.197583e+01 2.168250e+02
      vertex   8.498384e+02 8.197583e+01 2.198250e+02
      vertex   8.498066e+02 8.226328e+01 2.168250e+02
    endloop
  endfacet
  facet normal -9.939307e-01 -1.100082e-01 1.042207e-15
    outer loop
      vertex   8.498066e+02 8.226328e+01 2.168250e+02
      vertex   8.498384e+02 8.197583e+01 2.198250e+02
      vertex   8.498066e+02 8.226328e+01 2.198250e+02
    endloop
  endfacet
  facet normal -9.757964e-01 -2.186811e-01 2.071763e-15
    outer loop
      vertex   8.498066e+02 8.226328e+01 2.168250e+02
      vertex   8.498066e+02 8.226328e+01 2.198250e+02
      vertex   8.497434e+02 8.254549e+01 2.168250e+02
    endloop
  endfacet
  facet normal -9.757964e-01 -2.186811e-01 3.107645e-15
    outer loop
      vertex   8.497434e+02 8.254549e+01 2.168250e+02
      vertex   8.498066e+02 8.226328e+01 2.198250e+02
      vertex   8.497434e+02 8.254549e+01 2.198250e+02
    endloop
  endfacet
  facet normal -9.458172e-01 -3.246995e-01 4.614257e-15
    outer loop
      vertex   8.497434e+02 8.254549e+01 2.168250e+02
      vertex   8.497434e+02 8.254549e+01 2.198250e+02
      vertex   8.496495e+02 8.281903e+01 2.168250e+02
    endloop
  endfacet
  facet normal -9.458172e-01 -3.246995e-01 4.614257e-15
    outer loop
      vertex   8.496495e+02 8.281903e+01 2.168250e+02
      vertex   8.497434e+02 8.254549e+01 2.198250e+02
      vertex   8.496495e+02 8.281903e+01 2.198250e+02
    endloop
  endfacet
  facet normal -9.043572e-01 -4.267764e-01 6.064858e-15
    outer loop
      vertex   8.496495e+02 8.281903e+01 2.168250e+02
      vertex   8.496495e+02 8.281903e+01 2.198250e+02
      vertex   8.495260e+02 8.308058e+01 2.168250e+02
    endloop
  endfacet
  facet normal -9.043572e-01 -4.267764e-01 4.043239e-15
    outer loop
      vertex   8.495260e+02 8.308058e+01 2.168250e+02
      vertex   8.496495e+02 8.281903e+01 2.198250e+02
      vertex   8.495260e+02 8.308058e+01 2.198250e+02
    endloop
  endfacet
  facet normal -8.519194e-01 -5.236729e-01 4.961226e-15
    outer loop
      vertex   8.495260e+02 8.308058e+01 2.168250e+02
      vertex   8.495260e+02 8.308058e+01 2.198250e+02
      vertex   8.493746e+02 8.332697e+01 2.168250e+02
    endloop
  endfacet
  facet normal -8.519194e-01 -5.236729e-01 7.441840e-15
    outer loop
      vertex   8.493746e+02 8.332697e+01 2.168250e+02
      vertex   8.495260e+02 8.308058e+01 2.198250e+02
      vertex   8.493746e+02 8.332697e+01 2.198250e+02
    endloop
  endfacet
  facet normal -7.891405e-01 -6.142127e-01 8.728488e-15
    outer loop
      vertex   8.493746e+02 8.332697e+01 2.168250e+02
      vertex   8.493746e+02 8.332697e+01 2.198250e+02
      vertex   8.491970e+02 8.355520e+01 2.168250e+02
    endloop
  endfacet
  facet normal -7.891405e-01 -6.142127e-01 8.728488e-15
    outer loop
      vertex   8.491970e+02 8.355520e+01 2.168250e+02
      vertex   8.493746e+02 8.332697e+01 2.198250e+02
      vertex   8.491970e+02 8.355520e+01 2.198250e+02
    endloop
  endfacet
  facet normal -7.167825e-01 -6.972968e-01 9.909184e-15
    outer loop
      vertex   8.491970e+02 8.355520e+01 2.168250e+02
      vertex   8.491970e+02 8.355520e+01 2.198250e+02
      vertex   8.489953e+02 8.376250e+01 2.168250e+02
    endloop
  endfacet
  facet normal -7.167825e-01 -6.972968e-01 9.909184e-15
    outer loop
      vertex   8.489953e+02 8.376250e+01 2.168250e+02
      vertex   8.491970e+02 8.355520e+01 2.198250e+02
      vertex   8.489953e+02 8.376250e+01 2.198250e+02
    endloop
  endfacet
  facet normal -6.357237e-01 -7.719167e-01 1.096960e-14
    outer loop
      vertex   8.489953e+02 8.376250e+01 2.168250e+02
      vertex   8.489953e+02 8.376250e+01 2.198250e+02
      vertex   8.487720e+02 8.394635e+01 2.168250e+02
    endloop
  endfacet
  facet normal -6.357237e-01 -7.719167e-01 1.096960e-14
    outer loop
      vertex   8.487720e+02 8.394635e+01 2.168250e+02
      vertex   8.489953e+02 8.376250e+01 2.198250e+02
      vertex   8.487720e+02 8.394635e+01 2.198250e+02
    endloop
  endfacet
  facet normal -5.469482e-01 -8.371665e-01 1.189685e-14
    outer loop
      vertex   8.487720e+02 8.394635e+01 2.168250e+02
      vertex   8.487720e+02 8.394635e+01 2.198250e+02
      vertex   8.485299e+02 8.410454e+01 2.168250e+02
    endloop
  endfacet
  facet normal -5.469482e-01 -8.371665e-01 1.189685e-14
    outer loop
      vertex   8.485299e+02 8.410454e+01 2.168250e+02
      vertex   8.487720e+02 8.394635e+01 2.198250e+02
      vertex   8.485299e+02 8.410454e+01 2.198250e+02
    endloop
  endfacet
  facet normal -4.515334e-01 -8.922542e-01 1.267970e-14
    outer loop
      vertex   8.485299e+02 8.410454e+01 2.168250e+02
      vertex   8.485299e+02 8.410454e+01 2.198250e+02
      vertex   8.482719e+02 8.423513e+01 2.168250e+02
    endloop
  endfacet
  facet normal -4.515334e-01 -8.922542e-01 8.453130e-15
    outer loop
      vertex   8.482719e+02 8.423513e+01 2.168250e+02
      vertex   8.485299e+02 8.410454e+01 2.198250e+02
      vertex   8.482719e+02 8.423513e+01 2.198250e+02
    endloop
  endfacet
  facet normal -3.506376e-01 -9.365112e-01 8.872417e-15
    outer loop
      vertex   8.482719e+02 8.423513e+01 2.168250e+02
      vertex   8.482719e+02 8.423513e+01 2.198250e+02
      vertex   8.480010e+02 8.433653e+01 2.168250e+02
    endloop
  endfacet
  facet normal -3.506376e-01 -9.365112e-01 8.872417e-15
    outer loop
      vertex   8.480010e+02 8.433653e+01 2.168250e+02
      vertex   8.482719e+02 8.423513e+01 2.198250e+02
      vertex   8.480010e+02 8.433653e+01 2.198250e+02
    endloop
  endfacet
  facet normal -2.454855e-01 -9.694003e-01 9.184004e-15
    outer loop
      vertex   8.480010e+02 8.433653e+01 2.168250e+02
      vertex   8.480010e+02 8.433653e+01 2.198250e+02
      vertex   8.477207e+02 8.440753e+01 2.168250e+02
    endloop
  endfacet
  facet normal -2.454855e-01 -9.694003e-01 9.184004e-15
    outer loop
      vertex   8.477207e+02 8.440753e+01 2.168250e+02
      vertex   8.480010e+02 8.433653e+01 2.198250e+02
      vertex   8.477207e+02 8.440753e+01 2.198250e+02
    endloop
  endfacet
  facet normal -1.373536e-01 -9.905221e-01 9.384110e-15
    outer loop
      vertex   8.477207e+02 8.440753e+01 2.168250e+02
      vertex   8.477207e+02 8.440753e+01 2.198250e+02
      vertex   8.474342e+02 8.444726e+01 2.168250e+02
    endloop
  endfacet
  facet normal -1.373536e-01 -9.905221e-01 9.384110e-15
    outer loop
      vertex   8.474342e+02 8.444726e+01 2.168250e+02
      vertex   8.477207e+02 8.440753e+01 2.198250e+02
      vertex   8.474342e+02 8.444726e+01 2.198250e+02
    endloop
  endfacet
  facet normal -2.755434e-02 -9.996203e-01 9.470306e-15
    outer loop
      vertex   8.474342e+02 8.444726e+01 2.168250e+02
      vertex   8.474342e+02 8.444726e+01 2.198250e+02
      vertex   8.471451e+02 8.445522e+01 2.168250e+02
    endloop
  endfacet
  facet normal -2.755434e-02 -9.996203e-01 1.420546e-14
    outer loop
      vertex   8.471451e+02 8.445522e+01 2.168250e+02
      vertex   8.474342e+02 8.444726e+01 2.198250e+02
      vertex   8.471451e+02 8.445522e+01 2.198250e+02
    endloop
  endfacet
  facet normal 8.257935e-02 -9.965845e-01 1.416232e-14
    outer loop
      vertex   8.471451e+02 8.445522e+01 2.168250e+02
      vertex   8.471451e+02 8.445522e+01 2.198250e+02
      vertex   8.468569e+02 8.443134e+01 2.168250e+02
    endloop
  endfacet
  facet normal 8.257935e-02 -9.965845e-01 9.441545e-15
    outer loop
      vertex   8.468569e+02 8.443134e+01 2.168250e+02
      vertex   8.471451e+02 8.445522e+01 2.198250e+02
      vertex   8.468569e+02 8.443134e+01 2.198250e+02
    endloop
  endfacet
  facet normal 1.917106e-01 -9.814515e-01 9.298176e-15
    outer loop
      vertex   8.468569e+02 8.443134e+01 2.168250e+02
      vertex   8.468569e+02 8.443134e+01 2.198250e+02
      vertex   8.465730e+02 8.437590e+01 2.168250e+02
    endloop
  endfacet
  facet normal 1.917106e-01 -9.814515e-01 1.394726e-14
    outer loop
      vertex   8.465730e+02 8.437590e+01 2.168250e+02
      vertex   8.468569e+02 8.443134e+01 2.198250e+02
      vertex   8.465730e+02 8.437590e+01 2.198250e+02
    endloop
  endfacet
  facet normal 2.985148e-01 -9.544050e-01 1.356291e-14
    outer loop
      vertex   8.465730e+02 8.437590e+01 2.168250e+02
      vertex   8.465730e+02 8.437590e+01 2.198250e+02
      vertex   8.462970e+02 8.428956e+01 2.168250e+02
    endloop
  endfacet
  facet normal 2.985148e-01 -9.544050e-01 9.041941e-15
    outer loop
      vertex   8.462970e+02 8.428956e+01 2.168250e+02
      vertex   8.465730e+02 8.437590e+01 2.198250e+02
      vertex   8.462970e+02 8.428956e+01 2.198250e+02
    endloop
  endfacet
  facet normal 4.016954e-01 -9.157733e-01 8.675948e-15
    outer loop
      vertex   8.462970e+02 8.428956e+01 2.168250e+02
      vertex   8.462970e+02 8.428956e+01 2.198250e+02
      vertex   8.460321e+02 8.417339e+01 2.168250e+02
    endloop
  endfacet
  facet normal 4.016954e-01 -9.157733e-01 1.301392e-14
    outer loop
      vertex   8.460321e+02 8.417339e+01 2.168250e+02
      vertex   8.462970e+02 8.428956e+01 2.198250e+02
      vertex   8.460321e+02 8.417339e+01 2.198250e+02
    endloop
  endfacet
  facet normal 5.000000e-01 -8.660254e-01 1.230696e-14
    outer loop
      vertex   8.460321e+02 8.417339e+01 2.168250e+02
      vertex   8.460321e+02 8.417339e+01 2.198250e+02
      vertex   8.457817e+02 8.402878e+01 2.168250e+02
    endloop
  endfacet
  facet normal 5.000000e-01 -8.660254e-01 8.204641e-15
    outer loop
      vertex   8.457817e+02 8.402878e+01 2.168250e+02
      vertex   8.460321e+02 8.417339e+01 2.198250e+02
      vertex   8.457817e+02 8.402878e+01 2.198250e+02
    endloop
  endfacet
  facet normal 5.922353e-01 -8.057651e-01 7.633741e-15
    outer loop
      vertex   8.457817e+02 8.402878e+01 2.168250e+02
      vertex   8.457817e+02 8.402878e+01 2.198250e+02
      vertex   8.455486e+02 8.385750e+01 2.168250e+02
    endloop
  endfacet
  facet normal 5.922353e-01 -8.057651e-01 1.145061e-14
    outer loop
      vertex   8.455486e+02 8.385750e+01 2.168250e+02
      vertex   8.457817e+02 8.402878e+01 2.198250e+02
      vertex   8.455486e+02 8.385750e+01 2.198250e+02
    endloop
  endfacet
  facet normal 6.772816e-01 -7.357239e-01 1.045527e-14
    outer loop
      vertex   8.455486e+02 8.385750e+01 2.168250e+02
      vertex   8.455486e+02 8.385750e+01 2.198250e+02
      vertex   8.453359e+02 8.366163e+01 2.168250e+02
    endloop
  endfacet
  facet normal 6.772816e-01 -7.357239e-01 1.045527e-14
    outer loop
      vertex   8.453359e+02 8.366163e+01 2.168250e+02
      vertex   8.455486e+02 8.385750e+01 2.198250e+02
      vertex   8.453359e+02 8.366163e+01 2.198250e+02
    endloop
  endfacet
  facet normal 7.541066e-01 -6.567520e-01 9.333008e-15
    outer loop
      vertex   8.453359e+02 8.366163e+01 2.168250e+02
      vertex   8.453359e+02 8.366163e+01 2.198250e+02
      vertex   8.451459e+02 8.344353e+01 2.168250e+02
    endloop
  endfacet
  facet normal 7.541066e-01 -6.567520e-01 6.222005e-15
    outer loop
      vertex   8.451459e+02 8.344353e+01 2.168250e+02
      vertex   8.453359e+02 8.366163e+01 2.198250e+02
      vertex   8.451459e+02 8.344353e+01 2.198250e+02
    endloop
  endfacet
  facet normal 8.217778e-01 -5.698081e-01 5.398306e-15
    outer loop
      vertex   8.451459e+02 8.344353e+01 2.168250e+02
      vertex   8.451459e+02 8.344353e+01 2.198250e+02
      vertex   8.449811e+02 8.320586e+01 2.168250e+02
    endloop
  endfacet
  facet normal 8.217778e-01 -5.698081e-01 5.398306e-15
    outer loop
      vertex   8.449811e+02 8.320586e+01 2.168250e+02
      vertex   8.451459e+02 8.344353e+01 2.198250e+02
      vertex   8.449811e+02 8.320586e+01 2.198250e+02
    endloop
  endfacet
  facet normal 8.794738e-01 -4.759474e-01 4.509080e-15
    outer loop
      vertex   8.449811e+02 8.320586e+01 2.168250e+02
      vertex   8.449811e+02 8.320586e+01 2.198250e+02
      vertex   8.448435e+02 8.295151e+01 2.168250e+02
    endloop
  endfacet
  facet normal 8.794738e-01 -4.759474e-01 6.763619e-15
    outer loop
      vertex   8.448435e+02 8.295151e+01 2.168250e+02
      vertex   8.449811e+02 8.320586e+01 2.198250e+02
      vertex   8.448435e+02 8.295151e+01 2.198250e+02
    endloop
  endfacet
  facet normal 9.264941e-01 -3.763094e-01 5.347678e-15
    outer loop
      vertex   8.448435e+02 8.295151e+01 2.168250e+02
      vertex   8.448435e+02 8.295151e+01 2.198250e+02
      vertex   8.447347e+02 8.268356e+01 2.168250e+02
    endloop
  endfacet
  facet normal 9.264941e-01 -3.763094e-01 3.565119e-15
    outer loop
      vertex   8.447347e+02 8.268356e+01 2.168250e+02
      vertex   8.448435e+02 8.295151e+01 2.198250e+02
      vertex   8.447347e+02 8.268356e+01 2.198250e+02
    endloop
  endfacet
  facet normal 9.622680e-01 -2.721035e-01 2.577882e-15
    outer loop
      vertex   8.447347e+02 8.268356e+01 2.168250e+02
      vertex   8.447347e+02 8.268356e+01 2.198250e+02
      vertex   8.446560e+02 8.240526e+01 2.168250e+02
    endloop
  endfacet
  facet normal 9.622680e-01 -2.721035e-01 3.866823e-15
    outer loop
      vertex   8.446560e+02 8.240526e+01 2.168250e+02
      vertex   8.447347e+02 8.268356e+01 2.198250e+02
      vertex   8.446560e+02 8.240526e+01 2.198250e+02
    endloop
  endfacet
  facet normal 9.863613e-01 -1.645946e-01 2.339030e-15
    outer loop
      vertex   8.446560e+02 8.240526e+01 2.168250e+02
      vertex   8.446560e+02 8.240526e+01 2.198250e+02
      vertex   8.446084e+02 8.211999e+01 2.168250e+02
    endloop
  endfacet
  facet normal 9.863613e-01 -1.645946e-01 1.559353e-15
    outer loop
      vertex   8.446084e+02 8.211999e+01 2.168250e+02
      vertex   8.446560e+02 8.240526e+01 2.198250e+02
      vertex   8.446084e+02 8.211999e+01 2.198250e+02
    endloop
  endfacet
  facet normal 9.984815e-01 -5.508776e-02 5.218961e-16
    outer loop
      vertex   8.446084e+02 1.292600e+02 2.168250e+02
      vertex   8.446084e+02 1.292600e+02 2.198250e+02
      vertex   8.445924e+02 1.289712e+02 2.168250e+02
    endloop
  endfacet
  facet normal 9.984815e-01 -5.508776e-02 5.218961e-16
    outer loop
      vertex   8.445924e+02 1.289712e+02 2.168250e+02
      vertex   8.446084e+02 1.292600e+02 2.198250e+02
      vertex   8.445924e+02 1.289712e+02 2.198250e+02
    endloop
  endfacet
  facet normal 9.984815e-01 5.508776e-02 -5.218961e-16
    outer loop
      vertex   8.445924e+02 1.289712e+02 2.168250e+02
      vertex   8.445924e+02 1.289712e+02 2.198250e+02
      vertex   8.446084e+02 1.286824e+02 2.168250e+02
    endloop
  endfacet
  facet normal 9.984815e-01 5.508776e-02 -1.043792e-15
    outer loop
      vertex   8.446084e+02 1.286824e+02 2.168250e+02
      vertex   8.445924e+02 1.289712e+02 2.198250e+02
      vertex   8.446084e+02 1.286824e+02 2.198250e+02
    endloop
  endfacet
  facet normal 9.863613e-01 1.645946e-01 -3.118706e-15
    outer loop
      vertex   8.446084e+02 1.286824e+02 2.168250e+02
      vertex   8.446084e+02 1.286824e+02 2.198250e+02
      vertex   8.446560e+02 1.283972e+02 2.168250e+02
    endloop
  endfacet
  facet normal 9.863613e-01 1.645946e-01 -1.559353e-15
    outer loop
      vertex   8.446560e+02 1.283972e+02 2.168250e+02
      vertex   8.446084e+02 1.286824e+02 2.198250e+02
      vertex   8.446560e+02 1.283972e+02 2.198250e+02
    endloop
  endfacet
  facet normal 9.622680e-01 2.721035e-01 -2.577882e-15
    outer loop
      vertex   8.446560e+02 1.283972e+02 2.168250e+02
      vertex   8.446560e+02 1.283972e+02 2.198250e+02
      vertex   8.447347e+02 1.281189e+02 2.168250e+02
    endloop
  endfacet
  facet normal 9.622680e-01 2.721035e-01 -5.155764e-15
    outer loop
      vertex   8.447347e+02 1.281189e+02 2.168250e+02
      vertex   8.446560e+02 1.283972e+02 2.198250e+02
      vertex   8.447347e+02 1.281189e+02 2.198250e+02
    endloop
  endfacet
  facet normal 9.264941e-01 3.763094e-01 -7.130237e-15
    outer loop
      vertex   8.447347e+02 1.281189e+02 2.168250e+02
      vertex   8.447347e+02 1.281189e+02 2.198250e+02
      vertex   8.448435e+02 1.278509e+02 2.168250e+02
    endloop
  endfacet
  facet normal 9.264941e-01 3.763094e-01 -3.565119e-15
    outer loop
      vertex   8.448435e+02 1.278509e+02 2.168250e+02
      vertex   8.447347e+02 1.281189e+02 2.198250e+02
      vertex   8.448435e+02 1.278509e+02 2.198250e+02
    endloop
  endfacet
  facet normal 8.794738e-01 4.759474e-01 -4.509080e-15
    outer loop
      vertex   8.448435e+02 1.278509e+02 2.168250e+02
      vertex   8.448435e+02 1.278509e+02 2.198250e+02
      vertex   8.449811e+02 1.275966e+02 2.168250e+02
    endloop
  endfacet
  facet normal 8.794738e-01 4.759474e-01 -4.509080e-15
    outer loop
      vertex   8.449811e+02 1.275966e+02 2.168250e+02
      vertex   8.448435e+02 1.278509e+02 2.198250e+02
      vertex   8.449811e+02 1.275966e+02 2.198250e+02
    endloop
  endfacet
  facet normal 8.217778e-01 5.698081e-01 -5.398306e-15
    outer loop
      vertex   8.449811e+02 1.275966e+02 2.168250e+02
      vertex   8.449811e+02 1.275966e+02 2.198250e+02
      vertex   8.451459e+02 1.273589e+02 2.168250e+02
    endloop
  endfacet
  facet normal 8.217778e-01 5.698081e-01 -5.398306e-15
    outer loop
      vertex   8.451459e+02 1.273589e+02 2.168250e+02
      vertex   8.449811e+02 1.275966e+02 2.198250e+02
      vertex   8.451459e+02 1.273589e+02 2.198250e+02
    endloop
  endfacet
  facet normal 7.541066e-01 6.567520e-01 -6.222005e-15
    outer loop
      vertex   8.451459e+02 1.273589e+02 2.168250e+02
      vertex   8.451459e+02 1.273589e+02 2.198250e+02
      vertex   8.453359e+02 1.271408e+02 2.168250e+02
    endloop
  endfacet
  facet normal 7.541066e-01 6.567520e-01 -9.333008e-15
    outer loop
      vertex   8.453359e+02 1.271408e+02 2.168250e+02
      vertex   8.451459e+02 1.273589e+02 2.198250e+02
      vertex   8.453359e+02 1.271408e+02 2.198250e+02
    endloop
  endfacet
  facet normal 6.772816e-01 7.357239e-01 -1.045527e-14
    outer loop
      vertex   8.453359e+02 1.271408e+02 2.168250e+02
      vertex   8.453359e+02 1.271408e+02 2.198250e+02
      vertex   8.455486e+02 1.269449e+02 2.168250e+02
    endloop
  endfacet
  facet normal 6.772816e-01 7.357239e-01 -6.970177e-15
    outer loop
      vertex   8.455486e+02 1.269449e+02 2.168250e+02
      vertex   8.453359e+02 1.271408e+02 2.198250e+02
      vertex   8.455486e+02 1.269449e+02 2.198250e+02
    endloop
  endfacet
  facet normal 5.922353e-01 8.057651e-01 -7.633741e-15
    outer loop
      vertex   8.455486e+02 1.269449e+02 2.168250e+02
      vertex   8.455486e+02 1.269449e+02 2.198250e+02
      vertex   8.457817e+02 1.267737e+02 2.168250e+02
    endloop
  endfacet
  facet normal 5.922353e-01 8.057651e-01 -7.633741e-15
    outer loop
      vertex   8.457817e+02 1.267737e+02 2.168250e+02
      vertex   8.455486e+02 1.269449e+02 2.198250e+02
      vertex   8.457817e+02 1.267737e+02 2.198250e+02
    endloop
  endfacet
  facet normal 5.000000e-01 8.660254e-01 -8.204641e-15
    outer loop
      vertex   8.457817e+02 1.267737e+02 2.168250e+02
      vertex   8.457817e+02 1.267737e+02 2.198250e+02
      vertex   8.460321e+02 1.266291e+02 2.168250e+02
    endloop
  endfacet
  facet normal 5.000000e-01 8.660254e-01 -8.204641e-15
    outer loop
      vertex   8.460321e+02 1.266291e+02 2.168250e+02
      vertex   8.457817e+02 1.267737e+02 2.198250e+02
      vertex   8.460321e+02 1.266291e+02 2.198250e+02
    endloop
  endfacet
  facet normal 4.016954e-01 9.157733e-01 -8.675948e-15
    outer loop
      vertex   8.460321e+02 1.266291e+02 2.168250e+02
      vertex   8.460321e+02 1.266291e+02 2.198250e+02
      vertex   8.462970e+02 1.265129e+02 2.168250e+02
    endloop
  endfacet
  facet normal 4.016954e-01 9.157733e-01 -1.301392e-14
    outer loop
      vertex   8.462970e+02 1.265129e+02 2.168250e+02
      vertex   8.460321e+02 1.266291e+02 2.198250e+02
      vertex   8.462970e+02 1.265129e+02 2.198250e+02
    endloop
  endfacet
  facet normal 2.985148e-01 9.544050e-01 -1.356291e-14
    outer loop
      vertex   8.462970e+02 1.265129e+02 2.168250e+02
      vertex   8.462970e+02 1.265129e+02 2.198250e+02
      vertex   8.465730e+02 1.264265e+02 2.168250e+02
    endloop
  endfacet
  facet normal 2.985148e-01 9.544050e-01 -9.041941e-15
    outer loop
      vertex   8.465730e+02 1.264265e+02 2.168250e+02
      vertex   8.462970e+02 1.265129e+02 2.198250e+02
      vertex   8.465730e+02 1.264265e+02 2.198250e+02
    endloop
  endfacet
  facet normal 1.917106e-01 9.814515e-01 -9.298176e-15
    outer loop
      vertex   8.465730e+02 1.264265e+02 2.168250e+02
      vertex   8.465730e+02 1.264265e+02 2.198250e+02
      vertex   8.468569e+02 1.263711e+02 2.168250e+02
    endloop
  endfacet
  facet normal 1.917106e-01 9.814515e-01 -9.298176e-15
    outer loop
      vertex   8.468569e+02 1.263711e+02 2.168250e+02
      vertex   8.465730e+02 1.264265e+02 2.198250e+02
      vertex   8.468569e+02 1.263711e+02 2.198250e+02
    endloop
  endfacet
  facet normal 8.257935e-02 9.965845e-01 -9.441545e-15
    outer loop
      vertex   8.468569e+02 1.263711e+02 2.168250e+02
      vertex   8.468569e+02 1.263711e+02 2.198250e+02
      vertex   8.471451e+02 1.263472e+02 2.168250e+02
    endloop
  endfacet
  facet normal 8.257935e-02 9.965845e-01 -9.441545e-15
    outer loop
      vertex   8.471451e+02 1.263472e+02 2.168250e+02
      vertex   8.468569e+02 1.263711e+02 2.198250e+02
      vertex   8.471451e+02 1.263472e+02 2.198250e+02
    endloop
  endfacet
  facet normal -2.755434e-02 9.996203e-01 -9.470306e-15
    outer loop
      vertex   8.471451e+02 1.263472e+02 2.168250e+02
      vertex   8.471451e+02 1.263472e+02 2.198250e+02
      vertex   8.474342e+02 1.263552e+02 2.168250e+02
    endloop
  endfacet
  facet normal -2.755434e-02 9.996203e-01 -9.470306e-15
    outer loop
      vertex   8.474342e+02 1.263552e+02 2.168250e+02
      vertex   8.471451e+02 1.263472e+02 2.198250e+02
      vertex   8.474342e+02 1.263552e+02 2.198250e+02
    endloop
  endfacet
  facet normal -1.373536e-01 9.905221e-01 -9.384110e-15
    outer loop
      vertex   8.474342e+02 1.263552e+02 2.168250e+02
      vertex   8.474342e+02 1.263552e+02 2.198250e+02
      vertex   8.477207e+02 1.263949e+02 2.168250e+02
    endloop
  endfacet
  facet normal -1.373536e-01 9.905221e-01 -1.407617e-14
    outer loop
      vertex   8.477207e+02 1.263949e+02 2.168250e+02
      vertex   8.474342e+02 1.263552e+02 2.198250e+02
      vertex   8.477207e+02 1.263949e+02 2.198250e+02
    endloop
  endfacet
  facet normal -2.454855e-01 9.694003e-01 -1.377601e-14
    outer loop
      vertex   8.477207e+02 1.263949e+02 2.168250e+02
      vertex   8.477207e+02 1.263949e+02 2.198250e+02
      vertex   8.480010e+02 1.264659e+02 2.168250e+02
    endloop
  endfacet
  facet normal -2.454855e-01 9.694003e-01 -1.377601e-14
    outer loop
      vertex   8.480010e+02 1.264659e+02 2.168250e+02
      vertex   8.477207e+02 1.263949e+02 2.198250e+02
      vertex   8.480010e+02 1.264659e+02 2.198250e+02
    endloop
  endfacet
  facet normal -3.506376e-01 9.365112e-01 -1.330863e-14
    outer loop
      vertex   8.480010e+02 1.264659e+02 2.168250e+02
      vertex   8.480010e+02 1.264659e+02 2.198250e+02
      vertex   8.482719e+02 1.265673e+02 2.168250e+02
    endloop
  endfacet
  facet normal -3.506376e-01 9.365112e-01 -8.872417e-15
    outer loop
      vertex   8.482719e+02 1.265673e+02 2.168250e+02
      vertex   8.480010e+02 1.264659e+02 2.198250e+02
      vertex   8.482719e+02 1.265673e+02 2.198250e+02
    endloop
  endfacet
  facet normal -4.515334e-01 8.922542e-01 -8.453130e-15
    outer loop
      vertex   8.482719e+02 1.265673e+02 2.168250e+02
      vertex   8.482719e+02 1.265673e+02 2.198250e+02
      vertex   8.485299e+02 1.266979e+02 2.168250e+02
    endloop
  endfacet
  facet normal -4.515334e-01 8.922542e-01 -1.267970e-14
    outer loop
      vertex   8.485299e+02 1.266979e+02 2.168250e+02
      vertex   8.482719e+02 1.265673e+02 2.198250e+02
      vertex   8.485299e+02 1.266979e+02 2.198250e+02
    endloop
  endfacet
  facet normal -5.469482e-01 8.371665e-01 -1.189685e-14
    outer loop
      vertex   8.485299e+02 1.266979e+02 2.168250e+02
      vertex   8.485299e+02 1.266979e+02 2.198250e+02
      vertex   8.487720e+02 1.268561e+02 2.168250e+02
    endloop
  endfacet
  facet normal -5.469482e-01 8.371665e-01 -1.189685e-14
    outer loop
      vertex   8.487720e+02 1.268561e+02 2.168250e+02
      vertex   8.485299e+02 1.266979e+02 2.198250e+02
      vertex   8.487720e+02 1.268561e+02 2.198250e+02
    endloop
  endfacet
  facet normal -6.357237e-01 7.719167e-01 -1.096960e-14
    outer loop
      vertex   8.487720e+02 1.268561e+02 2.168250e+02
      vertex   8.487720e+02 1.268561e+02 2.198250e+02
      vertex   8.489953e+02 1.270399e+02 2.168250e+02
    endloop
  endfacet
  facet normal -6.357237e-01 7.719167e-01 -1.096960e-14
    outer loop
      vertex   8.489953e+02 1.270399e+02 2.168250e+02
      vertex   8.487720e+02 1.268561e+02 2.198250e+02
      vertex   8.489953e+02 1.270399e+02 2.198250e+02
    endloop
  endfacet
  facet normal -7.167825e-01 6.972968e-01 -9.909184e-15
    outer loop
      vertex   8.489953e+02 1.270399e+02 2.168250e+02
      vertex   8.489953e+02 1.270399e+02 2.198250e+02
      vertex   8.491970e+02 1.272472e+02 2.168250e+02
    endloop
  endfacet
  facet normal -7.167825e-01 6.972968e-01 -6.606122e-15
    outer loop
      vertex   8.491970e+02 1.272472e+02 2.168250e+02
      vertex   8.489953e+02 1.270399e+02 2.198250e+02
      vertex   8.491970e+02 1.272472e+02 2.198250e+02
    endloop
  endfacet
  facet normal -7.891405e-01 6.142127e-01 -5.818992e-15
    outer loop
      vertex   8.491970e+02 1.272472e+02 2.168250e+02
      vertex   8.491970e+02 1.272472e+02 2.198250e+02
      vertex   8.493746e+02 1.274755e+02 2.168250e+02
    endloop
  endfacet
  facet normal -7.891405e-01 6.142127e-01 -5.818992e-15
    outer loop
      vertex   8.493746e+02 1.274755e+02 2.168250e+02
      vertex   8.491970e+02 1.272472e+02 2.198250e+02
      vertex   8.493746e+02 1.274755e+02 2.198250e+02
    endloop
  endfacet
  facet normal -8.519194e-01 5.236729e-01 -4.961226e-15
    outer loop
      vertex   8.493746e+02 1.274755e+02 2.168250e+02
      vertex   8.493746e+02 1.274755e+02 2.198250e+02
      vertex   8.495260e+02 1.277219e+02 2.168250e+02
    endloop
  endfacet
  facet normal -8.519194e-01 5.236729e-01 -4.961226e-15
    outer loop
      vertex   8.495260e+02 1.277219e+02 2.168250e+02
      vertex   8.493746e+02 1.274755e+02 2.198250e+02
      vertex   8.495260e+02 1.277219e+02 2.198250e+02
    endloop
  endfacet
  facet normal -9.043572e-01 4.267764e-01 -4.043239e-15
    outer loop
      vertex   8.495260e+02 1.277219e+02 2.168250e+02
      vertex   8.495260e+02 1.277219e+02 2.198250e+02
      vertex   8.496495e+02 1.279834e+02 2.168250e+02
    endloop
  endfacet
  facet normal -9.043572e-01 4.267764e-01 -6.064858e-15
    outer loop
      vertex   8.496495e+02 1.279834e+02 2.168250e+02
      vertex   8.495260e+02 1.277219e+02 2.198250e+02
      vertex   8.496495e+02 1.279834e+02 2.198250e+02
    endloop
  endfacet
  facet normal -9.458172e-01 3.246995e-01 -4.614257e-15
    outer loop
      vertex   8.496495e+02 1.279834e+02 2.168250e+02
      vertex   8.496495e+02 1.279834e+02 2.198250e+02
      vertex   8.497434e+02 1.282569e+02 2.168250e+02
    endloop
  endfacet
  facet normal -9.458172e-01 3.246995e-01 -6.152343e-15
    outer loop
      vertex   8.497434e+02 1.282569e+02 2.168250e+02
      vertex   8.496495e+02 1.279834e+02 2.198250e+02
      vertex   8.497434e+02 1.282569e+02 2.198250e+02
    endloop
  endfacet
  facet normal -9.757964e-01 2.186811e-01 -4.143527e-15
    outer loop
      vertex   8.497434e+02 1.282569e+02 2.168250e+02
      vertex   8.497434e+02 1.282569e+02 2.198250e+02
      vertex   8.498066e+02 1.285392e+02 2.168250e+02
    endloop
  endfacet
  facet normal -9.757964e-01 2.186811e-01 -4.143527e-15
    outer loop
      vertex   8.498066e+02 1.285392e+02 2.168250e+02
      vertex   8.497434e+02 1.282569e+02 2.198250e+02
      vertex   8.498066e+02 1.285392e+02 2.198250e+02
    endloop
  endfacet
  facet normal -9.939307e-01 1.100082e-01 -2.084414e-15
    outer loop
      vertex   8.498066e+02 1.285392e+02 2.168250e+02
      vertex   8.498066e+02 1.285392e+02 2.198250e+02
      vertex   8.498384e+02 1.288266e+02 2.168250e+02
    endloop
  endfacet
  facet normal -9.939307e-01 1.100082e-01 -1.042207e-15
    outer loop
      vertex   8.498384e+02 1.288266e+02 2.168250e+02
      vertex   8.498066e+02 1.285392e+02 2.198250e+02
      vertex   8.498384e+02 1.288266e+02 2.198250e+02
    endloop
  endfacet
  facet normal -1.000000e+00 0.000000e+00 0.000000e+00
    outer loop
      vertex   8.498384e+02 1.288266e+02 2.168250e+02
      vertex   8.498384e+02 1.288266e+02 2.198250e+02
      vertex   8.498384e+02 1.291158e+02 2.168250e+02
    endloop
  endfacet
  facet normal -1.000000e+00 0.000000e+00 0.000000e+00
    outer loop
      vertex   8.498384e+02 1.291158e+02 2.168250e+02
      vertex   8.498384e+02 1.288266e+02 2.198250e+02
      vertex   8.498384e+02 1.291158e+02 2.198250e+02
    endloop
  endfacet
  facet normal -9.939307e-01 -1.100082e-01 2.084414e-15
    outer loop
      vertex   8.498384e+02 1.291158e+02 2.168250e+02
      vertex   8.498384e+02 1.291158e+02 2.198250e+02
      vertex   8.498066e+02 1.294033e+02 2.168250e+02
    endloop
  endfacet
  facet normal -9.939307e-01 -1.100082e-01 1.042207e-15
    outer loop
      vertex   8.498066e+02 1.294033e+02 2.168250e+02
      vertex   8.498384e+02 1.291158e+02 2.198250e+02
      vertex   8.498066e+02 1.294033e+02 2.198250e+02
    endloop
  endfacet
  facet normal -9.757964e-01 -2.186811e-01 2.071763e-15
    outer loop
      vertex   8.498066e+02 1.294033e+02 2.168250e+02
      vertex   8.498066e+02 1.294033e+02 2.198250e+02
      vertex   8.497434e+02 1.296855e+02 2.168250e+02
    endloop
  endfacet
  facet normal -9.757964e-01 -2.186811e-01 2.071763e-15
    outer loop
      vertex   8.497434e+02 1.296855e+02 2.168250e+02
      vertex   8.498066e+02 1.294033e+02 2.198250e+02
      vertex   8.497434e+02 1.296855e+02 2.198250e+02
    endloop
  endfacet
  facet normal -9.458172e-01 -3.246995e-01 3.076171e-15
    outer loop
      vertex   8.497434e+02 1.296855e+02 2.168250e+02
      vertex   8.497434e+02 1.296855e+02 2.198250e+02
      vertex   8.496495e+02 1.299590e+02 2.168250e+02
    endloop
  endfacet
  facet normal -9.458172e-01 -3.246995e-01 3.076171e-15
    outer loop
      vertex   8.496495e+02 1.299590e+02 2.168250e+02
      vertex   8.497434e+02 1.296855e+02 2.198250e+02
      vertex   8.496495e+02 1.299590e+02 2.198250e+02
    endloop
  endfacet
  facet normal -9.043572e-01 -4.267764e-01 4.043239e-15
    outer loop
      vertex   8.496495e+02 1.299590e+02 2.168250e+02
      vertex   8.496495e+02 1.299590e+02 2.198250e+02
      vertex   8.495260e+02 1.302206e+02 2.168250e+02
    endloop
  endfacet
  facet normal -9.043572e-01 -4.267764e-01 4.043239e-15
    outer loop
      vertex   8.495260e+02 1.302206e+02 2.168250e+02
      vertex   8.496495e+02 1.299590e+02 2.198250e+02
      vertex   8.495260e+02 1.302206e+02 2.198250e+02
    endloop
  endfacet
  facet normal -8.519194e-01 -5.236729e-01 4.961226e-15
    outer loop
      vertex   8.495260e+02 1.302206e+02 2.168250e+02
      vertex   8.495260e+02 1.302206e+02 2.198250e+02
      vertex   8.493746e+02 1.304670e+02 2.168250e+02
    endloop
  endfacet
  facet normal -8.519194e-01 -5.236729e-01 4.961226e-15
    outer loop
      vertex   8.493746e+02 1.304670e+02 2.168250e+02
      vertex   8.495260e+02 1.302206e+02 2.198250e+02
      vertex   8.493746e+02 1.304670e+02 2.198250e+02
    endloop
  endfacet
  facet normal -7.891405e-01 -6.142127e-01 5.818992e-15
    outer loop
      vertex   8.493746e+02 1.304670e+02 2.168250e+02
      vertex   8.493746e+02 1.304670e+02 2.198250e+02
      vertex   8.491970e+02 1.306952e+02 2.168250e+02
    endloop
  endfacet
  facet normal -7.891405e-01 -6.142127e-01 1.163798e-14
    outer loop
      vertex   8.491970e+02 1.306952e+02 2.168250e+02
      vertex   8.493746e+02 1.304670e+02 2.198250e+02
      vertex   8.491970e+02 1.306952e+02 2.198250e+02
    endloop
  endfacet
  facet normal -7.167825e-01 -6.972968e-01 1.321224e-14
    outer loop
      vertex   8.491970e+02 1.306952e+02 2.168250e+02
      vertex   8.491970e+02 1.306952e+02 2.198250e+02
      vertex   8.489953e+02 1.309025e+02 2.168250e+02
    endloop
  endfacet
  facet normal -7.167825e-01 -6.972968e-01 6.606122e-15
    outer loop
      vertex   8.489953e+02 1.309025e+02 2.168250e+02
      vertex   8.491970e+02 1.306952e+02 2.198250e+02
      vertex   8.489953e+02 1.309025e+02 2.198250e+02
    endloop
  endfacet
  facet normal -6.357237e-01 -7.719167e-01 7.313064e-15
    outer loop
      vertex   8.489953e+02 1.309025e+02 2.168250e+02
      vertex   8.489953e+02 1.309025e+02 2.198250e+02
      vertex   8.487720e+02 1.310864e+02 2.168250e+02
    endloop
  endfacet
  facet normal -6.357237e-01 -7.719167e-01 7.313064e-15
    outer loop
      vertex   8.487720e+02 1.310864e+02 2.168250e+02
      vertex   8.489953e+02 1.309025e+02 2.198250e+02
      vertex   8.487720e+02 1.310864e+02 2.198250e+02
    endloop
  endfacet
  facet normal -5.469482e-01 -8.371665e-01 7.931234e-15
    outer loop
      vertex   8.487720e+02 1.310864e+02 2.168250e+02
      vertex   8.487720e+02 1.310864e+02 2.198250e+02
      vertex   8.485299e+02 1.312445e+02 2.168250e+02
    endloop
  endfacet
  facet normal -5.469482e-01 -8.371665e-01 7.931234e-15
    outer loop
      vertex   8.485299e+02 1.312445e+02 2.168250e+02
      vertex   8.487720e+02 1.310864e+02 2.198250e+02
      vertex   8.485299e+02 1.312445e+02 2.198250e+02
    endloop
  endfacet
  facet normal -4.515334e-01 -8.922542e-01 8.453130e-15
    outer loop
      vertex   8.485299e+02 1.312445e+02 2.168250e+02
      vertex   8.485299e+02 1.312445e+02 2.198250e+02
      vertex   8.482719e+02 1.313751e+02 2.168250e+02
    endloop
  endfacet
  facet normal -4.515334e-01 -8.922542e-01 8.453130e-15
    outer loop
      vertex   8.482719e+02 1.313751e+02 2.168250e+02
      vertex   8.485299e+02 1.312445e+02 2.198250e+02
      vertex   8.482719e+02 1.313751e+02 2.198250e+02
    endloop
  endfacet
  facet normal -3.506376e-01 -9.365112e-01 8.872417e-15
    outer loop
      vertex   8.482719e+02 1.313751e+02 2.168250e+02
      vertex   8.482719e+02 1.313751e+02 2.198250e+02
      vertex   8.480010e+02 1.314765e+02 2.168250e+02
    endloop
  endfacet
  facet normal -3.506376e-01 -9.365112e-01 8.872417e-15
    outer loop
      vertex   8.480010e+02 1.314765e+02 2.168250e+02
      vertex   8.482719e+02 1.313751e+02 2.198250e+02
      vertex   8.480010e+02 1.314765e+02 2.198250e+02
    endloop
  endfacet
  facet normal -2.454855e-01 -9.694003e-01 9.184004e-15
    outer loop
      vertex   8.480010e+02 1.314765e+02 2.168250e+02
      vertex   8.480010e+02 1.314765e+02 2.198250e+02
      vertex   8.477207e+02 1.315475e+02 2.168250e+02
    endloop
  endfacet
  facet normal -2.454855e-01 -9.694003e-01 9.184004e-15
    outer loop
      vertex   8.477207e+02 1.315475e+02 2.168250e+02
      vertex   8.480010e+02 1.314765e+02 2.198250e+02
      vertex   8.477207e+02 1.315475e+02 2.198250e+02
    endloop
  endfacet
  facet normal -1.373536e-01 -9.905221e-01 9.384110e-15
    outer loop
      vertex   8.477207e+02 1.315475e+02 2.168250e+02
      vertex   8.477207e+02 1.315475e+02 2.198250e+02
      vertex   8.474342e+02 1.315873e+02 2.168250e+02
    endloop
  endfacet
  facet normal -1.373536e-01 -9.905221e-01 9.384110e-15
    outer loop
      vertex   8.474342e+02 1.315873e+02 2.168250e+02
      vertex   8.477207e+02 1.315475e+02 2.198250e+02
      vertex   8.474342e+02 1.315873e+02 2.198250e+02
    endloop
  endfacet
  facet normal -2.755434e-02 -9.996203e-01 9.470306e-15
    outer loop
      vertex   8.474342e+02 1.315873e+02 2.168250e+02
      vertex   8.474342e+02 1.315873e+02 2.198250e+02
      vertex   8.471451e+02 1.315952e+02 2.168250e+02
    endloop
  endfacet
  facet normal -2.755434e-02 -9.996203e-01 1.894061e-14
    outer loop
      vertex   8.471451e+02 1.315952e+02 2.168250e+02
      vertex   8.474342e+02 1.315873e+02 2.198250e+02
      vertex   8.471451e+02 1.315952e+02 2.198250e+02
    endloop
  endfacet
  facet normal 8.257935e-02 -9.965845e-01 1.888309e-14
    outer loop
      vertex   8.471451e+02 1.315952e+02 2.168250e+02
      vertex   8.471451e+02 1.315952e+02 2.198250e+02
      vertex   8.468569e+02 1.315713e+02 2.168250e+02
    endloop
  endfacet
  facet normal 8.257935e-02 -9.965845e-01 9.441545e-15
    outer loop
      vertex   8.468569e+02 1.315713e+02 2.168250e+02
      vertex   8.471451e+02 1.315952e+02 2.198250e+02
      vertex   8.468569e+02 1.315713e+02 2.198250e+02
    endloop
  endfacet
  facet normal 1.917106e-01 -9.814515e-01 9.298176e-15
    outer loop
      vertex   8.468569e+02 1.315713e+02 2.168250e+02
      vertex   8.468569e+02 1.315713e+02 2.198250e+02
      vertex   8.465730e+02 1.315159e+02 2.168250e+02
    endloop
  endfacet
  facet normal 1.917106e-01 -9.814515e-01 1.859635e-14
    outer loop
      vertex   8.465730e+02 1.315159e+02 2.168250e+02
      vertex   8.468569e+02 1.315713e+02 2.198250e+02
      vertex   8.465730e+02 1.315159e+02 2.198250e+02
    endloop
  endfacet
  facet normal 2.985148e-01 -9.544050e-01 1.808388e-14
    outer loop
      vertex   8.465730e+02 1.315159e+02 2.168250e+02
      vertex   8.465730e+02 1.315159e+02 2.198250e+02
      vertex   8.462970e+02 1.314296e+02 2.168250e+02
    endloop
  endfacet
  facet normal 2.985148e-01 -9.544050e-01 9.041941e-15
    outer loop
      vertex   8.462970e+02 1.314296e+02 2.168250e+02
      vertex   8.465730e+02 1.315159e+02 2.198250e+02
      vertex   8.462970e+02 1.314296e+02 2.198250e+02
    endloop
  endfacet
  facet normal 4.016954e-01 -9.157733e-01 8.675948e-15
    outer loop
      vertex   8.462970e+02 1.314296e+02 2.168250e+02
      vertex   8.462970e+02 1.314296e+02 2.198250e+02
      vertex   8.460321e+02 1.313134e+02 2.168250e+02
    endloop
  endfacet
  facet normal 4.016954e-01 -9.157733e-01 8.675948e-15
    outer loop
      vertex   8.460321e+02 1.313134e+02 2.168250e+02
      vertex   8.462970e+02 1.314296e+02 2.198250e+02
      vertex   8.460321e+02 1.313134e+02 2.198250e+02
    endloop
  endfacet
  facet normal 5.000000e-01 -8.660254e-01 8.204641e-15
    outer loop
      vertex   8.460321e+02 1.313134e+02 2.168250e+02
      vertex   8.460321e+02 1.313134e+02 2.198250e+02
      vertex   8.457817e+02 1.311688e+02 2.168250e+02
    endloop
  endfacet
  facet normal 5.000000e-01 -8.660254e-01 8.204641e-15
    outer loop
      vertex   8.457817e+02 1.311688e+02 2.168250e+02
      vertex   8.460321e+02 1.313134e+02 2.198250e+02
      vertex   8.457817e+02 1.311688e+02 2.198250e+02
    endloop
  endfacet
  facet normal 5.922353e-01 -8.057651e-01 7.633741e-15
    outer loop
      vertex   8.457817e+02 1.311688e+02 2.168250e+02
      vertex   8.457817e+02 1.311688e+02 2.198250e+02
      vertex   8.455486e+02 1.309975e+02 2.168250e+02
    endloop
  endfacet
  facet normal 5.922353e-01 -8.057651e-01 1.526748e-14
    outer loop
      vertex   8.455486e+02 1.309975e+02 2.168250e+02
      vertex   8.457817e+02 1.311688e+02 2.198250e+02
      vertex   8.455486e+02 1.309975e+02 2.198250e+02
    endloop
  endfacet
  facet normal 6.772816e-01 -7.357239e-01 1.394035e-14
    outer loop
      vertex   8.455486e+02 1.309975e+02 2.168250e+02
      vertex   8.455486e+02 1.309975e+02 2.198250e+02
      vertex   8.453359e+02 1.308016e+02 2.168250e+02
    endloop
  endfacet
  facet normal 6.772816e-01 -7.357239e-01 6.970177e-15
    outer loop
      vertex   8.453359e+02 1.308016e+02 2.168250e+02
      vertex   8.455486e+02 1.309975e+02 2.198250e+02
      vertex   8.453359e+02 1.308016e+02 2.198250e+02
    endloop
  endfacet
  facet normal 7.541066e-01 -6.567520e-01 6.222005e-15
    outer loop
      vertex   8.453359e+02 1.308016e+02 2.168250e+02
      vertex   8.453359e+02 1.308016e+02 2.198250e+02
      vertex   8.451459e+02 1.305835e+02 2.168250e+02
    endloop
  endfacet
  facet normal 7.541066e-01 -6.567520e-01 6.222005e-15
    outer loop
      vertex   8.451459e+02 1.305835e+02 2.168250e+02
      vertex   8.453359e+02 1.308016e+02 2.198250e+02
      vertex   8.451459e+02 1.305835e+02 2.198250e+02
    endloop
  endfacet
  facet normal 8.217778e-01 -5.698081e-01 5.398306e-15
    outer loop
      vertex   8.451459e+02 1.305835e+02 2.168250e+02
      vertex   8.451459e+02 1.305835e+02 2.198250e+02
      vertex   8.449811e+02 1.303459e+02 2.168250e+02
    endloop
  endfacet
  facet normal 8.217778e-01 -5.698081e-01 5.398306e-15
    outer loop
      vertex   8.449811e+02 1.303459e+02 2.168250e+02
      vertex   8.451459e+02 1.305835e+02 2.198250e+02
      vertex   8.449811e+02 1.303459e+02 2.198250e+02
    endloop
  endfacet
  facet normal 8.794738e-01 -4.759474e-01 4.509080e-15
    outer loop
      vertex   8.449811e+02 1.303459e+02 2.168250e+02
      vertex   8.449811e+02 1.303459e+02 2.198250e+02
      vertex   8.448435e+02 1.300915e+02 2.168250e+02
    endloop
  endfacet
  facet normal 8.794738e-01 -4.759474e-01 9.018159e-15
    outer loop
      vertex   8.448435e+02 1.300915e+02 2.168250e+02
      vertex   8.449811e+02 1.303459e+02 2.198250e+02
      vertex   8.448435e+02 1.300915e+02 2.198250e+02
    endloop
  endfacet
  facet normal 9.264941e-01 -3.763094e-01 7.130237e-15
    outer loop
      vertex   8.448435e+02 1.300915e+02 2.168250e+02
      vertex   8.448435e+02 1.300915e+02 2.198250e+02
      vertex   8.447347e+02 1.298236e+02 2.168250e+02
    endloop
  endfacet
  facet normal 9.264941e-01 -3.763094e-01 3.565119e-15
    outer loop
      vertex   8.447347e+02 1.298236e+02 2.168250e+02
      vertex   8.448435e+02 1.300915e+02 2.198250e+02
      vertex   8.447347e+02 1.298236e+02 2.198250e+02
    endloop
  endfacet
  facet normal 9.622680e-01 -2.721035e-01 2.577882e-15
    outer loop
      vertex   8.447347e+02 1.298236e+02 2.168250e+02
      vertex   8.447347e+02 1.298236e+02 2.198250e+02
      vertex   8.446560e+02 1.295453e+02 2.168250e+02
    endloop
  endfacet
  facet normal 9.622680e-01 -2.721035e-01 5.155764e-15
    outer loop
      vertex   8.446560e+02 1.295453e+02 2.168250e+02
      vertex   8.447347e+02 1.298236e+02 2.198250e+02
      vertex   8.446560e+02 1.295453e+02 2.198250e+02
    endloop
  endfacet
  facet normal 9.863613e-01 -1.645946e-01 3.118706e-15
    outer loop
      vertex   8.446560e+02 1.295453e+02 2.168250e+02
      vertex   8.446560e+02 1.295453e+02 2.198250e+02
      vertex   8.446084e+02 1.292600e+02 2.168250e+02
    endloop
  endfacet
  facet normal 9.863613e-01 -1.645946e-01 1.559353e-15
    outer loop
      vertex   8.446084e+02 1.292600e+02 2.168250e+02
      vertex   8.446560e+02 1.295453e+02 2.198250e+02
      vertex   8.446084e+02 1.292600e+02 2.198250e+02
    endloop
  endfacet
  facet normal 9.984815e-01 -5.508776e-02 5.218961e-16
    outer loop
      vertex   8.917484e+02 1.292600e+02 2.168250e+02
      vertex   8.917484e+02 1.292600e+02 2.198250e+02
      vertex   8.917324e+02 1.289712e+02 2.168250e+02
    endloop
  endfacet
  facet normal 9.984815e-01 -5.508776e-02 5.218961e-16
    outer loop
      vertex   8.917324e+02 1.289712e+02 2.168250e+02
      vertex   8.917484e+02 1.292600e+02 2.198250e+02
      vertex   8.917324e+02 1.289712e+02 2.198250e+02
    endloop
  endfacet
  facet normal 9.984815e-01 5.508776e-02 -5.218961e-16
    outer loop
      vertex   8.917324e+02 1.289712e+02 2.168250e+02
      vertex   8.917324e+02 1.289712e+02 2.198250e+02
      vertex   8.917484e+02 1.286824e+02 2.168250e+02
    endloop
  endfacet
  facet normal 9.984815e-01 5.508776e-02 -5.218961e-16
    outer loop
      vertex   8.917484e+02 1.286824e+02 2.168250e+02
      vertex   8.917324e+02 1.289712e+02 2.198250e+02
      vertex   8.917484e+02 1.286824e+02 2.198250e+02
    endloop
  endfacet
  facet normal 9.863613e-01 1.645946e-01 -1.559353e-15
    outer loop
      vertex   8.917484e+02 1.286824e+02 2.168250e+02
      vertex   8.917484e+02 1.286824e+02 2.198250e+02
      vertex   8.917960e+02 1.283972e+02 2.168250e+02
    endloop
  endfacet
  facet normal 9.863613e-01 1.645946e-01 -1.559353e-15
    outer loop
      vertex   8.917960e+02 1.283972e+02 2.168250e+02
      vertex   8.917484e+02 1.286824e+02 2.198250e+02
      vertex   8.917960e+02 1.283972e+02 2.198250e+02
    endloop
  endfacet
  facet normal 9.622680e-01 2.721035e-01 -2.577882e-15
    outer loop
      vertex   8.917960e+02 1.283972e+02 2.168250e+02
      vertex   8.917960e+02 1.283972e+02 2.198250e+02
      vertex   8.918747e+02 1.281189e+02 2.168250e+02
    endloop
  endfacet
  facet normal 9.622680e-01 2.721035e-01 -2.577882e-15
    outer loop
      vertex   8.918747e+02 1.281189e+02 2.168250e+02
      vertex   8.917960e+02 1.283972e+02 2.198250e+02
      vertex   8.918747e+02 1.281189e+02 2.198250e+02
    endloop
  endfacet
  facet normal 9.264941e-01 3.763094e-01 -3.565119e-15
    outer loop
      vertex   8.918747e+02 1.281189e+02 2.168250e+02
      vertex   8.918747e+02 1.281189e+02 2.198250e+02
      vertex   8.919835e+02 1.278509e+02 2.168250e+02
    endloop
  endfacet
  facet normal 9.264941e-01 3.763094e-01 -5.347678e-15
    outer loop
      vertex   8.919835e+02 1.278509e+02 2.168250e+02
      vertex   8.918747e+02 1.281189e+02 2.198250e+02
      vertex   8.919835e+02 1.278509e+02 2.198250e+02
    endloop
  endfacet
  facet normal 8.794738e-01 4.759474e-01 -6.763619e-15
    outer loop
      vertex   8.919835e+02 1.278509e+02 2.168250e+02
      vertex   8.919835e+02 1.278509e+02 2.198250e+02
      vertex   8.921211e+02 1.275966e+02 2.168250e+02
    endloop
  endfacet
  facet normal 8.794738e-01 4.759474e-01 -4.509080e-15
    outer loop
      vertex   8.921211e+02 1.275966e+02 2.168250e+02
      vertex   8.919835e+02 1.278509e+02 2.198250e+02
      vertex   8.921211e+02 1.275966e+02 2.198250e+02
    endloop
  endfacet
  facet normal 8.217778e-01 5.698081e-01 -5.398306e-15
    outer loop
      vertex   8.921211e+02 1.275966e+02 2.168250e+02
      vertex   8.921211e+02 1.275966e+02 2.198250e+02
      vertex   8.922859e+02 1.273589e+02 2.168250e+02
    endloop
  endfacet
  facet normal 8.217778e-01 5.698081e-01 -5.398306e-15
    outer loop
      vertex   8.922859e+02 1.273589e+02 2.168250e+02
      vertex   8.921211e+02 1.275966e+02 2.198250e+02
      vertex   8.922859e+02 1.273589e+02 2.198250e+02
    endloop
  endfacet
  facet normal 7.541066e-01 6.567520e-01 -6.222005e-15
    outer loop
      vertex   8.922859e+02 1.273589e+02 2.168250e+02
      vertex   8.922859e+02 1.273589e+02 2.198250e+02
      vertex   8.924759e+02 1.271408e+02 2.168250e+02
    endloop
  endfacet
  facet normal 7.541066e-01 6.567520e-01 -9.333008e-15
    outer loop
      vertex   8.924759e+02 1.271408e+02 2.168250e+02
      vertex   8.922859e+02 1.273589e+02 2.198250e+02
      vertex   8.924759e+02 1.271408e+02 2.198250e+02
    endloop
  endfacet
  facet normal 6.772816e-01 7.357239e-01 -1.045527e-14
    outer loop
      vertex   8.924759e+02 1.271408e+02 2.168250e+02
      vertex   8.924759e+02 1.271408e+02 2.198250e+02
      vertex   8.926886e+02 1.269449e+02 2.168250e+02
    endloop
  endfacet
  facet normal 6.772816e-01 7.357239e-01 -1.045527e-14
    outer loop
      vertex   8.926886e+02 1.269449e+02 2.168250e+02
      vertex   8.924759e+02 1.271408e+02 2.198250e+02
      vertex   8.926886e+02 1.269449e+02 2.198250e+02
    endloop
  endfacet
  facet normal 5.922353e-01 8.057651e-01 -1.145061e-14
    outer loop
      vertex   8.926886e+02 1.269449e+02 2.168250e+02
      vertex   8.926886e+02 1.269449e+02 2.198250e+02
      vertex   8.929217e+02 1.267737e+02 2.168250e+02
    endloop
  endfacet
  facet normal 5.922353e-01 8.057651e-01 -7.633741e-15
    outer loop
      vertex   8.929217e+02 1.267737e+02 2.168250e+02
      vertex   8.926886e+02 1.269449e+02 2.198250e+02
      vertex   8.929217e+02 1.267737e+02 2.198250e+02
    endloop
  endfacet
  facet normal 5.000000e-01 8.660254e-01 -8.204641e-15
    outer loop
      vertex   8.929217e+02 1.267737e+02 2.168250e+02
      vertex   8.929217e+02 1.267737e+02 2.198250e+02
      vertex   8.931721e+02 1.266291e+02 2.168250e+02
    endloop
  endfacet
  facet normal 5.000000e-01 8.660254e-01 -1.230696e-14
    outer loop
      vertex   8.931721e+02 1.266291e+02 2.168250e+02
      vertex   8.929217e+02 1.267737e+02 2.198250e+02
      vertex   8.931721e+02 1.266291e+02 2.198250e+02
    endloop
  endfacet
  facet normal 4.016954e-01 9.157733e-01 -1.301392e-14
    outer loop
      vertex   8.931721e+02 1.266291e+02 2.168250e+02
      vertex   8.931721e+02 1.266291e+02 2.198250e+02
      vertex   8.934370e+02 1.265129e+02 2.168250e+02
    endloop
  endfacet
  facet normal 4.016954e-01 9.157733e-01 -8.675948e-15
    outer loop
      vertex   8.934370e+02 1.265129e+02 2.168250e+02
      vertex   8.931721e+02 1.266291e+02 2.198250e+02
      vertex   8.934370e+02 1.265129e+02 2.198250e+02
    endloop
  endfacet
  facet normal 2.985148e-01 9.544050e-01 -9.041941e-15
    outer loop
      vertex   8.934370e+02 1.265129e+02 2.168250e+02
      vertex   8.934370e+02 1.265129e+02 2.198250e+02
      vertex   8.937130e+02 1.264265e+02 2.168250e+02
    endloop
  endfacet
  facet normal 2.985148e-01 9.544050e-01 -1.356291e-14
    outer loop
      vertex   8.937130e+02 1.264265e+02 2.168250e+02
      vertex   8.934370e+02 1.265129e+02 2.198250e+02
      vertex   8.937130e+02 1.264265e+02 2.198250e+02
    endloop
  endfacet
  facet normal 1.917106e-01 9.814515e-01 -1.394726e-14
    outer loop
      vertex   8.937130e+02 1.264265e+02 2.168250e+02
      vertex   8.937130e+02 1.264265e+02 2.198250e+02
      vertex   8.939969e+02 1.263711e+02 2.168250e+02
    endloop
  endfacet
  facet normal 1.917106e-01 9.814515e-01 -9.298176e-15
    outer loop
      vertex   8.939969e+02 1.263711e+02 2.168250e+02
      vertex   8.937130e+02 1.264265e+02 2.198250e+02
      vertex   8.939969e+02 1.263711e+02 2.198250e+02
    endloop
  endfacet
  facet normal 8.257935e-02 9.965845e-01 -9.441545e-15
    outer loop
      vertex   8.939969e+02 1.263711e+02 2.168250e+02
      vertex   8.939969e+02 1.263711e+02 2.198250e+02
      vertex   8.942851e+02 1.263472e+02 2.168250e+02
    endloop
  endfacet
  facet normal 8.257935e-02 9.965845e-01 -1.416232e-14
    outer loop
      vertex   8.942851e+02 1.263472e+02 2.168250e+02
      vertex   8.939969e+02 1.263711e+02 2.198250e+02
      vertex   8.942851e+02 1.263472e+02 2.198250e+02
    endloop
  endfacet
  facet normal -2.755434e-02 9.996203e-01 -1.420546e-14
    outer loop
      vertex   8.942851e+02 1.263472e+02 2.168250e+02
      vertex   8.942851e+02 1.263472e+02 2.198250e+02
      vertex   8.945742e+02 1.263552e+02 2.168250e+02
    endloop
  endfacet
  facet normal -2.755434e-02 9.996203e-01 -9.470306e-15
    outer loop
      vertex   8.945742e+02 1.263552e+02 2.168250e+02
      vertex   8.942851e+02 1.263472e+02 2.198250e+02
      vertex   8.945742e+02 1.263552e+02 2.198250e+02
    endloop
  endfacet
  facet normal -1.373536e-01 9.905221e-01 -9.384110e-15
    outer loop
      vertex   8.945742e+02 1.263552e+02 2.168250e+02
      vertex   8.945742e+02 1.263552e+02 2.198250e+02
      vertex   8.948607e+02 1.263949e+02 2.168250e+02
    endloop
  endfacet
  facet normal -1.373536e-01 9.905221e-01 -9.384110e-15
    outer loop
      vertex   8.948607e+02 1.263949e+02 2.168250e+02
      vertex   8.945742e+02 1.263552e+02 2.198250e+02
      vertex   8.948607e+02 1.263949e+02 2.198250e+02
    endloop
  endfacet
  facet normal -2.454855e-01 9.694003e-01 -9.184004e-15
    outer loop
      vertex   8.948607e+02 1.263949e+02 2.168250e+02
      vertex   8.948607e+02 1.263949e+02 2.198250e+02
      vertex   8.951410e+02 1.264659e+02 2.168250e+02
    endloop
  endfacet
  facet normal -2.454855e-01 9.694003e-01 -9.184004e-15
    outer loop
      vertex   8.951410e+02 1.264659e+02 2.168250e+02
      vertex   8.948607e+02 1.263949e+02 2.198250e+02
      vertex   8.951410e+02 1.264659e+02 2.198250e+02
    endloop
  endfacet
  facet normal -3.506376e-01 9.365112e-01 -8.872417e-15
    outer loop
      vertex   8.951410e+02 1.264659e+02 2.168250e+02
      vertex   8.951410e+02 1.264659e+02 2.198250e+02
      vertex   8.954119e+02 1.265673e+02 2.168250e+02
    endloop
  endfacet
  facet normal -3.506376e-01 9.365112e-01 -8.872417e-15
    outer loop
      vertex   8.954119e+02 1.265673e+02 2.168250e+02
      vertex   8.951410e+02 1.264659e+02 2.198250e+02
      vertex   8.954119e+02 1.265673e+02 2.198250e+02
    endloop
  endfacet
  facet normal -4.515334e-01 8.922542e-01 -8.453130e-15
    outer loop
      vertex   8.954119e+02 1.265673e+02 2.168250e+02
      vertex   8.954119e+02 1.265673e+02 2.198250e+02
      vertex   8.956699e+02 1.266979e+02 2.168250e+02
    endloop
  endfacet
  facet normal -4.515334e-01 8.922542e-01 -1.267970e-14
    outer loop
      vertex   8.956699e+02 1.266979e+02 2.168250e+02
      vertex   8.954119e+02 1.265673e+02 2.198250e+02
      vertex   8.956699e+02 1.266979e+02 2.198250e+02
    endloop
  endfacet
  facet normal -5.469482e-01 8.371665e-01 -1.189685e-14
    outer loop
      vertex   8.956699e+02 1.266979e+02 2.168250e+02
      vertex   8.956699e+02 1.266979e+02 2.198250e+02
      vertex   8.959120e+02 1.268561e+02 2.168250e+02
    endloop
  endfacet
  facet normal -5.469482e-01 8.371665e-01 -1.189685e-14
    outer loop
      vertex   8.959120e+02 1.268561e+02 2.168250e+02
      vertex   8.956699e+02 1.266979e+02 2.198250e+02
      vertex   8.959120e+02 1.268561e+02 2.198250e+02
    endloop
  endfacet
  facet normal -6.357237e-01 7.719167e-01 -1.096960e-14
    outer loop
      vertex   8.959120e+02 1.268561e+02 2.168250e+02
      vertex   8.959120e+02 1.268561e+02 2.198250e+02
      vertex   8.961353e+02 1.270399e+02 2.168250e+02
    endloop
  endfacet
  facet normal -6.357237e-01 7.719167e-01 -1.096960e-14
    outer loop
      vertex   8.961353e+02 1.270399e+02 2.168250e+02
      vertex   8.959120e+02 1.268561e+02 2.198250e+02
      vertex   8.961353e+02 1.270399e+02 2.198250e+02
    endloop
  endfacet
  facet normal -7.167825e-01 6.972968e-01 -9.909184e-15
    outer loop
      vertex   8.961353e+02 1.270399e+02 2.168250e+02
      vertex   8.961353e+02 1.270399e+02 2.198250e+02
      vertex   8.963370e+02 1.272472e+02 2.168250e+02
    endloop
  endfacet
  facet normal -7.167825e-01 6.972968e-01 -9.909184e-15
    outer loop
      vertex   8.963370e+02 1.272472e+02 2.168250e+02
      vertex   8.961353e+02 1.270399e+02 2.198250e+02
      vertex   8.963370e+02 1.272472e+02 2.198250e+02
    endloop
  endfacet
  facet normal -7.891405e-01 6.142127e-01 -8.728488e-15
    outer loop
      vertex   8.963370e+02 1.272472e+02 2.168250e+02
      vertex   8.963370e+02 1.272472e+02 2.198250e+02
      vertex   8.965146e+02 1.274755e+02 2.168250e+02
    endloop
  endfacet
  facet normal -7.891405e-01 6.142127e-01 -8.728488e-15
    outer loop
      vertex   8.965146e+02 1.274755e+02 2.168250e+02
      vertex   8.963370e+02 1.272472e+02 2.198250e+02
      vertex   8.965146e+02 1.274755e+02 2.198250e+02
    endloop
  endfacet
  facet normal -8.519194e-01 5.236729e-01 -7.441840e-15
    outer loop
      vertex   8.965146e+02 1.274755e+02 2.168250e+02
      vertex   8.965146e+02 1.274755e+02 2.198250e+02
      vertex   8.966660e+02 1.277219e+02 2.168250e+02
    endloop
  endfacet
  facet normal -8.519194e-01 5.236729e-01 -4.961226e-15
    outer loop
      vertex   8.966660e+02 1.277219e+02 2.168250e+02
      vertex   8.965146e+02 1.274755e+02 2.198250e+02
      vertex   8.966660e+02 1.277219e+02 2.198250e+02
    endloop
  endfacet
  facet normal -9.043572e-01 4.267764e-01 -4.043239e-15
    outer loop
      vertex   8.966660e+02 1.277219e+02 2.168250e+02
      vertex   8.966660e+02 1.277219e+02 2.198250e+02
      vertex   8.967895e+02 1.279834e+02 2.168250e+02
    endloop
  endfacet
  facet normal -9.043572e-01 4.267764e-01 -6.064858e-15
    outer loop
      vertex   8.967895e+02 1.279834e+02 2.168250e+02
      vertex   8.966660e+02 1.277219e+02 2.198250e+02
      vertex   8.967895e+02 1.279834e+02 2.198250e+02
    endloop
  endfacet
  facet normal -9.458172e-01 3.246995e-01 -4.614257e-15
    outer loop
      vertex   8.967895e+02 1.279834e+02 2.168250e+02
      vertex   8.967895e+02 1.279834e+02 2.198250e+02
      vertex   8.968834e+02 1.282569e+02 2.168250e+02
    endloop
  endfacet
  facet normal -9.458172e-01 3.246995e-01 -3.076171e-15
    outer loop
      vertex   8.968834e+02 1.282569e+02 2.168250e+02
      vertex   8.967895e+02 1.279834e+02 2.198250e+02
      vertex   8.968834e+02 1.282569e+02 2.198250e+02
    endloop
  endfacet
  facet normal -9.757964e-01 2.186811e-01 -2.071763e-15
    outer loop
      vertex   8.968834e+02 1.282569e+02 2.168250e+02
      vertex   8.968834e+02 1.282569e+02 2.198250e+02
      vertex   8.969466e+02 1.285392e+02 2.168250e+02
    endloop
  endfacet
  facet normal -9.757964e-01 2.186811e-01 -2.071763e-15
    outer loop
      vertex   8.969466e+02 1.285392e+02 2.168250e+02
      vertex   8.968834e+02 1.282569e+02 2.198250e+02
      vertex   8.969466e+02 1.285392e+02 2.198250e+02
    endloop
  endfacet
  facet normal -9.939307e-01 1.100082e-01 -1.042207e-15
    outer loop
      vertex   8.969466e+02 1.285392e+02 2.168250e+02
      vertex   8.969466e+02 1.285392e+02 2.198250e+02
      vertex   8.969784e+02 1.288266e+02 2.168250e+02
    endloop
  endfacet
  facet normal -9.939307e-01 1.100082e-01 -2.084414e-15
    outer loop
      vertex   8.969784e+02 1.288266e+02 2.168250e+02
      vertex   8.969466e+02 1.285392e+02 2.198250e+02
      vertex   8.969784e+02 1.288266e+02 2.198250e+02
    endloop
  endfacet
  facet normal -1.000000e+00 0.000000e+00 0.000000e+00
    outer loop
      vertex   8.969784e+02 1.288266e+02 2.168250e+02
      vertex   8.969784e+02 1.288266e+02 2.198250e+02
      vertex   8.969784e+02 1.291158e+02 2.168250e+02
    endloop
  endfacet
  facet normal -1.000000e+00 0.000000e+00 0.000000e+00
    outer loop
      vertex   8.969784e+02 1.291158e+02 2.168250e+02
      vertex   8.969784e+02 1.288266e+02 2.198250e+02
      vertex   8.969784e+02 1.291158e+02 2.198250e+02
    endloop
  endfacet
  facet normal -9.939307e-01 -1.100082e-01 1.042207e-15
    outer loop
      vertex   8.969784e+02 1.291158e+02 2.168250e+02
      vertex   8.969784e+02 1.291158e+02 2.198250e+02
      vertex   8.969466e+02 1.294033e+02 2.168250e+02
    endloop
  endfacet
  facet normal -9.939307e-01 -1.100082e-01 2.084414e-15
    outer loop
      vertex   8.969466e+02 1.294033e+02 2.168250e+02
      vertex   8.969784e+02 1.291158e+02 2.198250e+02
      vertex   8.969466e+02 1.294033e+02 2.198250e+02
    endloop
  endfacet
  facet normal -9.757964e-01 -2.186811e-01 4.143527e-15
    outer loop
      vertex   8.969466e+02 1.294033e+02 2.168250e+02
      vertex   8.969466e+02 1.294033e+02 2.198250e+02
      vertex   8.968834e+02 1.296855e+02 2.168250e+02
    endloop
  endfacet
  facet normal -9.757964e-01 -2.186811e-01 4.143527e-15
    outer loop
      vertex   8.968834e+02 1.296855e+02 2.168250e+02
      vertex   8.969466e+02 1.294033e+02 2.198250e+02
      vertex   8.968834e+02 1.296855e+02 2.198250e+02
    endloop
  endfacet
  facet normal -9.458172e-01 -3.246995e-01 6.152343e-15
    outer loop
      vertex   8.968834e+02 1.296855e+02 2.168250e+02
      vertex   8.968834e+02 1.296855e+02 2.198250e+02
      vertex   8.967895e+02 1.299590e+02 2.168250e+02
    endloop
  endfacet
  facet normal -9.458172e-01 -3.246995e-01 6.152343e-15
    outer loop
      vertex   8.967895e+02 1.299590e+02 2.168250e+02
      vertex   8.968834e+02 1.296855e+02 2.198250e+02
      vertex   8.967895e+02 1.299590e+02 2.198250e+02
    endloop
  endfacet
  facet normal -9.043572e-01 -4.267764e-01 8.086477e-15
    outer loop
      vertex   8.967895e+02 1.299590e+02 2.168250e+02
      vertex   8.967895e+02 1.299590e+02 2.198250e+02
      vertex   8.966660e+02 1.302206e+02 2.168250e+02
    endloop
  endfacet
  facet normal -9.043572e-01 -4.267764e-01 4.043239e-15
    outer loop
      vertex   8.966660e+02 1.302206e+02 2.168250e+02
      vertex   8.967895e+02 1.299590e+02 2.198250e+02
      vertex   8.966660e+02 1.302206e+02 2.198250e+02
    endloop
  endfacet
  facet normal -8.519194e-01 -5.236729e-01 4.961226e-15
    outer loop
      vertex   8.966660e+02 1.302206e+02 2.168250e+02
      vertex   8.966660e+02 1.302206e+02 2.198250e+02
      vertex   8.965146e+02 1.304670e+02 2.168250e+02
    endloop
  endfacet
  facet normal -8.519194e-01 -5.236729e-01 4.961226e-15
    outer loop
      vertex   8.965146e+02 1.304670e+02 2.168250e+02
      vertex   8.966660e+02 1.302206e+02 2.198250e+02
      vertex   8.965146e+02 1.304670e+02 2.198250e+02
    endloop
  endfacet
  facet normal -7.891405e-01 -6.142127e-01 5.818992e-15
    outer loop
      vertex   8.965146e+02 1.304670e+02 2.168250e+02
      vertex   8.965146e+02 1.304670e+02 2.198250e+02
      vertex   8.963370e+02 1.306952e+02 2.168250e+02
    endloop
  endfacet
  facet normal -7.891405e-01 -6.142127e-01 5.818992e-15
    outer loop
      vertex   8.963370e+02 1.306952e+02 2.168250e+02
      vertex   8.965146e+02 1.304670e+02 2.198250e+02
      vertex   8.963370e+02 1.306952e+02 2.198250e+02
    endloop
  endfacet
  facet normal -7.167825e-01 -6.972968e-01 6.606122e-15
    outer loop
      vertex   8.963370e+02 1.306952e+02 2.168250e+02
      vertex   8.963370e+02 1.306952e+02 2.198250e+02
      vertex   8.961353e+02 1.309025e+02 2.168250e+02
    endloop
  endfacet
  facet normal -7.167825e-01 -6.972968e-01 6.606122e-15
    outer loop
      vertex   8.961353e+02 1.309025e+02 2.168250e+02
      vertex   8.963370e+02 1.306952e+02 2.198250e+02
      vertex   8.961353e+02 1.309025e+02 2.198250e+02
    endloop
  endfacet
  facet normal -6.357237e-01 -7.719167e-01 7.313064e-15
    outer loop
      vertex   8.961353e+02 1.309025e+02 2.168250e+02
      vertex   8.961353e+02 1.309025e+02 2.198250e+02
      vertex   8.959120e+02 1.310864e+02 2.168250e+02
    endloop
  endfacet
  facet normal -6.357237e-01 -7.719167e-01 1.462613e-14
    outer loop
      vertex   8.959120e+02 1.310864e+02 2.168250e+02
      vertex   8.961353e+02 1.309025e+02 2.198250e+02
      vertex   8.959120e+02 1.310864e+02 2.198250e+02
    endloop
  endfacet
  facet normal -5.469482e-01 -8.371665e-01 1.586247e-14
    outer loop
      vertex   8.959120e+02 1.310864e+02 2.168250e+02
      vertex   8.959120e+02 1.310864e+02 2.198250e+02
      vertex   8.956699e+02 1.312445e+02 2.168250e+02
    endloop
  endfacet
  facet normal -5.469482e-01 -8.371665e-01 1.586247e-14
    outer loop
      vertex   8.956699e+02 1.312445e+02 2.168250e+02
      vertex   8.959120e+02 1.310864e+02 2.198250e+02
      vertex   8.956699e+02 1.312445e+02 2.198250e+02
    endloop
  endfacet
  facet normal -4.515334e-01 -8.922542e-01 1.690626e-14
    outer loop
      vertex   8.956699e+02 1.312445e+02 2.168250e+02
      vertex   8.956699e+02 1.312445e+02 2.198250e+02
      vertex   8.954119e+02 1.313751e+02 2.168250e+02
    endloop
  endfacet
  facet normal -4.515334e-01 -8.922542e-01 8.453130e-15
    outer loop
      vertex   8.954119e+02 1.313751e+02 2.168250e+02
      vertex   8.956699e+02 1.312445e+02 2.198250e+02
      vertex   8.954119e+02 1.313751e+02 2.198250e+02
    endloop
  endfacet
  facet normal -3.506376e-01 -9.365112e-01 8.872417e-15
    outer loop
      vertex   8.954119e+02 1.313751e+02 2.168250e+02
      vertex   8.954119e+02 1.313751e+02 2.198250e+02
      vertex   8.951410e+02 1.314765e+02 2.168250e+02
    endloop
  endfacet
  facet normal -3.506376e-01 -9.365112e-01 8.872417e-15
    outer loop
      vertex   8.951410e+02 1.314765e+02 2.168250e+02
      vertex   8.954119e+02 1.313751e+02 2.198250e+02
      vertex   8.951410e+02 1.314765e+02 2.198250e+02
    endloop
  endfacet
  facet normal -2.454855e-01 -9.694003e-01 9.184004e-15
    outer loop
      vertex   8.951410e+02 1.314765e+02 2.168250e+02
      vertex   8.951410e+02 1.314765e+02 2.198250e+02
      vertex   8.948607e+02 1.315475e+02 2.168250e+02
    endloop
  endfacet
  facet normal -2.454855e-01 -9.694003e-01 9.184004e-15
    outer loop
      vertex   8.948607e+02 1.315475e+02 2.168250e+02
      vertex   8.951410e+02 1.314765e+02 2.198250e+02
      vertex   8.948607e+02 1.315475e+02 2.198250e+02
    endloop
  endfacet
  facet normal -1.373536e-01 -9.905221e-01 9.384110e-15
    outer loop
      vertex   8.948607e+02 1.315475e+02 2.168250e+02
      vertex   8.948607e+02 1.315475e+02 2.198250e+02
      vertex   8.945742e+02 1.315873e+02 2.168250e+02
    endloop
  endfacet
  facet normal -1.373536e-01 -9.905221e-01 1.876822e-14
    outer loop
      vertex   8.945742e+02 1.315873e+02 2.168250e+02
      vertex   8.948607e+02 1.315475e+02 2.198250e+02
      vertex   8.945742e+02 1.315873e+02 2.198250e+02
    endloop
  endfacet
  facet normal -2.755434e-02 -9.996203e-01 1.894061e-14
    outer loop
      vertex   8.945742e+02 1.315873e+02 2.168250e+02
      vertex   8.945742e+02 1.315873e+02 2.198250e+02
      vertex   8.942851e+02 1.315952e+02 2.168250e+02
    endloop
  endfacet
  facet normal -2.755434e-02 -9.996203e-01 9.470306e-15
    outer loop
      vertex   8.942851e+02 1.315952e+02 2.168250e+02
      vertex   8.945742e+02 1.315873e+02 2.198250e+02
      vertex   8.942851e+02 1.315952e+02 2.198250e+02
    endloop
  endfacet
  facet normal 8.257935e-02 -9.965845e-01 9.441545e-15
    outer loop
      vertex   8.942851e+02 1.315952e+02 2.168250e+02
      vertex   8.942851e+02 1.315952e+02 2.198250e+02
      vertex   8.939969e+02 1.315713e+02 2.168250e+02
    endloop
  endfacet
  facet normal 8.257935e-02 -9.965845e-01 9.441545e-15
    outer loop
      vertex   8.939969e+02 1.315713e+02 2.168250e+02
      vertex   8.942851e+02 1.315952e+02 2.198250e+02
      vertex   8.939969e+02 1.315713e+02 2.198250e+02
    endloop
  endfacet
  facet normal 1.917106e-01 -9.814515e-01 9.298176e-15
    outer loop
      vertex   8.939969e+02 1.315713e+02 2.168250e+02
      vertex   8.939969e+02 1.315713e+02 2.198250e+02
      vertex   8.937130e+02 1.315159e+02 2.168250e+02
    endloop
  endfacet
  facet normal 1.917106e-01 -9.814515e-01 9.298176e-15
    outer loop
      vertex   8.937130e+02 1.315159e+02 2.168250e+02
      vertex   8.939969e+02 1.315713e+02 2.198250e+02
      vertex   8.937130e+02 1.315159e+02 2.198250e+02
    endloop
  endfacet
  facet normal 2.985148e-01 -9.544050e-01 9.041941e-15
    outer loop
      vertex   8.937130e+02 1.315159e+02 2.168250e+02
      vertex   8.937130e+02 1.315159e+02 2.198250e+02
      vertex   8.934370e+02 1.314296e+02 2.168250e+02
    endloop
  endfacet
  facet normal 2.985148e-01 -9.544050e-01 9.041941e-15
    outer loop
      vertex   8.934370e+02 1.314296e+02 2.168250e+02
      vertex   8.937130e+02 1.315159e+02 2.198250e+02
      vertex   8.934370e+02 1.314296e+02 2.198250e+02
    endloop
  endfacet
  facet normal 4.016954e-01 -9.157733e-01 8.675948e-15
    outer loop
      vertex   8.934370e+02 1.314296e+02 2.168250e+02
      vertex   8.934370e+02 1.314296e+02 2.198250e+02
      vertex   8.931721e+02 1.313134e+02 2.168250e+02
    endloop
  endfacet
  facet normal 4.016954e-01 -9.157733e-01 8.675948e-15
    outer loop
      vertex   8.931721e+02 1.313134e+02 2.168250e+02
      vertex   8.934370e+02 1.314296e+02 2.198250e+02
      vertex   8.931721e+02 1.313134e+02 2.198250e+02
    endloop
  endfacet
  facet normal 5.000000e-01 -8.660254e-01 8.204641e-15
    outer loop
      vertex   8.931721e+02 1.313134e+02 2.168250e+02
      vertex   8.931721e+02 1.313134e+02 2.198250e+02
      vertex   8.929217e+02 1.311688e+02 2.168250e+02
    endloop
  endfacet
  facet normal 5.000000e-01 -8.660254e-01 8.204641e-15
    outer loop
      vertex   8.929217e+02 1.311688e+02 2.168250e+02
      vertex   8.931721e+02 1.313134e+02 2.198250e+02
      vertex   8.929217e+02 1.311688e+02 2.198250e+02
    endloop
  endfacet
  facet normal 5.922353e-01 -8.057651e-01 7.633741e-15
    outer loop
      vertex   8.929217e+02 1.311688e+02 2.168250e+02
      vertex   8.929217e+02 1.311688e+02 2.198250e+02
      vertex   8.926886e+02 1.309975e+02 2.168250e+02
    endloop
  endfacet
  facet normal 5.922353e-01 -8.057651e-01 7.633741e-15
    outer loop
      vertex   8.926886e+02 1.309975e+02 2.168250e+02
      vertex   8.929217e+02 1.311688e+02 2.198250e+02
      vertex   8.926886e+02 1.309975e+02 2.198250e+02
    endloop
  endfacet
  facet normal 6.772816e-01 -7.357239e-01 6.970177e-15
    outer loop
      vertex   8.926886e+02 1.309975e+02 2.168250e+02
      vertex   8.926886e+02 1.309975e+02 2.198250e+02
      vertex   8.924759e+02 1.308016e+02 2.168250e+02
    endloop
  endfacet
  facet normal 6.772816e-01 -7.357239e-01 1.394035e-14
    outer loop
      vertex   8.924759e+02 1.308016e+02 2.168250e+02
      vertex   8.926886e+02 1.309975e+02 2.198250e+02
      vertex   8.924759e+02 1.308016e+02 2.198250e+02
    endloop
  endfacet
  facet normal 7.541066e-01 -6.567520e-01 1.244401e-14
    outer loop
      vertex   8.924759e+02 1.308016e+02 2.168250e+02
      vertex   8.924759e+02 1.308016e+02 2.198250e+02
      vertex   8.922859e+02 1.305835e+02 2.168250e+02
    endloop
  endfacet
  facet normal 7.541066e-01 -6.567520e-01 6.222005e-15
    outer loop
      vertex   8.922859e+02 1.305835e+02 2.168250e+02
      vertex   8.924759e+02 1.308016e+02 2.198250e+02
      vertex   8.922859e+02 1.305835e+02 2.198250e+02
    endloop
  endfacet
  facet normal 8.217778e-01 -5.698081e-01 5.398306e-15
    outer loop
      vertex   8.922859e+02 1.305835e+02 2.168250e+02
      vertex   8.922859e+02 1.305835e+02 2.198250e+02
      vertex   8.921211e+02 1.303459e+02 2.168250e+02
    endloop
  endfacet
  facet normal 8.217778e-01 -5.698081e-01 5.398306e-15
    outer loop
      vertex   8.921211e+02 1.303459e+02 2.168250e+02
      vertex   8.922859e+02 1.305835e+02 2.198250e+02
      vertex   8.921211e+02 1.303459e+02 2.198250e+02
    endloop
  endfacet
  facet normal 8.794738e-01 -4.759474e-01 4.509080e-15
    outer loop
      vertex   8.921211e+02 1.303459e+02 2.168250e+02
      vertex   8.921211e+02 1.303459e+02 2.198250e+02
      vertex   8.919835e+02 1.300915e+02 2.168250e+02
    endloop
  endfacet
  facet normal 8.794738e-01 -4.759474e-01 4.509080e-15
    outer loop
      vertex   8.919835e+02 1.300915e+02 2.168250e+02
      vertex   8.921211e+02 1.303459e+02 2.198250e+02
      vertex   8.919835e+02 1.300915e+02 2.198250e+02
    endloop
  endfacet
  facet normal 9.264941e-01 -3.763094e-01 3.565119e-15
    outer loop
      vertex   8.919835e+02 1.300915e+02 2.168250e+02
      vertex   8.919835e+02 1.300915e+02 2.198250e+02
      vertex   8.918747e+02 1.298236e+02 2.168250e+02
    endloop
  endfacet
  facet normal 9.264941e-01 -3.763094e-01 3.565119e-15
    outer loop
      vertex   8.918747e+02 1.298236e+02 2.168250e+02
      vertex   8.919835e+02 1.300915e+02 2.198250e+02
      vertex   8.918747e+02 1.298236e+02 2.198250e+02
    endloop
  endfacet
  facet normal 9.622680e-01 -2.721035e-01 2.577882e-15
    outer loop
      vertex   8.918747e+02 1.298236e+02 2.168250e+02
      vertex   8.918747e+02 1.298236e+02 2.198250e+02
      vertex   8.917960e+02 1.295453e+02 2.168250e+02
    endloop
  endfacet
  facet normal 9.622680e-01 -2.721035e-01 2.577882e-15
    outer loop
      vertex   8.917960e+02 1.295453e+02 2.168250e+02
      vertex   8.918747e+02 1.298236e+02 2.198250e+02
      vertex   8.917960e+02 1.295453e+02 2.198250e+02
    endloop
  endfacet
  facet normal 9.863613e-01 -1.645946e-01 1.559353e-15
    outer loop
      vertex   8.917960e+02 1.295453e+02 2.168250e+02
      vertex   8.917960e+02 1.295453e+02 2.198250e+02
      vertex   8.917484e+02 1.292600e+02 2.168250e+02
    endloop
  endfacet
  facet normal 9.863613e-01 -1.645946e-01 1.559353e-15
    outer loop
      vertex   8.917484e+02 1.292600e+02 2.168250e+02
      vertex   8.917960e+02 1.295453e+02 2.198250e+02
      vertex   8.917484e+02 1.292600e+02 2.198250e+02
    endloop
  endfacet
  facet normal 9.997919e-01 -2.039854e-02 2.898807e-16
    outer loop
      vertex   8.515035e+02 1.061884e+02 2.168250e+02
      vertex   8.515035e+02 1.061884e+02 2.198250e+02
      vertex   8.514874e+02 1.054012e+02 2.168250e+02
    endloop
  endfacet
  facet normal 9.997919e-01 -2.039854e-02 1.932538e-16
    outer loop
      vertex   8.514874e+02 1.054012e+02 2.168250e+02
      vertex   8.515035e+02 1.061884e+02 2.198250e+02
      vertex   8.514874e+02 1.054012e+02 2.198250e+02
    endloop
  endfacet
  facet normal 9.997919e-01 2.039854e-02 -1.932538e-16
    outer loop
      vertex   8.514874e+02 1.054012e+02 2.168250e+02
      vertex   8.514874e+02 1.054012e+02 2.198250e+02
      vertex   8.515035e+02 1.046140e+02 2.168250e+02
    endloop
  endfacet
  facet normal 9.997919e-01 2.039854e-02 -2.898807e-16
    outer loop
      vertex   8.515035e+02 1.046140e+02 2.168250e+02
      vertex   8.514874e+02 1.054012e+02 2.198250e+02
      vertex   8.515035e+02 1.046140e+02 2.198250e+02
    endloop
  endfacet
  facet normal 9.981279e-01 6.116166e-02 -8.691595e-16
    outer loop
      vertex   8.515035e+02 1.046140e+02 2.168250e+02
      vertex   8.515035e+02 1.046140e+02 2.198250e+02
      vertex   8.515516e+02 1.038281e+02 2.168250e+02
    endloop
  endfacet
  facet normal 9.981279e-01 6.116166e-02 -5.794397e-16
    outer loop
      vertex   8.515516e+02 1.038281e+02 2.168250e+02
      vertex   8.515035e+02 1.046140e+02 2.198250e+02
      vertex   8.515516e+02 1.038281e+02 2.198250e+02
    endloop
  endfacet
  facet normal 9.948025e-01 1.018230e-01 -9.646611e-16
    outer loop
      vertex   8.515516e+02 1.038281e+02 2.168250e+02
      vertex   8.515516e+02 1.038281e+02 2.198250e+02
      vertex   8.516318e+02 1.030448e+02 2.168250e+02
    endloop
  endfacet
  facet normal 9.948025e-01 1.018230e-01 -1.446992e-15
    outer loop
      vertex   8.516318e+02 1.030448e+02 2.168250e+02
      vertex   8.515516e+02 1.038281e+02 2.198250e+02
      vertex   8.516318e+02 1.030448e+02 2.198250e+02
    endloop
  endfacet
  facet normal 9.898214e-01 1.423148e-01 -2.022415e-15
    outer loop
      vertex   8.516318e+02 1.030448e+02 2.168250e+02
      vertex   8.516318e+02 1.030448e+02 2.198250e+02
      vertex   8.517439e+02 1.022654e+02 2.168250e+02
    endloop
  endfacet
  facet normal 9.898214e-01 1.423148e-01 -2.022415e-15
    outer loop
      vertex   8.517439e+02 1.022654e+02 2.168250e+02
      vertex   8.516318e+02 1.030448e+02 2.198250e+02
      vertex   8.517439e+02 1.022654e+02 2.198250e+02
    endloop
  endfacet
  facet normal 9.831929e-01 1.825698e-01 -2.594473e-15
    outer loop
      vertex   8.517439e+02 1.022654e+02 2.168250e+02
      vertex   8.517439e+02 1.022654e+02 2.198250e+02
      vertex   8.518876e+02 1.014913e+02 2.168250e+02
    endloop
  endfacet
  facet normal 9.831929e-01 1.825698e-01 -2.594473e-15
    outer loop
      vertex   8.518876e+02 1.014913e+02 2.168250e+02
      vertex   8.517439e+02 1.022654e+02 2.198250e+02
      vertex   8.518876e+02 1.014913e+02 2.198250e+02
    endloop
  endfacet
  facet normal 9.749279e-01 2.225209e-01 -3.162213e-15
    outer loop
      vertex   8.518876e+02 1.014913e+02 2.168250e+02
      vertex   8.518876e+02 1.014913e+02 2.198250e+02
      vertex   8.520628e+02 1.007236e+02 2.168250e+02
    endloop
  endfacet
  facet normal 9.749279e-01 2.225209e-01 -2.108142e-15
    outer loop
      vertex   8.520628e+02 1.007236e+02 2.168250e+02
      vertex   8.518876e+02 1.014913e+02 2.198250e+02
      vertex   8.520628e+02 1.007236e+02 2.198250e+02
    endloop
  endfacet
  facet normal 9.650403e-01 2.621017e-01 -2.483126e-15
    outer loop
      vertex   8.520628e+02 1.007236e+02 2.168250e+02
      vertex   8.520628e+02 1.007236e+02 2.198250e+02
      vertex   8.522692e+02 9.996378e+01 2.168250e+02
    endloop
  endfacet
  facet normal 9.650403e-01 2.621017e-01 -2.483126e-15
    outer loop
      vertex   8.522692e+02 9.996378e+01 2.168250e+02
      vertex   8.520628e+02 1.007236e+02 2.198250e+02
      vertex   8.522692e+02 9.996378e+01 2.198250e+02
    endloop
  endfacet
  facet normal 9.535464e-01 3.012462e-01 -2.853977e-15
    outer loop
      vertex   8.522692e+02 9.996378e+01 2.168250e+02
      vertex   8.522692e+02 9.996378e+01 2.198250e+02
      vertex   8.525064e+02 9.921298e+01 2.168250e+02
    endloop
  endfacet
  facet normal 9.535464e-01 3.012462e-01 -2.853977e-15
    outer loop
      vertex   8.525064e+02 9.921298e+01 2.168250e+02
      vertex   8.522692e+02 9.996378e+01 2.198250e+02
      vertex   8.525064e+02 9.921298e+01 2.198250e+02
    endloop
  endfacet
  facet normal 9.404655e-01 3.398893e-01 -3.220078e-15
    outer loop
      vertex   8.525064e+02 9.921298e+01 2.168250e+02
      vertex   8.525064e+02 9.921298e+01 2.198250e+02
      vertex   8.527740e+02 9.847247e+01 2.168250e+02
    endloop
  endfacet
  facet normal 9.404655e-01 3.398893e-01 -4.830117e-15
    outer loop
      vertex   8.527740e+02 9.847247e+01 2.168250e+02
      vertex   8.525064e+02 9.921298e+01 2.198250e+02
      vertex   8.527740e+02 9.847247e+01 2.198250e+02
    endloop
  endfacet
  facet normal 9.258192e-01 3.779667e-01 -5.371230e-15
    outer loop
      vertex   8.527740e+02 9.847247e+01 2.168250e+02
      vertex   8.527740e+02 9.847247e+01 2.198250e+02
      vertex   8.530716e+02 9.774349e+01 2.168250e+02
    endloop
  endfacet
  facet normal 9.258192e-01 3.779667e-01 -3.580820e-15
    outer loop
      vertex   8.530716e+02 9.774349e+01 2.168250e+02
      vertex   8.527740e+02 9.847247e+01 2.198250e+02
      vertex   8.530716e+02 9.774349e+01 2.198250e+02
    endloop
  endfacet
  facet normal 9.096320e-01 4.154150e-01 -3.935602e-15
    outer loop
      vertex   8.530716e+02 9.774349e+01 2.168250e+02
      vertex   8.530716e+02 9.774349e+01 2.198250e+02
      vertex   8.533987e+02 9.702727e+01 2.168250e+02
    endloop
  endfacet
  facet normal 9.096320e-01 4.154150e-01 -3.935602e-15
    outer loop
      vertex   8.533987e+02 9.702727e+01 2.168250e+02
      vertex   8.530716e+02 9.774349e+01 2.198250e+02
      vertex   8.533987e+02 9.702727e+01 2.198250e+02
    endloop
  endfacet
  facet normal 8.919308e-01 4.521719e-01 -4.283833e-15
    outer loop
      vertex   8.533987e+02 9.702727e+01 2.168250e+02
      vertex   8.533987e+02 9.702727e+01 2.198250e+02
      vertex   8.537548e+02 9.632497e+01 2.168250e+02
    endloop
  endfacet
  facet normal 8.919308e-01 4.521719e-01 -4.283833e-15
    outer loop
      vertex   8.537548e+02 9.632497e+01 2.168250e+02
      vertex   8.533987e+02 9.702727e+01 2.198250e+02
      vertex   8.537548e+02 9.632497e+01 2.198250e+02
    endloop
  endfacet
  facet normal 8.727451e-01 4.881762e-01 -4.624934e-15
    outer loop
      vertex   8.537548e+02 9.632497e+01 2.168250e+02
      vertex   8.537548e+02 9.632497e+01 2.198250e+02
      vertex   8.541391e+02 9.563779e+01 2.168250e+02
    endloop
  endfacet
  facet normal 8.727451e-01 4.881762e-01 -6.937401e-15
    outer loop
      vertex   8.541391e+02 9.563779e+01 2.168250e+02
      vertex   8.537548e+02 9.632497e+01 2.198250e+02
      vertex   8.541391e+02 9.563779e+01 2.198250e+02
    endloop
  endfacet
  facet normal 8.521068e-01 5.233680e-01 -7.437506e-15
    outer loop
      vertex   8.541391e+02 9.563779e+01 2.168250e+02
      vertex   8.541391e+02 9.563779e+01 2.198250e+02
      vertex   8.545512e+02 9.496685e+01 2.168250e+02
    endloop
  endfacet
  facet normal 8.521068e-01 5.233680e-01 -4.958338e-15
    outer loop
      vertex   8.545512e+02 9.496685e+01 2.168250e+02
      vertex   8.541391e+02 9.563779e+01 2.198250e+02
      vertex   8.545512e+02 9.496685e+01 2.198250e+02
    endloop
  endfacet
  facet normal 8.300502e-01 5.576887e-01 -5.283488e-15
    outer loop
      vertex   8.545512e+02 9.496685e+01 2.168250e+02
      vertex   8.545512e+02 9.496685e+01 2.198250e+02
      vertex   8.549903e+02 9.431329e+01 2.168250e+02
    endloop
  endfacet
  facet normal 8.300502e-01 5.576887e-01 -7.925233e-15
    outer loop
      vertex   8.549903e+02 9.431329e+01 2.168250e+02
      vertex   8.545512e+02 9.496685e+01 2.198250e+02
      vertex   8.549903e+02 9.431329e+01 2.198250e+02
    endloop
  endfacet
  facet normal 8.066121e-01 5.910811e-01 -8.399768e-15
    outer loop
      vertex   8.549903e+02 9.431329e+01 2.168250e+02
      vertex   8.549903e+02 9.431329e+01 2.198250e+02
      vertex   8.554558e+02 9.367817e+01 2.168250e+02
    endloop
  endfacet
  facet normal 8.066121e-01 5.910811e-01 -8.399768e-15
    outer loop
      vertex   8.554558e+02 9.367817e+01 2.168250e+02
      vertex   8.549903e+02 9.431329e+01 2.198250e+02
      vertex   8.554558e+02 9.367817e+01 2.198250e+02
    endloop
  endfacet
  facet normal 7.818315e-01 6.234898e-01 -8.860323e-15
    outer loop
      vertex   8.554558e+02 9.367817e+01 2.168250e+02
      vertex   8.554558e+02 9.367817e+01 2.198250e+02
      vertex   8.559467e+02 9.306257e+01 2.168250e+02
    endloop
  endfacet
  facet normal 7.818315e-01 6.234898e-01 -8.860323e-15
    outer loop
      vertex   8.559467e+02 9.306257e+01 2.168250e+02
      vertex   8.554558e+02 9.367817e+01 2.198250e+02
      vertex   8.559467e+02 9.306257e+01 2.198250e+02
    endloop
  endfacet
  facet normal 7.557496e-01 6.548607e-01 -9.306131e-15
    outer loop
      vertex   8.559467e+02 9.306257e+01 2.168250e+02
      vertex   8.559467e+02 9.306257e+01 2.198250e+02
      vertex   8.564623e+02 9.246751e+01 2.168250e+02
    endloop
  endfacet
  facet normal 7.557496e-01 6.548607e-01 -6.204087e-15
    outer loop
      vertex   8.564623e+02 9.246751e+01 2.168250e+02
      vertex   8.559467e+02 9.306257e+01 2.198250e+02
      vertex   8.564623e+02 9.246751e+01 2.198250e+02
    endloop
  endfacet
  facet normal 7.284098e-01 6.851417e-01 -6.490966e-15
    outer loop
      vertex   8.564623e+02 9.246751e+01 2.168250e+02
      vertex   8.564623e+02 9.246751e+01 2.198250e+02
      vertex   8.570018e+02 9.189397e+01 2.168250e+02
    endloop
  endfacet
  facet normal 7.284098e-01 6.851417e-01 -9.736449e-15
    outer loop
      vertex   8.570018e+02 9.189397e+01 2.168250e+02
      vertex   8.564623e+02 9.246751e+01 2.198250e+02
      vertex   8.570018e+02 9.189397e+01 2.198250e+02
    endloop
  endfacet
  facet normal 6.998577e-01 7.142823e-01 -1.015056e-14
    outer loop
      vertex   8.570018e+02 9.189397e+01 2.168250e+02
      vertex   8.570018e+02 9.189397e+01 2.198250e+02
      vertex   8.575642e+02 9.134291e+01 2.168250e+02
    endloop
  endfacet
  facet normal 6.998577e-01 7.142823e-01 -6.767042e-15
    outer loop
      vertex   8.575642e+02 9.134291e+01 2.168250e+02
      vertex   8.570018e+02 9.189397e+01 2.198250e+02
      vertex   8.575642e+02 9.134291e+01 2.198250e+02
    endloop
  endfacet
  facet normal 6.701407e-01 7.422341e-01 -7.031854e-15
    outer loop
      vertex   8.575642e+02 9.134291e+01 2.168250e+02
      vertex   8.575642e+02 9.134291e+01 2.198250e+02
      vertex   8.581486e+02 9.081525e+01 2.168250e+02
    endloop
  endfacet
  facet normal 6.701407e-01 7.422341e-01 -7.031854e-15
    outer loop
      vertex   8.581486e+02 9.081525e+01 2.168250e+02
      vertex   8.575642e+02 9.134291e+01 2.198250e+02
      vertex   8.581486e+02 9.081525e+01 2.198250e+02
    endloop
  endfacet
  facet normal 6.393083e-01 7.689505e-01 -7.284963e-15
    outer loop
      vertex   8.581486e+02 9.081525e+01 2.168250e+02
      vertex   8.581486e+02 9.081525e+01 2.198250e+02
      vertex   8.587541e+02 9.031187e+01 2.168250e+02
    endloop
  endfacet
  facet normal 6.393083e-01 7.689505e-01 -7.284963e-15
    outer loop
      vertex   8.587541e+02 9.031187e+01 2.168250e+02
      vertex   8.581486e+02 9.081525e+01 2.198250e+02
      vertex   8.587541e+02 9.031187e+01 2.198250e+02
    endloop
  endfacet
  facet normal 6.074119e-01 7.943871e-01 -7.525946e-15
    outer loop
      vertex   8.587541e+02 9.031187e+01 2.168250e+02
      vertex   8.587541e+02 9.031187e+01 2.198250e+02
      vertex   8.593796e+02 8.983361e+01 2.168250e+02
    endloop
  endfacet
  facet normal 6.074119e-01 7.943871e-01 -7.525946e-15
    outer loop
      vertex   8.593796e+02 8.983361e+01 2.168250e+02
      vertex   8.587541e+02 9.031187e+01 2.198250e+02
      vertex   8.593796e+02 8.983361e+01 2.198250e+02
    endloop
  endfacet
  facet normal 5.745044e-01 8.185015e-01 -7.754404e-15
    outer loop
      vertex   8.593796e+02 8.983361e+01 2.168250e+02
      vertex   8.593796e+02 8.983361e+01 2.198250e+02
      vertex   8.600240e+02 8.938125e+01 2.168250e+02
    endloop
  endfacet
  facet normal 5.745044e-01 8.185015e-01 -1.163161e-14
    outer loop
      vertex   8.600240e+02 8.938125e+01 2.168250e+02
      vertex   8.593796e+02 8.983361e+01 2.198250e+02
      vertex   8.600240e+02 8.938125e+01 2.198250e+02
    endloop
  endfacet
  facet normal 5.406408e-01 8.412535e-01 -1.195493e-14
    outer loop
      vertex   8.600240e+02 8.938125e+01 2.168250e+02
      vertex   8.600240e+02 8.938125e+01 2.198250e+02
      vertex   8.606864e+02 8.895556e+01 2.168250e+02
    endloop
  endfacet
  facet normal 5.406408e-01 8.412535e-01 -1.195493e-14
    outer loop
      vertex   8.606864e+02 8.895556e+01 2.168250e+02
      vertex   8.600240e+02 8.938125e+01 2.198250e+02
      vertex   8.606864e+02 8.895556e+01 2.198250e+02
    endloop
  endfacet
  facet normal 5.058774e-01 8.626054e-01 -1.225836e-14
    outer loop
      vertex   8.606864e+02 8.895556e+01 2.168250e+02
      vertex   8.606864e+02 8.895556e+01 2.198250e+02
      vertex   8.613656e+02 8.855724e+01 2.168250e+02
    endloop
  endfacet
  facet normal 5.058774e-01 8.626054e-01 -1.225836e-14
    outer loop
      vertex   8.613656e+02 8.855724e+01 2.168250e+02
      vertex   8.606864e+02 8.895556e+01 2.198250e+02
      vertex   8.613656e+02 8.855724e+01 2.198250e+02
    endloop
  endfacet
  facet normal 4.702719e-01 8.825216e-01 -1.254139e-14
    outer loop
      vertex   8.613656e+02 8.855724e+01 2.168250e+02
      vertex   8.613656e+02 8.855724e+01 2.198250e+02
      vertex   8.620605e+02 8.818696e+01 2.168250e+02
    endloop
  endfacet
  facet normal 4.702719e-01 8.825216e-01 -8.360924e-15
    outer loop
      vertex   8.620605e+02 8.818696e+01 2.168250e+02
      vertex   8.613656e+02 8.855724e+01 2.198250e+02
      vertex   8.620605e+02 8.818696e+01 2.198250e+02
    endloop
  endfacet
  facet normal 4.338837e-01 9.009689e-01 -8.535692e-15
    outer loop
      vertex   8.620605e+02 8.818696e+01 2.168250e+02
      vertex   8.620605e+02 8.818696e+01 2.198250e+02
      vertex   8.627699e+02 8.784532e+01 2.168250e+02
    endloop
  endfacet
  facet normal 4.338837e-01 9.009689e-01 -1.280354e-14
    outer loop
      vertex   8.627699e+02 8.784532e+01 2.168250e+02
      vertex   8.620605e+02 8.818696e+01 2.198250e+02
      vertex   8.627699e+02 8.784532e+01 2.198250e+02
    endloop
  endfacet
  facet normal 3.967734e-01 9.179166e-01 -1.304438e-14
    outer loop
      vertex   8.627699e+02 8.784532e+01 2.168250e+02
      vertex   8.627699e+02 8.784532e+01 2.198250e+02
      vertex   8.634927e+02 8.753291e+01 2.168250e+02
    endloop
  endfacet
  facet normal 3.967734e-01 9.179166e-01 -8.696253e-15
    outer loop
      vertex   8.634927e+02 8.753291e+01 2.168250e+02
      vertex   8.627699e+02 8.784532e+01 2.198250e+02
      vertex   8.634927e+02 8.753291e+01 2.198250e+02
    endloop
  endfacet
  facet normal 3.590027e-01 9.333365e-01 -8.842340e-15
    outer loop
      vertex   8.634927e+02 8.753291e+01 2.168250e+02
      vertex   8.634927e+02 8.753291e+01 2.198250e+02
      vertex   8.642276e+02 8.725024e+01 2.168250e+02
    endloop
  endfacet
  facet normal 3.590027e-01 9.333365e-01 -8.842340e-15
    outer loop
      vertex   8.642276e+02 8.725024e+01 2.168250e+02
      vertex   8.634927e+02 8.753291e+01 2.198250e+02
      vertex   8.642276e+02 8.725024e+01 2.198250e+02
    endloop
  endfacet
  facet normal 3.206345e-01 9.472030e-01 -8.973710e-15
    outer loop
      vertex   8.642276e+02 8.725024e+01 2.168250e+02
      vertex   8.642276e+02 8.725024e+01 2.198250e+02
      vertex   8.649734e+02 8.699778e+01 2.168250e+02
    endloop
  endfacet
  facet normal 3.206345e-01 9.472030e-01 -8.973710e-15
    outer loop
      vertex   8.649734e+02 8.699778e+01 2.168250e+02
      vertex   8.642276e+02 8.725024e+01 2.198250e+02
      vertex   8.649734e+02 8.699778e+01 2.198250e+02
    endloop
  endfacet
  facet normal 2.817326e-01 9.594930e-01 -9.090143e-15
    outer loop
      vertex   8.649734e+02 8.699778e+01 2.168250e+02
      vertex   8.649734e+02 8.699778e+01 2.198250e+02
      vertex   8.657289e+02 8.677594e+01 2.168250e+02
    endloop
  endfacet
  facet normal 2.817326e-01 9.594930e-01 -9.090143e-15
    outer loop
      vertex   8.657289e+02 8.677594e+01 2.168250e+02
      vertex   8.649734e+02 8.699778e+01 2.198250e+02
      vertex   8.657289e+02 8.677594e+01 2.198250e+02
    endloop
  endfacet
  facet normal 2.423617e-01 9.701860e-01 -9.191448e-15
    outer loop
      vertex   8.657289e+02 8.677594e+01 2.168250e+02
      vertex   8.657289e+02 8.677594e+01 2.198250e+02
      vertex   8.664928e+02 8.658511e+01 2.168250e+02
    endloop
  endfacet
  facet normal 2.423617e-01 9.701860e-01 -9.191448e-15
    outer loop
      vertex   8.664928e+02 8.658511e+01 2.168250e+02
      vertex   8.657289e+02 8.677594e+01 2.198250e+02
      vertex   8.664928e+02 8.658511e+01 2.198250e+02
    endloop
  endfacet
  facet normal 2.025875e-01 9.792642e-01 -9.277454e-15
    outer loop
      vertex   8.664928e+02 8.658511e+01 2.168250e+02
      vertex   8.664928e+02 8.658511e+01 2.198250e+02
      vertex   8.672638e+02 8.642560e+01 2.168250e+02
    endloop
  endfacet
  facet normal 2.025875e-01 9.792642e-01 -9.277454e-15
    outer loop
      vertex   8.672638e+02 8.642560e+01 2.168250e+02
      vertex   8.664928e+02 8.658511e+01 2.198250e+02
      vertex   8.672638e+02 8.642560e+01 2.198250e+02
    endloop
  endfacet
  facet normal 1.624761e-01 9.867125e-01 -9.348018e-15
    outer loop
      vertex   8.672638e+02 8.642560e+01 2.168250e+02
      vertex   8.672638e+02 8.642560e+01 2.198250e+02
      vertex   8.680407e+02 8.629767e+01 2.168250e+02
    endloop
  endfacet
  facet normal 1.624761e-01 9.867125e-01 -1.402203e-14
    outer loop
      vertex   8.680407e+02 8.629767e+01 2.168250e+02
      vertex   8.672638e+02 8.642560e+01 2.198250e+02
      vertex   8.680407e+02 8.629767e+01 2.198250e+02
    endloop
  endfacet
  facet normal 1.220943e-01 9.925185e-01 -1.410454e-14
    outer loop
      vertex   8.680407e+02 8.629767e+01 2.168250e+02
      vertex   8.680407e+02 8.629767e+01 2.198250e+02
      vertex   8.688222e+02 8.620153e+01 2.168250e+02
    endloop
  endfacet
  facet normal 1.220943e-01 9.925185e-01 -1.410454e-14
    outer loop
      vertex   8.688222e+02 8.620153e+01 2.168250e+02
      vertex   8.680407e+02 8.629767e+01 2.198250e+02
      vertex   8.688222e+02 8.620153e+01 2.198250e+02
    endloop
  endfacet
  facet normal 8.150928e-02 9.966726e-01 -1.416357e-14
    outer loop
      vertex   8.688222e+02 8.620153e+01 2.168250e+02
      vertex   8.688222e+02 8.620153e+01 2.198250e+02
      vertex   8.696070e+02 8.613735e+01 2.168250e+02
    endloop
  endfacet
  facet normal 8.150928e-02 9.966726e-01 -9.442380e-15
    outer loop
      vertex   8.696070e+02 8.613735e+01 2.168250e+02
      vertex   8.688222e+02 8.620153e+01 2.198250e+02
      vertex   8.696070e+02 8.613735e+01 2.198250e+02
    endloop
  endfacet
  facet normal 4.078859e-02 9.991678e-01 -9.466019e-15
    outer loop
      vertex   8.696070e+02 8.613735e+01 2.168250e+02
      vertex   8.696070e+02 8.613735e+01 2.198250e+02
      vertex   8.703937e+02 8.610524e+01 2.168250e+02
    endloop
  endfacet
  facet normal 4.078859e-02 9.991678e-01 -9.466019e-15
    outer loop
      vertex   8.703937e+02 8.610524e+01 2.168250e+02
      vertex   8.696070e+02 8.613735e+01 2.198250e+02
      vertex   8.703937e+02 8.610524e+01 2.198250e+02
    endloop
  endfacet
  facet normal 0.000000e+00 1.000000e+00 -9.473903e-15
    outer loop
      vertex   8.703937e+02 8.610524e+01 2.168250e+02
      vertex   8.703937e+02 8.610524e+01 2.198250e+02
      vertex   8.711811e+02 8.610524e+01 2.168250e+02
    endloop
  endfacet
  facet normal 0.000000e+00 1.000000e+00 -9.473903e-15
    outer loop
      vertex   8.711811e+02 8.610524e+01 2.168250e+02
      vertex   8.703937e+02 8.610524e+01 2.198250e+02
      vertex   8.711811e+02 8.610524e+01 2.198250e+02
    endloop
  endfacet
  facet normal -4.078859e-02 9.991678e-01 -9.466019e-15
    outer loop
      vertex   8.711811e+02 8.610524e+01 2.168250e+02
      vertex   8.711811e+02 8.610524e+01 2.198250e+02
      vertex   8.719678e+02 8.613735e+01 2.168250e+02
    endloop
  endfacet
  facet normal -4.078859e-02 9.991678e-01 -9.466019e-15
    outer loop
      vertex   8.719678e+02 8.613735e+01 2.168250e+02
      vertex   8.711811e+02 8.610524e+01 2.198250e+02
      vertex   8.719678e+02 8.613735e+01 2.198250e+02
    endloop
  endfacet
  facet normal -8.150928e-02 9.966726e-01 -9.442380e-15
    outer loop
      vertex   8.719678e+02 8.613735e+01 2.168250e+02
      vertex   8.719678e+02 8.613735e+01 2.198250e+02
      vertex   8.727526e+02 8.620153e+01 2.168250e+02
    endloop
  endfacet
  facet normal -8.150928e-02 9.966726e-01 -1.416357e-14
    outer loop
      vertex   8.727526e+02 8.620153e+01 2.168250e+02
      vertex   8.719678e+02 8.613735e+01 2.198250e+02
      vertex   8.727526e+02 8.620153e+01 2.198250e+02
    endloop
  endfacet
  facet normal -1.220943e-01 9.925185e-01 -1.410454e-14
    outer loop
      vertex   8.727526e+02 8.620153e+01 2.168250e+02
      vertex   8.727526e+02 8.620153e+01 2.198250e+02
      vertex   8.735341e+02 8.629767e+01 2.168250e+02
    endloop
  endfacet
  facet normal -1.220943e-01 9.925185e-01 -1.410454e-14
    outer loop
      vertex   8.735341e+02 8.629767e+01 2.168250e+02
      vertex   8.727526e+02 8.620153e+01 2.198250e+02
      vertex   8.735341e+02 8.629767e+01 2.198250e+02
    endloop
  endfacet
  facet normal -1.624761e-01 9.867125e-01 -1.402203e-14
    outer loop
      vertex   8.735341e+02 8.629767e+01 2.168250e+02
      vertex   8.735341e+02 8.629767e+01 2.198250e+02
      vertex   8.743110e+02 8.642560e+01 2.168250e+02
    endloop
  endfacet
  facet normal -1.624761e-01 9.867125e-01 -9.348018e-15
    outer loop
      vertex   8.743110e+02 8.642560e+01 2.168250e+02
      vertex   8.735341e+02 8.629767e+01 2.198250e+02
      vertex   8.743110e+02 8.642560e+01 2.198250e+02
    endloop
  endfacet
  facet normal -2.025875e-01 9.792642e-01 -9.277454e-15
    outer loop
      vertex   8.743110e+02 8.642560e+01 2.168250e+02
      vertex   8.743110e+02 8.642560e+01 2.198250e+02
      vertex   8.750821e+02 8.658511e+01 2.168250e+02
    endloop
  endfacet
  facet normal -2.025875e-01 9.792642e-01 -9.277454e-15
    outer loop
      vertex   8.750821e+02 8.658511e+01 2.168250e+02
      vertex   8.743110e+02 8.642560e+01 2.198250e+02
      vertex   8.750821e+02 8.658511e+01 2.198250e+02
    endloop
  endfacet
  facet normal -2.423617e-01 9.701860e-01 -9.191448e-15
    outer loop
      vertex   8.750821e+02 8.658511e+01 2.168250e+02
      vertex   8.750821e+02 8.658511e+01 2.198250e+02
      vertex   8.758460e+02 8.677594e+01 2.168250e+02
    endloop
  endfacet
  facet normal -2.423617e-01 9.701860e-01 -9.191448e-15
    outer loop
      vertex   8.758460e+02 8.677594e+01 2.168250e+02
      vertex   8.750821e+02 8.658511e+01 2.198250e+02
      vertex   8.758460e+02 8.677594e+01 2.198250e+02
    endloop
  endfacet
  facet normal -2.817326e-01 9.594930e-01 -9.090143e-15
    outer loop
      vertex   8.758460e+02 8.677594e+01 2.168250e+02
      vertex   8.758460e+02 8.677594e+01 2.198250e+02
      vertex   8.766015e+02 8.699778e+01 2.168250e+02
    endloop
  endfacet
  facet normal -2.817326e-01 9.594930e-01 -9.090143e-15
    outer loop
      vertex   8.766015e+02 8.699778e+01 2.168250e+02
      vertex   8.758460e+02 8.677594e+01 2.198250e+02
      vertex   8.766015e+02 8.699778e+01 2.198250e+02
    endloop
  endfacet
  facet normal -3.206345e-01 9.472030e-01 -8.973710e-15
    outer loop
      vertex   8.766015e+02 8.699778e+01 2.168250e+02
      vertex   8.766015e+02 8.699778e+01 2.198250e+02
      vertex   8.773473e+02 8.725024e+01 2.168250e+02
    endloop
  endfacet
  facet normal -3.206345e-01 9.472030e-01 -8.973710e-15
    outer loop
      vertex   8.773473e+02 8.725024e+01 2.168250e+02
      vertex   8.766015e+02 8.699778e+01 2.198250e+02
      vertex   8.773473e+02 8.725024e+01 2.198250e+02
    endloop
  endfacet
  facet normal -3.590027e-01 9.333365e-01 -8.842340e-15
    outer loop
      vertex   8.773473e+02 8.725024e+01 2.168250e+02
      vertex   8.773473e+02 8.725024e+01 2.198250e+02
      vertex   8.780822e+02 8.753291e+01 2.168250e+02
    endloop
  endfacet
  facet normal -3.590027e-01 9.333365e-01 -8.842340e-15
    outer loop
      vertex   8.780822e+02 8.753291e+01 2.168250e+02
      vertex   8.773473e+02 8.725024e+01 2.198250e+02
      vertex   8.780822e+02 8.753291e+01 2.198250e+02
    endloop
  endfacet
  facet normal -3.967734e-01 9.179166e-01 -8.696253e-15
    outer loop
      vertex   8.780822e+02 8.753291e+01 2.168250e+02
      vertex   8.780822e+02 8.753291e+01 2.198250e+02
      vertex   8.788049e+02 8.784532e+01 2.168250e+02
    endloop
  endfacet
  facet normal -3.967734e-01 9.179166e-01 -1.304438e-14
    outer loop
      vertex   8.788049e+02 8.784532e+01 2.168250e+02
      vertex   8.780822e+02 8.753291e+01 2.198250e+02
      vertex   8.788049e+02 8.784532e+01 2.198250e+02
    endloop
  endfacet
  facet normal -4.338837e-01 9.009689e-01 -1.280354e-14
    outer loop
      vertex   8.788049e+02 8.784532e+01 2.168250e+02
      vertex   8.788049e+02 8.784532e+01 2.198250e+02
      vertex   8.795143e+02 8.818696e+01 2.168250e+02
    endloop
  endfacet
  facet normal -4.338837e-01 9.009689e-01 -8.535692e-15
    outer loop
      vertex   8.795143e+02 8.818696e+01 2.168250e+02
      vertex   8.788049e+02 8.784532e+01 2.198250e+02
      vertex   8.795143e+02 8.818696e+01 2.198250e+02
    endloop
  endfacet
  facet normal -4.702719e-01 8.825216e-01 -8.360924e-15
    outer loop
      vertex   8.795143e+02 8.818696e+01 2.168250e+02
      vertex   8.795143e+02 8.818696e+01 2.198250e+02
      vertex   8.802092e+02 8.855724e+01 2.168250e+02
    endloop
  endfacet
  facet normal -4.702719e-01 8.825216e-01 -8.360924e-15
    outer loop
      vertex   8.802092e+02 8.855724e+01 2.168250e+02
      vertex   8.795143e+02 8.818696e+01 2.198250e+02
      vertex   8.802092e+02 8.855724e+01 2.198250e+02
    endloop
  endfacet
  facet normal -5.058774e-01 8.626054e-01 -8.172240e-15
    outer loop
      vertex   8.802092e+02 8.855724e+01 2.168250e+02
      vertex   8.802092e+02 8.855724e+01 2.198250e+02
      vertex   8.808884e+02 8.895556e+01 2.168250e+02
    endloop
  endfacet
  facet normal -5.058774e-01 8.626054e-01 -1.225836e-14
    outer loop
      vertex   8.808884e+02 8.895556e+01 2.168250e+02
      vertex   8.802092e+02 8.855724e+01 2.198250e+02
      vertex   8.808884e+02 8.895556e+01 2.198250e+02
    endloop
  endfacet
  facet normal -5.406408e-01 8.412535e-01 -1.195493e-14
    outer loop
      vertex   8.808884e+02 8.895556e+01 2.168250e+02
      vertex   8.808884e+02 8.895556e+01 2.198250e+02
      vertex   8.815508e+02 8.938125e+01 2.168250e+02
    endloop
  endfacet
  facet normal -5.406408e-01 8.412535e-01 -1.195493e-14
    outer loop
      vertex   8.815508e+02 8.938125e+01 2.168250e+02
      vertex   8.808884e+02 8.895556e+01 2.198250e+02
      vertex   8.815508e+02 8.938125e+01 2.198250e+02
    endloop
  endfacet
  facet normal -5.745044e-01 8.185015e-01 -1.163161e-14
    outer loop
      vertex   8.815508e+02 8.938125e+01 2.168250e+02
      vertex   8.815508e+02 8.938125e+01 2.198250e+02
      vertex   8.821953e+02 8.983361e+01 2.168250e+02
    endloop
  endfacet
  facet normal -5.745044e-01 8.185015e-01 -7.754404e-15
    outer loop
      vertex   8.821953e+02 8.983361e+01 2.168250e+02
      vertex   8.815508e+02 8.938125e+01 2.198250e+02
      vertex   8.821953e+02 8.983361e+01 2.198250e+02
    endloop
  endfacet
  facet normal -6.074119e-01 7.943871e-01 -7.525946e-15
    outer loop
      vertex   8.821953e+02 8.983361e+01 2.168250e+02
      vertex   8.821953e+02 8.983361e+01 2.198250e+02
      vertex   8.828208e+02 9.031187e+01 2.168250e+02
    endloop
  endfacet
  facet normal -6.074119e-01 7.943871e-01 -7.525946e-15
    outer loop
      vertex   8.828208e+02 9.031187e+01 2.168250e+02
      vertex   8.821953e+02 8.983361e+01 2.198250e+02
      vertex   8.828208e+02 9.031187e+01 2.198250e+02
    endloop
  endfacet
  facet normal -6.393083e-01 7.689505e-01 -7.284963e-15
    outer loop
      vertex   8.828208e+02 9.031187e+01 2.168250e+02
      vertex   8.828208e+02 9.031187e+01 2.198250e+02
      vertex   8.834262e+02 9.081525e+01 2.168250e+02
    endloop
  endfacet
  facet normal -6.393083e-01 7.689505e-01 -7.284963e-15
    outer loop
      vertex   8.834262e+02 9.081525e+01 2.168250e+02
      vertex   8.828208e+02 9.031187e+01 2.198250e+02
      vertex   8.834262e+02 9.081525e+01 2.198250e+02
    endloop
  endfacet
  facet normal -6.701407e-01 7.422341e-01 -7.031854e-15
    outer loop
      vertex   8.834262e+02 9.081525e+01 2.168250e+02
      vertex   8.834262e+02 9.081525e+01 2.198250e+02
      vertex   8.840107e+02 9.134291e+01 2.168250e+02
    endloop
  endfacet
  facet normal -6.701407e-01 7.422341e-01 -7.031854e-15
    outer loop
      vertex   8.840107e+02 9.134291e+01 2.168250e+02
      vertex   8.834262e+02 9.081525e+01 2.198250e+02
      vertex   8.840107e+02 9.134291e+01 2.198250e+02
    endloop
  endfacet
  facet normal -6.998577e-01 7.142823e-01 -6.767042e-15
    outer loop
      vertex   8.840107e+02 9.134291e+01 2.168250e+02
      vertex   8.840107e+02 9.134291e+01 2.198250e+02
      vertex   8.845731e+02 9.189397e+01 2.168250e+02
    endloop
  endfacet
  facet normal -6.998577e-01 7.142823e-01 -1.015056e-14
    outer loop
      vertex   8.845731e+02 9.189397e+01 2.168250e+02
      vertex   8.840107e+02 9.134291e+01 2.198250e+02
      vertex   8.845731e+02 9.189397e+01 2.198250e+02
    endloop
  endfacet
  facet normal -7.284098e-01 6.851417e-01 -9.736449e-15
    outer loop
      vertex   8.845731e+02 9.189397e+01 2.168250e+02
      vertex   8.845731e+02 9.189397e+01 2.198250e+02
      vertex   8.851125e+02 9.246751e+01 2.168250e+02
    endloop
  endfacet
  facet normal -7.284098e-01 6.851417e-01 -6.490966e-15
    outer loop
      vertex   8.851125e+02 9.246751e+01 2.168250e+02
      vertex   8.845731e+02 9.189397e+01 2.198250e+02
      vertex   8.851125e+02 9.246751e+01 2.198250e+02
    endloop
  endfacet
  facet normal -7.557496e-01 6.548607e-01 -6.204087e-15
    outer loop
      vertex   8.851125e+02 9.246751e+01 2.168250e+02
      vertex   8.851125e+02 9.246751e+01 2.198250e+02
      vertex   8.856282e+02 9.306257e+01 2.168250e+02
    endloop
  endfacet
  facet normal -7.557496e-01 6.548607e-01 -9.306131e-15
    outer loop
      vertex   8.856282e+02 9.306257e+01 2.168250e+02
      vertex   8.851125e+02 9.246751e+01 2.198250e+02
      vertex   8.856282e+02 9.306257e+01 2.198250e+02
    endloop
  endfacet
  facet normal -7.818315e-01 6.234898e-01 -8.860323e-15
    outer loop
      vertex   8.856282e+02 9.306257e+01 2.168250e+02
      vertex   8.856282e+02 9.306257e+01 2.198250e+02
      vertex   8.861191e+02 9.367817e+01 2.168250e+02
    endloop
  endfacet
  facet normal -7.818315e-01 6.234898e-01 -8.860323e-15
    outer loop
      vertex   8.861191e+02 9.367817e+01 2.168250e+02
      vertex   8.856282e+02 9.306257e+01 2.198250e+02
      vertex   8.861191e+02 9.367817e+01 2.198250e+02
    endloop
  endfacet
  facet normal -8.066121e-01 5.910811e-01 -8.399768e-15
    outer loop
      vertex   8.861191e+02 9.367817e+01 2.168250e+02
      vertex   8.861191e+02 9.367817e+01 2.198250e+02
      vertex   8.865845e+02 9.431329e+01 2.168250e+02
    endloop
  endfacet
  facet normal -8.066121e-01 5.910811e-01 -8.399768e-15
    outer loop
      vertex   8.865845e+02 9.431329e+01 2.168250e+02
      vertex   8.861191e+02 9.367817e+01 2.198250e+02
      vertex   8.865845e+02 9.431329e+01 2.198250e+02
    endloop
  endfacet
  facet normal -8.300502e-01 5.576887e-01 -7.925233e-15
    outer loop
      vertex   8.865845e+02 9.431329e+01 2.168250e+02
      vertex   8.865845e+02 9.431329e+01 2.198250e+02
      vertex   8.870236e+02 9.496685e+01 2.168250e+02
    endloop
  endfacet
  facet normal -8.300502e-01 5.576887e-01 -5.283488e-15
    outer loop
      vertex   8.870236e+02 9.496685e+01 2.168250e+02
      vertex   8.865845e+02 9.431329e+01 2.198250e+02
      vertex   8.870236e+02 9.496685e+01 2.198250e+02
    endloop
  endfacet
  facet normal -8.521068e-01 5.233680e-01 -4.958338e-15
    outer loop
      vertex   8.870236e+02 9.496685e+01 2.168250e+02
      vertex   8.870236e+02 9.496685e+01 2.198250e+02
      vertex   8.874357e+02 9.563779e+01 2.168250e+02
    endloop
  endfacet
  facet normal -8.521068e-01 5.233680e-01 -7.437506e-15
    outer loop
      vertex   8.874357e+02 9.563779e+01 2.168250e+02
      vertex   8.870236e+02 9.496685e+01 2.198250e+02
      vertex   8.874357e+02 9.563779e+01 2.198250e+02
    endloop
  endfacet
  facet normal -8.727451e-01 4.881762e-01 -6.937401e-15
    outer loop
      vertex   8.874357e+02 9.563779e+01 2.168250e+02
      vertex   8.874357e+02 9.563779e+01 2.198250e+02
      vertex   8.878201e+02 9.632497e+01 2.168250e+02
    endloop
  endfacet
  facet normal -8.727451e-01 4.881762e-01 -6.937401e-15
    outer loop
      vertex   8.878201e+02 9.632497e+01 2.168250e+02
      vertex   8.874357e+02 9.563779e+01 2.198250e+02
      vertex   8.878201e+02 9.632497e+01 2.198250e+02
    endloop
  endfacet
  facet normal -8.919308e-01 4.521719e-01 -6.425749e-15
    outer loop
      vertex   8.878201e+02 9.632497e+01 2.168250e+02
      vertex   8.878201e+02 9.632497e+01 2.198250e+02
      vertex   8.881761e+02 9.702727e+01 2.168250e+02
    endloop
  endfacet
  facet normal -8.919308e-01 4.521719e-01 -4.283833e-15
    outer loop
      vertex   8.881761e+02 9.702727e+01 2.168250e+02
      vertex   8.878201e+02 9.632497e+01 2.198250e+02
      vertex   8.881761e+02 9.702727e+01 2.198250e+02
    endloop
  endfacet
  facet normal -9.096320e-01 4.154150e-01 -3.935602e-15
    outer loop
      vertex   8.881761e+02 9.702727e+01 2.168250e+02
      vertex   8.881761e+02 9.702727e+01 2.198250e+02
      vertex   8.885032e+02 9.774349e+01 2.168250e+02
    endloop
  endfacet
  facet normal -9.096320e-01 4.154150e-01 -3.935602e-15
    outer loop
      vertex   8.885032e+02 9.774349e+01 2.168250e+02
      vertex   8.881761e+02 9.702727e+01 2.198250e+02
      vertex   8.885032e+02 9.774349e+01 2.198250e+02
    endloop
  endfacet
  facet normal -9.258192e-01 3.779667e-01 -3.580820e-15
    outer loop
      vertex   8.885032e+02 9.774349e+01 2.168250e+02
      vertex   8.885032e+02 9.774349e+01 2.198250e+02
      vertex   8.888008e+02 9.847247e+01 2.168250e+02
    endloop
  endfacet
  facet normal -9.258192e-01 3.779667e-01 -5.371230e-15
    outer loop
      vertex   8.888008e+02 9.847247e+01 2.168250e+02
      vertex   8.885032e+02 9.774349e+01 2.198250e+02
      vertex   8.888008e+02 9.847247e+01 2.198250e+02
    endloop
  endfacet
  facet normal -9.404655e-01 3.398893e-01 -4.830117e-15
    outer loop
      vertex   8.888008e+02 9.847247e+01 2.168250e+02
      vertex   8.888008e+02 9.847247e+01 2.198250e+02
      vertex   8.890684e+02 9.921298e+01 2.168250e+02
    endloop
  endfacet
  facet normal -9.404655e-01 3.398893e-01 -3.220078e-15
    outer loop
      vertex   8.890684e+02 9.921298e+01 2.168250e+02
      vertex   8.888008e+02 9.847247e+01 2.198250e+02
      vertex   8.890684e+02 9.921298e+01 2.198250e+02
    endloop
  endfacet
  facet normal -9.535464e-01 3.012462e-01 -2.853977e-15
    outer loop
      vertex   8.890684e+02 9.921298e+01 2.168250e+02
      vertex   8.890684e+02 9.921298e+01 2.198250e+02
      vertex   8.893056e+02 9.996378e+01 2.168250e+02
    endloop
  endfacet
  facet normal -9.535464e-01 3.012462e-01 -2.853977e-15
    outer loop
      vertex   8.893056e+02 9.996378e+01 2.168250e+02
      vertex   8.890684e+02 9.921298e+01 2.198250e+02
      vertex   8.893056e+02 9.996378e+01 2.198250e+02
    endloop
  endfacet
  facet normal -9.650403e-01 2.621017e-01 -2.483126e-15
    outer loop
      vertex   8.893056e+02 9.996378e+01 2.168250e+02
      vertex   8.893056e+02 9.996378e+01 2.198250e+02
      vertex   8.895120e+02 1.007236e+02 2.168250e+02
    endloop
  endfacet
  facet normal -9.650403e-01 2.621017e-01 -2.483126e-15
    outer loop
      vertex   8.895120e+02 1.007236e+02 2.168250e+02
      vertex   8.893056e+02 9.996378e+01 2.198250e+02
      vertex   8.895120e+02 1.007236e+02 2.198250e+02
    endloop
  endfacet
  facet normal -9.749279e-01 2.225209e-01 -2.108142e-15
    outer loop
      vertex   8.895120e+02 1.007236e+02 2.168250e+02
      vertex   8.895120e+02 1.007236e+02 2.198250e+02
      vertex   8.896872e+02 1.014913e+02 2.168250e+02
    endloop
  endfacet
  facet normal -9.749279e-01 2.225209e-01 -3.162213e-15
    outer loop
      vertex   8.896872e+02 1.014913e+02 2.168250e+02
      vertex   8.895120e+02 1.007236e+02 2.198250e+02
      vertex   8.896872e+02 1.014913e+02 2.198250e+02
    endloop
  endfacet
  facet normal -9.831929e-01 1.825698e-01 -2.594473e-15
    outer loop
      vertex   8.896872e+02 1.014913e+02 2.168250e+02
      vertex   8.896872e+02 1.014913e+02 2.198250e+02
      vertex   8.898310e+02 1.022654e+02 2.168250e+02
    endloop
  endfacet
  facet normal -9.831929e-01 1.825698e-01 -2.594473e-15
    outer loop
      vertex   8.898310e+02 1.022654e+02 2.168250e+02
      vertex   8.896872e+02 1.014913e+02 2.198250e+02
      vertex   8.898310e+02 1.022654e+02 2.198250e+02
    endloop
  endfacet
  facet normal -9.898214e-01 1.423148e-01 -2.022415e-15
    outer loop
      vertex   8.898310e+02 1.022654e+02 2.168250e+02
      vertex   8.898310e+02 1.022654e+02 2.198250e+02
      vertex   8.899430e+02 1.030448e+02 2.168250e+02
    endloop
  endfacet
  facet normal -9.898214e-01 1.423148e-01 -2.022415e-15
    outer loop
      vertex   8.899430e+02 1.030448e+02 2.168250e+02
      vertex   8.898310e+02 1.022654e+02 2.198250e+02
      vertex   8.899430e+02 1.030448e+02 2.198250e+02
    endloop
  endfacet
  facet normal -9.948025e-01 1.018230e-01 -1.446992e-15
    outer loop
      vertex   8.899430e+02 1.030448e+02 2.168250e+02
      vertex   8.899430e+02 1.030448e+02 2.198250e+02
      vertex   8.900232e+02 1.038281e+02 2.168250e+02
    endloop
  endfacet
  facet normal -9.948025e-01 1.018230e-01 -9.646611e-16
    outer loop
      vertex   8.900232e+02 1.038281e+02 2.168250e+02
      vertex   8.899430e+02 1.030448e+02 2.198250e+02
      vertex   8.900232e+02 1.038281e+02 2.198250e+02
    endloop
  endfacet
  facet normal -9.981279e-01 6.116166e-02 -5.794397e-16
    outer loop
      vertex   8.900232e+02 1.038281e+02 2.168250e+02
      vertex   8.900232e+02 1.038281e+02 2.198250e+02
      vertex   8.900714e+02 1.046140e+02 2.168250e+02
    endloop
  endfacet
  facet normal -9.981279e-01 6.116166e-02 -5.794397e-16
    outer loop
      vertex   8.900714e+02 1.046140e+02 2.168250e+02
      vertex   8.900232e+02 1.038281e+02 2.198250e+02
      vertex   8.900714e+02 1.046140e+02 2.198250e+02
    endloop
  endfacet
  facet normal -9.997919e-01 2.039854e-02 -1.932538e-16
    outer loop
      vertex   8.900714e+02 1.046140e+02 2.168250e+02
      vertex   8.900714e+02 1.046140e+02 2.198250e+02
      vertex   8.900874e+02 1.054012e+02 2.168250e+02
    endloop
  endfacet
  facet normal -9.997919e-01 2.039854e-02 -1.932538e-16
    outer loop
      vertex   8.900874e+02 1.054012e+02 2.168250e+02
      vertex   8.900714e+02 1.046140e+02 2.198250e+02
      vertex   8.900874e+02 1.054012e+02 2.198250e+02
    endloop
  endfacet
  facet normal -9.997919e-01 -2.039854e-02 1.932538e-16
    outer loop
      vertex   8.900874e+02 1.054012e+02 2.168250e+02
      vertex   8.900874e+02 1.054012e+02 2.198250e+02
      vertex   8.900714e+02 1.061884e+02 2.168250e+02
    endloop
  endfacet
  facet normal -9.997919e-01 -2.039854e-02 1.932538e-16
    outer loop
      vertex   8.900714e+02 1.061884e+02 2.168250e+02
      vertex   8.900874e+02 1.054012e+02 2.198250e+02
      vertex   8.900714e+02 1.061884e+02 2.198250e+02
    endloop
  endfacet
  facet normal -9.981279e-01 -6.116166e-02 5.794397e-16
    outer loop
      vertex   8.900714e+02 1.061884e+02 2.168250e+02
      vertex   8.900714e+02 1.061884e+02 2.198250e+02
      vertex   8.900232e+02 1.069744e+02 2.168250e+02
    endloop
  endfacet
  facet normal -9.981279e-01 -6.116166e-02 5.794397e-16
    outer loop
      vertex   8.900232e+02 1.069744e+02 2.168250e+02
      vertex   8.900714e+02 1.061884e+02 2.198250e+02
      vertex   8.900232e+02 1.069744e+02 2.198250e+02
    endloop
  endfacet
  facet normal -9.948025e-01 -1.018230e-01 9.646611e-16
    outer loop
      vertex   8.900232e+02 1.069744e+02 2.168250e+02
      vertex   8.900232e+02 1.069744e+02 2.198250e+02
      vertex   8.899430e+02 1.077576e+02 2.168250e+02
    endloop
  endfacet
  facet normal -9.948025e-01 -1.018230e-01 1.446992e-15
    outer loop
      vertex   8.899430e+02 1.077576e+02 2.168250e+02
      vertex   8.900232e+02 1.069744e+02 2.198250e+02
      vertex   8.899430e+02 1.077576e+02 2.198250e+02
    endloop
  endfacet
  facet normal -9.898214e-01 -1.423148e-01 2.022415e-15
    outer loop
      vertex   8.899430e+02 1.077576e+02 2.168250e+02
      vertex   8.899430e+02 1.077576e+02 2.198250e+02
      vertex   8.898310e+02 1.085370e+02 2.168250e+02
    endloop
  endfacet
  facet normal -9.898214e-01 -1.423148e-01 1.348277e-15
    outer loop
      vertex   8.898310e+02 1.085370e+02 2.168250e+02
      vertex   8.899430e+02 1.077576e+02 2.198250e+02
      vertex   8.898310e+02 1.085370e+02 2.198250e+02
    endloop
  endfacet
  facet normal -9.831929e-01 -1.825698e-01 1.729649e-15
    outer loop
      vertex   8.898310e+02 1.085370e+02 2.168250e+02
      vertex   8.898310e+02 1.085370e+02 2.198250e+02
      vertex   8.896872e+02 1.093112e+02 2.168250e+02
    endloop
  endfacet
  facet normal -9.831929e-01 -1.825698e-01 2.594473e-15
    outer loop
      vertex   8.896872e+02 1.093112e+02 2.168250e+02
      vertex   8.898310e+02 1.085370e+02 2.198250e+02
      vertex   8.896872e+02 1.093112e+02 2.198250e+02
    endloop
  endfacet
  facet normal -9.749279e-01 -2.225209e-01 3.162213e-15
    outer loop
      vertex   8.896872e+02 1.093112e+02 2.168250e+02
      vertex   8.896872e+02 1.093112e+02 2.198250e+02
      vertex   8.895120e+02 1.100788e+02 2.168250e+02
    endloop
  endfacet
  facet normal -9.749279e-01 -2.225209e-01 2.108142e-15
    outer loop
      vertex   8.895120e+02 1.100788e+02 2.168250e+02
      vertex   8.896872e+02 1.093112e+02 2.198250e+02
      vertex   8.895120e+02 1.100788e+02 2.198250e+02
    endloop
  endfacet
  facet normal -9.650403e-01 -2.621017e-01 2.483126e-15
    outer loop
      vertex   8.895120e+02 1.100788e+02 2.168250e+02
      vertex   8.895120e+02 1.100788e+02 2.198250e+02
      vertex   8.893056e+02 1.108387e+02 2.168250e+02
    endloop
  endfacet
  facet normal -9.650403e-01 -2.621017e-01 2.483126e-15
    outer loop
      vertex   8.893056e+02 1.108387e+02 2.168250e+02
      vertex   8.895120e+02 1.100788e+02 2.198250e+02
      vertex   8.893056e+02 1.108387e+02 2.198250e+02
    endloop
  endfacet
  facet normal -9.535464e-01 -3.012462e-01 2.853977e-15
    outer loop
      vertex   8.893056e+02 1.108387e+02 2.168250e+02
      vertex   8.893056e+02 1.108387e+02 2.198250e+02
      vertex   8.890684e+02 1.115895e+02 2.168250e+02
    endloop
  endfacet
  facet normal -9.535464e-01 -3.012462e-01 2.853977e-15
    outer loop
      vertex   8.890684e+02 1.115895e+02 2.168250e+02
      vertex   8.893056e+02 1.108387e+02 2.198250e+02
      vertex   8.890684e+02 1.115895e+02 2.198250e+02
    endloop
  endfacet
  facet normal -9.404655e-01 -3.398893e-01 3.220078e-15
    outer loop
      vertex   8.890684e+02 1.115895e+02 2.168250e+02
      vertex   8.890684e+02 1.115895e+02 2.198250e+02
      vertex   8.888008e+02 1.123300e+02 2.168250e+02
    endloop
  endfacet
  facet normal -9.404655e-01 -3.398893e-01 4.830117e-15
    outer loop
      vertex   8.888008e+02 1.123300e+02 2.168250e+02
      vertex   8.890684e+02 1.115895e+02 2.198250e+02
      vertex   8.888008e+02 1.123300e+02 2.198250e+02
    endloop
  endfacet
  facet normal -9.258192e-01 -3.779667e-01 5.371230e-15
    outer loop
      vertex   8.888008e+02 1.123300e+02 2.168250e+02
      vertex   8.888008e+02 1.123300e+02 2.198250e+02
      vertex   8.885032e+02 1.130589e+02 2.168250e+02
    endloop
  endfacet
  facet normal -9.258192e-01 -3.779667e-01 3.580820e-15
    outer loop
      vertex   8.885032e+02 1.130589e+02 2.168250e+02
      vertex   8.888008e+02 1.123300e+02 2.198250e+02
      vertex   8.885032e+02 1.130589e+02 2.198250e+02
    endloop
  endfacet
  facet normal -9.096320e-01 -4.154150e-01 3.935602e-15
    outer loop
      vertex   8.885032e+02 1.130589e+02 2.168250e+02
      vertex   8.885032e+02 1.130589e+02 2.198250e+02
      vertex   8.881761e+02 1.137752e+02 2.168250e+02
    endloop
  endfacet
  facet normal -9.096320e-01 -4.154150e-01 3.935602e-15
    outer loop
      vertex   8.881761e+02 1.137752e+02 2.168250e+02
      vertex   8.885032e+02 1.130589e+02 2.198250e+02
      vertex   8.881761e+02 1.137752e+02 2.198250e+02
    endloop
  endfacet
  facet normal -8.919308e-01 -4.521719e-01 4.283833e-15
    outer loop
      vertex   8.881761e+02 1.137752e+02 2.168250e+02
      vertex   8.881761e+02 1.137752e+02 2.198250e+02
      vertex   8.878201e+02 1.144775e+02 2.168250e+02
    endloop
  endfacet
  facet normal -8.919308e-01 -4.521719e-01 6.425749e-15
    outer loop
      vertex   8.878201e+02 1.144775e+02 2.168250e+02
      vertex   8.881761e+02 1.137752e+02 2.198250e+02
      vertex   8.878201e+02 1.144775e+02 2.198250e+02
    endloop
  endfacet
  facet normal -8.727451e-01 -4.881762e-01 6.937401e-15
    outer loop
      vertex   8.878201e+02 1.144775e+02 2.168250e+02
      vertex   8.878201e+02 1.144775e+02 2.198250e+02
      vertex   8.874357e+02 1.151647e+02 2.168250e+02
    endloop
  endfacet
  facet normal -8.727451e-01 -4.881762e-01 6.937401e-15
    outer loop
      vertex   8.874357e+02 1.151647e+02 2.168250e+02
      vertex   8.878201e+02 1.144775e+02 2.198250e+02
      vertex   8.874357e+02 1.151647e+02 2.198250e+02
    endloop
  endfacet
  facet normal -8.521068e-01 -5.233680e-01 7.437506e-15
    outer loop
      vertex   8.874357e+02 1.151647e+02 2.168250e+02
      vertex   8.874357e+02 1.151647e+02 2.198250e+02
      vertex   8.870236e+02 1.158356e+02 2.168250e+02
    endloop
  endfacet
  facet normal -8.521068e-01 -5.233680e-01 4.958338e-15
    outer loop
      vertex   8.870236e+02 1.158356e+02 2.168250e+02
      vertex   8.874357e+02 1.151647e+02 2.198250e+02
      vertex   8.870236e+02 1.158356e+02 2.198250e+02
    endloop
  endfacet
  facet normal -8.300502e-01 -5.576887e-01 5.283488e-15
    outer loop
      vertex   8.870236e+02 1.158356e+02 2.168250e+02
      vertex   8.870236e+02 1.158356e+02 2.198250e+02
      vertex   8.865845e+02 1.164892e+02 2.168250e+02
    endloop
  endfacet
  facet normal -8.300502e-01 -5.576887e-01 7.925233e-15
    outer loop
      vertex   8.865845e+02 1.164892e+02 2.168250e+02
      vertex   8.870236e+02 1.158356e+02 2.198250e+02
      vertex   8.865845e+02 1.164892e+02 2.198250e+02
    endloop
  endfacet
  facet normal -8.066121e-01 -5.910811e-01 8.399768e-15
    outer loop
      vertex   8.865845e+02 1.164892e+02 2.168250e+02
      vertex   8.865845e+02 1.164892e+02 2.198250e+02
      vertex   8.861191e+02 1.171243e+02 2.168250e+02
    endloop
  endfacet
  facet normal -8.066121e-01 -5.910811e-01 8.399768e-15
    outer loop
      vertex   8.861191e+02 1.171243e+02 2.168250e+02
      vertex   8.865845e+02 1.164892e+02 2.198250e+02
      vertex   8.861191e+02 1.171243e+02 2.198250e+02
    endloop
  endfacet
  facet normal -7.818315e-01 -6.234898e-01 8.860323e-15
    outer loop
      vertex   8.861191e+02 1.171243e+02 2.168250e+02
      vertex   8.861191e+02 1.171243e+02 2.198250e+02
      vertex   8.856282e+02 1.177399e+02 2.168250e+02
    endloop
  endfacet
  facet normal -7.818315e-01 -6.234898e-01 5.906882e-15
    outer loop
      vertex   8.856282e+02 1.177399e+02 2.168250e+02
      vertex   8.861191e+02 1.171243e+02 2.198250e+02
      vertex   8.856282e+02 1.177399e+02 2.198250e+02
    endloop
  endfacet
  facet normal -7.557496e-01 -6.548607e-01 6.204087e-15
    outer loop
      vertex   8.856282e+02 1.177399e+02 2.168250e+02
      vertex   8.856282e+02 1.177399e+02 2.198250e+02
      vertex   8.851125e+02 1.183349e+02 2.168250e+02
    endloop
  endfacet
  facet normal -7.557496e-01 -6.548607e-01 9.306131e-15
    outer loop
      vertex   8.851125e+02 1.183349e+02 2.168250e+02
      vertex   8.856282e+02 1.177399e+02 2.198250e+02
      vertex   8.851125e+02 1.183349e+02 2.198250e+02
    endloop
  endfacet
  facet normal -7.284098e-01 -6.851417e-01 9.736449e-15
    outer loop
      vertex   8.851125e+02 1.183349e+02 2.168250e+02
      vertex   8.851125e+02 1.183349e+02 2.198250e+02
      vertex   8.845731e+02 1.189085e+02 2.168250e+02
    endloop
  endfacet
  facet normal -7.284098e-01 -6.851417e-01 9.736449e-15
    outer loop
      vertex   8.845731e+02 1.189085e+02 2.168250e+02
      vertex   8.851125e+02 1.183349e+02 2.198250e+02
      vertex   8.845731e+02 1.189085e+02 2.198250e+02
    endloop
  endfacet
  facet normal -6.998577e-01 -7.142823e-01 1.015056e-14
    outer loop
      vertex   8.845731e+02 1.189085e+02 2.168250e+02
      vertex   8.845731e+02 1.189085e+02 2.198250e+02
      vertex   8.840107e+02 1.194595e+02 2.168250e+02
    endloop
  endfacet
  facet normal -6.998577e-01 -7.142823e-01 6.767042e-15
    outer loop
      vertex   8.840107e+02 1.194595e+02 2.168250e+02
      vertex   8.845731e+02 1.189085e+02 2.198250e+02
      vertex   8.840107e+02 1.194595e+02 2.198250e+02
    endloop
  endfacet
  facet normal -6.701407e-01 -7.422341e-01 7.031854e-15
    outer loop
      vertex   8.840107e+02 1.194595e+02 2.168250e+02
      vertex   8.840107e+02 1.194595e+02 2.198250e+02
      vertex   8.834262e+02 1.199872e+02 2.168250e+02
    endloop
  endfacet
  facet normal -6.701407e-01 -7.422341e-01 7.031854e-15
    outer loop
      vertex   8.834262e+02 1.199872e+02 2.168250e+02
      vertex   8.840107e+02 1.194595e+02 2.198250e+02
      vertex   8.834262e+02 1.199872e+02 2.198250e+02
    endloop
  endfacet
  facet normal -6.393083e-01 -7.689505e-01 7.284963e-15
    outer loop
      vertex   8.834262e+02 1.199872e+02 2.168250e+02
      vertex   8.834262e+02 1.199872e+02 2.198250e+02
      vertex   8.828208e+02 1.204906e+02 2.168250e+02
    endloop
  endfacet
  facet normal -6.393083e-01 -7.689505e-01 7.284963e-15
    outer loop
      vertex   8.828208e+02 1.204906e+02 2.168250e+02
      vertex   8.834262e+02 1.199872e+02 2.198250e+02
      vertex   8.828208e+02 1.204906e+02 2.198250e+02
    endloop
  endfacet
  facet normal -6.074119e-01 -7.943871e-01 7.525946e-15
    outer loop
      vertex   8.828208e+02 1.204906e+02 2.168250e+02
      vertex   8.828208e+02 1.204906e+02 2.198250e+02
      vertex   8.821953e+02 1.209688e+02 2.168250e+02
    endloop
  endfacet
  facet normal -6.074119e-01 -7.943871e-01 7.525946e-15
    outer loop
      vertex   8.821953e+02 1.209688e+02 2.168250e+02
      vertex   8.828208e+02 1.204906e+02 2.198250e+02
      vertex   8.821953e+02 1.209688e+02 2.198250e+02
    endloop
  endfacet
  facet normal -5.745044e-01 -8.185015e-01 7.754404e-15
    outer loop
      vertex   8.821953e+02 1.209688e+02 2.168250e+02
      vertex   8.821953e+02 1.209688e+02 2.198250e+02
      vertex   8.815508e+02 1.214212e+02 2.168250e+02
    endloop
  endfacet
  facet normal -5.745044e-01 -8.185015e-01 1.163161e-14
    outer loop
      vertex   8.815508e+02 1.214212e+02 2.168250e+02
      vertex   8.821953e+02 1.209688e+02 2.198250e+02
      vertex   8.815508e+02 1.214212e+02 2.198250e+02
    endloop
  endfacet
  facet normal -5.406408e-01 -8.412535e-01 1.195493e-14
    outer loop
      vertex   8.815508e+02 1.214212e+02 2.168250e+02
      vertex   8.815508e+02 1.214212e+02 2.198250e+02
      vertex   8.808884e+02 1.218469e+02 2.168250e+02
    endloop
  endfacet
  facet normal -5.406408e-01 -8.412535e-01 1.195493e-14
    outer loop
      vertex   8.808884e+02 1.218469e+02 2.168250e+02
      vertex   8.815508e+02 1.214212e+02 2.198250e+02
      vertex   8.808884e+02 1.218469e+02 2.198250e+02
    endloop
  endfacet
  facet normal -5.058774e-01 -8.626054e-01 1.225836e-14
    outer loop
      vertex   8.808884e+02 1.218469e+02 2.168250e+02
      vertex   8.808884e+02 1.218469e+02 2.198250e+02
      vertex   8.802092e+02 1.222452e+02 2.168250e+02
    endloop
  endfacet
  facet normal -5.058774e-01 -8.626054e-01 8.172240e-15
    outer loop
      vertex   8.802092e+02 1.222452e+02 2.168250e+02
      vertex   8.808884e+02 1.218469e+02 2.198250e+02
      vertex   8.802092e+02 1.222452e+02 2.198250e+02
    endloop
  endfacet
  facet normal -4.702719e-01 -8.825216e-01 8.360924e-15
    outer loop
      vertex   8.802092e+02 1.222452e+02 2.168250e+02
      vertex   8.802092e+02 1.222452e+02 2.198250e+02
      vertex   8.795143e+02 1.226155e+02 2.168250e+02
    endloop
  endfacet
  facet normal -4.702719e-01 -8.825216e-01 8.360924e-15
    outer loop
      vertex   8.795143e+02 1.226155e+02 2.168250e+02
      vertex   8.802092e+02 1.222452e+02 2.198250e+02
      vertex   8.795143e+02 1.226155e+02 2.198250e+02
    endloop
  endfacet
  facet normal -4.338837e-01 -9.009689e-01 8.535692e-15
    outer loop
      vertex   8.795143e+02 1.226155e+02 2.168250e+02
      vertex   8.795143e+02 1.226155e+02 2.198250e+02
      vertex   8.788049e+02 1.229571e+02 2.168250e+02
    endloop
  endfacet
  facet normal -4.338837e-01 -9.009689e-01 1.280354e-14
    outer loop
      vertex   8.788049e+02 1.229571e+02 2.168250e+02
      vertex   8.795143e+02 1.226155e+02 2.198250e+02
      vertex   8.788049e+02 1.229571e+02 2.198250e+02
    endloop
  endfacet
  facet normal -3.967734e-01 -9.179166e-01 1.304438e-14
    outer loop
      vertex   8.788049e+02 1.229571e+02 2.168250e+02
      vertex   8.788049e+02 1.229571e+02 2.198250e+02
      vertex   8.780822e+02 1.232695e+02 2.168250e+02
    endloop
  endfacet
  facet normal -3.967734e-01 -9.179166e-01 8.696253e-15
    outer loop
      vertex   8.780822e+02 1.232695e+02 2.168250e+02
      vertex   8.788049e+02 1.229571e+02 2.198250e+02
      vertex   8.780822e+02 1.232695e+02 2.198250e+02
    endloop
  endfacet
  facet normal -3.590027e-01 -9.333365e-01 8.842340e-15
    outer loop
      vertex   8.780822e+02 1.232695e+02 2.168250e+02
      vertex   8.780822e+02 1.232695e+02 2.198250e+02
      vertex   8.773473e+02 1.235522e+02 2.168250e+02
    endloop
  endfacet
  facet normal -3.590027e-01 -9.333365e-01 1.326351e-14
    outer loop
      vertex   8.773473e+02 1.235522e+02 2.168250e+02
      vertex   8.780822e+02 1.232695e+02 2.198250e+02
      vertex   8.773473e+02 1.235522e+02 2.198250e+02
    endloop
  endfacet
  facet normal -3.206345e-01 -9.472030e-01 1.346056e-14
    outer loop
      vertex   8.773473e+02 1.235522e+02 2.168250e+02
      vertex   8.773473e+02 1.235522e+02 2.198250e+02
      vertex   8.766015e+02 1.238047e+02 2.168250e+02
    endloop
  endfacet
  facet normal -3.206345e-01 -9.472030e-01 8.973710e-15
    outer loop
      vertex   8.766015e+02 1.238047e+02 2.168250e+02
      vertex   8.773473e+02 1.235522e+02 2.198250e+02
      vertex   8.766015e+02 1.238047e+02 2.198250e+02
    endloop
  endfacet
  facet normal -2.817326e-01 -9.594930e-01 9.090143e-15
    outer loop
      vertex   8.766015e+02 1.238047e+02 2.168250e+02
      vertex   8.766015e+02 1.238047e+02 2.198250e+02
      vertex   8.758460e+02 1.240265e+02 2.168250e+02
    endloop
  endfacet
  facet normal -2.817326e-01 -9.594930e-01 1.363522e-14
    outer loop
      vertex   8.758460e+02 1.240265e+02 2.168250e+02
      vertex   8.766015e+02 1.238047e+02 2.198250e+02
      vertex   8.758460e+02 1.240265e+02 2.198250e+02
    endloop
  endfacet
  facet normal -2.423617e-01 -9.701860e-01 1.378717e-14
    outer loop
      vertex   8.758460e+02 1.240265e+02 2.168250e+02
      vertex   8.758460e+02 1.240265e+02 2.198250e+02
      vertex   8.750821e+02 1.242173e+02 2.168250e+02
    endloop
  endfacet
  facet normal -2.423617e-01 -9.701860e-01 9.191448e-15
    outer loop
      vertex   8.750821e+02 1.242173e+02 2.168250e+02
      vertex   8.758460e+02 1.240265e+02 2.198250e+02
      vertex   8.750821e+02 1.242173e+02 2.198250e+02
    endloop
  endfacet
  facet normal -2.025875e-01 -9.792642e-01 9.277454e-15
    outer loop
      vertex   8.750821e+02 1.242173e+02 2.168250e+02
      vertex   8.750821e+02 1.242173e+02 2.198250e+02
      vertex   8.743110e+02 1.243768e+02 2.168250e+02
    endloop
  endfacet
  facet normal -2.025875e-01 -9.792642e-01 9.277454e-15
    outer loop
      vertex   8.743110e+02 1.243768e+02 2.168250e+02
      vertex   8.750821e+02 1.242173e+02 2.198250e+02
      vertex   8.743110e+02 1.243768e+02 2.198250e+02
    endloop
  endfacet
  facet normal -1.624761e-01 -9.867125e-01 9.348018e-15
    outer loop
      vertex   8.743110e+02 1.243768e+02 2.168250e+02
      vertex   8.743110e+02 1.243768e+02 2.198250e+02
      vertex   8.735341e+02 1.245048e+02 2.168250e+02
    endloop
  endfacet
  facet normal -1.624761e-01 -9.867125e-01 1.402203e-14
    outer loop
      vertex   8.735341e+02 1.245048e+02 2.168250e+02
      vertex   8.743110e+02 1.243768e+02 2.198250e+02
      vertex   8.735341e+02 1.245048e+02 2.198250e+02
    endloop
  endfacet
  facet normal -1.220943e-01 -9.925185e-01 1.410454e-14
    outer loop
      vertex   8.735341e+02 1.245048e+02 2.168250e+02
      vertex   8.735341e+02 1.245048e+02 2.198250e+02
      vertex   8.727526e+02 1.246009e+02 2.168250e+02
    endloop
  endfacet
  facet normal -1.220943e-01 -9.925185e-01 1.410454e-14
    outer loop
      vertex   8.727526e+02 1.246009e+02 2.168250e+02
      vertex   8.735341e+02 1.245048e+02 2.198250e+02
      vertex   8.727526e+02 1.246009e+02 2.198250e+02
    endloop
  endfacet
  facet normal -8.150928e-02 -9.966726e-01 1.416357e-14
    outer loop
      vertex   8.727526e+02 1.246009e+02 2.168250e+02
      vertex   8.727526e+02 1.246009e+02 2.198250e+02
      vertex   8.719678e+02 1.246651e+02 2.168250e+02
    endloop
  endfacet
  facet normal -8.150928e-02 -9.966726e-01 9.442380e-15
    outer loop
      vertex   8.719678e+02 1.246651e+02 2.168250e+02
      vertex   8.727526e+02 1.246009e+02 2.198250e+02
      vertex   8.719678e+02 1.246651e+02 2.198250e+02
    endloop
  endfacet
  facet normal -4.078859e-02 -9.991678e-01 9.466019e-15
    outer loop
      vertex   8.719678e+02 1.246651e+02 2.168250e+02
      vertex   8.719678e+02 1.246651e+02 2.198250e+02
      vertex   8.711811e+02 1.246972e+02 2.168250e+02
    endloop
  endfacet
  facet normal -4.078859e-02 -9.991678e-01 9.466019e-15
    outer loop
      vertex   8.711811e+02 1.246972e+02 2.168250e+02
      vertex   8.719678e+02 1.246651e+02 2.198250e+02
      vertex   8.711811e+02 1.246972e+02 2.198250e+02
    endloop
  endfacet
  facet normal 0.000000e+00 -1.000000e+00 9.473903e-15
    outer loop
      vertex   8.711811e+02 1.246972e+02 2.168250e+02
      vertex   8.711811e+02 1.246972e+02 2.198250e+02
      vertex   8.703937e+02 1.246972e+02 2.168250e+02
    endloop
  endfacet
  facet normal 0.000000e+00 -1.000000e+00 9.473903e-15
    outer loop
      vertex   8.703937e+02 1.246972e+02 2.168250e+02
      vertex   8.711811e+02 1.246972e+02 2.198250e+02
      vertex   8.703937e+02 1.246972e+02 2.198250e+02
    endloop
  endfacet
  facet normal 4.078859e-02 -9.991678e-01 9.466019e-15
    outer loop
      vertex   8.703937e+02 1.246972e+02 2.168250e+02
      vertex   8.703937e+02 1.246972e+02 2.198250e+02
      vertex   8.696070e+02 1.246651e+02 2.168250e+02
    endloop
  endfacet
  facet normal 4.078859e-02 -9.991678e-01 9.466019e-15
    outer loop
      vertex   8.696070e+02 1.246651e+02 2.168250e+02
      vertex   8.703937e+02 1.246972e+02 2.198250e+02
      vertex   8.696070e+02 1.246651e+02 2.198250e+02
    endloop
  endfacet
  facet normal 8.150928e-02 -9.966726e-01 9.442380e-15
    outer loop
      vertex   8.696070e+02 1.246651e+02 2.168250e+02
      vertex   8.696070e+02 1.246651e+02 2.198250e+02
      vertex   8.688222e+02 1.246009e+02 2.168250e+02
    endloop
  endfacet
  facet normal 8.150928e-02 -9.966726e-01 1.416357e-14
    outer loop
      vertex   8.688222e+02 1.246009e+02 2.168250e+02
      vertex   8.696070e+02 1.246651e+02 2.198250e+02
      vertex   8.688222e+02 1.246009e+02 2.198250e+02
    endloop
  endfacet
  facet normal 1.220943e-01 -9.925185e-01 1.410454e-14
    outer loop
      vertex   8.688222e+02 1.246009e+02 2.168250e+02
      vertex   8.688222e+02 1.246009e+02 2.198250e+02
      vertex   8.680407e+02 1.245048e+02 2.168250e+02
    endloop
  endfacet
  facet normal 1.220943e-01 -9.925185e-01 1.410454e-14
    outer loop
      vertex   8.680407e+02 1.245048e+02 2.168250e+02
      vertex   8.688222e+02 1.246009e+02 2.198250e+02
      vertex   8.680407e+02 1.245048e+02 2.198250e+02
    endloop
  endfacet
  facet normal 1.624761e-01 -9.867125e-01 1.402203e-14
    outer loop
      vertex   8.680407e+02 1.245048e+02 2.168250e+02
      vertex   8.680407e+02 1.245048e+02 2.198250e+02
      vertex   8.672638e+02 1.243768e+02 2.168250e+02
    endloop
  endfacet
  facet normal 1.624761e-01 -9.867125e-01 9.348018e-15
    outer loop
      vertex   8.672638e+02 1.243768e+02 2.168250e+02
      vertex   8.680407e+02 1.245048e+02 2.198250e+02
      vertex   8.672638e+02 1.243768e+02 2.198250e+02
    endloop
  endfacet
  facet normal 2.025875e-01 -9.792642e-01 9.277454e-15
    outer loop
      vertex   8.672638e+02 1.243768e+02 2.168250e+02
      vertex   8.672638e+02 1.243768e+02 2.198250e+02
      vertex   8.664928e+02 1.242173e+02 2.168250e+02
    endloop
  endfacet
  facet normal 2.025875e-01 -9.792642e-01 9.277454e-15
    outer loop
      vertex   8.664928e+02 1.242173e+02 2.168250e+02
      vertex   8.672638e+02 1.243768e+02 2.198250e+02
      vertex   8.664928e+02 1.242173e+02 2.198250e+02
    endloop
  endfacet
  facet normal 2.423617e-01 -9.701860e-01 9.191448e-15
    outer loop
      vertex   8.664928e+02 1.242173e+02 2.168250e+02
      vertex   8.664928e+02 1.242173e+02 2.198250e+02
      vertex   8.657289e+02 1.240265e+02 2.168250e+02
    endloop
  endfacet
  facet normal 2.423617e-01 -9.701860e-01 9.191448e-15
    outer loop
      vertex   8.657289e+02 1.240265e+02 2.168250e+02
      vertex   8.664928e+02 1.242173e+02 2.198250e+02
      vertex   8.657289e+02 1.240265e+02 2.198250e+02
    endloop
  endfacet
  facet normal 2.817326e-01 -9.594930e-01 9.090143e-15
    outer loop
      vertex   8.657289e+02 1.240265e+02 2.168250e+02
      vertex   8.657289e+02 1.240265e+02 2.198250e+02
      vertex   8.649734e+02 1.238047e+02 2.168250e+02
    endloop
  endfacet
  facet normal 2.817326e-01 -9.594930e-01 9.090143e-15
    outer loop
      vertex   8.649734e+02 1.238047e+02 2.168250e+02
      vertex   8.657289e+02 1.240265e+02 2.198250e+02
      vertex   8.649734e+02 1.238047e+02 2.198250e+02
    endloop
  endfacet
  facet normal 3.206345e-01 -9.472030e-01 8.973710e-15
    outer loop
      vertex   8.649734e+02 1.238047e+02 2.168250e+02
      vertex   8.649734e+02 1.238047e+02 2.198250e+02
      vertex   8.642276e+02 1.235522e+02 2.168250e+02
    endloop
  endfacet
  facet normal 3.206345e-01 -9.472030e-01 8.973710e-15
    outer loop
      vertex   8.642276e+02 1.235522e+02 2.168250e+02
      vertex   8.649734e+02 1.238047e+02 2.198250e+02
      vertex   8.642276e+02 1.235522e+02 2.198250e+02
    endloop
  endfacet
  facet normal 3.590027e-01 -9.333365e-01 8.842340e-15
    outer loop
      vertex   8.642276e+02 1.235522e+02 2.168250e+02
      vertex   8.642276e+02 1.235522e+02 2.198250e+02
      vertex   8.634927e+02 1.232695e+02 2.168250e+02
    endloop
  endfacet
  facet normal 3.590027e-01 -9.333365e-01 8.842340e-15
    outer loop
      vertex   8.634927e+02 1.232695e+02 2.168250e+02
      vertex   8.642276e+02 1.235522e+02 2.198250e+02
      vertex   8.634927e+02 1.232695e+02 2.198250e+02
    endloop
  endfacet
  facet normal 3.967734e-01 -9.179166e-01 8.696253e-15
    outer loop
      vertex   8.634927e+02 1.232695e+02 2.168250e+02
      vertex   8.634927e+02 1.232695e+02 2.198250e+02
      vertex   8.627699e+02 1.229571e+02 2.168250e+02
    endloop
  endfacet
  facet normal 3.967734e-01 -9.179166e-01 1.304438e-14
    outer loop
      vertex   8.627699e+02 1.229571e+02 2.168250e+02
      vertex   8.634927e+02 1.232695e+02 2.198250e+02
      vertex   8.627699e+02 1.229571e+02 2.198250e+02
    endloop
  endfacet
  facet normal 4.338837e-01 -9.009689e-01 1.280354e-14
    outer loop
      vertex   8.627699e+02 1.229571e+02 2.168250e+02
      vertex   8.627699e+02 1.229571e+02 2.198250e+02
      vertex   8.620605e+02 1.226155e+02 2.168250e+02
    endloop
  endfacet
  facet normal 4.338837e-01 -9.009689e-01 8.535692e-15
    outer loop
      vertex   8.620605e+02 1.226155e+02 2.168250e+02
      vertex   8.627699e+02 1.229571e+02 2.198250e+02
      vertex   8.620605e+02 1.226155e+02 2.198250e+02
    endloop
  endfacet
  facet normal 4.702719e-01 -8.825216e-01 8.360924e-15
    outer loop
      vertex   8.620605e+02 1.226155e+02 2.168250e+02
      vertex   8.620605e+02 1.226155e+02 2.198250e+02
      vertex   8.613656e+02 1.222452e+02 2.168250e+02
    endloop
  endfacet
  facet normal 4.702719e-01 -8.825216e-01 1.254139e-14
    outer loop
      vertex   8.613656e+02 1.222452e+02 2.168250e+02
      vertex   8.620605e+02 1.226155e+02 2.198250e+02
      vertex   8.613656e+02 1.222452e+02 2.198250e+02
    endloop
  endfacet
  facet normal 5.058774e-01 -8.626054e-01 1.225836e-14
    outer loop
      vertex   8.613656e+02 1.222452e+02 2.168250e+02
      vertex   8.613656e+02 1.222452e+02 2.198250e+02
      vertex   8.606864e+02 1.218469e+02 2.168250e+02
    endloop
  endfacet
  facet normal 5.058774e-01 -8.626054e-01 8.172240e-15
    outer loop
      vertex   8.606864e+02 1.218469e+02 2.168250e+02
      vertex   8.613656e+02 1.222452e+02 2.198250e+02
      vertex   8.606864e+02 1.218469e+02 2.198250e+02
    endloop
  endfacet
  facet normal 5.406408e-01 -8.412535e-01 7.969954e-15
    outer loop
      vertex   8.606864e+02 1.218469e+02 2.168250e+02
      vertex   8.606864e+02 1.218469e+02 2.198250e+02
      vertex   8.600240e+02 1.214212e+02 2.168250e+02
    endloop
  endfacet
  facet normal 5.406408e-01 -8.412535e-01 1.195493e-14
    outer loop
      vertex   8.600240e+02 1.214212e+02 2.168250e+02
      vertex   8.606864e+02 1.218469e+02 2.198250e+02
      vertex   8.600240e+02 1.214212e+02 2.198250e+02
    endloop
  endfacet
  facet normal 5.745044e-01 -8.185015e-01 1.163161e-14
    outer loop
      vertex   8.600240e+02 1.214212e+02 2.168250e+02
      vertex   8.600240e+02 1.214212e+02 2.198250e+02
      vertex   8.593796e+02 1.209688e+02 2.168250e+02
    endloop
  endfacet
  facet normal 5.745044e-01 -8.185015e-01 7.754404e-15
    outer loop
      vertex   8.593796e+02 1.209688e+02 2.168250e+02
      vertex   8.600240e+02 1.214212e+02 2.198250e+02
      vertex   8.593796e+02 1.209688e+02 2.198250e+02
    endloop
  endfacet
  facet normal 6.074119e-01 -7.943871e-01 7.525946e-15
    outer loop
      vertex   8.593796e+02 1.209688e+02 2.168250e+02
      vertex   8.593796e+02 1.209688e+02 2.198250e+02
      vertex   8.587541e+02 1.204906e+02 2.168250e+02
    endloop
  endfacet
  facet normal 6.074119e-01 -7.943871e-01 7.525946e-15
    outer loop
      vertex   8.587541e+02 1.204906e+02 2.168250e+02
      vertex   8.593796e+02 1.209688e+02 2.198250e+02
      vertex   8.587541e+02 1.204906e+02 2.198250e+02
    endloop
  endfacet
  facet normal 6.393083e-01 -7.689505e-01 7.284963e-15
    outer loop
      vertex   8.587541e+02 1.204906e+02 2.168250e+02
      vertex   8.587541e+02 1.204906e+02 2.198250e+02
      vertex   8.581486e+02 1.199872e+02 2.168250e+02
    endloop
  endfacet
  facet normal 6.393083e-01 -7.689505e-01 7.284963e-15
    outer loop
      vertex   8.581486e+02 1.199872e+02 2.168250e+02
      vertex   8.587541e+02 1.204906e+02 2.198250e+02
      vertex   8.581486e+02 1.199872e+02 2.198250e+02
    endloop
  endfacet
  facet normal 6.701407e-01 -7.422341e-01 7.031854e-15
    outer loop
      vertex   8.581486e+02 1.199872e+02 2.168250e+02
      vertex   8.581486e+02 1.199872e+02 2.198250e+02
      vertex   8.575642e+02 1.194595e+02 2.168250e+02
    endloop
  endfacet
  facet normal 6.701407e-01 -7.422341e-01 7.031854e-15
    outer loop
      vertex   8.575642e+02 1.194595e+02 2.168250e+02
      vertex   8.581486e+02 1.199872e+02 2.198250e+02
      vertex   8.575642e+02 1.194595e+02 2.198250e+02
    endloop
  endfacet
  facet normal 6.998577e-01 -7.142823e-01 6.767042e-15
    outer loop
      vertex   8.575642e+02 1.194595e+02 2.168250e+02
      vertex   8.575642e+02 1.194595e+02 2.198250e+02
      vertex   8.570018e+02 1.189085e+02 2.168250e+02
    endloop
  endfacet
  facet normal 6.998577e-01 -7.142823e-01 1.015056e-14
    outer loop
      vertex   8.570018e+02 1.189085e+02 2.168250e+02
      vertex   8.575642e+02 1.194595e+02 2.198250e+02
      vertex   8.570018e+02 1.189085e+02 2.198250e+02
    endloop
  endfacet
  facet normal 7.284098e-01 -6.851417e-01 9.736449e-15
    outer loop
      vertex   8.570018e+02 1.189085e+02 2.168250e+02
      vertex   8.570018e+02 1.189085e+02 2.198250e+02
      vertex   8.564623e+02 1.183349e+02 2.168250e+02
    endloop
  endfacet
  facet normal 7.284098e-01 -6.851417e-01 6.490966e-15
    outer loop
      vertex   8.564623e+02 1.183349e+02 2.168250e+02
      vertex   8.570018e+02 1.189085e+02 2.198250e+02
      vertex   8.564623e+02 1.183349e+02 2.198250e+02
    endloop
  endfacet
  facet normal 7.557496e-01 -6.548607e-01 6.204087e-15
    outer loop
      vertex   8.564623e+02 1.183349e+02 2.168250e+02
      vertex   8.564623e+02 1.183349e+02 2.198250e+02
      vertex   8.559467e+02 1.177399e+02 2.168250e+02
    endloop
  endfacet
  facet normal 7.557496e-01 -6.548607e-01 9.306131e-15
    outer loop
      vertex   8.559467e+02 1.177399e+02 2.168250e+02
      vertex   8.564623e+02 1.183349e+02 2.198250e+02
      vertex   8.559467e+02 1.177399e+02 2.198250e+02
    endloop
  endfacet
  facet normal 7.818315e-01 -6.234898e-01 8.860323e-15
    outer loop
      vertex   8.559467e+02 1.177399e+02 2.168250e+02
      vertex   8.559467e+02 1.177399e+02 2.198250e+02
      vertex   8.554558e+02 1.171243e+02 2.168250e+02
    endloop
  endfacet
  facet normal 7.818315e-01 -6.234898e-01 8.860323e-15
    outer loop
      vertex   8.554558e+02 1.171243e+02 2.168250e+02
      vertex   8.559467e+02 1.177399e+02 2.198250e+02
      vertex   8.554558e+02 1.171243e+02 2.198250e+02
    endloop
  endfacet
  facet normal 8.066121e-01 -5.910811e-01 8.399768e-15
    outer loop
      vertex   8.554558e+02 1.171243e+02 2.168250e+02
      vertex   8.554558e+02 1.171243e+02 2.198250e+02
      vertex   8.549903e+02 1.164892e+02 2.168250e+02
    endloop
  endfacet
  facet normal 8.066121e-01 -5.910811e-01 8.399768e-15
    outer loop
      vertex   8.549903e+02 1.164892e+02 2.168250e+02
      vertex   8.554558e+02 1.171243e+02 2.198250e+02
      vertex   8.549903e+02 1.164892e+02 2.198250e+02
    endloop
  endfacet
  facet normal 8.300502e-01 -5.576887e-01 7.925233e-15
    outer loop
      vertex   8.549903e+02 1.164892e+02 2.168250e+02
      vertex   8.549903e+02 1.164892e+02 2.198250e+02
      vertex   8.545512e+02 1.158356e+02 2.168250e+02
    endloop
  endfacet
  facet normal 8.300502e-01 -5.576887e-01 5.283488e-15
    outer loop
      vertex   8.545512e+02 1.158356e+02 2.168250e+02
      vertex   8.549903e+02 1.164892e+02 2.198250e+02
      vertex   8.545512e+02 1.158356e+02 2.198250e+02
    endloop
  endfacet
  facet normal 8.521068e-01 -5.233680e-01 4.958338e-15
    outer loop
      vertex   8.545512e+02 1.158356e+02 2.168250e+02
      vertex   8.545512e+02 1.158356e+02 2.198250e+02
      vertex   8.541391e+02 1.151647e+02 2.168250e+02
    endloop
  endfacet
  facet normal 8.521068e-01 -5.233680e-01 7.437506e-15
    outer loop
      vertex   8.541391e+02 1.151647e+02 2.168250e+02
      vertex   8.545512e+02 1.158356e+02 2.198250e+02
      vertex   8.541391e+02 1.151647e+02 2.198250e+02
    endloop
  endfacet
  facet normal 8.727451e-01 -4.881762e-01 6.937401e-15
    outer loop
      vertex   8.541391e+02 1.151647e+02 2.168250e+02
      vertex   8.541391e+02 1.151647e+02 2.198250e+02
      vertex   8.537548e+02 1.144775e+02 2.168250e+02
    endloop
  endfacet
  facet normal 8.727451e-01 -4.881762e-01 4.624934e-15
    outer loop
      vertex   8.537548e+02 1.144775e+02 2.168250e+02
      vertex   8.541391e+02 1.151647e+02 2.198250e+02
      vertex   8.537548e+02 1.144775e+02 2.198250e+02
    endloop
  endfacet
  facet normal 8.919308e-01 -4.521719e-01 4.283833e-15
    outer loop
      vertex   8.537548e+02 1.144775e+02 2.168250e+02
      vertex   8.537548e+02 1.144775e+02 2.198250e+02
      vertex   8.533987e+02 1.137752e+02 2.168250e+02
    endloop
  endfacet
  facet normal 8.919308e-01 -4.521719e-01 4.283833e-15
    outer loop
      vertex   8.533987e+02 1.137752e+02 2.168250e+02
      vertex   8.537548e+02 1.144775e+02 2.198250e+02
      vertex   8.533987e+02 1.137752e+02 2.198250e+02
    endloop
  endfacet
  facet normal 9.096320e-01 -4.154150e-01 3.935602e-15
    outer loop
      vertex   8.533987e+02 1.137752e+02 2.168250e+02
      vertex   8.533987e+02 1.137752e+02 2.198250e+02
      vertex   8.530716e+02 1.130589e+02 2.168250e+02
    endloop
  endfacet
  facet normal 9.096320e-01 -4.154150e-01 5.903402e-15
    outer loop
      vertex   8.530716e+02 1.130589e+02 2.168250e+02
      vertex   8.533987e+02 1.137752e+02 2.198250e+02
      vertex   8.530716e+02 1.130589e+02 2.198250e+02
    endloop
  endfacet
  facet normal 9.258192e-01 -3.779667e-01 5.371230e-15
    outer loop
      vertex   8.530716e+02 1.130589e+02 2.168250e+02
      vertex   8.530716e+02 1.130589e+02 2.198250e+02
      vertex   8.527740e+02 1.123300e+02 2.168250e+02
    endloop
  endfacet
  facet normal 9.258192e-01 -3.779667e-01 5.371230e-15
    outer loop
      vertex   8.527740e+02 1.123300e+02 2.168250e+02
      vertex   8.530716e+02 1.130589e+02 2.198250e+02
      vertex   8.527740e+02 1.123300e+02 2.198250e+02
    endloop
  endfacet
  facet normal 9.404655e-01 -3.398893e-01 4.830117e-15
    outer loop
      vertex   8.527740e+02 1.123300e+02 2.168250e+02
      vertex   8.527740e+02 1.123300e+02 2.198250e+02
      vertex   8.525064e+02 1.115895e+02 2.168250e+02
    endloop
  endfacet
  facet normal 9.404655e-01 -3.398893e-01 3.220078e-15
    outer loop
      vertex   8.525064e+02 1.115895e+02 2.168250e+02
      vertex   8.527740e+02 1.123300e+02 2.198250e+02
      vertex   8.525064e+02 1.115895e+02 2.198250e+02
    endloop
  endfacet
  facet normal 9.535464e-01 -3.012462e-01 2.853977e-15
    outer loop
      vertex   8.525064e+02 1.115895e+02 2.168250e+02
      vertex   8.525064e+02 1.115895e+02 2.198250e+02
      vertex   8.522692e+02 1.108387e+02 2.168250e+02
    endloop
  endfacet
  facet normal 9.535464e-01 -3.012462e-01 2.853977e-15
    outer loop
      vertex   8.522692e+02 1.108387e+02 2.168250e+02
      vertex   8.525064e+02 1.115895e+02 2.198250e+02
      vertex   8.522692e+02 1.108387e+02 2.198250e+02
    endloop
  endfacet
  facet normal 9.650403e-01 -2.621017e-01 2.483126e-15
    outer loop
      vertex   8.522692e+02 1.108387e+02 2.168250e+02
      vertex   8.522692e+02 1.108387e+02 2.198250e+02
      vertex   8.520628e+02 1.100788e+02 2.168250e+02
    endloop
  endfacet
  facet normal 9.650403e-01 -2.621017e-01 2.483126e-15
    outer loop
      vertex   8.520628e+02 1.100788e+02 2.168250e+02
      vertex   8.522692e+02 1.108387e+02 2.198250e+02
      vertex   8.520628e+02 1.100788e+02 2.198250e+02
    endloop
  endfacet
  facet normal 9.749279e-01 -2.225209e-01 2.108142e-15
    outer loop
      vertex   8.520628e+02 1.100788e+02 2.168250e+02
      vertex   8.520628e+02 1.100788e+02 2.198250e+02
      vertex   8.518876e+02 1.093112e+02 2.168250e+02
    endloop
  endfacet
  facet normal 9.749279e-01 -2.225209e-01 3.162213e-15
    outer loop
      vertex   8.518876e+02 1.093112e+02 2.168250e+02
      vertex   8.520628e+02 1.100788e+02 2.198250e+02
      vertex   8.518876e+02 1.093112e+02 2.198250e+02
    endloop
  endfacet
  facet normal 9.831929e-01 -1.825698e-01 2.594473e-15
    outer loop
      vertex   8.518876e+02 1.093112e+02 2.168250e+02
      vertex   8.518876e+02 1.093112e+02 2.198250e+02
      vertex   8.517439e+02 1.085370e+02 2.168250e+02
    endloop
  endfacet
  facet normal 9.831929e-01 -1.825698e-01 2.594473e-15
    outer loop
      vertex   8.517439e+02 1.085370e+02 2.168250e+02
      vertex   8.518876e+02 1.093112e+02 2.198250e+02
      vertex   8.517439e+02 1.085370e+02 2.198250e+02
    endloop
  endfacet
  facet normal 9.898214e-01 -1.423148e-01 2.022415e-15
    outer loop
      vertex   8.517439e+02 1.085370e+02 2.168250e+02
      vertex   8.517439e+02 1.085370e+02 2.198250e+02
      vertex   8.516318e+02 1.077576e+02 2.168250e+02
    endloop
  endfacet
  facet normal 9.898214e-01 -1.423148e-01 1.348277e-15
    outer loop
      vertex   8.516318e+02 1.077576e+02 2.168250e+02
      vertex   8.517439e+02 1.085370e+02 2.198250e+02
      vertex   8.516318e+02 1.077576e+02 2.198250e+02
    endloop
  endfacet
  facet normal 9.948025e-01 -1.018230e-01 9.646611e-16
    outer loop
      vertex   8.516318e+02 1.077576e+02 2.168250e+02
      vertex   8.516318e+02 1.077576e+02 2.198250e+02
      vertex   8.515516e+02 1.069744e+02 2.168250e+02
    endloop
  endfacet
  facet normal 9.948025e-01 -1.018230e-01 9.646611e-16
    outer loop
      vertex   8.515516e+02 1.069744e+02 2.168250e+02
      vertex   8.516318e+02 1.077576e+02 2.198250e+02
      vertex   8.515516e+02 1.069744e+02 2.198250e+02
    endloop
  endfacet
  facet normal 9.981279e-01 -6.116166e-02 5.794397e-16
    outer loop
      vertex   8.515516e+02 1.069744e+02 2.168250e+02
      vertex   8.515516e+02 1.069744e+02 2.198250e+02
      vertex   8.515035e+02 1.061884e+02 2.168250e+02
    endloop
  endfacet
  facet normal 9.981279e-01 -6.116166e-02 8.691595e-16
    outer loop
      vertex   8.515035e+02 1.061884e+02 2.168250e+02
      vertex   8.515516e+02 1.069744e+02 2.198250e+02
      vertex   8.515035e+02 1.061884e+02 2.198250e+02
    endloop
  endfacet
  facet normal 9.984815e-01 -5.508776e-02 5.218961e-16
    outer loop
      vertex   8.917484e+02 8.211999e+01 2.168250e+02
      vertex   8.917484e+02 8.211999e+01 2.198250e+02
      vertex   8.917324e+02 8.183122e+01 2.168250e+02
    endloop
  endfacet
  facet normal 9.984815e-01 -5.508776e-02 7.828442e-16
    outer loop
      vertex   8.917324e+02 8.183122e+01 2.168250e+02
      vertex   8.917484e+02 8.211999e+01 2.198250e+02
      vertex   8.917324e+02 8.183122e+01 2.198250e+02
    endloop
  endfacet
  facet normal 9.984815e-01 5.508776e-02 -7.828442e-16
    outer loop
      vertex   8.917324e+02 8.183122e+01 2.168250e+02
      vertex   8.917324e+02 8.183122e+01 2.198250e+02
      vertex   8.917484e+02 8.154245e+01 2.168250e+02
    endloop
  endfacet
  facet normal 9.984815e-01 5.508776e-02 -5.218961e-16
    outer loop
      vertex   8.917484e+02 8.154245e+01 2.168250e+02
      vertex   8.917324e+02 8.183122e+01 2.198250e+02
      vertex   8.917484e+02 8.154245e+01 2.198250e+02
    endloop
  endfacet
  facet normal 9.863613e-01 1.645946e-01 -1.559353e-15
    outer loop
      vertex   8.917484e+02 8.154245e+01 2.168250e+02
      vertex   8.917484e+02 8.154245e+01 2.198250e+02
      vertex   8.917960e+02 8.125718e+01 2.168250e+02
    endloop
  endfacet
  facet normal 9.863613e-01 1.645946e-01 -2.339030e-15
    outer loop
      vertex   8.917960e+02 8.125718e+01 2.168250e+02
      vertex   8.917484e+02 8.154245e+01 2.198250e+02
      vertex   8.917960e+02 8.125718e+01 2.198250e+02
    endloop
  endfacet
  facet normal 9.622680e-01 2.721035e-01 -3.866823e-15
    outer loop
      vertex   8.917960e+02 8.125718e+01 2.168250e+02
      vertex   8.917960e+02 8.125718e+01 2.198250e+02
      vertex   8.918747e+02 8.097889e+01 2.168250e+02
    endloop
  endfacet
  facet normal 9.622680e-01 2.721035e-01 -2.577882e-15
    outer loop
      vertex   8.918747e+02 8.097889e+01 2.168250e+02
      vertex   8.917960e+02 8.125718e+01 2.198250e+02
      vertex   8.918747e+02 8.097889e+01 2.198250e+02
    endloop
  endfacet
  facet normal 9.264941e-01 3.763094e-01 -3.565119e-15
    outer loop
      vertex   8.918747e+02 8.097889e+01 2.168250e+02
      vertex   8.918747e+02 8.097889e+01 2.198250e+02
      vertex   8.919835e+02 8.071093e+01 2.168250e+02
    endloop
  endfacet
  facet normal 9.264941e-01 3.763094e-01 -3.565119e-15
    outer loop
      vertex   8.919835e+02 8.071093e+01 2.168250e+02
      vertex   8.918747e+02 8.097889e+01 2.198250e+02
      vertex   8.919835e+02 8.071093e+01 2.198250e+02
    endloop
  endfacet
  facet normal 8.794738e-01 4.759474e-01 -4.509080e-15
    outer loop
      vertex   8.919835e+02 8.071093e+01 2.168250e+02
      vertex   8.919835e+02 8.071093e+01 2.198250e+02
      vertex   8.921211e+02 8.045658e+01 2.168250e+02
    endloop
  endfacet
  facet normal 8.794738e-01 4.759474e-01 -6.763619e-15
    outer loop
      vertex   8.921211e+02 8.045658e+01 2.168250e+02
      vertex   8.919835e+02 8.071093e+01 2.198250e+02
      vertex   8.921211e+02 8.045658e+01 2.198250e+02
    endloop
  endfacet
  facet normal 8.217778e-01 5.698081e-01 -8.097460e-15
    outer loop
      vertex   8.921211e+02 8.045658e+01 2.168250e+02
      vertex   8.921211e+02 8.045658e+01 2.198250e+02
      vertex   8.922859e+02 8.021891e+01 2.168250e+02
    endloop
  endfacet
  facet normal 8.217778e-01 5.698081e-01 -5.398306e-15
    outer loop
      vertex   8.922859e+02 8.021891e+01 2.168250e+02
      vertex   8.921211e+02 8.045658e+01 2.198250e+02
      vertex   8.922859e+02 8.021891e+01 2.198250e+02
    endloop
  endfacet
  facet normal 7.541066e-01 6.567520e-01 -6.222005e-15
    outer loop
      vertex   8.922859e+02 8.021891e+01 2.168250e+02
      vertex   8.922859e+02 8.021891e+01 2.198250e+02
      vertex   8.924759e+02 8.000082e+01 2.168250e+02
    endloop
  endfacet
  facet normal 7.541066e-01 6.567520e-01 -6.222005e-15
    outer loop
      vertex   8.924759e+02 8.000082e+01 2.168250e+02
      vertex   8.922859e+02 8.021891e+01 2.198250e+02
      vertex   8.924759e+02 8.000082e+01 2.198250e+02
    endloop
  endfacet
  facet normal 6.772816e-01 7.357239e-01 -6.970177e-15
    outer loop
      vertex   8.924759e+02 8.000082e+01 2.168250e+02
      vertex   8.924759e+02 8.000082e+01 2.198250e+02
      vertex   8.926886e+02 7.980494e+01 2.168250e+02
    endloop
  endfacet
  facet normal 6.772816e-01 7.357239e-01 -6.970177e-15
    outer loop
      vertex   8.926886e+02 7.980494e+01 2.168250e+02
      vertex   8.924759e+02 8.000082e+01 2.198250e+02
      vertex   8.926886e+02 7.980494e+01 2.198250e+02
    endloop
  endfacet
  facet normal 5.922353e-01 8.057651e-01 -7.633741e-15
    outer loop
      vertex   8.926886e+02 7.980494e+01 2.168250e+02
      vertex   8.926886e+02 7.980494e+01 2.198250e+02
      vertex   8.929217e+02 7.963366e+01 2.168250e+02
    endloop
  endfacet
  facet normal 5.922353e-01 8.057651e-01 -7.633741e-15
    outer loop
      vertex   8.929217e+02 7.963366e+01 2.168250e+02
      vertex   8.926886e+02 7.980494e+01 2.198250e+02
      vertex   8.929217e+02 7.963366e+01 2.198250e+02
    endloop
  endfacet
  facet normal 5.000000e-01 8.660254e-01 -8.204641e-15
    outer loop
      vertex   8.929217e+02 7.963366e+01 2.168250e+02
      vertex   8.929217e+02 7.963366e+01 2.198250e+02
      vertex   8.931721e+02 7.948905e+01 2.168250e+02
    endloop
  endfacet
  facet normal 5.000000e-01 8.660254e-01 -1.230696e-14
    outer loop
      vertex   8.931721e+02 7.948905e+01 2.168250e+02
      vertex   8.929217e+02 7.963366e+01 2.198250e+02
      vertex   8.931721e+02 7.948905e+01 2.198250e+02
    endloop
  endfacet
  facet normal 4.016954e-01 9.157733e-01 -1.301392e-14
    outer loop
      vertex   8.931721e+02 7.948905e+01 2.168250e+02
      vertex   8.931721e+02 7.948905e+01 2.198250e+02
      vertex   8.934370e+02 7.937288e+01 2.168250e+02
    endloop
  endfacet
  facet normal 4.016954e-01 9.157733e-01 -1.301392e-14
    outer loop
      vertex   8.934370e+02 7.937288e+01 2.168250e+02
      vertex   8.931721e+02 7.948905e+01 2.198250e+02
      vertex   8.934370e+02 7.937288e+01 2.198250e+02
    endloop
  endfacet
  facet normal 2.985148e-01 9.544050e-01 -1.356291e-14
    outer loop
      vertex   8.934370e+02 7.937288e+01 2.168250e+02
      vertex   8.934370e+02 7.937288e+01 2.198250e+02
      vertex   8.937130e+02 7.928655e+01 2.168250e+02
    endloop
  endfacet
  facet normal 2.985148e-01 9.544050e-01 -1.356291e-14
    outer loop
      vertex   8.937130e+02 7.928655e+01 2.168250e+02
      vertex   8.934370e+02 7.937288e+01 2.198250e+02
      vertex   8.937130e+02 7.928655e+01 2.198250e+02
    endloop
  endfacet
  facet normal 1.917106e-01 9.814515e-01 -1.394726e-14
    outer loop
      vertex   8.937130e+02 7.928655e+01 2.168250e+02
      vertex   8.937130e+02 7.928655e+01 2.198250e+02
      vertex   8.939969e+02 7.923110e+01 2.168250e+02
    endloop
  endfacet
  facet normal 1.917106e-01 9.814515e-01 -1.394726e-14
    outer loop
      vertex   8.939969e+02 7.923110e+01 2.168250e+02
      vertex   8.937130e+02 7.928655e+01 2.198250e+02
      vertex   8.939969e+02 7.923110e+01 2.198250e+02
    endloop
  endfacet
  facet normal 8.257935e-02 9.965845e-01 -1.416232e-14
    outer loop
      vertex   8.939969e+02 7.923110e+01 2.168250e+02
      vertex   8.939969e+02 7.923110e+01 2.198250e+02
      vertex   8.942851e+02 7.920722e+01 2.168250e+02
    endloop
  endfacet
  facet normal 8.257935e-02 9.965845e-01 -1.416232e-14
    outer loop
      vertex   8.942851e+02 7.920722e+01 2.168250e+02
      vertex   8.939969e+02 7.923110e+01 2.198250e+02
      vertex   8.942851e+02 7.920722e+01 2.198250e+02
    endloop
  endfacet
  facet normal -2.755434e-02 9.996203e-01 -1.420546e-14
    outer loop
      vertex   8.942851e+02 7.920722e+01 2.168250e+02
      vertex   8.942851e+02 7.920722e+01 2.198250e+02
      vertex   8.945742e+02 7.921519e+01 2.168250e+02
    endloop
  endfacet
  facet normal -2.755434e-02 9.996203e-01 -1.420546e-14
    outer loop
      vertex   8.945742e+02 7.921519e+01 2.168250e+02
      vertex   8.942851e+02 7.920722e+01 2.198250e+02
      vertex   8.945742e+02 7.921519e+01 2.198250e+02
    endloop
  endfacet
  facet normal -1.373536e-01 9.905221e-01 -1.407617e-14
    outer loop
      vertex   8.945742e+02 7.921519e+01 2.168250e+02
      vertex   8.945742e+02 7.921519e+01 2.198250e+02
      vertex   8.948607e+02 7.925491e+01 2.168250e+02
    endloop
  endfacet
  facet normal -1.373536e-01 9.905221e-01 -9.384110e-15
    outer loop
      vertex   8.948607e+02 7.925491e+01 2.168250e+02
      vertex   8.945742e+02 7.921519e+01 2.198250e+02
      vertex   8.948607e+02 7.925491e+01 2.198250e+02
    endloop
  endfacet
  facet normal -2.454855e-01 9.694003e-01 -9.184004e-15
    outer loop
      vertex   8.948607e+02 7.925491e+01 2.168250e+02
      vertex   8.948607e+02 7.925491e+01 2.198250e+02
      vertex   8.951410e+02 7.932591e+01 2.168250e+02
    endloop
  endfacet
  facet normal -2.454855e-01 9.694003e-01 -9.184004e-15
    outer loop
      vertex   8.951410e+02 7.932591e+01 2.168250e+02
      vertex   8.948607e+02 7.925491e+01 2.198250e+02
      vertex   8.951410e+02 7.932591e+01 2.198250e+02
    endloop
  endfacet
  facet normal -3.506376e-01 9.365112e-01 -8.872417e-15
    outer loop
      vertex   8.951410e+02 7.932591e+01 2.168250e+02
      vertex   8.951410e+02 7.932591e+01 2.198250e+02
      vertex   8.954119e+02 7.942732e+01 2.168250e+02
    endloop
  endfacet
  facet normal -3.506376e-01 9.365112e-01 -1.330863e-14
    outer loop
      vertex   8.954119e+02 7.942732e+01 2.168250e+02
      vertex   8.951410e+02 7.932591e+01 2.198250e+02
      vertex   8.954119e+02 7.942732e+01 2.198250e+02
    endloop
  endfacet
  facet normal -4.515334e-01 8.922542e-01 -1.267970e-14
    outer loop
      vertex   8.954119e+02 7.942732e+01 2.168250e+02
      vertex   8.954119e+02 7.942732e+01 2.198250e+02
      vertex   8.956699e+02 7.955790e+01 2.168250e+02
    endloop
  endfacet
  facet normal -4.515334e-01 8.922542e-01 -1.267970e-14
    outer loop
      vertex   8.956699e+02 7.955790e+01 2.168250e+02
      vertex   8.954119e+02 7.942732e+01 2.198250e+02
      vertex   8.956699e+02 7.955790e+01 2.198250e+02
    endloop
  endfacet
  facet normal -5.469482e-01 8.371665e-01 -1.189685e-14
    outer loop
      vertex   8.956699e+02 7.955790e+01 2.168250e+02
      vertex   8.956699e+02 7.955790e+01 2.198250e+02
      vertex   8.959120e+02 7.971609e+01 2.168250e+02
    endloop
  endfacet
  facet normal -5.469482e-01 8.371665e-01 -7.931234e-15
    outer loop
      vertex   8.959120e+02 7.971609e+01 2.168250e+02
      vertex   8.956699e+02 7.955790e+01 2.198250e+02
      vertex   8.959120e+02 7.971609e+01 2.198250e+02
    endloop
  endfacet
  facet normal -6.357237e-01 7.719167e-01 -7.313064e-15
    outer loop
      vertex   8.959120e+02 7.971609e+01 2.168250e+02
      vertex   8.959120e+02 7.971609e+01 2.198250e+02
      vertex   8.961353e+02 7.989995e+01 2.168250e+02
    endloop
  endfacet
  facet normal -6.357237e-01 7.719167e-01 -1.096960e-14
    outer loop
      vertex   8.961353e+02 7.989995e+01 2.168250e+02
      vertex   8.959120e+02 7.971609e+01 2.198250e+02
      vertex   8.961353e+02 7.989995e+01 2.198250e+02
    endloop
  endfacet
  facet normal -7.167825e-01 6.972968e-01 -9.909184e-15
    outer loop
      vertex   8.961353e+02 7.989995e+01 2.168250e+02
      vertex   8.961353e+02 7.989995e+01 2.198250e+02
      vertex   8.963370e+02 8.010725e+01 2.168250e+02
    endloop
  endfacet
  facet normal -7.167825e-01 6.972968e-01 -9.909184e-15
    outer loop
      vertex   8.963370e+02 8.010725e+01 2.168250e+02
      vertex   8.961353e+02 7.989995e+01 2.198250e+02
      vertex   8.963370e+02 8.010725e+01 2.198250e+02
    endloop
  endfacet
  facet normal -7.891405e-01 6.142127e-01 -8.728488e-15
    outer loop
      vertex   8.963370e+02 8.010725e+01 2.168250e+02
      vertex   8.963370e+02 8.010725e+01 2.198250e+02
      vertex   8.965146e+02 8.033548e+01 2.168250e+02
    endloop
  endfacet
  facet normal -7.891405e-01 6.142127e-01 -8.728488e-15
    outer loop
      vertex   8.965146e+02 8.033548e+01 2.168250e+02
      vertex   8.963370e+02 8.010725e+01 2.198250e+02
      vertex   8.965146e+02 8.033548e+01 2.198250e+02
    endloop
  endfacet
  facet normal -8.519194e-01 5.236729e-01 -7.441840e-15
    outer loop
      vertex   8.965146e+02 8.033548e+01 2.168250e+02
      vertex   8.965146e+02 8.033548e+01 2.198250e+02
      vertex   8.966660e+02 8.058186e+01 2.168250e+02
    endloop
  endfacet
  facet normal -8.519194e-01 5.236729e-01 -4.961226e-15
    outer loop
      vertex   8.966660e+02 8.058186e+01 2.168250e+02
      vertex   8.965146e+02 8.033548e+01 2.198250e+02
      vertex   8.966660e+02 8.058186e+01 2.198250e+02
    endloop
  endfacet
  facet normal -9.043572e-01 4.267764e-01 -4.043239e-15
    outer loop
      vertex   8.966660e+02 8.058186e+01 2.168250e+02
      vertex   8.966660e+02 8.058186e+01 2.198250e+02
      vertex   8.967895e+02 8.084341e+01 2.168250e+02
    endloop
  endfacet
  facet normal -9.043572e-01 4.267764e-01 -4.043239e-15
    outer loop
      vertex   8.967895e+02 8.084341e+01 2.168250e+02
      vertex   8.966660e+02 8.058186e+01 2.198250e+02
      vertex   8.967895e+02 8.084341e+01 2.198250e+02
    endloop
  endfacet
  facet normal -9.458172e-01 3.246995e-01 -3.076171e-15
    outer loop
      vertex   8.967895e+02 8.084341e+01 2.168250e+02
      vertex   8.967895e+02 8.084341e+01 2.198250e+02
      vertex   8.968834e+02 8.111695e+01 2.168250e+02
    endloop
  endfacet
  facet normal -9.458172e-01 3.246995e-01 -3.076171e-15
    outer loop
      vertex   8.968834e+02 8.111695e+01 2.168250e+02
      vertex   8.967895e+02 8.084341e+01 2.198250e+02
      vertex   8.968834e+02 8.111695e+01 2.198250e+02
    endloop
  endfacet
  facet normal -9.757964e-01 2.186811e-01 -2.071763e-15
    outer loop
      vertex   8.968834e+02 8.111695e+01 2.168250e+02
      vertex   8.968834e+02 8.111695e+01 2.198250e+02
      vertex   8.969466e+02 8.139916e+01 2.168250e+02
    endloop
  endfacet
  facet normal -9.757964e-01 2.186811e-01 -2.071763e-15
    outer loop
      vertex   8.969466e+02 8.139916e+01 2.168250e+02
      vertex   8.968834e+02 8.111695e+01 2.198250e+02
      vertex   8.969466e+02 8.139916e+01 2.198250e+02
    endloop
  endfacet
  facet normal -9.939307e-01 1.100082e-01 -1.042207e-15
    outer loop
      vertex   8.969466e+02 8.139916e+01 2.168250e+02
      vertex   8.969466e+02 8.139916e+01 2.198250e+02
      vertex   8.969784e+02 8.168662e+01 2.168250e+02
    endloop
  endfacet
  facet normal -9.939307e-01 1.100082e-01 -1.563311e-15
    outer loop
      vertex   8.969784e+02 8.168662e+01 2.168250e+02
      vertex   8.969466e+02 8.139916e+01 2.198250e+02
      vertex   8.969784e+02 8.168662e+01 2.198250e+02
    endloop
  endfacet
  facet normal -1.000000e+00 0.000000e+00 0.000000e+00
    outer loop
      vertex   8.969784e+02 8.168662e+01 2.168250e+02
      vertex   8.969784e+02 8.168662e+01 2.198250e+02
      vertex   8.969784e+02 8.197583e+01 2.168250e+02
    endloop
  endfacet
  facet normal -1.000000e+00 0.000000e+00 0.000000e+00
    outer loop
      vertex   8.969784e+02 8.197583e+01 2.168250e+02
      vertex   8.969784e+02 8.168662e+01 2.198250e+02
      vertex   8.969784e+02 8.197583e+01 2.198250e+02
    endloop
  endfacet
  facet normal -9.939307e-01 -1.100082e-01 1.042207e-15
    outer loop
      vertex   8.969784e+02 8.197583e+01 2.168250e+02
      vertex   8.969784e+02 8.197583e+01 2.198250e+02
      vertex   8.969466e+02 8.226328e+01 2.168250e+02
    endloop
  endfacet
  facet normal -9.939307e-01 -1.100082e-01 1.042207e-15
    outer loop
      vertex   8.969466e+02 8.226328e+01 2.168250e+02
      vertex   8.969784e+02 8.197583e+01 2.198250e+02
      vertex   8.969466e+02 8.226328e+01 2.198250e+02
    endloop
  endfacet
  facet normal -9.757964e-01 -2.186811e-01 2.071763e-15
    outer loop
      vertex   8.969466e+02 8.226328e+01 2.168250e+02
      vertex   8.969466e+02 8.226328e+01 2.198250e+02
      vertex   8.968834e+02 8.254549e+01 2.168250e+02
    endloop
  endfacet
  facet normal -9.757964e-01 -2.186811e-01 3.107645e-15
    outer loop
      vertex   8.968834e+02 8.254549e+01 2.168250e+02
      vertex   8.969466e+02 8.226328e+01 2.198250e+02
      vertex   8.968834e+02 8.254549e+01 2.198250e+02
    endloop
  endfacet
  facet normal -9.458172e-01 -3.246995e-01 4.614257e-15
    outer loop
      vertex   8.968834e+02 8.254549e+01 2.168250e+02
      vertex   8.968834e+02 8.254549e+01 2.198250e+02
      vertex   8.967895e+02 8.281903e+01 2.168250e+02
    endloop
  endfacet
  facet normal -9.458172e-01 -3.246995e-01 4.614257e-15
    outer loop
      vertex   8.967895e+02 8.281903e+01 2.168250e+02
      vertex   8.968834e+02 8.254549e+01 2.198250e+02
      vertex   8.967895e+02 8.281903e+01 2.198250e+02
    endloop
  endfacet
  facet normal -9.043572e-01 -4.267764e-01 6.064858e-15
    outer loop
      vertex   8.967895e+02 8.281903e+01 2.168250e+02
      vertex   8.967895e+02 8.281903e+01 2.198250e+02
      vertex   8.966660e+02 8.308058e+01 2.168250e+02
    endloop
  endfacet
  facet normal -9.043572e-01 -4.267764e-01 4.043239e-15
    outer loop
      vertex   8.966660e+02 8.308058e+01 2.168250e+02
      vertex   8.967895e+02 8.281903e+01 2.198250e+02
      vertex   8.966660e+02 8.308058e+01 2.198250e+02
    endloop
  endfacet
  facet normal -8.519194e-01 -5.236729e-01 4.961226e-15
    outer loop
      vertex   8.966660e+02 8.308058e+01 2.168250e+02
      vertex   8.966660e+02 8.308058e+01 2.198250e+02
      vertex   8.965146e+02 8.332697e+01 2.168250e+02
    endloop
  endfacet
  facet normal -8.519194e-01 -5.236729e-01 4.961226e-15
    outer loop
      vertex   8.965146e+02 8.332697e+01 2.168250e+02
      vertex   8.966660e+02 8.308058e+01 2.198250e+02
      vertex   8.965146e+02 8.332697e+01 2.198250e+02
    endloop
  endfacet
  facet normal -7.891405e-01 -6.142127e-01 5.818992e-15
    outer loop
      vertex   8.965146e+02 8.332697e+01 2.168250e+02
      vertex   8.965146e+02 8.332697e+01 2.198250e+02
      vertex   8.963370e+02 8.355520e+01 2.168250e+02
    endloop
  endfacet
  facet normal -7.891405e-01 -6.142127e-01 5.818992e-15
    outer loop
      vertex   8.963370e+02 8.355520e+01 2.168250e+02
      vertex   8.965146e+02 8.332697e+01 2.198250e+02
      vertex   8.963370e+02 8.355520e+01 2.198250e+02
    endloop
  endfacet
  facet normal -7.167825e-01 -6.972968e-01 6.606122e-15
    outer loop
      vertex   8.963370e+02 8.355520e+01 2.168250e+02
      vertex   8.963370e+02 8.355520e+01 2.198250e+02
      vertex   8.961353e+02 8.376250e+01 2.168250e+02
    endloop
  endfacet
  facet normal -7.167825e-01 -6.972968e-01 9.909184e-15
    outer loop
      vertex   8.961353e+02 8.376250e+01 2.168250e+02
      vertex   8.963370e+02 8.355520e+01 2.198250e+02
      vertex   8.961353e+02 8.376250e+01 2.198250e+02
    endloop
  endfacet
  facet normal -6.357237e-01 -7.719167e-01 1.096960e-14
    outer loop
      vertex   8.961353e+02 8.376250e+01 2.168250e+02
      vertex   8.961353e+02 8.376250e+01 2.198250e+02
      vertex   8.959120e+02 8.394635e+01 2.168250e+02
    endloop
  endfacet
  facet normal -6.357237e-01 -7.719167e-01 1.096960e-14
    outer loop
      vertex   8.959120e+02 8.394635e+01 2.168250e+02
      vertex   8.961353e+02 8.376250e+01 2.198250e+02
      vertex   8.959120e+02 8.394635e+01 2.198250e+02
    endloop
  endfacet
  facet normal -5.469482e-01 -8.371665e-01 1.189685e-14
    outer loop
      vertex   8.959120e+02 8.394635e+01 2.168250e+02
      vertex   8.959120e+02 8.394635e+01 2.198250e+02
      vertex   8.956699e+02 8.410454e+01 2.168250e+02
    endloop
  endfacet
  facet normal -5.469482e-01 -8.371665e-01 1.189685e-14
    outer loop
      vertex   8.956699e+02 8.410454e+01 2.168250e+02
      vertex   8.959120e+02 8.394635e+01 2.198250e+02
      vertex   8.956699e+02 8.410454e+01 2.198250e+02
    endloop
  endfacet
  facet normal -4.515334e-01 -8.922542e-01 1.267970e-14
    outer loop
      vertex   8.956699e+02 8.410454e+01 2.168250e+02
      vertex   8.956699e+02 8.410454e+01 2.198250e+02
      vertex   8.954119e+02 8.423513e+01 2.168250e+02
    endloop
  endfacet
  facet normal -4.515334e-01 -8.922542e-01 8.453130e-15
    outer loop
      vertex   8.954119e+02 8.423513e+01 2.168250e+02
      vertex   8.956699e+02 8.410454e+01 2.198250e+02
      vertex   8.954119e+02 8.423513e+01 2.198250e+02
    endloop
  endfacet
  facet normal -3.506376e-01 -9.365112e-01 8.872417e-15
    outer loop
      vertex   8.954119e+02 8.423513e+01 2.168250e+02
      vertex   8.954119e+02 8.423513e+01 2.198250e+02
      vertex   8.951410e+02 8.433653e+01 2.168250e+02
    endloop
  endfacet
  facet normal -3.506376e-01 -9.365112e-01 1.330863e-14
    outer loop
      vertex   8.951410e+02 8.433653e+01 2.168250e+02
      vertex   8.954119e+02 8.423513e+01 2.198250e+02
      vertex   8.951410e+02 8.433653e+01 2.198250e+02
    endloop
  endfacet
  facet normal -2.454855e-01 -9.694003e-01 1.377601e-14
    outer loop
      vertex   8.951410e+02 8.433653e+01 2.168250e+02
      vertex   8.951410e+02 8.433653e+01 2.198250e+02
      vertex   8.948607e+02 8.440753e+01 2.168250e+02
    endloop
  endfacet
  facet normal -2.454855e-01 -9.694003e-01 1.377601e-14
    outer loop
      vertex   8.948607e+02 8.440753e+01 2.168250e+02
      vertex   8.951410e+02 8.433653e+01 2.198250e+02
      vertex   8.948607e+02 8.440753e+01 2.198250e+02
    endloop
  endfacet
  facet normal -1.373536e-01 -9.905221e-01 1.407617e-14
    outer loop
      vertex   8.948607e+02 8.440753e+01 2.168250e+02
      vertex   8.948607e+02 8.440753e+01 2.198250e+02
      vertex   8.945742e+02 8.444726e+01 2.168250e+02
    endloop
  endfacet
  facet normal -1.373536e-01 -9.905221e-01 9.384110e-15
    outer loop
      vertex   8.945742e+02 8.444726e+01 2.168250e+02
      vertex   8.948607e+02 8.440753e+01 2.198250e+02
      vertex   8.945742e+02 8.444726e+01 2.198250e+02
    endloop
  endfacet
  facet normal -2.755434e-02 -9.996203e-01 9.470306e-15
    outer loop
      vertex   8.945742e+02 8.444726e+01 2.168250e+02
      vertex   8.945742e+02 8.444726e+01 2.198250e+02
      vertex   8.942851e+02 8.445522e+01 2.168250e+02
    endloop
  endfacet
  facet normal -2.755434e-02 -9.996203e-01 9.470306e-15
    outer loop
      vertex   8.942851e+02 8.445522e+01 2.168250e+02
      vertex   8.945742e+02 8.444726e+01 2.198250e+02
      vertex   8.942851e+02 8.445522e+01 2.198250e+02
    endloop
  endfacet
  facet normal 8.257935e-02 -9.965845e-01 9.441545e-15
    outer loop
      vertex   8.942851e+02 8.445522e+01 2.168250e+02
      vertex   8.942851e+02 8.445522e+01 2.198250e+02
      vertex   8.939969e+02 8.443134e+01 2.168250e+02
    endloop
  endfacet
  facet normal 8.257935e-02 -9.965845e-01 9.441545e-15
    outer loop
      vertex   8.939969e+02 8.443134e+01 2.168250e+02
      vertex   8.942851e+02 8.445522e+01 2.198250e+02
      vertex   8.939969e+02 8.443134e+01 2.198250e+02
    endloop
  endfacet
  facet normal 1.917106e-01 -9.814515e-01 9.298176e-15
    outer loop
      vertex   8.939969e+02 8.443134e+01 2.168250e+02
      vertex   8.939969e+02 8.443134e+01 2.198250e+02
      vertex   8.937130e+02 8.437590e+01 2.168250e+02
    endloop
  endfacet
  facet normal 1.917106e-01 -9.814515e-01 9.298176e-15
    outer loop
      vertex   8.937130e+02 8.437590e+01 2.168250e+02
      vertex   8.939969e+02 8.443134e+01 2.198250e+02
      vertex   8.937130e+02 8.437590e+01 2.198250e+02
    endloop
  endfacet
  facet normal 2.985148e-01 -9.544050e-01 9.041941e-15
    outer loop
      vertex   8.937130e+02 8.437590e+01 2.168250e+02
      vertex   8.937130e+02 8.437590e+01 2.198250e+02
      vertex   8.934370e+02 8.428956e+01 2.168250e+02
    endloop
  endfacet
  facet normal 2.985148e-01 -9.544050e-01 1.356291e-14
    outer loop
      vertex   8.934370e+02 8.428956e+01 2.168250e+02
      vertex   8.937130e+02 8.437590e+01 2.198250e+02
      vertex   8.934370e+02 8.428956e+01 2.198250e+02
    endloop
  endfacet
  facet normal 4.016954e-01 -9.157733e-01 1.301392e-14
    outer loop
      vertex   8.934370e+02 8.428956e+01 2.168250e+02
      vertex   8.934370e+02 8.428956e+01 2.198250e+02
      vertex   8.931721e+02 8.417339e+01 2.168250e+02
    endloop
  endfacet
  facet normal 4.016954e-01 -9.157733e-01 8.675948e-15
    outer loop
      vertex   8.931721e+02 8.417339e+01 2.168250e+02
      vertex   8.934370e+02 8.428956e+01 2.198250e+02
      vertex   8.931721e+02 8.417339e+01 2.198250e+02
    endloop
  endfacet
  facet normal 5.000000e-01 -8.660254e-01 8.204641e-15
    outer loop
      vertex   8.931721e+02 8.417339e+01 2.168250e+02
      vertex   8.931721e+02 8.417339e+01 2.198250e+02
      vertex   8.929217e+02 8.402878e+01 2.168250e+02
    endloop
  endfacet
  facet normal 5.000000e-01 -8.660254e-01 8.204641e-15
    outer loop
      vertex   8.929217e+02 8.402878e+01 2.168250e+02
      vertex   8.931721e+02 8.417339e+01 2.198250e+02
      vertex   8.929217e+02 8.402878e+01 2.198250e+02
    endloop
  endfacet
  facet normal 5.922353e-01 -8.057651e-01 7.633741e-15
    outer loop
      vertex   8.929217e+02 8.402878e+01 2.168250e+02
      vertex   8.929217e+02 8.402878e+01 2.198250e+02
      vertex   8.926886e+02 8.385750e+01 2.168250e+02
    endloop
  endfacet
  facet normal 5.922353e-01 -8.057651e-01 7.633741e-15
    outer loop
      vertex   8.926886e+02 8.385750e+01 2.168250e+02
      vertex   8.929217e+02 8.402878e+01 2.198250e+02
      vertex   8.926886e+02 8.385750e+01 2.198250e+02
    endloop
  endfacet
  facet normal 6.772816e-01 -7.357239e-01 6.970177e-15
    outer loop
      vertex   8.926886e+02 8.385750e+01 2.168250e+02
      vertex   8.926886e+02 8.385750e+01 2.198250e+02
      vertex   8.924759e+02 8.366163e+01 2.168250e+02
    endloop
  endfacet
  facet normal 6.772816e-01 -7.357239e-01 1.045527e-14
    outer loop
      vertex   8.924759e+02 8.366163e+01 2.168250e+02
      vertex   8.926886e+02 8.385750e+01 2.198250e+02
      vertex   8.924759e+02 8.366163e+01 2.198250e+02
    endloop
  endfacet
  facet normal 7.541066e-01 -6.567520e-01 9.333008e-15
    outer loop
      vertex   8.924759e+02 8.366163e+01 2.168250e+02
      vertex   8.924759e+02 8.366163e+01 2.198250e+02
      vertex   8.922859e+02 8.344353e+01 2.168250e+02
    endloop
  endfacet
  facet normal 7.541066e-01 -6.567520e-01 6.222005e-15
    outer loop
      vertex   8.922859e+02 8.344353e+01 2.168250e+02
      vertex   8.924759e+02 8.366163e+01 2.198250e+02
      vertex   8.922859e+02 8.344353e+01 2.198250e+02
    endloop
  endfacet
  facet normal 8.217778e-01 -5.698081e-01 5.398306e-15
    outer loop
      vertex   8.922859e+02 8.344353e+01 2.168250e+02
      vertex   8.922859e+02 8.344353e+01 2.198250e+02
      vertex   8.921211e+02 8.320586e+01 2.168250e+02
    endloop
  endfacet
  facet normal 8.217778e-01 -5.698081e-01 5.398306e-15
    outer loop
      vertex   8.921211e+02 8.320586e+01 2.168250e+02
      vertex   8.922859e+02 8.344353e+01 2.198250e+02
      vertex   8.921211e+02 8.320586e+01 2.198250e+02
    endloop
  endfacet
  facet normal 8.794738e-01 -4.759474e-01 4.509080e-15
    outer loop
      vertex   8.921211e+02 8.320586e+01 2.168250e+02
      vertex   8.921211e+02 8.320586e+01 2.198250e+02
      vertex   8.919835e+02 8.295151e+01 2.168250e+02
    endloop
  endfacet
  facet normal 8.794738e-01 -4.759474e-01 4.509080e-15
    outer loop
      vertex   8.919835e+02 8.295151e+01 2.168250e+02
      vertex   8.921211e+02 8.320586e+01 2.198250e+02
      vertex   8.919835e+02 8.295151e+01 2.198250e+02
    endloop
  endfacet
  facet normal 9.264941e-01 -3.763094e-01 3.565119e-15
    outer loop
      vertex   8.919835e+02 8.295151e+01 2.168250e+02
      vertex   8.919835e+02 8.295151e+01 2.198250e+02
      vertex   8.918747e+02 8.268356e+01 2.168250e+02
    endloop
  endfacet
  facet normal 9.264941e-01 -3.763094e-01 5.347678e-15
    outer loop
      vertex   8.918747e+02 8.268356e+01 2.168250e+02
      vertex   8.919835e+02 8.295151e+01 2.198250e+02
      vertex   8.918747e+02 8.268356e+01 2.198250e+02
    endloop
  endfacet
  facet normal 9.622680e-01 -2.721035e-01 3.866823e-15
    outer loop
      vertex   8.918747e+02 8.268356e+01 2.168250e+02
      vertex   8.918747e+02 8.268356e+01 2.198250e+02
      vertex   8.917960e+02 8.240526e+01 2.168250e+02
    endloop
  endfacet
  facet normal 9.622680e-01 -2.721035e-01 2.577882e-15
    outer loop
      vertex   8.917960e+02 8.240526e+01 2.168250e+02
      vertex   8.918747e+02 8.268356e+01 2.198250e+02
      vertex   8.917960e+02 8.240526e+01 2.198250e+02
    endloop
  endfacet
  facet normal 9.863613e-01 -1.645946e-01 1.559353e-15
    outer loop
      vertex   8.917960e+02 8.240526e+01 2.168250e+02
      vertex   8.917960e+02 8.240526e+01 2.198250e+02
      vertex   8.917484e+02 8.211999e+01 2.168250e+02
    endloop
  endfacet
  facet normal 9.863613e-01 -1.645946e-01 1.559353e-15
    outer loop
      vertex   8.917484e+02 8.211999e+01 2.168250e+02
      vertex   8.917960e+02 8.240526e+01 2.198250e+02
      vertex   8.917484e+02 8.211999e+01 2.198250e+02
    endloop
  endfacet
  facet normal -4.906767e-02 -9.987955e-01 9.462491e-15
    outer loop
      vertex   8.451874e+02 7.680122e+01 2.168250e+02
      vertex   8.451874e+02 7.680122e+01 2.198250e+02
      vertex   8.448934e+02 7.681567e+01 2.168250e+02
    endloop
  endfacet
  facet normal -4.906767e-02 -9.987955e-01 9.462491e-15
    outer loop
      vertex   8.448934e+02 7.681567e+01 2.168250e+02
      vertex   8.451874e+02 7.680122e+01 2.198250e+02
      vertex   8.448934e+02 7.681567e+01 2.198250e+02
    endloop
  endfacet
  facet normal -1.467305e-01 -9.891765e-01 9.371362e-15
    outer loop
      vertex   8.448934e+02 7.681567e+01 2.168250e+02
      vertex   8.448934e+02 7.681567e+01 2.198250e+02
      vertex   8.446022e+02 7.685887e+01 2.168250e+02
    endloop
  endfacet
  facet normal -1.467305e-01 -9.891765e-01 1.405704e-14
    outer loop
      vertex   8.446022e+02 7.685887e+01 2.168250e+02
      vertex   8.448934e+02 7.681567e+01 2.198250e+02
      vertex   8.446022e+02 7.685887e+01 2.198250e+02
    endloop
  endfacet
  facet normal -2.429802e-01 -9.700313e-01 1.378497e-14
    outer loop
      vertex   8.446022e+02 7.685887e+01 2.168250e+02
      vertex   8.446022e+02 7.685887e+01 2.198250e+02
      vertex   8.443166e+02 7.693040e+01 2.168250e+02
    endloop
  endfacet
  facet normal -2.429802e-01 -9.700313e-01 1.378497e-14
    outer loop
      vertex   8.443166e+02 7.693040e+01 2.168250e+02
      vertex   8.446022e+02 7.685887e+01 2.198250e+02
      vertex   8.443166e+02 7.693040e+01 2.198250e+02
    endloop
  endfacet
  facet normal -3.368899e-01 -9.415441e-01 1.338015e-14
    outer loop
      vertex   8.443166e+02 7.693040e+01 2.168250e+02
      vertex   8.443166e+02 7.693040e+01 2.198250e+02
      vertex   8.440394e+02 7.702958e+01 2.168250e+02
    endloop
  endfacet
  facet normal -3.368899e-01 -9.415441e-01 8.920097e-15
    outer loop
      vertex   8.440394e+02 7.702958e+01 2.168250e+02
      vertex   8.443166e+02 7.693040e+01 2.198250e+02
      vertex   8.440394e+02 7.702958e+01 2.198250e+02
    endloop
  endfacet
  facet normal -4.275551e-01 -9.039893e-01 8.564307e-15
    outer loop
      vertex   8.440394e+02 7.702958e+01 2.168250e+02
      vertex   8.440394e+02 7.702958e+01 2.198250e+02
      vertex   8.437732e+02 7.715546e+01 2.168250e+02
    endloop
  endfacet
  facet normal -4.275551e-01 -9.039893e-01 1.284646e-14
    outer loop
      vertex   8.437732e+02 7.715546e+01 2.168250e+02
      vertex   8.440394e+02 7.702958e+01 2.198250e+02
      vertex   8.437732e+02 7.715546e+01 2.198250e+02
    endloop
  endfacet
  facet normal -5.141027e-01 -8.577286e-01 1.218906e-14
    outer loop
      vertex   8.437732e+02 7.715546e+01 2.168250e+02
      vertex   8.437732e+02 7.715546e+01 2.198250e+02
      vertex   8.435207e+02 7.730681e+01 2.168250e+02
    endloop
  endfacet
  facet normal -5.141027e-01 -8.577286e-01 8.126038e-15
    outer loop
      vertex   8.435207e+02 7.730681e+01 2.168250e+02
      vertex   8.437732e+02 7.715546e+01 2.198250e+02
      vertex   8.435207e+02 7.730681e+01 2.198250e+02
    endloop
  endfacet
  facet normal -5.956993e-01 -8.032075e-01 7.609510e-15
    outer loop
      vertex   8.435207e+02 7.730681e+01 2.168250e+02
      vertex   8.435207e+02 7.730681e+01 2.198250e+02
      vertex   8.432842e+02 7.748219e+01 2.168250e+02
    endloop
  endfacet
  facet normal -5.956993e-01 -8.032075e-01 7.609510e-15
    outer loop
      vertex   8.432842e+02 7.748219e+01 2.168250e+02
      vertex   8.435207e+02 7.730681e+01 2.198250e+02
      vertex   8.432842e+02 7.748219e+01 2.198250e+02
    endloop
  endfacet
  facet normal -6.715590e-01 -7.409511e-01 7.019699e-15
    outer loop
      vertex   8.432842e+02 7.748219e+01 2.168250e+02
      vertex   8.432842e+02 7.748219e+01 2.198250e+02
      vertex   8.430661e+02 7.767990e+01 2.168250e+02
    endloop
  endfacet
  facet normal -6.715590e-01 -7.409511e-01 7.019699e-15
    outer loop
      vertex   8.430661e+02 7.767990e+01 2.168250e+02
      vertex   8.432842e+02 7.748219e+01 2.198250e+02
      vertex   8.430661e+02 7.767990e+01 2.198250e+02
    endloop
  endfacet
  facet normal -7.409511e-01 -6.715590e-01 6.362284e-15
    outer loop
      vertex   8.430661e+02 7.767990e+01 2.168250e+02
      vertex   8.430661e+02 7.767990e+01 2.198250e+02
      vertex   8.428684e+02 7.789804e+01 2.168250e+02
    endloop
  endfacet
  facet normal -7.409511e-01 -6.715590e-01 9.543427e-15
    outer loop
      vertex   8.428684e+02 7.789804e+01 2.168250e+02
      vertex   8.430661e+02 7.767990e+01 2.198250e+02
      vertex   8.428684e+02 7.789804e+01 2.198250e+02
    endloop
  endfacet
  facet normal -8.032075e-01 -5.956993e-01 8.465396e-15
    outer loop
      vertex   8.428684e+02 7.789804e+01 2.168250e+02
      vertex   8.428684e+02 7.789804e+01 2.198250e+02
      vertex   8.426930e+02 7.813451e+01 2.168250e+02
    endloop
  endfacet
  facet normal -8.032075e-01 -5.956993e-01 5.643598e-15
    outer loop
      vertex   8.426930e+02 7.813451e+01 2.168250e+02
      vertex   8.428684e+02 7.789804e+01 2.198250e+02
      vertex   8.426930e+02 7.813451e+01 2.198250e+02
    endloop
  endfacet
  facet normal -8.577286e-01 -5.141027e-01 4.870560e-15
    outer loop
      vertex   8.426930e+02 7.813451e+01 2.168250e+02
      vertex   8.426930e+02 7.813451e+01 2.198250e+02
      vertex   8.425417e+02 7.838703e+01 2.168250e+02
    endloop
  endfacet
  facet normal -8.577286e-01 -5.141027e-01 4.870560e-15
    outer loop
      vertex   8.425417e+02 7.838703e+01 2.168250e+02
      vertex   8.426930e+02 7.813451e+01 2.198250e+02
      vertex   8.425417e+02 7.838703e+01 2.198250e+02
    endloop
  endfacet
  facet normal -9.039893e-01 -4.275551e-01 4.050616e-15
    outer loop
      vertex   8.425417e+02 7.838703e+01 2.168250e+02
      vertex   8.425417e+02 7.838703e+01 2.198250e+02
      vertex   8.424158e+02 7.865317e+01 2.168250e+02
    endloop
  endfacet
  facet normal -9.039893e-01 -4.275551e-01 6.075923e-15
    outer loop
      vertex   8.424158e+02 7.865317e+01 2.168250e+02
      vertex   8.425417e+02 7.838703e+01 2.198250e+02
      vertex   8.424158e+02 7.865317e+01 2.198250e+02
    endloop
  endfacet
  facet normal -9.415441e-01 -3.368899e-01 4.787493e-15
    outer loop
      vertex   8.424158e+02 7.865317e+01 2.168250e+02
      vertex   8.424158e+02 7.865317e+01 2.198250e+02
      vertex   8.423166e+02 7.893037e+01 2.168250e+02
    endloop
  endfacet
  facet normal -9.415441e-01 -3.368899e-01 3.191662e-15
    outer loop
      vertex   8.423166e+02 7.893037e+01 2.168250e+02
      vertex   8.424158e+02 7.865317e+01 2.198250e+02
      vertex   8.423166e+02 7.893037e+01 2.198250e+02
    endloop
  endfacet
  facet normal -9.700313e-01 -2.429802e-01 2.301971e-15
    outer loop
      vertex   8.423166e+02 7.893037e+01 2.168250e+02
      vertex   8.423166e+02 7.893037e+01 2.198250e+02
      vertex   8.422451e+02 7.921595e+01 2.168250e+02
    endloop
  endfacet
  facet normal -9.700313e-01 -2.429802e-01 3.452956e-15
    outer loop
      vertex   8.422451e+02 7.921595e+01 2.168250e+02
      vertex   8.423166e+02 7.893037e+01 2.198250e+02
      vertex   8.422451e+02 7.921595e+01 2.198250e+02
    endloop
  endfacet
  facet normal -9.891765e-01 -1.467305e-01 2.085165e-15
    outer loop
      vertex   8.422451e+02 7.921595e+01 2.168250e+02
      vertex   8.422451e+02 7.921595e+01 2.198250e+02
      vertex   8.422019e+02 7.950717e+01 2.168250e+02
    endloop
  endfacet
  facet normal -9.891765e-01 -1.467305e-01 1.390110e-15
    outer loop
      vertex   8.422019e+02 7.950717e+01 2.168250e+02
      vertex   8.422451e+02 7.921595e+01 2.198250e+02
      vertex   8.422019e+02 7.950717e+01 2.198250e+02
    endloop
  endfacet
  facet normal -9.987955e-01 -4.906767e-02 4.648624e-16
    outer loop
      vertex   8.422019e+02 7.950717e+01 2.168250e+02
      vertex   8.422019e+02 7.950717e+01 2.198250e+02
      vertex   8.421874e+02 7.980122e+01 2.168250e+02
    endloop
  endfacet
  facet normal -9.987955e-01 -4.906767e-02 4.648624e-16
    outer loop
      vertex   8.421874e+02 7.980122e+01 2.168250e+02
      vertex   8.422019e+02 7.950717e+01 2.198250e+02
      vertex   8.421874e+02 7.980122e+01 2.198250e+02
    endloop
  endfacet
  facet normal 8.548717e-14 -1.000000e+00 1.421085e-14
    outer loop
      vertex   8.963874e+02 7.680122e+01 2.198250e+02
      vertex   8.451874e+02 7.680122e+01 2.198250e+02
      vertex   8.963874e+02 7.680122e+01 2.168250e+02
    endloop
  endfacet
  facet normal 8.520962e-14 -1.000000e+00 9.473903e-15
    outer loop
      vertex   8.963874e+02 7.680122e+01 2.168250e+02
      vertex   8.451874e+02 7.680122e+01 2.198250e+02
      vertex   8.451874e+02 7.680122e+01 2.168250e+02
    endloop
  endfacet
  facet normal 9.987955e-01 -4.906767e-02 6.972936e-16
    outer loop
      vertex   8.993874e+02 7.980122e+01 2.168250e+02
      vertex   8.993874e+02 7.980122e+01 2.198250e+02
      vertex   8.993730e+02 7.950717e+01 2.168250e+02
    endloop
  endfacet
  facet normal 9.987955e-01 -4.906767e-02 6.972936e-16
    outer loop
      vertex   8.993730e+02 7.950717e+01 2.168250e+02
      vertex   8.993874e+02 7.980122e+01 2.198250e+02
      vertex   8.993730e+02 7.950717e+01 2.198250e+02
    endloop
  endfacet
  facet normal 9.891765e-01 -1.467305e-01 2.085165e-15
    outer loop
      vertex   8.993730e+02 7.950717e+01 2.168250e+02
      vertex   8.993730e+02 7.950717e+01 2.198250e+02
      vertex   8.993298e+02 7.921595e+01 2.168250e+02
    endloop
  endfacet
  facet normal 9.891765e-01 -1.467305e-01 1.390110e-15
    outer loop
      vertex   8.993298e+02 7.921595e+01 2.168250e+02
      vertex   8.993730e+02 7.950717e+01 2.198250e+02
      vertex   8.993298e+02 7.921595e+01 2.198250e+02
    endloop
  endfacet
  facet normal 9.700313e-01 -2.429802e-01 2.301971e-15
    outer loop
      vertex   8.993298e+02 7.921595e+01 2.168250e+02
      vertex   8.993298e+02 7.921595e+01 2.198250e+02
      vertex   8.992582e+02 7.893037e+01 2.168250e+02
    endloop
  endfacet
  facet normal 9.700313e-01 -2.429802e-01 2.301971e-15
    outer loop
      vertex   8.992582e+02 7.893037e+01 2.168250e+02
      vertex   8.993298e+02 7.921595e+01 2.198250e+02
      vertex   8.992582e+02 7.893037e+01 2.198250e+02
    endloop
  endfacet
  facet normal 9.415441e-01 -3.368899e-01 3.191662e-15
    outer loop
      vertex   8.992582e+02 7.893037e+01 2.168250e+02
      vertex   8.992582e+02 7.893037e+01 2.198250e+02
      vertex   8.991591e+02 7.865317e+01 2.168250e+02
    endloop
  endfacet
  facet normal 9.415441e-01 -3.368899e-01 4.787493e-15
    outer loop
      vertex   8.991591e+02 7.865317e+01 2.168250e+02
      vertex   8.992582e+02 7.893037e+01 2.198250e+02
      vertex   8.991591e+02 7.865317e+01 2.198250e+02
    endloop
  endfacet
  facet normal 9.039893e-01 -4.275551e-01 6.075923e-15
    outer loop
      vertex   8.991591e+02 7.865317e+01 2.168250e+02
      vertex   8.991591e+02 7.865317e+01 2.198250e+02
      vertex   8.990332e+02 7.838703e+01 2.168250e+02
    endloop
  endfacet
  facet normal 9.039893e-01 -4.275551e-01 4.050616e-15
    outer loop
      vertex   8.990332e+02 7.838703e+01 2.168250e+02
      vertex   8.991591e+02 7.865317e+01 2.198250e+02
      vertex   8.990332e+02 7.838703e+01 2.198250e+02
    endloop
  endfacet
  facet normal 8.577286e-01 -5.141027e-01 4.870560e-15
    outer loop
      vertex   8.990332e+02 7.838703e+01 2.168250e+02
      vertex   8.990332e+02 7.838703e+01 2.198250e+02
      vertex   8.988818e+02 7.813451e+01 2.168250e+02
    endloop
  endfacet
  facet normal 8.577286e-01 -5.141027e-01 7.305839e-15
    outer loop
      vertex   8.988818e+02 7.813451e+01 2.168250e+02
      vertex   8.990332e+02 7.838703e+01 2.198250e+02
      vertex   8.988818e+02 7.813451e+01 2.198250e+02
    endloop
  endfacet
  facet normal 8.032075e-01 -5.956993e-01 8.465396e-15
    outer loop
      vertex   8.988818e+02 7.813451e+01 2.168250e+02
      vertex   8.988818e+02 7.813451e+01 2.198250e+02
      vertex   8.987065e+02 7.789804e+01 2.168250e+02
    endloop
  endfacet
  facet normal 8.032075e-01 -5.956993e-01 5.643598e-15
    outer loop
      vertex   8.987065e+02 7.789804e+01 2.168250e+02
      vertex   8.988818e+02 7.813451e+01 2.198250e+02
      vertex   8.987065e+02 7.789804e+01 2.198250e+02
    endloop
  endfacet
  facet normal 7.409511e-01 -6.715590e-01 6.362284e-15
    outer loop
      vertex   8.987065e+02 7.789804e+01 2.168250e+02
      vertex   8.987065e+02 7.789804e+01 2.198250e+02
      vertex   8.985087e+02 7.767990e+01 2.168250e+02
    endloop
  endfacet
  facet normal 7.409511e-01 -6.715590e-01 6.362284e-15
    outer loop
      vertex   8.985087e+02 7.767990e+01 2.168250e+02
      vertex   8.987065e+02 7.789804e+01 2.198250e+02
      vertex   8.985087e+02 7.767990e+01 2.198250e+02
    endloop
  endfacet
  facet normal 6.715590e-01 -7.409511e-01 7.019699e-15
    outer loop
      vertex   8.985087e+02 7.767990e+01 2.168250e+02
      vertex   8.985087e+02 7.767990e+01 2.198250e+02
      vertex   8.982906e+02 7.748219e+01 2.168250e+02
    endloop
  endfacet
  facet normal 6.715590e-01 -7.409511e-01 1.052955e-14
    outer loop
      vertex   8.982906e+02 7.748219e+01 2.168250e+02
      vertex   8.985087e+02 7.767990e+01 2.198250e+02
      vertex   8.982906e+02 7.748219e+01 2.198250e+02
    endloop
  endfacet
  facet normal 5.956993e-01 -8.032075e-01 1.141427e-14
    outer loop
      vertex   8.982906e+02 7.748219e+01 2.168250e+02
      vertex   8.982906e+02 7.748219e+01 2.198250e+02
      vertex   8.980541e+02 7.730681e+01 2.168250e+02
    endloop
  endfacet
  facet normal 5.956993e-01 -8.032075e-01 1.141427e-14
    outer loop
      vertex   8.980541e+02 7.730681e+01 2.168250e+02
      vertex   8.982906e+02 7.748219e+01 2.198250e+02
      vertex   8.980541e+02 7.730681e+01 2.198250e+02
    endloop
  endfacet
  facet normal 5.141027e-01 -8.577286e-01 1.218906e-14
    outer loop
      vertex   8.980541e+02 7.730681e+01 2.168250e+02
      vertex   8.980541e+02 7.730681e+01 2.198250e+02
      vertex   8.978016e+02 7.715546e+01 2.168250e+02
    endloop
  endfacet
  facet normal 5.141027e-01 -8.577286e-01 1.218906e-14
    outer loop
      vertex   8.978016e+02 7.715546e+01 2.168250e+02
      vertex   8.980541e+02 7.730681e+01 2.198250e+02
      vertex   8.978016e+02 7.715546e+01 2.198250e+02
    endloop
  endfacet
  facet normal 4.275551e-01 -9.039893e-01 1.284646e-14
    outer loop
      vertex   8.978016e+02 7.715546e+01 2.168250e+02
      vertex   8.978016e+02 7.715546e+01 2.198250e+02
      vertex   8.975355e+02 7.702958e+01 2.168250e+02
    endloop
  endfacet
  facet normal 4.275551e-01 -9.039893e-01 1.284646e-14
    outer loop
      vertex   8.975355e+02 7.702958e+01 2.168250e+02
      vertex   8.978016e+02 7.715546e+01 2.198250e+02
      vertex   8.975355e+02 7.702958e+01 2.198250e+02
    endloop
  endfacet
  facet normal 3.368899e-01 -9.415441e-01 1.338015e-14
    outer loop
      vertex   8.975355e+02 7.702958e+01 2.168250e+02
      vertex   8.975355e+02 7.702958e+01 2.198250e+02
      vertex   8.972583e+02 7.693040e+01 2.168250e+02
    endloop
  endfacet
  facet normal 3.368899e-01 -9.415441e-01 8.920097e-15
    outer loop
      vertex   8.972583e+02 7.693040e+01 2.168250e+02
      vertex   8.975355e+02 7.702958e+01 2.198250e+02
      vertex   8.972583e+02 7.693040e+01 2.198250e+02
    endloop
  endfacet
  facet normal 2.429802e-01 -9.700313e-01 9.189982e-15
    outer loop
      vertex   8.972583e+02 7.693040e+01 2.168250e+02
      vertex   8.972583e+02 7.693040e+01 2.198250e+02
      vertex   8.969727e+02 7.685887e+01 2.168250e+02
    endloop
  endfacet
  facet normal 2.429802e-01 -9.700313e-01 9.189982e-15
    outer loop
      vertex   8.969727e+02 7.685887e+01 2.168250e+02
      vertex   8.972583e+02 7.693040e+01 2.198250e+02
      vertex   8.969727e+02 7.685887e+01 2.198250e+02
    endloop
  endfacet
  facet normal 1.467305e-01 -9.891765e-01 9.371362e-15
    outer loop
      vertex   8.969727e+02 7.685887e+01 2.168250e+02
      vertex   8.969727e+02 7.685887e+01 2.198250e+02
      vertex   8.966815e+02 7.681567e+01 2.168250e+02
    endloop
  endfacet
  facet normal 1.467305e-01 -9.891765e-01 9.371362e-15
    outer loop
      vertex   8.966815e+02 7.681567e+01 2.168250e+02
      vertex   8.969727e+02 7.685887e+01 2.198250e+02
      vertex   8.966815e+02 7.681567e+01 2.198250e+02
    endloop
  endfacet
  facet normal 4.906767e-02 -9.987955e-01 9.462491e-15
    outer loop
      vertex   8.966815e+02 7.681567e+01 2.168250e+02
      vertex   8.966815e+02 7.681567e+01 2.198250e+02
      vertex   8.963874e+02 7.680122e+01 2.168250e+02
    endloop
  endfacet
  facet normal 4.906767e-02 -9.987955e-01 1.419374e-14
    outer loop
      vertex   8.963874e+02 7.680122e+01 2.168250e+02
      vertex   8.966815e+02 7.681567e+01 2.198250e+02
      vertex   8.963874e+02 7.680122e+01 2.198250e+02
    endloop
  endfacet
  facet normal 1.000000e+00 9.103829e-14 -8.624879e-28
    outer loop
      vertex   8.993874e+02 1.310012e+02 2.198250e+02
      vertex   8.993874e+02 7.980122e+01 2.198250e+02
      vertex   8.993874e+02 1.310012e+02 2.168250e+02
    endloop
  endfacet
  facet normal 1.000000e+00 9.103829e-14 -1.346323e-27
    outer loop
      vertex   8.993874e+02 1.310012e+02 2.168250e+02
      vertex   8.993874e+02 7.980122e+01 2.198250e+02
      vertex   8.993874e+02 7.980122e+01 2.168250e+02
    endloop
  endfacet
  facet normal 4.906767e-02 9.987955e-01 -1.892498e-14
    outer loop
      vertex   8.963874e+02 1.340012e+02 2.168250e+02
      vertex   8.963874e+02 1.340012e+02 2.198250e+02
      vertex   8.966815e+02 1.339868e+02 2.168250e+02
    endloop
  endfacet
  facet normal 4.906767e-02 9.987955e-01 -9.462491e-15
    outer loop
      vertex   8.966815e+02 1.339868e+02 2.168250e+02
      vertex   8.963874e+02 1.340012e+02 2.198250e+02
      vertex   8.966815e+02 1.339868e+02 2.198250e+02
    endloop
  endfacet
  facet normal 1.467305e-01 9.891765e-01 -9.371362e-15
    outer loop
      vertex   8.966815e+02 1.339868e+02 2.168250e+02
      vertex   8.966815e+02 1.339868e+02 2.198250e+02
      vertex   8.969727e+02 1.339436e+02 2.168250e+02
    endloop
  endfacet
  facet normal 1.467305e-01 9.891765e-01 -9.371362e-15
    outer loop
      vertex   8.969727e+02 1.339436e+02 2.168250e+02
      vertex   8.966815e+02 1.339868e+02 2.198250e+02
      vertex   8.969727e+02 1.339436e+02 2.198250e+02
    endloop
  endfacet
  facet normal 2.429802e-01 9.700313e-01 -9.189982e-15
    outer loop
      vertex   8.969727e+02 1.339436e+02 2.168250e+02
      vertex   8.969727e+02 1.339436e+02 2.198250e+02
      vertex   8.972583e+02 1.338720e+02 2.168250e+02
    endloop
  endfacet
  facet normal 2.429802e-01 9.700313e-01 -9.189982e-15
    outer loop
      vertex   8.972583e+02 1.338720e+02 2.168250e+02
      vertex   8.969727e+02 1.339436e+02 2.198250e+02
      vertex   8.972583e+02 1.338720e+02 2.198250e+02
    endloop
  endfacet
  facet normal 3.368899e-01 9.415441e-01 -8.920097e-15
    outer loop
      vertex   8.972583e+02 1.338720e+02 2.168250e+02
      vertex   8.972583e+02 1.338720e+02 2.198250e+02
      vertex   8.975355e+02 1.337729e+02 2.168250e+02
    endloop
  endfacet
  facet normal 3.368899e-01 9.415441e-01 -8.920097e-15
    outer loop
      vertex   8.975355e+02 1.337729e+02 2.168250e+02
      vertex   8.972583e+02 1.338720e+02 2.198250e+02
      vertex   8.975355e+02 1.337729e+02 2.198250e+02
    endloop
  endfacet
  facet normal 4.275551e-01 9.039893e-01 -8.564307e-15
    outer loop
      vertex   8.975355e+02 1.337729e+02 2.168250e+02
      vertex   8.975355e+02 1.337729e+02 2.198250e+02
      vertex   8.978016e+02 1.336470e+02 2.168250e+02
    endloop
  endfacet
  facet normal 4.275551e-01 9.039893e-01 -8.564307e-15
    outer loop
      vertex   8.978016e+02 1.336470e+02 2.168250e+02
      vertex   8.975355e+02 1.337729e+02 2.198250e+02
      vertex   8.978016e+02 1.336470e+02 2.198250e+02
    endloop
  endfacet
  facet normal 5.141027e-01 8.577286e-01 -8.126038e-15
    outer loop
      vertex   8.978016e+02 1.336470e+02 2.168250e+02
      vertex   8.978016e+02 1.336470e+02 2.198250e+02
      vertex   8.980541e+02 1.334956e+02 2.168250e+02
    endloop
  endfacet
  facet normal 5.141027e-01 8.577286e-01 -8.126038e-15
    outer loop
      vertex   8.980541e+02 1.334956e+02 2.168250e+02
      vertex   8.978016e+02 1.336470e+02 2.198250e+02
      vertex   8.980541e+02 1.334956e+02 2.198250e+02
    endloop
  endfacet
  facet normal 5.956993e-01 8.032075e-01 -7.609510e-15
    outer loop
      vertex   8.980541e+02 1.334956e+02 2.168250e+02
      vertex   8.980541e+02 1.334956e+02 2.198250e+02
      vertex   8.982906e+02 1.333203e+02 2.168250e+02
    endloop
  endfacet
  facet normal 5.956993e-01 8.032075e-01 -1.521902e-14
    outer loop
      vertex   8.982906e+02 1.333203e+02 2.168250e+02
      vertex   8.980541e+02 1.334956e+02 2.198250e+02
      vertex   8.982906e+02 1.333203e+02 2.198250e+02
    endloop
  endfacet
  facet normal 6.715590e-01 7.409511e-01 -1.403940e-14
    outer loop
      vertex   8.982906e+02 1.333203e+02 2.168250e+02
      vertex   8.982906e+02 1.333203e+02 2.198250e+02
      vertex   8.985087e+02 1.331225e+02 2.168250e+02
    endloop
  endfacet
  facet normal 6.715590e-01 7.409511e-01 -7.019699e-15
    outer loop
      vertex   8.985087e+02 1.331225e+02 2.168250e+02
      vertex   8.982906e+02 1.333203e+02 2.198250e+02
      vertex   8.985087e+02 1.331225e+02 2.198250e+02
    endloop
  endfacet
  facet normal 7.409511e-01 6.715590e-01 -6.362284e-15
    outer loop
      vertex   8.985087e+02 1.331225e+02 2.168250e+02
      vertex   8.985087e+02 1.331225e+02 2.198250e+02
      vertex   8.987065e+02 1.329044e+02 2.168250e+02
    endloop
  endfacet
  facet normal 7.409511e-01 6.715590e-01 -6.362284e-15
    outer loop
      vertex   8.987065e+02 1.329044e+02 2.168250e+02
      vertex   8.985087e+02 1.331225e+02 2.198250e+02
      vertex   8.987065e+02 1.329044e+02 2.198250e+02
    endloop
  endfacet
  facet normal 8.032075e-01 5.956993e-01 -5.643598e-15
    outer loop
      vertex   8.987065e+02 1.329044e+02 2.168250e+02
      vertex   8.987065e+02 1.329044e+02 2.198250e+02
      vertex   8.988818e+02 1.326679e+02 2.168250e+02
    endloop
  endfacet
  facet normal 8.032075e-01 5.956993e-01 -5.643598e-15
    outer loop
      vertex   8.988818e+02 1.326679e+02 2.168250e+02
      vertex   8.987065e+02 1.329044e+02 2.198250e+02
      vertex   8.988818e+02 1.326679e+02 2.198250e+02
    endloop
  endfacet
  facet normal 8.577286e-01 5.141027e-01 -4.870560e-15
    outer loop
      vertex   8.988818e+02 1.326679e+02 2.168250e+02
      vertex   8.988818e+02 1.326679e+02 2.198250e+02
      vertex   8.990332e+02 1.324154e+02 2.168250e+02
    endloop
  endfacet
  facet normal 8.577286e-01 5.141027e-01 -9.741119e-15
    outer loop
      vertex   8.990332e+02 1.324154e+02 2.168250e+02
      vertex   8.988818e+02 1.326679e+02 2.198250e+02
      vertex   8.990332e+02 1.324154e+02 2.198250e+02
    endloop
  endfacet
  facet normal 9.039893e-01 4.275551e-01 -8.101231e-15
    outer loop
      vertex   8.990332e+02 1.324154e+02 2.168250e+02
      vertex   8.990332e+02 1.324154e+02 2.198250e+02
      vertex   8.991591e+02 1.321493e+02 2.168250e+02
    endloop
  endfacet
  facet normal 9.039893e-01 4.275551e-01 -8.101231e-15
    outer loop
      vertex   8.991591e+02 1.321493e+02 2.168250e+02
      vertex   8.990332e+02 1.324154e+02 2.198250e+02
      vertex   8.991591e+02 1.321493e+02 2.198250e+02
    endloop
  endfacet
  facet normal 9.415441e-01 3.368899e-01 -6.383324e-15
    outer loop
      vertex   8.991591e+02 1.321493e+02 2.168250e+02
      vertex   8.991591e+02 1.321493e+02 2.198250e+02
      vertex   8.992582e+02 1.318721e+02 2.168250e+02
    endloop
  endfacet
  facet normal 9.415441e-01 3.368899e-01 -3.191662e-15
    outer loop
      vertex   8.992582e+02 1.318721e+02 2.168250e+02
      vertex   8.991591e+02 1.321493e+02 2.198250e+02
      vertex   8.992582e+02 1.318721e+02 2.198250e+02
    endloop
  endfacet
  facet normal 9.700313e-01 2.429802e-01 -2.301971e-15
    outer loop
      vertex   8.992582e+02 1.318721e+02 2.168250e+02
      vertex   8.992582e+02 1.318721e+02 2.198250e+02
      vertex   8.993298e+02 1.315865e+02 2.168250e+02
    endloop
  endfacet
  facet normal 9.700313e-01 2.429802e-01 -2.301971e-15
    outer loop
      vertex   8.993298e+02 1.315865e+02 2.168250e+02
      vertex   8.992582e+02 1.318721e+02 2.198250e+02
      vertex   8.993298e+02 1.315865e+02 2.198250e+02
    endloop
  endfacet
  facet normal 9.891765e-01 1.467305e-01 -1.390110e-15
    outer loop
      vertex   8.993298e+02 1.315865e+02 2.168250e+02
      vertex   8.993298e+02 1.315865e+02 2.198250e+02
      vertex   8.993730e+02 1.312953e+02 2.168250e+02
    endloop
  endfacet
  facet normal 9.891765e-01 1.467305e-01 -2.780221e-15
    outer loop
      vertex   8.993730e+02 1.312953e+02 2.168250e+02
      vertex   8.993298e+02 1.315865e+02 2.198250e+02
      vertex   8.993730e+02 1.312953e+02 2.198250e+02
    endloop
  endfacet
  facet normal 9.987955e-01 4.906767e-02 -9.297248e-16
    outer loop
      vertex   8.993730e+02 1.312953e+02 2.168250e+02
      vertex   8.993730e+02 1.312953e+02 2.198250e+02
      vertex   8.993874e+02 1.310012e+02 2.168250e+02
    endloop
  endfacet
  facet normal 9.987955e-01 4.906767e-02 -4.648624e-16
    outer loop
      vertex   8.993874e+02 1.310012e+02 2.168250e+02
      vertex   8.993730e+02 1.312953e+02 2.198250e+02
      vertex   8.993874e+02 1.310012e+02 2.198250e+02
    endloop
  endfacet
  facet normal -8.937295e-14 1.000000e+00 -9.473903e-15
    outer loop
      vertex   8.451874e+02 1.340012e+02 2.198250e+02
      vertex   8.963874e+02 1.340012e+02 2.198250e+02
      vertex   8.451874e+02 1.340012e+02 2.168250e+02
    endloop
  endfacet
  facet normal -8.881784e-14 1.000000e+00 -1.894781e-14
    outer loop
      vertex   8.451874e+02 1.340012e+02 2.168250e+02
      vertex   8.963874e+02 1.340012e+02 2.198250e+02
      vertex   8.963874e+02 1.340012e+02 2.168250e+02
    endloop
  endfacet
  facet normal -9.987955e-01 4.906767e-02 -4.648624e-16
    outer loop
      vertex   8.421874e+02 1.310012e+02 2.168250e+02
      vertex   8.421874e+02 1.310012e+02 2.198250e+02
      vertex   8.422019e+02 1.312953e+02 2.168250e+02
    endloop
  endfacet
  facet normal -9.987955e-01 4.906767e-02 -9.297248e-16
    outer loop
      vertex   8.422019e+02 1.312953e+02 2.168250e+02
      vertex   8.421874e+02 1.310012e+02 2.198250e+02
      vertex   8.422019e+02 1.312953e+02 2.198250e+02
    endloop
  endfacet
  facet normal -9.891765e-01 1.467305e-01 -2.780221e-15
    outer loop
      vertex   8.422019e+02 1.312953e+02 2.168250e+02
      vertex   8.422019e+02 1.312953e+02 2.198250e+02
      vertex   8.422451e+02 1.315865e+02 2.168250e+02
    endloop
  endfacet
  facet normal -9.891765e-01 1.467305e-01 -1.390110e-15
    outer loop
      vertex   8.422451e+02 1.315865e+02 2.168250e+02
      vertex   8.422019e+02 1.312953e+02 2.198250e+02
      vertex   8.422451e+02 1.315865e+02 2.198250e+02
    endloop
  endfacet
  facet normal -9.700313e-01 2.429802e-01 -2.301971e-15
    outer loop
      vertex   8.422451e+02 1.315865e+02 2.168250e+02
      vertex   8.422451e+02 1.315865e+02 2.198250e+02
      vertex   8.423166e+02 1.318721e+02 2.168250e+02
    endloop
  endfacet
  facet normal -9.700313e-01 2.429802e-01 -2.301971e-15
    outer loop
      vertex   8.423166e+02 1.318721e+02 2.168250e+02
      vertex   8.422451e+02 1.315865e+02 2.198250e+02
      vertex   8.423166e+02 1.318721e+02 2.198250e+02
    endloop
  endfacet
  facet normal -9.415441e-01 3.368899e-01 -3.191662e-15
    outer loop
      vertex   8.423166e+02 1.318721e+02 2.168250e+02
      vertex   8.423166e+02 1.318721e+02 2.198250e+02
      vertex   8.424158e+02 1.321493e+02 2.168250e+02
    endloop
  endfacet
  facet normal -9.415441e-01 3.368899e-01 -3.191662e-15
    outer loop
      vertex   8.424158e+02 1.321493e+02 2.168250e+02
      vertex   8.423166e+02 1.318721e+02 2.198250e+02
      vertex   8.424158e+02 1.321493e+02 2.198250e+02
    endloop
  endfacet
  facet normal -9.039893e-01 4.275551e-01 -4.050616e-15
    outer loop
      vertex   8.424158e+02 1.321493e+02 2.168250e+02
      vertex   8.424158e+02 1.321493e+02 2.198250e+02
      vertex   8.425417e+02 1.324154e+02 2.168250e+02
    endloop
  endfacet
  facet normal -9.039893e-01 4.275551e-01 -8.101231e-15
    outer loop
      vertex   8.425417e+02 1.324154e+02 2.168250e+02
      vertex   8.424158e+02 1.321493e+02 2.198250e+02
      vertex   8.425417e+02 1.324154e+02 2.198250e+02
    endloop
  endfacet
  facet normal -8.577286e-01 5.141027e-01 -9.741119e-15
    outer loop
      vertex   8.425417e+02 1.324154e+02 2.168250e+02
      vertex   8.425417e+02 1.324154e+02 2.198250e+02
      vertex   8.426930e+02 1.326679e+02 2.168250e+02
    endloop
  endfacet
  facet normal -8.577286e-01 5.141027e-01 -9.741119e-15
    outer loop
      vertex   8.426930e+02 1.326679e+02 2.168250e+02
      vertex   8.425417e+02 1.324154e+02 2.198250e+02
      vertex   8.426930e+02 1.326679e+02 2.198250e+02
    endloop
  endfacet
  facet normal -8.032075e-01 5.956993e-01 -1.128720e-14
    outer loop
      vertex   8.426930e+02 1.326679e+02 2.168250e+02
      vertex   8.426930e+02 1.326679e+02 2.198250e+02
      vertex   8.428684e+02 1.329044e+02 2.168250e+02
    endloop
  endfacet
  facet normal -8.032075e-01 5.956993e-01 -1.128720e-14
    outer loop
      vertex   8.428684e+02 1.329044e+02 2.168250e+02
      vertex   8.426930e+02 1.326679e+02 2.198250e+02
      vertex   8.428684e+02 1.329044e+02 2.198250e+02
    endloop
  endfacet
  facet normal -7.409511e-01 6.715590e-01 -1.272457e-14
    outer loop
      vertex   8.428684e+02 1.329044e+02 2.168250e+02
      vertex   8.428684e+02 1.329044e+02 2.198250e+02
      vertex   8.430661e+02 1.331225e+02 2.168250e+02
    endloop
  endfacet
  facet normal -7.409511e-01 6.715590e-01 -1.272457e-14
    outer loop
      vertex   8.430661e+02 1.331225e+02 2.168250e+02
      vertex   8.428684e+02 1.329044e+02 2.198250e+02
      vertex   8.430661e+02 1.331225e+02 2.198250e+02
    endloop
  endfacet
  facet normal -6.715590e-01 7.409511e-01 -1.403940e-14
    outer loop
      vertex   8.430661e+02 1.331225e+02 2.168250e+02
      vertex   8.430661e+02 1.331225e+02 2.198250e+02
      vertex   8.432842e+02 1.333203e+02 2.168250e+02
    endloop
  endfacet
  facet normal -6.715590e-01 7.409511e-01 -7.019699e-15
    outer loop
      vertex   8.432842e+02 1.333203e+02 2.168250e+02
      vertex   8.430661e+02 1.331225e+02 2.198250e+02
      vertex   8.432842e+02 1.333203e+02 2.198250e+02
    endloop
  endfacet
  facet normal -5.956993e-01 8.032075e-01 -7.609510e-15
    outer loop
      vertex   8.432842e+02 1.333203e+02 2.168250e+02
      vertex   8.432842e+02 1.333203e+02 2.198250e+02
      vertex   8.435207e+02 1.334956e+02 2.168250e+02
    endloop
  endfacet
  facet normal -5.956993e-01 8.032075e-01 -7.609510e-15
    outer loop
      vertex   8.435207e+02 1.334956e+02 2.168250e+02
      vertex   8.432842e+02 1.333203e+02 2.198250e+02
      vertex   8.435207e+02 1.334956e+02 2.198250e+02
    endloop
  endfacet
  facet normal -5.141027e-01 8.577286e-01 -8.126038e-15
    outer loop
      vertex   8.435207e+02 1.334956e+02 2.168250e+02
      vertex   8.435207e+02 1.334956e+02 2.198250e+02
      vertex   8.437732e+02 1.336470e+02 2.168250e+02
    endloop
  endfacet
  facet normal -5.141027e-01 8.577286e-01 -8.126038e-15
    outer loop
      vertex   8.437732e+02 1.336470e+02 2.168250e+02
      vertex   8.435207e+02 1.334956e+02 2.198250e+02
      vertex   8.437732e+02 1.336470e+02 2.198250e+02
    endloop
  endfacet
  facet normal -4.275551e-01 9.039893e-01 -8.564307e-15
    outer loop
      vertex   8.437732e+02 1.336470e+02 2.168250e+02
      vertex   8.437732e+02 1.336470e+02 2.198250e+02
      vertex   8.440394e+02 1.337729e+02 2.168250e+02
    endloop
  endfacet
  facet normal -4.275551e-01 9.039893e-01 -8.564307e-15
    outer loop
      vertex   8.440394e+02 1.337729e+02 2.168250e+02
      vertex   8.437732e+02 1.336470e+02 2.198250e+02
      vertex   8.440394e+02 1.337729e+02 2.198250e+02
    endloop
  endfacet
  facet normal -3.368899e-01 9.415441e-01 -8.920097e-15
    outer loop
      vertex   8.440394e+02 1.337729e+02 2.168250e+02
      vertex   8.440394e+02 1.337729e+02 2.198250e+02
      vertex   8.443166e+02 1.338720e+02 2.168250e+02
    endloop
  endfacet
  facet normal -3.368899e-01 9.415441e-01 -8.920097e-15
    outer loop
      vertex   8.443166e+02 1.338720e+02 2.168250e+02
      vertex   8.440394e+02 1.337729e+02 2.198250e+02
      vertex   8.443166e+02 1.338720e+02 2.198250e+02
    endloop
  endfacet
  facet normal -2.429802e-01 9.700313e-01 -9.189982e-15
    outer loop
      vertex   8.443166e+02 1.338720e+02 2.168250e+02
      vertex   8.443166e+02 1.338720e+02 2.198250e+02
      vertex   8.446022e+02 1.339436e+02 2.168250e+02
    endloop
  endfacet
  facet normal -2.429802e-01 9.700313e-01 -9.189982e-15
    outer loop
      vertex   8.446022e+02 1.339436e+02 2.168250e+02
      vertex   8.443166e+02 1.338720e+02 2.198250e+02
      vertex   8.446022e+02 1.339436e+02 2.198250e+02
    endloop
  endfacet
  facet normal -1.467305e-01 9.891765e-01 -9.371362e-15
    outer loop
      vertex   8.446022e+02 1.339436e+02 2.168250e+02
      vertex   8.446022e+02 1.339436e+02 2.198250e+02
      vertex   8.448934e+02 1.339868e+02 2.168250e+02
    endloop
  endfacet
  facet normal -1.467305e-01 9.891765e-01 -9.371362e-15
    outer loop
      vertex   8.448934e+02 1.339868e+02 2.168250e+02
      vertex   8.446022e+02 1.339436e+02 2.198250e+02
      vertex   8.448934e+02 1.339868e+02 2.198250e+02
    endloop
  endfacet
  facet normal -4.906767e-02 9.987955e-01 -9.462491e-15
    outer loop
      vertex   8.448934e+02 1.339868e+02 2.168250e+02
      vertex   8.448934e+02 1.339868e+02 2.198250e+02
      vertex   8.451874e+02 1.340012e+02 2.168250e+02
    endloop
  endfacet
  facet normal -4.906767e-02 9.987955e-01 -9.462491e-15
    outer loop
      vertex   8.451874e+02 1.340012e+02 2.168250e+02
      vertex   8.448934e+02 1.339868e+02 2.198250e+02
      vertex   8.451874e+02 1.340012e+02 2.198250e+02
    endloop
  endfacet
  facet normal -1.000000e+00 -8.659740e-14 8.204153e-28
    outer loop
      vertex   8.421874e+02 7.980122e+01 2.198250e+02
      vertex   8.421874e+02 1.310012e+02 2.198250e+02
      vertex   8.421874e+02 7.980122e+01 2.168250e+02
    endloop
  endfacet
  facet normal -1.000000e+00 -8.659740e-14 8.414516e-28
    outer loop
      vertex   8.421874e+02 7.980122e+01 2.168250e+02
      vertex   8.421874e+02 1.310012e+02 2.198250e+02
      vertex   8.421874e+02 1.310012e+02 2.168250e+02
    endloop
  endfacet
  facet normal 3.216057e-15 -1.774348e-16 -1.000000e+00
    outer loop
      vertex   8.917484e+02 8.211999e+01 2.168250e+02
      vertex   8.917324e+02 8.183122e+01 2.168250e+02
      vertex   8.743110e+02 8.642560e+01 2.168250e+02
    endloop
  endfacet
  facet normal 3.311025e-15 1.826743e-16 -1.000000e+00
    outer loop
      vertex   8.743110e+02 8.642560e+01 2.168250e+02
      vertex   8.917324e+02 8.183122e+01 2.168250e+02
      vertex   8.917484e+02 8.154245e+01 2.168250e+02
    endloop
  endfacet
  facet normal 3.419671e-15 5.706422e-16 -1.000000e+00
    outer loop
      vertex   8.743110e+02 8.642560e+01 2.168250e+02
      vertex   8.917484e+02 8.154245e+01 2.168250e+02
      vertex   8.917960e+02 8.125718e+01 2.168250e+02
    endloop
  endfacet
  facet normal 3.547515e-15 1.003142e-15 -1.000000e+00
    outer loop
      vertex   8.917960e+02 8.125718e+01 2.168250e+02
      vertex   8.918747e+02 8.097889e+01 2.168250e+02
      vertex   8.743110e+02 8.642560e+01 2.168250e+02
    endloop
  endfacet
  facet normal 3.702824e-15 1.503957e-15 -1.000000e+00
    outer loop
      vertex   8.743110e+02 8.642560e+01 2.168250e+02
      vertex   8.918747e+02 8.097889e+01 2.168250e+02
      vertex   8.919835e+02 8.071093e+01 2.168250e+02
    endloop
  endfacet
  facet normal 3.898768e-15 2.109908e-15 -1.000000e+00
    outer loop
      vertex   8.743110e+02 8.642560e+01 2.168250e+02
      vertex   8.919835e+02 8.071093e+01 2.168250e+02
      vertex   8.921211e+02 8.045658e+01 2.168250e+02
    endloop
  endfacet
  facet normal -4.805467e-14 -1.529067e-13 -1.000000e+00
    outer loop
      vertex   8.921211e+02 8.045658e+01 2.168250e+02
      vertex   8.922859e+02 8.021891e+01 2.168250e+02
      vertex   8.743110e+02 8.642560e+01 2.168250e+02
    endloop
  endfacet
  facet normal 6.783493e-15 5.907749e-15 -1.000000e+00
    outer loop
      vertex   8.743110e+02 8.642560e+01 2.168250e+02
      vertex   8.922859e+02 8.021891e+01 2.168250e+02
      vertex   8.924759e+02 8.000082e+01 2.168250e+02
    endloop
  endfacet
  facet normal 1.491109e-15 -9.055460e-15 -1.000000e+00
    outer loop
      vertex   8.743110e+02 8.642560e+01 2.168250e+02
      vertex   8.924759e+02 8.000082e+01 2.168250e+02
      vertex   8.735341e+02 8.629767e+01 2.168250e+02
    endloop
  endfacet
  facet normal 1.215823e-15 -9.883560e-15 -1.000000e+00
    outer loop
      vertex   8.735341e+02 8.629767e+01 2.168250e+02
      vertex   8.924759e+02 8.000082e+01 2.168250e+02
      vertex   8.727526e+02 8.620153e+01 2.168250e+02
    endloop
  endfacet
  facet normal 6.565174e-15 7.131680e-15 -1.000000e+00
    outer loop
      vertex   8.727526e+02 8.620153e+01 2.168250e+02
      vertex   8.924759e+02 8.000082e+01 2.168250e+02
      vertex   8.926886e+02 7.980494e+01 2.168250e+02
    endloop
  endfacet
  facet normal 8.687070e-16 -1.062230e-14 -1.000000e+00
    outer loop
      vertex   8.727526e+02 8.620153e+01 2.168250e+02
      vertex   8.926886e+02 7.980494e+01 2.168250e+02
      vertex   8.719678e+02 8.613735e+01 2.168250e+02
    endloop
  endfacet
  facet normal 7.043651e-15 9.583232e-15 -1.000000e+00
    outer loop
      vertex   8.719678e+02 8.613735e+01 2.168250e+02
      vertex   8.926886e+02 7.980494e+01 2.168250e+02
      vertex   8.929217e+02 7.963366e+01 2.168250e+02
    endloop
  endfacet
  facet normal 4.729856e-16 -1.158638e-14 -1.000000e+00
    outer loop
      vertex   8.719678e+02 8.613735e+01 2.168250e+02
      vertex   8.929217e+02 7.963366e+01 2.168250e+02
      vertex   8.711811e+02 8.610524e+01 2.168250e+02
    endloop
  endfacet
  facet normal 1.470622e-15 -8.234926e-15 -1.000000e+00
    outer loop
      vertex   8.711811e+02 8.610524e+01 2.168250e+02
      vertex   8.929217e+02 7.963366e+01 2.168250e+02
      vertex   8.963874e+02 7.680122e+01 2.168250e+02
    endloop
  endfacet
  facet normal 5.551115e-16 -1.071521e-14 -1.000000e+00
    outer loop
      vertex   8.711811e+02 8.610524e+01 2.168250e+02
      vertex   8.963874e+02 7.680122e+01 2.168250e+02
      vertex   8.451874e+02 7.680122e+01 2.168250e+02
    endloop
  endfacet
  facet normal -1.973473e-14 -3.418155e-14 -1.000000e+00
    outer loop
      vertex   8.929217e+02 7.963366e+01 2.168250e+02
      vertex   8.931721e+02 7.948905e+01 2.168250e+02
      vertex   8.963874e+02 7.680122e+01 2.168250e+02
    endloop
  endfacet
  facet normal -9.758975e-15 -2.224822e-14 -1.000000e+00
    outer loop
      vertex   8.963874e+02 7.680122e+01 2.168250e+02
      vertex   8.931721e+02 7.948905e+01 2.168250e+02
      vertex   8.934370e+02 7.937288e+01 2.168250e+02
    endloop
  endfacet
  facet normal -5.391451e-15 -1.723743e-14 -1.000000e+00
    outer loop
      vertex   8.963874e+02 7.680122e+01 2.168250e+02
      vertex   8.934370e+02 7.937288e+01 2.168250e+02
      vertex   8.937130e+02 7.928655e+01 2.168250e+02
    endloop
  endfacet
  facet normal -2.828291e-15 -1.447927e-14 -1.000000e+00
    outer loop
      vertex   8.937130e+02 7.928655e+01 2.168250e+02
      vertex   8.939969e+02 7.923110e+01 2.168250e+02
      vertex   8.963874e+02 7.680122e+01 2.168250e+02
    endloop
  endfacet
  facet normal -1.055246e-15 -1.273492e-14 -1.000000e+00
    outer loop
      vertex   8.963874e+02 7.680122e+01 2.168250e+02
      vertex   8.939969e+02 7.923110e+01 2.168250e+02
      vertex   8.942851e+02 7.920722e+01 2.168250e+02
    endloop
  endfacet
  facet normal 3.179610e-16 -1.153503e-14 -1.000000e+00
    outer loop
      vertex   8.963874e+02 7.680122e+01 2.168250e+02
      vertex   8.942851e+02 7.920722e+01 2.168250e+02
      vertex   8.945742e+02 7.921519e+01 2.168250e+02
    endloop
  endfacet
  facet normal 1.478642e-15 -1.066320e-14 -1.000000e+00
    outer loop
      vertex   8.945742e+02 7.921519e+01 2.168250e+02
      vertex   8.948607e+02 7.925491e+01 2.168250e+02
      vertex   8.963874e+02 7.680122e+01 2.168250e+02
    endloop
  endfacet
  facet normal 2.533996e-15 -1.000652e-14 -1.000000e+00
    outer loop
      vertex   8.963874e+02 7.680122e+01 2.168250e+02
      vertex   8.948607e+02 7.925491e+01 2.168250e+02
      vertex   8.951410e+02 7.932591e+01 2.168250e+02
    endloop
  endfacet
  facet normal 3.557366e-15 -9.501302e-15 -1.000000e+00
    outer loop
      vertex   8.963874e+02 7.680122e+01 2.168250e+02
      vertex   8.951410e+02 7.932591e+01 2.168250e+02
      vertex   8.954119e+02 7.942732e+01 2.168250e+02
    endloop
  endfacet
  facet normal 4.610280e-15 -9.110163e-15 -1.000000e+00
    outer loop
      vertex   8.954119e+02 7.942732e+01 2.168250e+02
      vertex   8.956699e+02 7.955790e+01 2.168250e+02
      vertex   8.963874e+02 7.680122e+01 2.168250e+02
    endloop
  endfacet
  facet normal 5.001086e-16 -1.017994e-14 -1.000000e+00
    outer loop
      vertex   8.963874e+02 7.680122e+01 2.168250e+02
      vertex   8.956699e+02 7.955790e+01 2.168250e+02
      vertex   8.966815e+02 7.681567e+01 2.168250e+02
    endloop
  endfacet
  facet normal 1.457657e-15 -9.826725e-15 -1.000000e+00
    outer loop
      vertex   8.966815e+02 7.681567e+01 2.168250e+02
      vertex   8.956699e+02 7.955790e+01 2.168250e+02
      vertex   8.969727e+02 7.685887e+01 2.168250e+02
    endloop
  endfacet
  facet normal 5.230388e-15 -8.005705e-15 -1.000000e+00
    outer loop
      vertex   8.969727e+02 7.685887e+01 2.168250e+02
      vertex   8.956699e+02 7.955790e+01 2.168250e+02
      vertex   8.959120e+02 7.971609e+01 2.168250e+02
    endloop
  endfacet
  facet normal 2.279696e-15 -9.101056e-15 -1.000000e+00
    outer loop
      vertex   8.969727e+02 7.685887e+01 2.168250e+02
      vertex   8.959120e+02 7.971609e+01 2.168250e+02
      vertex   8.972583e+02 7.693040e+01 2.168250e+02
    endloop
  endfacet
  facet normal 3.112419e-15 -8.698627e-15 -1.000000e+00
    outer loop
      vertex   8.972583e+02 7.693040e+01 2.168250e+02
      vertex   8.959120e+02 7.971609e+01 2.168250e+02
      vertex   8.975355e+02 7.702958e+01 2.168250e+02
    endloop
  endfacet
  facet normal 3.891481e-15 -8.227846e-15 -1.000000e+00
    outer loop
      vertex   8.975355e+02 7.702958e+01 2.168250e+02
      vertex   8.959120e+02 7.971609e+01 2.168250e+02
      vertex   8.978016e+02 7.715546e+01 2.168250e+02
    endloop
  endfacet
  facet normal 5.685736e-15 -6.903807e-15 -1.000000e+00
    outer loop
      vertex   8.978016e+02 7.715546e+01 2.168250e+02
      vertex   8.959120e+02 7.971609e+01 2.168250e+02
      vertex   8.961353e+02 7.989995e+01 2.168250e+02
    endloop
  endfacet
  facet normal 4.550948e-15 -7.592798e-15 -1.000000e+00
    outer loop
      vertex   8.978016e+02 7.715546e+01 2.168250e+02
      vertex   8.961353e+02 7.989995e+01 2.168250e+02
      vertex   8.980541e+02 7.730681e+01 2.168250e+02
    endloop
  endfacet
  facet normal 5.248426e-15 -7.076683e-15 -1.000000e+00
    outer loop
      vertex   8.980541e+02 7.730681e+01 2.168250e+02
      vertex   8.961353e+02 7.989995e+01 2.168250e+02
      vertex   8.982906e+02 7.748219e+01 2.168250e+02
    endloop
  endfacet
  facet normal 5.893076e-15 -6.502008e-15 -1.000000e+00
    outer loop
      vertex   8.982906e+02 7.748219e+01 2.168250e+02
      vertex   8.961353e+02 7.989995e+01 2.168250e+02
      vertex   8.985087e+02 7.767990e+01 2.168250e+02
    endloop
  endfacet
  facet normal 6.269749e-15 -6.099306e-15 -1.000000e+00
    outer loop
      vertex   8.985087e+02 7.767990e+01 2.168250e+02
      vertex   8.961353e+02 7.989995e+01 2.168250e+02
      vertex   8.963370e+02 8.010725e+01 2.168250e+02
    endloop
  endfacet
  facet normal 6.501133e-15 -5.892283e-15 -1.000000e+00
    outer loop
      vertex   8.985087e+02 7.767990e+01 2.168250e+02
      vertex   8.963370e+02 8.010725e+01 2.168250e+02
      vertex   8.987065e+02 7.789804e+01 2.168250e+02
    endloop
  endfacet
  facet normal 7.091315e-15 -5.259278e-15 -1.000000e+00
    outer loop
      vertex   8.987065e+02 7.789804e+01 2.168250e+02
      vertex   8.963370e+02 8.010725e+01 2.168250e+02
      vertex   8.988818e+02 7.813451e+01 2.168250e+02
    endloop
  endfacet
  facet normal -5.194493e-14 -8.141750e-14 -1.000000e+00
    outer loop
      vertex   8.988818e+02 7.813451e+01 2.168250e+02
      vertex   8.963370e+02 8.010725e+01 2.168250e+02
      vertex   8.990332e+02 7.838703e+01 2.168250e+02
    endloop
  endfacet
  facet normal 0.000000e+00 0.000000e+00 -1.000000e+00
    outer loop
      vertex   8.990332e+02 7.838703e+01 2.168250e+02
      vertex   8.963370e+02 8.010725e+01 2.168250e+02
      vertex   8.991591e+02 7.865317e+01 2.168250e+02
    endloop
  endfacet
  facet normal 0.000000e+00 0.000000e+00 -1.000000e+00
    outer loop
      vertex   8.991591e+02 7.865317e+01 2.168250e+02
      vertex   8.963370e+02 8.010725e+01 2.168250e+02
      vertex   8.965146e+02 8.033548e+01 2.168250e+02
    endloop
  endfacet
  facet normal 0.000000e+00 0.000000e+00 -1.000000e+00
    outer loop
      vertex   8.991591e+02 7.865317e+01 2.168250e+02
      vertex   8.965146e+02 8.033548e+01 2.168250e+02
      vertex   8.992582e+02 7.893037e+01 2.168250e+02
    endloop
  endfacet
  facet normal 0.000000e+00 0.000000e+00 -1.000000e+00
    outer loop
      vertex   8.992582e+02 7.893037e+01 2.168250e+02
      vertex   8.965146e+02 8.033548e+01 2.168250e+02
      vertex   8.993298e+02 7.921595e+01 2.168250e+02
    endloop
  endfacet
  facet normal 0.000000e+00 0.000000e+00 -1.000000e+00
    outer loop
      vertex   8.993298e+02 7.921595e+01 2.168250e+02
      vertex   8.965146e+02 8.033548e+01 2.168250e+02
      vertex   8.993730e+02 7.950717e+01 2.168250e+02
    endloop
  endfacet
  facet normal -2.837359e-14 -9.791404e-14 -1.000000e+00
    outer loop
      vertex   8.993730e+02 7.950717e+01 2.168250e+02
      vertex   8.965146e+02 8.033548e+01 2.168250e+02
      vertex   8.966660e+02 8.058186e+01 2.168250e+02
    endloop
  endfacet
  facet normal 1.029872e-14 -5.059438e-16 -1.000000e+00
    outer loop
      vertex   8.993730e+02 7.950717e+01 2.168250e+02
      vertex   8.966660e+02 8.058186e+01 2.168250e+02
      vertex   8.993874e+02 7.980122e+01 2.168250e+02
    endloop
  endfacet
  facet normal 9.198639e-15 -4.340942e-15 -1.000000e+00
    outer loop
      vertex   8.993874e+02 7.980122e+01 2.168250e+02
      vertex   8.966660e+02 8.058186e+01 2.168250e+02
      vertex   8.967895e+02 8.084341e+01 2.168250e+02
    endloop
  endfacet
  facet normal 9.615779e-15 -3.301101e-15 -1.000000e+00
    outer loop
      vertex   8.993874e+02 7.980122e+01 2.168250e+02
      vertex   8.967895e+02 8.084341e+01 2.168250e+02
      vertex   8.968834e+02 8.111695e+01 2.168250e+02
    endloop
  endfacet
  facet normal 1.015457e-14 -2.275693e-15 -1.000000e+00
    outer loop
      vertex   8.968834e+02 8.111695e+01 2.168250e+02
      vertex   8.969466e+02 8.139916e+01 2.168250e+02
      vertex   8.993874e+02 7.980122e+01 2.168250e+02
    endloop
  endfacet
  facet normal 1.085767e-14 -1.201727e-15 -1.000000e+00
    outer loop
      vertex   8.993874e+02 7.980122e+01 2.168250e+02
      vertex   8.969466e+02 8.139916e+01 2.168250e+02
      vertex   8.969784e+02 8.168662e+01 2.168250e+02
    endloop
  endfacet
  facet normal 1.179820e-14 0.000000e+00 -1.000000e+00
    outer loop
      vertex   8.993874e+02 7.980122e+01 2.168250e+02
      vertex   8.969784e+02 8.168662e+01 2.168250e+02
      vertex   8.969784e+02 8.197583e+01 2.168250e+02
    endloop
  endfacet
  facet normal 1.310783e-14 1.450774e-15 -1.000000e+00
    outer loop
      vertex   8.969784e+02 8.197583e+01 2.168250e+02
      vertex   8.969466e+02 8.226328e+01 2.168250e+02
      vertex   8.993874e+02 7.980122e+01 2.168250e+02
    endloop
  endfacet
  facet normal 1.504558e-14 3.371793e-15 -1.000000e+00
    outer loop
      vertex   8.993874e+02 7.980122e+01 2.168250e+02
      vertex   8.969466e+02 8.226328e+01 2.168250e+02
      vertex   8.968834e+02 8.254549e+01 2.168250e+02
    endloop
  endfacet
  facet normal 1.819645e-14 6.246850e-15 -1.000000e+00
    outer loop
      vertex   8.993874e+02 7.980122e+01 2.168250e+02
      vertex   8.968834e+02 8.254549e+01 2.168250e+02
      vertex   8.967895e+02 8.281903e+01 2.168250e+02
    endloop
  endfacet
  facet normal 2.421315e-14 1.142646e-14 -1.000000e+00
    outer loop
      vertex   8.967895e+02 8.281903e+01 2.168250e+02
      vertex   8.966660e+02 8.308058e+01 2.168250e+02
      vertex   8.993874e+02 7.980122e+01 2.168250e+02
    endloop
  endfacet
  facet normal -4.958717e-13 -4.201665e-13 -1.000000e+00
    outer loop
      vertex   8.993874e+02 7.980122e+01 2.168250e+02
      vertex   8.966660e+02 8.308058e+01 2.168250e+02
      vertex   8.965146e+02 8.332697e+01 2.168250e+02
    endloop
  endfacet
  facet normal 5.410176e-15 -1.171408e-14 -1.000000e+00
    outer loop
      vertex   8.993874e+02 7.980122e+01 2.168250e+02
      vertex   8.965146e+02 8.332697e+01 2.168250e+02
      vertex   8.900714e+02 1.046140e+02 2.168250e+02
    endloop
  endfacet
  facet normal -6.267852e-14 -3.232339e-14 -1.000000e+00
    outer loop
      vertex   8.900714e+02 1.046140e+02 2.168250e+02
      vertex   8.965146e+02 8.332697e+01 2.168250e+02
      vertex   8.900232e+02 1.038281e+02 2.168250e+02
    endloop
  endfacet
  facet normal -2.702460e-14 -2.103409e-14 -1.000000e+00
    outer loop
      vertex   8.900232e+02 1.038281e+02 2.168250e+02
      vertex   8.965146e+02 8.332697e+01 2.168250e+02
      vertex   8.963370e+02 8.355520e+01 2.168250e+02
    endloop
  endfacet
  facet normal 3.049256e-14 -3.121065e-15 -1.000000e+00
    outer loop
      vertex   8.900232e+02 1.038281e+02 2.168250e+02
      vertex   8.963370e+02 8.355520e+01 2.168250e+02
      vertex   8.899430e+02 1.030448e+02 2.168250e+02
    endloop
  endfacet
  facet normal -2.035638e-14 -1.980299e-14 -1.000000e+00
    outer loop
      vertex   8.899430e+02 1.030448e+02 2.168250e+02
      vertex   8.963370e+02 8.355520e+01 2.168250e+02
      vertex   8.961353e+02 8.376250e+01 2.168250e+02
    endloop
  endfacet
  facet normal 2.853384e-14 -4.102546e-15 -1.000000e+00
    outer loop
      vertex   8.899430e+02 1.030448e+02 2.168250e+02
      vertex   8.961353e+02 8.376250e+01 2.168250e+02
      vertex   8.898310e+02 1.022654e+02 2.168250e+02
    endloop
  endfacet
  facet normal 2.626199e-14 -4.876608e-15 -1.000000e+00
    outer loop
      vertex   8.898310e+02 1.022654e+02 2.168250e+02
      vertex   8.961353e+02 8.376250e+01 2.168250e+02
      vertex   8.896872e+02 1.014913e+02 2.168250e+02
    endloop
  endfacet
  facet normal -1.696390e-14 -2.059812e-14 -1.000000e+00
    outer loop
      vertex   8.896872e+02 1.014913e+02 2.168250e+02
      vertex   8.961353e+02 8.376250e+01 2.168250e+02
      vertex   8.959120e+02 8.394635e+01 2.168250e+02
    endloop
  endfacet
  facet normal -3.849713e-14 -2.823797e-14 -1.000000e+00
    outer loop
      vertex   8.896872e+02 1.014913e+02 2.168250e+02
      vertex   8.959120e+02 8.394635e+01 2.168250e+02
      vertex   8.895120e+02 1.007236e+02 2.168250e+02
    endloop
  endfacet
  facet normal -1.179354e-14 -1.805135e-14 -1.000000e+00
    outer loop
      vertex   8.895120e+02 1.007236e+02 2.168250e+02
      vertex   8.959120e+02 8.394635e+01 2.168250e+02
      vertex   8.956699e+02 8.410454e+01 2.168250e+02
    endloop
  endfacet
  facet normal 2.130642e-14 -5.786752e-15 -1.000000e+00
    outer loop
      vertex   8.895120e+02 1.007236e+02 2.168250e+02
      vertex   8.956699e+02 8.410454e+01 2.168250e+02
      vertex   8.893056e+02 9.996378e+01 2.168250e+02
    endloop
  endfacet
  facet normal 1.998965e-14 -6.315169e-15 -1.000000e+00
    outer loop
      vertex   8.893056e+02 9.996378e+01 2.168250e+02
      vertex   8.956699e+02 8.410454e+01 2.168250e+02
      vertex   8.890684e+02 9.921298e+01 2.168250e+02
    endloop
  endfacet
  facet normal -9.777996e-15 -1.932185e-14 -1.000000e+00
    outer loop
      vertex   8.890684e+02 9.921298e+01 2.168250e+02
      vertex   8.956699e+02 8.410454e+01 2.168250e+02
      vertex   8.954119e+02 8.423513e+01 2.168250e+02
    endloop
  endfacet
  facet normal 1.934024e-14 -6.989667e-15 -1.000000e+00
    outer loop
      vertex   8.890684e+02 9.921298e+01 2.168250e+02
      vertex   8.954119e+02 8.423513e+01 2.168250e+02
      vertex   8.888008e+02 9.847247e+01 2.168250e+02
    endloop
  endfacet
  facet normal -7.237697e-15 -1.933103e-14 -1.000000e+00
    outer loop
      vertex   8.888008e+02 9.847247e+01 2.168250e+02
      vertex   8.954119e+02 8.423513e+01 2.168250e+02
      vertex   8.951410e+02 8.433653e+01 2.168250e+02
    endloop
  endfacet
  facet normal -2.673279e-14 -2.807491e-14 -1.000000e+00
    outer loop
      vertex   8.888008e+02 9.847247e+01 2.168250e+02
      vertex   8.951410e+02 8.433653e+01 2.168250e+02
      vertex   8.885032e+02 9.774349e+01 2.168250e+02
    endloop
  endfacet
  facet normal -4.296548e-15 -1.696668e-14 -1.000000e+00
    outer loop
      vertex   8.885032e+02 9.774349e+01 2.168250e+02
      vertex   8.951410e+02 8.433653e+01 2.168250e+02
      vertex   8.948607e+02 8.440753e+01 2.168250e+02
    endloop
  endfacet
  facet normal 1.598293e-14 -7.299158e-15 -1.000000e+00
    outer loop
      vertex   8.885032e+02 9.774349e+01 2.168250e+02
      vertex   8.948607e+02 8.440753e+01 2.168250e+02
      vertex   8.881761e+02 9.702727e+01 2.168250e+02
    endloop
  endfacet
  facet normal -2.359421e-15 -1.701491e-14 -1.000000e+00
    outer loop
      vertex   8.881761e+02 9.702727e+01 2.168250e+02
      vertex   8.948607e+02 8.440753e+01 2.168250e+02
      vertex   8.945742e+02 8.444726e+01 2.168250e+02
    endloop
  endfacet
  facet normal 1.557279e-14 -7.894759e-15 -1.000000e+00
    outer loop
      vertex   8.881761e+02 9.702727e+01 2.168250e+02
      vertex   8.945742e+02 8.444726e+01 2.168250e+02
      vertex   8.878201e+02 9.632497e+01 2.168250e+02
    endloop
  endfacet
  facet normal -4.690633e-16 -1.701674e-14 -1.000000e+00
    outer loop
      vertex   8.878201e+02 9.632497e+01 2.168250e+02
      vertex   8.945742e+02 8.444726e+01 2.168250e+02
      vertex   8.942851e+02 8.445522e+01 2.168250e+02
    endloop
  endfacet
  facet normal 1.518204e-14 -8.492180e-15 -1.000000e+00
    outer loop
      vertex   8.878201e+02 9.632497e+01 2.168250e+02
      vertex   8.942851e+02 8.445522e+01 2.168250e+02
      vertex   8.874357e+02 9.563779e+01 2.168250e+02
    endloop
  endfacet
  facet normal 1.403018e-15 -1.693191e-14 -1.000000e+00
    outer loop
      vertex   8.874357e+02 9.563779e+01 2.168250e+02
      vertex   8.942851e+02 8.445522e+01 2.168250e+02
      vertex   8.939969e+02 8.443134e+01 2.168250e+02
    endloop
  endfacet
  facet normal -5.582242e-14 -5.043632e-14 -1.000000e+00
    outer loop
      vertex   8.874357e+02 9.563779e+01 2.168250e+02
      vertex   8.939969e+02 8.443134e+01 2.168250e+02
      vertex   8.870236e+02 9.496685e+01 2.168250e+02
    endloop
  endfacet
  facet normal 2.333121e-15 -1.194428e-14 -1.000000e+00
    outer loop
      vertex   8.870236e+02 9.496685e+01 2.168250e+02
      vertex   8.939969e+02 8.443134e+01 2.168250e+02
      vertex   8.937130e+02 8.437590e+01 2.168250e+02
    endloop
  endfacet
  facet normal 1.029385e-14 -6.916164e-15 -1.000000e+00
    outer loop
      vertex   8.870236e+02 9.496685e+01 2.168250e+02
      vertex   8.937130e+02 8.437590e+01 2.168250e+02
      vertex   8.865845e+02 9.431329e+01 2.168250e+02
    endloop
  endfacet
  facet normal 3.653164e-15 -1.167982e-14 -1.000000e+00
    outer loop
      vertex   8.865845e+02 9.431329e+01 2.168250e+02
      vertex   8.937130e+02 8.437590e+01 2.168250e+02
      vertex   8.934370e+02 8.428956e+01 2.168250e+02
    endloop
  endfacet
  facet normal 1.000917e-14 -7.334670e-15 -1.000000e+00
    outer loop
      vertex   8.865845e+02 9.431329e+01 2.168250e+02
      vertex   8.934370e+02 8.428956e+01 2.168250e+02
      vertex   8.861191e+02 9.367817e+01 2.168250e+02
    endloop
  endfacet
  facet normal 4.947763e-15 -1.127976e-14 -1.000000e+00
    outer loop
      vertex   8.861191e+02 9.367817e+01 2.168250e+02
      vertex   8.934370e+02 8.428956e+01 2.168250e+02
      vertex   8.931721e+02 8.417339e+01 2.168250e+02
    endloop
  endfacet
  facet normal 9.711600e-15 -7.744743e-15 -1.000000e+00
    outer loop
      vertex   8.861191e+02 9.367817e+01 2.168250e+02
      vertex   8.931721e+02 8.417339e+01 2.168250e+02
      vertex   8.856282e+02 9.306257e+01 2.168250e+02
    endloop
  endfacet
  facet normal 9.320732e-15 -8.076460e-15 -1.000000e+00
    outer loop
      vertex   8.856282e+02 9.306257e+01 2.168250e+02
      vertex   8.931721e+02 8.417339e+01 2.168250e+02
      vertex   8.851125e+02 9.246751e+01 2.168250e+02
    endloop
  endfacet
  facet normal -1.695393e-14 -3.360822e-14 -1.000000e+00
    outer loop
      vertex   8.851125e+02 9.246751e+01 2.168250e+02
      vertex   8.931721e+02 8.417339e+01 2.168250e+02
      vertex   8.845731e+02 9.189397e+01 2.168250e+02
    endloop
  endfacet
  facet normal 6.898982e-15 -7.041177e-15 -1.000000e+00
    outer loop
      vertex   8.845731e+02 9.189397e+01 2.168250e+02
      vertex   8.931721e+02 8.417339e+01 2.168250e+02
      vertex   8.840107e+02 9.134291e+01 2.168250e+02
    endloop
  endfacet
  facet normal 6.647456e-15 -7.362587e-15 -1.000000e+00
    outer loop
      vertex   8.840107e+02 9.134291e+01 2.168250e+02
      vertex   8.931721e+02 8.417339e+01 2.168250e+02
      vertex   8.834262e+02 9.081525e+01 2.168250e+02
    endloop
  endfacet
  facet normal 6.410436e-15 -7.710377e-15 -1.000000e+00
    outer loop
      vertex   8.834262e+02 9.081525e+01 2.168250e+02
      vertex   8.931721e+02 8.417339e+01 2.168250e+02
      vertex   8.828208e+02 9.031187e+01 2.168250e+02
    endloop
  endfacet
  facet normal 6.185550e-15 -8.089604e-15 -1.000000e+00
    outer loop
      vertex   8.828208e+02 9.031187e+01 2.168250e+02
      vertex   8.931721e+02 8.417339e+01 2.168250e+02
      vertex   8.821953e+02 8.983361e+01 2.168250e+02
    endloop
  endfacet
  facet normal -1.270665e-14 -4.472723e-14 -1.000000e+00
    outer loop
      vertex   8.821953e+02 8.983361e+01 2.168250e+02
      vertex   8.931721e+02 8.417339e+01 2.168250e+02
      vertex   8.815508e+02 8.938125e+01 2.168250e+02
    endloop
  endfacet
  facet normal 4.322709e-15 -6.726267e-15 -1.000000e+00
    outer loop
      vertex   8.815508e+02 8.938125e+01 2.168250e+02
      vertex   8.931721e+02 8.417339e+01 2.168250e+02
      vertex   8.808884e+02 8.895556e+01 2.168250e+02
    endloop
  endfacet
  facet normal 4.171866e-15 -7.113729e-15 -1.000000e+00
    outer loop
      vertex   8.808884e+02 8.895556e+01 2.168250e+02
      vertex   8.931721e+02 8.417339e+01 2.168250e+02
      vertex   8.802092e+02 8.855724e+01 2.168250e+02
    endloop
  endfacet
  facet normal 4.023886e-15 -7.551304e-15 -1.000000e+00
    outer loop
      vertex   8.802092e+02 8.855724e+01 2.168250e+02
      vertex   8.931721e+02 8.417339e+01 2.168250e+02
      vertex   8.795143e+02 8.818696e+01 2.168250e+02
    endloop
  endfacet
  facet normal 3.877086e-15 -8.050851e-15 -1.000000e+00
    outer loop
      vertex   8.795143e+02 8.818696e+01 2.168250e+02
      vertex   8.931721e+02 8.417339e+01 2.168250e+02
      vertex   8.788049e+02 8.784532e+01 2.168250e+02
    endloop
  endfacet
  facet normal 3.729546e-15 -8.628130e-15 -1.000000e+00
    outer loop
      vertex   8.788049e+02 8.784532e+01 2.168250e+02
      vertex   8.931721e+02 8.417339e+01 2.168250e+02
      vertex   8.780822e+02 8.753291e+01 2.168250e+02
    endloop
  endfacet
  facet normal 3.578950e-15 -9.304566e-15 -1.000000e+00
    outer loop
      vertex   8.780822e+02 8.753291e+01 2.168250e+02
      vertex   8.931721e+02 8.417339e+01 2.168250e+02
      vertex   8.773473e+02 8.725024e+01 2.168250e+02
    endloop
  endfacet
  facet normal 3.422331e-15 -1.011009e-14 -1.000000e+00
    outer loop
      vertex   8.773473e+02 8.725024e+01 2.168250e+02
      vertex   8.931721e+02 8.417339e+01 2.168250e+02
      vertex   8.766015e+02 8.699778e+01 2.168250e+02
    endloop
  endfacet
  facet normal 3.255680e-15 -1.108783e-14 -1.000000e+00
    outer loop
      vertex   8.766015e+02 8.699778e+01 2.168250e+02
      vertex   8.931721e+02 8.417339e+01 2.168250e+02
      vertex   8.758460e+02 8.677594e+01 2.168250e+02
    endloop
  endfacet
  facet normal 3.073246e-15 -1.230236e-14 -1.000000e+00
    outer loop
      vertex   8.758460e+02 8.677594e+01 2.168250e+02
      vertex   8.931721e+02 8.417339e+01 2.168250e+02
      vertex   8.750821e+02 8.658511e+01 2.168250e+02
    endloop
  endfacet
  facet normal -2.602414e-14 -2.305586e-13 -1.000000e+00
    outer loop
      vertex   8.750821e+02 8.658511e+01 2.168250e+02
      vertex   8.931721e+02 8.417339e+01 2.168250e+02
      vertex   8.743110e+02 8.642560e+01 2.168250e+02
    endloop
  endfacet
  facet normal 1.248643e-15 -2.162714e-15 -1.000000e+00
    outer loop
      vertex   8.743110e+02 8.642560e+01 2.168250e+02
      vertex   8.931721e+02 8.417339e+01 2.168250e+02
      vertex   8.929217e+02 8.402878e+01 2.168250e+02
    endloop
  endfacet
  facet normal 1.299477e-15 -1.768003e-15 -1.000000e+00
    outer loop
      vertex   8.743110e+02 8.642560e+01 2.168250e+02
      vertex   8.929217e+02 8.402878e+01 2.168250e+02
      vertex   8.926886e+02 8.385750e+01 2.168250e+02
    endloop
  endfacet
  facet normal 1.342716e-15 -1.458579e-15 -1.000000e+00
    outer loop
      vertex   8.926886e+02 8.385750e+01 2.168250e+02
      vertex   8.924759e+02 8.366163e+01 2.168250e+02
      vertex   8.743110e+02 8.642560e+01 2.168250e+02
    endloop
  endfacet
  facet normal 1.381573e-15 -1.203213e-15 -1.000000e+00
    outer loop
      vertex   8.743110e+02 8.642560e+01 2.168250e+02
      vertex   8.924759e+02 8.366163e+01 2.168250e+02
      vertex   8.922859e+02 8.344353e+01 2.168250e+02
    endloop
  endfacet
  facet normal -1.637474e-14 -1.082323e-13 -1.000000e+00
    outer loop
      vertex   8.743110e+02 8.642560e+01 2.168250e+02
      vertex   8.922859e+02 8.344353e+01 2.168250e+02
      vertex   8.921211e+02 8.320586e+01 2.168250e+02
    endloop
  endfacet
  facet normal 2.907213e-15 -1.573305e-15 -1.000000e+00
    outer loop
      vertex   8.921211e+02 8.320586e+01 2.168250e+02
      vertex   8.919835e+02 8.295151e+01 2.168250e+02
      vertex   8.743110e+02 8.642560e+01 2.168250e+02
    endloop
  endfacet
  facet normal 2.978666e-15 -1.209829e-15 -1.000000e+00
    outer loop
      vertex   8.743110e+02 8.642560e+01 2.168250e+02
      vertex   8.919835e+02 8.295151e+01 2.168250e+02
      vertex   8.918747e+02 8.268356e+01 2.168250e+02
    endloop
  endfacet
  facet normal 3.052523e-15 -8.631713e-16 -1.000000e+00
    outer loop
      vertex   8.743110e+02 8.642560e+01 2.168250e+02
      vertex   8.918747e+02 8.268356e+01 2.168250e+02
      vertex   8.917960e+02 8.240526e+01 2.168250e+02
    endloop
  endfacet
  facet normal 3.130866e-15 -5.224491e-16 -1.000000e+00
    outer loop
      vertex   8.917960e+02 8.240526e+01 2.168250e+02
      vertex   8.917484e+02 8.211999e+01 2.168250e+02
      vertex   8.743110e+02 8.642560e+01 2.168250e+02
    endloop
  endfacet
  facet normal -3.182945e-14 -6.494094e-16 -1.000000e+00
    outer loop
      vertex   8.515035e+02 1.046140e+02 2.168250e+02
      vertex   8.421874e+02 7.980122e+01 2.168250e+02
      vertex   8.514874e+02 1.054012e+02 2.168250e+02
    endloop
  endfacet
  facet normal 3.582955e-27 -1.221245e-14 -1.000000e+00
    outer loop
      vertex   8.514874e+02 1.054012e+02 2.168250e+02
      vertex   8.421874e+02 7.980122e+01 2.168250e+02
      vertex   8.421874e+02 1.310012e+02 2.168250e+02
    endloop
  endfacet
  facet normal 3.182945e-14 -6.494094e-16 -1.000000e+00
    outer loop
      vertex   8.514874e+02 1.054012e+02 2.168250e+02
      vertex   8.421874e+02 1.310012e+02 2.168250e+02
      vertex   8.515035e+02 1.061884e+02 2.168250e+02
    endloop
  endfacet
  facet normal 6.882938e-15 -1.001568e-14 -1.000000e+00
    outer loop
      vertex   8.515035e+02 1.061884e+02 2.168250e+02
      vertex   8.421874e+02 1.310012e+02 2.168250e+02
      vertex   8.451459e+02 1.273589e+02 2.168250e+02
    endloop
  endfacet
  facet normal -6.660074e-14 -3.208305e-14 -1.000000e+00
    outer loop
      vertex   8.515035e+02 1.061884e+02 2.168250e+02
      vertex   8.451459e+02 1.273589e+02 2.168250e+02
      vertex   8.515516e+02 1.069744e+02 2.168250e+02
    endloop
  endfacet
  facet normal -2.003783e-14 -1.745097e-14 -1.000000e+00
    outer loop
      vertex   8.515516e+02 1.069744e+02 2.168250e+02
      vertex   8.451459e+02 1.273589e+02 2.168250e+02
      vertex   8.453359e+02 1.271408e+02 2.168250e+02
    endloop
  endfacet
  facet normal 2.746088e-14 -2.810758e-15 -1.000000e+00
    outer loop
      vertex   8.515516e+02 1.069744e+02 2.168250e+02
      vertex   8.453359e+02 1.271408e+02 2.168250e+02
      vertex   8.516318e+02 1.077576e+02 2.168250e+02
    endloop
  endfacet
  facet normal 2.503336e-14 -3.599254e-15 -1.000000e+00
    outer loop
      vertex   8.516318e+02 1.077576e+02 2.168250e+02
      vertex   8.453359e+02 1.271408e+02 2.168250e+02
      vertex   8.517439e+02 1.085370e+02 2.168250e+02
    endloop
  endfacet
  facet normal -1.647502e-14 -1.789664e-14 -1.000000e+00
    outer loop
      vertex   8.517439e+02 1.085370e+02 2.168250e+02
      vertex   8.453359e+02 1.271408e+02 2.168250e+02
      vertex   8.455486e+02 1.269449e+02 2.168250e+02
    endloop
  endfacet
  facet normal 2.365173e-14 -4.391907e-15 -1.000000e+00
    outer loop
      vertex   8.517439e+02 1.085370e+02 2.168250e+02
      vertex   8.455486e+02 1.269449e+02 2.168250e+02
      vertex   8.518876e+02 1.093112e+02 2.168250e+02
    endloop
  endfacet
  facet normal -1.040544e-13 -5.029962e-14 -1.000000e+00
    outer loop
      vertex   8.518876e+02 1.093112e+02 2.168250e+02
      vertex   8.455486e+02 1.269449e+02 2.168250e+02
      vertex   8.520628e+02 1.100788e+02 2.168250e+02
    endloop
  endfacet
  facet normal -1.037729e-14 -1.411881e-14 -1.000000e+00
    outer loop
      vertex   8.520628e+02 1.100788e+02 2.168250e+02
      vertex   8.455486e+02 1.269449e+02 2.168250e+02
      vertex   8.457817e+02 1.267737e+02 2.168250e+02
    endloop
  endfacet
  facet normal 1.576733e-14 -4.282354e-15 -1.000000e+00
    outer loop
      vertex   8.520628e+02 1.100788e+02 2.168250e+02
      vertex   8.457817e+02 1.267737e+02 2.168250e+02
      vertex   8.522692e+02 1.108387e+02 2.168250e+02
    endloop
  endfacet
  facet normal -8.077139e-15 -1.399002e-14 -1.000000e+00
    outer loop
      vertex   8.522692e+02 1.108387e+02 2.168250e+02
      vertex   8.457817e+02 1.267737e+02 2.168250e+02
      vertex   8.460321e+02 1.266291e+02 2.168250e+02
    endloop
  endfacet
  facet normal 1.519120e-14 -4.799234e-15 -1.000000e+00
    outer loop
      vertex   8.522692e+02 1.108387e+02 2.168250e+02
      vertex   8.460321e+02 1.266291e+02 2.168250e+02
      vertex   8.525064e+02 1.115895e+02 2.168250e+02
    endloop
  endfacet
  facet normal -6.131414e-15 -1.397822e-14 -1.000000e+00
    outer loop
      vertex   8.525064e+02 1.115895e+02 2.168250e+02
      vertex   8.460321e+02 1.266291e+02 2.168250e+02
      vertex   8.462970e+02 1.265129e+02 2.168250e+02
    endloop
  endfacet
  facet normal 1.469733e-14 -5.311693e-15 -1.000000e+00
    outer loop
      vertex   8.525064e+02 1.115895e+02 2.168250e+02
      vertex   8.462970e+02 1.265129e+02 2.168250e+02
      vertex   8.527740e+02 1.123300e+02 2.168250e+02
    endloop
  endfacet
  facet normal -4.387393e-15 -1.402728e-14 -1.000000e+00
    outer loop
      vertex   8.527740e+02 1.123300e+02 2.168250e+02
      vertex   8.462970e+02 1.265129e+02 2.168250e+02
      vertex   8.465730e+02 1.264265e+02 2.168250e+02
    endloop
  endfacet
  facet normal -3.170602e-14 -2.604459e-14 -1.000000e+00
    outer loop
      vertex   8.527740e+02 1.123300e+02 2.168250e+02
      vertex   8.465730e+02 1.264265e+02 2.168250e+02
      vertex   8.530716e+02 1.130589e+02 2.168250e+02
    endloop
  endfacet
  facet normal 1.127543e-14 -5.149314e-15 -1.000000e+00
    outer loop
      vertex   8.530716e+02 1.130589e+02 2.168250e+02
      vertex   8.465730e+02 1.264265e+02 2.168250e+02
      vertex   8.533987e+02 1.137752e+02 2.168250e+02
    endloop
  endfacet
  facet normal -2.452589e-15 -1.255589e-14 -1.000000e+00
    outer loop
      vertex   8.533987e+02 1.137752e+02 2.168250e+02
      vertex   8.465730e+02 1.264265e+02 2.168250e+02
      vertex   8.468569e+02 1.263711e+02 2.168250e+02
    endloop
  endfacet
  facet normal 1.099276e-14 -5.572874e-15 -1.000000e+00
    outer loop
      vertex   8.533987e+02 1.137752e+02 2.168250e+02
      vertex   8.468569e+02 1.263711e+02 2.168250e+02
      vertex   8.537548e+02 1.144775e+02 2.168250e+02
    endloop
  endfacet
  facet normal -1.040045e-15 -1.255148e-14 -1.000000e+00
    outer loop
      vertex   8.537548e+02 1.144775e+02 2.168250e+02
      vertex   8.468569e+02 1.263711e+02 2.168250e+02
      vertex   8.471451e+02 1.263472e+02 2.168250e+02
    endloop
  endfacet
  facet normal 1.072591e-14 -5.999613e-15 -1.000000e+00
    outer loop
      vertex   8.537548e+02 1.144775e+02 2.168250e+02
      vertex   8.471451e+02 1.263472e+02 2.168250e+02
      vertex   8.541391e+02 1.151647e+02 2.168250e+02
    endloop
  endfacet
  facet normal -2.392077e-14 -2.766910e-14 -1.000000e+00
    outer loop
      vertex   8.541391e+02 1.151647e+02 2.168250e+02
      vertex   8.471451e+02 1.263472e+02 2.168250e+02
      vertex   8.545512e+02 1.158356e+02 2.168250e+02
    endloop
  endfacet
  facet normal 7.857476e-15 -5.279229e-15 -1.000000e+00
    outer loop
      vertex   8.545512e+02 1.158356e+02 2.168250e+02
      vertex   8.471451e+02 1.263472e+02 2.168250e+02
      vertex   8.549903e+02 1.164892e+02 2.168250e+02
    endloop
  endfacet
  facet normal 7.544324e-15 -5.528441e-15 -1.000000e+00
    outer loop
      vertex   8.549903e+02 1.164892e+02 2.168250e+02
      vertex   8.471451e+02 1.263472e+02 2.168250e+02
      vertex   8.554558e+02 1.171243e+02 2.168250e+02
    endloop
  endfacet
  facet normal 7.257048e-15 -5.787302e-15 -1.000000e+00
    outer loop
      vertex   8.554558e+02 1.171243e+02 2.168250e+02
      vertex   8.471451e+02 1.263472e+02 2.168250e+02
      vertex   8.559467e+02 1.177399e+02 2.168250e+02
    endloop
  endfacet
  facet normal 6.991856e-15 -6.058478e-15 -1.000000e+00
    outer loop
      vertex   8.559467e+02 1.177399e+02 2.168250e+02
      vertex   8.471451e+02 1.263472e+02 2.168250e+02
      vertex   8.564623e+02 1.183349e+02 2.168250e+02
    endloop
  endfacet
  facet normal -4.037198e-14 -6.113628e-14 -1.000000e+00
    outer loop
      vertex   8.564623e+02 1.183349e+02 2.168250e+02
      vertex   8.471451e+02 1.263472e+02 2.168250e+02
      vertex   8.570018e+02 1.189085e+02 2.168250e+02
    endloop
  endfacet
  facet normal 3.257737e-15 -3.324882e-15 -1.000000e+00
    outer loop
      vertex   8.570018e+02 1.189085e+02 2.168250e+02
      vertex   8.471451e+02 1.263472e+02 2.168250e+02
      vertex   8.575642e+02 1.194595e+02 2.168250e+02
    endloop
  endfacet
  facet normal 3.149611e-15 -3.488445e-15 -1.000000e+00
    outer loop
      vertex   8.575642e+02 1.194595e+02 2.168250e+02
      vertex   8.471451e+02 1.263472e+02 2.168250e+02
      vertex   8.581486e+02 1.199872e+02 2.168250e+02
    endloop
  endfacet
  facet normal 3.047371e-15 -3.665332e-15 -1.000000e+00
    outer loop
      vertex   8.581486e+02 1.199872e+02 2.168250e+02
      vertex   8.471451e+02 1.263472e+02 2.168250e+02
      vertex   8.587541e+02 1.204906e+02 2.168250e+02
    endloop
  endfacet
  facet normal 2.950079e-15 -3.858181e-15 -1.000000e+00
    outer loop
      vertex   8.587541e+02 1.204906e+02 2.168250e+02
      vertex   8.471451e+02 1.263472e+02 2.168250e+02
      vertex   8.593796e+02 1.209688e+02 2.168250e+02
    endloop
  endfacet
  facet normal -1.412684e-14 -4.270386e-14 -1.000000e+00
    outer loop
      vertex   8.593796e+02 1.209688e+02 2.168250e+02
      vertex   8.471451e+02 1.263472e+02 2.168250e+02
      vertex   8.600240e+02 1.214212e+02 2.168250e+02
    endloop
  endfacet
  facet normal 1.383456e-15 -2.152700e-15 -1.000000e+00
    outer loop
      vertex   8.600240e+02 1.214212e+02 2.168250e+02
      vertex   8.471451e+02 1.263472e+02 2.168250e+02
      vertex   8.606864e+02 1.218469e+02 2.168250e+02
    endloop
  endfacet
  facet normal 1.339689e-15 -2.284394e-15 -1.000000e+00
    outer loop
      vertex   8.606864e+02 1.218469e+02 2.168250e+02
      vertex   8.471451e+02 1.263472e+02 2.168250e+02
      vertex   8.613656e+02 1.222452e+02 2.168250e+02
    endloop
  endfacet
  facet normal 1.296702e-15 -2.433417e-15 -1.000000e+00
    outer loop
      vertex   8.613656e+02 1.222452e+02 2.168250e+02
      vertex   8.471451e+02 1.263472e+02 2.168250e+02
      vertex   8.620605e+02 1.226155e+02 2.168250e+02
    endloop
  endfacet
  facet normal 1.254022e-15 -2.604004e-15 -1.000000e+00
    outer loop
      vertex   8.620605e+02 1.226155e+02 2.168250e+02
      vertex   8.471451e+02 1.263472e+02 2.168250e+02
      vertex   8.627699e+02 1.229571e+02 2.168250e+02
    endloop
  endfacet
  facet normal 1.211101e-15 -2.801826e-15 -1.000000e+00
    outer loop
      vertex   8.627699e+02 1.229571e+02 2.168250e+02
      vertex   8.471451e+02 1.263472e+02 2.168250e+02
      vertex   8.634927e+02 1.232695e+02 2.168250e+02
    endloop
  endfacet
  facet normal 1.167266e-15 -3.034663e-15 -1.000000e+00
    outer loop
      vertex   8.634927e+02 1.232695e+02 2.168250e+02
      vertex   8.471451e+02 1.263472e+02 2.168250e+02
      vertex   8.642276e+02 1.235522e+02 2.168250e+02
    endloop
  endfacet
  facet normal 1.121643e-15 -3.313503e-15 -1.000000e+00
    outer loop
      vertex   8.642276e+02 1.235522e+02 2.168250e+02
      vertex   8.471451e+02 1.263472e+02 2.168250e+02
      vertex   8.649734e+02 1.238047e+02 2.168250e+02
    endloop
  endfacet
  facet normal 1.073027e-15 -3.654394e-15 -1.000000e+00
    outer loop
      vertex   8.649734e+02 1.238047e+02 2.168250e+02
      vertex   8.471451e+02 1.263472e+02 2.168250e+02
      vertex   8.657289e+02 1.240265e+02 2.168250e+02
    endloop
  endfacet
  facet normal 1.019660e-15 -4.081748e-15 -1.000000e+00
    outer loop
      vertex   8.657289e+02 1.240265e+02 2.168250e+02
      vertex   8.471451e+02 1.263472e+02 2.168250e+02
      vertex   8.664928e+02 1.242173e+02 2.168250e+02
    endloop
  endfacet
  facet normal -1.184340e-14 -1.209284e-13 -1.000000e+00
    outer loop
      vertex   8.664928e+02 1.242173e+02 2.168250e+02
      vertex   8.471451e+02 1.263472e+02 2.168250e+02
      vertex   8.672638e+02 1.243768e+02 2.168250e+02
    endloop
  endfacet
  facet normal 0.000000e+00 0.000000e+00 -1.000000e+00
    outer loop
      vertex   8.672638e+02 1.243768e+02 2.168250e+02
      vertex   8.471451e+02 1.263472e+02 2.168250e+02
      vertex   8.680407e+02 1.245048e+02 2.168250e+02
    endloop
  endfacet
  facet normal 0.000000e+00 0.000000e+00 -1.000000e+00
    outer loop
      vertex   8.680407e+02 1.245048e+02 2.168250e+02
      vertex   8.471451e+02 1.263472e+02 2.168250e+02
      vertex   8.688222e+02 1.246009e+02 2.168250e+02
    endloop
  endfacet
  facet normal 0.000000e+00 0.000000e+00 -1.000000e+00
    outer loop
      vertex   8.688222e+02 1.246009e+02 2.168250e+02
      vertex   8.471451e+02 1.263472e+02 2.168250e+02
      vertex   8.696070e+02 1.246651e+02 2.168250e+02
    endloop
  endfacet
  facet normal 0.000000e+00 0.000000e+00 -1.000000e+00
    outer loop
      vertex   8.696070e+02 1.246651e+02 2.168250e+02
      vertex   8.471451e+02 1.263472e+02 2.168250e+02
      vertex   8.703937e+02 1.246972e+02 2.168250e+02
    endloop
  endfacet
  facet normal 0.000000e+00 0.000000e+00 -1.000000e+00
    outer loop
      vertex   8.703937e+02 1.246972e+02 2.168250e+02
      vertex   8.471451e+02 1.263472e+02 2.168250e+02
      vertex   8.474342e+02 1.263552e+02 2.168250e+02
    endloop
  endfacet
  facet normal 0.000000e+00 0.000000e+00 -1.000000e+00
    outer loop
      vertex   8.703937e+02 1.246972e+02 2.168250e+02
      vertex   8.474342e+02 1.263552e+02 2.168250e+02
      vertex   8.477207e+02 1.263949e+02 2.168250e+02
    endloop
  endfacet
  facet normal -6.882938e-15 -1.001568e-14 -1.000000e+00
    outer loop
      vertex   8.421874e+02 7.980122e+01 2.168250e+02
      vertex   8.515035e+02 1.046140e+02 2.168250e+02
      vertex   8.451459e+02 8.344353e+01 2.168250e+02
    endloop
  endfacet
  facet normal 6.660074e-14 -3.208305e-14 -1.000000e+00
    outer loop
      vertex   8.451459e+02 8.344353e+01 2.168250e+02
      vertex   8.515035e+02 1.046140e+02 2.168250e+02
      vertex   8.515516e+02 1.038281e+02 2.168250e+02
    endloop
  endfacet
  facet normal 2.003783e-14 -1.745097e-14 -1.000000e+00
    outer loop
      vertex   8.451459e+02 8.344353e+01 2.168250e+02
      vertex   8.515516e+02 1.038281e+02 2.168250e+02
      vertex   8.453359e+02 8.366163e+01 2.168250e+02
    endloop
  endfacet
  facet normal -2.746088e-14 -2.810758e-15 -1.000000e+00
    outer loop
      vertex   8.453359e+02 8.366163e+01 2.168250e+02
      vertex   8.515516e+02 1.038281e+02 2.168250e+02
      vertex   8.516318e+02 1.030448e+02 2.168250e+02
    endloop
  endfacet
  facet normal -2.503336e-14 -3.599254e-15 -1.000000e+00
    outer loop
      vertex   8.453359e+02 8.366163e+01 2.168250e+02
      vertex   8.516318e+02 1.030448e+02 2.168250e+02
      vertex   8.517439e+02 1.022654e+02 2.168250e+02
    endloop
  endfacet
  facet normal 1.647502e-14 -1.789664e-14 -1.000000e+00
    outer loop
      vertex   8.453359e+02 8.366163e+01 2.168250e+02
      vertex   8.517439e+02 1.022654e+02 2.168250e+02
      vertex   8.455486e+02 8.385750e+01 2.168250e+02
    endloop
  endfacet
  facet normal -2.365173e-14 -4.391907e-15 -1.000000e+00
    outer loop
      vertex   8.455486e+02 8.385750e+01 2.168250e+02
      vertex   8.517439e+02 1.022654e+02 2.168250e+02
      vertex   8.518876e+02 1.014913e+02 2.168250e+02
    endloop
  endfacet
  facet normal 4.105758e-14 -2.765356e-14 -1.000000e+00
    outer loop
      vertex   8.455486e+02 8.385750e+01 2.168250e+02
      vertex   8.518876e+02 1.014913e+02 2.168250e+02
      vertex   8.520628e+02 1.007236e+02 2.168250e+02
    endloop
  endfacet
  facet normal 1.210684e-14 -1.647195e-14 -1.000000e+00
    outer loop
      vertex   8.455486e+02 8.385750e+01 2.168250e+02
      vertex   8.520628e+02 1.007236e+02 2.168250e+02
      vertex   8.457817e+02 8.402878e+01 2.168250e+02
    endloop
  endfacet
  facet normal -1.839522e-14 -4.996080e-15 -1.000000e+00
    outer loop
      vertex   8.457817e+02 8.402878e+01 2.168250e+02
      vertex   8.520628e+02 1.007236e+02 2.168250e+02
      vertex   8.522692e+02 9.996378e+01 2.168250e+02
    endloop
  endfacet
  facet normal 9.423329e-15 -1.632169e-14 -1.000000e+00
    outer loop
      vertex   8.457817e+02 8.402878e+01 2.168250e+02
      vertex   8.522692e+02 9.996378e+01 2.168250e+02
      vertex   8.460321e+02 8.417339e+01 2.168250e+02
    endloop
  endfacet
  facet normal -1.772307e-14 -5.599106e-15 -1.000000e+00
    outer loop
      vertex   8.460321e+02 8.417339e+01 2.168250e+02
      vertex   8.522692e+02 9.996378e+01 2.168250e+02
      vertex   8.525064e+02 9.921298e+01 2.168250e+02
    endloop
  endfacet
  facet normal 7.153316e-15 -1.630792e-14 -1.000000e+00
    outer loop
      vertex   8.460321e+02 8.417339e+01 2.168250e+02
      vertex   8.525064e+02 9.921298e+01 2.168250e+02
      vertex   8.462970e+02 8.428956e+01 2.168250e+02
    endloop
  endfacet
  facet normal -1.714688e-14 -6.196976e-15 -1.000000e+00
    outer loop
      vertex   8.462970e+02 8.428956e+01 2.168250e+02
      vertex   8.525064e+02 9.921298e+01 2.168250e+02
      vertex   8.527740e+02 9.847247e+01 2.168250e+02
    endloop
  endfacet
  facet normal 5.118625e-15 -1.636515e-14 -1.000000e+00
    outer loop
      vertex   8.462970e+02 8.428956e+01 2.168250e+02
      vertex   8.527740e+02 9.847247e+01 2.168250e+02
      vertex   8.465730e+02 8.437590e+01 2.168250e+02
    endloop
  endfacet
  facet normal 2.932881e-14 -2.701508e-14 -1.000000e+00
    outer loop
      vertex   8.465730e+02 8.437590e+01 2.168250e+02
      vertex   8.527740e+02 9.847247e+01 2.168250e+02
      vertex   8.530716e+02 9.774349e+01 2.168250e+02
    endloop
  endfacet
  facet normal -1.353051e-14 -6.179177e-15 -1.000000e+00
    outer loop
      vertex   8.465730e+02 8.437590e+01 2.168250e+02
      vertex   8.530716e+02 9.774349e+01 2.168250e+02
      vertex   8.533987e+02 9.702727e+01 2.168250e+02
    endloop
  endfacet
  facet normal 2.943107e-15 -1.506707e-14 -1.000000e+00
    outer loop
      vertex   8.465730e+02 8.437590e+01 2.168250e+02
      vertex   8.533987e+02 9.702727e+01 2.168250e+02
      vertex   8.468569e+02 8.443134e+01 2.168250e+02
    endloop
  endfacet
  facet normal -1.319132e-14 -6.687449e-15 -1.000000e+00
    outer loop
      vertex   8.468569e+02 8.443134e+01 2.168250e+02
      vertex   8.533987e+02 9.702727e+01 2.168250e+02
      vertex   8.537548e+02 9.632497e+01 2.168250e+02
    endloop
  endfacet
  facet normal 1.248054e-15 -1.506177e-14 -1.000000e+00
    outer loop
      vertex   8.468569e+02 8.443134e+01 2.168250e+02
      vertex   8.537548e+02 9.632497e+01 2.168250e+02
      vertex   8.471451e+02 8.445522e+01 2.168250e+02
    endloop
  endfacet
  facet normal -1.287109e-14 -7.199536e-15 -1.000000e+00
    outer loop
      vertex   8.471451e+02 8.445522e+01 2.168250e+02
      vertex   8.537548e+02 9.632497e+01 2.168250e+02
      vertex   8.541391e+02 9.563779e+01 2.168250e+02
    endloop
  endfacet
  facet normal 5.604262e-14 -5.030107e-14 -1.000000e+00
    outer loop
      vertex   8.471451e+02 8.445522e+01 2.168250e+02
      vertex   8.541391e+02 9.563779e+01 2.168250e+02
      vertex   8.545512e+02 9.496685e+01 2.168250e+02
    endloop
  endfacet
  facet normal -7.857476e-15 -5.279229e-15 -1.000000e+00
    outer loop
      vertex   8.545512e+02 9.496685e+01 2.168250e+02
      vertex   8.549903e+02 9.431329e+01 2.168250e+02
      vertex   8.471451e+02 8.445522e+01 2.168250e+02
    endloop
  endfacet
  facet normal -7.544324e-15 -5.528441e-15 -1.000000e+00
    outer loop
      vertex   8.471451e+02 8.445522e+01 2.168250e+02
      vertex   8.549903e+02 9.431329e+01 2.168250e+02
      vertex   8.554558e+02 9.367817e+01 2.168250e+02
    endloop
  endfacet
  facet normal -7.257048e-15 -5.787302e-15 -1.000000e+00
    outer loop
      vertex   8.471451e+02 8.445522e+01 2.168250e+02
      vertex   8.554558e+02 9.367817e+01 2.168250e+02
      vertex   8.559467e+02 9.306257e+01 2.168250e+02
    endloop
  endfacet
  facet normal -6.991856e-15 -6.058478e-15 -1.000000e+00
    outer loop
      vertex   8.559467e+02 9.306257e+01 2.168250e+02
      vertex   8.564623e+02 9.246751e+01 2.168250e+02
      vertex   8.471451e+02 8.445522e+01 2.168250e+02
    endloop
  endfacet
  facet normal 1.681321e-14 -3.374058e-14 -1.000000e+00
    outer loop
      vertex   8.471451e+02 8.445522e+01 2.168250e+02
      vertex   8.564623e+02 9.246751e+01 2.168250e+02
      vertex   8.570018e+02 9.189397e+01 2.168250e+02
    endloop
  endfacet
  facet normal -4.886605e-15 -4.987323e-15 -1.000000e+00
    outer loop
      vertex   8.471451e+02 8.445522e+01 2.168250e+02
      vertex   8.570018e+02 9.189397e+01 2.168250e+02
      vertex   8.575642e+02 9.134291e+01 2.168250e+02
    endloop
  endfacet
  facet normal -4.724417e-15 -5.232668e-15 -1.000000e+00
    outer loop
      vertex   8.575642e+02 9.134291e+01 2.168250e+02
      vertex   8.581486e+02 9.081525e+01 2.168250e+02
      vertex   8.471451e+02 8.445522e+01 2.168250e+02
    endloop
  endfacet
  facet normal -4.571056e-15 -5.497998e-15 -1.000000e+00
    outer loop
      vertex   8.471451e+02 8.445522e+01 2.168250e+02
      vertex   8.581486e+02 9.081525e+01 2.168250e+02
      vertex   8.587541e+02 9.031187e+01 2.168250e+02
    endloop
  endfacet
  facet normal -4.425119e-15 -5.787272e-15 -1.000000e+00
    outer loop
      vertex   8.471451e+02 8.445522e+01 2.168250e+02
      vertex   8.587541e+02 9.031187e+01 2.168250e+02
      vertex   8.593796e+02 8.983361e+01 2.168250e+02
    endloop
  endfacet
  facet normal 1.269840e-14 -4.473897e-14 -1.000000e+00
    outer loop
      vertex   8.593796e+02 8.983361e+01 2.168250e+02
      vertex   8.600240e+02 8.938125e+01 2.168250e+02
      vertex   8.471451e+02 8.445522e+01 2.168250e+02
    endloop
  endfacet
  facet normal -2.766913e-15 -4.305400e-15 -1.000000e+00
    outer loop
      vertex   8.471451e+02 8.445522e+01 2.168250e+02
      vertex   8.600240e+02 8.938125e+01 2.168250e+02
      vertex   8.606864e+02 8.895556e+01 2.168250e+02
    endloop
  endfacet
  facet normal -2.679378e-15 -4.568788e-15 -1.000000e+00
    outer loop
      vertex   8.471451e+02 8.445522e+01 2.168250e+02
      vertex   8.606864e+02 8.895556e+01 2.168250e+02
      vertex   8.613656e+02 8.855724e+01 2.168250e+02
    endloop
  endfacet
  facet normal -2.593404e-15 -4.866834e-15 -1.000000e+00
    outer loop
      vertex   8.613656e+02 8.855724e+01 2.168250e+02
      vertex   8.620605e+02 8.818696e+01 2.168250e+02
      vertex   8.471451e+02 8.445522e+01 2.168250e+02
    endloop
  endfacet
  facet normal -2.508045e-15 -5.208009e-15 -1.000000e+00
    outer loop
      vertex   8.471451e+02 8.445522e+01 2.168250e+02
      vertex   8.620605e+02 8.818696e+01 2.168250e+02
      vertex   8.627699e+02 8.784532e+01 2.168250e+02
    endloop
  endfacet
  facet normal -2.422203e-15 -5.603652e-15 -1.000000e+00
    outer loop
      vertex   8.471451e+02 8.445522e+01 2.168250e+02
      vertex   8.627699e+02 8.784532e+01 2.168250e+02
      vertex   8.634927e+02 8.753291e+01 2.168250e+02
    endloop
  endfacet
  facet normal -2.334532e-15 -6.069326e-15 -1.000000e+00
    outer loop
      vertex   8.634927e+02 8.753291e+01 2.168250e+02
      vertex   8.642276e+02 8.725024e+01 2.168250e+02
      vertex   8.471451e+02 8.445522e+01 2.168250e+02
    endloop
  endfacet
  facet normal -2.243285e-15 -6.627006e-15 -1.000000e+00
    outer loop
      vertex   8.471451e+02 8.445522e+01 2.168250e+02
      vertex   8.642276e+02 8.725024e+01 2.168250e+02
      vertex   8.649734e+02 8.699778e+01 2.168250e+02
    endloop
  endfacet
  facet normal -2.146054e-15 -7.308789e-15 -1.000000e+00
    outer loop
      vertex   8.471451e+02 8.445522e+01 2.168250e+02
      vertex   8.649734e+02 8.699778e+01 2.168250e+02
      vertex   8.657289e+02 8.677594e+01 2.168250e+02
    endloop
  endfacet
  facet normal -2.039319e-15 -8.163495e-15 -1.000000e+00
    outer loop
      vertex   8.657289e+02 8.677594e+01 2.168250e+02
      vertex   8.664928e+02 8.658511e+01 2.168250e+02
      vertex   8.471451e+02 8.445522e+01 2.168250e+02
    endloop
  endfacet
  facet normal 2.368679e-14 -2.418568e-13 -1.000000e+00
    outer loop
      vertex   8.471451e+02 8.445522e+01 2.168250e+02
      vertex   8.664928e+02 8.658511e+01 2.168250e+02
      vertex   8.672638e+02 8.642560e+01 2.168250e+02
    endloop
  endfacet
  facet normal 0.000000e+00 0.000000e+00 -1.000000e+00
    outer loop
      vertex   8.471451e+02 8.445522e+01 2.168250e+02
      vertex   8.672638e+02 8.642560e+01 2.168250e+02
      vertex   8.680407e+02 8.629767e+01 2.168250e+02
    endloop
  endfacet
  facet normal 0.000000e+00 -0.000000e+00 -1.000000e+00
    outer loop
      vertex   8.680407e+02 8.629767e+01 2.168250e+02
      vertex   8.688222e+02 8.620153e+01 2.168250e+02
      vertex   8.471451e+02 8.445522e+01 2.168250e+02
    endloop
  endfacet
  facet normal 0.000000e+00 0.000000e+00 -1.000000e+00
    outer loop
      vertex   8.471451e+02 8.445522e+01 2.168250e+02
      vertex   8.688222e+02 8.620153e+01 2.168250e+02
      vertex   8.696070e+02 8.613735e+01 2.168250e+02
    endloop
  endfacet
  facet normal 0.000000e+00 0.000000e+00 -1.000000e+00
    outer loop
      vertex   8.471451e+02 8.445522e+01 2.168250e+02
      vertex   8.696070e+02 8.613735e+01 2.168250e+02
      vertex   8.703937e+02 8.610524e+01 2.168250e+02
    endloop
  endfacet
  facet normal 0.000000e+00 -0.000000e+00 -1.000000e+00
    outer loop
      vertex   8.703937e+02 8.610524e+01 2.168250e+02
      vertex   8.711811e+02 8.610524e+01 2.168250e+02
      vertex   8.471451e+02 8.445522e+01 2.168250e+02
    endloop
  endfacet
  facet normal 0.000000e+00 0.000000e+00 -1.000000e+00
    outer loop
      vertex   8.471451e+02 8.445522e+01 2.168250e+02
      vertex   8.711811e+02 8.610524e+01 2.168250e+02
      vertex   8.474342e+02 8.444726e+01 2.168250e+02
    endloop
  endfacet
  facet normal 0.000000e+00 0.000000e+00 -1.000000e+00
    outer loop
      vertex   8.474342e+02 8.444726e+01 2.168250e+02
      vertex   8.711811e+02 8.610524e+01 2.168250e+02
      vertex   8.477207e+02 8.440753e+01 2.168250e+02
    endloop
  endfacet
  facet normal 0.000000e+00 0.000000e+00 -1.000000e+00
    outer loop
      vertex   8.477207e+02 8.440753e+01 2.168250e+02
      vertex   8.711811e+02 8.610524e+01 2.168250e+02
      vertex   8.480010e+02 8.433653e+01 2.168250e+02
    endloop
  endfacet
  facet normal 0.000000e+00 0.000000e+00 -1.000000e+00
    outer loop
      vertex   8.480010e+02 8.433653e+01 2.168250e+02
      vertex   8.711811e+02 8.610524e+01 2.168250e+02
      vertex   8.482719e+02 8.423513e+01 2.168250e+02
    endloop
  endfacet
  facet normal 0.000000e+00 0.000000e+00 -1.000000e+00
    outer loop
      vertex   8.482719e+02 8.423513e+01 2.168250e+02
      vertex   8.711811e+02 8.610524e+01 2.168250e+02
      vertex   8.485299e+02 8.410454e+01 2.168250e+02
    endloop
  endfacet
  facet normal 0.000000e+00 0.000000e+00 -1.000000e+00
    outer loop
      vertex   8.485299e+02 8.410454e+01 2.168250e+02
      vertex   8.711811e+02 8.610524e+01 2.168250e+02
      vertex   8.487720e+02 8.394635e+01 2.168250e+02
    endloop
  endfacet
  facet normal 0.000000e+00 0.000000e+00 -1.000000e+00
    outer loop
      vertex   8.487720e+02 8.394635e+01 2.168250e+02
      vertex   8.711811e+02 8.610524e+01 2.168250e+02
      vertex   8.489953e+02 8.376250e+01 2.168250e+02
    endloop
  endfacet
  facet normal 0.000000e+00 0.000000e+00 -1.000000e+00
    outer loop
      vertex   8.489953e+02 8.376250e+01 2.168250e+02
      vertex   8.711811e+02 8.610524e+01 2.168250e+02
      vertex   8.491970e+02 8.355520e+01 2.168250e+02
    endloop
  endfacet
  facet normal 0.000000e+00 0.000000e+00 -1.000000e+00
    outer loop
      vertex   8.491970e+02 8.355520e+01 2.168250e+02
      vertex   8.711811e+02 8.610524e+01 2.168250e+02
      vertex   8.493746e+02 8.332697e+01 2.168250e+02
    endloop
  endfacet
  facet normal 1.362948e-14 -1.069772e-13 -1.000000e+00
    outer loop
      vertex   8.493746e+02 8.332697e+01 2.168250e+02
      vertex   8.711811e+02 8.610524e+01 2.168250e+02
      vertex   8.495260e+02 8.308058e+01 2.168250e+02
    endloop
  endfacet
  facet normal -1.231313e-15 -5.810706e-16 -1.000000e+00
    outer loop
      vertex   8.495260e+02 8.308058e+01 2.168250e+02
      vertex   8.711811e+02 8.610524e+01 2.168250e+02
      vertex   8.496495e+02 8.281903e+01 2.168250e+02
    endloop
  endfacet
  facet normal -1.254279e-15 -4.305945e-16 -1.000000e+00
    outer loop
      vertex   8.496495e+02 8.281903e+01 2.168250e+02
      vertex   8.711811e+02 8.610524e+01 2.168250e+02
      vertex   8.497434e+02 8.254549e+01 2.168250e+02
    endloop
  endfacet
  facet normal -1.278213e-15 -2.864543e-16 -1.000000e+00
    outer loop
      vertex   8.497434e+02 8.254549e+01 2.168250e+02
      vertex   8.711811e+02 8.610524e+01 2.168250e+02
      vertex   8.498066e+02 8.226328e+01 2.168250e+02
    endloop
  endfacet
  facet normal -1.303765e-15 -1.443007e-16 -1.000000e+00
    outer loop
      vertex   8.498066e+02 8.226328e+01 2.168250e+02
      vertex   8.711811e+02 8.610524e+01 2.168250e+02
      vertex   8.498384e+02 8.197583e+01 2.168250e+02
    endloop
  endfacet
  facet normal -1.331684e-15 -0.000000e+00 -1.000000e+00
    outer loop
      vertex   8.498384e+02 8.197583e+01 2.168250e+02
      vertex   8.711811e+02 8.610524e+01 2.168250e+02
      vertex   8.498384e+02 8.168662e+01 2.168250e+02
    endloop
  endfacet
  facet normal -1.362915e-15 1.508473e-16 -1.000000e+00
    outer loop
      vertex   8.498384e+02 8.168662e+01 2.168250e+02
      vertex   8.711811e+02 8.610524e+01 2.168250e+02
      vertex   8.498066e+02 8.139916e+01 2.168250e+02
    endloop
  endfacet
  facet normal -1.398717e-15 3.134599e-16 -1.000000e+00
    outer loop
      vertex   8.498066e+02 8.139916e+01 2.168250e+02
      vertex   8.711811e+02 8.610524e+01 2.168250e+02
      vertex   8.497434e+02 8.111695e+01 2.168250e+02
    endloop
  endfacet
  facet normal -1.440879e-15 4.946544e-16 -1.000000e+00
    outer loop
      vertex   8.497434e+02 8.111695e+01 2.168250e+02
      vertex   8.711811e+02 8.610524e+01 2.168250e+02
      vertex   8.496495e+02 8.084341e+01 2.168250e+02
    endloop
  endfacet
  facet normal -1.492069e-15 7.041241e-16 -1.000000e+00
    outer loop
      vertex   8.496495e+02 8.084341e+01 2.168250e+02
      vertex   8.711811e+02 8.610524e+01 2.168250e+02
      vertex   8.495260e+02 8.058186e+01 2.168250e+02
    endloop
  endfacet
  facet normal 3.333698e-14 -1.358474e-13 -1.000000e+00
    outer loop
      vertex   8.495260e+02 8.058186e+01 2.168250e+02
      vertex   8.711811e+02 8.610524e+01 2.168250e+02
      vertex   8.493746e+02 8.033548e+01 2.168250e+02
    endloop
  endfacet
  facet normal -3.282760e-15 2.555075e-15 -1.000000e+00
    outer loop
      vertex   8.493746e+02 8.033548e+01 2.168250e+02
      vertex   8.711811e+02 8.610524e+01 2.168250e+02
      vertex   8.491970e+02 8.010725e+01 2.168250e+02
    endloop
  endfacet
  facet normal -3.519885e-15 3.424197e-15 -1.000000e+00
    outer loop
      vertex   8.491970e+02 8.010725e+01 2.168250e+02
      vertex   8.711811e+02 8.610524e+01 2.168250e+02
      vertex   8.489953e+02 7.989995e+01 2.168250e+02
    endloop
  endfacet
  facet normal -3.879790e-15 4.710968e-15 -1.000000e+00
    outer loop
      vertex   8.489953e+02 7.989995e+01 2.168250e+02
      vertex   8.711811e+02 8.610524e+01 2.168250e+02
      vertex   8.487720e+02 7.971609e+01 2.168250e+02
    endloop
  endfacet
  facet normal 3.748410e-16 -1.021157e-14 -1.000000e+00
    outer loop
      vertex   8.487720e+02 7.971609e+01 2.168250e+02
      vertex   8.711811e+02 8.610524e+01 2.168250e+02
      vertex   8.451874e+02 7.680122e+01 2.168250e+02
    endloop
  endfacet
  facet normal 3.241091e-14 -4.960859e-14 -1.000000e+00
    outer loop
      vertex   8.487720e+02 7.971609e+01 2.168250e+02
      vertex   8.451874e+02 7.680122e+01 2.168250e+02
      vertex   8.485299e+02 7.955790e+01 2.168250e+02
    endloop
  endfacet
  facet normal 1.350293e-14 -2.668252e-14 -1.000000e+00
    outer loop
      vertex   8.485299e+02 7.955790e+01 2.168250e+02
      vertex   8.451874e+02 7.680122e+01 2.168250e+02
      vertex   8.482719e+02 7.942732e+01 2.168250e+02
    endloop
  endfacet
  facet normal 7.232839e-15 -1.931805e-14 -1.000000e+00
    outer loop
      vertex   8.482719e+02 7.942732e+01 2.168250e+02
      vertex   8.451874e+02 7.680122e+01 2.168250e+02
      vertex   8.480010e+02 7.932591e+01 2.168250e+02
    endloop
  endfacet
  facet normal 3.971642e-15 -1.568366e-14 -1.000000e+00
    outer loop
      vertex   8.480010e+02 7.932591e+01 2.168250e+02
      vertex   8.451874e+02 7.680122e+01 2.168250e+02
      vertex   8.477207e+02 7.925491e+01 2.168250e+02
    endloop
  endfacet
  facet normal 1.874599e-15 -1.351863e-14 -1.000000e+00
    outer loop
      vertex   8.477207e+02 7.925491e+01 2.168250e+02
      vertex   8.451874e+02 7.680122e+01 2.168250e+02
      vertex   8.474342e+02 7.921519e+01 2.168250e+02
    endloop
  endfacet
  facet normal 3.330900e-16 -1.208389e-14 -1.000000e+00
    outer loop
      vertex   8.474342e+02 7.921519e+01 2.168250e+02
      vertex   8.451874e+02 7.680122e+01 2.168250e+02
      vertex   8.471451e+02 7.920722e+01 2.168250e+02
    endloop
  endfacet
  facet normal -9.170148e-16 -1.106672e-14 -1.000000e+00
    outer loop
      vertex   8.471451e+02 7.920722e+01 2.168250e+02
      vertex   8.451874e+02 7.680122e+01 2.168250e+02
      vertex   8.468569e+02 7.923110e+01 2.168250e+02
    endloop
  endfacet
  facet normal -2.014428e-15 -1.031275e-14 -1.000000e+00
    outer loop
      vertex   8.468569e+02 7.923110e+01 2.168250e+02
      vertex   8.451874e+02 7.680122e+01 2.168250e+02
      vertex   8.465730e+02 7.928655e+01 2.168250e+02
    endloop
  endfacet
  facet normal -3.045741e-15 -9.737775e-15 -1.000000e+00
    outer loop
      vertex   8.465730e+02 7.928655e+01 2.168250e+02
      vertex   8.451874e+02 7.680122e+01 2.168250e+02
      vertex   8.462970e+02 7.937288e+01 2.168250e+02
    endloop
  endfacet
  facet normal -4.076336e-15 -9.293111e-15 -1.000000e+00
    outer loop
      vertex   8.462970e+02 7.937288e+01 2.168250e+02
      vertex   8.451874e+02 7.680122e+01 2.168250e+02
      vertex   8.460321e+02 7.948905e+01 2.168250e+02
    endloop
  endfacet
  facet normal -5.167407e-15 -8.950212e-15 -1.000000e+00
    outer loop
      vertex   8.460321e+02 7.948905e+01 2.168250e+02
      vertex   8.451874e+02 7.680122e+01 2.168250e+02
      vertex   8.457817e+02 7.963366e+01 2.168250e+02
    endloop
  endfacet
  facet normal -4.879275e-16 -9.931993e-15 -1.000000e+00
    outer loop
      vertex   8.457817e+02 7.963366e+01 2.168250e+02
      vertex   8.451874e+02 7.680122e+01 2.168250e+02
      vertex   8.448934e+02 7.681567e+01 2.168250e+02
    endloop
  endfacet
  facet normal -1.429256e-15 -9.635259e-15 -1.000000e+00
    outer loop
      vertex   8.457817e+02 7.963366e+01 2.168250e+02
      vertex   8.448934e+02 7.681567e+01 2.168250e+02
      vertex   8.446022e+02 7.685887e+01 2.168250e+02
    endloop
  endfacet
  facet normal 3.472304e-14 -7.084467e-16 -1.000000e+00
    outer loop
      vertex   8.900714e+02 1.046140e+02 2.168250e+02
      vertex   8.900874e+02 1.054012e+02 2.168250e+02
      vertex   8.993874e+02 7.980122e+01 2.168250e+02
    endloop
  endfacet
  facet normal 3.056098e-15 -1.221245e-14 -1.000000e+00
    outer loop
      vertex   8.993874e+02 7.980122e+01 2.168250e+02
      vertex   8.900874e+02 1.054012e+02 2.168250e+02
      vertex   8.993874e+02 1.310012e+02 2.168250e+02
    endloop
  endfacet
  facet normal -2.893587e-14 -5.903722e-16 -1.000000e+00
    outer loop
      vertex   8.993874e+02 1.310012e+02 2.168250e+02
      vertex   8.900874e+02 1.054012e+02 2.168250e+02
      vertex   8.900714e+02 1.061884e+02 2.168250e+02
    endloop
  endfacet
  facet normal -1.062432e-14 -7.465520e-15 -1.000000e+00
    outer loop
      vertex   8.993874e+02 1.310012e+02 2.168250e+02
      vertex   8.900714e+02 1.061884e+02 2.168250e+02
      vertex   8.965146e+02 1.274755e+02 2.168250e+02
    endloop
  endfacet
  facet normal 7.001540e-14 -3.187381e-14 -1.000000e+00
    outer loop
      vertex   8.965146e+02 1.274755e+02 2.168250e+02
      vertex   8.900714e+02 1.061884e+02 2.168250e+02
      vertex   8.900232e+02 1.069744e+02 2.168250e+02
    endloop
  endfacet
  facet normal 2.101913e-14 -1.635985e-14 -1.000000e+00
    outer loop
      vertex   8.965146e+02 1.274755e+02 2.168250e+02
      vertex   8.900232e+02 1.069744e+02 2.168250e+02
      vertex   8.963370e+02 1.272472e+02 2.168250e+02
    endloop
  endfacet
  facet normal -2.371643e-14 -2.427495e-15 -1.000000e+00
    outer loop
      vertex   8.963370e+02 1.272472e+02 2.168250e+02
      vertex   8.900232e+02 1.069744e+02 2.168250e+02
      vertex   8.899430e+02 1.077576e+02 2.168250e+02
    endloop
  endfacet
  facet normal 1.583274e-14 -1.540233e-14 -1.000000e+00
    outer loop
      vertex   8.963370e+02 1.272472e+02 2.168250e+02
      vertex   8.899430e+02 1.077576e+02 2.168250e+02
      vertex   8.961353e+02 1.270399e+02 2.168250e+02
    endloop
  endfacet
  facet normal -2.219298e-14 -3.190869e-15 -1.000000e+00
    outer loop
      vertex   8.961353e+02 1.270399e+02 2.168250e+02
      vertex   8.899430e+02 1.077576e+02 2.168250e+02
      vertex   8.898310e+02 1.085370e+02 2.168250e+02
    endloop
  endfacet
  facet normal -2.042599e-14 -3.792918e-15 -1.000000e+00
    outer loop
      vertex   8.961353e+02 1.270399e+02 2.168250e+02
      vertex   8.898310e+02 1.085370e+02 2.168250e+02
      vertex   8.896872e+02 1.093112e+02 2.168250e+02
    endloop
  endfacet
  facet normal 1.319414e-14 -1.602076e-14 -1.000000e+00
    outer loop
      vertex   8.961353e+02 1.270399e+02 2.168250e+02
      vertex   8.896872e+02 1.093112e+02 2.168250e+02
      vertex   8.959120e+02 1.268561e+02 2.168250e+02
    endloop
  endfacet
  facet normal 1.075572e-13 -4.950013e-14 -1.000000e+00
    outer loop
      vertex   8.959120e+02 1.268561e+02 2.168250e+02
      vertex   8.896872e+02 1.093112e+02 2.168250e+02
      vertex   8.895120e+02 1.100788e+02 2.168250e+02
    endloop
  endfacet
  facet normal 7.370960e-15 -1.128209e-14 -1.000000e+00
    outer loop
      vertex   8.959120e+02 1.268561e+02 2.168250e+02
      vertex   8.895120e+02 1.100788e+02 2.168250e+02
      vertex   8.956699e+02 1.266979e+02 2.168250e+02
    endloop
  endfacet
  facet normal -1.331651e-14 -3.616720e-15 -1.000000e+00
    outer loop
      vertex   8.956699e+02 1.266979e+02 2.168250e+02
      vertex   8.895120e+02 1.100788e+02 2.168250e+02
      vertex   8.893056e+02 1.108387e+02 2.168250e+02
    endloop
  endfacet
  facet normal -1.249353e-14 -3.946981e-15 -1.000000e+00
    outer loop
      vertex   8.956699e+02 1.266979e+02 2.168250e+02
      vertex   8.893056e+02 1.108387e+02 2.168250e+02
      vertex   8.890684e+02 1.115895e+02 2.168250e+02
    endloop
  endfacet
  facet normal 6.111248e-15 -1.207615e-14 -1.000000e+00
    outer loop
      vertex   8.956699e+02 1.266979e+02 2.168250e+02
      vertex   8.890684e+02 1.115895e+02 2.168250e+02
      vertex   8.954119e+02 1.265673e+02 2.168250e+02
    endloop
  endfacet
  facet normal -1.208765e-14 -4.368542e-15 -1.000000e+00
    outer loop
      vertex   8.954119e+02 1.265673e+02 2.168250e+02
      vertex   8.890684e+02 1.115895e+02 2.168250e+02
      vertex   8.888008e+02 1.123300e+02 2.168250e+02
    endloop
  endfacet
  facet normal 4.523561e-15 -1.208189e-14 -1.000000e+00
    outer loop
      vertex   8.954119e+02 1.265673e+02 2.168250e+02
      vertex   8.888008e+02 1.123300e+02 2.168250e+02
      vertex   8.951410e+02 1.264659e+02 2.168250e+02
    endloop
  endfacet
  facet normal 3.377297e-14 -2.520075e-14 -1.000000e+00
    outer loop
      vertex   8.951410e+02 1.264659e+02 2.168250e+02
      vertex   8.888008e+02 1.123300e+02 2.168250e+02
      vertex   8.885032e+02 1.130589e+02 2.168250e+02
    endloop
  endfacet
  facet normal 2.455170e-15 -9.695247e-15 -1.000000e+00
    outer loop
      vertex   8.951410e+02 1.264659e+02 2.168250e+02
      vertex   8.885032e+02 1.130589e+02 2.168250e+02
      vertex   8.948607e+02 1.263949e+02 2.168250e+02
    endloop
  endfacet
  facet normal -9.133101e-15 -4.170948e-15 -1.000000e+00
    outer loop
      vertex   8.948607e+02 1.263949e+02 2.168250e+02
      vertex   8.885032e+02 1.130589e+02 2.168250e+02
      vertex   8.881761e+02 1.137752e+02 2.168250e+02
    endloop
  endfacet
  facet normal 1.348240e-15 -9.722805e-15 -1.000000e+00
    outer loop
      vertex   8.948607e+02 1.263949e+02 2.168250e+02
      vertex   8.881761e+02 1.137752e+02 2.168250e+02
      vertex   8.945742e+02 1.263552e+02 2.168250e+02
    endloop
  endfacet
  facet normal -8.898737e-15 -4.511291e-15 -1.000000e+00
    outer loop
      vertex   8.945742e+02 1.263552e+02 2.168250e+02
      vertex   8.881761e+02 1.137752e+02 2.168250e+02
      vertex   8.878201e+02 1.144775e+02 2.168250e+02
    endloop
  endfacet
  facet normal 2.680361e-16 -9.723853e-15 -1.000000e+00
    outer loop
      vertex   8.945742e+02 1.263552e+02 2.168250e+02
      vertex   8.878201e+02 1.144775e+02 2.168250e+02
      vertex   8.942851e+02 1.263472e+02 2.168250e+02
    endloop
  endfacet
  facet normal -8.675449e-15 -4.852675e-15 -1.000000e+00
    outer loop
      vertex   8.942851e+02 1.263472e+02 2.168250e+02
      vertex   8.878201e+02 1.144775e+02 2.168250e+02
      vertex   8.874357e+02 1.151647e+02 2.168250e+02
    endloop
  endfacet
  facet normal -8.017246e-16 -9.675377e-15 -1.000000e+00
    outer loop
      vertex   8.942851e+02 1.263472e+02 2.168250e+02
      vertex   8.874357e+02 1.151647e+02 2.168250e+02
      vertex   8.939969e+02 1.263711e+02 2.168250e+02
    endloop
  endfacet
  facet normal 2.685419e-14 -2.586739e-14 -1.000000e+00
    outer loop
      vertex   8.939969e+02 1.263711e+02 2.168250e+02
      vertex   8.874357e+02 1.151647e+02 2.168250e+02
      vertex   8.870236e+02 1.158356e+02 2.168250e+02
    endloop
  endfacet
  facet normal -1.399873e-15 -7.166568e-15 -1.000000e+00
    outer loop
      vertex   8.939969e+02 1.263711e+02 2.168250e+02
      vertex   8.870236e+02 1.158356e+02 2.168250e+02
      vertex   8.937130e+02 1.264265e+02 2.168250e+02
    endloop
  endfacet
  facet normal -6.176310e-15 -4.149698e-15 -1.000000e+00
    outer loop
      vertex   8.937130e+02 1.264265e+02 2.168250e+02
      vertex   8.870236e+02 1.158356e+02 2.168250e+02
      vertex   8.865845e+02 1.164892e+02 2.168250e+02
    endloop
  endfacet
  facet normal -2.191899e-15 -7.007890e-15 -1.000000e+00
    outer loop
      vertex   8.937130e+02 1.264265e+02 2.168250e+02
      vertex   8.865845e+02 1.164892e+02 2.168250e+02
      vertex   8.934370e+02 1.265129e+02 2.168250e+02
    endloop
  endfacet
  facet normal -6.005505e-15 -4.400802e-15 -1.000000e+00
    outer loop
      vertex   8.934370e+02 1.265129e+02 2.168250e+02
      vertex   8.865845e+02 1.164892e+02 2.168250e+02
      vertex   8.861191e+02 1.171243e+02 2.168250e+02
    endloop
  endfacet
  facet normal -2.968658e-15 -6.767858e-15 -1.000000e+00
    outer loop
      vertex   8.934370e+02 1.265129e+02 2.168250e+02
      vertex   8.861191e+02 1.171243e+02 2.168250e+02
      vertex   8.931721e+02 1.266291e+02 2.168250e+02
    endloop
  endfacet
  facet normal -5.826960e-15 -4.646846e-15 -1.000000e+00
    outer loop
      vertex   8.931721e+02 1.266291e+02 2.168250e+02
      vertex   8.861191e+02 1.171243e+02 2.168250e+02
      vertex   8.856282e+02 1.177399e+02 2.168250e+02
    endloop
  endfacet
  facet normal -3.716795e-15 -6.437678e-15 -1.000000e+00
    outer loop
      vertex   8.931721e+02 1.266291e+02 2.168250e+02
      vertex   8.856282e+02 1.177399e+02 2.168250e+02
      vertex   8.929217e+02 1.267737e+02 2.168250e+02
    endloop
  endfacet
  facet normal -5.638729e-15 -4.885987e-15 -1.000000e+00
    outer loop
      vertex   8.929217e+02 1.267737e+02 2.168250e+02
      vertex   8.856282e+02 1.177399e+02 2.168250e+02
      vertex   8.851125e+02 1.183349e+02 2.168250e+02
    endloop
  endfacet
  facet normal -4.420072e-15 -6.013725e-15 -1.000000e+00
    outer loop
      vertex   8.929217e+02 1.267737e+02 2.168250e+02
      vertex   8.851125e+02 1.183349e+02 2.168250e+02
      vertex   8.926886e+02 1.269449e+02 2.168250e+02
    endloop
  endfacet
  facet normal 4.900094e-14 -5.301989e-14 -1.000000e+00
    outer loop
      vertex   8.926886e+02 1.269449e+02 2.168250e+02
      vertex   8.851125e+02 1.183349e+02 2.168250e+02
      vertex   8.845731e+02 1.189085e+02 2.168250e+02
    endloop
  endfacet
  facet normal -1.687198e-15 -1.832786e-15 -1.000000e+00
    outer loop
      vertex   8.926886e+02 1.269449e+02 2.168250e+02
      vertex   8.845731e+02 1.189085e+02 2.168250e+02
      vertex   8.924759e+02 1.271408e+02 2.168250e+02
    endloop
  endfacet
  facet normal -1.743148e-15 -1.779076e-15 -1.000000e+00
    outer loop
      vertex   8.924759e+02 1.271408e+02 2.168250e+02
      vertex   8.845731e+02 1.189085e+02 2.168250e+02
      vertex   8.840107e+02 1.194595e+02 2.168250e+02
    endloop
  endfacet
  facet normal -1.875420e-15 -1.633305e-15 -1.000000e+00
    outer loop
      vertex   8.924759e+02 1.271408e+02 2.168250e+02
      vertex   8.840107e+02 1.194595e+02 2.168250e+02
      vertex   8.922859e+02 1.273589e+02 2.168250e+02
    endloop
  endfacet
  facet normal -1.669463e-15 -1.849063e-15 -1.000000e+00
    outer loop
      vertex   8.922859e+02 1.273589e+02 2.168250e+02
      vertex   8.840107e+02 1.194595e+02 2.168250e+02
      vertex   8.834262e+02 1.199872e+02 2.168250e+02
    endloop
  endfacet
  facet normal 6.106415e-14 -7.724534e-14 -1.000000e+00
    outer loop
      vertex   8.922859e+02 1.273589e+02 2.168250e+02
      vertex   8.834262e+02 1.199872e+02 2.168250e+02
      vertex   8.921211e+02 1.275966e+02 2.168250e+02
    endloop
  endfacet
  facet normal -3.184976e-15 -3.830842e-15 -1.000000e+00
    outer loop
      vertex   8.921211e+02 1.275966e+02 2.168250e+02
      vertex   8.834262e+02 1.199872e+02 2.168250e+02
      vertex   8.828208e+02 1.204906e+02 2.168250e+02
    endloop
  endfacet
  facet normal -4.324029e-15 -2.340047e-15 -1.000000e+00
    outer loop
      vertex   8.921211e+02 1.275966e+02 2.168250e+02
      vertex   8.828208e+02 1.204906e+02 2.168250e+02
      vertex   8.919835e+02 1.278509e+02 2.168250e+02
    endloop
  endfacet
  facet normal -3.025395e-15 -3.956680e-15 -1.000000e+00
    outer loop
      vertex   8.919835e+02 1.278509e+02 2.168250e+02
      vertex   8.828208e+02 1.204906e+02 2.168250e+02
      vertex   8.821953e+02 1.209688e+02 2.168250e+02
    endloop
  endfacet
  facet normal -4.517311e-15 -1.834773e-15 -1.000000e+00
    outer loop
      vertex   8.919835e+02 1.278509e+02 2.168250e+02
      vertex   8.821953e+02 1.209688e+02 2.168250e+02
      vertex   8.918747e+02 1.281189e+02 2.168250e+02
    endloop
  endfacet
  facet normal -4.857911e-15 -1.373686e-15 -1.000000e+00
    outer loop
      vertex   8.918747e+02 1.281189e+02 2.168250e+02
      vertex   8.821953e+02 1.209688e+02 2.168250e+02
      vertex   8.917960e+02 1.283972e+02 2.168250e+02
    endloop
  endfacet
  facet normal 2.030744e-14 -3.389831e-14 -1.000000e+00
    outer loop
      vertex   8.917960e+02 1.283972e+02 2.168250e+02
      vertex   8.821953e+02 1.209688e+02 2.168250e+02
      vertex   8.815508e+02 1.214212e+02 2.168250e+02
    endloop
  endfacet
  facet normal -2.491115e-15 -4.156936e-16 -1.000000e+00
    outer loop
      vertex   8.917960e+02 1.283972e+02 2.168250e+02
      vertex   8.815508e+02 1.214212e+02 2.168250e+02
      vertex   8.917484e+02 1.286824e+02 2.168250e+02
    endloop
  endfacet
  facet normal -1.322169e-15 -2.057335e-15 -1.000000e+00
    outer loop
      vertex   8.917484e+02 1.286824e+02 2.168250e+02
      vertex   8.815508e+02 1.214212e+02 2.168250e+02
      vertex   8.808884e+02 1.218469e+02 2.168250e+02
    endloop
  endfacet
  facet normal -2.529284e-15 -1.395445e-16 -1.000000e+00
    outer loop
      vertex   8.917484e+02 1.286824e+02 2.168250e+02
      vertex   8.808884e+02 1.218469e+02 2.168250e+02
      vertex   8.917324e+02 1.289712e+02 2.168250e+02
    endloop
  endfacet
  facet normal -1.236146e-15 -2.107836e-15 -1.000000e+00
    outer loop
      vertex   8.917324e+02 1.289712e+02 2.168250e+02
      vertex   8.808884e+02 1.218469e+02 2.168250e+02
      vertex   8.802092e+02 1.222452e+02 2.168250e+02
    endloop
  endfacet
  facet normal -1.177108e-15 -2.208983e-15 -1.000000e+00
    outer loop
      vertex   8.917324e+02 1.289712e+02 2.168250e+02
      vertex   8.802092e+02 1.222452e+02 2.168250e+02
      vertex   8.795143e+02 1.226155e+02 2.168250e+02
    endloop
  endfacet
  facet normal -2.394935e-15 1.321322e-16 -1.000000e+00
    outer loop
      vertex   8.917324e+02 1.289712e+02 2.168250e+02
      vertex   8.795143e+02 1.226155e+02 2.168250e+02
      vertex   8.917484e+02 1.292600e+02 2.168250e+02
    endloop
  endfacet
  facet normal -1.091821e-15 -2.267190e-15 -1.000000e+00
    outer loop
      vertex   8.917484e+02 1.292600e+02 2.168250e+02
      vertex   8.795143e+02 1.226155e+02 2.168250e+02
      vertex   8.788049e+02 1.229571e+02 2.168250e+02
    endloop
  endfacet
  facet normal -2.390054e-15 3.988295e-16 -1.000000e+00
    outer loop
      vertex   8.917484e+02 1.292600e+02 2.168250e+02
      vertex   8.788049e+02 1.229571e+02 2.168250e+02
      vertex   8.917960e+02 1.295453e+02 2.168250e+02
    endloop
  endfacet
  facet normal -1.006706e-15 -2.328967e-15 -1.000000e+00
    outer loop
      vertex   8.917960e+02 1.295453e+02 2.168250e+02
      vertex   8.788049e+02 1.229571e+02 2.168250e+02
      vertex   8.780822e+02 1.232695e+02 2.168250e+02
    endloop
  endfacet
  facet normal -2.380543e-15 6.731534e-16 -1.000000e+00
    outer loop
      vertex   8.917960e+02 1.295453e+02 2.168250e+02
      vertex   8.780822e+02 1.232695e+02 2.168250e+02
      vertex   8.918747e+02 1.298236e+02 2.168250e+02
    endloop
  endfacet
  facet normal -9.218354e-16 -2.396591e-15 -1.000000e+00
    outer loop
      vertex   8.918747e+02 1.298236e+02 2.168250e+02
      vertex   8.780822e+02 1.232695e+02 2.168250e+02
      vertex   8.773473e+02 1.235522e+02 2.168250e+02
    endloop
  endfacet
  facet normal -2.372398e-15 9.635846e-16 -1.000000e+00
    outer loop
      vertex   8.918747e+02 1.298236e+02 2.168250e+02
      vertex   8.773473e+02 1.235522e+02 2.168250e+02
      vertex   8.919835e+02 1.300915e+02 2.168250e+02
    endloop
  endfacet
  facet normal -8.370577e-16 -2.472796e-15 -1.000000e+00
    outer loop
      vertex   8.919835e+02 1.300915e+02 2.168250e+02
      vertex   8.773473e+02 1.235522e+02 2.168250e+02
      vertex   8.766015e+02 1.238047e+02 2.168250e+02
    endloop
  endfacet
  facet normal -2.372481e-15 1.283922e-15 -1.000000e+00
    outer loop
      vertex   8.919835e+02 1.300915e+02 2.168250e+02
      vertex   8.766015e+02 1.238047e+02 2.168250e+02
      vertex   8.921211e+02 1.303459e+02 2.168250e+02
    endloop
  endfacet
  facet normal -7.519582e-16 -2.560934e-15 -1.000000e+00
    outer loop
      vertex   8.921211e+02 1.303459e+02 2.168250e+02
      vertex   8.766015e+02 1.238047e+02 2.168250e+02
      vertex   8.758460e+02 1.240265e+02 2.168250e+02
    endloop
  endfacet
  facet normal -6.836764e-16 -2.736790e-15 -1.000000e+00
    outer loop
      vertex   8.921211e+02 1.303459e+02 2.168250e+02
      vertex   8.758460e+02 1.240265e+02 2.168250e+02
      vertex   8.750821e+02 1.242173e+02 2.168250e+02
    endloop
  endfacet
  facet normal 5.508110e-14 -1.577787e-13 -1.000000e+00
    outer loop
      vertex   8.921211e+02 1.303459e+02 2.168250e+02
      vertex   8.750821e+02 1.242173e+02 2.168250e+02
      vertex   8.922859e+02 1.305835e+02 2.168250e+02
    endloop
  endfacet
  facet normal 2.245811e-14 -6.961916e-14 -1.000000e+00
    outer loop
      vertex   8.922859e+02 1.305835e+02 2.168250e+02
      vertex   8.750821e+02 1.242173e+02 2.168250e+02
      vertex   8.743110e+02 1.243768e+02 2.168250e+02
    endloop
  endfacet
  facet normal -2.261164e-15 1.969250e-15 -1.000000e+00
    outer loop
      vertex   8.922859e+02 1.305835e+02 2.168250e+02
      vertex   8.743110e+02 1.243768e+02 2.168250e+02
      vertex   8.924759e+02 1.308016e+02 2.168250e+02
    endloop
  endfacet
  facet normal -4.970365e-16 -3.018487e-15 -1.000000e+00
    outer loop
      vertex   8.924759e+02 1.308016e+02 2.168250e+02
      vertex   8.743110e+02 1.243768e+02 2.168250e+02
      vertex   8.735341e+02 1.245048e+02 2.168250e+02
    endloop
  endfacet
  facet normal -4.052742e-16 -3.294520e-15 -1.000000e+00
    outer loop
      vertex   8.924759e+02 1.308016e+02 2.168250e+02
      vertex   8.735341e+02 1.245048e+02 2.168250e+02
      vertex   8.727526e+02 1.246009e+02 2.168250e+02
    endloop
  endfacet
  facet normal -2.188391e-15 2.377227e-15 -1.000000e+00
    outer loop
      vertex   8.924759e+02 1.308016e+02 2.168250e+02
      vertex   8.727526e+02 1.246009e+02 2.168250e+02
      vertex   8.926886e+02 1.309975e+02 2.168250e+02
    endloop
  endfacet
  facet normal -2.895690e-16 -3.540768e-15 -1.000000e+00
    outer loop
      vertex   8.926886e+02 1.309975e+02 2.168250e+02
      vertex   8.727526e+02 1.246009e+02 2.168250e+02
      vertex   8.719678e+02 1.246651e+02 2.168250e+02
    endloop
  endfacet
  facet normal -2.347884e-15 3.194411e-15 -1.000000e+00
    outer loop
      vertex   8.926886e+02 1.309975e+02 2.168250e+02
      vertex   8.719678e+02 1.246651e+02 2.168250e+02
      vertex   8.929217e+02 1.311688e+02 2.168250e+02
    endloop
  endfacet
  facet normal -1.576619e-16 -3.862126e-15 -1.000000e+00
    outer loop
      vertex   8.929217e+02 1.311688e+02 2.168250e+02
      vertex   8.719678e+02 1.246651e+02 2.168250e+02
      vertex   8.711811e+02 1.246972e+02 2.168250e+02
    endloop
  endfacet
  facet normal 0.000000e+00 -4.391774e-15 -1.000000e+00
    outer loop
      vertex   8.929217e+02 1.311688e+02 2.168250e+02
      vertex   8.711811e+02 1.246972e+02 2.168250e+02
      vertex   8.703937e+02 1.246972e+02 2.168250e+02
    endloop
  endfacet
  facet normal 4.958717e-13 -4.201665e-13 -1.000000e+00
    outer loop
      vertex   8.965146e+02 1.274755e+02 2.168250e+02
      vertex   8.966660e+02 1.277219e+02 2.168250e+02
      vertex   8.993874e+02 1.310012e+02 2.168250e+02
    endloop
  endfacet
  facet normal -2.421315e-14 1.142646e-14 -1.000000e+00
    outer loop
      vertex   8.993874e+02 1.310012e+02 2.168250e+02
      vertex   8.966660e+02 1.277219e+02 2.168250e+02
      vertex   8.967895e+02 1.279834e+02 2.168250e+02
    endloop
  endfacet
  facet normal -1.819645e-14 6.246850e-15 -1.000000e+00
    outer loop
      vertex   8.993874e+02 1.310012e+02 2.168250e+02
      vertex   8.967895e+02 1.279834e+02 2.168250e+02
      vertex   8.968834e+02 1.282569e+02 2.168250e+02
    endloop
  endfacet
  facet normal -1.504558e-14 3.371793e-15 -1.000000e+00
    outer loop
      vertex   8.968834e+02 1.282569e+02 2.168250e+02
      vertex   8.969466e+02 1.285392e+02 2.168250e+02
      vertex   8.993874e+02 1.310012e+02 2.168250e+02
    endloop
  endfacet
  facet normal -1.310783e-14 1.450774e-15 -1.000000e+00
    outer loop
      vertex   8.993874e+02 1.310012e+02 2.168250e+02
      vertex   8.969466e+02 1.285392e+02 2.168250e+02
      vertex   8.969784e+02 1.288266e+02 2.168250e+02
    endloop
  endfacet
  facet normal -1.179820e-14 0.000000e+00 -1.000000e+00
    outer loop
      vertex   8.993874e+02 1.310012e+02 2.168250e+02
      vertex   8.969784e+02 1.288266e+02 2.168250e+02
      vertex   8.969784e+02 1.291158e+02 2.168250e+02
    endloop
  endfacet
  facet normal -1.085767e-14 -1.201727e-15 -1.000000e+00
    outer loop
      vertex   8.969784e+02 1.291158e+02 2.168250e+02
      vertex   8.969466e+02 1.294033e+02 2.168250e+02
      vertex   8.993874e+02 1.310012e+02 2.168250e+02
    endloop
  endfacet
  facet normal -1.015457e-14 -2.275693e-15 -1.000000e+00
    outer loop
      vertex   8.993874e+02 1.310012e+02 2.168250e+02
      vertex   8.969466e+02 1.294033e+02 2.168250e+02
      vertex   8.968834e+02 1.296855e+02 2.168250e+02
    endloop
  endfacet
  facet normal -9.615779e-15 -3.301101e-15 -1.000000e+00
    outer loop
      vertex   8.993874e+02 1.310012e+02 2.168250e+02
      vertex   8.968834e+02 1.296855e+02 2.168250e+02
      vertex   8.967895e+02 1.299590e+02 2.168250e+02
    endloop
  endfacet
  facet normal -9.198639e-15 -4.340942e-15 -1.000000e+00
    outer loop
      vertex   8.967895e+02 1.299590e+02 2.168250e+02
      vertex   8.966660e+02 1.302206e+02 2.168250e+02
      vertex   8.993874e+02 1.310012e+02 2.168250e+02
    endloop
  endfacet
  facet normal -1.029872e-14 -5.059438e-16 -1.000000e+00
    outer loop
      vertex   8.993874e+02 1.310012e+02 2.168250e+02
      vertex   8.966660e+02 1.302206e+02 2.168250e+02
      vertex   8.993730e+02 1.312953e+02 2.168250e+02
    endloop
  endfacet
  facet normal 2.837359e-14 -9.791404e-14 -1.000000e+00
    outer loop
      vertex   8.993730e+02 1.312953e+02 2.168250e+02
      vertex   8.966660e+02 1.302206e+02 2.168250e+02
      vertex   8.965146e+02 1.304670e+02 2.168250e+02
    endloop
  endfacet
  facet normal -0.000000e+00 0.000000e+00 -1.000000e+00
    outer loop
      vertex   8.993730e+02 1.312953e+02 2.168250e+02
      vertex   8.965146e+02 1.304670e+02 2.168250e+02
      vertex   8.993298e+02 1.315865e+02 2.168250e+02
    endloop
  endfacet
  facet normal -0.000000e+00 0.000000e+00 -1.000000e+00
    outer loop
      vertex   8.993298e+02 1.315865e+02 2.168250e+02
      vertex   8.965146e+02 1.304670e+02 2.168250e+02
      vertex   8.992582e+02 1.318721e+02 2.168250e+02
    endloop
  endfacet
  facet normal -0.000000e+00 0.000000e+00 -1.000000e+00
    outer loop
      vertex   8.992582e+02 1.318721e+02 2.168250e+02
      vertex   8.965146e+02 1.304670e+02 2.168250e+02
      vertex   8.991591e+02 1.321493e+02 2.168250e+02
    endloop
  endfacet
  facet normal 0.000000e+00 0.000000e+00 -1.000000e+00
    outer loop
      vertex   8.991591e+02 1.321493e+02 2.168250e+02
      vertex   8.965146e+02 1.304670e+02 2.168250e+02
      vertex   8.963370e+02 1.306952e+02 2.168250e+02
    endloop
  endfacet
  facet normal -0.000000e+00 0.000000e+00 -1.000000e+00
    outer loop
      vertex   8.991591e+02 1.321493e+02 2.168250e+02
      vertex   8.963370e+02 1.306952e+02 2.168250e+02
      vertex   8.990332e+02 1.324154e+02 2.168250e+02
    endloop
  endfacet
  facet normal 5.194493e-14 -8.141750e-14 -1.000000e+00
    outer loop
      vertex   8.990332e+02 1.324154e+02 2.168250e+02
      vertex   8.963370e+02 1.306952e+02 2.168250e+02
      vertex   8.988818e+02 1.326679e+02 2.168250e+02
    endloop
  endfacet
  facet normal -7.091315e-15 -5.259278e-15 -1.000000e+00
    outer loop
      vertex   8.988818e+02 1.326679e+02 2.168250e+02
      vertex   8.963370e+02 1.306952e+02 2.168250e+02
      vertex   8.987065e+02 1.329044e+02 2.168250e+02
    endloop
  endfacet
  facet normal -6.501133e-15 -5.892283e-15 -1.000000e+00
    outer loop
      vertex   8.987065e+02 1.329044e+02 2.168250e+02
      vertex   8.963370e+02 1.306952e+02 2.168250e+02
      vertex   8.985087e+02 1.331225e+02 2.168250e+02
    endloop
  endfacet
  facet normal -6.269749e-15 -6.099306e-15 -1.000000e+00
    outer loop
      vertex   8.985087e+02 1.331225e+02 2.168250e+02
      vertex   8.963370e+02 1.306952e+02 2.168250e+02
      vertex   8.961353e+02 1.309025e+02 2.168250e+02
    endloop
  endfacet
  facet normal -5.893076e-15 -6.502008e-15 -1.000000e+00
    outer loop
      vertex   8.985087e+02 1.331225e+02 2.168250e+02
      vertex   8.961353e+02 1.309025e+02 2.168250e+02
      vertex   8.982906e+02 1.333203e+02 2.168250e+02
    endloop
  endfacet
  facet normal -5.248426e-15 -7.076683e-15 -1.000000e+00
    outer loop
      vertex   8.982906e+02 1.333203e+02 2.168250e+02
      vertex   8.961353e+02 1.309025e+02 2.168250e+02
      vertex   8.980541e+02 1.334956e+02 2.168250e+02
    endloop
  endfacet
  facet normal -4.550948e-15 -7.592798e-15 -1.000000e+00
    outer loop
      vertex   8.980541e+02 1.334956e+02 2.168250e+02
      vertex   8.961353e+02 1.309025e+02 2.168250e+02
      vertex   8.978016e+02 1.336470e+02 2.168250e+02
    endloop
  endfacet
  facet normal -5.685736e-15 -6.903807e-15 -1.000000e+00
    outer loop
      vertex   8.978016e+02 1.336470e+02 2.168250e+02
      vertex   8.961353e+02 1.309025e+02 2.168250e+02
      vertex   8.959120e+02 1.310864e+02 2.168250e+02
    endloop
  endfacet
  facet normal -3.891481e-15 -8.227846e-15 -1.000000e+00
    outer loop
      vertex   8.978016e+02 1.336470e+02 2.168250e+02
      vertex   8.959120e+02 1.310864e+02 2.168250e+02
      vertex   8.975355e+02 1.337729e+02 2.168250e+02
    endloop
  endfacet
  facet normal -3.112419e-15 -8.698627e-15 -1.000000e+00
    outer loop
      vertex   8.975355e+02 1.337729e+02 2.168250e+02
      vertex   8.959120e+02 1.310864e+02 2.168250e+02
      vertex   8.972583e+02 1.338720e+02 2.168250e+02
    endloop
  endfacet
  facet normal -2.279696e-15 -9.101056e-15 -1.000000e+00
    outer loop
      vertex   8.972583e+02 1.338720e+02 2.168250e+02
      vertex   8.959120e+02 1.310864e+02 2.168250e+02
      vertex   8.969727e+02 1.339436e+02 2.168250e+02
    endloop
  endfacet
  facet normal -5.230388e-15 -8.005705e-15 -1.000000e+00
    outer loop
      vertex   8.969727e+02 1.339436e+02 2.168250e+02
      vertex   8.959120e+02 1.310864e+02 2.168250e+02
      vertex   8.956699e+02 1.312445e+02 2.168250e+02
    endloop
  endfacet
  facet normal -1.457657e-15 -9.826725e-15 -1.000000e+00
    outer loop
      vertex   8.969727e+02 1.339436e+02 2.168250e+02
      vertex   8.956699e+02 1.312445e+02 2.168250e+02
      vertex   8.966815e+02 1.339868e+02 2.168250e+02
    endloop
  endfacet
  facet normal -5.001086e-16 -1.017994e-14 -1.000000e+00
    outer loop
      vertex   8.966815e+02 1.339868e+02 2.168250e+02
      vertex   8.956699e+02 1.312445e+02 2.168250e+02
      vertex   8.963874e+02 1.340012e+02 2.168250e+02
    endloop
  endfacet
  facet normal -4.610280e-15 -9.110163e-15 -1.000000e+00
    outer loop
      vertex   8.963874e+02 1.340012e+02 2.168250e+02
      vertex   8.956699e+02 1.312445e+02 2.168250e+02
      vertex   8.954119e+02 1.313751e+02 2.168250e+02
    endloop
  endfacet
  facet normal -3.557366e-15 -9.501302e-15 -1.000000e+00
    outer loop
      vertex   8.963874e+02 1.340012e+02 2.168250e+02
      vertex   8.954119e+02 1.313751e+02 2.168250e+02
      vertex   8.951410e+02 1.314765e+02 2.168250e+02
    endloop
  endfacet
  facet normal -2.533996e-15 -1.000652e-14 -1.000000e+00
    outer loop
      vertex   8.951410e+02 1.314765e+02 2.168250e+02
      vertex   8.948607e+02 1.315475e+02 2.168250e+02
      vertex   8.963874e+02 1.340012e+02 2.168250e+02
    endloop
  endfacet
  facet normal -1.478642e-15 -1.066320e-14 -1.000000e+00
    outer loop
      vertex   8.963874e+02 1.340012e+02 2.168250e+02
      vertex   8.948607e+02 1.315475e+02 2.168250e+02
      vertex   8.945742e+02 1.315873e+02 2.168250e+02
    endloop
  endfacet
  facet normal -3.179610e-16 -1.153503e-14 -1.000000e+00
    outer loop
      vertex   8.963874e+02 1.340012e+02 2.168250e+02
      vertex   8.945742e+02 1.315873e+02 2.168250e+02
      vertex   8.942851e+02 1.315952e+02 2.168250e+02
    endloop
  endfacet
  facet normal 6.078895e-16 -7.336136e-15 -1.000000e+00
    outer loop
      vertex   8.939969e+02 1.315713e+02 2.168250e+02
      vertex   8.474342e+02 1.315873e+02 2.168250e+02
      vertex   8.942851e+02 1.315952e+02 2.168250e+02
    endloop
  endfacet
  facet normal 6.029213e-16 2.187286e-14 -1.000000e+00
    outer loop
      vertex   8.942851e+02 1.315952e+02 2.168250e+02
      vertex   8.474342e+02 1.315873e+02 2.168250e+02
      vertex   8.471451e+02 1.315952e+02 2.168250e+02
    endloop
  endfacet
  facet normal 6.029213e-16 -2.313515e-14 -1.000000e+00
    outer loop
      vertex   8.942851e+02 1.315952e+02 2.168250e+02
      vertex   8.471451e+02 1.315952e+02 2.168250e+02
      vertex   8.451874e+02 1.340012e+02 2.168250e+02
    endloop
  endfacet
  facet normal 1.116046e-15 -2.271764e-14 -1.000000e+00
    outer loop
      vertex   8.451874e+02 1.340012e+02 2.168250e+02
      vertex   8.471451e+02 1.315952e+02 2.168250e+02
      vertex   8.448934e+02 1.339868e+02 2.168250e+02
    endloop
  endfacet
  facet normal 3.093646e-15 -2.085567e-14 -1.000000e+00
    outer loop
      vertex   8.448934e+02 1.339868e+02 2.168250e+02
      vertex   8.471451e+02 1.315952e+02 2.168250e+02
      vertex   8.446022e+02 1.339436e+02 2.168250e+02
    endloop
  endfacet
  facet normal 4.769508e-15 -1.904094e-14 -1.000000e+00
    outer loop
      vertex   8.446022e+02 1.339436e+02 2.168250e+02
      vertex   8.471451e+02 1.315952e+02 2.168250e+02
      vertex   8.443166e+02 1.338720e+02 2.168250e+02
    endloop
  endfacet
  facet normal 6.184142e-15 -1.728352e-14 -1.000000e+00
    outer loop
      vertex   8.443166e+02 1.338720e+02 2.168250e+02
      vertex   8.471451e+02 1.315952e+02 2.168250e+02
      vertex   8.440394e+02 1.337729e+02 2.168250e+02
    endloop
  endfacet
  facet normal 7.372742e-15 -1.558835e-14 -1.000000e+00
    outer loop
      vertex   8.440394e+02 1.337729e+02 2.168250e+02
      vertex   8.471451e+02 1.315952e+02 2.168250e+02
      vertex   8.437732e+02 1.336470e+02 2.168250e+02
    endloop
  endfacet
  facet normal 8.365458e-15 -1.395692e-14 -1.000000e+00
    outer loop
      vertex   8.437732e+02 1.336470e+02 2.168250e+02
      vertex   8.471451e+02 1.315952e+02 2.168250e+02
      vertex   8.435207e+02 1.334956e+02 2.168250e+02
    endloop
  endfacet
  facet normal 9.187883e-15 -1.238843e-14 -1.000000e+00
    outer loop
      vertex   8.435207e+02 1.334956e+02 2.168250e+02
      vertex   8.471451e+02 1.315952e+02 2.168250e+02
      vertex   8.432842e+02 1.333203e+02 2.168250e+02
    endloop
  endfacet
  facet normal 9.861587e-15 -1.088058e-14 -1.000000e+00
    outer loop
      vertex   8.432842e+02 1.333203e+02 2.168250e+02
      vertex   8.471451e+02 1.315952e+02 2.168250e+02
      vertex   8.430661e+02 1.331225e+02 2.168250e+02
    endloop
  endfacet
  facet normal 1.040465e-14 -9.430227e-15 -1.000000e+00
    outer loop
      vertex   8.430661e+02 1.331225e+02 2.168250e+02
      vertex   8.471451e+02 1.315952e+02 2.168250e+02
      vertex   8.428684e+02 1.329044e+02 2.168250e+02
    endloop
  endfacet
  facet normal 1.083216e-14 -8.033678e-15 -1.000000e+00
    outer loop
      vertex   8.428684e+02 1.329044e+02 2.168250e+02
      vertex   8.471451e+02 1.315952e+02 2.168250e+02
      vertex   8.426930e+02 1.326679e+02 2.168250e+02
    endloop
  endfacet
  facet normal -3.623675e-14 -2.033847e-13 -1.000000e+00
    outer loop
      vertex   8.426930e+02 1.326679e+02 2.168250e+02
      vertex   8.471451e+02 1.315952e+02 2.168250e+02
      vertex   8.425417e+02 1.324154e+02 2.168250e+02
    endloop
  endfacet
  facet normal 0.000000e+00 -0.000000e+00 -1.000000e+00
    outer loop
      vertex   8.425417e+02 1.324154e+02 2.168250e+02
      vertex   8.471451e+02 1.315952e+02 2.168250e+02
      vertex   8.424158e+02 1.321493e+02 2.168250e+02
    endloop
  endfacet
  facet normal 0.000000e+00 -0.000000e+00 -1.000000e+00
    outer loop
      vertex   8.424158e+02 1.321493e+02 2.168250e+02
      vertex   8.471451e+02 1.315952e+02 2.168250e+02
      vertex   8.423166e+02 1.318721e+02 2.168250e+02
    endloop
  endfacet
  facet normal 0.000000e+00 0.000000e+00 -1.000000e+00
    outer loop
      vertex   8.423166e+02 1.318721e+02 2.168250e+02
      vertex   8.471451e+02 1.315952e+02 2.168250e+02
      vertex   8.468569e+02 1.315713e+02 2.168250e+02
    endloop
  endfacet
  facet normal 0.000000e+00 0.000000e+00 -1.000000e+00
    outer loop
      vertex   8.423166e+02 1.318721e+02 2.168250e+02
      vertex   8.468569e+02 1.315713e+02 2.168250e+02
      vertex   8.465730e+02 1.315159e+02 2.168250e+02
    endloop
  endfacet
  facet normal 6.119050e-16 4.412739e-15 -1.000000e+00
    outer loop
      vertex   8.474342e+02 1.315873e+02 2.168250e+02
      vertex   8.939969e+02 1.315713e+02 2.168250e+02
      vertex   8.477207e+02 1.315475e+02 2.168250e+02
    endloop
  endfacet
  facet normal 6.157975e-16 -3.152540e-15 -1.000000e+00
    outer loop
      vertex   8.477207e+02 1.315475e+02 2.168250e+02
      vertex   8.939969e+02 1.315713e+02 2.168250e+02
      vertex   8.937130e+02 1.315159e+02 2.168250e+02
    endloop
  endfacet
  facet normal 6.196489e-16 2.446938e-15 -1.000000e+00
    outer loop
      vertex   8.477207e+02 1.315475e+02 2.168250e+02
      vertex   8.937130e+02 1.315159e+02 2.168250e+02
      vertex   8.480010e+02 1.314765e+02 2.168250e+02
    endloop
  endfacet
  facet normal 6.234725e-16 -1.993352e-15 -1.000000e+00
    outer loop
      vertex   8.480010e+02 1.314765e+02 2.168250e+02
      vertex   8.937130e+02 1.315159e+02 2.168250e+02
      vertex   8.934370e+02 1.314296e+02 2.168250e+02
    endloop
  endfacet
  facet normal 6.272651e-16 1.675351e-15 -1.000000e+00
    outer loop
      vertex   8.480010e+02 1.314765e+02 2.168250e+02
      vertex   8.934370e+02 1.314296e+02 2.168250e+02
      vertex   8.482719e+02 1.313751e+02 2.168250e+02
    endloop
  endfacet
  facet normal 6.310183e-16 -1.438577e-15 -1.000000e+00
    outer loop
      vertex   8.482719e+02 1.313751e+02 2.168250e+02
      vertex   8.934370e+02 1.314296e+02 2.168250e+02
      vertex   8.931721e+02 1.313134e+02 2.168250e+02
    endloop
  endfacet
  facet normal 6.347209e-16 1.254243e-15 -1.000000e+00
    outer loop
      vertex   8.482719e+02 1.313751e+02 2.168250e+02
      vertex   8.931721e+02 1.313134e+02 2.168250e+02
      vertex   8.485299e+02 1.312445e+02 2.168250e+02
    endloop
  endfacet
  facet normal 6.383606e-16 -1.105673e-15 -1.000000e+00
    outer loop
      vertex   8.485299e+02 1.312445e+02 2.168250e+02
      vertex   8.931721e+02 1.313134e+02 2.168250e+02
      vertex   8.929217e+02 1.311688e+02 2.168250e+02
    endloop
  endfacet
  facet normal 6.290162e-16 -6.581418e-15 -1.000000e+00
    outer loop
      vertex   8.485299e+02 1.312445e+02 2.168250e+02
      vertex   8.929217e+02 1.311688e+02 2.168250e+02
      vertex   8.703937e+02 1.246972e+02 2.168250e+02
    endloop
  endfacet
  facet normal 1.129191e-14 -6.229919e-16 -1.000000e+00
    outer loop
      vertex   8.446084e+02 1.292600e+02 2.168250e+02
      vertex   8.445924e+02 1.289712e+02 2.168250e+02
      vertex   8.421874e+02 1.310012e+02 2.168250e+02
    endloop
  endfacet
  facet normal 1.239498e-14 6.838501e-16 -1.000000e+00
    outer loop
      vertex   8.421874e+02 1.310012e+02 2.168250e+02
      vertex   8.445924e+02 1.289712e+02 2.168250e+02
      vertex   8.446084e+02 1.286824e+02 2.168250e+02
    endloop
  endfacet
  facet normal 1.397333e-14 2.331736e-15 -1.000000e+00
    outer loop
      vertex   8.421874e+02 1.310012e+02 2.168250e+02
      vertex   8.446084e+02 1.286824e+02 2.168250e+02
      vertex   8.446560e+02 1.283972e+02 2.168250e+02
    endloop
  endfacet
  facet normal 1.640803e-14 4.639749e-15 -1.000000e+00
    outer loop
      vertex   8.446560e+02 1.283972e+02 2.168250e+02
      vertex   8.447347e+02 1.281189e+02 2.168250e+02
      vertex   8.421874e+02 1.310012e+02 2.168250e+02
    endloop
  endfacet
  facet normal 2.064742e-14 8.386257e-15 -1.000000e+00
    outer loop
      vertex   8.421874e+02 1.310012e+02 2.168250e+02
      vertex   8.447347e+02 1.281189e+02 2.168250e+02
      vertex   8.448435e+02 1.278509e+02 2.168250e+02
    endloop
  endfacet
  facet normal 2.987948e-14 1.616996e-14 -1.000000e+00
    outer loop
      vertex   8.421874e+02 1.310012e+02 2.168250e+02
      vertex   8.448435e+02 1.278509e+02 2.168250e+02
      vertex   8.449811e+02 1.275966e+02 2.168250e+02
    endloop
  endfacet
  facet normal -8.746863e-13 -7.260803e-13 -1.000000e+00
    outer loop
      vertex   8.449811e+02 1.275966e+02 2.168250e+02
      vertex   8.451459e+02 1.273589e+02 2.168250e+02
      vertex   8.421874e+02 1.310012e+02 2.168250e+02
    endloop
  endfacet
  facet normal 0.000000e+00 0.000000e+00 -1.000000e+00
    outer loop
      vertex   8.477207e+02 1.263949e+02 2.168250e+02
      vertex   8.480010e+02 1.264659e+02 2.168250e+02
      vertex   8.703937e+02 1.246972e+02 2.168250e+02
    endloop
  endfacet
  facet normal 0.000000e+00 0.000000e+00 -1.000000e+00
    outer loop
      vertex   8.703937e+02 1.246972e+02 2.168250e+02
      vertex   8.480010e+02 1.264659e+02 2.168250e+02
      vertex   8.482719e+02 1.265673e+02 2.168250e+02
    endloop
  endfacet
  facet normal 0.000000e+00 0.000000e+00 -1.000000e+00
    outer loop
      vertex   8.703937e+02 1.246972e+02 2.168250e+02
      vertex   8.482719e+02 1.265673e+02 2.168250e+02
      vertex   8.485299e+02 1.266979e+02 2.168250e+02
    endloop
  endfacet
  facet normal 0.000000e+00 0.000000e+00 -1.000000e+00
    outer loop
      vertex   8.485299e+02 1.266979e+02 2.168250e+02
      vertex   8.487720e+02 1.268561e+02 2.168250e+02
      vertex   8.703937e+02 1.246972e+02 2.168250e+02
    endloop
  endfacet
  facet normal 0.000000e+00 0.000000e+00 -1.000000e+00
    outer loop
      vertex   8.703937e+02 1.246972e+02 2.168250e+02
      vertex   8.487720e+02 1.268561e+02 2.168250e+02
      vertex   8.489953e+02 1.270399e+02 2.168250e+02
    endloop
  endfacet
  facet normal 0.000000e+00 0.000000e+00 -1.000000e+00
    outer loop
      vertex   8.703937e+02 1.246972e+02 2.168250e+02
      vertex   8.489953e+02 1.270399e+02 2.168250e+02
      vertex   8.491970e+02 1.272472e+02 2.168250e+02
    endloop
  endfacet
  facet normal 0.000000e+00 0.000000e+00 -1.000000e+00
    outer loop
      vertex   8.491970e+02 1.272472e+02 2.168250e+02
      vertex   8.493746e+02 1.274755e+02 2.168250e+02
      vertex   8.703937e+02 1.246972e+02 2.168250e+02
    endloop
  endfacet
  facet normal -1.410168e-14 -1.066870e-13 -1.000000e+00
    outer loop
      vertex   8.703937e+02 1.246972e+02 2.168250e+02
      vertex   8.493746e+02 1.274755e+02 2.168250e+02
      vertex   8.495260e+02 1.277219e+02 2.168250e+02
    endloop
  endfacet
  facet normal 1.274799e-15 -6.015920e-16 -1.000000e+00
    outer loop
      vertex   8.703937e+02 1.246972e+02 2.168250e+02
      vertex   8.495260e+02 1.277219e+02 2.168250e+02
      vertex   8.496495e+02 1.279834e+02 2.168250e+02
    endloop
  endfacet
  facet normal 1.299432e-15 -4.460954e-16 -1.000000e+00
    outer loop
      vertex   8.496495e+02 1.279834e+02 2.168250e+02
      vertex   8.497434e+02 1.282569e+02 2.168250e+02
      vertex   8.703937e+02 1.246972e+02 2.168250e+02
    endloop
  endfacet
  facet normal 1.325138e-15 -2.969704e-16 -1.000000e+00
    outer loop
      vertex   8.703937e+02 1.246972e+02 2.168250e+02
      vertex   8.497434e+02 1.282569e+02 2.168250e+02
      vertex   8.498066e+02 1.285392e+02 2.168250e+02
    endloop
  endfacet
  facet normal 1.352620e-15 -1.497080e-16 -1.000000e+00
    outer loop
      vertex   8.703937e+02 1.246972e+02 2.168250e+02
      vertex   8.498066e+02 1.285392e+02 2.168250e+02
      vertex   8.498384e+02 1.288266e+02 2.168250e+02
    endloop
  endfacet
  facet normal 1.382695e-15 0.000000e+00 -1.000000e+00
    outer loop
      vertex   8.498384e+02 1.288266e+02 2.168250e+02
      vertex   8.498384e+02 1.291158e+02 2.168250e+02
      vertex   8.703937e+02 1.246972e+02 2.168250e+02
    endloop
  endfacet
  facet normal 1.416394e-15 1.567665e-16 -1.000000e+00
    outer loop
      vertex   8.703937e+02 1.246972e+02 2.168250e+02
      vertex   8.498384e+02 1.291158e+02 2.168250e+02
      vertex   8.498066e+02 1.294033e+02 2.168250e+02
    endloop
  endfacet
  facet normal 1.455102e-15 3.260960e-16 -1.000000e+00
    outer loop
      vertex   8.703937e+02 1.246972e+02 2.168250e+02
      vertex   8.498066e+02 1.294033e+02 2.168250e+02
      vertex   8.497434e+02 1.296855e+02 2.168250e+02
    endloop
  endfacet
  facet normal 1.500787e-15 5.152207e-16 -1.000000e+00
    outer loop
      vertex   8.497434e+02 1.296855e+02 2.168250e+02
      vertex   8.496495e+02 1.299590e+02 2.168250e+02
      vertex   8.703937e+02 1.246972e+02 2.168250e+02
    endloop
  endfacet
  facet normal 1.556403e-15 7.344845e-16 -1.000000e+00
    outer loop
      vertex   8.703937e+02 1.246972e+02 2.168250e+02
      vertex   8.496495e+02 1.299590e+02 2.168250e+02
      vertex   8.495260e+02 1.302206e+02 2.168250e+02
    endloop
  endfacet
  facet normal -3.483928e-14 -1.367709e-13 -1.000000e+00
    outer loop
      vertex   8.703937e+02 1.246972e+02 2.168250e+02
      vertex   8.495260e+02 1.302206e+02 2.168250e+02
      vertex   8.493746e+02 1.304670e+02 2.168250e+02
    endloop
  endfacet
  facet normal 3.439145e-15 2.676794e-15 -1.000000e+00
    outer loop
      vertex   8.493746e+02 1.304670e+02 2.168250e+02
      vertex   8.491970e+02 1.306952e+02 2.168250e+02
      vertex   8.703937e+02 1.246972e+02 2.168250e+02
    endloop
  endfacet
  facet normal 3.700299e-15 3.599707e-15 -1.000000e+00
    outer loop
      vertex   8.703937e+02 1.246972e+02 2.168250e+02
      vertex   8.491970e+02 1.306952e+02 2.168250e+02
      vertex   8.489953e+02 1.309025e+02 2.168250e+02
    endloop
  endfacet
  facet normal 4.100140e-15 4.978524e-15 -1.000000e+00
    outer loop
      vertex   8.703937e+02 1.246972e+02 2.168250e+02
      vertex   8.489953e+02 1.309025e+02 2.168250e+02
      vertex   8.487720e+02 1.310864e+02 2.168250e+02
    endloop
  endfacet
  facet normal 4.800004e-15 7.346953e-15 -1.000000e+00
    outer loop
      vertex   8.487720e+02 1.310864e+02 2.168250e+02
      vertex   8.485299e+02 1.312445e+02 2.168250e+02
      vertex   8.703937e+02 1.246972e+02 2.168250e+02
    endloop
  endfacet
  facet normal -0.000000e+00 0.000000e+00 -1.000000e+00
    outer loop
      vertex   8.465730e+02 1.315159e+02 2.168250e+02
      vertex   8.462970e+02 1.314296e+02 2.168250e+02
      vertex   8.423166e+02 1.318721e+02 2.168250e+02
    endloop
  endfacet
  facet normal 0.000000e+00 0.000000e+00 -1.000000e+00
    outer loop
      vertex   8.423166e+02 1.318721e+02 2.168250e+02
      vertex   8.462970e+02 1.314296e+02 2.168250e+02
      vertex   8.460321e+02 1.313134e+02 2.168250e+02
    endloop
  endfacet
  facet normal 0.000000e+00 0.000000e+00 -1.000000e+00
    outer loop
      vertex   8.423166e+02 1.318721e+02 2.168250e+02
      vertex   8.460321e+02 1.313134e+02 2.168250e+02
      vertex   8.457817e+02 1.311688e+02 2.168250e+02
    endloop
  endfacet
  facet normal -0.000000e+00 0.000000e+00 -1.000000e+00
    outer loop
      vertex   8.457817e+02 1.311688e+02 2.168250e+02
      vertex   8.455486e+02 1.309975e+02 2.168250e+02
      vertex   8.423166e+02 1.318721e+02 2.168250e+02
    endloop
  endfacet
  facet normal 0.000000e+00 0.000000e+00 -1.000000e+00
    outer loop
      vertex   8.423166e+02 1.318721e+02 2.168250e+02
      vertex   8.455486e+02 1.309975e+02 2.168250e+02
      vertex   8.453359e+02 1.308016e+02 2.168250e+02
    endloop
  endfacet
  facet normal 0.000000e+00 0.000000e+00 -1.000000e+00
    outer loop
      vertex   8.423166e+02 1.318721e+02 2.168250e+02
      vertex   8.453359e+02 1.308016e+02 2.168250e+02
      vertex   8.451459e+02 1.305835e+02 2.168250e+02
    endloop
  endfacet
  facet normal -4.139170e-14 -9.088592e-14 -1.000000e+00
    outer loop
      vertex   8.451459e+02 1.305835e+02 2.168250e+02
      vertex   8.449811e+02 1.303459e+02 2.168250e+02
      vertex   8.423166e+02 1.318721e+02 2.168250e+02
    endloop
  endfacet
  facet normal 9.328292e-15 -2.336615e-15 -1.000000e+00
    outer loop
      vertex   8.423166e+02 1.318721e+02 2.168250e+02
      vertex   8.449811e+02 1.303459e+02 2.168250e+02
      vertex   8.422451e+02 1.315865e+02 2.168250e+02
    endloop
  endfacet
  facet normal 9.733137e-15 -1.443775e-15 -1.000000e+00
    outer loop
      vertex   8.422451e+02 1.315865e+02 2.168250e+02
      vertex   8.449811e+02 1.303459e+02 2.168250e+02
      vertex   8.422019e+02 1.312953e+02 2.168250e+02
    endloop
  endfacet
  facet normal 1.005755e-14 -4.940959e-16 -1.000000e+00
    outer loop
      vertex   8.422019e+02 1.312953e+02 2.168250e+02
      vertex   8.449811e+02 1.303459e+02 2.168250e+02
      vertex   8.421874e+02 1.310012e+02 2.168250e+02
    endloop
  endfacet
  facet normal 9.027425e-15 -4.885398e-15 -1.000000e+00
    outer loop
      vertex   8.421874e+02 1.310012e+02 2.168250e+02
      vertex   8.449811e+02 1.303459e+02 2.168250e+02
      vertex   8.448435e+02 1.300915e+02 2.168250e+02
    endloop
  endfacet
  facet normal 9.393881e-15 -3.815465e-15 -1.000000e+00
    outer loop
      vertex   8.421874e+02 1.310012e+02 2.168250e+02
      vertex   8.448435e+02 1.300915e+02 2.168250e+02
      vertex   8.447347e+02 1.298236e+02 2.168250e+02
    endloop
  endfacet
  facet normal 9.867822e-15 -2.790354e-15 -1.000000e+00
    outer loop
      vertex   8.447347e+02 1.298236e+02 2.168250e+02
      vertex   8.446560e+02 1.295453e+02 2.168250e+02
      vertex   8.421874e+02 1.310012e+02 2.168250e+02
    endloop
  endfacet
  facet normal 1.048195e-14 -1.749127e-15 -1.000000e+00
    outer loop
      vertex   8.421874e+02 1.310012e+02 2.168250e+02
      vertex   8.446560e+02 1.295453e+02 2.168250e+02
      vertex   8.446084e+02 1.292600e+02 2.168250e+02
    endloop
  endfacet
  facet normal -1.239498e-14 6.838501e-16 -1.000000e+00
    outer loop
      vertex   8.446084e+02 8.211999e+01 2.168250e+02
      vertex   8.445924e+02 8.183122e+01 2.168250e+02
      vertex   8.421874e+02 7.980122e+01 2.168250e+02
    endloop
  endfacet
  facet normal -1.129191e-14 -6.229919e-16 -1.000000e+00
    outer loop
      vertex   8.421874e+02 7.980122e+01 2.168250e+02
      vertex   8.445924e+02 8.183122e+01 2.168250e+02
      vertex   8.446084e+02 8.154245e+01 2.168250e+02
    endloop
  endfacet
  facet normal -1.048195e-14 -1.749127e-15 -1.000000e+00
    outer loop
      vertex   8.421874e+02 7.980122e+01 2.168250e+02
      vertex   8.446084e+02 8.154245e+01 2.168250e+02
      vertex   8.446560e+02 8.125718e+01 2.168250e+02
    endloop
  endfacet
  facet normal -9.867822e-15 -2.790354e-15 -1.000000e+00
    outer loop
      vertex   8.446560e+02 8.125718e+01 2.168250e+02
      vertex   8.447347e+02 8.097889e+01 2.168250e+02
      vertex   8.421874e+02 7.980122e+01 2.168250e+02
    endloop
  endfacet
  facet normal -9.393881e-15 -3.815465e-15 -1.000000e+00
    outer loop
      vertex   8.421874e+02 7.980122e+01 2.168250e+02
      vertex   8.447347e+02 8.097889e+01 2.168250e+02
      vertex   8.448435e+02 8.071093e+01 2.168250e+02
    endloop
  endfacet
  facet normal -9.027425e-15 -4.885398e-15 -1.000000e+00
    outer loop
      vertex   8.421874e+02 7.980122e+01 2.168250e+02
      vertex   8.448435e+02 8.071093e+01 2.168250e+02
      vertex   8.449811e+02 8.045658e+01 2.168250e+02
    endloop
  endfacet
  facet normal 4.139170e-14 -9.088592e-14 -1.000000e+00
    outer loop
      vertex   8.451459e+02 8.021891e+01 2.168250e+02
      vertex   8.423166e+02 7.893037e+01 2.168250e+02
      vertex   8.449811e+02 8.045658e+01 2.168250e+02
    endloop
  endfacet
  facet normal -9.328292e-15 -2.336615e-15 -1.000000e+00
    outer loop
      vertex   8.449811e+02 8.045658e+01 2.168250e+02
      vertex   8.423166e+02 7.893037e+01 2.168250e+02
      vertex   8.422451e+02 7.921595e+01 2.168250e+02
    endloop
  endfacet
  facet normal -9.733137e-15 -1.443775e-15 -1.000000e+00
    outer loop
      vertex   8.449811e+02 8.045658e+01 2.168250e+02
      vertex   8.422451e+02 7.921595e+01 2.168250e+02
      vertex   8.422019e+02 7.950717e+01 2.168250e+02
    endloop
  endfacet
  facet normal -6.658910e-15 -5.799250e-15 -1.000000e+00
    outer loop
      vertex   8.453359e+02 8.000082e+01 2.168250e+02
      vertex   8.426930e+02 7.813451e+01 2.168250e+02
      vertex   8.451459e+02 8.021891e+01 2.168250e+02
    endloop
  endfacet
  facet normal 5.569092e-14 -7.917224e-14 -1.000000e+00
    outer loop
      vertex   8.451459e+02 8.021891e+01 2.168250e+02
      vertex   8.426930e+02 7.813451e+01 2.168250e+02
      vertex   8.425417e+02 7.838703e+01 2.168250e+02
    endloop
  endfacet
  facet normal 0.000000e+00 0.000000e+00 -1.000000e+00
    outer loop
      vertex   8.451459e+02 8.021891e+01 2.168250e+02
      vertex   8.425417e+02 7.838703e+01 2.168250e+02
      vertex   8.424158e+02 7.865317e+01 2.168250e+02
    endloop
  endfacet
  facet normal -5.936545e-15 -6.448807e-15 -1.000000e+00
    outer loop
      vertex   8.455486e+02 7.980494e+01 2.168250e+02
      vertex   8.432842e+02 7.748219e+01 2.168250e+02
      vertex   8.453359e+02 8.000082e+01 2.168250e+02
    endloop
  endfacet
  facet normal -5.883800e-15 -6.491772e-15 -1.000000e+00
    outer loop
      vertex   8.453359e+02 8.000082e+01 2.168250e+02
      vertex   8.432842e+02 7.748219e+01 2.168250e+02
      vertex   8.430661e+02 7.767990e+01 2.168250e+02
    endloop
  endfacet
  facet normal -6.498883e-15 -5.890244e-15 -1.000000e+00
    outer loop
      vertex   8.453359e+02 8.000082e+01 2.168250e+02
      vertex   8.430661e+02 7.767990e+01 2.168250e+02
      vertex   8.428684e+02 7.789804e+01 2.168250e+02
    endloop
  endfacet
  facet normal -5.526256e-15 -7.518742e-15 -1.000000e+00
    outer loop
      vertex   8.457817e+02 7.963366e+01 2.168250e+02
      vertex   8.443166e+02 7.693040e+01 2.168250e+02
      vertex   8.455486e+02 7.980494e+01 2.168250e+02
    endloop
  endfacet
  facet normal -3.067351e-15 -8.572673e-15 -1.000000e+00
    outer loop
      vertex   8.455486e+02 7.980494e+01 2.168250e+02
      vertex   8.443166e+02 7.693040e+01 2.168250e+02
      vertex   8.440394e+02 7.702958e+01 2.168250e+02
    endloop
  endfacet
  facet normal -3.852602e-15 -8.145643e-15 -1.000000e+00
    outer loop
      vertex   8.455486e+02 7.980494e+01 2.168250e+02
      vertex   8.440394e+02 7.702958e+01 2.168250e+02
      vertex   8.437732e+02 7.715546e+01 2.168250e+02
    endloop
  endfacet
  facet normal 8.746863e-13 -7.260803e-13 -1.000000e+00
    outer loop
      vertex   8.451459e+02 8.344353e+01 2.168250e+02
      vertex   8.449811e+02 8.320586e+01 2.168250e+02
      vertex   8.421874e+02 7.980122e+01 2.168250e+02
    endloop
  endfacet
  facet normal -2.987948e-14 1.616996e-14 -1.000000e+00
    outer loop
      vertex   8.421874e+02 7.980122e+01 2.168250e+02
      vertex   8.449811e+02 8.320586e+01 2.168250e+02
      vertex   8.448435e+02 8.295151e+01 2.168250e+02
    endloop
  endfacet
  facet normal -2.064742e-14 8.386257e-15 -1.000000e+00
    outer loop
      vertex   8.421874e+02 7.980122e+01 2.168250e+02
      vertex   8.448435e+02 8.295151e+01 2.168250e+02
      vertex   8.447347e+02 8.268356e+01 2.168250e+02
    endloop
  endfacet
  facet normal -1.640803e-14 4.639749e-15 -1.000000e+00
    outer loop
      vertex   8.447347e+02 8.268356e+01 2.168250e+02
      vertex   8.446560e+02 8.240526e+01 2.168250e+02
      vertex   8.421874e+02 7.980122e+01 2.168250e+02
    endloop
  endfacet
  facet normal -1.397333e-14 2.331736e-15 -1.000000e+00
    outer loop
      vertex   8.421874e+02 7.980122e+01 2.168250e+02
      vertex   8.446560e+02 8.240526e+01 2.168250e+02
      vertex   8.446084e+02 8.211999e+01 2.168250e+02
    endloop
  endfacet
  facet normal 1.110223e-15 -1.278296e-14 -1.000000e+00
    outer loop
      vertex   8.451874e+02 1.340012e+02 2.168250e+02
      vertex   8.963874e+02 1.340012e+02 2.168250e+02
      vertex   8.942851e+02 1.315952e+02 2.168250e+02
    endloop
  endfacet
  facet normal -2.318790e-15 -9.257128e-15 -1.000000e+00
    outer loop
      vertex   8.446022e+02 7.685887e+01 2.168250e+02
      vertex   8.443166e+02 7.693040e+01 2.168250e+02
      vertex   8.457817e+02 7.963366e+01 2.168250e+02
    endloop
  endfacet
  facet normal -4.587247e-15 -7.653359e-15 -1.000000e+00
    outer loop
      vertex   8.437732e+02 7.715546e+01 2.168250e+02
      vertex   8.435207e+02 7.730681e+01 2.168250e+02
      vertex   8.455486e+02 7.980494e+01 2.168250e+02
    endloop
  endfacet
  facet normal -5.266917e-15 -7.101615e-15 -1.000000e+00
    outer loop
      vertex   8.455486e+02 7.980494e+01 2.168250e+02
      vertex   8.435207e+02 7.730681e+01 2.168250e+02
      vertex   8.432842e+02 7.748219e+01 2.168250e+02
    endloop
  endfacet
  facet normal -7.057784e-15 -5.234409e-15 -1.000000e+00
    outer loop
      vertex   8.428684e+02 7.789804e+01 2.168250e+02
      vertex   8.426930e+02 7.813451e+01 2.168250e+02
      vertex   8.453359e+02 8.000082e+01 2.168250e+02
    endloop
  endfacet
  facet normal 0.000000e+00 0.000000e+00 -1.000000e+00
    outer loop
      vertex   8.424158e+02 7.865317e+01 2.168250e+02
      vertex   8.423166e+02 7.893037e+01 2.168250e+02
      vertex   8.451459e+02 8.021891e+01 2.168250e+02
    endloop
  endfacet
  facet normal -1.005755e-14 -4.940959e-16 -1.000000e+00
    outer loop
      vertex   8.422019e+02 7.950717e+01 2.168250e+02
      vertex   8.421874e+02 7.980122e+01 2.168250e+02
      vertex   8.449811e+02 8.045658e+01 2.168250e+02
    endloop
  endfacet
  facet normal -2.693632e-15 -1.486118e-16 1.000000e+00
    outer loop
      vertex   8.917484e+02 8.154245e+01 2.198250e+02
      vertex   8.917324e+02 8.183122e+01 2.198250e+02
      vertex   8.703937e+02 8.610524e+01 2.198250e+02
    endloop
  endfacet
  facet normal -2.634751e-15 1.453632e-16 1.000000e+00
    outer loop
      vertex   8.703937e+02 8.610524e+01 2.198250e+02
      vertex   8.917324e+02 8.183122e+01 2.198250e+02
      vertex   8.917484e+02 8.211999e+01 2.198250e+02
    endloop
  endfacet
  facet normal -2.581487e-15 4.307740e-16 1.000000e+00
    outer loop
      vertex   8.703937e+02 8.610524e+01 2.198250e+02
      vertex   8.917484e+02 8.211999e+01 2.198250e+02
      vertex   8.917960e+02 8.240526e+01 2.198250e+02
    endloop
  endfacet
  facet normal -2.532172e-15 7.160301e-16 1.000000e+00
    outer loop
      vertex   8.917960e+02 8.240526e+01 2.198250e+02
      vertex   8.918747e+02 8.268356e+01 2.198250e+02
      vertex   8.703937e+02 8.610524e+01 2.198250e+02
    endloop
  endfacet
  facet normal -2.485427e-15 1.009493e-15 1.000000e+00
    outer loop
      vertex   8.703937e+02 8.610524e+01 2.198250e+02
      vertex   8.918747e+02 8.268356e+01 2.198250e+02
      vertex   8.919835e+02 8.295151e+01 2.198250e+02
    endloop
  endfacet
  facet normal -2.440002e-15 1.320463e-15 1.000000e+00
    outer loop
      vertex   8.703937e+02 8.610524e+01 2.198250e+02
      vertex   8.919835e+02 8.295151e+01 2.198250e+02
      vertex   8.921211e+02 8.320586e+01 2.198250e+02
    endloop
  endfacet
  facet normal 1.221184e-14 1.111188e-13 1.000000e+00
    outer loop
      vertex   8.921211e+02 8.320586e+01 2.198250e+02
      vertex   8.922859e+02 8.344353e+01 2.198250e+02
      vertex   8.703937e+02 8.610524e+01 2.198250e+02
    endloop
  endfacet
  facet normal -1.173952e-15 1.022396e-15 1.000000e+00
    outer loop
      vertex   8.703937e+02 8.610524e+01 2.198250e+02
      vertex   8.922859e+02 8.344353e+01 2.198250e+02
      vertex   8.924759e+02 8.366163e+01 2.198250e+02
    endloop
  endfacet
  facet normal -1.148974e-15 1.248118e-15 1.000000e+00
    outer loop
      vertex   8.703937e+02 8.610524e+01 2.198250e+02
      vertex   8.924759e+02 8.366163e+01 2.198250e+02
      vertex   8.926886e+02 8.385750e+01 2.198250e+02
    endloop
  endfacet
  facet normal -1.121036e-15 1.525225e-15 1.000000e+00
    outer loop
      vertex   8.926886e+02 8.385750e+01 2.198250e+02
      vertex   8.929217e+02 8.402878e+01 2.198250e+02
      vertex   8.703937e+02 8.610524e+01 2.198250e+02
    endloop
  endfacet
  facet normal -1.087934e-15 1.884357e-15 1.000000e+00
    outer loop
      vertex   8.703937e+02 8.610524e+01 2.198250e+02
      vertex   8.929217e+02 8.402878e+01 2.198250e+02
      vertex   8.931721e+02 8.417339e+01 2.198250e+02
    endloop
  endfacet
  facet normal -1.045585e-15 2.383694e-15 1.000000e+00
    outer loop
      vertex   8.703937e+02 8.610524e+01 2.198250e+02
      vertex   8.931721e+02 8.417339e+01 2.198250e+02
      vertex   8.934370e+02 8.428956e+01 2.198250e+02
    endloop
  endfacet
  facet normal -9.852126e-16 3.149900e-15 1.000000e+00
    outer loop
      vertex   8.934370e+02 8.428956e+01 2.198250e+02
      vertex   8.937130e+02 8.437590e+01 2.198250e+02
      vertex   8.703937e+02 8.610524e+01 2.198250e+02
    endloop
  endfacet
  facet normal -8.834149e-16 4.522592e-15 1.000000e+00
    outer loop
      vertex   8.703937e+02 8.610524e+01 2.198250e+02
      vertex   8.937130e+02 8.437590e+01 2.198250e+02
      vertex   8.939969e+02 8.443134e+01 2.198250e+02
    endloop
  endfacet
  facet normal -6.488375e-16 7.830304e-15 1.000000e+00
    outer loop
      vertex   8.703937e+02 8.610524e+01 2.198250e+02
      vertex   8.939969e+02 8.443134e+01 2.198250e+02
      vertex   8.942851e+02 8.445522e+01 2.198250e+02
    endloop
  endfacet
  facet normal 4.020542e-16 1.458578e-14 1.000000e+00
    outer loop
      vertex   8.945742e+02 8.444726e+01 2.198250e+02
      vertex   8.878201e+02 9.632497e+01 2.198250e+02
      vertex   8.942851e+02 8.445522e+01 2.198250e+02
    endloop
  endfacet
  facet normal -1.301317e-14 7.279012e-15 1.000000e+00
    outer loop
      vertex   8.942851e+02 8.445522e+01 2.198250e+02
      vertex   8.878201e+02 9.632497e+01 2.198250e+02
      vertex   8.874357e+02 9.563779e+01 2.198250e+02
    endloop
  endfacet
  facet normal 2.210114e-14 2.878673e-14 1.000000e+00
    outer loop
      vertex   8.942851e+02 8.445522e+01 2.198250e+02
      vertex   8.874357e+02 9.563779e+01 2.198250e+02
      vertex   8.870236e+02 9.496685e+01 2.198250e+02
    endloop
  endfacet
  facet normal -1.334811e-14 6.766936e-15 1.000000e+00
    outer loop
      vertex   8.878201e+02 9.632497e+01 2.198250e+02
      vertex   8.945742e+02 8.444726e+01 2.198250e+02
      vertex   8.881761e+02 9.702727e+01 2.198250e+02
    endloop
  endfacet
  facet normal 2.022360e-15 1.458421e-14 1.000000e+00
    outer loop
      vertex   8.881761e+02 9.702727e+01 2.198250e+02
      vertex   8.945742e+02 8.444726e+01 2.198250e+02
      vertex   8.948607e+02 8.440753e+01 2.198250e+02
    endloop
  endfacet
  facet normal -1.369965e-14 6.256421e-15 1.000000e+00
    outer loop
      vertex   8.881761e+02 9.702727e+01 2.198250e+02
      vertex   8.948607e+02 8.440753e+01 2.198250e+02
      vertex   8.885032e+02 9.774349e+01 2.198250e+02
    endloop
  endfacet
  facet normal 3.682755e-15 1.454287e-14 1.000000e+00
    outer loop
      vertex   8.885032e+02 9.774349e+01 2.198250e+02
      vertex   8.948607e+02 8.440753e+01 2.198250e+02
      vertex   8.951410e+02 8.433653e+01 2.198250e+02
    endloop
  endfacet
  facet normal 2.907952e-14 2.711686e-14 1.000000e+00
    outer loop
      vertex   8.885032e+02 9.774349e+01 2.198250e+02
      vertex   8.951410e+02 8.433653e+01 2.198250e+02
      vertex   8.888008e+02 9.847247e+01 2.198250e+02
    endloop
  endfacet
  facet normal 6.332985e-15 1.691465e-14 1.000000e+00
    outer loop
      vertex   8.888008e+02 9.847247e+01 2.198250e+02
      vertex   8.951410e+02 8.433653e+01 2.198250e+02
      vertex   8.954119e+02 8.423513e+01 2.198250e+02
    endloop
  endfacet
  facet normal -1.692271e-14 6.115958e-15 1.000000e+00
    outer loop
      vertex   8.888008e+02 9.847247e+01 2.198250e+02
      vertex   8.954119e+02 8.423513e+01 2.198250e+02
      vertex   8.890684e+02 9.921298e+01 2.198250e+02
    endloop
  endfacet
  facet normal 8.555747e-15 1.690662e-14 1.000000e+00
    outer loop
      vertex   8.890684e+02 9.921298e+01 2.198250e+02
      vertex   8.954119e+02 8.423513e+01 2.198250e+02
      vertex   8.956699e+02 8.410454e+01 2.198250e+02
    endloop
  endfacet
  facet normal -1.749095e-14 5.525773e-15 1.000000e+00
    outer loop
      vertex   8.890684e+02 9.921298e+01 2.198250e+02
      vertex   8.956699e+02 8.410454e+01 2.198250e+02
      vertex   8.893056e+02 9.996378e+01 2.198250e+02
    endloop
  endfacet
  facet normal -1.864312e-14 5.063408e-15 1.000000e+00
    outer loop
      vertex   8.893056e+02 9.996378e+01 2.198250e+02
      vertex   8.956699e+02 8.410454e+01 2.198250e+02
      vertex   8.895120e+02 1.007236e+02 2.198250e+02
    endloop
  endfacet
  facet normal 1.031934e-14 1.579493e-14 1.000000e+00
    outer loop
      vertex   8.895120e+02 1.007236e+02 2.198250e+02
      vertex   8.956699e+02 8.410454e+01 2.198250e+02
      vertex   8.959120e+02 8.394635e+01 2.198250e+02
    endloop
  endfacet
  facet normal 1.020003e-13 5.076846e-14 1.000000e+00
    outer loop
      vertex   8.895120e+02 1.007236e+02 2.198250e+02
      vertex   8.959120e+02 8.394635e+01 2.198250e+02
      vertex   8.896872e+02 1.014913e+02 2.198250e+02
    endloop
  endfacet
  facet normal 1.696390e-14 2.059812e-14 1.000000e+00
    outer loop
      vertex   8.896872e+02 1.014913e+02 2.198250e+02
      vertex   8.959120e+02 8.394635e+01 2.198250e+02
      vertex   8.961353e+02 8.376250e+01 2.198250e+02
    endloop
  endfacet
  facet normal -2.626199e-14 4.876608e-15 1.000000e+00
    outer loop
      vertex   8.896872e+02 1.014913e+02 2.198250e+02
      vertex   8.961353e+02 8.376250e+01 2.198250e+02
      vertex   8.898310e+02 1.022654e+02 2.198250e+02
    endloop
  endfacet
  facet normal -2.853384e-14 4.102546e-15 1.000000e+00
    outer loop
      vertex   8.898310e+02 1.022654e+02 2.198250e+02
      vertex   8.961353e+02 8.376250e+01 2.198250e+02
      vertex   8.899430e+02 1.030448e+02 2.198250e+02
    endloop
  endfacet
  facet normal 2.035638e-14 1.980299e-14 1.000000e+00
    outer loop
      vertex   8.899430e+02 1.030448e+02 2.198250e+02
      vertex   8.961353e+02 8.376250e+01 2.198250e+02
      vertex   8.963370e+02 8.355520e+01 2.198250e+02
    endloop
  endfacet
  facet normal -3.049256e-14 3.121065e-15 1.000000e+00
    outer loop
      vertex   8.899430e+02 1.030448e+02 2.198250e+02
      vertex   8.963370e+02 8.355520e+01 2.198250e+02
      vertex   8.900232e+02 1.038281e+02 2.198250e+02
    endloop
  endfacet
  facet normal 2.702460e-14 2.103409e-14 1.000000e+00
    outer loop
      vertex   8.900232e+02 1.038281e+02 2.198250e+02
      vertex   8.963370e+02 8.355520e+01 2.198250e+02
      vertex   8.965146e+02 8.332697e+01 2.198250e+02
    endloop
  endfacet
  facet normal 6.267852e-14 3.232339e-14 1.000000e+00
    outer loop
      vertex   8.900232e+02 1.038281e+02 2.198250e+02
      vertex   8.965146e+02 8.332697e+01 2.198250e+02
      vertex   8.900714e+02 1.046140e+02 2.198250e+02
    endloop
  endfacet
  facet normal -2.115062e-14 6.949716e-15 1.000000e+00
    outer loop
      vertex   8.900714e+02 1.046140e+02 2.198250e+02
      vertex   8.965146e+02 8.332697e+01 2.198250e+02
      vertex   8.993874e+02 7.980122e+01 2.198250e+02
    endloop
  endfacet
  facet normal -3.761663e-14 7.674839e-16 1.000000e+00
    outer loop
      vertex   8.900714e+02 1.046140e+02 2.198250e+02
      vertex   8.993874e+02 7.980122e+01 2.198250e+02
      vertex   8.900874e+02 1.054012e+02 2.198250e+02
    endloop
  endfacet
  facet normal -4.584147e-15 1.276756e-14 1.000000e+00
    outer loop
      vertex   8.900874e+02 1.054012e+02 2.198250e+02
      vertex   8.993874e+02 7.980122e+01 2.198250e+02
      vertex   8.993874e+02 1.310012e+02 2.198250e+02
    endloop
  endfacet
  facet normal 2.893587e-14 5.903722e-16 1.000000e+00
    outer loop
      vertex   8.900874e+02 1.054012e+02 2.198250e+02
      vertex   8.993874e+02 1.310012e+02 2.198250e+02
      vertex   8.900714e+02 1.061884e+02 2.198250e+02
    endloop
  endfacet
  facet normal 2.897183e-14 5.768709e-16 1.000000e+00
    outer loop
      vertex   8.900714e+02 1.061884e+02 2.198250e+02
      vertex   8.993874e+02 1.310012e+02 2.198250e+02
      vertex   8.965146e+02 1.274755e+02 2.198250e+02
    endloop
  endfacet
  facet normal -7.368385e-14 3.164902e-14 1.000000e+00
    outer loop
      vertex   8.900714e+02 1.061884e+02 2.198250e+02
      vertex   8.965146e+02 1.274755e+02 2.198250e+02
      vertex   8.900232e+02 1.069744e+02 2.198250e+02
    endloop
  endfacet
  facet normal -1.801640e-14 1.402273e-14 1.000000e+00
    outer loop
      vertex   8.900232e+02 1.069744e+02 2.198250e+02
      vertex   8.965146e+02 1.274755e+02 2.198250e+02
      vertex   8.963370e+02 1.272472e+02 2.198250e+02
    endloop
  endfacet
  facet normal 2.032837e-14 2.080710e-15 1.000000e+00
    outer loop
      vertex   8.900232e+02 1.069744e+02 2.198250e+02
      vertex   8.963370e+02 1.272472e+02 2.198250e+02
      vertex   8.899430e+02 1.077576e+02 2.198250e+02
    endloop
  endfacet
  facet normal -1.357092e-14 1.320199e-14 1.000000e+00
    outer loop
      vertex   8.899430e+02 1.077576e+02 2.198250e+02
      vertex   8.963370e+02 1.272472e+02 2.198250e+02
      vertex   8.961353e+02 1.270399e+02 2.198250e+02
    endloop
  endfacet
  facet normal 1.902256e-14 2.735031e-15 1.000000e+00
    outer loop
      vertex   8.899430e+02 1.077576e+02 2.198250e+02
      vertex   8.961353e+02 1.270399e+02 2.198250e+02
      vertex   8.898310e+02 1.085370e+02 2.198250e+02
    endloop
  endfacet
  facet normal 1.750799e-14 3.251072e-15 1.000000e+00
    outer loop
      vertex   8.898310e+02 1.085370e+02 2.198250e+02
      vertex   8.961353e+02 1.270399e+02 2.198250e+02
      vertex   8.896872e+02 1.093112e+02 2.198250e+02
    endloop
  endfacet
  facet normal -1.130927e-14 1.373208e-14 1.000000e+00
    outer loop
      vertex   8.896872e+02 1.093112e+02 2.198250e+02
      vertex   8.961353e+02 1.270399e+02 2.198250e+02
      vertex   8.959120e+02 1.268561e+02 2.198250e+02
    endloop
  endfacet
  facet normal -1.103357e-13 4.886597e-14 1.000000e+00
    outer loop
      vertex   8.896872e+02 1.093112e+02 2.198250e+02
      vertex   8.959120e+02 1.268561e+02 2.198250e+02
      vertex   8.895120e+02 1.100788e+02 2.198250e+02
    endloop
  endfacet
  facet normal -5.896768e-15 9.025675e-15 1.000000e+00
    outer loop
      vertex   8.895120e+02 1.100788e+02 2.198250e+02
      vertex   8.959120e+02 1.268561e+02 2.198250e+02
      vertex   8.956699e+02 1.266979e+02 2.198250e+02
    endloop
  endfacet
  facet normal 1.065321e-14 2.893376e-15 1.000000e+00
    outer loop
      vertex   8.895120e+02 1.100788e+02 2.198250e+02
      vertex   8.956699e+02 1.266979e+02 2.198250e+02
      vertex   8.893056e+02 1.108387e+02 2.198250e+02
    endloop
  endfacet
  facet normal 9.994826e-15 3.157585e-15 1.000000e+00
    outer loop
      vertex   8.893056e+02 1.108387e+02 2.198250e+02
      vertex   8.956699e+02 1.266979e+02 2.198250e+02
      vertex   8.890684e+02 1.115895e+02 2.198250e+02
    endloop
  endfacet
  facet normal -4.888998e-15 9.660924e-15 1.000000e+00
    outer loop
      vertex   8.890684e+02 1.115895e+02 2.198250e+02
      vertex   8.956699e+02 1.266979e+02 2.198250e+02
      vertex   8.954119e+02 1.265673e+02 2.198250e+02
    endloop
  endfacet
  facet normal 9.670119e-15 3.494833e-15 1.000000e+00
    outer loop
      vertex   8.890684e+02 1.115895e+02 2.198250e+02
      vertex   8.954119e+02 1.265673e+02 2.198250e+02
      vertex   8.888008e+02 1.123300e+02 2.198250e+02
    endloop
  endfacet
  facet normal -3.618849e-15 9.665515e-15 1.000000e+00
    outer loop
      vertex   8.888008e+02 1.123300e+02 2.198250e+02
      vertex   8.954119e+02 1.265673e+02 2.198250e+02
      vertex   8.951410e+02 1.264659e+02 2.198250e+02
    endloop
  endfacet
  facet normal -3.611970e-14 2.424270e-14 1.000000e+00
    outer loop
      vertex   8.888008e+02 1.123300e+02 2.198250e+02
      vertex   8.951410e+02 1.264659e+02 2.198250e+02
      vertex   8.885032e+02 1.130589e+02 2.198250e+02
    endloop
  endfacet
  facet normal -1.841378e-15 7.271436e-15 1.000000e+00
    outer loop
      vertex   8.885032e+02 1.130589e+02 2.198250e+02
      vertex   8.951410e+02 1.264659e+02 2.198250e+02
      vertex   8.948607e+02 1.263949e+02 2.198250e+02
    endloop
  endfacet
  facet normal 6.849826e-15 3.128211e-15 1.000000e+00
    outer loop
      vertex   8.885032e+02 1.130589e+02 2.198250e+02
      vertex   8.948607e+02 1.263949e+02 2.198250e+02
      vertex   8.881761e+02 1.137752e+02 2.198250e+02
    endloop
  endfacet
  facet normal -1.011180e-15 7.292104e-15 1.000000e+00
    outer loop
      vertex   8.881761e+02 1.137752e+02 2.198250e+02
      vertex   8.948607e+02 1.263949e+02 2.198250e+02
      vertex   8.945742e+02 1.263552e+02 2.198250e+02
    endloop
  endfacet
  facet normal 6.674053e-15 3.383468e-15 1.000000e+00
    outer loop
      vertex   8.881761e+02 1.137752e+02 2.198250e+02
      vertex   8.945742e+02 1.263552e+02 2.198250e+02
      vertex   8.878201e+02 1.144775e+02 2.198250e+02
    endloop
  endfacet
  facet normal -2.010271e-16 7.292890e-15 1.000000e+00
    outer loop
      vertex   8.878201e+02 1.144775e+02 2.198250e+02
      vertex   8.945742e+02 1.263552e+02 2.198250e+02
      vertex   8.942851e+02 1.263472e+02 2.198250e+02
    endloop
  endfacet
  facet normal 6.506587e-15 3.639506e-15 1.000000e+00
    outer loop
      vertex   8.878201e+02 1.144775e+02 2.198250e+02
      vertex   8.942851e+02 1.263472e+02 2.198250e+02
      vertex   8.874357e+02 1.151647e+02 2.198250e+02
    endloop
  endfacet
  facet normal -2.831681e-14 2.496904e-14 1.000000e+00
    outer loop
      vertex   8.874357e+02 1.151647e+02 2.198250e+02
      vertex   8.942851e+02 1.263472e+02 2.198250e+02
      vertex   8.870236e+02 1.158356e+02 2.198250e+02
    endloop
  endfacet
  facet normal 3.968415e-15 2.666272e-15 1.000000e+00
    outer loop
      vertex   8.870236e+02 1.158356e+02 2.198250e+02
      vertex   8.942851e+02 1.263472e+02 2.198250e+02
      vertex   8.865845e+02 1.164892e+02 2.198250e+02
    endloop
  endfacet
  facet normal 3.808725e-15 2.791014e-15 1.000000e+00
    outer loop
      vertex   8.865845e+02 1.164892e+02 2.198250e+02
      vertex   8.942851e+02 1.263472e+02 2.198250e+02
      vertex   8.861191e+02 1.171243e+02 2.198250e+02
    endloop
  endfacet
  facet normal 3.662343e-15 2.920621e-15 1.000000e+00
    outer loop
      vertex   8.861191e+02 1.171243e+02 2.198250e+02
      vertex   8.942851e+02 1.263472e+02 2.198250e+02
      vertex   8.856282e+02 1.177399e+02 2.198250e+02
    endloop
  endfacet
  facet normal 3.527310e-15 3.056431e-15 1.000000e+00
    outer loop
      vertex   8.856282e+02 1.177399e+02 2.198250e+02
      vertex   8.942851e+02 1.263472e+02 2.198250e+02
      vertex   8.851125e+02 1.183349e+02 2.198250e+02
    endloop
  endfacet
  facet normal -2.036075e-14 3.040376e-14 1.000000e+00
    outer loop
      vertex   8.851125e+02 1.183349e+02 2.198250e+02
      vertex   8.942851e+02 1.263472e+02 2.198250e+02
      vertex   8.845731e+02 1.189085e+02 2.198250e+02
    endloop
  endfacet
  facet normal 1.642486e-15 1.676339e-15 1.000000e+00
    outer loop
      vertex   8.845731e+02 1.189085e+02 2.198250e+02
      vertex   8.942851e+02 1.263472e+02 2.198250e+02
      vertex   8.840107e+02 1.194595e+02 2.198250e+02
    endloop
  endfacet
  facet normal 1.587530e-15 1.758316e-15 1.000000e+00
    outer loop
      vertex   8.840107e+02 1.194595e+02 2.198250e+02
      vertex   8.942851e+02 1.263472e+02 2.198250e+02
      vertex   8.834262e+02 1.199872e+02 2.198250e+02
    endloop
  endfacet
  facet normal 1.535594e-15 1.846990e-15 1.000000e+00
    outer loop
      vertex   8.834262e+02 1.199872e+02 2.198250e+02
      vertex   8.942851e+02 1.263472e+02 2.198250e+02
      vertex   8.828208e+02 1.204906e+02 2.198250e+02
    endloop
  endfacet
  facet normal 1.486198e-15 1.943683e-15 1.000000e+00
    outer loop
      vertex   8.828208e+02 1.204906e+02 2.198250e+02
      vertex   8.942851e+02 1.263472e+02 2.198250e+02
      vertex   8.821953e+02 1.209688e+02 2.198250e+02
    endloop
  endfacet
  facet normal -1.566920e-14 4.050645e-14 1.000000e+00
    outer loop
      vertex   8.821953e+02 1.209688e+02 2.198250e+02
      vertex   8.942851e+02 1.263472e+02 2.198250e+02
      vertex   8.815508e+02 1.214212e+02 2.198250e+02
    endloop
  endfacet
  facet normal 0.000000e+00 -0.000000e+00 1.000000e+00
    outer loop
      vertex   8.815508e+02 1.214212e+02 2.198250e+02
      vertex   8.942851e+02 1.263472e+02 2.198250e+02
      vertex   8.808884e+02 1.218469e+02 2.198250e+02
    endloop
  endfacet
  facet normal 0.000000e+00 -0.000000e+00 1.000000e+00
    outer loop
      vertex   8.808884e+02 1.218469e+02 2.198250e+02
      vertex   8.942851e+02 1.263472e+02 2.198250e+02
      vertex   8.802092e+02 1.222452e+02 2.198250e+02
    endloop
  endfacet
  facet normal 0.000000e+00 -0.000000e+00 1.000000e+00
    outer loop
      vertex   8.802092e+02 1.222452e+02 2.198250e+02
      vertex   8.942851e+02 1.263472e+02 2.198250e+02
      vertex   8.795143e+02 1.226155e+02 2.198250e+02
    endloop
  endfacet
  facet normal 0.000000e+00 -0.000000e+00 1.000000e+00
    outer loop
      vertex   8.795143e+02 1.226155e+02 2.198250e+02
      vertex   8.942851e+02 1.263472e+02 2.198250e+02
      vertex   8.788049e+02 1.229571e+02 2.198250e+02
    endloop
  endfacet
  facet normal 0.000000e+00 -0.000000e+00 1.000000e+00
    outer loop
      vertex   8.788049e+02 1.229571e+02 2.198250e+02
      vertex   8.942851e+02 1.263472e+02 2.198250e+02
      vertex   8.780822e+02 1.232695e+02 2.198250e+02
    endloop
  endfacet
  facet normal 0.000000e+00 -0.000000e+00 1.000000e+00
    outer loop
      vertex   8.780822e+02 1.232695e+02 2.198250e+02
      vertex   8.942851e+02 1.263472e+02 2.198250e+02
      vertex   8.773473e+02 1.235522e+02 2.198250e+02
    endloop
  endfacet
  facet normal 0.000000e+00 -0.000000e+00 1.000000e+00
    outer loop
      vertex   8.773473e+02 1.235522e+02 2.198250e+02
      vertex   8.942851e+02 1.263472e+02 2.198250e+02
      vertex   8.766015e+02 1.238047e+02 2.198250e+02
    endloop
  endfacet
  facet normal 0.000000e+00 -0.000000e+00 1.000000e+00
    outer loop
      vertex   8.766015e+02 1.238047e+02 2.198250e+02
      vertex   8.942851e+02 1.263472e+02 2.198250e+02
      vertex   8.758460e+02 1.240265e+02 2.198250e+02
    endloop
  endfacet
  facet normal 0.000000e+00 -0.000000e+00 1.000000e+00
    outer loop
      vertex   8.758460e+02 1.240265e+02 2.198250e+02
      vertex   8.942851e+02 1.263472e+02 2.198250e+02
      vertex   8.750821e+02 1.242173e+02 2.198250e+02
    endloop
  endfacet
  facet normal -2.572995e-14 2.319806e-13 1.000000e+00
    outer loop
      vertex   8.750821e+02 1.242173e+02 2.198250e+02
      vertex   8.942851e+02 1.263472e+02 2.198250e+02
      vertex   8.743110e+02 1.243768e+02 2.198250e+02
    endloop
  endfacet
  facet normal -1.779689e-15 -1.080799e-14 1.000000e+00
    outer loop
      vertex   8.743110e+02 1.243768e+02 2.198250e+02
      vertex   8.942851e+02 1.263472e+02 2.198250e+02
      vertex   8.735341e+02 1.245048e+02 2.198250e+02
    endloop
  endfacet
  facet normal -1.590986e-15 -1.293331e-14 1.000000e+00
    outer loop
      vertex   8.735341e+02 1.245048e+02 2.198250e+02
      vertex   8.942851e+02 1.263472e+02 2.198250e+02
      vertex   8.727526e+02 1.246009e+02 2.198250e+02
    endloop
  endfacet
  facet normal -1.325459e-15 -1.620734e-14 1.000000e+00
    outer loop
      vertex   8.727526e+02 1.246009e+02 2.198250e+02
      vertex   8.942851e+02 1.263472e+02 2.198250e+02
      vertex   8.719678e+02 1.246651e+02 2.198250e+02
    endloop
  endfacet
  facet normal -8.948462e-16 -2.192039e-14 1.000000e+00
    outer loop
      vertex   8.719678e+02 1.246651e+02 2.198250e+02
      vertex   8.942851e+02 1.263472e+02 2.198250e+02
      vertex   8.711811e+02 1.246972e+02 2.198250e+02
    endloop
  endfacet
  facet normal -1.321428e-15 -1.594726e-14 1.000000e+00
    outer loop
      vertex   8.711811e+02 1.246972e+02 2.198250e+02
      vertex   8.942851e+02 1.263472e+02 2.198250e+02
      vertex   8.939969e+02 1.263711e+02 2.198250e+02
    endloop
  endfacet
  facet normal -1.811156e-15 -9.272106e-15 1.000000e+00
    outer loop
      vertex   8.711811e+02 1.246972e+02 2.198250e+02
      vertex   8.939969e+02 1.263711e+02 2.198250e+02
      vertex   8.937130e+02 1.264265e+02 2.198250e+02
    endloop
  endfacet
  facet normal 4.555896e-13 3.954051e-13 1.000000e+00
    outer loop
      vertex   8.965146e+02 8.332697e+01 2.198250e+02
      vertex   8.966660e+02 8.308058e+01 2.198250e+02
      vertex   8.993874e+02 7.980122e+01 2.198250e+02
    endloop
  endfacet
  facet normal -4.842629e-14 -2.285292e-14 1.000000e+00
    outer loop
      vertex   8.993874e+02 7.980122e+01 2.198250e+02
      vertex   8.966660e+02 8.308058e+01 2.198250e+02
      vertex   8.967895e+02 8.281903e+01 2.198250e+02
    endloop
  endfacet
  facet normal -3.639290e-14 -1.249370e-14 1.000000e+00
    outer loop
      vertex   8.993874e+02 7.980122e+01 2.198250e+02
      vertex   8.967895e+02 8.281903e+01 2.198250e+02
      vertex   8.968834e+02 8.254549e+01 2.198250e+02
    endloop
  endfacet
  facet normal -3.009115e-14 -6.743586e-15 1.000000e+00
    outer loop
      vertex   8.968834e+02 8.254549e+01 2.198250e+02
      vertex   8.969466e+02 8.226328e+01 2.198250e+02
      vertex   8.993874e+02 7.980122e+01 2.198250e+02
    endloop
  endfacet
  facet normal -2.621565e-14 -2.901548e-15 1.000000e+00
    outer loop
      vertex   8.993874e+02 7.980122e+01 2.198250e+02
      vertex   8.969466e+02 8.226328e+01 2.198250e+02
      vertex   8.969784e+02 8.197583e+01 2.198250e+02
    endloop
  endfacet
  facet normal -2.359641e-14 0.000000e+00 1.000000e+00
    outer loop
      vertex   8.993874e+02 7.980122e+01 2.198250e+02
      vertex   8.969784e+02 8.197583e+01 2.198250e+02
      vertex   8.969784e+02 8.168662e+01 2.198250e+02
    endloop
  endfacet
  facet normal -2.171534e-14 2.403454e-15 1.000000e+00
    outer loop
      vertex   8.969784e+02 8.168662e+01 2.198250e+02
      vertex   8.969466e+02 8.139916e+01 2.198250e+02
      vertex   8.993874e+02 7.980122e+01 2.198250e+02
    endloop
  endfacet
  facet normal -2.030914e-14 4.551385e-15 1.000000e+00
    outer loop
      vertex   8.993874e+02 7.980122e+01 2.198250e+02
      vertex   8.969466e+02 8.139916e+01 2.198250e+02
      vertex   8.968834e+02 8.111695e+01 2.198250e+02
    endloop
  endfacet
  facet normal -1.923156e-14 6.602202e-15 1.000000e+00
    outer loop
      vertex   8.993874e+02 7.980122e+01 2.198250e+02
      vertex   8.968834e+02 8.111695e+01 2.198250e+02
      vertex   8.967895e+02 8.084341e+01 2.198250e+02
    endloop
  endfacet
  facet normal -1.839728e-14 8.681885e-15 1.000000e+00
    outer loop
      vertex   8.967895e+02 8.084341e+01 2.198250e+02
      vertex   8.966660e+02 8.058186e+01 2.198250e+02
      vertex   8.993874e+02 7.980122e+01 2.198250e+02
    endloop
  endfacet
  facet normal -2.059744e-14 1.011888e-15 1.000000e+00
    outer loop
      vertex   8.993874e+02 7.980122e+01 2.198250e+02
      vertex   8.966660e+02 8.058186e+01 2.198250e+02
      vertex   8.993730e+02 7.950717e+01 2.198250e+02
    endloop
  endfacet
  facet normal 5.674718e-14 1.958281e-13 1.000000e+00
    outer loop
      vertex   8.993730e+02 7.950717e+01 2.198250e+02
      vertex   8.966660e+02 8.058186e+01 2.198250e+02
      vertex   8.965146e+02 8.033548e+01 2.198250e+02
    endloop
  endfacet
  facet normal 0.000000e+00 0.000000e+00 1.000000e+00
    outer loop
      vertex   8.993730e+02 7.950717e+01 2.198250e+02
      vertex   8.965146e+02 8.033548e+01 2.198250e+02
      vertex   8.993298e+02 7.921595e+01 2.198250e+02
    endloop
  endfacet
  facet normal 0.000000e+00 0.000000e+00 1.000000e+00
    outer loop
      vertex   8.993298e+02 7.921595e+01 2.198250e+02
      vertex   8.965146e+02 8.033548e+01 2.198250e+02
      vertex   8.992582e+02 7.893037e+01 2.198250e+02
    endloop
  endfacet
  facet normal 0.000000e+00 0.000000e+00 1.000000e+00
    outer loop
      vertex   8.992582e+02 7.893037e+01 2.198250e+02
      vertex   8.965146e+02 8.033548e+01 2.198250e+02
      vertex   8.991591e+02 7.865317e+01 2.198250e+02
    endloop
  endfacet
  facet normal 0.000000e+00 0.000000e+00 1.000000e+00
    outer loop
      vertex   8.991591e+02 7.865317e+01 2.198250e+02
      vertex   8.965146e+02 8.033548e+01 2.198250e+02
      vertex   8.963370e+02 8.010725e+01 2.198250e+02
    endloop
  endfacet
  facet normal 0.000000e+00 0.000000e+00 1.000000e+00
    outer loop
      vertex   8.991591e+02 7.865317e+01 2.198250e+02
      vertex   8.963370e+02 8.010725e+01 2.198250e+02
      vertex   8.990332e+02 7.838703e+01 2.198250e+02
    endloop
  endfacet
  facet normal 5.194493e-14 8.141750e-14 1.000000e+00
    outer loop
      vertex   8.990332e+02 7.838703e+01 2.198250e+02
      vertex   8.963370e+02 8.010725e+01 2.198250e+02
      vertex   8.988818e+02 7.813451e+01 2.198250e+02
    endloop
  endfacet
  facet normal -7.091315e-15 5.259278e-15 1.000000e+00
    outer loop
      vertex   8.988818e+02 7.813451e+01 2.198250e+02
      vertex   8.963370e+02 8.010725e+01 2.198250e+02
      vertex   8.987065e+02 7.789804e+01 2.198250e+02
    endloop
  endfacet
  facet normal -6.501133e-15 5.892283e-15 1.000000e+00
    outer loop
      vertex   8.987065e+02 7.789804e+01 2.198250e+02
      vertex   8.963370e+02 8.010725e+01 2.198250e+02
      vertex   8.985087e+02 7.767990e+01 2.198250e+02
    endloop
  endfacet
  facet normal -6.269749e-15 6.099306e-15 1.000000e+00
    outer loop
      vertex   8.985087e+02 7.767990e+01 2.198250e+02
      vertex   8.963370e+02 8.010725e+01 2.198250e+02
      vertex   8.961353e+02 7.989995e+01 2.198250e+02
    endloop
  endfacet
  facet normal -5.893076e-15 6.502008e-15 1.000000e+00
    outer loop
      vertex   8.985087e+02 7.767990e+01 2.198250e+02
      vertex   8.961353e+02 7.989995e+01 2.198250e+02
      vertex   8.982906e+02 7.748219e+01 2.198250e+02
    endloop
  endfacet
  facet normal -5.248426e-15 7.076683e-15 1.000000e+00
    outer loop
      vertex   8.982906e+02 7.748219e+01 2.198250e+02
      vertex   8.961353e+02 7.989995e+01 2.198250e+02
      vertex   8.980541e+02 7.730681e+01 2.198250e+02
    endloop
  endfacet
  facet normal -4.550948e-15 7.592798e-15 1.000000e+00
    outer loop
      vertex   8.980541e+02 7.730681e+01 2.198250e+02
      vertex   8.961353e+02 7.989995e+01 2.198250e+02
      vertex   8.978016e+02 7.715546e+01 2.198250e+02
    endloop
  endfacet
  facet normal -5.685736e-15 6.903807e-15 1.000000e+00
    outer loop
      vertex   8.978016e+02 7.715546e+01 2.198250e+02
      vertex   8.961353e+02 7.989995e+01 2.198250e+02
      vertex   8.959120e+02 7.971609e+01 2.198250e+02
    endloop
  endfacet
  facet normal -3.891481e-15 8.227846e-15 1.000000e+00
    outer loop
      vertex   8.978016e+02 7.715546e+01 2.198250e+02
      vertex   8.959120e+02 7.971609e+01 2.198250e+02
      vertex   8.975355e+02 7.702958e+01 2.198250e+02
    endloop
  endfacet
  facet normal -3.112419e-15 8.698627e-15 1.000000e+00
    outer loop
      vertex   8.975355e+02 7.702958e+01 2.198250e+02
      vertex   8.959120e+02 7.971609e+01 2.198250e+02
      vertex   8.972583e+02 7.693040e+01 2.198250e+02
    endloop
  endfacet
  facet normal -2.279696e-15 9.101056e-15 1.000000e+00
    outer loop
      vertex   8.972583e+02 7.693040e+01 2.198250e+02
      vertex   8.959120e+02 7.971609e+01 2.198250e+02
      vertex   8.969727e+02 7.685887e+01 2.198250e+02
    endloop
  endfacet
  facet normal -5.230388e-15 8.005705e-15 1.000000e+00
    outer loop
      vertex   8.969727e+02 7.685887e+01 2.198250e+02
      vertex   8.959120e+02 7.971609e+01 2.198250e+02
      vertex   8.956699e+02 7.955790e+01 2.198250e+02
    endloop
  endfacet
  facet normal -1.457657e-15 9.826725e-15 1.000000e+00
    outer loop
      vertex   8.969727e+02 7.685887e+01 2.198250e+02
      vertex   8.956699e+02 7.955790e+01 2.198250e+02
      vertex   8.966815e+02 7.681567e+01 2.198250e+02
    endloop
  endfacet
  facet normal -5.001086e-16 1.017994e-14 1.000000e+00
    outer loop
      vertex   8.966815e+02 7.681567e+01 2.198250e+02
      vertex   8.956699e+02 7.955790e+01 2.198250e+02
      vertex   8.963874e+02 7.680122e+01 2.198250e+02
    endloop
  endfacet
  facet normal -4.610280e-15 9.110163e-15 1.000000e+00
    outer loop
      vertex   8.963874e+02 7.680122e+01 2.198250e+02
      vertex   8.956699e+02 7.955790e+01 2.198250e+02
      vertex   8.954119e+02 7.942732e+01 2.198250e+02
    endloop
  endfacet
  facet normal -3.557366e-15 9.501302e-15 1.000000e+00
    outer loop
      vertex   8.963874e+02 7.680122e+01 2.198250e+02
      vertex   8.954119e+02 7.942732e+01 2.198250e+02
      vertex   8.951410e+02 7.932591e+01 2.198250e+02
    endloop
  endfacet
  facet normal -2.533996e-15 1.000652e-14 1.000000e+00
    outer loop
      vertex   8.951410e+02 7.932591e+01 2.198250e+02
      vertex   8.948607e+02 7.925491e+01 2.198250e+02
      vertex   8.963874e+02 7.680122e+01 2.198250e+02
    endloop
  endfacet
  facet normal -1.478642e-15 1.066320e-14 1.000000e+00
    outer loop
      vertex   8.963874e+02 7.680122e+01 2.198250e+02
      vertex   8.948607e+02 7.925491e+01 2.198250e+02
      vertex   8.945742e+02 7.921519e+01 2.198250e+02
    endloop
  endfacet
  facet normal -3.179610e-16 1.153503e-14 1.000000e+00
    outer loop
      vertex   8.963874e+02 7.680122e+01 2.198250e+02
      vertex   8.945742e+02 7.921519e+01 2.198250e+02
      vertex   8.942851e+02 7.920722e+01 2.198250e+02
    endloop
  endfacet
  facet normal 1.055246e-15 1.273492e-14 1.000000e+00
    outer loop
      vertex   8.942851e+02 7.920722e+01 2.198250e+02
      vertex   8.939969e+02 7.923110e+01 2.198250e+02
      vertex   8.963874e+02 7.680122e+01 2.198250e+02
    endloop
  endfacet
  facet normal 2.828291e-15 1.447927e-14 1.000000e+00
    outer loop
      vertex   8.963874e+02 7.680122e+01 2.198250e+02
      vertex   8.939969e+02 7.923110e+01 2.198250e+02
      vertex   8.937130e+02 7.928655e+01 2.198250e+02
    endloop
  endfacet
  facet normal 5.391451e-15 1.723743e-14 1.000000e+00
    outer loop
      vertex   8.963874e+02 7.680122e+01 2.198250e+02
      vertex   8.937130e+02 7.928655e+01 2.198250e+02
      vertex   8.934370e+02 7.937288e+01 2.198250e+02
    endloop
  endfacet
  facet normal 9.758975e-15 2.224822e-14 1.000000e+00
    outer loop
      vertex   8.934370e+02 7.937288e+01 2.198250e+02
      vertex   8.931721e+02 7.948905e+01 2.198250e+02
      vertex   8.963874e+02 7.680122e+01 2.198250e+02
    endloop
  endfacet
  facet normal 1.973473e-14 3.418155e-14 1.000000e+00
    outer loop
      vertex   8.963874e+02 7.680122e+01 2.198250e+02
      vertex   8.931721e+02 7.948905e+01 2.198250e+02
      vertex   8.929217e+02 7.963366e+01 2.198250e+02
    endloop
  endfacet
  facet normal -3.336801e-15 5.951490e-15 1.000000e+00
    outer loop
      vertex   8.963874e+02 7.680122e+01 2.198250e+02
      vertex   8.929217e+02 7.963366e+01 2.198250e+02
      vertex   8.703937e+02 8.610524e+01 2.198250e+02
    endloop
  endfacet
  facet normal -8.284369e-15 -1.127129e-14 1.000000e+00
    outer loop
      vertex   8.703937e+02 8.610524e+01 2.198250e+02
      vertex   8.929217e+02 7.963366e+01 2.198250e+02
      vertex   8.926886e+02 7.980494e+01 2.198250e+02
    endloop
  endfacet
  facet normal -7.357909e-15 -7.992820e-15 1.000000e+00
    outer loop
      vertex   8.703937e+02 8.610524e+01 2.198250e+02
      vertex   8.926886e+02 7.980494e+01 2.198250e+02
      vertex   8.924759e+02 8.000082e+01 2.198250e+02
    endloop
  endfacet
  facet normal -6.780880e-15 -5.905474e-15 1.000000e+00
    outer loop
      vertex   8.924759e+02 8.000082e+01 2.198250e+02
      vertex   8.922859e+02 8.021891e+01 2.198250e+02
      vertex   8.703937e+02 8.610524e+01 2.198250e+02
    endloop
  endfacet
  facet normal 7.266191e-14 2.895552e-13 1.000000e+00
    outer loop
      vertex   8.703937e+02 8.610524e+01 2.198250e+02
      vertex   8.922859e+02 8.021891e+01 2.198250e+02
      vertex   8.921211e+02 8.045658e+01 2.198250e+02
    endloop
  endfacet
  facet normal -3.044557e-15 -1.647632e-15 1.000000e+00
    outer loop
      vertex   8.703937e+02 8.610524e+01 2.198250e+02
      vertex   8.921211e+02 8.045658e+01 2.198250e+02
      vertex   8.919835e+02 8.071093e+01 2.198250e+02
    endloop
  endfacet
  facet normal -2.930258e-15 -1.190168e-15 1.000000e+00
    outer loop
      vertex   8.919835e+02 8.071093e+01 2.198250e+02
      vertex   8.918747e+02 8.097889e+01 2.198250e+02
      vertex   8.703937e+02 8.610524e+01 2.198250e+02
    endloop
  endfacet
  facet normal -2.837726e-15 -8.024325e-16 1.000000e+00
    outer loop
      vertex   8.703937e+02 8.610524e+01 2.198250e+02
      vertex   8.918747e+02 8.097889e+01 2.198250e+02
      vertex   8.917960e+02 8.125718e+01 2.198250e+02
    endloop
  endfacet
  facet normal -2.760297e-15 -4.606120e-16 1.000000e+00
    outer loop
      vertex   8.703937e+02 8.610524e+01 2.198250e+02
      vertex   8.917960e+02 8.125718e+01 2.198250e+02
      vertex   8.917484e+02 8.154245e+01 2.198250e+02
    endloop
  endfacet
  facet normal -3.182945e-14 6.494094e-16 1.000000e+00
    outer loop
      vertex   8.515035e+02 1.061884e+02 2.198250e+02
      vertex   8.421874e+02 1.310012e+02 2.198250e+02
      vertex   8.514874e+02 1.054012e+02 2.198250e+02
    endloop
  endfacet
  facet normal -3.582955e-27 1.221245e-14 1.000000e+00
    outer loop
      vertex   8.514874e+02 1.054012e+02 2.198250e+02
      vertex   8.421874e+02 1.310012e+02 2.198250e+02
      vertex   8.421874e+02 7.980122e+01 2.198250e+02
    endloop
  endfacet
  facet normal 3.182945e-14 6.494094e-16 1.000000e+00
    outer loop
      vertex   8.514874e+02 1.054012e+02 2.198250e+02
      vertex   8.421874e+02 7.980122e+01 2.198250e+02
      vertex   8.515035e+02 1.046140e+02 2.198250e+02
    endloop
  endfacet
  facet normal 6.882938e-15 1.001568e-14 1.000000e+00
    outer loop
      vertex   8.515035e+02 1.046140e+02 2.198250e+02
      vertex   8.421874e+02 7.980122e+01 2.198250e+02
      vertex   8.451459e+02 8.344353e+01 2.198250e+02
    endloop
  endfacet
  facet normal -6.660074e-14 3.208305e-14 1.000000e+00
    outer loop
      vertex   8.515035e+02 1.046140e+02 2.198250e+02
      vertex   8.451459e+02 8.344353e+01 2.198250e+02
      vertex   8.515516e+02 1.038281e+02 2.198250e+02
    endloop
  endfacet
  facet normal -2.003783e-14 1.745097e-14 1.000000e+00
    outer loop
      vertex   8.515516e+02 1.038281e+02 2.198250e+02
      vertex   8.451459e+02 8.344353e+01 2.198250e+02
      vertex   8.453359e+02 8.366163e+01 2.198250e+02
    endloop
  endfacet
  facet normal 2.746088e-14 2.810758e-15 1.000000e+00
    outer loop
      vertex   8.515516e+02 1.038281e+02 2.198250e+02
      vertex   8.453359e+02 8.366163e+01 2.198250e+02
      vertex   8.516318e+02 1.030448e+02 2.198250e+02
    endloop
  endfacet
  facet normal 2.503336e-14 3.599254e-15 1.000000e+00
    outer loop
      vertex   8.516318e+02 1.030448e+02 2.198250e+02
      vertex   8.453359e+02 8.366163e+01 2.198250e+02
      vertex   8.517439e+02 1.022654e+02 2.198250e+02
    endloop
  endfacet
  facet normal -1.647502e-14 1.789664e-14 1.000000e+00
    outer loop
      vertex   8.517439e+02 1.022654e+02 2.198250e+02
      vertex   8.453359e+02 8.366163e+01 2.198250e+02
      vertex   8.455486e+02 8.385750e+01 2.198250e+02
    endloop
  endfacet
  facet normal 2.365173e-14 4.391907e-15 1.000000e+00
    outer loop
      vertex   8.517439e+02 1.022654e+02 2.198250e+02
      vertex   8.455486e+02 8.385750e+01 2.198250e+02
      vertex   8.518876e+02 1.014913e+02 2.198250e+02
    endloop
  endfacet
  facet normal -1.040544e-13 5.029962e-14 1.000000e+00
    outer loop
      vertex   8.518876e+02 1.014913e+02 2.198250e+02
      vertex   8.455486e+02 8.385750e+01 2.198250e+02
      vertex   8.520628e+02 1.007236e+02 2.198250e+02
    endloop
  endfacet
  facet normal -1.037729e-14 1.411881e-14 1.000000e+00
    outer loop
      vertex   8.520628e+02 1.007236e+02 2.198250e+02
      vertex   8.455486e+02 8.385750e+01 2.198250e+02
      vertex   8.457817e+02 8.402878e+01 2.198250e+02
    endloop
  endfacet
  facet normal 1.576733e-14 4.282354e-15 1.000000e+00
    outer loop
      vertex   8.520628e+02 1.007236e+02 2.198250e+02
      vertex   8.457817e+02 8.402878e+01 2.198250e+02
      vertex   8.522692e+02 9.996378e+01 2.198250e+02
    endloop
  endfacet
  facet normal -8.077139e-15 1.399002e-14 1.000000e+00
    outer loop
      vertex   8.522692e+02 9.996378e+01 2.198250e+02
      vertex   8.457817e+02 8.402878e+01 2.198250e+02
      vertex   8.460321e+02 8.417339e+01 2.198250e+02
    endloop
  endfacet
  facet normal 1.519120e-14 4.799234e-15 1.000000e+00
    outer loop
      vertex   8.522692e+02 9.996378e+01 2.198250e+02
      vertex   8.460321e+02 8.417339e+01 2.198250e+02
      vertex   8.525064e+02 9.921298e+01 2.198250e+02
    endloop
  endfacet
  facet normal -6.131414e-15 1.397822e-14 1.000000e+00
    outer loop
      vertex   8.525064e+02 9.921298e+01 2.198250e+02
      vertex   8.460321e+02 8.417339e+01 2.198250e+02
      vertex   8.462970e+02 8.428956e+01 2.198250e+02
    endloop
  endfacet
  facet normal 1.469733e-14 5.311693e-15 1.000000e+00
    outer loop
      vertex   8.525064e+02 9.921298e+01 2.198250e+02
      vertex   8.462970e+02 8.428956e+01 2.198250e+02
      vertex   8.527740e+02 9.847247e+01 2.198250e+02
    endloop
  endfacet
  facet normal -4.387393e-15 1.402728e-14 1.000000e+00
    outer loop
      vertex   8.527740e+02 9.847247e+01 2.198250e+02
      vertex   8.462970e+02 8.428956e+01 2.198250e+02
      vertex   8.465730e+02 8.437590e+01 2.198250e+02
    endloop
  endfacet
  facet normal -3.170602e-14 2.604459e-14 1.000000e+00
    outer loop
      vertex   8.527740e+02 9.847247e+01 2.198250e+02
      vertex   8.465730e+02 8.437590e+01 2.198250e+02
      vertex   8.530716e+02 9.774349e+01 2.198250e+02
    endloop
  endfacet
  facet normal 1.127543e-14 5.149314e-15 1.000000e+00
    outer loop
      vertex   8.530716e+02 9.774349e+01 2.198250e+02
      vertex   8.465730e+02 8.437590e+01 2.198250e+02
      vertex   8.533987e+02 9.702727e+01 2.198250e+02
    endloop
  endfacet
  facet normal -2.452589e-15 1.255589e-14 1.000000e+00
    outer loop
      vertex   8.533987e+02 9.702727e+01 2.198250e+02
      vertex   8.465730e+02 8.437590e+01 2.198250e+02
      vertex   8.468569e+02 8.443134e+01 2.198250e+02
    endloop
  endfacet
  facet normal 1.099276e-14 5.572874e-15 1.000000e+00
    outer loop
      vertex   8.533987e+02 9.702727e+01 2.198250e+02
      vertex   8.468569e+02 8.443134e+01 2.198250e+02
      vertex   8.537548e+02 9.632497e+01 2.198250e+02
    endloop
  endfacet
  facet normal -1.040045e-15 1.255148e-14 1.000000e+00
    outer loop
      vertex   8.537548e+02 9.632497e+01 2.198250e+02
      vertex   8.468569e+02 8.443134e+01 2.198250e+02
      vertex   8.471451e+02 8.445522e+01 2.198250e+02
    endloop
  endfacet
  facet normal 1.072591e-14 5.999613e-15 1.000000e+00
    outer loop
      vertex   8.537548e+02 9.632497e+01 2.198250e+02
      vertex   8.471451e+02 8.445522e+01 2.198250e+02
      vertex   8.541391e+02 9.563779e+01 2.198250e+02
    endloop
  endfacet
  facet normal 3.443581e-16 1.249267e-14 1.000000e+00
    outer loop
      vertex   8.541391e+02 9.563779e+01 2.198250e+02
      vertex   8.471451e+02 8.445522e+01 2.198250e+02
      vertex   8.474342e+02 8.444726e+01 2.198250e+02
    endloop
  endfacet
  facet normal -2.444632e-14 2.734631e-14 1.000000e+00
    outer loop
      vertex   8.541391e+02 9.563779e+01 2.198250e+02
      vertex   8.474342e+02 8.444726e+01 2.198250e+02
      vertex   8.545512e+02 9.496685e+01 2.198250e+02
    endloop
  endfacet
  facet normal 1.370070e-15 9.880226e-15 1.000000e+00
    outer loop
      vertex   8.545512e+02 9.496685e+01 2.198250e+02
      vertex   8.474342e+02 8.444726e+01 2.198250e+02
      vertex   8.477207e+02 8.440753e+01 2.198250e+02
    endloop
  endfacet
  facet normal 8.164170e-15 5.485289e-15 1.000000e+00
    outer loop
      vertex   8.545512e+02 9.496685e+01 2.198250e+02
      vertex   8.477207e+02 8.440753e+01 2.198250e+02
      vertex   8.549903e+02 9.431329e+01 2.198250e+02
    endloop
  endfacet
  facet normal 2.450854e-15 9.678204e-15 1.000000e+00
    outer loop
      vertex   8.549903e+02 9.431329e+01 2.198250e+02
      vertex   8.477207e+02 8.440753e+01 2.198250e+02
      vertex   8.480010e+02 8.433653e+01 2.198250e+02
    endloop
  endfacet
  facet normal 7.950000e-15 5.825718e-15 1.000000e+00
    outer loop
      vertex   8.549903e+02 9.431329e+01 2.198250e+02
      vertex   8.480010e+02 8.433653e+01 2.198250e+02
      vertex   8.554558e+02 9.367817e+01 2.198250e+02
    endloop
  endfacet
  facet normal 3.508297e-15 9.370245e-15 1.000000e+00
    outer loop
      vertex   8.554558e+02 9.367817e+01 2.198250e+02
      vertex   8.480010e+02 8.433653e+01 2.198250e+02
      vertex   8.482719e+02 8.423513e+01 2.198250e+02
    endloop
  endfacet
  facet normal 7.726200e-15 6.161439e-15 1.000000e+00
    outer loop
      vertex   8.554558e+02 9.367817e+01 2.198250e+02
      vertex   8.482719e+02 8.423513e+01 2.198250e+02
      vertex   8.559467e+02 9.306257e+01 2.198250e+02
    endloop
  endfacet
  facet normal 7.418958e-15 6.428563e-15 1.000000e+00
    outer loop
      vertex   8.559467e+02 9.306257e+01 2.198250e+02
      vertex   8.482719e+02 8.423513e+01 2.198250e+02
      vertex   8.564623e+02 9.246751e+01 2.198250e+02
    endloop
  endfacet
  facet normal -1.846824e-14 3.218385e-14 1.000000e+00
    outer loop
      vertex   8.564623e+02 9.246751e+01 2.198250e+02
      vertex   8.482719e+02 8.423513e+01 2.198250e+02
      vertex   8.570018e+02 9.189397e+01 2.198250e+02
    endloop
  endfacet
  facet normal 5.153031e-15 5.259239e-15 1.000000e+00
    outer loop
      vertex   8.570018e+02 9.189397e+01 2.198250e+02
      vertex   8.482719e+02 8.423513e+01 2.198250e+02
      vertex   8.575642e+02 9.134291e+01 2.198250e+02
    endloop
  endfacet
  facet normal 4.967454e-15 5.501851e-15 1.000000e+00
    outer loop
      vertex   8.575642e+02 9.134291e+01 2.198250e+02
      vertex   8.482719e+02 8.423513e+01 2.198250e+02
      vertex   8.581486e+02 9.081525e+01 2.198250e+02
    endloop
  endfacet
  facet normal 4.792540e-15 5.764396e-15 1.000000e+00
    outer loop
      vertex   8.581486e+02 9.081525e+01 2.198250e+02
      vertex   8.482719e+02 8.423513e+01 2.198250e+02
      vertex   8.587541e+02 9.031187e+01 2.198250e+02
    endloop
  endfacet
  facet normal 4.626555e-15 6.050715e-15 1.000000e+00
    outer loop
      vertex   8.587541e+02 9.031187e+01 2.198250e+02
      vertex   8.482719e+02 8.423513e+01 2.198250e+02
      vertex   8.593796e+02 8.983361e+01 2.198250e+02
    endloop
  endfacet
  facet normal -1.396415e-14 4.293565e-14 1.000000e+00
    outer loop
      vertex   8.593796e+02 8.983361e+01 2.198250e+02
      vertex   8.482719e+02 8.423513e+01 2.198250e+02
      vertex   8.600240e+02 8.938125e+01 2.198250e+02
    endloop
  endfacet
  facet normal 2.876737e-15 4.476290e-15 1.000000e+00
    outer loop
      vertex   8.600240e+02 8.938125e+01 2.198250e+02
      vertex   8.482719e+02 8.423513e+01 2.198250e+02
      vertex   8.606864e+02 8.895556e+01 2.198250e+02
    endloop
  endfacet
  facet normal 2.777772e-15 4.736565e-15 1.000000e+00
    outer loop
      vertex   8.606864e+02 8.895556e+01 2.198250e+02
      vertex   8.482719e+02 8.423513e+01 2.198250e+02
      vertex   8.613656e+02 8.855724e+01 2.198250e+02
    endloop
  endfacet
  facet normal 2.680697e-15 5.030649e-15 1.000000e+00
    outer loop
      vertex   8.613656e+02 8.855724e+01 2.198250e+02
      vertex   8.482719e+02 8.423513e+01 2.198250e+02
      vertex   8.620605e+02 8.818696e+01 2.198250e+02
    endloop
  endfacet
  facet normal 2.584415e-15 5.366594e-15 1.000000e+00
    outer loop
      vertex   8.620605e+02 8.818696e+01 2.198250e+02
      vertex   8.482719e+02 8.423513e+01 2.198250e+02
      vertex   8.627699e+02 8.784532e+01 2.198250e+02
    endloop
  endfacet
  facet normal 2.487670e-15 5.755108e-15 1.000000e+00
    outer loop
      vertex   8.627699e+02 8.784532e+01 2.198250e+02
      vertex   8.482719e+02 8.423513e+01 2.198250e+02
      vertex   8.634927e+02 8.753291e+01 2.198250e+02
    endloop
  endfacet
  facet normal 2.388943e-15 6.210782e-15 1.000000e+00
    outer loop
      vertex   8.634927e+02 8.753291e+01 2.198250e+02
      vertex   8.482719e+02 8.423513e+01 2.198250e+02
      vertex   8.642276e+02 8.725024e+01 2.198250e+02
    endloop
  endfacet
  facet normal 2.286285e-15 6.754035e-15 1.000000e+00
    outer loop
      vertex   8.642276e+02 8.725024e+01 2.198250e+02
      vertex   8.482719e+02 8.423513e+01 2.198250e+02
      vertex   8.649734e+02 8.699778e+01 2.198250e+02
    endloop
  endfacet
  facet normal 2.177056e-15 7.414373e-15 1.000000e+00
    outer loop
      vertex   8.649734e+02 8.699778e+01 2.198250e+02
      vertex   8.482719e+02 8.423513e+01 2.198250e+02
      vertex   8.657289e+02 8.677594e+01 2.198250e+02
    endloop
  endfacet
  facet normal 2.057456e-15 8.236099e-15 1.000000e+00
    outer loop
      vertex   8.657289e+02 8.677594e+01 2.198250e+02
      vertex   8.482719e+02 8.423513e+01 2.198250e+02
      vertex   8.664928e+02 8.658511e+01 2.198250e+02
    endloop
  endfacet
  facet normal -2.638867e-14 2.287965e-13 1.000000e+00
    outer loop
      vertex   8.664928e+02 8.658511e+01 2.198250e+02
      vertex   8.482719e+02 8.423513e+01 2.198250e+02
      vertex   8.672638e+02 8.642560e+01 2.198250e+02
    endloop
  endfacet
  facet normal 0.000000e+00 0.000000e+00 1.000000e+00
    outer loop
      vertex   8.672638e+02 8.642560e+01 2.198250e+02
      vertex   8.482719e+02 8.423513e+01 2.198250e+02
      vertex   8.485299e+02 8.410454e+01 2.198250e+02
    endloop
  endfacet
  facet normal 0.000000e+00 0.000000e+00 1.000000e+00
    outer loop
      vertex   8.672638e+02 8.642560e+01 2.198250e+02
      vertex   8.485299e+02 8.410454e+01 2.198250e+02
      vertex   8.487720e+02 8.394635e+01 2.198250e+02
    endloop
  endfacet
  facet normal -6.882938e-15 1.001568e-14 1.000000e+00
    outer loop
      vertex   8.421874e+02 1.310012e+02 2.198250e+02
      vertex   8.515035e+02 1.061884e+02 2.198250e+02
      vertex   8.451459e+02 1.273589e+02 2.198250e+02
    endloop
  endfacet
  facet normal 6.660074e-14 3.208305e-14 1.000000e+00
    outer loop
      vertex   8.451459e+02 1.273589e+02 2.198250e+02
      vertex   8.515035e+02 1.061884e+02 2.198250e+02
      vertex   8.515516e+02 1.069744e+02 2.198250e+02
    endloop
  endfacet
  facet normal 2.003783e-14 1.745097e-14 1.000000e+00
    outer loop
      vertex   8.451459e+02 1.273589e+02 2.198250e+02
      vertex   8.515516e+02 1.069744e+02 2.198250e+02
      vertex   8.453359e+02 1.271408e+02 2.198250e+02
    endloop
  endfacet
  facet normal -2.746088e-14 2.810758e-15 1.000000e+00
    outer loop
      vertex   8.453359e+02 1.271408e+02 2.198250e+02
      vertex   8.515516e+02 1.069744e+02 2.198250e+02
      vertex   8.516318e+02 1.077576e+02 2.198250e+02
    endloop
  endfacet
  facet normal -2.503336e-14 3.599254e-15 1.000000e+00
    outer loop
      vertex   8.453359e+02 1.271408e+02 2.198250e+02
      vertex   8.516318e+02 1.077576e+02 2.198250e+02
      vertex   8.517439e+02 1.085370e+02 2.198250e+02
    endloop
  endfacet
  facet normal 1.647502e-14 1.789664e-14 1.000000e+00
    outer loop
      vertex   8.453359e+02 1.271408e+02 2.198250e+02
      vertex   8.517439e+02 1.085370e+02 2.198250e+02
      vertex   8.455486e+02 1.269449e+02 2.198250e+02
    endloop
  endfacet
  facet normal -2.365173e-14 4.391907e-15 1.000000e+00
    outer loop
      vertex   8.455486e+02 1.269449e+02 2.198250e+02
      vertex   8.517439e+02 1.085370e+02 2.198250e+02
      vertex   8.518876e+02 1.093112e+02 2.198250e+02
    endloop
  endfacet
  facet normal 1.040544e-13 5.029962e-14 1.000000e+00
    outer loop
      vertex   8.455486e+02 1.269449e+02 2.198250e+02
      vertex   8.518876e+02 1.093112e+02 2.198250e+02
      vertex   8.520628e+02 1.100788e+02 2.198250e+02
    endloop
  endfacet
  facet normal 1.037729e-14 1.411881e-14 1.000000e+00
    outer loop
      vertex   8.455486e+02 1.269449e+02 2.198250e+02
      vertex   8.520628e+02 1.100788e+02 2.198250e+02
      vertex   8.457817e+02 1.267737e+02 2.198250e+02
    endloop
  endfacet
  facet normal -1.576733e-14 4.282354e-15 1.000000e+00
    outer loop
      vertex   8.457817e+02 1.267737e+02 2.198250e+02
      vertex   8.520628e+02 1.100788e+02 2.198250e+02
      vertex   8.522692e+02 1.108387e+02 2.198250e+02
    endloop
  endfacet
  facet normal 8.077139e-15 1.399002e-14 1.000000e+00
    outer loop
      vertex   8.457817e+02 1.267737e+02 2.198250e+02
      vertex   8.522692e+02 1.108387e+02 2.198250e+02
      vertex   8.460321e+02 1.266291e+02 2.198250e+02
    endloop
  endfacet
  facet normal -1.519120e-14 4.799234e-15 1.000000e+00
    outer loop
      vertex   8.460321e+02 1.266291e+02 2.198250e+02
      vertex   8.522692e+02 1.108387e+02 2.198250e+02
      vertex   8.525064e+02 1.115895e+02 2.198250e+02
    endloop
  endfacet
  facet normal 6.131414e-15 1.397822e-14 1.000000e+00
    outer loop
      vertex   8.460321e+02 1.266291e+02 2.198250e+02
      vertex   8.525064e+02 1.115895e+02 2.198250e+02
      vertex   8.462970e+02 1.265129e+02 2.198250e+02
    endloop
  endfacet
  facet normal -1.469733e-14 5.311693e-15 1.000000e+00
    outer loop
      vertex   8.462970e+02 1.265129e+02 2.198250e+02
      vertex   8.525064e+02 1.115895e+02 2.198250e+02
      vertex   8.527740e+02 1.123300e+02 2.198250e+02
    endloop
  endfacet
  facet normal 4.387393e-15 1.402728e-14 1.000000e+00
    outer loop
      vertex   8.462970e+02 1.265129e+02 2.198250e+02
      vertex   8.527740e+02 1.123300e+02 2.198250e+02
      vertex   8.465730e+02 1.264265e+02 2.198250e+02
    endloop
  endfacet
  facet normal 3.170602e-14 2.604459e-14 1.000000e+00
    outer loop
      vertex   8.465730e+02 1.264265e+02 2.198250e+02
      vertex   8.527740e+02 1.123300e+02 2.198250e+02
      vertex   8.530716e+02 1.130589e+02 2.198250e+02
    endloop
  endfacet
  facet normal -1.127543e-14 5.149314e-15 1.000000e+00
    outer loop
      vertex   8.465730e+02 1.264265e+02 2.198250e+02
      vertex   8.530716e+02 1.130589e+02 2.198250e+02
      vertex   8.533987e+02 1.137752e+02 2.198250e+02
    endloop
  endfacet
  facet normal 2.452589e-15 1.255589e-14 1.000000e+00
    outer loop
      vertex   8.465730e+02 1.264265e+02 2.198250e+02
      vertex   8.533987e+02 1.137752e+02 2.198250e+02
      vertex   8.468569e+02 1.263711e+02 2.198250e+02
    endloop
  endfacet
  facet normal -1.099276e-14 5.572874e-15 1.000000e+00
    outer loop
      vertex   8.468569e+02 1.263711e+02 2.198250e+02
      vertex   8.533987e+02 1.137752e+02 2.198250e+02
      vertex   8.537548e+02 1.144775e+02 2.198250e+02
    endloop
  endfacet
  facet normal 1.040045e-15 1.255148e-14 1.000000e+00
    outer loop
      vertex   8.468569e+02 1.263711e+02 2.198250e+02
      vertex   8.537548e+02 1.144775e+02 2.198250e+02
      vertex   8.471451e+02 1.263472e+02 2.198250e+02
    endloop
  endfacet
  facet normal -1.072591e-14 5.999613e-15 1.000000e+00
    outer loop
      vertex   8.471451e+02 1.263472e+02 2.198250e+02
      vertex   8.537548e+02 1.144775e+02 2.198250e+02
      vertex   8.541391e+02 1.151647e+02 2.198250e+02
    endloop
  endfacet
  facet normal -3.443581e-16 1.249267e-14 1.000000e+00
    outer loop
      vertex   8.471451e+02 1.263472e+02 2.198250e+02
      vertex   8.541391e+02 1.151647e+02 2.198250e+02
      vertex   8.474342e+02 1.263552e+02 2.198250e+02
    endloop
  endfacet
  facet normal 2.444632e-14 2.734631e-14 1.000000e+00
    outer loop
      vertex   8.474342e+02 1.263552e+02 2.198250e+02
      vertex   8.541391e+02 1.151647e+02 2.198250e+02
      vertex   8.545512e+02 1.158356e+02 2.198250e+02
    endloop
  endfacet
  facet normal -1.370070e-15 9.880226e-15 1.000000e+00
    outer loop
      vertex   8.474342e+02 1.263552e+02 2.198250e+02
      vertex   8.545512e+02 1.158356e+02 2.198250e+02
      vertex   8.477207e+02 1.263949e+02 2.198250e+02
    endloop
  endfacet
  facet normal -8.164170e-15 5.485289e-15 1.000000e+00
    outer loop
      vertex   8.477207e+02 1.263949e+02 2.198250e+02
      vertex   8.545512e+02 1.158356e+02 2.198250e+02
      vertex   8.549903e+02 1.164892e+02 2.198250e+02
    endloop
  endfacet
  facet normal -2.450854e-15 9.678204e-15 1.000000e+00
    outer loop
      vertex   8.477207e+02 1.263949e+02 2.198250e+02
      vertex   8.549903e+02 1.164892e+02 2.198250e+02
      vertex   8.480010e+02 1.264659e+02 2.198250e+02
    endloop
  endfacet
  facet normal -7.950000e-15 5.825718e-15 1.000000e+00
    outer loop
      vertex   8.480010e+02 1.264659e+02 2.198250e+02
      vertex   8.549903e+02 1.164892e+02 2.198250e+02
      vertex   8.554558e+02 1.171243e+02 2.198250e+02
    endloop
  endfacet
  facet normal -3.508297e-15 9.370245e-15 1.000000e+00
    outer loop
      vertex   8.480010e+02 1.264659e+02 2.198250e+02
      vertex   8.554558e+02 1.171243e+02 2.198250e+02
      vertex   8.482719e+02 1.265673e+02 2.198250e+02
    endloop
  endfacet
  facet normal -7.726200e-15 6.161439e-15 1.000000e+00
    outer loop
      vertex   8.482719e+02 1.265673e+02 2.198250e+02
      vertex   8.554558e+02 1.171243e+02 2.198250e+02
      vertex   8.559467e+02 1.177399e+02 2.198250e+02
    endloop
  endfacet
  facet normal -4.526054e-15 8.943727e-15 1.000000e+00
    outer loop
      vertex   8.482719e+02 1.265673e+02 2.198250e+02
      vertex   8.559467e+02 1.177399e+02 2.198250e+02
      vertex   8.485299e+02 1.266979e+02 2.198250e+02
    endloop
  endfacet
  facet normal -7.489777e-15 6.489929e-15 1.000000e+00
    outer loop
      vertex   8.485299e+02 1.266979e+02 2.198250e+02
      vertex   8.559467e+02 1.177399e+02 2.198250e+02
      vertex   8.564623e+02 1.183349e+02 2.198250e+02
    endloop
  endfacet
  facet normal -5.483414e-15 8.392990e-15 1.000000e+00
    outer loop
      vertex   8.485299e+02 1.266979e+02 2.198250e+02
      vertex   8.564623e+02 1.183349e+02 2.198250e+02
      vertex   8.487720e+02 1.268561e+02 2.198250e+02
    endloop
  endfacet
  facet normal -6.303005e-15 7.653316e-15 1.000000e+00
    outer loop
      vertex   8.487720e+02 1.268561e+02 2.198250e+02
      vertex   8.564623e+02 1.183349e+02 2.198250e+02
      vertex   8.489953e+02 1.270399e+02 2.198250e+02
    endloop
  endfacet
  facet normal 2.029330e-14 3.046720e-14 1.000000e+00
    outer loop
      vertex   8.489953e+02 1.270399e+02 2.198250e+02
      vertex   8.564623e+02 1.183349e+02 2.198250e+02
      vertex   8.570018e+02 1.189085e+02 2.198250e+02
    endloop
  endfacet
  facet normal -5.356891e-15 5.211264e-15 1.000000e+00
    outer loop
      vertex   8.489953e+02 1.270399e+02 2.198250e+02
      vertex   8.570018e+02 1.189085e+02 2.198250e+02
      vertex   8.491970e+02 1.272472e+02 2.198250e+02
    endloop
  endfacet
  facet normal -5.226032e-15 5.333745e-15 1.000000e+00
    outer loop
      vertex   8.491970e+02 1.272472e+02 2.198250e+02
      vertex   8.570018e+02 1.189085e+02 2.198250e+02
      vertex   8.575642e+02 1.194595e+02 2.198250e+02
    endloop
  endfacet
  facet normal -5.909429e-15 4.599493e-15 1.000000e+00
    outer loop
      vertex   8.491970e+02 1.272472e+02 2.198250e+02
      vertex   8.575642e+02 1.194595e+02 2.198250e+02
      vertex   8.493746e+02 1.274755e+02 2.198250e+02
    endloop
  endfacet
  facet normal -4.995644e-15 5.533073e-15 1.000000e+00
    outer loop
      vertex   8.493746e+02 1.274755e+02 2.198250e+02
      vertex   8.575642e+02 1.194595e+02 2.198250e+02
      vertex   8.581486e+02 1.199872e+02 2.198250e+02
    endloop
  endfacet
  facet normal 5.820025e-14 7.957966e-14 1.000000e+00
    outer loop
      vertex   8.493746e+02 1.274755e+02 2.198250e+02
      vertex   8.581486e+02 1.199872e+02 2.198250e+02
      vertex   8.495260e+02 1.277219e+02 2.198250e+02
    endloop
  endfacet
  facet normal -6.342108e-15 7.628194e-15 1.000000e+00
    outer loop
      vertex   8.495260e+02 1.277219e+02 2.198250e+02
      vertex   8.581486e+02 1.199872e+02 2.198250e+02
      vertex   8.587541e+02 1.204906e+02 2.198250e+02
    endloop
  endfacet
  facet normal -8.993816e-15 4.244284e-15 1.000000e+00
    outer loop
      vertex   8.495260e+02 1.277219e+02 2.198250e+02
      vertex   8.587541e+02 1.204906e+02 2.198250e+02
      vertex   8.496495e+02 1.279834e+02 2.198250e+02
    endloop
  endfacet
  facet normal -6.013933e-15 7.865159e-15 1.000000e+00
    outer loop
      vertex   8.496495e+02 1.279834e+02 2.198250e+02
      vertex   8.587541e+02 1.204906e+02 2.198250e+02
      vertex   8.593796e+02 1.209688e+02 2.198250e+02
    endloop
  endfacet
  facet normal -9.366043e-15 3.215366e-15 1.000000e+00
    outer loop
      vertex   8.496495e+02 1.279834e+02 2.198250e+02
      vertex   8.593796e+02 1.209688e+02 2.198250e+02
      vertex   8.497434e+02 1.282569e+02 2.198250e+02
    endloop
  endfacet
  facet normal 1.719458e-14 3.833322e-14 1.000000e+00
    outer loop
      vertex   8.497434e+02 1.282569e+02 2.198250e+02
      vertex   8.593796e+02 1.209688e+02 2.198250e+02
      vertex   8.600240e+02 1.214212e+02 2.198250e+02
    endloop
  endfacet
  facet normal -7.218160e-15 1.617628e-15 1.000000e+00
    outer loop
      vertex   8.497434e+02 1.282569e+02 2.198250e+02
      vertex   8.600240e+02 1.214212e+02 2.198250e+02
      vertex   8.498066e+02 1.285392e+02 2.198250e+02
    endloop
  endfacet
  facet normal -4.004338e-15 6.230872e-15 1.000000e+00
    outer loop
      vertex   8.498066e+02 1.285392e+02 2.198250e+02
      vertex   8.600240e+02 1.214212e+02 2.198250e+02
      vertex   8.606864e+02 1.218469e+02 2.198250e+02
    endloop
  endfacet
  facet normal -7.337475e-15 8.121115e-16 1.000000e+00
    outer loop
      vertex   8.498066e+02 1.285392e+02 2.198250e+02
      vertex   8.606864e+02 1.218469e+02 2.198250e+02
      vertex   8.498384e+02 1.288266e+02 2.198250e+02
    endloop
  endfacet
  facet normal -3.747984e-15 6.390939e-15 1.000000e+00
    outer loop
      vertex   8.498384e+02 1.288266e+02 2.198250e+02
      vertex   8.606864e+02 1.218469e+02 2.198250e+02
      vertex   8.613656e+02 1.222452e+02 2.198250e+02
    endloop
  endfacet
  facet normal -7.396873e-15 0.000000e+00 1.000000e+00
    outer loop
      vertex   8.498384e+02 1.288266e+02 2.198250e+02
      vertex   8.613656e+02 1.222452e+02 2.198250e+02
      vertex   8.498384e+02 1.291158e+02 2.198250e+02
    endloop
  endfacet
  facet normal -3.491505e-15 6.552228e-15 1.000000e+00
    outer loop
      vertex   8.498384e+02 1.291158e+02 2.198250e+02
      vertex   8.613656e+02 1.222452e+02 2.198250e+02
      vertex   8.620605e+02 1.226155e+02 2.198250e+02
    endloop
  endfacet
  facet normal -7.412676e-15 -8.204348e-16 1.000000e+00
    outer loop
      vertex   8.498384e+02 1.291158e+02 2.198250e+02
      vertex   8.620605e+02 1.226155e+02 2.198250e+02
      vertex   8.498066e+02 1.294033e+02 2.198250e+02
    endloop
  endfacet
  facet normal -3.236005e-15 6.719633e-15 1.000000e+00
    outer loop
      vertex   8.498066e+02 1.294033e+02 2.198250e+02
      vertex   8.620605e+02 1.226155e+02 2.198250e+02
      vertex   8.627699e+02 1.229571e+02 2.198250e+02
    endloop
  endfacet
  facet normal -7.402340e-15 -1.658903e-15 1.000000e+00
    outer loop
      vertex   8.498066e+02 1.294033e+02 2.198250e+02
      vertex   8.627699e+02 1.229571e+02 2.198250e+02
      vertex   8.497434e+02 1.296855e+02 2.198250e+02
    endloop
  endfacet
  facet normal -2.982100e-15 6.898947e-15 1.000000e+00
    outer loop
      vertex   8.497434e+02 1.296855e+02 2.198250e+02
      vertex   8.627699e+02 1.229571e+02 2.198250e+02
      vertex   8.634927e+02 1.232695e+02 2.198250e+02
    endloop
  endfacet
  facet normal -7.384380e-15 -2.535061e-15 1.000000e+00
    outer loop
      vertex   8.497434e+02 1.296855e+02 2.198250e+02
      vertex   8.634927e+02 1.232695e+02 2.198250e+02
      vertex   8.496495e+02 1.299590e+02 2.198250e+02
    endloop
  endfacet
  facet normal -2.729831e-15 7.097023e-15 1.000000e+00
    outer loop
      vertex   8.496495e+02 1.299590e+02 2.198250e+02
      vertex   8.634927e+02 1.232695e+02 2.198250e+02
      vertex   8.642276e+02 1.235522e+02 2.198250e+02
    endloop
  endfacet
  facet normal -2.544860e-15 7.517905e-15 1.000000e+00
    outer loop
      vertex   8.496495e+02 1.299590e+02 2.198250e+02
      vertex   8.642276e+02 1.235522e+02 2.198250e+02
      vertex   8.649734e+02 1.238047e+02 2.198250e+02
    endloop
  endfacet
  facet normal -6.865376e-15 -3.239849e-15 1.000000e+00
    outer loop
      vertex   8.496495e+02 1.299590e+02 2.198250e+02
      vertex   8.649734e+02 1.238047e+02 2.198250e+02
      vertex   8.495260e+02 1.302206e+02 2.198250e+02
    endloop
  endfacet
  facet normal -2.286055e-15 7.785588e-15 1.000000e+00
    outer loop
      vertex   8.495260e+02 1.302206e+02 2.198250e+02
      vertex   8.649734e+02 1.238047e+02 2.198250e+02
      vertex   8.657289e+02 1.240265e+02 2.198250e+02
    endloop
  endfacet
  facet normal 5.076549e-14 1.465607e-13 1.000000e+00
    outer loop
      vertex   8.495260e+02 1.302206e+02 2.198250e+02
      vertex   8.657289e+02 1.240265e+02 2.198250e+02
      vertex   8.493746e+02 1.304670e+02 2.198250e+02
    endloop
  endfacet
  facet normal -2.698107e-15 1.080065e-14 1.000000e+00
    outer loop
      vertex   8.493746e+02 1.304670e+02 2.198250e+02
      vertex   8.657289e+02 1.240265e+02 2.198250e+02
      vertex   8.664928e+02 1.242173e+02 2.198250e+02
    endloop
  endfacet
  facet normal -9.277611e-15 -7.221055e-15 1.000000e+00
    outer loop
      vertex   8.493746e+02 1.304670e+02 2.198250e+02
      vertex   8.664928e+02 1.242173e+02 2.198250e+02
      vertex   8.491970e+02 1.306952e+02 2.198250e+02
    endloop
  endfacet
  facet normal 4.515111e-14 1.381029e-13 1.000000e+00
    outer loop
      vertex   8.491970e+02 1.306952e+02 2.198250e+02
      vertex   8.664928e+02 1.242173e+02 2.198250e+02
      vertex   8.672638e+02 1.243768e+02 2.198250e+02
    endloop
  endfacet
  facet normal -1.007183e-15 6.116591e-15 1.000000e+00
    outer loop
      vertex   8.491970e+02 1.306952e+02 2.198250e+02
      vertex   8.672638e+02 1.243768e+02 2.198250e+02
      vertex   8.680407e+02 1.245048e+02 2.198250e+02
    endloop
  endfacet
  facet normal -4.433390e-15 -4.312868e-15 1.000000e+00
    outer loop
      vertex   8.491970e+02 1.306952e+02 2.198250e+02
      vertex   8.680407e+02 1.245048e+02 2.198250e+02
      vertex   8.489953e+02 1.309025e+02 2.198250e+02
    endloop
  endfacet
  facet normal -8.000114e-16 6.503383e-15 1.000000e+00
    outer loop
      vertex   8.489953e+02 1.309025e+02 2.198250e+02
      vertex   8.680407e+02 1.245048e+02 2.198250e+02
      vertex   8.688222e+02 1.246009e+02 2.198250e+02
    endloop
  endfacet
  facet normal -4.668726e-15 -5.668921e-15 1.000000e+00
    outer loop
      vertex   8.489953e+02 1.309025e+02 2.198250e+02
      vertex   8.688222e+02 1.246009e+02 2.198250e+02
      vertex   8.487720e+02 1.310864e+02 2.198250e+02
    endloop
  endfacet
  facet normal -5.721394e-16 6.995960e-15 1.000000e+00
    outer loop
      vertex   8.487720e+02 1.310864e+02 2.198250e+02
      vertex   8.688222e+02 1.246009e+02 2.198250e+02
      vertex   8.696070e+02 1.246651e+02 2.198250e+02
    endloop
  endfacet
  facet normal -3.191085e-16 7.816965e-15 1.000000e+00
    outer loop
      vertex   8.487720e+02 1.310864e+02 2.198250e+02
      vertex   8.696070e+02 1.246651e+02 2.198250e+02
      vertex   8.703937e+02 1.246972e+02 2.198250e+02
    endloop
  endfacet
  facet normal 0.000000e+00 4.391774e-15 1.000000e+00
    outer loop
      vertex   8.711811e+02 1.246972e+02 2.198250e+02
      vertex   8.929217e+02 1.311688e+02 2.198250e+02
      vertex   8.703937e+02 1.246972e+02 2.198250e+02
    endloop
  endfacet
  facet normal -6.290162e-16 6.581418e-15 1.000000e+00
    outer loop
      vertex   8.703937e+02 1.246972e+02 2.198250e+02
      vertex   8.929217e+02 1.311688e+02 2.198250e+02
      vertex   8.485299e+02 1.312445e+02 2.198250e+02
    endloop
  endfacet
  facet normal -4.800004e-15 -7.346953e-15 1.000000e+00
    outer loop
      vertex   8.703937e+02 1.246972e+02 2.198250e+02
      vertex   8.485299e+02 1.312445e+02 2.198250e+02
      vertex   8.487720e+02 1.310864e+02 2.198250e+02
    endloop
  endfacet
  facet normal -9.921037e-15 6.665681e-15 1.000000e+00
    outer loop
      vertex   8.870236e+02 9.496685e+01 2.198250e+02
      vertex   8.865845e+02 9.431329e+01 2.198250e+02
      vertex   8.942851e+02 8.445522e+01 2.198250e+02
    endloop
  endfacet
  facet normal -9.521812e-15 6.977534e-15 1.000000e+00
    outer loop
      vertex   8.942851e+02 8.445522e+01 2.198250e+02
      vertex   8.865845e+02 9.431329e+01 2.198250e+02
      vertex   8.861191e+02 9.367817e+01 2.198250e+02
    endloop
  endfacet
  facet normal -9.155856e-15 7.301552e-15 1.000000e+00
    outer loop
      vertex   8.942851e+02 8.445522e+01 2.198250e+02
      vertex   8.861191e+02 9.367817e+01 2.198250e+02
      vertex   8.856282e+02 9.306257e+01 2.198250e+02
    endloop
  endfacet
  facet normal -8.818274e-15 7.641078e-15 1.000000e+00
    outer loop
      vertex   8.856282e+02 9.306257e+01 2.198250e+02
      vertex   8.851125e+02 9.246751e+01 2.198250e+02
      vertex   8.942851e+02 8.445522e+01 2.198250e+02
    endloop
  endfacet
  facet normal 1.525778e-14 3.520362e-14 1.000000e+00
    outer loop
      vertex   8.942851e+02 8.445522e+01 2.198250e+02
      vertex   8.851125e+02 9.246751e+01 2.198250e+02
      vertex   8.845731e+02 9.189397e+01 2.198250e+02
    endloop
  endfacet
  facet normal -6.569943e-15 6.705355e-15 1.000000e+00
    outer loop
      vertex   8.942851e+02 8.445522e+01 2.198250e+02
      vertex   8.845731e+02 9.189397e+01 2.198250e+02
      vertex   8.840107e+02 9.134291e+01 2.198250e+02
    endloop
  endfacet
  facet normal -6.350121e-15 7.033265e-15 1.000000e+00
    outer loop
      vertex   8.840107e+02 9.134291e+01 2.198250e+02
      vertex   8.834262e+02 9.081525e+01 2.198250e+02
      vertex   8.942851e+02 8.445522e+01 2.198250e+02
    endloop
  endfacet
  facet normal -6.142377e-15 7.387960e-15 1.000000e+00
    outer loop
      vertex   8.942851e+02 8.445522e+01 2.198250e+02
      vertex   8.834262e+02 9.081525e+01 2.198250e+02
      vertex   8.828208e+02 9.031187e+01 2.198250e+02
    endloop
  endfacet
  facet normal -5.944790e-15 7.774732e-15 1.000000e+00
    outer loop
      vertex   8.942851e+02 8.445522e+01 2.198250e+02
      vertex   8.828208e+02 9.031187e+01 2.198250e+02
      vertex   8.821953e+02 8.983361e+01 2.198250e+02
    endloop
  endfacet
  facet normal 1.135251e-14 4.665648e-14 1.000000e+00
    outer loop
      vertex   8.821953e+02 8.983361e+01 2.198250e+02
      vertex   8.815508e+02 8.938125e+01 2.198250e+02
      vertex   8.942851e+02 8.445522e+01 2.198250e+02
    endloop
  endfacet
  facet normal -4.179801e-15 6.503897e-15 1.000000e+00
    outer loop
      vertex   8.942851e+02 8.445522e+01 2.198250e+02
      vertex   8.815508e+02 8.938125e+01 2.198250e+02
      vertex   8.808884e+02 8.895556e+01 2.198250e+02
    endloop
  endfacet
  facet normal -4.046660e-15 6.900232e-15 1.000000e+00
    outer loop
      vertex   8.942851e+02 8.445522e+01 2.198250e+02
      vertex   8.808884e+02 8.895556e+01 2.198250e+02
      vertex   8.802092e+02 8.855724e+01 2.198250e+02
    endloop
  endfacet
  facet normal -3.915952e-15 7.348753e-15 1.000000e+00
    outer loop
      vertex   8.802092e+02 8.855724e+01 2.198250e+02
      vertex   8.795143e+02 8.818696e+01 2.198250e+02
      vertex   8.942851e+02 8.445522e+01 2.198250e+02
    endloop
  endfacet
  facet normal -3.786234e-15 7.862196e-15 1.000000e+00
    outer loop
      vertex   8.942851e+02 8.445522e+01 2.198250e+02
      vertex   8.795143e+02 8.818696e+01 2.198250e+02
      vertex   8.788049e+02 8.784532e+01 2.198250e+02
    endloop
  endfacet
  facet normal -3.655840e-15 8.457613e-15 1.000000e+00
    outer loop
      vertex   8.942851e+02 8.445522e+01 2.198250e+02
      vertex   8.788049e+02 8.784532e+01 2.198250e+02
      vertex   8.780822e+02 8.753291e+01 2.198250e+02
    endloop
  endfacet
  facet normal -3.522728e-15 9.158400e-15 1.000000e+00
    outer loop
      vertex   8.780822e+02 8.753291e+01 2.198250e+02
      vertex   8.773473e+02 8.725024e+01 2.198250e+02
      vertex   8.942851e+02 8.445522e+01 2.198250e+02
    endloop
  endfacet
  facet normal -3.384248e-15 9.997585e-15 1.000000e+00
    outer loop
      vertex   8.942851e+02 8.445522e+01 2.198250e+02
      vertex   8.773473e+02 8.725024e+01 2.198250e+02
      vertex   8.766015e+02 8.699778e+01 2.198250e+02
    endloop
  endfacet
  facet normal -3.236758e-15 1.102339e-14 1.000000e+00
    outer loop
      vertex   8.942851e+02 8.445522e+01 2.198250e+02
      vertex   8.766015e+02 8.699778e+01 2.198250e+02
      vertex   8.758460e+02 8.677594e+01 2.198250e+02
    endloop
  endfacet
  facet normal -3.074937e-15 1.230913e-14 1.000000e+00
    outer loop
      vertex   8.758460e+02 8.677594e+01 2.198250e+02
      vertex   8.750821e+02 8.658511e+01 2.198250e+02
      vertex   8.942851e+02 8.445522e+01 2.198250e+02
    endloop
  endfacet
  facet normal 2.283946e-14 2.459526e-13 1.000000e+00
    outer loop
      vertex   8.942851e+02 8.445522e+01 2.198250e+02
      vertex   8.750821e+02 8.658511e+01 2.198250e+02
      vertex   8.743110e+02 8.642560e+01 2.198250e+02
    endloop
  endfacet
  facet normal -8.898443e-16 5.403997e-15 1.000000e+00
    outer loop
      vertex   8.942851e+02 8.445522e+01 2.198250e+02
      vertex   8.743110e+02 8.642560e+01 2.198250e+02
      vertex   8.735341e+02 8.629767e+01 2.198250e+02
    endloop
  endfacet
  facet normal -7.954930e-16 6.466653e-15 1.000000e+00
    outer loop
      vertex   8.735341e+02 8.629767e+01 2.198250e+02
      vertex   8.727526e+02 8.620153e+01 2.198250e+02
      vertex   8.942851e+02 8.445522e+01 2.198250e+02
    endloop
  endfacet
  facet normal -6.627294e-16 8.103668e-15 1.000000e+00
    outer loop
      vertex   8.942851e+02 8.445522e+01 2.198250e+02
      vertex   8.727526e+02 8.620153e+01 2.198250e+02
      vertex   8.719678e+02 8.613735e+01 2.198250e+02
    endloop
  endfacet
  facet normal -4.474231e-16 1.096019e-14 1.000000e+00
    outer loop
      vertex   8.942851e+02 8.445522e+01 2.198250e+02
      vertex   8.719678e+02 8.613735e+01 2.198250e+02
      vertex   8.711811e+02 8.610524e+01 2.198250e+02
    endloop
  endfacet
  facet normal 0.000000e+00 1.722515e-14 1.000000e+00
    outer loop
      vertex   8.711811e+02 8.610524e+01 2.198250e+02
      vertex   8.703937e+02 8.610524e+01 2.198250e+02
      vertex   8.942851e+02 8.445522e+01 2.198250e+02
    endloop
  endfacet
  facet normal 3.191085e-16 7.816965e-15 1.000000e+00
    outer loop
      vertex   8.696070e+02 8.613735e+01 2.198250e+02
      vertex   8.487720e+02 7.971609e+01 2.198250e+02
      vertex   8.703937e+02 8.610524e+01 2.198250e+02
    endloop
  endfacet
  facet normal -4.922278e-15 2.555448e-14 1.000000e+00
    outer loop
      vertex   8.703937e+02 8.610524e+01 2.198250e+02
      vertex   8.487720e+02 7.971609e+01 2.198250e+02
      vertex   8.451874e+02 7.680122e+01 2.198250e+02
    endloop
  endfacet
  facet normal -5.551115e-16 1.372302e-14 1.000000e+00
    outer loop
      vertex   8.703937e+02 8.610524e+01 2.198250e+02
      vertex   8.451874e+02 7.680122e+01 2.198250e+02
      vertex   8.963874e+02 7.680122e+01 2.198250e+02
    endloop
  endfacet
  facet normal 5.721394e-16 6.995960e-15 1.000000e+00
    outer loop
      vertex   8.696070e+02 8.613735e+01 2.198250e+02
      vertex   8.688222e+02 8.620153e+01 2.198250e+02
      vertex   8.487720e+02 7.971609e+01 2.198250e+02
    endloop
  endfacet
  facet normal 4.668726e-15 -5.668921e-15 1.000000e+00
    outer loop
      vertex   8.487720e+02 7.971609e+01 2.198250e+02
      vertex   8.688222e+02 8.620153e+01 2.198250e+02
      vertex   8.489953e+02 7.989995e+01 2.198250e+02
    endloop
  endfacet
  facet normal 8.000114e-16 6.503383e-15 1.000000e+00
    outer loop
      vertex   8.489953e+02 7.989995e+01 2.198250e+02
      vertex   8.688222e+02 8.620153e+01 2.198250e+02
      vertex   8.680407e+02 8.629767e+01 2.198250e+02
    endloop
  endfacet
  facet normal 4.433390e-15 -4.312868e-15 1.000000e+00
    outer loop
      vertex   8.489953e+02 7.989995e+01 2.198250e+02
      vertex   8.680407e+02 8.629767e+01 2.198250e+02
      vertex   8.491970e+02 8.010725e+01 2.198250e+02
    endloop
  endfacet
  facet normal 1.007183e-15 6.116591e-15 1.000000e+00
    outer loop
      vertex   8.491970e+02 8.010725e+01 2.198250e+02
      vertex   8.680407e+02 8.629767e+01 2.198250e+02
      vertex   8.672638e+02 8.642560e+01 2.198250e+02
    endloop
  endfacet
  facet normal 4.322989e-15 -3.364717e-15 1.000000e+00
    outer loop
      vertex   8.491970e+02 8.010725e+01 2.198250e+02
      vertex   8.672638e+02 8.642560e+01 2.198250e+02
      vertex   8.493746e+02 8.033548e+01 2.198250e+02
    endloop
  endfacet
  facet normal -4.564542e-14 1.434134e-13 1.000000e+00
    outer loop
      vertex   8.493746e+02 8.033548e+01 2.198250e+02
      vertex   8.672638e+02 8.642560e+01 2.198250e+02
      vertex   8.495260e+02 8.058186e+01 2.198250e+02
    endloop
  endfacet
  facet normal 1.897303e-15 -8.953590e-16 1.000000e+00
    outer loop
      vertex   8.495260e+02 8.058186e+01 2.198250e+02
      vertex   8.672638e+02 8.642560e+01 2.198250e+02
      vertex   8.496495e+02 8.084341e+01 2.198250e+02
    endloop
  endfacet
  facet normal 1.810532e-15 -6.215564e-16 1.000000e+00
    outer loop
      vertex   8.496495e+02 8.084341e+01 2.198250e+02
      vertex   8.672638e+02 8.642560e+01 2.198250e+02
      vertex   8.497434e+02 8.111695e+01 2.198250e+02
    endloop
  endfacet
  facet normal 1.740380e-15 -3.900282e-16 1.000000e+00
    outer loop
      vertex   8.497434e+02 8.111695e+01 2.198250e+02
      vertex   8.672638e+02 8.642560e+01 2.198250e+02
      vertex   8.498066e+02 8.139916e+01 2.198250e+02
    endloop
  endfacet
  facet normal 1.681671e-15 -1.861273e-16 1.000000e+00
    outer loop
      vertex   8.498066e+02 8.139916e+01 2.198250e+02
      vertex   8.672638e+02 8.642560e+01 2.198250e+02
      vertex   8.498384e+02 8.168662e+01 2.198250e+02
    endloop
  endfacet
  facet normal 1.631052e-15 -0.000000e+00 1.000000e+00
    outer loop
      vertex   8.498384e+02 8.168662e+01 2.198250e+02
      vertex   8.672638e+02 8.642560e+01 2.198250e+02
      vertex   8.498384e+02 8.197583e+01 2.198250e+02
    endloop
  endfacet
  facet normal 1.586220e-15 1.755628e-16 1.000000e+00
    outer loop
      vertex   8.498384e+02 8.197583e+01 2.198250e+02
      vertex   8.672638e+02 8.642560e+01 2.198250e+02
      vertex   8.498066e+02 8.226328e+01 2.198250e+02
    endloop
  endfacet
  facet normal 1.545498e-15 3.463542e-16 1.000000e+00
    outer loop
      vertex   8.498066e+02 8.226328e+01 2.198250e+02
      vertex   8.672638e+02 8.642560e+01 2.198250e+02
      vertex   8.497434e+02 8.254549e+01 2.198250e+02
    endloop
  endfacet
  facet normal 1.507584e-15 5.175542e-16 1.000000e+00
    outer loop
      vertex   8.497434e+02 8.254549e+01 2.198250e+02
      vertex   8.672638e+02 8.642560e+01 2.198250e+02
      vertex   8.496495e+02 8.281903e+01 2.198250e+02
    endloop
  endfacet
  facet normal 1.471382e-15 6.943620e-16 1.000000e+00
    outer loop
      vertex   8.496495e+02 8.281903e+01 2.198250e+02
      vertex   8.672638e+02 8.642560e+01 2.198250e+02
      vertex   8.495260e+02 8.308058e+01 2.198250e+02
    endloop
  endfacet
  facet normal -1.805820e-14 1.042549e-13 1.000000e+00
    outer loop
      vertex   8.495260e+02 8.308058e+01 2.198250e+02
      vertex   8.672638e+02 8.642560e+01 2.198250e+02
      vertex   8.493746e+02 8.332697e+01 2.198250e+02
    endloop
  endfacet
  facet normal 0.000000e+00 -0.000000e+00 1.000000e+00
    outer loop
      vertex   8.493746e+02 8.332697e+01 2.198250e+02
      vertex   8.672638e+02 8.642560e+01 2.198250e+02
      vertex   8.491970e+02 8.355520e+01 2.198250e+02
    endloop
  endfacet
  facet normal 0.000000e+00 -0.000000e+00 1.000000e+00
    outer loop
      vertex   8.491970e+02 8.355520e+01 2.198250e+02
      vertex   8.672638e+02 8.642560e+01 2.198250e+02
      vertex   8.489953e+02 8.376250e+01 2.198250e+02
    endloop
  endfacet
  facet normal 0.000000e+00 -0.000000e+00 1.000000e+00
    outer loop
      vertex   8.489953e+02 8.376250e+01 2.198250e+02
      vertex   8.672638e+02 8.642560e+01 2.198250e+02
      vertex   8.487720e+02 8.394635e+01 2.198250e+02
    endloop
  endfacet
  facet normal 0.000000e+00 0.000000e+00 1.000000e+00
    outer loop
      vertex   8.917484e+02 1.286824e+02 2.198250e+02
      vertex   8.917324e+02 1.289712e+02 2.198250e+02
      vertex   8.711811e+02 1.246972e+02 2.198250e+02
    endloop
  endfacet
  facet normal 0.000000e+00 0.000000e+00 1.000000e+00
    outer loop
      vertex   8.711811e+02 1.246972e+02 2.198250e+02
      vertex   8.917324e+02 1.289712e+02 2.198250e+02
      vertex   8.917484e+02 1.292600e+02 2.198250e+02
    endloop
  endfacet
  facet normal 0.000000e+00 0.000000e+00 1.000000e+00
    outer loop
      vertex   8.711811e+02 1.246972e+02 2.198250e+02
      vertex   8.917484e+02 1.292600e+02 2.198250e+02
      vertex   8.917960e+02 1.295453e+02 2.198250e+02
    endloop
  endfacet
  facet normal 0.000000e+00 -0.000000e+00 1.000000e+00
    outer loop
      vertex   8.917960e+02 1.295453e+02 2.198250e+02
      vertex   8.918747e+02 1.298236e+02 2.198250e+02
      vertex   8.711811e+02 1.246972e+02 2.198250e+02
    endloop
  endfacet
  facet normal 0.000000e+00 0.000000e+00 1.000000e+00
    outer loop
      vertex   8.711811e+02 1.246972e+02 2.198250e+02
      vertex   8.918747e+02 1.298236e+02 2.198250e+02
      vertex   8.919835e+02 1.300915e+02 2.198250e+02
    endloop
  endfacet
  facet normal 0.000000e+00 0.000000e+00 1.000000e+00
    outer loop
      vertex   8.711811e+02 1.246972e+02 2.198250e+02
      vertex   8.919835e+02 1.300915e+02 2.198250e+02
      vertex   8.921211e+02 1.303459e+02 2.198250e+02
    endloop
  endfacet
  facet normal -3.968095e-14 1.471004e-13 1.000000e+00
    outer loop
      vertex   8.921211e+02 1.303459e+02 2.198250e+02
      vertex   8.922859e+02 1.305835e+02 2.198250e+02
      vertex   8.711811e+02 1.246972e+02 2.198250e+02
    endloop
  endfacet
  facet normal 1.778757e-15 -1.549121e-15 1.000000e+00
    outer loop
      vertex   8.711811e+02 1.246972e+02 2.198250e+02
      vertex   8.922859e+02 1.305835e+02 2.198250e+02
      vertex   8.924759e+02 1.308016e+02 2.198250e+02
    endloop
  endfacet
  facet normal 1.938251e-15 -2.105502e-15 1.000000e+00
    outer loop
      vertex   8.711811e+02 1.246972e+02 2.198250e+02
      vertex   8.924759e+02 1.308016e+02 2.198250e+02
      vertex   8.926886e+02 1.309975e+02 2.198250e+02
    endloop
  endfacet
  facet normal 2.197158e-15 -2.989341e-15 1.000000e+00
    outer loop
      vertex   8.926886e+02 1.309975e+02 2.198250e+02
      vertex   8.929217e+02 1.311688e+02 2.198250e+02
      vertex   8.711811e+02 1.246972e+02 2.198250e+02
    endloop
  endfacet
  facet normal -6.383606e-16 1.105673e-15 1.000000e+00
    outer loop
      vertex   8.929217e+02 1.311688e+02 2.198250e+02
      vertex   8.931721e+02 1.313134e+02 2.198250e+02
      vertex   8.485299e+02 1.312445e+02 2.198250e+02
    endloop
  endfacet
  facet normal -6.347209e-16 -1.254243e-15 1.000000e+00
    outer loop
      vertex   8.485299e+02 1.312445e+02 2.198250e+02
      vertex   8.931721e+02 1.313134e+02 2.198250e+02
      vertex   8.482719e+02 1.313751e+02 2.198250e+02
    endloop
  endfacet
  facet normal -6.310183e-16 1.438577e-15 1.000000e+00
    outer loop
      vertex   8.482719e+02 1.313751e+02 2.198250e+02
      vertex   8.931721e+02 1.313134e+02 2.198250e+02
      vertex   8.934370e+02 1.314296e+02 2.198250e+02
    endloop
  endfacet
  facet normal -6.272651e-16 -1.675351e-15 1.000000e+00
    outer loop
      vertex   8.482719e+02 1.313751e+02 2.198250e+02
      vertex   8.934370e+02 1.314296e+02 2.198250e+02
      vertex   8.480010e+02 1.314765e+02 2.198250e+02
    endloop
  endfacet
  facet normal -6.234725e-16 1.993352e-15 1.000000e+00
    outer loop
      vertex   8.480010e+02 1.314765e+02 2.198250e+02
      vertex   8.934370e+02 1.314296e+02 2.198250e+02
      vertex   8.937130e+02 1.315159e+02 2.198250e+02
    endloop
  endfacet
  facet normal -6.196489e-16 -2.446938e-15 1.000000e+00
    outer loop
      vertex   8.480010e+02 1.314765e+02 2.198250e+02
      vertex   8.937130e+02 1.315159e+02 2.198250e+02
      vertex   8.477207e+02 1.315475e+02 2.198250e+02
    endloop
  endfacet
  facet normal -6.157975e-16 3.152540e-15 1.000000e+00
    outer loop
      vertex   8.477207e+02 1.315475e+02 2.198250e+02
      vertex   8.937130e+02 1.315159e+02 2.198250e+02
      vertex   8.939969e+02 1.315713e+02 2.198250e+02
    endloop
  endfacet
  facet normal -6.119050e-16 -4.412739e-15 1.000000e+00
    outer loop
      vertex   8.477207e+02 1.315475e+02 2.198250e+02
      vertex   8.939969e+02 1.315713e+02 2.198250e+02
      vertex   8.474342e+02 1.315873e+02 2.198250e+02
    endloop
  endfacet
  facet normal -6.078895e-16 7.336136e-15 1.000000e+00
    outer loop
      vertex   8.474342e+02 1.315873e+02 2.198250e+02
      vertex   8.939969e+02 1.315713e+02 2.198250e+02
      vertex   8.942851e+02 1.315952e+02 2.198250e+02
    endloop
  endfacet
  facet normal -6.029213e-16 -2.187286e-14 1.000000e+00
    outer loop
      vertex   8.474342e+02 1.315873e+02 2.198250e+02
      vertex   8.942851e+02 1.315952e+02 2.198250e+02
      vertex   8.471451e+02 1.315952e+02 2.198250e+02
    endloop
  endfacet
  facet normal -6.029213e-16 2.313515e-14 1.000000e+00
    outer loop
      vertex   8.471451e+02 1.315952e+02 2.198250e+02
      vertex   8.942851e+02 1.315952e+02 2.198250e+02
      vertex   8.451874e+02 1.340012e+02 2.198250e+02
    endloop
  endfacet
  facet normal -1.834030e-15 2.213344e-14 1.000000e+00
    outer loop
      vertex   8.471451e+02 1.315952e+02 2.198250e+02
      vertex   8.451874e+02 1.340012e+02 2.198250e+02
      vertex   8.468569e+02 1.315713e+02 2.198250e+02
    endloop
  endfacet
  facet normal -4.028855e-15 2.062549e-14 1.000000e+00
    outer loop
      vertex   8.468569e+02 1.315713e+02 2.198250e+02
      vertex   8.451874e+02 1.340012e+02 2.198250e+02
      vertex   8.465730e+02 1.315159e+02 2.198250e+02
    endloop
  endfacet
  facet normal -6.091481e-15 1.947555e-14 1.000000e+00
    outer loop
      vertex   8.465730e+02 1.315159e+02 2.198250e+02
      vertex   8.451874e+02 1.340012e+02 2.198250e+02
      vertex   8.462970e+02 1.314296e+02 2.198250e+02
    endloop
  endfacet
  facet normal -8.152673e-15 1.858622e-14 1.000000e+00
    outer loop
      vertex   8.462970e+02 1.314296e+02 2.198250e+02
      vertex   8.451874e+02 1.340012e+02 2.198250e+02
      vertex   8.460321e+02 1.313134e+02 2.198250e+02
    endloop
  endfacet
  facet normal -1.033481e-14 1.790042e-14 1.000000e+00
    outer loop
      vertex   8.460321e+02 1.313134e+02 2.198250e+02
      vertex   8.451874e+02 1.340012e+02 2.198250e+02
      vertex   8.457817e+02 1.311688e+02 2.198250e+02
    endloop
  endfacet
  facet normal -9.758550e-16 1.986399e-14 1.000000e+00
    outer loop
      vertex   8.457817e+02 1.311688e+02 2.198250e+02
      vertex   8.451874e+02 1.340012e+02 2.198250e+02
      vertex   8.448934e+02 1.339868e+02 2.198250e+02
    endloop
  endfacet
  facet normal -2.858511e-15 1.927052e-14 1.000000e+00
    outer loop
      vertex   8.457817e+02 1.311688e+02 2.198250e+02
      vertex   8.448934e+02 1.339868e+02 2.198250e+02
      vertex   8.446022e+02 1.339436e+02 2.198250e+02
    endloop
  endfacet
  facet normal 0.000000e+00 -0.000000e+00 1.000000e+00
    outer loop
      vertex   8.945742e+02 1.315873e+02 2.198250e+02
      vertex   8.992582e+02 1.318721e+02 2.198250e+02
      vertex   8.942851e+02 1.315952e+02 2.198250e+02
    endloop
  endfacet
  facet normal 0.000000e+00 0.000000e+00 1.000000e+00
    outer loop
      vertex   8.942851e+02 1.315952e+02 2.198250e+02
      vertex   8.992582e+02 1.318721e+02 2.198250e+02
      vertex   8.991591e+02 1.321493e+02 2.198250e+02
    endloop
  endfacet
  facet normal 0.000000e+00 0.000000e+00 1.000000e+00
    outer loop
      vertex   8.942851e+02 1.315952e+02 2.198250e+02
      vertex   8.991591e+02 1.321493e+02 2.198250e+02
      vertex   8.990332e+02 1.324154e+02 2.198250e+02
    endloop
  endfacet
  facet normal -0.000000e+00 0.000000e+00 1.000000e+00
    outer loop
      vertex   8.945742e+02 1.315873e+02 2.198250e+02
      vertex   8.948607e+02 1.315475e+02 2.198250e+02
      vertex   8.992582e+02 1.318721e+02 2.198250e+02
    endloop
  endfacet
  facet normal 0.000000e+00 0.000000e+00 1.000000e+00
    outer loop
      vertex   8.992582e+02 1.318721e+02 2.198250e+02
      vertex   8.948607e+02 1.315475e+02 2.198250e+02
      vertex   8.951410e+02 1.314765e+02 2.198250e+02
    endloop
  endfacet
  facet normal 0.000000e+00 0.000000e+00 1.000000e+00
    outer loop
      vertex   8.992582e+02 1.318721e+02 2.198250e+02
      vertex   8.951410e+02 1.314765e+02 2.198250e+02
      vertex   8.954119e+02 1.313751e+02 2.198250e+02
    endloop
  endfacet
  facet normal -0.000000e+00 0.000000e+00 1.000000e+00
    outer loop
      vertex   8.954119e+02 1.313751e+02 2.198250e+02
      vertex   8.956699e+02 1.312445e+02 2.198250e+02
      vertex   8.992582e+02 1.318721e+02 2.198250e+02
    endloop
  endfacet
  facet normal 0.000000e+00 0.000000e+00 1.000000e+00
    outer loop
      vertex   8.992582e+02 1.318721e+02 2.198250e+02
      vertex   8.956699e+02 1.312445e+02 2.198250e+02
      vertex   8.959120e+02 1.310864e+02 2.198250e+02
    endloop
  endfacet
  facet normal 0.000000e+00 0.000000e+00 1.000000e+00
    outer loop
      vertex   8.992582e+02 1.318721e+02 2.198250e+02
      vertex   8.959120e+02 1.310864e+02 2.198250e+02
      vertex   8.961353e+02 1.309025e+02 2.198250e+02
    endloop
  endfacet
  facet normal -0.000000e+00 0.000000e+00 1.000000e+00
    outer loop
      vertex   8.961353e+02 1.309025e+02 2.198250e+02
      vertex   8.963370e+02 1.306952e+02 2.198250e+02
      vertex   8.992582e+02 1.318721e+02 2.198250e+02
    endloop
  endfacet
  facet normal 0.000000e+00 0.000000e+00 1.000000e+00
    outer loop
      vertex   8.992582e+02 1.318721e+02 2.198250e+02
      vertex   8.963370e+02 1.306952e+02 2.198250e+02
      vertex   8.965146e+02 1.304670e+02 2.198250e+02
    endloop
  endfacet
  facet normal 0.000000e+00 0.000000e+00 1.000000e+00
    outer loop
      vertex   8.992582e+02 1.318721e+02 2.198250e+02
      vertex   8.965146e+02 1.304670e+02 2.198250e+02
      vertex   8.993298e+02 1.315865e+02 2.198250e+02
    endloop
  endfacet
  facet normal 0.000000e+00 0.000000e+00 1.000000e+00
    outer loop
      vertex   8.993298e+02 1.315865e+02 2.198250e+02
      vertex   8.965146e+02 1.304670e+02 2.198250e+02
      vertex   8.993730e+02 1.312953e+02 2.198250e+02
    endloop
  endfacet
  facet normal -2.837359e-14 9.791404e-14 1.000000e+00
    outer loop
      vertex   8.993730e+02 1.312953e+02 2.198250e+02
      vertex   8.965146e+02 1.304670e+02 2.198250e+02
      vertex   8.966660e+02 1.302206e+02 2.198250e+02
    endloop
  endfacet
  facet normal 1.029872e-14 5.059438e-16 1.000000e+00
    outer loop
      vertex   8.993730e+02 1.312953e+02 2.198250e+02
      vertex   8.966660e+02 1.302206e+02 2.198250e+02
      vertex   8.993874e+02 1.310012e+02 2.198250e+02
    endloop
  endfacet
  facet normal 9.198639e-15 4.340942e-15 1.000000e+00
    outer loop
      vertex   8.993874e+02 1.310012e+02 2.198250e+02
      vertex   8.966660e+02 1.302206e+02 2.198250e+02
      vertex   8.967895e+02 1.299590e+02 2.198250e+02
    endloop
  endfacet
  facet normal 9.615779e-15 3.301101e-15 1.000000e+00
    outer loop
      vertex   8.993874e+02 1.310012e+02 2.198250e+02
      vertex   8.967895e+02 1.299590e+02 2.198250e+02
      vertex   8.968834e+02 1.296855e+02 2.198250e+02
    endloop
  endfacet
  facet normal 1.015457e-14 2.275693e-15 1.000000e+00
    outer loop
      vertex   8.968834e+02 1.296855e+02 2.198250e+02
      vertex   8.969466e+02 1.294033e+02 2.198250e+02
      vertex   8.993874e+02 1.310012e+02 2.198250e+02
    endloop
  endfacet
  facet normal 1.085767e-14 1.201727e-15 1.000000e+00
    outer loop
      vertex   8.993874e+02 1.310012e+02 2.198250e+02
      vertex   8.969466e+02 1.294033e+02 2.198250e+02
      vertex   8.969784e+02 1.291158e+02 2.198250e+02
    endloop
  endfacet
  facet normal 1.179820e-14 0.000000e+00 1.000000e+00
    outer loop
      vertex   8.993874e+02 1.310012e+02 2.198250e+02
      vertex   8.969784e+02 1.291158e+02 2.198250e+02
      vertex   8.969784e+02 1.288266e+02 2.198250e+02
    endloop
  endfacet
  facet normal 1.310783e-14 -1.450774e-15 1.000000e+00
    outer loop
      vertex   8.969784e+02 1.288266e+02 2.198250e+02
      vertex   8.969466e+02 1.285392e+02 2.198250e+02
      vertex   8.993874e+02 1.310012e+02 2.198250e+02
    endloop
  endfacet
  facet normal 1.504558e-14 -3.371793e-15 1.000000e+00
    outer loop
      vertex   8.993874e+02 1.310012e+02 2.198250e+02
      vertex   8.969466e+02 1.285392e+02 2.198250e+02
      vertex   8.968834e+02 1.282569e+02 2.198250e+02
    endloop
  endfacet
  facet normal 1.819645e-14 -6.246850e-15 1.000000e+00
    outer loop
      vertex   8.993874e+02 1.310012e+02 2.198250e+02
      vertex   8.968834e+02 1.282569e+02 2.198250e+02
      vertex   8.967895e+02 1.279834e+02 2.198250e+02
    endloop
  endfacet
  facet normal 2.421315e-14 -1.142646e-14 1.000000e+00
    outer loop
      vertex   8.967895e+02 1.279834e+02 2.198250e+02
      vertex   8.966660e+02 1.277219e+02 2.198250e+02
      vertex   8.993874e+02 1.310012e+02 2.198250e+02
    endloop
  endfacet
  facet normal -1.032026e-12 8.650943e-13 1.000000e+00
    outer loop
      vertex   8.993874e+02 1.310012e+02 2.198250e+02
      vertex   8.966660e+02 1.277219e+02 2.198250e+02
      vertex   8.965146e+02 1.274755e+02 2.198250e+02
    endloop
  endfacet
  facet normal -2.025715e-15 -6.476571e-15 1.000000e+00
    outer loop
      vertex   8.937130e+02 1.264265e+02 2.198250e+02
      vertex   8.934370e+02 1.265129e+02 2.198250e+02
      vertex   8.711811e+02 1.246972e+02 2.198250e+02
    endloop
  endfacet
  facet normal -2.153551e-15 -4.909602e-15 1.000000e+00
    outer loop
      vertex   8.711811e+02 1.246972e+02 2.198250e+02
      vertex   8.934370e+02 1.265129e+02 2.198250e+02
      vertex   8.931721e+02 1.266291e+02 2.198250e+02
    endloop
  endfacet
  facet normal -2.243486e-15 -3.885832e-15 1.000000e+00
    outer loop
      vertex   8.711811e+02 1.246972e+02 2.198250e+02
      vertex   8.931721e+02 1.266291e+02 2.198250e+02
      vertex   8.929217e+02 1.267737e+02 2.198250e+02
    endloop
  endfacet
  facet normal -2.313936e-15 -3.148223e-15 1.000000e+00
    outer loop
      vertex   8.929217e+02 1.267737e+02 2.198250e+02
      vertex   8.926886e+02 1.269449e+02 2.198250e+02
      vertex   8.711811e+02 1.246972e+02 2.198250e+02
    endloop
  endfacet
  facet normal -2.373497e-15 -2.578305e-15 1.000000e+00
    outer loop
      vertex   8.711811e+02 1.246972e+02 2.198250e+02
      vertex   8.926886e+02 1.269449e+02 2.198250e+02
      vertex   8.924759e+02 1.271408e+02 2.198250e+02
    endloop
  endfacet
  facet normal -2.426831e-15 -2.113529e-15 1.000000e+00
    outer loop
      vertex   8.711811e+02 1.246972e+02 2.198250e+02
      vertex   8.924759e+02 1.271408e+02 2.198250e+02
      vertex   8.922859e+02 1.273589e+02 2.198250e+02
    endloop
  endfacet
  facet normal -3.021519e-14 2.182218e-13 1.000000e+00
    outer loop
      vertex   8.922859e+02 1.273589e+02 2.198250e+02
      vertex   8.921211e+02 1.275966e+02 2.198250e+02
      vertex   8.711811e+02 1.246972e+02 2.198250e+02
    endloop
  endfacet
  facet normal 0.000000e+00 0.000000e+00 1.000000e+00
    outer loop
      vertex   8.711811e+02 1.246972e+02 2.198250e+02
      vertex   8.921211e+02 1.275966e+02 2.198250e+02
      vertex   8.919835e+02 1.278509e+02 2.198250e+02
    endloop
  endfacet
  facet normal 0.000000e+00 0.000000e+00 1.000000e+00
    outer loop
      vertex   8.711811e+02 1.246972e+02 2.198250e+02
      vertex   8.919835e+02 1.278509e+02 2.198250e+02
      vertex   8.918747e+02 1.281189e+02 2.198250e+02
    endloop
  endfacet
  facet normal 0.000000e+00 0.000000e+00 1.000000e+00
    outer loop
      vertex   8.918747e+02 1.281189e+02 2.198250e+02
      vertex   8.917960e+02 1.283972e+02 2.198250e+02
      vertex   8.711811e+02 1.246972e+02 2.198250e+02
    endloop
  endfacet
  facet normal 0.000000e+00 0.000000e+00 1.000000e+00
    outer loop
      vertex   8.711811e+02 1.246972e+02 2.198250e+02
      vertex   8.917960e+02 1.283972e+02 2.198250e+02
      vertex   8.917484e+02 1.286824e+02 2.198250e+02
    endloop
  endfacet
  facet normal -1.239498e-14 -6.838501e-16 1.000000e+00
    outer loop
      vertex   8.446084e+02 1.286824e+02 2.198250e+02
      vertex   8.445924e+02 1.289712e+02 2.198250e+02
      vertex   8.421874e+02 1.310012e+02 2.198250e+02
    endloop
  endfacet
  facet normal -1.129191e-14 6.229919e-16 1.000000e+00
    outer loop
      vertex   8.421874e+02 1.310012e+02 2.198250e+02
      vertex   8.445924e+02 1.289712e+02 2.198250e+02
      vertex   8.446084e+02 1.292600e+02 2.198250e+02
    endloop
  endfacet
  facet normal -1.048195e-14 1.749127e-15 1.000000e+00
    outer loop
      vertex   8.421874e+02 1.310012e+02 2.198250e+02
      vertex   8.446084e+02 1.292600e+02 2.198250e+02
      vertex   8.446560e+02 1.295453e+02 2.198250e+02
    endloop
  endfacet
  facet normal -9.867822e-15 2.790354e-15 1.000000e+00
    outer loop
      vertex   8.446560e+02 1.295453e+02 2.198250e+02
      vertex   8.447347e+02 1.298236e+02 2.198250e+02
      vertex   8.421874e+02 1.310012e+02 2.198250e+02
    endloop
  endfacet
  facet normal -9.393881e-15 3.815465e-15 1.000000e+00
    outer loop
      vertex   8.421874e+02 1.310012e+02 2.198250e+02
      vertex   8.447347e+02 1.298236e+02 2.198250e+02
      vertex   8.448435e+02 1.300915e+02 2.198250e+02
    endloop
  endfacet
  facet normal -9.027425e-15 4.885398e-15 1.000000e+00
    outer loop
      vertex   8.421874e+02 1.310012e+02 2.198250e+02
      vertex   8.448435e+02 1.300915e+02 2.198250e+02
      vertex   8.449811e+02 1.303459e+02 2.198250e+02
    endloop
  endfacet
  facet normal 4.139170e-14 9.088592e-14 1.000000e+00
    outer loop
      vertex   8.451459e+02 1.305835e+02 2.198250e+02
      vertex   8.423166e+02 1.318721e+02 2.198250e+02
      vertex   8.449811e+02 1.303459e+02 2.198250e+02
    endloop
  endfacet
  facet normal -9.328292e-15 2.336615e-15 1.000000e+00
    outer loop
      vertex   8.449811e+02 1.303459e+02 2.198250e+02
      vertex   8.423166e+02 1.318721e+02 2.198250e+02
      vertex   8.422451e+02 1.315865e+02 2.198250e+02
    endloop
  endfacet
  facet normal -9.733137e-15 1.443775e-15 1.000000e+00
    outer loop
      vertex   8.449811e+02 1.303459e+02 2.198250e+02
      vertex   8.422451e+02 1.315865e+02 2.198250e+02
      vertex   8.422019e+02 1.312953e+02 2.198250e+02
    endloop
  endfacet
  facet normal -1.331782e-14 1.159850e-14 1.000000e+00
    outer loop
      vertex   8.453359e+02 1.308016e+02 2.198250e+02
      vertex   8.426930e+02 1.326679e+02 2.198250e+02
      vertex   8.451459e+02 1.305835e+02 2.198250e+02
    endloop
  endfacet
  facet normal 1.113818e-13 1.583445e-13 1.000000e+00
    outer loop
      vertex   8.451459e+02 1.305835e+02 2.198250e+02
      vertex   8.426930e+02 1.326679e+02 2.198250e+02
      vertex   8.425417e+02 1.324154e+02 2.198250e+02
    endloop
  endfacet
  facet normal 0.000000e+00 0.000000e+00 1.000000e+00
    outer loop
      vertex   8.451459e+02 1.305835e+02 2.198250e+02
      vertex   8.425417e+02 1.324154e+02 2.198250e+02
      vertex   8.424158e+02 1.321493e+02 2.198250e+02
    endloop
  endfacet
  facet normal -1.187309e-14 1.289761e-14 1.000000e+00
    outer loop
      vertex   8.455486e+02 1.309975e+02 2.198250e+02
      vertex   8.432842e+02 1.333203e+02 2.198250e+02
      vertex   8.453359e+02 1.308016e+02 2.198250e+02
    endloop
  endfacet
  facet normal -1.176760e-14 1.298354e-14 1.000000e+00
    outer loop
      vertex   8.453359e+02 1.308016e+02 2.198250e+02
      vertex   8.432842e+02 1.333203e+02 2.198250e+02
      vertex   8.430661e+02 1.331225e+02 2.198250e+02
    endloop
  endfacet
  facet normal -1.299777e-14 1.178049e-14 1.000000e+00
    outer loop
      vertex   8.453359e+02 1.308016e+02 2.198250e+02
      vertex   8.430661e+02 1.331225e+02 2.198250e+02
      vertex   8.428684e+02 1.329044e+02 2.198250e+02
    endloop
  endfacet
  facet normal -1.105251e-14 1.503748e-14 1.000000e+00
    outer loop
      vertex   8.457817e+02 1.311688e+02 2.198250e+02
      vertex   8.443166e+02 1.338720e+02 2.198250e+02
      vertex   8.455486e+02 1.309975e+02 2.198250e+02
    endloop
  endfacet
  facet normal -6.134703e-15 1.714535e-14 1.000000e+00
    outer loop
      vertex   8.455486e+02 1.309975e+02 2.198250e+02
      vertex   8.443166e+02 1.338720e+02 2.198250e+02
      vertex   8.440394e+02 1.337729e+02 2.198250e+02
    endloop
  endfacet
  facet normal -7.705205e-15 1.629129e-14 1.000000e+00
    outer loop
      vertex   8.455486e+02 1.309975e+02 2.198250e+02
      vertex   8.440394e+02 1.337729e+02 2.198250e+02
      vertex   8.437732e+02 1.336470e+02 2.198250e+02
    endloop
  endfacet
  facet normal 8.746863e-13 7.260803e-13 1.000000e+00
    outer loop
      vertex   8.451459e+02 1.273589e+02 2.198250e+02
      vertex   8.449811e+02 1.275966e+02 2.198250e+02
      vertex   8.421874e+02 1.310012e+02 2.198250e+02
    endloop
  endfacet
  facet normal -2.987948e-14 -1.616996e-14 1.000000e+00
    outer loop
      vertex   8.421874e+02 1.310012e+02 2.198250e+02
      vertex   8.449811e+02 1.275966e+02 2.198250e+02
      vertex   8.448435e+02 1.278509e+02 2.198250e+02
    endloop
  endfacet
  facet normal -2.064742e-14 -8.386257e-15 1.000000e+00
    outer loop
      vertex   8.421874e+02 1.310012e+02 2.198250e+02
      vertex   8.448435e+02 1.278509e+02 2.198250e+02
      vertex   8.447347e+02 1.281189e+02 2.198250e+02
    endloop
  endfacet
  facet normal -1.640803e-14 -4.639749e-15 1.000000e+00
    outer loop
      vertex   8.447347e+02 1.281189e+02 2.198250e+02
      vertex   8.446560e+02 1.283972e+02 2.198250e+02
      vertex   8.421874e+02 1.310012e+02 2.198250e+02
    endloop
  endfacet
  facet normal -1.397333e-14 -2.331736e-15 1.000000e+00
    outer loop
      vertex   8.421874e+02 1.310012e+02 2.198250e+02
      vertex   8.446560e+02 1.283972e+02 2.198250e+02
      vertex   8.446084e+02 1.286824e+02 2.198250e+02
    endloop
  endfacet
  facet normal 1.129191e-14 6.229919e-16 1.000000e+00
    outer loop
      vertex   8.446084e+02 8.154245e+01 2.198250e+02
      vertex   8.445924e+02 8.183122e+01 2.198250e+02
      vertex   8.421874e+02 7.980122e+01 2.198250e+02
    endloop
  endfacet
  facet normal 1.239498e-14 -6.838501e-16 1.000000e+00
    outer loop
      vertex   8.421874e+02 7.980122e+01 2.198250e+02
      vertex   8.445924e+02 8.183122e+01 2.198250e+02
      vertex   8.446084e+02 8.211999e+01 2.198250e+02
    endloop
  endfacet
  facet normal 1.397333e-14 -2.331736e-15 1.000000e+00
    outer loop
      vertex   8.421874e+02 7.980122e+01 2.198250e+02
      vertex   8.446084e+02 8.211999e+01 2.198250e+02
      vertex   8.446560e+02 8.240526e+01 2.198250e+02
    endloop
  endfacet
  facet normal 1.640803e-14 -4.639749e-15 1.000000e+00
    outer loop
      vertex   8.446560e+02 8.240526e+01 2.198250e+02
      vertex   8.447347e+02 8.268356e+01 2.198250e+02
      vertex   8.421874e+02 7.980122e+01 2.198250e+02
    endloop
  endfacet
  facet normal 2.064742e-14 -8.386257e-15 1.000000e+00
    outer loop
      vertex   8.421874e+02 7.980122e+01 2.198250e+02
      vertex   8.447347e+02 8.268356e+01 2.198250e+02
      vertex   8.448435e+02 8.295151e+01 2.198250e+02
    endloop
  endfacet
  facet normal 2.987948e-14 -1.616996e-14 1.000000e+00
    outer loop
      vertex   8.421874e+02 7.980122e+01 2.198250e+02
      vertex   8.448435e+02 8.295151e+01 2.198250e+02
      vertex   8.449811e+02 8.320586e+01 2.198250e+02
    endloop
  endfacet
  facet normal -8.746863e-13 7.260803e-13 1.000000e+00
    outer loop
      vertex   8.449811e+02 8.320586e+01 2.198250e+02
      vertex   8.451459e+02 8.344353e+01 2.198250e+02
      vertex   8.421874e+02 7.980122e+01 2.198250e+02
    endloop
  endfacet
  facet normal -6.482182e-14 9.921719e-14 1.000000e+00
    outer loop
      vertex   8.487720e+02 7.971609e+01 2.198250e+02
      vertex   8.485299e+02 7.955790e+01 2.198250e+02
      vertex   8.451874e+02 7.680122e+01 2.198250e+02
    endloop
  endfacet
  facet normal -2.700586e-14 5.336504e-14 1.000000e+00
    outer loop
      vertex   8.451874e+02 7.680122e+01 2.198250e+02
      vertex   8.485299e+02 7.955790e+01 2.198250e+02
      vertex   8.482719e+02 7.942732e+01 2.198250e+02
    endloop
  endfacet
  facet normal -1.446568e-14 3.863611e-14 1.000000e+00
    outer loop
      vertex   8.451874e+02 7.680122e+01 2.198250e+02
      vertex   8.482719e+02 7.942732e+01 2.198250e+02
      vertex   8.480010e+02 7.932591e+01 2.198250e+02
    endloop
  endfacet
  facet normal -7.943283e-15 3.136732e-14 1.000000e+00
    outer loop
      vertex   8.480010e+02 7.932591e+01 2.198250e+02
      vertex   8.477207e+02 7.925491e+01 2.198250e+02
      vertex   8.451874e+02 7.680122e+01 2.198250e+02
    endloop
  endfacet
  facet normal -3.749198e-15 2.703726e-14 1.000000e+00
    outer loop
      vertex   8.451874e+02 7.680122e+01 2.198250e+02
      vertex   8.477207e+02 7.925491e+01 2.198250e+02
      vertex   8.474342e+02 7.921519e+01 2.198250e+02
    endloop
  endfacet
  facet normal -6.661800e-16 2.416777e-14 1.000000e+00
    outer loop
      vertex   8.451874e+02 7.680122e+01 2.198250e+02
      vertex   8.474342e+02 7.921519e+01 2.198250e+02
      vertex   8.471451e+02 7.920722e+01 2.198250e+02
    endloop
  endfacet
  facet normal 1.834030e-15 2.213344e-14 1.000000e+00
    outer loop
      vertex   8.471451e+02 7.920722e+01 2.198250e+02
      vertex   8.468569e+02 7.923110e+01 2.198250e+02
      vertex   8.451874e+02 7.680122e+01 2.198250e+02
    endloop
  endfacet
  facet normal 4.028855e-15 2.062549e-14 1.000000e+00
    outer loop
      vertex   8.451874e+02 7.680122e+01 2.198250e+02
      vertex   8.468569e+02 7.923110e+01 2.198250e+02
      vertex   8.465730e+02 7.928655e+01 2.198250e+02
    endloop
  endfacet
  facet normal 6.091481e-15 1.947555e-14 1.000000e+00
    outer loop
      vertex   8.451874e+02 7.680122e+01 2.198250e+02
      vertex   8.465730e+02 7.928655e+01 2.198250e+02
      vertex   8.462970e+02 7.937288e+01 2.198250e+02
    endloop
  endfacet
  facet normal 8.152673e-15 1.858622e-14 1.000000e+00
    outer loop
      vertex   8.462970e+02 7.937288e+01 2.198250e+02
      vertex   8.460321e+02 7.948905e+01 2.198250e+02
      vertex   8.451874e+02 7.680122e+01 2.198250e+02
    endloop
  endfacet
  facet normal 1.033481e-14 1.790042e-14 1.000000e+00
    outer loop
      vertex   8.451874e+02 7.680122e+01 2.198250e+02
      vertex   8.460321e+02 7.948905e+01 2.198250e+02
      vertex   8.457817e+02 7.963366e+01 2.198250e+02
    endloop
  endfacet
  facet normal 9.758550e-16 1.986399e-14 1.000000e+00
    outer loop
      vertex   8.451874e+02 7.680122e+01 2.198250e+02
      vertex   8.457817e+02 7.963366e+01 2.198250e+02
      vertex   8.448934e+02 7.681567e+01 2.198250e+02
    endloop
  endfacet
  facet normal 2.858511e-15 1.927052e-14 1.000000e+00
    outer loop
      vertex   8.448934e+02 7.681567e+01 2.198250e+02
      vertex   8.457817e+02 7.963366e+01 2.198250e+02
      vertex   8.446022e+02 7.685887e+01 2.198250e+02
    endloop
  endfacet
  facet normal 4.637580e-15 1.851426e-14 1.000000e+00
    outer loop
      vertex   8.446022e+02 7.685887e+01 2.198250e+02
      vertex   8.457817e+02 7.963366e+01 2.198250e+02
      vertex   8.443166e+02 7.693040e+01 2.198250e+02
    endloop
  endfacet
  facet normal 1.105251e-14 1.503748e-14 1.000000e+00
    outer loop
      vertex   8.443166e+02 7.693040e+01 2.198250e+02
      vertex   8.457817e+02 7.963366e+01 2.198250e+02
      vertex   8.455486e+02 7.980494e+01 2.198250e+02
    endloop
  endfacet
  facet normal 6.134703e-15 1.714535e-14 1.000000e+00
    outer loop
      vertex   8.443166e+02 7.693040e+01 2.198250e+02
      vertex   8.455486e+02 7.980494e+01 2.198250e+02
      vertex   8.440394e+02 7.702958e+01 2.198250e+02
    endloop
  endfacet
  facet normal 7.705205e-15 1.629129e-14 1.000000e+00
    outer loop
      vertex   8.440394e+02 7.702958e+01 2.198250e+02
      vertex   8.455486e+02 7.980494e+01 2.198250e+02
      vertex   8.437732e+02 7.715546e+01 2.198250e+02
    endloop
  endfacet
  facet normal 9.174494e-15 1.530672e-14 1.000000e+00
    outer loop
      vertex   8.437732e+02 7.715546e+01 2.198250e+02
      vertex   8.455486e+02 7.980494e+01 2.198250e+02
      vertex   8.435207e+02 7.730681e+01 2.198250e+02
    endloop
  endfacet
  facet normal 1.053383e-14 1.420323e-14 1.000000e+00
    outer loop
      vertex   8.435207e+02 7.730681e+01 2.198250e+02
      vertex   8.455486e+02 7.980494e+01 2.198250e+02
      vertex   8.432842e+02 7.748219e+01 2.198250e+02
    endloop
  endfacet
  facet normal 1.187309e-14 1.289761e-14 1.000000e+00
    outer loop
      vertex   8.432842e+02 7.748219e+01 2.198250e+02
      vertex   8.455486e+02 7.980494e+01 2.198250e+02
      vertex   8.453359e+02 8.000082e+01 2.198250e+02
    endloop
  endfacet
  facet normal 1.176760e-14 1.298354e-14 1.000000e+00
    outer loop
      vertex   8.432842e+02 7.748219e+01 2.198250e+02
      vertex   8.453359e+02 8.000082e+01 2.198250e+02
      vertex   8.430661e+02 7.767990e+01 2.198250e+02
    endloop
  endfacet
  facet normal 1.299777e-14 1.178049e-14 1.000000e+00
    outer loop
      vertex   8.430661e+02 7.767990e+01 2.198250e+02
      vertex   8.453359e+02 8.000082e+01 2.198250e+02
      vertex   8.428684e+02 7.789804e+01 2.198250e+02
    endloop
  endfacet
  facet normal 1.411557e-14 1.046882e-14 1.000000e+00
    outer loop
      vertex   8.428684e+02 7.789804e+01 2.198250e+02
      vertex   8.453359e+02 8.000082e+01 2.198250e+02
      vertex   8.426930e+02 7.813451e+01 2.198250e+02
    endloop
  endfacet
  facet normal 1.331782e-14 1.159850e-14 1.000000e+00
    outer loop
      vertex   8.426930e+02 7.813451e+01 2.198250e+02
      vertex   8.453359e+02 8.000082e+01 2.198250e+02
      vertex   8.451459e+02 8.021891e+01 2.198250e+02
    endloop
  endfacet
  facet normal -1.113818e-13 1.583445e-13 1.000000e+00
    outer loop
      vertex   8.426930e+02 7.813451e+01 2.198250e+02
      vertex   8.451459e+02 8.021891e+01 2.198250e+02
      vertex   8.425417e+02 7.838703e+01 2.198250e+02
    endloop
  endfacet
  facet normal 0.000000e+00 -0.000000e+00 1.000000e+00
    outer loop
      vertex   8.425417e+02 7.838703e+01 2.198250e+02
      vertex   8.451459e+02 8.021891e+01 2.198250e+02
      vertex   8.424158e+02 7.865317e+01 2.198250e+02
    endloop
  endfacet
  facet normal 0.000000e+00 -0.000000e+00 1.000000e+00
    outer loop
      vertex   8.424158e+02 7.865317e+01 2.198250e+02
      vertex   8.451459e+02 8.021891e+01 2.198250e+02
      vertex   8.423166e+02 7.893037e+01 2.198250e+02
    endloop
  endfacet
  facet normal -4.139170e-14 9.088592e-14 1.000000e+00
    outer loop
      vertex   8.423166e+02 7.893037e+01 2.198250e+02
      vertex   8.451459e+02 8.021891e+01 2.198250e+02
      vertex   8.449811e+02 8.045658e+01 2.198250e+02
    endloop
  endfacet
  facet normal 9.328292e-15 2.336615e-15 1.000000e+00
    outer loop
      vertex   8.423166e+02 7.893037e+01 2.198250e+02
      vertex   8.449811e+02 8.045658e+01 2.198250e+02
      vertex   8.422451e+02 7.921595e+01 2.198250e+02
    endloop
  endfacet
  facet normal 9.733137e-15 1.443775e-15 1.000000e+00
    outer loop
      vertex   8.422451e+02 7.921595e+01 2.198250e+02
      vertex   8.449811e+02 8.045658e+01 2.198250e+02
      vertex   8.422019e+02 7.950717e+01 2.198250e+02
    endloop
  endfacet
  facet normal 1.005755e-14 4.940959e-16 1.000000e+00
    outer loop
      vertex   8.422019e+02 7.950717e+01 2.198250e+02
      vertex   8.449811e+02 8.045658e+01 2.198250e+02
      vertex   8.421874e+02 7.980122e+01 2.198250e+02
    endloop
  endfacet
  facet normal 9.027425e-15 4.885398e-15 1.000000e+00
    outer loop
      vertex   8.421874e+02 7.980122e+01 2.198250e+02
      vertex   8.449811e+02 8.045658e+01 2.198250e+02
      vertex   8.448435e+02 8.071093e+01 2.198250e+02
    endloop
  endfacet
  facet normal 9.393881e-15 3.815465e-15 1.000000e+00
    outer loop
      vertex   8.421874e+02 7.980122e+01 2.198250e+02
      vertex   8.448435e+02 8.071093e+01 2.198250e+02
      vertex   8.447347e+02 8.097889e+01 2.198250e+02
    endloop
  endfacet
  facet normal 9.867822e-15 2.790354e-15 1.000000e+00
    outer loop
      vertex   8.447347e+02 8.097889e+01 2.198250e+02
      vertex   8.446560e+02 8.125718e+01 2.198250e+02
      vertex   8.421874e+02 7.980122e+01 2.198250e+02
    endloop
  endfacet
  facet normal 1.048195e-14 1.749127e-15 1.000000e+00
    outer loop
      vertex   8.421874e+02 7.980122e+01 2.198250e+02
      vertex   8.446560e+02 8.125718e+01 2.198250e+02
      vertex   8.446084e+02 8.154245e+01 2.198250e+02
    endloop
  endfacet
  facet normal -1.761815e-14 1.019922e-13 1.000000e+00
    outer loop
      vertex   8.990332e+02 1.324154e+02 2.198250e+02
      vertex   8.988818e+02 1.326679e+02 2.198250e+02
      vertex   8.942851e+02 1.315952e+02 2.198250e+02
    endloop
  endfacet
  facet normal 5.270783e-15 3.909079e-15 1.000000e+00
    outer loop
      vertex   8.942851e+02 1.315952e+02 2.198250e+02
      vertex   8.988818e+02 1.326679e+02 2.198250e+02
      vertex   8.987065e+02 1.329044e+02 2.198250e+02
    endloop
  endfacet
  facet normal 5.068128e-15 4.593484e-15 1.000000e+00
    outer loop
      vertex   8.942851e+02 1.315952e+02 2.198250e+02
      vertex   8.987065e+02 1.329044e+02 2.198250e+02
      vertex   8.985087e+02 1.331225e+02 2.198250e+02
    endloop
  endfacet
  facet normal 4.810077e-15 5.307102e-15 1.000000e+00
    outer loop
      vertex   8.985087e+02 1.331225e+02 2.198250e+02
      vertex   8.982906e+02 1.333203e+02 2.198250e+02
      vertex   8.942851e+02 1.315952e+02 2.198250e+02
    endloop
  endfacet
  facet normal 4.488980e-15 6.052688e-15 1.000000e+00
    outer loop
      vertex   8.942851e+02 1.315952e+02 2.198250e+02
      vertex   8.982906e+02 1.333203e+02 2.198250e+02
      vertex   8.980541e+02 1.334956e+02 2.198250e+02
    endloop
  endfacet
  facet normal 4.095538e-15 6.832993e-15 1.000000e+00
    outer loop
      vertex   8.942851e+02 1.315952e+02 2.198250e+02
      vertex   8.980541e+02 1.334956e+02 2.198250e+02
      vertex   8.978016e+02 1.336470e+02 2.198250e+02
    endloop
  endfacet
  facet normal 3.618478e-15 7.650629e-15 1.000000e+00
    outer loop
      vertex   8.978016e+02 1.336470e+02 2.198250e+02
      vertex   8.975355e+02 1.337729e+02 2.198250e+02
      vertex   8.942851e+02 1.315952e+02 2.198250e+02
    endloop
  endfacet
  facet normal 3.044162e-15 8.507864e-15 1.000000e+00
    outer loop
      vertex   8.942851e+02 1.315952e+02 2.198250e+02
      vertex   8.975355e+02 1.337729e+02 2.198250e+02
      vertex   8.972583e+02 1.338720e+02 2.198250e+02
    endloop
  endfacet
  facet normal 2.356155e-15 9.406298e-15 1.000000e+00
    outer loop
      vertex   8.942851e+02 1.315952e+02 2.198250e+02
      vertex   8.972583e+02 1.338720e+02 2.198250e+02
      vertex   8.969727e+02 1.339436e+02 2.198250e+02
    endloop
  endfacet
  facet normal 1.534740e-15 1.034638e-14 1.000000e+00
    outer loop
      vertex   8.969727e+02 1.339436e+02 2.198250e+02
      vertex   8.966815e+02 1.339868e+02 2.198250e+02
      vertex   8.942851e+02 1.315952e+02 2.198250e+02
    endloop
  endfacet
  facet normal 5.564426e-16 1.132665e-14 1.000000e+00
    outer loop
      vertex   8.942851e+02 1.315952e+02 2.198250e+02
      vertex   8.966815e+02 1.339868e+02 2.198250e+02
      vertex   8.963874e+02 1.340012e+02 2.198250e+02
    endloop
  endfacet
  facet normal -1.110223e-15 1.278296e-14 1.000000e+00
    outer loop
      vertex   8.942851e+02 1.315952e+02 2.198250e+02
      vertex   8.963874e+02 1.340012e+02 2.198250e+02
      vertex   8.451874e+02 1.340012e+02 2.198250e+02
    endloop
  endfacet
  facet normal -4.637580e-15 1.851426e-14 1.000000e+00
    outer loop
      vertex   8.446022e+02 1.339436e+02 2.198250e+02
      vertex   8.443166e+02 1.338720e+02 2.198250e+02
      vertex   8.457817e+02 1.311688e+02 2.198250e+02
    endloop
  endfacet
  facet normal -9.174494e-15 1.530672e-14 1.000000e+00
    outer loop
      vertex   8.437732e+02 1.336470e+02 2.198250e+02
      vertex   8.435207e+02 1.334956e+02 2.198250e+02
      vertex   8.455486e+02 1.309975e+02 2.198250e+02
    endloop
  endfacet
  facet normal -1.053383e-14 1.420323e-14 1.000000e+00
    outer loop
      vertex   8.455486e+02 1.309975e+02 2.198250e+02
      vertex   8.435207e+02 1.334956e+02 2.198250e+02
      vertex   8.432842e+02 1.333203e+02 2.198250e+02
    endloop
  endfacet
  facet normal -1.411557e-14 1.046882e-14 1.000000e+00
    outer loop
      vertex   8.428684e+02 1.329044e+02 2.198250e+02
      vertex   8.426930e+02 1.326679e+02 2.198250e+02
      vertex   8.453359e+02 1.308016e+02 2.198250e+02
    endloop
  endfacet
  facet normal 0.000000e+00 0.000000e+00 1.000000e+00
    outer loop
      vertex   8.424158e+02 1.321493e+02 2.198250e+02
      vertex   8.423166e+02 1.318721e+02 2.198250e+02
      vertex   8.451459e+02 1.305835e+02 2.198250e+02
    endloop
  endfacet
  facet normal -1.005755e-14 4.940959e-16 1.000000e+00
    outer loop
      vertex   8.422019e+02 1.312953e+02 2.198250e+02
      vertex   8.421874e+02 1.310012e+02 2.198250e+02
      vertex   8.449811e+02 1.303459e+02 2.198250e+02
    endloop
  endfacet
endsolid
