solid ASCII
  facet normal 4.618346e-02 -8.203830e-17 9.989330e-01
    outer loop
      vertex   3.089677e+01 8.537426e+01 2.652657e+02
      vertex   3.089677e+01 8.137426e+01 2.652657e+02
      vertex   3.135811e+01 8.537426e+01 2.652444e+02
    endloop
  endfacet
  facet normal 4.618346e-02 -1.230575e-16 9.989330e-01
    outer loop
      vertex   3.135811e+01 8.537426e+01 2.652444e+02
      vertex   3.089677e+01 8.137426e+01 2.652657e+02
      vertex   3.135811e+01 8.137426e+01 2.652444e+02
    endloop
  endfacet
  facet normal 1.381564e-01 -3.681225e-16 9.904104e-01
    outer loop
      vertex   3.135811e+01 8.537426e+01 2.652444e+02
      vertex   3.135811e+01 8.137426e+01 2.652444e+02
      vertex   3.181552e+01 8.537426e+01 2.651806e+02
    endloop
  endfacet
  facet normal 1.381564e-01 -3.681225e-16 9.904104e-01
    outer loop
      vertex   3.181552e+01 8.537426e+01 2.651806e+02
      vertex   3.135811e+01 8.137426e+01 2.652444e+02
      vertex   3.181552e+01 8.137426e+01 2.651806e+02
    endloop
  endfacet
  facet normal 2.289505e-01 -6.100468e-16 9.734381e-01
    outer loop
      vertex   3.181552e+01 8.537426e+01 2.651806e+02
      vertex   3.181552e+01 8.137426e+01 2.651806e+02
      vertex   3.226508e+01 8.537426e+01 2.650749e+02
    endloop
  endfacet
  facet normal 2.289505e-01 -8.133958e-16 9.734381e-01
    outer loop
      vertex   3.226508e+01 8.537426e+01 2.650749e+02
      vertex   3.181552e+01 8.137426e+01 2.651806e+02
      vertex   3.226508e+01 8.137426e+01 2.650749e+02
    endloop
  endfacet
  facet normal 3.177914e-01 -1.129022e-15 9.481606e-01
    outer loop
      vertex   3.226508e+01 8.537426e+01 2.650749e+02
      vertex   3.226508e+01 8.137426e+01 2.650749e+02
      vertex   3.270298e+01 8.537426e+01 2.649281e+02
    endloop
  endfacet
  facet normal 3.177914e-01 -5.645110e-16 9.481606e-01
    outer loop
      vertex   3.270298e+01 8.537426e+01 2.649281e+02
      vertex   3.226508e+01 8.137426e+01 2.650749e+02
      vertex   3.270298e+01 8.137426e+01 2.649281e+02
    endloop
  endfacet
  facet normal 4.039210e-01 -7.175078e-16 9.147939e-01
    outer loop
      vertex   3.270298e+01 8.537426e+01 2.649281e+02
      vertex   3.270298e+01 8.137426e+01 2.649281e+02
      vertex   3.312546e+01 8.537426e+01 2.647416e+02
    endloop
  endfacet
  facet normal 4.039210e-01 -1.435016e-15 9.147939e-01
    outer loop
      vertex   3.312546e+01 8.537426e+01 2.647416e+02
      vertex   3.270298e+01 8.137426e+01 2.649281e+02
      vertex   3.312546e+01 8.137426e+01 2.647416e+02
    endloop
  endfacet
  facet normal 4.866045e-01 -1.728766e-15 8.736224e-01
    outer loop
      vertex   3.312546e+01 8.537426e+01 2.647416e+02
      vertex   3.312546e+01 8.137426e+01 2.647416e+02
      vertex   3.352893e+01 8.537426e+01 2.645168e+02
    endloop
  endfacet
  facet normal 4.866045e-01 -8.643832e-16 8.736224e-01
    outer loop
      vertex   3.352893e+01 8.537426e+01 2.645168e+02
      vertex   3.312546e+01 8.137426e+01 2.647416e+02
      vertex   3.352893e+01 8.137426e+01 2.645168e+02
    endloop
  endfacet
  facet normal 5.651364e-01 -1.003884e-15 8.249975e-01
    outer loop
      vertex   3.352893e+01 8.537426e+01 2.645168e+02
      vertex   3.352893e+01 8.137426e+01 2.645168e+02
      vertex   3.390994e+01 8.537426e+01 2.642558e+02
    endloop
  endfacet
  facet normal 5.651364e-01 -1.003884e-15 8.249975e-01
    outer loop
      vertex   3.390994e+01 8.537426e+01 2.642558e+02
      vertex   3.352893e+01 8.137426e+01 2.645168e+02
      vertex   3.390994e+01 8.137426e+01 2.642558e+02
    endloop
  endfacet
  facet normal 6.388468e-01 -1.134820e-15 7.693340e-01
    outer loop
      vertex   3.390994e+01 8.537426e+01 2.642558e+02
      vertex   3.390994e+01 8.137426e+01 2.642558e+02
      vertex   3.426525e+01 8.537426e+01 2.639608e+02
    endloop
  endfacet
  facet normal 6.388468e-01 -1.134820e-15 7.693340e-01
    outer loop
      vertex   3.426525e+01 8.537426e+01 2.639608e+02
      vertex   3.390994e+01 8.137426e+01 2.642558e+02
      vertex   3.426525e+01 8.137426e+01 2.639608e+02
    endloop
  endfacet
  facet normal 7.071068e-01 -1.256074e-15 7.071068e-01
    outer loop
      vertex   3.426525e+01 8.537426e+01 2.639608e+02
      vertex   3.426525e+01 8.137426e+01 2.639608e+02
      vertex   3.459181e+01 8.537426e+01 2.636342e+02
    endloop
  endfacet
  facet normal 7.071068e-01 -2.512148e-15 7.071068e-01
    outer loop
      vertex   3.459181e+01 8.537426e+01 2.636342e+02
      vertex   3.426525e+01 8.137426e+01 2.639608e+02
      vertex   3.459181e+01 8.137426e+01 2.636342e+02
    endloop
  endfacet
  facet normal 7.693340e-01 -2.733223e-15 6.388468e-01
    outer loop
      vertex   3.459181e+01 8.537426e+01 2.636342e+02
      vertex   3.459181e+01 8.137426e+01 2.636342e+02
      vertex   3.488685e+01 8.537426e+01 2.632789e+02
    endloop
  endfacet
  facet normal 7.693340e-01 -1.366612e-15 6.388468e-01
    outer loop
      vertex   3.488685e+01 8.537426e+01 2.632789e+02
      vertex   3.459181e+01 8.137426e+01 2.636342e+02
      vertex   3.488685e+01 8.137426e+01 2.632789e+02
    endloop
  endfacet
  facet normal 8.249975e-01 -1.465490e-15 5.651364e-01
    outer loop
      vertex   3.488685e+01 8.537426e+01 2.632789e+02
      vertex   3.488685e+01 8.137426e+01 2.632789e+02
      vertex   3.514785e+01 8.537426e+01 2.628979e+02
    endloop
  endfacet
  facet normal 8.249975e-01 -1.465490e-15 5.651364e-01
    outer loop
      vertex   3.514785e+01 8.537426e+01 2.628979e+02
      vertex   3.488685e+01 8.137426e+01 2.632789e+02
      vertex   3.514785e+01 8.137426e+01 2.628979e+02
    endloop
  endfacet
  facet normal 8.736224e-01 -1.551865e-15 4.866045e-01
    outer loop
      vertex   3.514785e+01 8.537426e+01 2.628979e+02
      vertex   3.514785e+01 8.137426e+01 2.628979e+02
      vertex   3.537258e+01 8.537426e+01 2.624944e+02
    endloop
  endfacet
  facet normal 8.736224e-01 -1.551865e-15 4.866045e-01
    outer loop
      vertex   3.537258e+01 8.537426e+01 2.624944e+02
      vertex   3.514785e+01 8.137426e+01 2.628979e+02
      vertex   3.537258e+01 8.137426e+01 2.624944e+02
    endloop
  endfacet
  facet normal 9.147939e-01 -1.625000e-15 4.039210e-01
    outer loop
      vertex   3.537258e+01 8.537426e+01 2.624944e+02
      vertex   3.537258e+01 8.137426e+01 2.624944e+02
      vertex   3.555913e+01 8.537426e+01 2.620719e+02
    endloop
  endfacet
  facet normal 9.147939e-01 -1.625000e-15 4.039210e-01
    outer loop
      vertex   3.555913e+01 8.537426e+01 2.620719e+02
      vertex   3.537258e+01 8.137426e+01 2.624944e+02
      vertex   3.555913e+01 8.137426e+01 2.620719e+02
    endloop
  endfacet
  facet normal 9.481606e-01 -1.684272e-15 3.177914e-01
    outer loop
      vertex   3.555913e+01 8.537426e+01 2.620719e+02
      vertex   3.555913e+01 8.137426e+01 2.620719e+02
      vertex   3.570590e+01 8.537426e+01 2.616340e+02
    endloop
  endfacet
  facet normal 9.481606e-01 -1.684272e-15 3.177914e-01
    outer loop
      vertex   3.570590e+01 8.537426e+01 2.616340e+02
      vertex   3.555913e+01 8.137426e+01 2.620719e+02
      vertex   3.570590e+01 8.137426e+01 2.616340e+02
    endloop
  endfacet
  facet normal 9.734381e-01 -1.729173e-15 2.289505e-01
    outer loop
      vertex   3.570590e+01 8.537426e+01 2.616340e+02
      vertex   3.570590e+01 8.137426e+01 2.616340e+02
      vertex   3.581163e+01 8.537426e+01 2.611845e+02
    endloop
  endfacet
  facet normal 9.734381e-01 -1.729173e-15 2.289505e-01
    outer loop
      vertex   3.581163e+01 8.537426e+01 2.611845e+02
      vertex   3.570590e+01 8.137426e+01 2.616340e+02
      vertex   3.581163e+01 8.137426e+01 2.611845e+02
    endloop
  endfacet
  facet normal 9.904104e-01 -1.759322e-15 1.381564e-01
    outer loop
      vertex   3.581163e+01 8.537426e+01 2.611845e+02
      vertex   3.581163e+01 8.137426e+01 2.611845e+02
      vertex   3.587544e+01 8.537426e+01 2.607271e+02
    endloop
  endfacet
  facet normal 9.904104e-01 -1.759322e-15 1.381564e-01
    outer loop
      vertex   3.587544e+01 8.537426e+01 2.607271e+02
      vertex   3.581163e+01 8.137426e+01 2.611845e+02
      vertex   3.587544e+01 8.137426e+01 2.607271e+02
    endloop
  endfacet
  facet normal 9.989330e-01 -1.774461e-15 4.618346e-02
    outer loop
      vertex   3.587544e+01 8.537426e+01 2.607271e+02
      vertex   3.587544e+01 8.137426e+01 2.607271e+02
      vertex   3.589677e+01 8.537426e+01 2.602657e+02
    endloop
  endfacet
  facet normal 9.989330e-01 0.000000e+00 4.618346e-02
    outer loop
      vertex   3.589677e+01 8.537426e+01 2.602657e+02
      vertex   3.587544e+01 8.137426e+01 2.607271e+02
      vertex   3.589677e+01 8.137426e+01 2.602657e+02
    endloop
  endfacet
  facet normal 1.000000e+00 -0.000000e+00 0.000000e+00
    outer loop
      vertex   3.589677e+01 8.137426e+01 2.602657e+02
      vertex   3.589677e+01 8.137426e+01 2.522657e+02
      vertex   3.589677e+01 8.537426e+01 2.602657e+02
    endloop
  endfacet
  facet normal 1.000000e+00 4.470744e-14 -2.235372e-14
    outer loop
      vertex   3.589677e+01 8.537426e+01 2.602657e+02
      vertex   3.589677e+01 8.137426e+01 2.522657e+02
      vertex   3.589677e+01 8.135239e+01 2.519041e+02
    endloop
  endfacet
  facet normal 1.000000e+00 -1.766696e-15 0.000000e+00
    outer loop
      vertex   3.589677e+01 8.537426e+01 2.602657e+02
      vertex   3.589677e+01 8.135239e+01 2.519041e+02
      vertex   3.589677e+01 8.537426e+01 2.306067e+02
    endloop
  endfacet
  facet normal 1.000000e+00 -5.448483e-14 -9.955476e-15
    outer loop
      vertex   3.589677e+01 8.537426e+01 2.306067e+02
      vertex   3.589677e+01 8.135239e+01 2.519041e+02
      vertex   3.589677e+01 8.128709e+01 2.515478e+02
    endloop
  endfacet
  facet normal 1.000000e+00 -1.339046e-15 4.172636e-16
    outer loop
      vertex   3.589677e+01 8.537426e+01 2.306067e+02
      vertex   3.589677e+01 8.128709e+01 2.515478e+02
      vertex   3.589677e+01 8.117931e+01 2.512019e+02
    endloop
  endfacet
  facet normal 1.000000e+00 -1.055463e-15 4.750255e-16
    outer loop
      vertex   3.589677e+01 8.117931e+01 2.512019e+02
      vertex   3.589677e+01 8.103063e+01 2.508716e+02
      vertex   3.589677e+01 8.537426e+01 2.306067e+02
    endloop
  endfacet
  facet normal 1.000000e+00 -8.563774e-16 5.176982e-16
    outer loop
      vertex   3.589677e+01 8.537426e+01 2.306067e+02
      vertex   3.589677e+01 8.103063e+01 2.508716e+02
      vertex   3.589677e+01 8.084321e+01 2.505615e+02
    endloop
  endfacet
  facet normal 1.000000e+00 -2.030122e-15 2.511813e-16
    outer loop
      vertex   3.589677e+01 8.537426e+01 2.306067e+02
      vertex   3.589677e+01 8.084321e+01 2.505615e+02
      vertex   3.589677e+01 7.837426e+01 2.306067e+02
    endloop
  endfacet
  facet normal 1.000000e+00 0.000000e+00 0.000000e+00
    outer loop
      vertex   3.589677e+01 7.837426e+01 2.306067e+02
      vertex   3.589677e+01 8.084321e+01 2.505615e+02
      vertex   3.589677e+01 8.061979e+01 2.502764e+02
    endloop
  endfacet
  facet normal 1.000000e+00 0.000000e+00 0.000000e+00
    outer loop
      vertex   3.589677e+01 7.837426e+01 2.306067e+02
      vertex   3.589677e+01 8.061979e+01 2.502764e+02
      vertex   3.589677e+01 8.036363e+01 2.500202e+02
    endloop
  endfacet
  facet normal 1.000000e+00 0.000000e+00 0.000000e+00
    outer loop
      vertex   3.589677e+01 8.036363e+01 2.500202e+02
      vertex   3.589677e+01 8.007846e+01 2.497968e+02
      vertex   3.589677e+01 7.837426e+01 2.306067e+02
    endloop
  endfacet
  facet normal 1.000000e+00 0.000000e+00 0.000000e+00
    outer loop
      vertex   3.589677e+01 7.837426e+01 2.306067e+02
      vertex   3.589677e+01 8.007846e+01 2.497968e+02
      vertex   3.589677e+01 7.976843e+01 2.496094e+02
    endloop
  endfacet
  facet normal 1.000000e+00 0.000000e+00 0.000000e+00
    outer loop
      vertex   3.589677e+01 7.837426e+01 2.306067e+02
      vertex   3.589677e+01 7.976843e+01 2.496094e+02
      vertex   3.589677e+01 7.943808e+01 2.494607e+02
    endloop
  endfacet
  facet normal 1.000000e+00 0.000000e+00 0.000000e+00
    outer loop
      vertex   3.589677e+01 7.943808e+01 2.494607e+02
      vertex   3.589677e+01 7.909221e+01 2.493529e+02
      vertex   3.589677e+01 7.837426e+01 2.306067e+02
    endloop
  endfacet
  facet normal 1.000000e+00 0.000000e+00 0.000000e+00
    outer loop
      vertex   3.589677e+01 7.837426e+01 2.306067e+02
      vertex   3.589677e+01 7.909221e+01 2.493529e+02
      vertex   3.589677e+01 7.873587e+01 2.492876e+02
    endloop
  endfacet
  facet normal 1.000000e+00 0.000000e+00 0.000000e+00
    outer loop
      vertex   3.589677e+01 7.837426e+01 2.306067e+02
      vertex   3.589677e+01 7.873587e+01 2.492876e+02
      vertex   3.589677e+01 7.837426e+01 2.492657e+02
    endloop
  endfacet
  facet normal -2.293984e-14 -1.000000e+00 4.017635e-14
    outer loop
      vertex   -4.329947e+00 8.137426e+01 2.569253e+02
      vertex   -4.353232e+00 8.137426e+01 2.572657e+02
      vertex   -1.960323e+01 8.137426e+01 2.492657e+02
    endloop
  endfacet
  facet normal 2.078124e-14 -1.000000e+00 -4.316695e-14
    outer loop
      vertex   -1.960323e+01 8.137426e+01 2.492657e+02
      vertex   -4.353232e+00 8.137426e+01 2.572657e+02
      vertex   -4.329947e+00 8.137426e+01 2.576062e+02
    endloop
  endfacet
  facet normal -3.148609e-15 -1.000000e+00 6.542885e-16
    outer loop
      vertex   -1.960323e+01 8.137426e+01 2.492657e+02
      vertex   -4.329947e+00 8.137426e+01 2.576062e+02
      vertex   -4.260526e+00 8.137426e+01 2.579402e+02
    endloop
  endfacet
  facet normal -3.477430e-15 -1.000000e+00 1.235879e-15
    outer loop
      vertex   -4.260526e+00 8.137426e+01 2.579402e+02
      vertex   -4.146261e+00 8.137426e+01 2.582617e+02
      vertex   -1.960323e+01 8.137426e+01 2.492657e+02
    endloop
  endfacet
  facet normal -3.949062e-15 -1.000000e+00 2.046239e-15
    outer loop
      vertex   -1.960323e+01 8.137426e+01 2.492657e+02
      vertex   -4.146261e+00 8.137426e+01 2.582617e+02
      vertex   -3.989281e+00 8.137426e+01 2.585647e+02
    endloop
  endfacet
  facet normal -2.431017e-15 -1.000000e+00 -5.027214e-16
    outer loop
      vertex   -1.960323e+01 8.137426e+01 2.492657e+02
      vertex   -3.989281e+00 8.137426e+01 2.585647e+02
      vertex   -3.460323e+01 8.137426e+01 2.652657e+02
    endloop
  endfacet
  facet normal -2.010360e-15 -1.000000e+00 1.419067e-15
    outer loop
      vertex   -3.460323e+01 8.137426e+01 2.652657e+02
      vertex   -3.989281e+00 8.137426e+01 2.585647e+02
      vertex   -3.792511e+00 8.137426e+01 2.588435e+02
    endloop
  endfacet
  facet normal -1.930366e-15 -1.000000e+00 1.802836e-15
    outer loop
      vertex   -3.460323e+01 8.137426e+01 2.652657e+02
      vertex   -3.792511e+00 8.137426e+01 2.588435e+02
      vertex   -3.559615e+00 8.137426e+01 2.590928e+02
    endloop
  endfacet
  facet normal -1.839300e-15 -1.000000e+00 2.260804e-15
    outer loop
      vertex   -3.559615e+00 8.137426e+01 2.590928e+02
      vertex   -3.294933e+00 8.137426e+01 2.593082e+02
      vertex   -3.460323e+01 8.137426e+01 2.652657e+02
    endloop
  endfacet
  facet normal -1.728599e-15 -1.000000e+00 2.842561e-15
    outer loop
      vertex   -3.460323e+01 8.137426e+01 2.652657e+02
      vertex   -3.294933e+00 8.137426e+01 2.593082e+02
      vertex   -3.003395e+00 8.137426e+01 2.594854e+02
    endloop
  endfacet
  facet normal -1.582240e-15 -1.000000e+00 3.642682e-15
    outer loop
      vertex   -3.460323e+01 8.137426e+01 2.652657e+02
      vertex   -3.003395e+00 8.137426e+01 2.594854e+02
      vertex   -2.690431e+00 8.137426e+01 2.596214e+02
    endloop
  endfacet
  facet normal -1.364913e-15 -1.000000e+00 4.871437e-15
    outer loop
      vertex   -2.690431e+00 8.137426e+01 2.596214e+02
      vertex   -2.361872e+00 8.137426e+01 2.597134e+02
      vertex   -3.460323e+01 8.137426e+01 2.652657e+02
    endloop
  endfacet
  facet normal -9.782069e-16 -1.000000e+00 7.116983e-15
    outer loop
      vertex   -3.460323e+01 8.137426e+01 2.652657e+02
      vertex   -2.361872e+00 8.137426e+01 2.597134e+02
      vertex   -2.023838e+00 8.137426e+01 2.597599e+02
    endloop
  endfacet
  facet normal 0.000000e+00 -1.000000e+00 1.290528e-14
    outer loop
      vertex   -3.460323e+01 8.137426e+01 2.652657e+02
      vertex   -2.023838e+00 8.137426e+01 2.597599e+02
      vertex   -1.682626e+00 8.137426e+01 2.597599e+02
    endloop
  endfacet
  facet normal -1.952637e-15 -1.000000e+00 1.230023e-15
    outer loop
      vertex   -3.460323e+01 8.137426e+01 2.652657e+02
      vertex   -1.682626e+00 8.137426e+01 2.597599e+02
      vertex   3.089677e+01 8.137426e+01 2.652657e+02
    endloop
  endfacet
  facet normal -7.825655e-16 -1.000000e+00 -5.693587e-15
    outer loop
      vertex   3.089677e+01 8.137426e+01 2.652657e+02
      vertex   -1.682626e+00 8.137426e+01 2.597599e+02
      vertex   -1.344592e+00 8.137426e+01 2.597134e+02
    endloop
  endfacet
  facet normal -1.091930e-15 -1.000000e+00 -3.897150e-15
    outer loop
      vertex   3.089677e+01 8.137426e+01 2.652657e+02
      vertex   -1.344592e+00 8.137426e+01 2.597134e+02
      vertex   -1.016033e+00 8.137426e+01 2.596214e+02
    endloop
  endfacet
  facet normal -1.265792e-15 -1.000000e+00 -2.914145e-15
    outer loop
      vertex   -1.016033e+00 8.137426e+01 2.596214e+02
      vertex   -7.030698e-01 8.137426e+01 2.594854e+02
      vertex   3.089677e+01 8.137426e+01 2.652657e+02
    endloop
  endfacet
  facet normal -1.382879e-15 -1.000000e+00 -2.274048e-15
    outer loop
      vertex   3.089677e+01 8.137426e+01 2.652657e+02
      vertex   -7.030698e-01 8.137426e+01 2.594854e+02
      vertex   -4.115316e-01 8.137426e+01 2.593082e+02
    endloop
  endfacet
  facet normal -1.471440e-15 -1.000000e+00 -1.808643e-15
    outer loop
      vertex   3.089677e+01 8.137426e+01 2.652657e+02
      vertex   -4.115316e-01 8.137426e+01 2.593082e+02
      vertex   -1.468496e-01 8.137426e+01 2.590928e+02
    endloop
  endfacet
  facet normal -1.544292e-15 -1.000000e+00 -1.442269e-15
    outer loop
      vertex   -1.468496e-01 8.137426e+01 2.590928e+02
      vertex   8.604580e-02 8.137426e+01 2.588435e+02
      vertex   3.089677e+01 8.137426e+01 2.652657e+02
    endloop
  endfacet
  facet normal -1.608288e-15 -1.000000e+00 -1.135253e-15
    outer loop
      vertex   3.089677e+01 8.137426e+01 2.652657e+02
      vertex   8.604580e-02 8.137426e+01 2.588435e+02
      vertex   2.828161e-01 8.137426e+01 2.585647e+02
    endloop
  endfacet
  facet normal -2.091578e-15 -1.000000e+00 1.072676e-15
    outer loop
      vertex   3.089677e+01 8.137426e+01 2.652657e+02
      vertex   2.828161e-01 8.137426e+01 2.585647e+02
      vertex   1.589677e+01 8.137426e+01 2.492657e+02
    endloop
  endfacet
  facet normal -3.949062e-15 -1.000000e+00 -2.046239e-15
    outer loop
      vertex   1.589677e+01 8.137426e+01 2.492657e+02
      vertex   2.828161e-01 8.137426e+01 2.585647e+02
      vertex   4.397958e-01 8.137426e+01 2.582617e+02
    endloop
  endfacet
  facet normal -3.477430e-15 -1.000000e+00 -1.235879e-15
    outer loop
      vertex   1.589677e+01 8.137426e+01 2.492657e+02
      vertex   4.397958e-01 8.137426e+01 2.582617e+02
      vertex   5.540608e-01 8.137426e+01 2.579402e+02
    endloop
  endfacet
  facet normal -3.148609e-15 -1.000000e+00 -6.542885e-16
    outer loop
      vertex   5.540608e-01 8.137426e+01 2.579402e+02
      vertex   6.234824e-01 8.137426e+01 2.576062e+02
      vertex   1.589677e+01 8.137426e+01 2.492657e+02
    endloop
  endfacet
  facet normal -2.899625e-15 -1.000000e+00 -1.983398e-16
    outer loop
      vertex   1.589677e+01 8.137426e+01 2.492657e+02
      vertex   6.234824e-01 8.137426e+01 2.576062e+02
      vertex   6.467676e-01 8.137426e+01 2.572657e+02
    endloop
  endfacet
  facet normal -2.698739e-15 -1.000000e+00 1.845988e-16
    outer loop
      vertex   1.589677e+01 8.137426e+01 2.492657e+02
      vertex   6.467676e-01 8.137426e+01 2.572657e+02
      vertex   6.234824e-01 8.137426e+01 2.569253e+02
    endloop
  endfacet
  facet normal -2.527877e-15 -1.000000e+00 5.252990e-16
    outer loop
      vertex   6.234824e-01 8.137426e+01 2.569253e+02
      vertex   5.540608e-01 8.137426e+01 2.565912e+02
      vertex   1.589677e+01 8.137426e+01 2.492657e+02
    endloop
  endfacet
  facet normal -2.375577e-15 -1.000000e+00 8.442803e-16
    outer loop
      vertex   1.589677e+01 8.137426e+01 2.492657e+02
      vertex   5.540608e-01 8.137426e+01 2.565912e+02
      vertex   4.397958e-01 8.137426e+01 2.562697e+02
    endloop
  endfacet
  facet normal -2.233691e-15 -1.000000e+00 1.157405e-15
    outer loop
      vertex   1.589677e+01 8.137426e+01 2.492657e+02
      vertex   4.397958e-01 8.137426e+01 2.562697e+02
      vertex   2.828161e-01 8.137426e+01 2.559668e+02
    endloop
  endfacet
  facet normal -2.095578e-15 -1.000000e+00 1.479220e-15
    outer loop
      vertex   2.828161e-01 8.137426e+01 2.559668e+02
      vertex   8.604580e-02 8.137426e+01 2.556880e+02
      vertex   1.589677e+01 8.137426e+01 2.492657e+02
    endloop
  endfacet
  facet normal -1.954841e-15 -1.000000e+00 1.825694e-15
    outer loop
      vertex   1.589677e+01 8.137426e+01 2.492657e+02
      vertex   8.604580e-02 8.137426e+01 2.556880e+02
      vertex   -1.468496e-01 8.137426e+01 2.554386e+02
    endloop
  endfacet
  facet normal -1.804084e-15 -1.000000e+00 2.217517e-15
    outer loop
      vertex   1.589677e+01 8.137426e+01 2.492657e+02
      vertex   -1.468496e-01 8.137426e+01 2.554386e+02
      vertex   -4.115316e-01 8.137426e+01 2.552233e+02
    endloop
  endfacet
  facet normal -1.633112e-15 -1.000000e+00 2.685538e-15
    outer loop
      vertex   -4.115316e-01 8.137426e+01 2.552233e+02
      vertex   -7.030698e-01 8.137426e+01 2.550460e+02
      vertex   1.589677e+01 8.137426e+01 2.492657e+02
    endloop
  endfacet
  facet normal -1.425486e-15 -1.000000e+00 3.281798e-15
    outer loop
      vertex   1.589677e+01 8.137426e+01 2.492657e+02
      vertex   -7.030698e-01 8.137426e+01 2.550460e+02
      vertex   -1.016033e+00 8.137426e+01 2.549101e+02
    endloop
  endfacet
  facet normal -1.150436e-15 -1.000000e+00 4.105960e-15
    outer loop
      vertex   1.589677e+01 8.137426e+01 2.492657e+02
      vertex   -1.016033e+00 8.137426e+01 2.549101e+02
      vertex   -1.344592e+00 8.137426e+01 2.548180e+02
    endloop
  endfacet
  facet normal -7.396701e-16 -1.000000e+00 5.381500e-15
    outer loop
      vertex   -1.344592e+00 8.137426e+01 2.548180e+02
      vertex   -1.682626e+00 8.137426e+01 2.547716e+02
      vertex   1.589677e+01 8.137426e+01 2.492657e+02
    endloop
  endfacet
  facet normal 0.000000e+00 -1.000000e+00 7.743170e-15
    outer loop
      vertex   1.589677e+01 8.137426e+01 2.492657e+02
      vertex   -1.682626e+00 8.137426e+01 2.547716e+02
      vertex   -2.023838e+00 8.137426e+01 2.547716e+02
    endloop
  endfacet
  facet normal -2.401835e-15 -1.000000e+00 -7.442431e-17
    outer loop
      vertex   1.589677e+01 8.137426e+01 2.492657e+02
      vertex   -2.023838e+00 8.137426e+01 2.547716e+02
      vertex   -1.960323e+01 8.137426e+01 2.492657e+02
    endloop
  endfacet
  facet normal -7.396701e-16 -1.000000e+00 -5.381500e-15
    outer loop
      vertex   -1.960323e+01 8.137426e+01 2.492657e+02
      vertex   -2.023838e+00 8.137426e+01 2.547716e+02
      vertex   -2.361872e+00 8.137426e+01 2.548180e+02
    endloop
  endfacet
  facet normal -1.150436e-15 -1.000000e+00 -4.105960e-15
    outer loop
      vertex   -1.960323e+01 8.137426e+01 2.492657e+02
      vertex   -2.361872e+00 8.137426e+01 2.548180e+02
      vertex   -2.690431e+00 8.137426e+01 2.549101e+02
    endloop
  endfacet
  facet normal -1.425486e-15 -1.000000e+00 -3.281798e-15
    outer loop
      vertex   -2.690431e+00 8.137426e+01 2.549101e+02
      vertex   -3.003395e+00 8.137426e+01 2.550460e+02
      vertex   -1.960323e+01 8.137426e+01 2.492657e+02
    endloop
  endfacet
  facet normal -1.633112e-15 -1.000000e+00 -2.685538e-15
    outer loop
      vertex   -1.960323e+01 8.137426e+01 2.492657e+02
      vertex   -3.003395e+00 8.137426e+01 2.550460e+02
      vertex   -3.294933e+00 8.137426e+01 2.552233e+02
    endloop
  endfacet
  facet normal -1.804084e-15 -1.000000e+00 -2.217517e-15
    outer loop
      vertex   -1.960323e+01 8.137426e+01 2.492657e+02
      vertex   -3.294933e+00 8.137426e+01 2.552233e+02
      vertex   -3.559615e+00 8.137426e+01 2.554386e+02
    endloop
  endfacet
  facet normal -1.954841e-15 -1.000000e+00 -1.825694e-15
    outer loop
      vertex   -3.559615e+00 8.137426e+01 2.554386e+02
      vertex   -3.792511e+00 8.137426e+01 2.556880e+02
      vertex   -1.960323e+01 8.137426e+01 2.492657e+02
    endloop
  endfacet
  facet normal -2.095578e-15 -1.000000e+00 -1.479220e-15
    outer loop
      vertex   -1.960323e+01 8.137426e+01 2.492657e+02
      vertex   -3.792511e+00 8.137426e+01 2.556880e+02
      vertex   -3.989281e+00 8.137426e+01 2.559668e+02
    endloop
  endfacet
  facet normal -2.233691e-15 -1.000000e+00 -1.157405e-15
    outer loop
      vertex   -1.960323e+01 8.137426e+01 2.492657e+02
      vertex   -3.989281e+00 8.137426e+01 2.559668e+02
      vertex   -4.146261e+00 8.137426e+01 2.562697e+02
    endloop
  endfacet
  facet normal -2.375577e-15 -1.000000e+00 -8.442803e-16
    outer loop
      vertex   -4.146261e+00 8.137426e+01 2.562697e+02
      vertex   -4.260526e+00 8.137426e+01 2.565912e+02
      vertex   -1.960323e+01 8.137426e+01 2.492657e+02
    endloop
  endfacet
  facet normal -2.527877e-15 -1.000000e+00 -5.252990e-16
    outer loop
      vertex   -1.960323e+01 8.137426e+01 2.492657e+02
      vertex   -4.260526e+00 8.137426e+01 2.565912e+02
      vertex   -4.329947e+00 8.137426e+01 2.569253e+02
    endloop
  endfacet
  facet normal -1.651453e-12 -1.000000e+00 -2.303678e-13
    outer loop
      vertex   3.587544e+01 8.137426e+01 2.607271e+02
      vertex   3.581163e+01 8.137426e+01 2.611845e+02
      vertex   3.589677e+01 8.137426e+01 2.602657e+02
    endloop
  endfacet
  facet normal -5.425938e-13 -1.000000e+00 -1.276169e-13
    outer loop
      vertex   3.589677e+01 8.137426e+01 2.602657e+02
      vertex   3.581163e+01 8.137426e+01 2.611845e+02
      vertex   3.570590e+01 8.137426e+01 2.616340e+02
    endloop
  endfacet
  facet normal -2.653842e-13 -1.000000e+00 -8.894782e-14
    outer loop
      vertex   3.589677e+01 8.137426e+01 2.602657e+02
      vertex   3.570590e+01 8.137426e+01 2.616340e+02
      vertex   3.555913e+01 8.137426e+01 2.620719e+02
    endloop
  endfacet
  facet normal -1.545061e-13 -1.000000e+00 -6.822110e-14
    outer loop
      vertex   3.555913e+01 8.137426e+01 2.620719e+02
      vertex   3.537258e+01 8.137426e+01 2.624944e+02
      vertex   3.589677e+01 8.137426e+01 2.602657e+02
    endloop
  endfacet
  facet normal -9.907320e-14 -1.000000e+00 -5.518341e-14
    outer loop
      vertex   3.589677e+01 8.137426e+01 2.602657e+02
      vertex   3.537258e+01 8.137426e+01 2.624944e+02
      vertex   3.514785e+01 8.137426e+01 2.628979e+02
    endloop
  endfacet
  facet normal -6.740383e-14 -1.000000e+00 -4.617270e-14
    outer loop
      vertex   3.589677e+01 8.137426e+01 2.602657e+02
      vertex   3.514785e+01 8.137426e+01 2.628979e+02
      vertex   3.488685e+01 8.137426e+01 2.632789e+02
    endloop
  endfacet
  facet normal -4.761734e-14 -1.000000e+00 -3.954093e-14
    outer loop
      vertex   3.488685e+01 8.137426e+01 2.632789e+02
      vertex   3.459181e+01 8.137426e+01 2.636342e+02
      vertex   3.589677e+01 8.137426e+01 2.602657e+02
    endloop
  endfacet
  facet normal -3.443348e-14 -1.000000e+00 -3.443348e-14
    outer loop
      vertex   3.589677e+01 8.137426e+01 2.602657e+02
      vertex   3.459181e+01 8.137426e+01 2.636342e+02
      vertex   3.426525e+01 8.137426e+01 2.639608e+02
    endloop
  endfacet
  facet normal -2.521219e-14 -1.000000e+00 -3.036188e-14
    outer loop
      vertex   3.589677e+01 8.137426e+01 2.602657e+02
      vertex   3.426525e+01 8.137426e+01 2.639608e+02
      vertex   3.390994e+01 8.137426e+01 2.642558e+02
    endloop
  endfacet
  facet normal -1.851345e-14 -1.000000e+00 -2.702631e-14
    outer loop
      vertex   3.390994e+01 8.137426e+01 2.642558e+02
      vertex   3.352893e+01 8.137426e+01 2.645168e+02
      vertex   3.589677e+01 8.137426e+01 2.602657e+02
    endloop
  endfacet
  facet normal -1.349733e-14 -1.000000e+00 -2.423234e-14
    outer loop
      vertex   3.589677e+01 8.137426e+01 2.602657e+02
      vertex   3.352893e+01 8.137426e+01 2.645168e+02
      vertex   3.312546e+01 8.137426e+01 2.647416e+02
    endloop
  endfacet
  facet normal -9.646970e-15 -1.000000e+00 -2.184830e-14
    outer loop
      vertex   3.589677e+01 8.137426e+01 2.602657e+02
      vertex   3.312546e+01 8.137426e+01 2.647416e+02
      vertex   3.270298e+01 8.137426e+01 2.649281e+02
    endloop
  endfacet
  facet normal -6.630175e-15 -1.000000e+00 -1.978175e-14
    outer loop
      vertex   3.270298e+01 8.137426e+01 2.649281e+02
      vertex   3.226508e+01 8.137426e+01 2.650749e+02
      vertex   3.589677e+01 8.137426e+01 2.602657e+02
    endloop
  endfacet
  facet normal -4.225529e-15 -1.000000e+00 -1.796585e-14
    outer loop
      vertex   3.589677e+01 8.137426e+01 2.602657e+02
      vertex   3.226508e+01 8.137426e+01 2.650749e+02
      vertex   3.181552e+01 8.137426e+01 2.651806e+02
    endloop
  endfacet
  facet normal -2.280870e-15 -1.000000e+00 -1.635102e-14
    outer loop
      vertex   3.589677e+01 8.137426e+01 2.602657e+02
      vertex   3.181552e+01 8.137426e+01 2.651806e+02
      vertex   3.135811e+01 8.137426e+01 2.652444e+02
    endloop
  endfacet
  facet normal -3.284755e-14 -1.000000e+00 -4.421623e-14
    outer loop
      vertex   3.135811e+01 8.137426e+01 2.652444e+02
      vertex   3.089677e+01 8.137426e+01 2.652657e+02
      vertex   3.589677e+01 8.137426e+01 2.602657e+02
    endloop
  endfacet
  facet normal 9.937004e-15 -1.000000e+00 -1.431680e-15
    outer loop
      vertex   3.589677e+01 8.137426e+01 2.602657e+02
      vertex   3.089677e+01 8.137426e+01 2.652657e+02
      vertex   2.902378e+01 8.137426e+01 2.522657e+02
    endloop
  endfacet
  facet normal 8.270560e-15 -1.000000e+00 0.000000e+00
    outer loop
      vertex   3.589677e+01 8.137426e+01 2.602657e+02
      vertex   2.902378e+01 8.137426e+01 2.522657e+02
      vertex   3.589677e+01 8.137426e+01 2.522657e+02
    endloop
  endfacet
  facet normal 1.377710e-16 -1.000000e+00 -2.979942e-15
    outer loop
      vertex   -3.506457e+01 8.137426e+01 2.652444e+02
      vertex   -3.960323e+01 8.137426e+01 2.602657e+02
      vertex   -3.460323e+01 8.137426e+01 2.652657e+02
    endloop
  endfacet
  facet normal -3.439732e-15 -1.000000e+00 5.975611e-16
    outer loop
      vertex   -3.460323e+01 8.137426e+01 2.652657e+02
      vertex   -3.960323e+01 8.137426e+01 2.602657e+02
      vertex   -3.273025e+01 8.137426e+01 2.522657e+02
    endloop
  endfacet
  facet normal -5.714556e-15 -1.000000e+00 2.698144e-16
    outer loop
      vertex   -3.460323e+01 8.137426e+01 2.652657e+02
      vertex   -3.273025e+01 8.137426e+01 2.522657e+02
      vertex   -2.295203e+01 8.137426e+01 2.486883e+02
    endloop
  endfacet
  facet normal -3.015588e-15 -1.000000e+00 7.647007e-15
    outer loop
      vertex   -2.295203e+01 8.137426e+01 2.486883e+02
      vertex   -3.273025e+01 8.137426e+01 2.522657e+02
      vertex   -2.358724e+01 8.137426e+01 2.484378e+02
    endloop
  endfacet
  facet normal -3.306406e-15 -1.000000e+00 6.952380e-15
    outer loop
      vertex   -2.358724e+01 8.137426e+01 2.484378e+02
      vertex   -3.273025e+01 8.137426e+01 2.522657e+02
      vertex   -2.420388e+01 8.137426e+01 2.481446e+02
    endloop
  endfacet
  facet normal -3.585018e-15 -1.000000e+00 6.375951e-15
    outer loop
      vertex   -2.420388e+01 8.137426e+01 2.481446e+02
      vertex   -3.273025e+01 8.137426e+01 2.522657e+02
      vertex   -2.479907e+01 8.137426e+01 2.478099e+02
    endloop
  endfacet
  facet normal -3.860439e-15 -1.000000e+00 5.885713e-15
    outer loop
      vertex   -2.479907e+01 8.137426e+01 2.478099e+02
      vertex   -3.273025e+01 8.137426e+01 2.522657e+02
      vertex   -2.537004e+01 8.137426e+01 2.474354e+02
    endloop
  endfacet
  facet normal -4.140113e-15 -1.000000e+00 5.459557e-15
    outer loop
      vertex   -2.537004e+01 8.137426e+01 2.474354e+02
      vertex   -3.273025e+01 8.137426e+01 2.522657e+02
      vertex   -2.591411e+01 8.137426e+01 2.470228e+02
    endloop
  endfacet
  facet normal -4.430876e-15 -1.000000e+00 5.081544e-15
    outer loop
      vertex   -2.591411e+01 8.137426e+01 2.470228e+02
      vertex   -3.273025e+01 8.137426e+01 2.522657e+02
      vertex   -2.642876e+01 8.137426e+01 2.465741e+02
    endloop
  endfacet
  facet normal -4.739667e-15 -1.000000e+00 4.739667e-15
    outer loop
      vertex   -2.642876e+01 8.137426e+01 2.465741e+02
      vertex   -3.273025e+01 8.137426e+01 2.522657e+02
      vertex   -2.691159e+01 8.137426e+01 2.460913e+02
    endloop
  endfacet
  facet normal -5.074166e-15 -1.000000e+00 4.424443e-15
    outer loop
      vertex   -2.691159e+01 8.137426e+01 2.460913e+02
      vertex   -3.273025e+01 8.137426e+01 2.522657e+02
      vertex   -2.736035e+01 8.137426e+01 2.455766e+02
    endloop
  endfacet
  facet normal -5.443508e-15 -1.000000e+00 4.127942e-15
    outer loop
      vertex   -2.736035e+01 8.137426e+01 2.455766e+02
      vertex   -3.273025e+01 8.137426e+01 2.522657e+02
      vertex   -2.777293e+01 8.137426e+01 2.450325e+02
    endloop
  endfacet
  facet normal -5.859197e-15 -1.000000e+00 3.843047e-15
    outer loop
      vertex   -2.777293e+01 8.137426e+01 2.450325e+02
      vertex   -3.273025e+01 8.137426e+01 2.522657e+02
      vertex   -2.814743e+01 8.137426e+01 2.444616e+02
    endloop
  endfacet
  facet normal -6.336435e-15 -1.000000e+00 3.562800e-15
    outer loop
      vertex   -2.814743e+01 8.137426e+01 2.444616e+02
      vertex   -3.273025e+01 8.137426e+01 2.522657e+02
      vertex   -2.848208e+01 8.137426e+01 2.438664e+02
    endloop
  endfacet
  facet normal -6.896197e-15 -1.000000e+00 3.279687e-15
    outer loop
      vertex   -2.848208e+01 8.137426e+01 2.438664e+02
      vertex   -3.273025e+01 8.137426e+01 2.522657e+02
      vertex   -2.877535e+01 8.137426e+01 2.432497e+02
    endloop
  endfacet
  facet normal -7.568679e-15 -1.000000e+00 2.984700e-15
    outer loop
      vertex   -2.877535e+01 8.137426e+01 2.432497e+02
      vertex   -3.273025e+01 8.137426e+01 2.522657e+02
      vertex   -2.902584e+01 8.137426e+01 2.426145e+02
    endloop
  endfacet
  facet normal -8.399394e-15 -1.000000e+00 2.665848e-15
    outer loop
      vertex   -2.902584e+01 8.137426e+01 2.426145e+02
      vertex   -3.273025e+01 8.137426e+01 2.522657e+02
      vertex   -2.923241e+01 8.137426e+01 2.419637e+02
    endloop
  endfacet
  facet normal -9.460689e-15 -1.000000e+00 2.305507e-15
    outer loop
      vertex   -2.923241e+01 8.137426e+01 2.419637e+02
      vertex   -3.273025e+01 8.137426e+01 2.522657e+02
      vertex   -2.939407e+01 8.137426e+01 2.413003e+02
    endloop
  endfacet
  facet normal -1.087536e-14 -1.000000e+00 1.875101e-15
    outer loop
      vertex   -2.939407e+01 8.137426e+01 2.413003e+02
      vertex   -3.273025e+01 8.137426e+01 2.522657e+02
      vertex   -2.951009e+01 8.137426e+01 2.406274e+02
    endloop
  endfacet
  facet normal -1.287036e-14 -1.000000e+00 1.323113e-15
    outer loop
      vertex   -2.951009e+01 8.137426e+01 2.406274e+02
      vertex   -3.273025e+01 8.137426e+01 2.522657e+02
      vertex   -2.957992e+01 8.137426e+01 2.399482e+02
    endloop
  endfacet
  facet normal -3.750527e-13 -1.000000e+00 -9.130822e-14
    outer loop
      vertex   -2.957992e+01 8.137426e+01 2.399482e+02
      vertex   -3.273025e+01 8.137426e+01 2.522657e+02
      vertex   -2.960323e+01 8.137426e+01 2.392657e+02
    endloop
  endfacet
  facet normal 3.787117e-15 -1.000000e+00 -1.821904e-16
    outer loop
      vertex   -2.960323e+01 8.137426e+01 2.392657e+02
      vertex   -3.273025e+01 8.137426e+01 2.522657e+02
      vertex   -3.273025e+01 8.137426e+01 1.742657e+02
    endloop
  endfacet
  facet normal 0.000000e+00 -1.000000e+00 -0.000000e+00
    outer loop
      vertex   -2.960323e+01 8.137426e+01 2.392657e+02
      vertex   -3.273025e+01 8.137426e+01 1.742657e+02
      vertex   -2.960323e+01 8.137426e+01 1.742657e+02
    endloop
  endfacet
  facet normal 4.561741e-16 -1.000000e+00 -3.270205e-15
    outer loop
      vertex   -3.506457e+01 8.137426e+01 2.652444e+02
      vertex   -3.552198e+01 8.137426e+01 2.651806e+02
      vertex   -3.960323e+01 8.137426e+01 2.602657e+02
    endloop
  endfacet
  facet normal 8.451058e-16 -1.000000e+00 -3.593169e-15
    outer loop
      vertex   -3.960323e+01 8.137426e+01 2.602657e+02
      vertex   -3.552198e+01 8.137426e+01 2.651806e+02
      vertex   -3.597155e+01 8.137426e+01 2.650749e+02
    endloop
  endfacet
  facet normal 1.326035e-15 -1.000000e+00 -3.956350e-15
    outer loop
      vertex   -3.960323e+01 8.137426e+01 2.602657e+02
      vertex   -3.597155e+01 8.137426e+01 2.650749e+02
      vertex   -3.640944e+01 8.137426e+01 2.649281e+02
    endloop
  endfacet
  facet normal 1.929394e-15 -1.000000e+00 -4.369661e-15
    outer loop
      vertex   -3.640944e+01 8.137426e+01 2.649281e+02
      vertex   -3.683192e+01 8.137426e+01 2.647416e+02
      vertex   -3.960323e+01 8.137426e+01 2.602657e+02
    endloop
  endfacet
  facet normal 2.699466e-15 -1.000000e+00 -4.846469e-15
    outer loop
      vertex   -3.960323e+01 8.137426e+01 2.602657e+02
      vertex   -3.683192e+01 8.137426e+01 2.647416e+02
      vertex   -3.723539e+01 8.137426e+01 2.645168e+02
    endloop
  endfacet
  facet normal 3.702690e-15 -1.000000e+00 -5.405262e-15
    outer loop
      vertex   -3.960323e+01 8.137426e+01 2.602657e+02
      vertex   -3.723539e+01 8.137426e+01 2.645168e+02
      vertex   -3.761641e+01 8.137426e+01 2.642558e+02
    endloop
  endfacet
  facet normal 5.042437e-15 -1.000000e+00 -6.072376e-15
    outer loop
      vertex   -3.761641e+01 8.137426e+01 2.642558e+02
      vertex   -3.797171e+01 8.137426e+01 2.639608e+02
      vertex   -3.960323e+01 8.137426e+01 2.602657e+02
    endloop
  endfacet
  facet normal 6.886696e-15 -1.000000e+00 -6.886696e-15
    outer loop
      vertex   -3.960323e+01 8.137426e+01 2.602657e+02
      vertex   -3.797171e+01 8.137426e+01 2.639608e+02
      vertex   -3.829828e+01 8.137426e+01 2.636342e+02
    endloop
  endfacet
  facet normal 9.523468e-15 -1.000000e+00 -7.908187e-15
    outer loop
      vertex   -3.960323e+01 8.137426e+01 2.602657e+02
      vertex   -3.829828e+01 8.137426e+01 2.636342e+02
      vertex   -3.859332e+01 8.137426e+01 2.632789e+02
    endloop
  endfacet
  facet normal 1.348077e-14 -1.000000e+00 -9.234540e-15
    outer loop
      vertex   -3.859332e+01 8.137426e+01 2.632789e+02
      vertex   -3.885432e+01 8.137426e+01 2.628979e+02
      vertex   -3.960323e+01 8.137426e+01 2.602657e+02
    endloop
  endfacet
  facet normal 1.981464e-14 -1.000000e+00 -1.103668e-14
    outer loop
      vertex   -3.960323e+01 8.137426e+01 2.602657e+02
      vertex   -3.885432e+01 8.137426e+01 2.628979e+02
      vertex   -3.907905e+01 8.137426e+01 2.624944e+02
    endloop
  endfacet
  facet normal 3.090121e-14 -1.000000e+00 -1.364422e-14
    outer loop
      vertex   -3.960323e+01 8.137426e+01 2.602657e+02
      vertex   -3.907905e+01 8.137426e+01 2.624944e+02
      vertex   -3.926559e+01 8.137426e+01 2.620719e+02
    endloop
  endfacet
  facet normal 5.307684e-14 -1.000000e+00 -1.778956e-14
    outer loop
      vertex   -3.926559e+01 8.137426e+01 2.620719e+02
      vertex   -3.941236e+01 8.137426e+01 2.616340e+02
      vertex   -3.960323e+01 8.137426e+01 2.602657e+02
    endloop
  endfacet
  facet normal 1.085188e-13 -1.000000e+00 -2.552338e-14
    outer loop
      vertex   -3.960323e+01 8.137426e+01 2.602657e+02
      vertex   -3.941236e+01 8.137426e+01 2.616340e+02
      vertex   -3.951810e+01 8.137426e+01 2.611845e+02
    endloop
  endfacet
  facet normal 3.302906e-13 -1.000000e+00 -4.607356e-14
    outer loop
      vertex   -3.960323e+01 8.137426e+01 2.602657e+02
      vertex   -3.951810e+01 8.137426e+01 2.611845e+02
      vertex   -3.958190e+01 8.137426e+01 2.607271e+02
    endloop
  endfacet
  facet normal -4.135280e-15 -1.000000e+00 -0.000000e+00
    outer loop
      vertex   -3.960323e+01 8.137426e+01 2.602657e+02
      vertex   -3.960323e+01 8.137426e+01 2.522657e+02
      vertex   -3.273025e+01 8.137426e+01 2.522657e+02
    endloop
  endfacet
  facet normal -1.112269e-15 -1.000000e+00 3.504472e-15
    outer loop
      vertex   -2.295203e+01 8.137426e+01 2.486883e+02
      vertex   -2.230120e+01 8.137426e+01 2.488949e+02
      vertex   -3.460323e+01 8.137426e+01 2.652657e+02
    endloop
  endfacet
  facet normal -8.939891e-16 -1.000000e+00 3.668501e-15
    outer loop
      vertex   -3.460323e+01 8.137426e+01 2.652657e+02
      vertex   -2.230120e+01 8.137426e+01 2.488949e+02
      vertex   -2.163779e+01 8.137426e+01 2.490566e+02
    endloop
  endfacet
  facet normal -6.642040e-16 -1.000000e+00 3.852302e-15
    outer loop
      vertex   -3.460323e+01 8.137426e+01 2.652657e+02
      vertex   -2.163779e+01 8.137426e+01 2.490566e+02
      vertex   -2.096490e+01 8.137426e+01 2.491726e+02
    endloop
  endfacet
  facet normal -4.175202e-16 -1.000000e+00 4.061357e-15
    outer loop
      vertex   -2.096490e+01 8.137426e+01 2.491726e+02
      vertex   -2.028566e+01 8.137426e+01 2.492424e+02
      vertex   -3.460323e+01 8.137426e+01 2.652657e+02
    endloop
  endfacet
  facet normal 6.047479e-14 -1.000000e+00 5.847148e-14
    outer loop
      vertex   -3.460323e+01 8.137426e+01 2.652657e+02
      vertex   -2.028566e+01 8.137426e+01 2.492424e+02
      vertex   -1.960323e+01 8.137426e+01 2.492657e+02
    endloop
  endfacet
  facet normal 8.068206e-14 -1.000000e+00 -7.652761e-14
    outer loop
      vertex   1.589677e+01 8.137426e+01 2.492657e+02
      vertex   1.657919e+01 8.137426e+01 2.492424e+02
      vertex   3.089677e+01 8.137426e+01 2.652657e+02
    endloop
  endfacet
  facet normal -4.175202e-16 -1.000000e+00 -4.061357e-15
    outer loop
      vertex   3.089677e+01 8.137426e+01 2.652657e+02
      vertex   1.657919e+01 8.137426e+01 2.492424e+02
      vertex   1.725843e+01 8.137426e+01 2.491726e+02
    endloop
  endfacet
  facet normal -1.909078e-14 -1.000000e+00 1.176353e-14
    outer loop
      vertex   3.089677e+01 8.137426e+01 2.652657e+02
      vertex   1.725843e+01 8.137426e+01 2.491726e+02
      vertex   1.793133e+01 8.137426e+01 2.490566e+02
    endloop
  endfacet
  facet normal -7.151913e-16 -1.000000e+00 -2.934801e-15
    outer loop
      vertex   1.793133e+01 8.137426e+01 2.490566e+02
      vertex   1.859474e+01 8.137426e+01 2.488949e+02
      vertex   3.089677e+01 8.137426e+01 2.652657e+02
    endloop
  endfacet
  facet normal -8.898155e-16 -1.000000e+00 -2.803577e-15
    outer loop
      vertex   3.089677e+01 8.137426e+01 2.652657e+02
      vertex   1.859474e+01 8.137426e+01 2.488949e+02
      vertex   1.924556e+01 8.137426e+01 2.486883e+02
    endloop
  endfacet
  facet normal -6.136739e-15 -1.000000e+00 8.841546e-16
    outer loop
      vertex   3.089677e+01 8.137426e+01 2.652657e+02
      vertex   1.924556e+01 8.137426e+01 2.486883e+02
      vertex   2.902378e+01 8.137426e+01 2.522657e+02
    endloop
  endfacet
  facet normal -3.015588e-15 -1.000000e+00 -7.647007e-15
    outer loop
      vertex   2.902378e+01 8.137426e+01 2.522657e+02
      vertex   1.924556e+01 8.137426e+01 2.486883e+02
      vertex   1.988078e+01 8.137426e+01 2.484378e+02
    endloop
  endfacet
  facet normal -3.306406e-15 -1.000000e+00 -6.952380e-15
    outer loop
      vertex   2.902378e+01 8.137426e+01 2.522657e+02
      vertex   1.988078e+01 8.137426e+01 2.484378e+02
      vertex   2.049742e+01 8.137426e+01 2.481446e+02
    endloop
  endfacet
  facet normal -3.585018e-15 -1.000000e+00 -6.375951e-15
    outer loop
      vertex   2.049742e+01 8.137426e+01 2.481446e+02
      vertex   2.109261e+01 8.137426e+01 2.478099e+02
      vertex   2.902378e+01 8.137426e+01 2.522657e+02
    endloop
  endfacet
  facet normal -3.860439e-15 -1.000000e+00 -5.885713e-15
    outer loop
      vertex   2.902378e+01 8.137426e+01 2.522657e+02
      vertex   2.109261e+01 8.137426e+01 2.478099e+02
      vertex   2.166357e+01 8.137426e+01 2.474354e+02
    endloop
  endfacet
  facet normal -4.140113e-15 -1.000000e+00 -5.459557e-15
    outer loop
      vertex   2.902378e+01 8.137426e+01 2.522657e+02
      vertex   2.166357e+01 8.137426e+01 2.474354e+02
      vertex   2.220765e+01 8.137426e+01 2.470228e+02
    endloop
  endfacet
  facet normal -4.430876e-15 -1.000000e+00 -5.081544e-15
    outer loop
      vertex   2.220765e+01 8.137426e+01 2.470228e+02
      vertex   2.272230e+01 8.137426e+01 2.465741e+02
      vertex   2.902378e+01 8.137426e+01 2.522657e+02
    endloop
  endfacet
  facet normal -4.739667e-15 -1.000000e+00 -4.739667e-15
    outer loop
      vertex   2.902378e+01 8.137426e+01 2.522657e+02
      vertex   2.272230e+01 8.137426e+01 2.465741e+02
      vertex   2.320513e+01 8.137426e+01 2.460913e+02
    endloop
  endfacet
  facet normal -5.074166e-15 -1.000000e+00 -4.424443e-15
    outer loop
      vertex   2.902378e+01 8.137426e+01 2.522657e+02
      vertex   2.320513e+01 8.137426e+01 2.460913e+02
      vertex   2.365388e+01 8.137426e+01 2.455766e+02
    endloop
  endfacet
  facet normal -5.443508e-15 -1.000000e+00 -4.127942e-15
    outer loop
      vertex   2.365388e+01 8.137426e+01 2.455766e+02
      vertex   2.406647e+01 8.137426e+01 2.450325e+02
      vertex   2.902378e+01 8.137426e+01 2.522657e+02
    endloop
  endfacet
  facet normal -5.859197e-15 -1.000000e+00 -3.843047e-15
    outer loop
      vertex   2.902378e+01 8.137426e+01 2.522657e+02
      vertex   2.406647e+01 8.137426e+01 2.450325e+02
      vertex   2.444096e+01 8.137426e+01 2.444616e+02
    endloop
  endfacet
  facet normal -6.336435e-15 -1.000000e+00 -3.562800e-15
    outer loop
      vertex   2.902378e+01 8.137426e+01 2.522657e+02
      vertex   2.444096e+01 8.137426e+01 2.444616e+02
      vertex   2.477562e+01 8.137426e+01 2.438664e+02
    endloop
  endfacet
  facet normal -6.896197e-15 -1.000000e+00 -3.279687e-15
    outer loop
      vertex   2.477562e+01 8.137426e+01 2.438664e+02
      vertex   2.506888e+01 8.137426e+01 2.432497e+02
      vertex   2.902378e+01 8.137426e+01 2.522657e+02
    endloop
  endfacet
  facet normal -7.568679e-15 -1.000000e+00 -2.984700e-15
    outer loop
      vertex   2.902378e+01 8.137426e+01 2.522657e+02
      vertex   2.506888e+01 8.137426e+01 2.432497e+02
      vertex   2.531938e+01 8.137426e+01 2.426145e+02
    endloop
  endfacet
  facet normal -8.399394e-15 -1.000000e+00 -2.665848e-15
    outer loop
      vertex   2.902378e+01 8.137426e+01 2.522657e+02
      vertex   2.531938e+01 8.137426e+01 2.426145e+02
      vertex   2.552594e+01 8.137426e+01 2.419637e+02
    endloop
  endfacet
  facet normal -9.460689e-15 -1.000000e+00 -2.305507e-15
    outer loop
      vertex   2.552594e+01 8.137426e+01 2.419637e+02
      vertex   2.568761e+01 8.137426e+01 2.413003e+02
      vertex   2.902378e+01 8.137426e+01 2.522657e+02
    endloop
  endfacet
  facet normal -5.518143e-14 -1.000000e+00 1.160478e-14
    outer loop
      vertex   2.902378e+01 8.137426e+01 2.522657e+02
      vertex   2.568761e+01 8.137426e+01 2.413003e+02
      vertex   2.580363e+01 8.137426e+01 2.406274e+02
    endloop
  endfacet
  facet normal -9.652771e-15 -1.000000e+00 -9.923349e-16
    outer loop
      vertex   2.902378e+01 8.137426e+01 2.522657e+02
      vertex   2.580363e+01 8.137426e+01 2.406274e+02
      vertex   2.587346e+01 8.137426e+01 2.399482e+02
    endloop
  endfacet
  facet normal -1.609811e-14 -1.000000e+00 6.561178e-16
    outer loop
      vertex   2.902378e+01 8.137426e+01 2.522657e+02
      vertex   2.587346e+01 8.137426e+01 2.399482e+02
      vertex   2.902378e+01 8.137426e+01 2.306067e+02
    endloop
  endfacet
  facet normal -8.878516e-14 -1.000000e+00 -2.385707e-14
    outer loop
      vertex   2.902378e+01 8.137426e+01 2.306067e+02
      vertex   2.587346e+01 8.137426e+01 2.399482e+02
      vertex   2.589677e+01 8.137426e+01 2.392657e+02
    endloop
  endfacet
  facet normal -2.272270e-14 -1.000000e+00 0.000000e+00
    outer loop
      vertex   2.902378e+01 8.137426e+01 2.306067e+02
      vertex   2.589677e+01 8.137426e+01 2.392657e+02
      vertex   2.589677e+01 8.137426e+01 2.306067e+02
    endloop
  endfacet
  facet normal -9.989330e-01 0.000000e+00 4.618346e-02
    outer loop
      vertex   -3.960323e+01 8.137426e+01 2.602657e+02
      vertex   -3.958190e+01 8.137426e+01 2.607271e+02
      vertex   -3.960323e+01 8.537426e+01 2.602657e+02
    endloop
  endfacet
  facet normal -9.988336e-01 2.428578e-04 4.828453e-02
    outer loop
      vertex   -3.960323e+01 8.537426e+01 2.602657e+02
      vertex   -3.958190e+01 8.137426e+01 2.607271e+02
      vertex   -3.957992e+01 8.537426e+01 2.607480e+02
    endloop
  endfacet
  facet normal -9.904104e-01 -2.318082e-04 1.381564e-01
    outer loop
      vertex   -3.957992e+01 8.537426e+01 2.607480e+02
      vertex   -3.958190e+01 8.137426e+01 2.607271e+02
      vertex   -3.951810e+01 8.137426e+01 2.611845e+02
    endloop
  endfacet
  facet normal -9.895188e-01 4.636152e-04 1.444033e-01
    outer loop
      vertex   -3.957992e+01 8.537426e+01 2.607480e+02
      vertex   -3.951810e+01 8.137426e+01 2.611845e+02
      vertex   -3.951019e+01 8.537426e+01 2.612258e+02
    endloop
  endfacet
  facet normal -9.734380e-01 -4.415139e-04 2.289505e-01
    outer loop
      vertex   -3.951019e+01 8.537426e+01 2.612258e+02
      vertex   -3.951810e+01 8.137426e+01 2.611845e+02
      vertex   -3.941236e+01 8.137426e+01 2.616340e+02
    endloop
  endfacet
  facet normal -9.709762e-01 6.622684e-04 2.391754e-01
    outer loop
      vertex   -3.951019e+01 8.537426e+01 2.612258e+02
      vertex   -3.941236e+01 8.137426e+01 2.616340e+02
      vertex   -3.939471e+01 8.537426e+01 2.616946e+02
    endloop
  endfacet
  facet normal -9.481605e-01 -6.291136e-04 3.177914e-01
    outer loop
      vertex   -3.939471e+01 8.537426e+01 2.616946e+02
      vertex   -3.941236e+01 8.137426e+01 2.616340e+02
      vertex   -3.926559e+01 8.137426e+01 2.620719e+02
    endloop
  endfacet
  facet normal -9.433786e-01 8.388137e-04 3.317170e-01
    outer loop
      vertex   -3.939471e+01 8.537426e+01 2.616946e+02
      vertex   -3.926559e+01 8.137426e+01 2.620719e+02
      vertex   -3.923454e+01 8.537426e+01 2.621501e+02
    endloop
  endfacet
  facet normal -9.147936e-01 -7.946039e-04 4.039209e-01
    outer loop
      vertex   -3.923454e+01 8.537426e+01 2.621501e+02
      vertex   -3.926559e+01 8.137426e+01 2.620719e+02
      vertex   -3.907905e+01 8.137426e+01 2.624944e+02
    endloop
  endfacet
  facet normal -9.069834e-01 9.932481e-04 4.211651e-01
    outer loop
      vertex   -3.923454e+01 8.537426e+01 2.621501e+02
      vertex   -3.907905e+01 8.137426e+01 2.624944e+02
      vertex   -3.903118e+01 8.537426e+01 2.625881e+02
    endloop
  endfacet
  facet normal -8.736220e-01 -9.379819e-04 4.866043e-01
    outer loop
      vertex   -3.903118e+01 8.537426e+01 2.625881e+02
      vertex   -3.907905e+01 8.137426e+01 2.624944e+02
      vertex   -3.885432e+01 8.137426e+01 2.628979e+02
    endloop
  endfacet
  facet normal -8.621301e-01 1.125569e-03 5.066856e-01
    outer loop
      vertex   -3.903118e+01 8.537426e+01 2.625881e+02
      vertex   -3.885432e+01 8.137426e+01 2.628979e+02
      vertex   -3.878653e+01 8.537426e+01 2.630043e+02
    endloop
  endfacet
  facet normal -8.249970e-01 -1.059245e-03 5.651361e-01
    outer loop
      vertex   -3.878653e+01 8.537426e+01 2.630043e+02
      vertex   -3.885432e+01 8.137426e+01 2.628979e+02
      vertex   -3.859332e+01 8.137426e+01 2.632789e+02
    endloop
  endfacet
  facet normal -8.092370e-01 1.235774e-03 5.874810e-01
    outer loop
      vertex   -3.878653e+01 8.537426e+01 2.630043e+02
      vertex   -3.859332e+01 8.137426e+01 2.632789e+02
      vertex   -3.850287e+01 8.537426e+01 2.633951e+02
    endloop
  endfacet
  facet normal -7.693335e-01 -1.158391e-03 6.388464e-01
    outer loop
      vertex   -3.850287e+01 8.537426e+01 2.633951e+02
      vertex   -3.859332e+01 8.137426e+01 2.632789e+02
      vertex   -3.829828e+01 8.137426e+01 2.636342e+02
    endloop
  endfacet
  facet normal -7.487973e-01 1.323861e-03 6.627977e-01
    outer loop
      vertex   -3.850287e+01 8.537426e+01 2.633951e+02
      vertex   -3.829828e+01 8.137426e+01 2.636342e+02
      vertex   -3.818284e+01 8.537426e+01 2.637566e+02
    endloop
  endfacet
  facet normal -7.071062e-01 -1.235418e-03 7.071062e-01
    outer loop
      vertex   -3.818284e+01 8.537426e+01 2.637566e+02
      vertex   -3.829828e+01 8.137426e+01 2.636342e+02
      vertex   -3.797171e+01 8.137426e+01 2.639608e+02
    endloop
  endfacet
  facet normal -6.813747e-01 1.389828e-03 7.319335e-01
    outer loop
      vertex   -3.818284e+01 8.537426e+01 2.637566e+02
      vertex   -3.797171e+01 8.137426e+01 2.639608e+02
      vertex   -3.782943e+01 8.537426e+01 2.640856e+02
    endloop
  endfacet
  facet normal -6.388463e-01 -1.290326e-03 7.693333e-01
    outer loop
      vertex   -3.782943e+01 8.537426e+01 2.640856e+02
      vertex   -3.797171e+01 8.137426e+01 2.639608e+02
      vertex   -3.761641e+01 8.137426e+01 2.642558e+02
    endloop
  endfacet
  facet normal -6.075978e-01 1.433675e-03 7.942435e-01
    outer loop
      vertex   -3.782943e+01 8.537426e+01 2.640856e+02
      vertex   -3.761641e+01 8.137426e+01 2.642558e+02
      vertex   -3.744593e+01 8.537426e+01 2.643790e+02
    endloop
  endfacet
  facet normal -5.651359e-01 -1.323112e-03 8.249968e-01
    outer loop
      vertex   -3.744593e+01 8.537426e+01 2.643790e+02
      vertex   -3.761641e+01 8.137426e+01 2.642558e+02
      vertex   -3.723539e+01 8.137426e+01 2.645168e+02
    endloop
  endfacet
  facet normal -5.281548e-01 1.455400e-03 8.491468e-01
    outer loop
      vertex   -3.744593e+01 8.537426e+01 2.643790e+02
      vertex   -3.723539e+01 8.137426e+01 2.645168e+02
      vertex   -3.703593e+01 8.537426e+01 2.646340e+02
    endloop
  endfacet
  facet normal -4.866040e-01 -1.333777e-03 8.736216e-01
    outer loop
      vertex   -3.703593e+01 8.537426e+01 2.646340e+02
      vertex   -3.723539e+01 8.137426e+01 2.645168e+02
      vertex   -3.683192e+01 8.137426e+01 2.647416e+02
    endloop
  endfacet
  facet normal -4.437865e-01 1.455004e-03 8.961314e-01
    outer loop
      vertex   -3.703593e+01 8.537426e+01 2.646340e+02
      vertex   -3.683192e+01 8.137426e+01 2.647416e+02
      vertex   -3.660323e+01 8.537426e+01 2.648483e+02
    endloop
  endfacet
  facet normal -4.230039e-01 0.000000e+00 9.061279e-01
    outer loop
      vertex   -3.660323e+01 8.537426e+01 2.648483e+02
      vertex   -3.683192e+01 8.137426e+01 2.647416e+02
      vertex   -3.660323e+01 8.337426e+01 2.648483e+02
    endloop
  endfacet
  facet normal -4.039196e-01 -2.644632e-03 9.147907e-01
    outer loop
      vertex   -3.660323e+01 8.337426e+01 2.648483e+02
      vertex   -3.683192e+01 8.137426e+01 2.647416e+02
      vertex   -3.640944e+01 8.137426e+01 2.649281e+02
    endloop
  endfacet
  facet normal -3.619550e-01 2.115789e-03 9.321931e-01
    outer loop
      vertex   -3.660323e+01 8.337426e+01 2.648483e+02
      vertex   -3.640944e+01 8.137426e+01 2.649281e+02
      vertex   -3.621973e+01 8.337426e+01 2.649972e+02
    endloop
  endfacet
  facet normal -3.177903e-01 -2.625297e-03 9.481574e-01
    outer loop
      vertex   -3.621973e+01 8.337426e+01 2.649972e+02
      vertex   -3.640944e+01 8.137426e+01 2.649281e+02
      vertex   -3.597155e+01 8.137426e+01 2.650749e+02
    endloop
  endfacet
  facet normal -2.840939e-01 1.969035e-03 9.587945e-01
    outer loop
      vertex   -3.621973e+01 8.337426e+01 2.649972e+02
      vertex   -3.597155e+01 8.137426e+01 2.650749e+02
      vertex   -3.582528e+01 8.337426e+01 2.651141e+02
    endloop
  endfacet
  facet normal -2.289499e-01 -2.351127e-03 9.734354e-01
    outer loop
      vertex   -3.582528e+01 8.337426e+01 2.651141e+02
      vertex   -3.597155e+01 8.137426e+01 2.650749e+02
      vertex   -3.552198e+01 8.137426e+01 2.651806e+02
    endloop
  endfacet
  facet normal -2.043094e-01 1.567454e-03 9.789051e-01
    outer loop
      vertex   -3.582528e+01 8.337426e+01 2.651141e+02
      vertex   -3.552198e+01 8.137426e+01 2.651806e+02
      vertex   -3.542255e+01 8.337426e+01 2.651981e+02
    endloop
  endfacet
  facet normal -1.381561e-01 -1.822148e-03 9.904088e-01
    outer loop
      vertex   -3.542255e+01 8.337426e+01 2.651981e+02
      vertex   -3.552198e+01 8.137426e+01 2.651806e+02
      vertex   -3.506457e+01 8.137426e+01 2.652444e+02
    endloop
  endfacet
  facet normal -1.231416e-01 9.110870e-04 9.923887e-01
    outer loop
      vertex   -3.542255e+01 8.337426e+01 2.651981e+02
      vertex   -3.506457e+01 8.137426e+01 2.652444e+02
      vertex   -3.501428e+01 8.337426e+01 2.652488e+02
    endloop
  endfacet
  facet normal -4.618343e-02 -1.038413e-03 9.989324e-01
    outer loop
      vertex   -3.501428e+01 8.337426e+01 2.652488e+02
      vertex   -3.506457e+01 8.137426e+01 2.652444e+02
      vertex   -3.460323e+01 8.137426e+01 2.652657e+02
    endloop
  endfacet
  facet normal -4.114007e-02 1.454736e-16 9.991534e-01
    outer loop
      vertex   -3.501428e+01 8.337426e+01 2.652488e+02
      vertex   -3.460323e+01 8.137426e+01 2.652657e+02
      vertex   -3.460323e+01 8.337426e+01 2.652657e+02
    endloop
  endfacet
  facet normal -1.000000e+00 0.000000e+00 0.000000e+00
    outer loop
      vertex   -3.960323e+01 8.137426e+01 2.602657e+02
      vertex   -3.960323e+01 8.537426e+01 2.602657e+02
      vertex   -3.960323e+01 8.137426e+01 2.522657e+02
    endloop
  endfacet
  facet normal -1.000000e+00 4.470744e-14 -2.235372e-14
    outer loop
      vertex   -3.960323e+01 8.137426e+01 2.522657e+02
      vertex   -3.960323e+01 8.537426e+01 2.602657e+02
      vertex   -3.960323e+01 8.135239e+01 2.519041e+02
    endloop
  endfacet
  facet normal -1.000000e+00 -1.867770e-15 4.861594e-17
    outer loop
      vertex   -3.960323e+01 8.135239e+01 2.519041e+02
      vertex   -3.960323e+01 8.537426e+01 2.602657e+02
      vertex   -3.960323e+01 8.337426e+01 1.834280e+02
    endloop
  endfacet
  facet normal -1.000000e+00 9.322353e-14 2.856346e-15
    outer loop
      vertex   -3.960323e+01 8.135239e+01 2.519041e+02
      vertex   -3.960323e+01 8.337426e+01 1.834280e+02
      vertex   -3.960323e+01 8.128709e+01 2.515478e+02
    endloop
  endfacet
  facet normal -1.000000e+00 0.000000e+00 -0.000000e+00
    outer loop
      vertex   -3.960323e+01 8.128709e+01 2.515478e+02
      vertex   -3.960323e+01 8.337426e+01 1.834280e+02
      vertex   -3.960323e+01 8.117931e+01 2.512019e+02
    endloop
  endfacet
  facet normal -1.000000e+00 0.000000e+00 -0.000000e+00
    outer loop
      vertex   -3.960323e+01 8.117931e+01 2.512019e+02
      vertex   -3.960323e+01 8.337426e+01 1.834280e+02
      vertex   -3.960323e+01 8.103063e+01 2.508716e+02
    endloop
  endfacet
  facet normal -1.000000e+00 0.000000e+00 -0.000000e+00
    outer loop
      vertex   -3.960323e+01 8.103063e+01 2.508716e+02
      vertex   -3.960323e+01 8.337426e+01 1.834280e+02
      vertex   -3.960323e+01 8.084321e+01 2.505615e+02
    endloop
  endfacet
  facet normal -1.000000e+00 0.000000e+00 -0.000000e+00
    outer loop
      vertex   -3.960323e+01 8.084321e+01 2.505615e+02
      vertex   -3.960323e+01 8.337426e+01 1.834280e+02
      vertex   -3.960323e+01 8.061979e+01 2.502764e+02
    endloop
  endfacet
  facet normal -1.000000e+00 0.000000e+00 -0.000000e+00
    outer loop
      vertex   -3.960323e+01 8.061979e+01 2.502764e+02
      vertex   -3.960323e+01 8.337426e+01 1.834280e+02
      vertex   -3.960323e+01 8.036363e+01 2.500202e+02
    endloop
  endfacet
  facet normal -1.000000e+00 2.624726e-15 1.186637e-16
    outer loop
      vertex   -3.960323e+01 8.036363e+01 2.500202e+02
      vertex   -3.960323e+01 8.337426e+01 1.834280e+02
      vertex   -3.960323e+01 7.837426e+01 1.742657e+02
    endloop
  endfacet
  facet normal -1.000000e+00 -1.500554e-16 1.915315e-16
    outer loop
      vertex   -3.960323e+01 8.036363e+01 2.500202e+02
      vertex   -3.960323e+01 7.837426e+01 1.742657e+02
      vertex   -3.960323e+01 8.007846e+01 2.497968e+02
    endloop
  endfacet
  facet normal -1.000000e+00 -1.153110e-16 1.907476e-16
    outer loop
      vertex   -3.960323e+01 8.007846e+01 2.497968e+02
      vertex   -3.960323e+01 7.837426e+01 1.742657e+02
      vertex   -3.960323e+01 7.976843e+01 2.496094e+02
    endloop
  endfacet
  facet normal -1.000000e+00 -8.560111e-17 1.901979e-16
    outer loop
      vertex   -3.960323e+01 7.976843e+01 2.496094e+02
      vertex   -3.960323e+01 7.837426e+01 1.742657e+02
      vertex   -3.960323e+01 7.943808e+01 2.494607e+02
    endloop
  endfacet
  facet normal -1.000000e+00 -5.915144e-17 1.898237e-16
    outer loop
      vertex   -3.960323e+01 7.943808e+01 2.494607e+02
      vertex   -3.960323e+01 7.837426e+01 1.742657e+02
      vertex   -3.960323e+01 7.909221e+01 2.493529e+02
    endloop
  endfacet
  facet normal -1.000000e+00 -3.474371e-17 1.895903e-16
    outer loop
      vertex   -3.960323e+01 7.909221e+01 2.493529e+02
      vertex   -3.960323e+01 7.837426e+01 1.742657e+02
      vertex   -3.960323e+01 7.873587e+01 2.492876e+02
    endloop
  endfacet
  facet normal -1.000000e+00 3.929884e-14 3.723134e-29
    outer loop
      vertex   -3.960323e+01 7.873587e+01 2.492876e+02
      vertex   -3.960323e+01 7.837426e+01 1.742657e+02
      vertex   -3.960323e+01 7.837426e+01 2.492657e+02
    endloop
  endfacet
  facet normal -1.000000e+00 3.552714e-15 -9.247310e-17
    outer loop
      vertex   -3.960323e+01 8.537426e+01 2.602657e+02
      vertex   -3.960323e+01 8.537426e+01 1.834280e+02
      vertex   -3.960323e+01 8.337426e+01 1.834280e+02
    endloop
  endfacet
  facet normal -1.000000e+00 2.842171e-15 0.000000e+00
    outer loop
      vertex   -3.960323e+01 8.337426e+01 1.834280e+02
      vertex   -3.960323e+01 8.337426e+01 1.794280e+02
      vertex   -3.960323e+01 7.837426e+01 1.742657e+02
    endloop
  endfacet
  facet normal -1.000000e+00 2.030122e-15 7.865296e-16
    outer loop
      vertex   -3.960323e+01 7.837426e+01 1.742657e+02
      vertex   -3.960323e+01 8.337426e+01 1.794280e+02
      vertex   -3.960323e+01 8.537426e+01 1.742657e+02
    endloop
  endfacet
  facet normal -1.000000e+00 3.552714e-15 1.376427e-15
    outer loop
      vertex   -3.960323e+01 8.537426e+01 1.742657e+02
      vertex   -3.960323e+01 8.337426e+01 1.794280e+02
      vertex   -3.960323e+01 8.537426e+01 1.794280e+02
    endloop
  endfacet
  facet normal 1.509646e-12 1.000000e+00 -2.203069e-13
    outer loop
      vertex   -3.957992e+01 8.537426e+01 2.607480e+02
      vertex   -3.951019e+01 8.537426e+01 2.612258e+02
      vertex   -3.960323e+01 8.537426e+01 2.602657e+02
    endloop
  endfacet
  facet normal 4.953254e-13 1.000000e+00 -1.220109e-13
    outer loop
      vertex   -3.960323e+01 8.537426e+01 2.602657e+02
      vertex   -3.951019e+01 8.537426e+01 2.612258e+02
      vertex   -3.939471e+01 8.537426e+01 2.616946e+02
    endloop
  endfacet
  facet normal -3.445520e-13 1.000000e+00 5.548386e-16
    outer loop
      vertex   -3.960323e+01 8.537426e+01 2.602657e+02
      vertex   -3.939471e+01 8.537426e+01 2.616946e+02
      vertex   -3.960323e+01 8.537426e+01 1.834280e+02
    endloop
  endfacet
  facet normal 1.040626e-15 1.000000e+00 -3.659119e-16
    outer loop
      vertex   -3.960323e+01 8.537426e+01 1.834280e+02
      vertex   -3.939471e+01 8.537426e+01 2.616946e+02
      vertex   -3.923454e+01 8.537426e+01 2.621501e+02
    endloop
  endfacet
  facet normal 7.854210e-16 1.000000e+00 -3.647166e-16
    outer loop
      vertex   -3.960323e+01 8.537426e+01 1.834280e+02
      vertex   -3.923454e+01 8.537426e+01 2.621501e+02
      vertex   -3.903118e+01 8.537426e+01 2.625881e+02
    endloop
  endfacet
  facet normal 6.185163e-16 1.000000e+00 -3.635105e-16
    outer loop
      vertex   -3.903118e+01 8.537426e+01 2.625881e+02
      vertex   -3.878653e+01 8.537426e+01 2.630043e+02
      vertex   -3.960323e+01 8.537426e+01 1.834280e+02
    endloop
  endfacet
  facet normal 4.990354e-16 1.000000e+00 -3.622843e-16
    outer loop
      vertex   -3.960323e+01 8.537426e+01 1.834280e+02
      vertex   -3.878653e+01 8.537426e+01 2.630043e+02
      vertex   -3.850287e+01 8.537426e+01 2.633951e+02
    endloop
  endfacet
  facet normal 4.078743e-16 1.000000e+00 -3.610299e-16
    outer loop
      vertex   -3.960323e+01 8.537426e+01 1.834280e+02
      vertex   -3.850287e+01 8.537426e+01 2.633951e+02
      vertex   -3.818284e+01 8.537426e+01 2.637566e+02
    endloop
  endfacet
  facet normal 1.421085e-14 1.000000e+00 -6.050976e-16
    outer loop
      vertex   -3.960323e+01 8.537426e+01 1.834280e+02
      vertex   -3.818284e+01 8.537426e+01 2.637566e+02
      vertex   -3.660323e+01 8.537426e+01 1.834280e+02
    endloop
  endfacet
  facet normal 8.086408e-16 1.000000e+00 -8.686429e-16
    outer loop
      vertex   -3.660323e+01 8.537426e+01 1.834280e+02
      vertex   -3.818284e+01 8.537426e+01 2.637566e+02
      vertex   -3.782943e+01 8.537426e+01 2.640856e+02
    endloop
  endfacet
  facet normal 6.661704e-16 1.000000e+00 -8.708088e-16
    outer loop
      vertex   -3.660323e+01 8.537426e+01 1.834280e+02
      vertex   -3.782943e+01 8.537426e+01 2.640856e+02
      vertex   -3.744593e+01 8.537426e+01 2.643790e+02
    endloop
  endfacet
  facet normal 5.424294e-16 1.000000e+00 -8.720970e-16
    outer loop
      vertex   -3.744593e+01 8.537426e+01 2.643790e+02
      vertex   -3.703593e+01 8.537426e+01 2.646340e+02
      vertex   -3.660323e+01 8.537426e+01 1.834280e+02
    endloop
  endfacet
  facet normal 4.321750e-16 1.000000e+00 -8.726845e-16
    outer loop
      vertex   -3.660323e+01 8.537426e+01 1.834280e+02
      vertex   -3.703593e+01 8.537426e+01 2.646340e+02
      vertex   -3.660323e+01 8.537426e+01 2.648483e+02
    endloop
  endfacet
  facet normal 1.000000e+00 -0.000000e+00 0.000000e+00
    outer loop
      vertex   -3.660323e+01 8.337426e+01 2.648483e+02
      vertex   -3.660323e+01 8.337426e+01 1.834280e+02
      vertex   -3.660323e+01 8.537426e+01 2.648483e+02
    endloop
  endfacet
  facet normal 1.000000e+00 0.000000e+00 0.000000e+00
    outer loop
      vertex   -3.660323e+01 8.537426e+01 2.648483e+02
      vertex   -3.660323e+01 8.337426e+01 1.834280e+02
      vertex   -3.660323e+01 8.537426e+01 1.834280e+02
    endloop
  endfacet
  facet normal 4.906767e-02 -1.614853e-16 -9.987955e-01
    outer loop
      vertex   3.455577e+01 7.971526e+01 2.292657e+02
      vertex   3.455577e+01 8.403326e+01 2.292657e+02
      vertex   3.468721e+01 7.958382e+01 2.292722e+02
    endloop
  endfacet
  facet normal 4.906767e-02 -1.522182e-16 -9.987955e-01
    outer loop
      vertex   3.468721e+01 7.958382e+01 2.292722e+02
      vertex   3.455577e+01 8.403326e+01 2.292657e+02
      vertex   3.468721e+01 8.416470e+01 2.292722e+02
    endloop
  endfacet
  facet normal 1.359317e-01 -4.216886e-16 -9.907182e-01
    outer loop
      vertex   3.468721e+01 7.958382e+01 2.292722e+02
      vertex   3.468721e+01 8.416470e+01 2.292722e+02
      vertex   3.478863e+01 8.187426e+01 2.292861e+02
    endloop
  endfacet
  facet normal 1.462736e-01 4.668969e-04 -9.892441e-01
    outer loop
      vertex   3.478863e+01 8.187426e+01 2.292861e+02
      vertex   3.468721e+01 8.416470e+01 2.292722e+02
      vertex   3.481738e+01 8.429488e+01 2.292915e+02
    endloop
  endfacet
  facet normal 2.436700e-01 -7.332520e-04 -9.698579e-01
    outer loop
      vertex   3.478863e+01 8.187426e+01 2.292861e+02
      vertex   3.481738e+01 8.429488e+01 2.292915e+02
      vertex   3.494504e+01 8.442253e+01 2.293235e+02
    endloop
  endfacet
  facet normal 2.588187e-01 -1.720741e-03 -9.659244e-01
    outer loop
      vertex   3.478863e+01 8.187426e+01 2.292861e+02
      vertex   3.494504e+01 8.442253e+01 2.293235e+02
      vertex   3.501442e+01 8.187426e+01 2.293466e+02
    endloop
  endfacet
  facet normal 3.363493e-01 6.095830e-04 -9.417371e-01
    outer loop
      vertex   3.501442e+01 8.187426e+01 2.293466e+02
      vertex   3.494504e+01 8.442253e+01 2.293235e+02
      vertex   3.506895e+01 8.454644e+01 2.293678e+02
    endloop
  endfacet
  facet normal 4.226178e-01 -1.432004e-03 -9.063069e-01
    outer loop
      vertex   3.501442e+01 8.187426e+01 2.293466e+02
      vertex   3.506895e+01 8.454644e+01 2.293678e+02
      vertex   3.522627e+01 8.187426e+01 2.294454e+02
    endloop
  endfacet
  facet normal 4.283832e-01 -1.013884e-03 -9.035966e-01
    outer loop
      vertex   3.522627e+01 8.187426e+01 2.294454e+02
      vertex   3.506895e+01 8.454644e+01 2.293678e+02
      vertex   3.518791e+01 8.466540e+01 2.294241e+02
    endloop
  endfacet
  facet normal 5.137292e-01 5.075662e-04 -8.579522e-01
    outer loop
      vertex   3.522627e+01 8.187426e+01 2.294454e+02
      vertex   3.518791e+01 8.466540e+01 2.294241e+02
      vertex   3.530079e+01 8.477828e+01 2.294917e+02
    endloop
  endfacet
  facet normal 5.735757e-01 -1.647297e-03 -8.191509e-01
    outer loop
      vertex   3.522627e+01 8.187426e+01 2.294454e+02
      vertex   3.530079e+01 8.477828e+01 2.294917e+02
      vertex   3.541775e+01 8.187426e+01 2.295795e+02
    endloop
  endfacet
  facet normal 5.958695e-01 -2.639248e-04 -8.030812e-01
    outer loop
      vertex   3.541775e+01 8.187426e+01 2.295795e+02
      vertex   3.530079e+01 8.477828e+01 2.294917e+02
      vertex   3.540649e+01 8.488398e+01 2.295701e+02
    endloop
  endfacet
  facet normal 6.714430e-01 2.112407e-04 -7.410562e-01
    outer loop
      vertex   3.541775e+01 8.187426e+01 2.295795e+02
      vertex   3.540649e+01 8.488398e+01 2.295701e+02
      vertex   3.550400e+01 8.498149e+01 2.296585e+02
    endloop
  endfacet
  facet normal 7.071058e-01 -1.642267e-03 -7.071058e-01
    outer loop
      vertex   3.541775e+01 8.187426e+01 2.295795e+02
      vertex   3.550400e+01 8.498149e+01 2.296585e+02
      vertex   3.558303e+01 8.187426e+01 2.297448e+02
    endloop
  endfacet
  facet normal 7.408608e-01 2.002839e-04 -6.716586e-01
    outer loop
      vertex   3.558303e+01 8.187426e+01 2.297448e+02
      vertex   3.550400e+01 8.498149e+01 2.296585e+02
      vertex   3.559237e+01 8.506987e+01 2.297560e+02
    endloop
  endfacet
  facet normal 8.032963e-01 -2.502227e-04 -5.955796e-01
    outer loop
      vertex   3.558303e+01 8.187426e+01 2.297448e+02
      vertex   3.559237e+01 8.506987e+01 2.297560e+02
      vertex   3.567077e+01 8.514826e+01 2.298617e+02
    endloop
  endfacet
  facet normal 8.191512e-01 -1.461143e-03 -5.735758e-01
    outer loop
      vertex   3.558303e+01 8.187426e+01 2.297448e+02
      vertex   3.567077e+01 8.514826e+01 2.298617e+02
      vertex   3.571711e+01 8.187426e+01 2.299362e+02
    endloop
  endfacet
  facet normal 8.576142e-01 4.325812e-04 -5.142934e-01
    outer loop
      vertex   3.571711e+01 8.187426e+01 2.299362e+02
      vertex   3.567077e+01 8.514826e+01 2.298617e+02
      vertex   3.573842e+01 8.521592e+01 2.299746e+02
    endloop
  endfacet
  facet normal 9.041468e-01 -8.637033e-04 -4.272211e-01
    outer loop
      vertex   3.571711e+01 8.187426e+01 2.299362e+02
      vertex   3.573842e+01 8.521592e+01 2.299746e+02
      vertex   3.579469e+01 8.527218e+01 2.300936e+02
    endloop
  endfacet
  facet normal 9.063072e-01 -1.126151e-03 -4.226180e-01
    outer loop
      vertex   3.571711e+01 8.187426e+01 2.299362e+02
      vertex   3.579469e+01 8.527218e+01 2.300936e+02
      vertex   3.581590e+01 8.187426e+01 2.301481e+02
    endloop
  endfacet
  facet normal 9.414910e-01 4.667999e-04 -3.370379e-01
    outer loop
      vertex   3.581590e+01 8.187426e+01 2.301481e+02
      vertex   3.579469e+01 8.527218e+01 2.300936e+02
      vertex   3.583902e+01 8.531652e+01 2.302175e+02
    endloop
  endfacet
  facet normal 9.659250e-01 -1.273850e-03 -2.588188e-01
    outer loop
      vertex   3.581590e+01 8.187426e+01 2.301481e+02
      vertex   3.583902e+01 8.531652e+01 2.302175e+02
      vertex   3.587639e+01 8.187426e+01 2.303739e+02
    endloop
  endfacet
  facet normal 9.700609e-01 -5.038740e-04 -2.428614e-01
    outer loop
      vertex   3.587639e+01 8.187426e+01 2.303739e+02
      vertex   3.583902e+01 8.531652e+01 2.302175e+02
      vertex   3.587100e+01 8.534849e+01 2.303451e+02
    endloop
  endfacet
  facet normal 9.891695e-01 3.210204e-04 -1.467771e-01
    outer loop
      vertex   3.587639e+01 8.187426e+01 2.303739e+02
      vertex   3.587100e+01 8.534849e+01 2.303451e+02
      vertex   3.589031e+01 8.536780e+01 2.304753e+02
    endloop
  endfacet
  facet normal 9.987955e-01 -1.629223e-15 -4.906767e-02
    outer loop
      vertex   3.589677e+01 8.537426e+01 2.306067e+02
      vertex   3.589677e+01 7.837426e+01 2.306067e+02
      vertex   3.589031e+01 8.536780e+01 2.304753e+02
    endloop
  endfacet
  facet normal 9.947781e-01 -9.996105e-04 -1.020563e-01
    outer loop
      vertex   3.589031e+01 8.536780e+01 2.304753e+02
      vertex   3.589677e+01 7.837426e+01 2.306067e+02
      vertex   3.587639e+01 8.187426e+01 2.303739e+02
    endloop
  endfacet
  facet normal 9.987983e-01 2.557583e-03 -4.894217e-02
    outer loop
      vertex   3.589677e+01 7.837426e+01 2.306067e+02
      vertex   3.589031e+01 7.838072e+01 2.304753e+02
      vertex   3.587639e+01 8.187426e+01 2.303739e+02
    endloop
  endfacet
  facet normal 9.891695e-01 -3.210204e-04 -1.467771e-01
    outer loop
      vertex   3.587639e+01 8.187426e+01 2.303739e+02
      vertex   3.589031e+01 7.838072e+01 2.304753e+02
      vertex   3.587100e+01 7.840003e+01 2.303451e+02
    endloop
  endfacet
  facet normal 9.700609e-01 5.038740e-04 -2.428614e-01
    outer loop
      vertex   3.587639e+01 8.187426e+01 2.303739e+02
      vertex   3.587100e+01 7.840003e+01 2.303451e+02
      vertex   3.583902e+01 7.843200e+01 2.302175e+02
    endloop
  endfacet
  facet normal 9.659250e-01 1.273850e-03 -2.588188e-01
    outer loop
      vertex   3.587639e+01 8.187426e+01 2.303739e+02
      vertex   3.583902e+01 7.843200e+01 2.302175e+02
      vertex   3.581590e+01 8.187426e+01 2.301481e+02
    endloop
  endfacet
  facet normal 9.414910e-01 -4.667999e-04 -3.370379e-01
    outer loop
      vertex   3.581590e+01 8.187426e+01 2.301481e+02
      vertex   3.583902e+01 7.843200e+01 2.302175e+02
      vertex   3.579469e+01 7.847634e+01 2.300936e+02
    endloop
  endfacet
  facet normal 9.063072e-01 1.126151e-03 -4.226180e-01
    outer loop
      vertex   3.581590e+01 8.187426e+01 2.301481e+02
      vertex   3.579469e+01 7.847634e+01 2.300936e+02
      vertex   3.571711e+01 8.187426e+01 2.299362e+02
    endloop
  endfacet
  facet normal 9.041468e-01 8.637033e-04 -4.272211e-01
    outer loop
      vertex   3.571711e+01 8.187426e+01 2.299362e+02
      vertex   3.579469e+01 7.847634e+01 2.300936e+02
      vertex   3.573842e+01 7.853260e+01 2.299746e+02
    endloop
  endfacet
  facet normal 8.576142e-01 -4.325812e-04 -5.142934e-01
    outer loop
      vertex   3.571711e+01 8.187426e+01 2.299362e+02
      vertex   3.573842e+01 7.853260e+01 2.299746e+02
      vertex   3.567077e+01 7.860026e+01 2.298617e+02
    endloop
  endfacet
  facet normal 8.191512e-01 1.461143e-03 -5.735758e-01
    outer loop
      vertex   3.571711e+01 8.187426e+01 2.299362e+02
      vertex   3.567077e+01 7.860026e+01 2.298617e+02
      vertex   3.558303e+01 8.187426e+01 2.297448e+02
    endloop
  endfacet
  facet normal 8.032963e-01 2.502227e-04 -5.955796e-01
    outer loop
      vertex   3.558303e+01 8.187426e+01 2.297448e+02
      vertex   3.567077e+01 7.860026e+01 2.298617e+02
      vertex   3.559237e+01 7.867865e+01 2.297560e+02
    endloop
  endfacet
  facet normal 7.408608e-01 -2.002839e-04 -6.716586e-01
    outer loop
      vertex   3.558303e+01 8.187426e+01 2.297448e+02
      vertex   3.559237e+01 7.867865e+01 2.297560e+02
      vertex   3.550400e+01 7.876703e+01 2.296585e+02
    endloop
  endfacet
  facet normal 7.071058e-01 1.642267e-03 -7.071058e-01
    outer loop
      vertex   3.558303e+01 8.187426e+01 2.297448e+02
      vertex   3.550400e+01 7.876703e+01 2.296585e+02
      vertex   3.541775e+01 8.187426e+01 2.295795e+02
    endloop
  endfacet
  facet normal 6.714430e-01 -2.112407e-04 -7.410562e-01
    outer loop
      vertex   3.541775e+01 8.187426e+01 2.295795e+02
      vertex   3.550400e+01 7.876703e+01 2.296585e+02
      vertex   3.540649e+01 7.886454e+01 2.295701e+02
    endloop
  endfacet
  facet normal 5.958695e-01 2.639248e-04 -8.030812e-01
    outer loop
      vertex   3.541775e+01 8.187426e+01 2.295795e+02
      vertex   3.540649e+01 7.886454e+01 2.295701e+02
      vertex   3.530079e+01 7.897024e+01 2.294917e+02
    endloop
  endfacet
  facet normal 5.735757e-01 1.647297e-03 -8.191509e-01
    outer loop
      vertex   3.541775e+01 8.187426e+01 2.295795e+02
      vertex   3.530079e+01 7.897024e+01 2.294917e+02
      vertex   3.522627e+01 8.187426e+01 2.294454e+02
    endloop
  endfacet
  facet normal 5.137292e-01 -5.075662e-04 -8.579522e-01
    outer loop
      vertex   3.522627e+01 8.187426e+01 2.294454e+02
      vertex   3.530079e+01 7.897024e+01 2.294917e+02
      vertex   3.518791e+01 7.908312e+01 2.294241e+02
    endloop
  endfacet
  facet normal 4.283832e-01 1.013884e-03 -9.035966e-01
    outer loop
      vertex   3.522627e+01 8.187426e+01 2.294454e+02
      vertex   3.518791e+01 7.908312e+01 2.294241e+02
      vertex   3.506895e+01 7.920208e+01 2.293678e+02
    endloop
  endfacet
  facet normal 4.226178e-01 1.432004e-03 -9.063069e-01
    outer loop
      vertex   3.522627e+01 8.187426e+01 2.294454e+02
      vertex   3.506895e+01 7.920208e+01 2.293678e+02
      vertex   3.501442e+01 8.187426e+01 2.293466e+02
    endloop
  endfacet
  facet normal 3.363493e-01 -6.095830e-04 -9.417371e-01
    outer loop
      vertex   3.501442e+01 8.187426e+01 2.293466e+02
      vertex   3.506895e+01 7.920208e+01 2.293678e+02
      vertex   3.494504e+01 7.932599e+01 2.293235e+02
    endloop
  endfacet
  facet normal 2.588187e-01 1.720741e-03 -9.659244e-01
    outer loop
      vertex   3.501442e+01 8.187426e+01 2.293466e+02
      vertex   3.494504e+01 7.932599e+01 2.293235e+02
      vertex   3.478863e+01 8.187426e+01 2.292861e+02
    endloop
  endfacet
  facet normal 2.436700e-01 7.332520e-04 -9.698579e-01
    outer loop
      vertex   3.478863e+01 8.187426e+01 2.292861e+02
      vertex   3.494504e+01 7.932599e+01 2.293235e+02
      vertex   3.481738e+01 7.945365e+01 2.292915e+02
    endloop
  endfacet
  facet normal 1.462736e-01 -4.668969e-04 -9.892441e-01
    outer loop
      vertex   3.478863e+01 8.187426e+01 2.292861e+02
      vertex   3.481738e+01 7.945365e+01 2.292915e+02
      vertex   3.468721e+01 7.958382e+01 2.292722e+02
    endloop
  endfacet
  facet normal 9.528472e-17 4.906767e-02 -9.987955e-01
    outer loop
      vertex   3.455577e+01 8.403326e+01 2.292657e+02
      vertex   2.723777e+01 8.403326e+01 2.292657e+02
      vertex   3.468721e+01 8.416470e+01 2.292722e+02
    endloop
  endfacet
  facet normal -9.316678e-04 1.016747e-01 -9.948173e-01
    outer loop
      vertex   3.468721e+01 8.416470e+01 2.292722e+02
      vertex   2.723777e+01 8.403326e+01 2.292657e+02
      vertex   3.089677e+01 8.426612e+01 2.292861e+02
    endloop
  endfacet
  facet normal 2.869381e-04 1.464497e-01 -9.892181e-01
    outer loop
      vertex   3.468721e+01 8.416470e+01 2.292722e+02
      vertex   3.089677e+01 8.426612e+01 2.292861e+02
      vertex   3.481738e+01 8.429488e+01 2.292915e+02
    endloop
  endfacet
  facet normal -4.506734e-04 2.434042e-01 -9.699248e-01
    outer loop
      vertex   3.481738e+01 8.429488e+01 2.292915e+02
      vertex   3.089677e+01 8.426612e+01 2.292861e+02
      vertex   3.494504e+01 8.442253e+01 2.293235e+02
    endloop
  endfacet
  facet normal -1.083158e-03 2.588189e-01 -9.659253e-01
    outer loop
      vertex   3.494504e+01 8.442253e+01 2.293235e+02
      vertex   3.089677e+01 8.426612e+01 2.292861e+02
      vertex   3.089677e+01 8.449191e+01 2.293466e+02
    endloop
  endfacet
  facet normal 3.874918e-04 3.365463e-01 -9.416668e-01
    outer loop
      vertex   3.494504e+01 8.442253e+01 2.293235e+02
      vertex   3.089677e+01 8.449191e+01 2.293466e+02
      vertex   3.506895e+01 8.454644e+01 2.293678e+02
    endloop
  endfacet
  facet normal -9.171644e-04 4.226181e-01 -9.063074e-01
    outer loop
      vertex   3.506895e+01 8.454644e+01 2.293678e+02
      vertex   3.089677e+01 8.449191e+01 2.293466e+02
      vertex   3.089677e+01 8.470376e+01 2.294454e+02
    endloop
  endfacet
  facet normal -6.627131e-04 4.280965e-01 -9.037328e-01
    outer loop
      vertex   3.506895e+01 8.454644e+01 2.293678e+02
      vertex   3.089677e+01 8.470376e+01 2.294454e+02
      vertex   3.518791e+01 8.466540e+01 2.294241e+02
    endloop
  endfacet
  facet normal 3.316847e-04 5.138587e-01 -8.578748e-01
    outer loop
      vertex   3.518791e+01 8.466540e+01 2.294241e+02
      vertex   3.089677e+01 8.470376e+01 2.294454e+02
      vertex   3.530079e+01 8.477828e+01 2.294917e+02
    endloop
  endfacet
  facet normal -1.086232e-03 5.735761e-01 -8.191516e-01
    outer loop
      vertex   3.530079e+01 8.477828e+01 2.294917e+02
      vertex   3.089677e+01 8.470376e+01 2.294454e+02
      vertex   3.089677e+01 8.489524e+01 2.295795e+02
    endloop
  endfacet
  facet normal -1.763673e-04 5.958131e-01 -8.031231e-01
    outer loop
      vertex   3.530079e+01 8.477828e+01 2.294917e+02
      vertex   3.089677e+01 8.489524e+01 2.295795e+02
      vertex   3.540649e+01 8.488398e+01 2.295701e+02
    endloop
  endfacet
  facet normal 1.411472e-04 6.714815e-01 -7.410213e-01
    outer loop
      vertex   3.540649e+01 8.488398e+01 2.295701e+02
      vertex   3.089677e+01 8.489524e+01 2.295795e+02
      vertex   3.550400e+01 8.498149e+01 2.296585e+02
    endloop
  endfacet
  facet normal -1.107587e-03 7.071063e-01 -7.071063e-01
    outer loop
      vertex   3.550400e+01 8.498149e+01 2.296585e+02
      vertex   3.089677e+01 8.489524e+01 2.295795e+02
      vertex   3.089677e+01 8.506053e+01 2.297448e+02
    endloop
  endfacet
  facet normal 1.361697e-04 7.408897e-01 -6.716267e-01
    outer loop
      vertex   3.550400e+01 8.498149e+01 2.296585e+02
      vertex   3.089677e+01 8.506053e+01 2.297448e+02
      vertex   3.559237e+01 8.506987e+01 2.297560e+02
    endloop
  endfacet
  facet normal -1.701413e-04 8.032679e-01 -5.956179e-01
    outer loop
      vertex   3.559237e+01 8.506987e+01 2.297560e+02
      vertex   3.089677e+01 8.506053e+01 2.297448e+02
      vertex   3.567077e+01 8.514826e+01 2.298617e+02
    endloop
  endfacet
  facet normal -1.002050e-03 8.191516e-01 -5.735761e-01
    outer loop
      vertex   3.567077e+01 8.514826e+01 2.298617e+02
      vertex   3.089677e+01 8.506053e+01 2.297448e+02
      vertex   3.089677e+01 8.519460e+01 2.299362e+02
    endloop
  endfacet
  facet normal 2.979356e-04 8.576498e-01 -5.142341e-01
    outer loop
      vertex   3.567077e+01 8.514826e+01 2.298617e+02
      vertex   3.089677e+01 8.519460e+01 2.299362e+02
      vertex   3.573842e+01 8.521592e+01 2.299746e+02
    endloop
  endfacet
  facet normal -5.950797e-04 9.040979e-01 -4.273250e-01
    outer loop
      vertex   3.573842e+01 8.521592e+01 2.299746e+02
      vertex   3.089677e+01 8.519460e+01 2.299362e+02
      vertex   3.579469e+01 8.527218e+01 2.300936e+02
    endloop
  endfacet
  facet normal -7.812647e-04 9.063075e-01 -4.226181e-01
    outer loop
      vertex   3.579469e+01 8.527218e+01 2.300936e+02
      vertex   3.089677e+01 8.519460e+01 2.299362e+02
      vertex   3.089677e+01 8.529339e+01 2.301481e+02
    endloop
  endfacet
  facet normal 3.244141e-04 9.415072e-01 -3.369927e-01
    outer loop
      vertex   3.579469e+01 8.527218e+01 2.300936e+02
      vertex   3.089677e+01 8.529339e+01 2.301481e+02
      vertex   3.583902e+01 8.531652e+01 2.302175e+02
    endloop
  endfacet
  facet normal -8.872303e-04 9.659254e-01 -2.588189e-01
    outer loop
      vertex   3.583902e+01 8.531652e+01 2.302175e+02
      vertex   3.089677e+01 8.529339e+01 2.301481e+02
      vertex   3.089677e+01 8.535389e+01 2.303739e+02
    endloop
  endfacet
  facet normal -3.521452e-04 9.700520e-01 -2.428972e-01
    outer loop
      vertex   3.583902e+01 8.531652e+01 2.302175e+02
      vertex   3.089677e+01 8.535389e+01 2.303739e+02
      vertex   3.587100e+01 8.534849e+01 2.303451e+02
    endloop
  endfacet
  facet normal 2.242988e-04 9.891717e-01 -1.467630e-01
    outer loop
      vertex   3.587100e+01 8.534849e+01 2.303451e+02
      vertex   3.089677e+01 8.535389e+01 2.303739e+02
      vertex   3.589031e+01 8.536780e+01 2.304753e+02
    endloop
  endfacet
  facet normal -1.788548e-03 9.987982e-01 -4.897994e-02
    outer loop
      vertex   3.589031e+01 8.536780e+01 2.304753e+02
      vertex   3.089677e+01 8.535389e+01 2.303739e+02
      vertex   3.589677e+01 8.537426e+01 2.306067e+02
    endloop
  endfacet
  facet normal 6.994579e-04 9.947790e-01 -1.020506e-01
    outer loop
      vertex   3.589677e+01 8.537426e+01 2.306067e+02
      vertex   3.089677e+01 8.535389e+01 2.303739e+02
      vertex   2.590322e+01 8.536780e+01 2.304753e+02
    endloop
  endfacet
  facet normal 0.000000e+00 9.987955e-01 -4.906767e-02
    outer loop
      vertex   3.589677e+01 8.537426e+01 2.306067e+02
      vertex   2.590322e+01 8.536780e+01 2.304753e+02
      vertex   2.589677e+01 8.537426e+01 2.306067e+02
    endloop
  endfacet
  facet normal 2.292272e-03 5.135417e-02 -9.986779e-01
    outer loop
      vertex   2.723777e+01 8.403326e+01 2.292657e+02
      vertex   2.710633e+01 8.416470e+01 2.292722e+02
      vertex   3.089677e+01 8.426612e+01 2.292861e+02
    endloop
  endfacet
  facet normal -2.869381e-04 1.464497e-01 -9.892181e-01
    outer loop
      vertex   3.089677e+01 8.426612e+01 2.292861e+02
      vertex   2.710633e+01 8.416470e+01 2.292722e+02
      vertex   2.697615e+01 8.429488e+01 2.292915e+02
    endloop
  endfacet
  facet normal 4.506734e-04 2.434042e-01 -9.699248e-01
    outer loop
      vertex   3.089677e+01 8.426612e+01 2.292861e+02
      vertex   2.697615e+01 8.429488e+01 2.292915e+02
      vertex   2.684850e+01 8.442253e+01 2.293235e+02
    endloop
  endfacet
  facet normal 1.083158e-03 2.588189e-01 -9.659253e-01
    outer loop
      vertex   3.089677e+01 8.426612e+01 2.292861e+02
      vertex   2.684850e+01 8.442253e+01 2.293235e+02
      vertex   3.089677e+01 8.449191e+01 2.293466e+02
    endloop
  endfacet
  facet normal -3.874918e-04 3.365463e-01 -9.416668e-01
    outer loop
      vertex   3.089677e+01 8.449191e+01 2.293466e+02
      vertex   2.684850e+01 8.442253e+01 2.293235e+02
      vertex   2.672459e+01 8.454644e+01 2.293678e+02
    endloop
  endfacet
  facet normal 9.171644e-04 4.226181e-01 -9.063074e-01
    outer loop
      vertex   3.089677e+01 8.449191e+01 2.293466e+02
      vertex   2.672459e+01 8.454644e+01 2.293678e+02
      vertex   3.089677e+01 8.470376e+01 2.294454e+02
    endloop
  endfacet
  facet normal 6.627131e-04 4.280965e-01 -9.037328e-01
    outer loop
      vertex   3.089677e+01 8.470376e+01 2.294454e+02
      vertex   2.672459e+01 8.454644e+01 2.293678e+02
      vertex   2.660562e+01 8.466540e+01 2.294241e+02
    endloop
  endfacet
  facet normal -3.316847e-04 5.138587e-01 -8.578748e-01
    outer loop
      vertex   3.089677e+01 8.470376e+01 2.294454e+02
      vertex   2.660562e+01 8.466540e+01 2.294241e+02
      vertex   2.649275e+01 8.477828e+01 2.294917e+02
    endloop
  endfacet
  facet normal 1.086232e-03 5.735761e-01 -8.191516e-01
    outer loop
      vertex   3.089677e+01 8.470376e+01 2.294454e+02
      vertex   2.649275e+01 8.477828e+01 2.294917e+02
      vertex   3.089677e+01 8.489524e+01 2.295795e+02
    endloop
  endfacet
  facet normal 1.763673e-04 5.958131e-01 -8.031231e-01
    outer loop
      vertex   3.089677e+01 8.489524e+01 2.295795e+02
      vertex   2.649275e+01 8.477828e+01 2.294917e+02
      vertex   2.638705e+01 8.488398e+01 2.295701e+02
    endloop
  endfacet
  facet normal -1.411472e-04 6.714815e-01 -7.410213e-01
    outer loop
      vertex   3.089677e+01 8.489524e+01 2.295795e+02
      vertex   2.638705e+01 8.488398e+01 2.295701e+02
      vertex   2.628954e+01 8.498149e+01 2.296585e+02
    endloop
  endfacet
  facet normal 1.107587e-03 7.071063e-01 -7.071063e-01
    outer loop
      vertex   3.089677e+01 8.489524e+01 2.295795e+02
      vertex   2.628954e+01 8.498149e+01 2.296585e+02
      vertex   3.089677e+01 8.506053e+01 2.297448e+02
    endloop
  endfacet
  facet normal -1.361697e-04 7.408897e-01 -6.716267e-01
    outer loop
      vertex   3.089677e+01 8.506053e+01 2.297448e+02
      vertex   2.628954e+01 8.498149e+01 2.296585e+02
      vertex   2.620116e+01 8.506987e+01 2.297560e+02
    endloop
  endfacet
  facet normal 1.701413e-04 8.032679e-01 -5.956179e-01
    outer loop
      vertex   3.089677e+01 8.506053e+01 2.297448e+02
      vertex   2.620116e+01 8.506987e+01 2.297560e+02
      vertex   2.612277e+01 8.514826e+01 2.298617e+02
    endloop
  endfacet
  facet normal 1.002050e-03 8.191516e-01 -5.735761e-01
    outer loop
      vertex   3.089677e+01 8.506053e+01 2.297448e+02
      vertex   2.612277e+01 8.514826e+01 2.298617e+02
      vertex   3.089677e+01 8.519460e+01 2.299362e+02
    endloop
  endfacet
  facet normal -2.979356e-04 8.576498e-01 -5.142341e-01
    outer loop
      vertex   3.089677e+01 8.519460e+01 2.299362e+02
      vertex   2.612277e+01 8.514826e+01 2.298617e+02
      vertex   2.605511e+01 8.521592e+01 2.299746e+02
    endloop
  endfacet
  facet normal 5.950797e-04 9.040979e-01 -4.273250e-01
    outer loop
      vertex   3.089677e+01 8.519460e+01 2.299362e+02
      vertex   2.605511e+01 8.521592e+01 2.299746e+02
      vertex   2.599885e+01 8.527218e+01 2.300936e+02
    endloop
  endfacet
  facet normal 7.812647e-04 9.063075e-01 -4.226181e-01
    outer loop
      vertex   3.089677e+01 8.519460e+01 2.299362e+02
      vertex   2.599885e+01 8.527218e+01 2.300936e+02
      vertex   3.089677e+01 8.529339e+01 2.301481e+02
    endloop
  endfacet
  facet normal -3.244141e-04 9.415072e-01 -3.369927e-01
    outer loop
      vertex   3.089677e+01 8.529339e+01 2.301481e+02
      vertex   2.599885e+01 8.527218e+01 2.300936e+02
      vertex   2.595451e+01 8.531652e+01 2.302175e+02
    endloop
  endfacet
  facet normal 8.872303e-04 9.659254e-01 -2.588189e-01
    outer loop
      vertex   3.089677e+01 8.529339e+01 2.301481e+02
      vertex   2.595451e+01 8.531652e+01 2.302175e+02
      vertex   3.089677e+01 8.535389e+01 2.303739e+02
    endloop
  endfacet
  facet normal 3.521452e-04 9.700520e-01 -2.428972e-01
    outer loop
      vertex   3.089677e+01 8.535389e+01 2.303739e+02
      vertex   2.595451e+01 8.531652e+01 2.302175e+02
      vertex   2.592253e+01 8.534849e+01 2.303451e+02
    endloop
  endfacet
  facet normal -2.242988e-04 9.891717e-01 -1.467630e-01
    outer loop
      vertex   3.089677e+01 8.535389e+01 2.303739e+02
      vertex   2.592253e+01 8.534849e+01 2.303451e+02
      vertex   2.590322e+01 8.536780e+01 2.304753e+02
    endloop
  endfacet
  facet normal -9.987955e-01 6.972936e-16 -4.906767e-02
    outer loop
      vertex   2.589677e+01 8.137426e+01 2.306067e+02
      vertex   2.589677e+01 8.537426e+01 2.306067e+02
      vertex   2.590322e+01 8.138072e+01 2.304753e+02
    endloop
  endfacet
  facet normal -9.987955e-01 -4.449910e-15 -4.906767e-02
    outer loop
      vertex   2.590322e+01 8.138072e+01 2.304753e+02
      vertex   2.589677e+01 8.537426e+01 2.306067e+02
      vertex   2.590322e+01 8.536780e+01 2.304753e+02
    endloop
  endfacet
  facet normal -9.891765e-01 -4.407055e-15 -1.467305e-01
    outer loop
      vertex   2.590322e+01 8.138072e+01 2.304753e+02
      vertex   2.590322e+01 8.536780e+01 2.304753e+02
      vertex   2.592253e+01 8.534849e+01 2.303451e+02
    endloop
  endfacet
  facet normal -9.700313e-01 -2.661525e-15 -2.429802e-01
    outer loop
      vertex   2.595451e+01 8.531652e+01 2.302175e+02
      vertex   2.595451e+01 8.143200e+01 2.302175e+02
      vertex   2.592253e+01 8.534849e+01 2.303451e+02
    endloop
  endfacet
  facet normal -9.700313e-01 -3.491222e-15 -2.429802e-01
    outer loop
      vertex   2.592253e+01 8.534849e+01 2.303451e+02
      vertex   2.595451e+01 8.143200e+01 2.302175e+02
      vertex   2.592253e+01 8.140003e+01 2.303451e+02
    endloop
  endfacet
  facet normal -9.891765e-01 -3.560128e-15 -1.467305e-01
    outer loop
      vertex   2.592253e+01 8.534849e+01 2.303451e+02
      vertex   2.592253e+01 8.140003e+01 2.303451e+02
      vertex   2.590322e+01 8.138072e+01 2.304753e+02
    endloop
  endfacet
  facet normal -9.415441e-01 -2.583363e-15 -3.368899e-01
    outer loop
      vertex   2.595451e+01 8.531652e+01 2.302175e+02
      vertex   2.599885e+01 8.527218e+01 2.300936e+02
      vertex   2.595451e+01 8.143200e+01 2.302175e+02
    endloop
  endfacet
  facet normal -9.415441e-01 2.401374e-15 -3.368899e-01
    outer loop
      vertex   2.595451e+01 8.143200e+01 2.302175e+02
      vertex   2.599885e+01 8.527218e+01 2.300936e+02
      vertex   2.599885e+01 8.147634e+01 2.300936e+02
    endloop
  endfacet
  facet normal -9.039893e-01 3.864449e-15 -4.275551e-01
    outer loop
      vertex   2.599885e+01 8.147634e+01 2.300936e+02
      vertex   2.599885e+01 8.527218e+01 2.300936e+02
      vertex   2.605511e+01 8.153260e+01 2.299746e+02
    endloop
  endfacet
  facet normal -9.039893e-01 -2.615810e-15 -4.275551e-01
    outer loop
      vertex   2.605511e+01 8.153260e+01 2.299746e+02
      vertex   2.599885e+01 8.527218e+01 2.300936e+02
      vertex   2.605511e+01 8.521592e+01 2.299746e+02
    endloop
  endfacet
  facet normal -8.577286e-01 -2.481948e-15 -5.141027e-01
    outer loop
      vertex   2.605511e+01 8.153260e+01 2.299746e+02
      vertex   2.605511e+01 8.521592e+01 2.299746e+02
      vertex   2.612277e+01 8.514826e+01 2.298617e+02
    endloop
  endfacet
  facet normal -8.032075e-01 4.992546e-15 -5.956993e-01
    outer loop
      vertex   2.620116e+01 8.506987e+01 2.297560e+02
      vertex   2.620116e+01 8.167865e+01 2.297560e+02
      vertex   2.612277e+01 8.514826e+01 2.298617e+02
    endloop
  endfacet
  facet normal -8.032075e-01 3.163375e-15 -5.956993e-01
    outer loop
      vertex   2.612277e+01 8.514826e+01 2.298617e+02
      vertex   2.620116e+01 8.167865e+01 2.297560e+02
      vertex   2.612277e+01 8.160026e+01 2.298617e+02
    endloop
  endfacet
  facet normal -8.577286e-01 2.400549e-15 -5.141027e-01
    outer loop
      vertex   2.612277e+01 8.514826e+01 2.298617e+02
      vertex   2.612277e+01 8.160026e+01 2.298617e+02
      vertex   2.605511e+01 8.153260e+01 2.299746e+02
    endloop
  endfacet
  facet normal -7.409511e-01 5.628325e-15 -6.715590e-01
    outer loop
      vertex   2.620116e+01 8.506987e+01 2.297560e+02
      vertex   2.628954e+01 8.498149e+01 2.296585e+02
      vertex   2.620116e+01 8.167865e+01 2.297560e+02
    endloop
  endfacet
  facet normal -7.409511e-01 0.000000e+00 -6.715590e-01
    outer loop
      vertex   2.620116e+01 8.167865e+01 2.297560e+02
      vertex   2.628954e+01 8.498149e+01 2.296585e+02
      vertex   2.628954e+01 8.176703e+01 2.296585e+02
    endloop
  endfacet
  facet normal -6.715590e-01 0.000000e+00 -7.409511e-01
    outer loop
      vertex   2.628954e+01 8.176703e+01 2.296585e+02
      vertex   2.628954e+01 8.498149e+01 2.296585e+02
      vertex   2.638705e+01 8.488398e+01 2.295701e+02
    endloop
  endfacet
  facet normal -6.715590e-01 0.000000e+00 -7.409511e-01
    outer loop
      vertex   2.628954e+01 8.176703e+01 2.296585e+02
      vertex   2.638705e+01 8.488398e+01 2.295701e+02
      vertex   2.638705e+01 8.186454e+01 2.295701e+02
    endloop
  endfacet
  facet normal -5.956993e-01 0.000000e+00 -8.032075e-01
    outer loop
      vertex   2.638705e+01 8.186454e+01 2.295701e+02
      vertex   2.638705e+01 8.488398e+01 2.295701e+02
      vertex   2.649275e+01 8.197024e+01 2.294917e+02
    endloop
  endfacet
  facet normal -5.956993e-01 8.129705e-15 -8.032075e-01
    outer loop
      vertex   2.649275e+01 8.197024e+01 2.294917e+02
      vertex   2.638705e+01 8.488398e+01 2.295701e+02
      vertex   2.649275e+01 8.477828e+01 2.294917e+02
    endloop
  endfacet
  facet normal -5.141027e-01 8.681543e-15 -8.577286e-01
    outer loop
      vertex   2.649275e+01 8.197024e+01 2.294917e+02
      vertex   2.649275e+01 8.477828e+01 2.294917e+02
      vertex   2.660562e+01 8.466540e+01 2.294241e+02
    endloop
  endfacet
  facet normal -4.275551e-01 1.095947e-14 -9.039893e-01
    outer loop
      vertex   2.672459e+01 8.454644e+01 2.293678e+02
      vertex   2.672459e+01 8.220208e+01 2.293678e+02
      vertex   2.660562e+01 8.466540e+01 2.294241e+02
    endloop
  endfacet
  facet normal -4.275551e-01 9.949680e-15 -9.039893e-01
    outer loop
      vertex   2.660562e+01 8.466540e+01 2.294241e+02
      vertex   2.672459e+01 8.220208e+01 2.293678e+02
      vertex   2.660562e+01 8.208312e+01 2.294241e+02
    endloop
  endfacet
  facet normal -5.141027e-01 9.440516e-15 -8.577286e-01
    outer loop
      vertex   2.660562e+01 8.466540e+01 2.294241e+02
      vertex   2.660562e+01 8.208312e+01 2.294241e+02
      vertex   2.649275e+01 8.197024e+01 2.294917e+02
    endloop
  endfacet
  facet normal -3.368899e-01 1.141477e-14 -9.415441e-01
    outer loop
      vertex   2.672459e+01 8.454644e+01 2.293678e+02
      vertex   2.684850e+01 8.442253e+01 2.293235e+02
      vertex   2.672459e+01 8.220208e+01 2.293678e+02
    endloop
  endfacet
  facet normal -3.368899e-01 1.276345e-14 -9.415441e-01
    outer loop
      vertex   2.672459e+01 8.220208e+01 2.293678e+02
      vertex   2.684850e+01 8.442253e+01 2.293235e+02
      vertex   2.684850e+01 8.232599e+01 2.293235e+02
    endloop
  endfacet
  facet normal -2.429802e-01 1.315019e-14 -9.700313e-01
    outer loop
      vertex   2.684850e+01 8.232599e+01 2.293235e+02
      vertex   2.684850e+01 8.442253e+01 2.293235e+02
      vertex   2.697615e+01 8.245365e+01 2.292915e+02
    endloop
  endfacet
  facet normal -2.429802e-01 1.497364e-14 -9.700313e-01
    outer loop
      vertex   2.697615e+01 8.245365e+01 2.292915e+02
      vertex   2.684850e+01 8.442253e+01 2.293235e+02
      vertex   2.697615e+01 8.429488e+01 2.292915e+02
    endloop
  endfacet
  facet normal -1.467305e-01 1.526917e-14 -9.891765e-01
    outer loop
      vertex   2.697615e+01 8.245365e+01 2.292915e+02
      vertex   2.697615e+01 8.429488e+01 2.292915e+02
      vertex   2.710633e+01 8.416470e+01 2.292722e+02
    endloop
  endfacet
  facet normal -4.906767e-02 -0.000000e+00 -9.987955e-01
    outer loop
      vertex   2.723777e+01 8.403326e+01 2.292657e+02
      vertex   2.723777e+01 8.271526e+01 2.292657e+02
      vertex   2.710633e+01 8.416470e+01 2.292722e+02
    endloop
  endfacet
  facet normal -4.906767e-02 1.795673e-14 -9.987955e-01
    outer loop
      vertex   2.710633e+01 8.416470e+01 2.292722e+02
      vertex   2.723777e+01 8.271526e+01 2.292657e+02
      vertex   2.710633e+01 8.258382e+01 2.292722e+02
    endloop
  endfacet
  facet normal -1.467305e-01 1.778380e-14 -9.891765e-01
    outer loop
      vertex   2.710633e+01 8.416470e+01 2.292722e+02
      vertex   2.710633e+01 8.258382e+01 2.292722e+02
      vertex   2.697615e+01 8.245365e+01 2.292915e+02
    endloop
  endfacet
  facet normal -9.621342e-01 -2.670655e-01 -5.453276e-02
    outer loop
      vertex   3.290278e+01 7.838201e+01 2.304627e+02
      vertex   3.289677e+01 7.837426e+01 2.306067e+02
      vertex   3.282058e+01 7.869627e+01 2.303739e+02
    endloop
  endfacet
  facet normal -9.495126e-01 -2.972357e-01 -1.003828e-01
    outer loop
      vertex   3.282058e+01 7.869627e+01 2.303739e+02
      vertex   3.289677e+01 7.837426e+01 2.306067e+02
      vertex   3.277566e+01 7.876115e+01 2.306067e+02
    endloop
  endfacet
  facet normal -9.272979e-01 -3.663524e-01 -7.684104e-02
    outer loop
      vertex   3.282058e+01 7.869627e+01 2.303739e+02
      vertex   3.277566e+01 7.876115e+01 2.306067e+02
      vertex   3.269892e+01 7.900422e+01 2.303739e+02
    endloop
  endfacet
  facet normal -9.138617e-01 -3.915239e-01 -1.075444e-01
    outer loop
      vertex   3.269892e+01 7.900422e+01 2.303739e+02
      vertex   3.277566e+01 7.876115e+01 2.306067e+02
      vertex   3.261601e+01 7.913379e+01 2.306067e+02
    endloop
  endfacet
  facet normal -8.942822e-01 -4.415527e-01 -7.273692e-02
    outer loop
      vertex   3.269892e+01 7.900422e+01 2.303739e+02
      vertex   3.261601e+01 7.913379e+01 2.306067e+02
      vertex   3.255233e+01 7.930112e+01 2.303739e+02
    endloop
  endfacet
  facet normal -8.694410e-01 -4.819602e-01 -1.085663e-01
    outer loop
      vertex   3.255233e+01 7.930112e+01 2.303739e+02
      vertex   3.261601e+01 7.913379e+01 2.306067e+02
      vertex   3.241946e+01 7.948836e+01 2.306067e+02
    endloop
  endfacet
  facet normal -8.547841e-01 -5.135666e-01 -7.478949e-02
    outer loop
      vertex   3.255233e+01 7.930112e+01 2.303739e+02
      vertex   3.241946e+01 7.948836e+01 2.306067e+02
      vertex   3.238180e+01 7.958495e+01 2.303739e+02
    endloop
  endfacet
  facet normal -8.166392e-01 -5.678008e-01 -1.034539e-01
    outer loop
      vertex   3.238180e+01 7.958495e+01 2.303739e+02
      vertex   3.241946e+01 7.948836e+01 2.306067e+02
      vertex   3.218803e+01 7.982121e+01 2.306067e+02
    endloop
  endfacet
  facet normal -8.090973e-01 -5.817855e-01 -8.298921e-02
    outer loop
      vertex   3.238180e+01 7.958495e+01 2.303739e+02
      vertex   3.218803e+01 7.982121e+01 2.306067e+02
      vertex   3.218850e+01 7.985378e+01 2.303739e+02
    endloop
  endfacet
  facet normal -7.558133e-01 -6.482661e-01 -9.218021e-02
    outer loop
      vertex   3.218850e+01 7.985378e+01 2.303739e+02
      vertex   3.218803e+01 7.982121e+01 2.306067e+02
      vertex   3.192410e+01 8.012893e+01 2.306067e+02
    endloop
  endfacet
  facet normal -7.574932e-01 -6.455524e-01 -9.729413e-02
    outer loop
      vertex   3.218850e+01 7.985378e+01 2.303739e+02
      vertex   3.192410e+01 8.012893e+01 2.306067e+02
      vertex   3.197373e+01 8.010579e+01 2.303739e+02
    endloop
  endfacet
  facet normal -7.029116e-01 -7.068120e-01 -7.957478e-02
    outer loop
      vertex   3.197373e+01 8.010579e+01 2.303739e+02
      vertex   3.192410e+01 8.012893e+01 2.306067e+02
      vertex   3.173895e+01 8.033927e+01 2.303739e+02
    endloop
  endfacet
  facet normal -6.811591e-01 -6.849387e-01 -2.586142e-01
    outer loop
      vertex   3.197373e+01 8.010579e+01 2.303739e+02
      vertex   3.173895e+01 8.033927e+01 2.303739e+02
      vertex   3.177980e+01 8.038389e+01 2.301481e+02
    endloop
  endfacet
  facet normal -6.224859e-01 -7.386677e-01 -2.586142e-01
    outer loop
      vertex   3.177980e+01 8.038389e+01 2.301481e+02
      vertex   3.173895e+01 8.033927e+01 2.303739e+02
      vertex   3.152280e+01 8.060047e+01 2.301481e+02
    endloop
  endfacet
  facet normal -5.841207e-01 -6.931419e-01 -4.223237e-01
    outer loop
      vertex   3.177980e+01 8.038389e+01 2.301481e+02
      vertex   3.152280e+01 8.060047e+01 2.301481e+02
      vertex   3.158329e+01 8.067857e+01 2.299362e+02
    endloop
  endfacet
  facet normal -5.251016e-01 -7.388579e-01 -4.223237e-01
    outer loop
      vertex   3.158329e+01 8.067857e+01 2.299362e+02
      vertex   3.152280e+01 8.060047e+01 2.301481e+02
      vertex   3.130270e+01 8.087799e+01 2.299362e+02
    endloop
  endfacet
  facet normal -4.746654e-01 -6.678903e-01 -5.732498e-01
    outer loop
      vertex   3.158329e+01 8.067857e+01 2.299362e+02
      vertex   3.130270e+01 8.087799e+01 2.299362e+02
      vertex   3.137581e+01 8.099038e+01 2.297448e+02
    endloop
  endfacet
  facet normal -4.180955e-01 -7.046849e-01 -5.732498e-01
    outer loop
      vertex   3.137581e+01 8.099038e+01 2.297448e+02
      vertex   3.130270e+01 8.087799e+01 2.299362e+02
      vertex   3.107026e+01 8.117166e+01 2.297448e+02
    endloop
  endfacet
  facet normal -3.609599e-01 -6.083850e-01 -7.068067e-01
    outer loop
      vertex   3.137581e+01 8.099038e+01 2.297448e+02
      vertex   3.107026e+01 8.117166e+01 2.297448e+02
      vertex   3.114868e+01 8.131716e+01 2.295795e+02
    endloop
  endfacet
  facet normal -3.096722e-01 -6.360247e-01 -7.068067e-01
    outer loop
      vertex   3.114868e+01 8.131716e+01 2.295795e+02
      vertex   3.107026e+01 8.117166e+01 2.297448e+02
      vertex   3.081701e+01 8.147865e+01 2.295795e+02
    endloop
  endfacet
  facet normal -2.512301e-01 -5.159924e-01 -8.189233e-01
    outer loop
      vertex   3.114868e+01 8.131716e+01 2.295795e+02
      vertex   3.081701e+01 8.147865e+01 2.295795e+02
      vertex   3.089367e+01 8.165411e+01 2.294454e+02
    endloop
  endfacet
  facet normal -2.079175e-01 -5.349159e-01 -8.189233e-01
    outer loop
      vertex   3.089367e+01 8.165411e+01 2.294454e+02
      vertex   3.081701e+01 8.147865e+01 2.295795e+02
      vertex   3.053515e+01 8.179346e+01 2.294454e+02
    endloop
  endfacet
  facet normal -1.532157e-01 -3.941830e-01 -9.061703e-01
    outer loop
      vertex   3.089367e+01 8.165411e+01 2.294454e+02
      vertex   3.053515e+01 8.179346e+01 2.294454e+02
      vertex   3.060370e+01 8.199392e+01 2.293466e+02
    endloop
  endfacet
  facet normal -1.202591e-01 -4.054541e-01 -9.061703e-01
    outer loop
      vertex   3.060370e+01 8.199392e+01 2.293466e+02
      vertex   3.053515e+01 8.179346e+01 2.294454e+02
      vertex   3.021819e+01 8.210826e+01 2.293466e+02
    endloop
  endfacet
  facet normal -7.365585e-02 -2.483310e-01 -9.658709e-01
    outer loop
      vertex   3.060370e+01 8.199392e+01 2.293466e+02
      vertex   3.021819e+01 8.210826e+01 2.293466e+02
      vertex   3.027343e+01 8.232719e+01 2.292861e+02
    endloop
  endfacet
  facet normal -5.297111e-02 -2.535498e-01 -9.658709e-01
    outer loop
      vertex   3.027343e+01 8.232719e+01 2.292861e+02
      vertex   3.021819e+01 8.210826e+01 2.293466e+02
      vertex   2.986162e+01 8.241322e+01 2.292861e+02
    endloop
  endfacet
  facet normal -1.757722e-02 -8.413457e-02 -9.962994e-01
    outer loop
      vertex   3.027343e+01 8.232719e+01 2.292861e+02
      vertex   2.986162e+01 8.241322e+01 2.292861e+02
      vertex   3.001244e+01 8.262296e+01 2.292657e+02
    endloop
  endfacet
  facet normal -1.235005e-02 -8.786954e-02 -9.960554e-01
    outer loop
      vertex   3.001244e+01 8.262296e+01 2.292657e+02
      vertex   2.986162e+01 8.241322e+01 2.292861e+02
      vertex   2.952026e+01 8.269214e+01 2.292657e+02
    endloop
  endfacet
  facet normal -1.065863e-02 -8.581396e-02 -9.962542e-01
    outer loop
      vertex   2.952026e+01 8.269214e+01 2.292657e+02
      vertex   2.986162e+01 8.241322e+01 2.292861e+02
      vertex   2.944413e+01 8.246507e+01 2.292861e+02
    endloop
  endfacet
  facet normal -4.098956e-03 -8.800063e-02 -9.961120e-01
    outer loop
      vertex   2.952026e+01 8.269214e+01 2.292657e+02
      vertex   2.944413e+01 8.246507e+01 2.292861e+02
      vertex   2.902378e+01 8.271526e+01 2.292657e+02
    endloop
  endfacet
  facet normal -3.592052e-03 -8.715518e-02 -9.961883e-01
    outer loop
      vertex   2.902378e+01 8.271526e+01 2.292657e+02
      vertex   2.944413e+01 8.246507e+01 2.292861e+02
      vertex   2.902378e+01 8.248240e+01 2.292861e+02
    endloop
  endfacet
  facet normal -1.066648e-02 -2.588043e-01 -9.658709e-01
    outer loop
      vertex   2.902378e+01 8.248240e+01 2.292861e+02
      vertex   2.944413e+01 8.246507e+01 2.292861e+02
      vertex   2.942555e+01 8.224005e+01 2.293466e+02
    endloop
  endfacet
  facet normal -1.066648e-02 -2.588043e-01 -9.658709e-01
    outer loop
      vertex   2.902378e+01 8.248240e+01 2.292861e+02
      vertex   2.942555e+01 8.224005e+01 2.293466e+02
      vertex   2.902378e+01 8.225661e+01 2.293466e+02
    endloop
  endfacet
  facet normal -1.741533e-02 -4.225542e-01 -9.061703e-01
    outer loop
      vertex   2.902378e+01 8.225661e+01 2.293466e+02
      vertex   2.942555e+01 8.224005e+01 2.293466e+02
      vertex   2.940812e+01 8.202892e+01 2.294454e+02
    endloop
  endfacet
  facet normal -1.741533e-02 -4.225542e-01 -9.061703e-01
    outer loop
      vertex   2.902378e+01 8.225661e+01 2.293466e+02
      vertex   2.940812e+01 8.202892e+01 2.294454e+02
      vertex   2.902378e+01 8.204476e+01 2.294454e+02
    endloop
  endfacet
  facet normal -2.363303e-02 -5.734162e-01 -8.189233e-01
    outer loop
      vertex   2.902378e+01 8.204476e+01 2.294454e+02
      vertex   2.940812e+01 8.202892e+01 2.294454e+02
      vertex   2.939236e+01 8.183809e+01 2.295795e+02
    endloop
  endfacet
  facet normal -2.363303e-02 -5.734162e-01 -8.189233e-01
    outer loop
      vertex   2.902378e+01 8.204476e+01 2.294454e+02
      vertex   2.939236e+01 8.183809e+01 2.295795e+02
      vertex   2.902378e+01 8.185328e+01 2.295795e+02
    endloop
  endfacet
  facet normal -2.913064e-02 -7.068067e-01 -7.068067e-01
    outer loop
      vertex   2.902378e+01 8.185328e+01 2.295795e+02
      vertex   2.939236e+01 8.183809e+01 2.295795e+02
      vertex   2.937876e+01 8.167337e+01 2.297448e+02
    endloop
  endfacet
  facet normal -2.913064e-02 -7.068067e-01 -7.068067e-01
    outer loop
      vertex   2.902378e+01 8.185328e+01 2.295795e+02
      vertex   2.937876e+01 8.167337e+01 2.297448e+02
      vertex   2.902378e+01 8.168800e+01 2.297448e+02
    endloop
  endfacet
  facet normal -3.374167e-02 -8.186856e-01 -5.732498e-01
    outer loop
      vertex   2.902378e+01 8.168800e+01 2.297448e+02
      vertex   2.937876e+01 8.167337e+01 2.297448e+02
      vertex   2.936772e+01 8.153975e+01 2.299362e+02
    endloop
  endfacet
  facet normal -3.374167e-02 -8.186856e-01 -5.732498e-01
    outer loop
      vertex   2.902378e+01 8.168800e+01 2.297448e+02
      vertex   2.936772e+01 8.153975e+01 2.299362e+02
      vertex   2.902378e+01 8.155392e+01 2.299362e+02
    endloop
  endfacet
  facet normal -3.732694e-02 -9.056762e-01 -4.223237e-01
    outer loop
      vertex   2.902378e+01 8.155392e+01 2.299362e+02
      vertex   2.936772e+01 8.153975e+01 2.299362e+02
      vertex   2.935960e+01 8.144129e+01 2.301481e+02
    endloop
  endfacet
  facet normal -3.732694e-02 -9.056762e-01 -4.223237e-01
    outer loop
      vertex   2.902378e+01 8.155392e+01 2.299362e+02
      vertex   2.935960e+01 8.144129e+01 2.301481e+02
      vertex   2.902378e+01 8.145513e+01 2.301481e+02
    endloop
  endfacet
  facet normal -3.977858e-02 -9.651613e-01 -2.586142e-01
    outer loop
      vertex   2.902378e+01 8.145513e+01 2.301481e+02
      vertex   2.935960e+01 8.144129e+01 2.301481e+02
      vertex   2.935462e+01 8.138100e+01 2.303739e+02
    endloop
  endfacet
  facet normal -3.977858e-02 -9.651613e-01 -2.586142e-01
    outer loop
      vertex   2.902378e+01 8.145513e+01 2.301481e+02
      vertex   2.935462e+01 8.138100e+01 2.303739e+02
      vertex   2.902378e+01 8.139463e+01 2.303739e+02
    endloop
  endfacet
  facet normal -4.102304e-02 -9.953561e-01 -8.708238e-02
    outer loop
      vertex   2.902378e+01 8.139463e+01 2.303739e+02
      vertex   2.935462e+01 8.138100e+01 2.303739e+02
      vertex   2.902378e+01 8.137426e+01 2.306067e+02
    endloop
  endfacet
  facet normal -5.041909e-02 -9.936706e-01 -1.003828e-01
    outer loop
      vertex   2.902378e+01 8.137426e+01 2.306067e+02
      vertex   2.935462e+01 8.138100e+01 2.303739e+02
      vertex   2.942866e+01 8.135372e+01 2.306067e+02
    endloop
  endfacet
  facet normal -1.228947e-01 -9.894404e-01 -7.684104e-02
    outer loop
      vertex   2.942866e+01 8.135372e+01 2.306067e+02
      vertex   2.935462e+01 8.138100e+01 2.303739e+02
      vertex   2.968321e+01 8.134019e+01 2.303739e+02
    endloop
  endfacet
  facet normal -1.506260e-01 -9.827238e-01 -1.075444e-01
    outer loop
      vertex   2.942866e+01 8.135372e+01 2.306067e+02
      vertex   2.968321e+01 8.134019e+01 2.303739e+02
      vertex   2.982938e+01 8.129230e+01 2.306067e+02
    endloop
  endfacet
  facet normal -2.039610e-01 -9.762731e-01 -7.273692e-02
    outer loop
      vertex   2.982938e+01 8.129230e+01 2.306067e+02
      vertex   2.968321e+01 8.134019e+01 2.303739e+02
      vertex   3.000732e+01 8.127247e+01 2.303739e+02
    endloop
  endfacet
  facet normal -2.492957e-01 -9.623227e-01 -1.085663e-01
    outer loop
      vertex   2.982938e+01 8.129230e+01 2.306067e+02
      vertex   3.000732e+01 8.127247e+01 2.303739e+02
      vertex   3.022183e+01 8.119063e+01 2.306067e+02
    endloop
  endfacet
  facet normal -2.835627e-01 -9.560328e-01 -7.478949e-02
    outer loop
      vertex   3.022183e+01 8.119063e+01 2.306067e+02
      vertex   3.000732e+01 8.127247e+01 2.303739e+02
      vertex   3.032477e+01 8.117832e+01 2.303739e+02
    endloop
  endfacet
  facet normal -3.456109e-01 -9.326577e-01 -1.034539e-01
    outer loop
      vertex   3.022183e+01 8.119063e+01 2.306067e+02
      vertex   3.032477e+01 8.117832e+01 2.303739e+02
      vertex   3.060197e+01 8.104977e+01 2.306067e+02
    endloop
  endfacet
  facet normal -3.610370e-01 -9.288515e-01 -8.298921e-02
    outer loop
      vertex   3.060197e+01 8.104977e+01 2.306067e+02
      vertex   3.032477e+01 8.117832e+01 2.303739e+02
      vertex   3.063339e+01 8.105836e+01 2.303739e+02
    endloop
  endfacet
  facet normal -4.359065e-01 -8.952926e-01 -9.185173e-02
    outer loop
      vertex   3.060197e+01 8.104977e+01 2.306067e+02
      vertex   3.063339e+01 8.105836e+01 2.303739e+02
      vertex   3.093109e+01 8.091341e+01 2.303739e+02
    endloop
  endfacet
  facet normal -4.228648e-01 -8.685068e-01 -2.586142e-01
    outer loop
      vertex   3.093109e+01 8.091341e+01 2.303739e+02
      vertex   3.063339e+01 8.105836e+01 2.303739e+02
      vertex   3.065761e+01 8.111380e+01 2.301481e+02
    endloop
  endfacet
  facet normal -4.228648e-01 -8.685068e-01 -2.586142e-01
    outer loop
      vertex   3.093109e+01 8.091341e+01 2.303739e+02
      vertex   3.065761e+01 8.111380e+01 2.301481e+02
      vertex   3.095979e+01 8.096667e+01 2.301481e+02
    endloop
  endfacet
  facet normal -3.968027e-01 -8.149787e-01 -4.223237e-01
    outer loop
      vertex   3.095979e+01 8.096667e+01 2.301481e+02
      vertex   3.065761e+01 8.111380e+01 2.301481e+02
      vertex   3.069716e+01 8.120432e+01 2.299362e+02
    endloop
  endfacet
  facet normal -3.968027e-01 -8.149787e-01 -4.223237e-01
    outer loop
      vertex   3.095979e+01 8.096667e+01 2.301481e+02
      vertex   3.069716e+01 8.120432e+01 2.299362e+02
      vertex   3.100666e+01 8.105363e+01 2.299362e+02
    endloop
  endfacet
  facet normal -3.586896e-01 -7.366997e-01 -5.732498e-01
    outer loop
      vertex   3.100666e+01 8.105363e+01 2.299362e+02
      vertex   3.069716e+01 8.120432e+01 2.299362e+02
      vertex   3.075084e+01 8.132718e+01 2.297448e+02
    endloop
  endfacet
  facet normal -3.586896e-01 -7.366997e-01 -5.732498e-01
    outer loop
      vertex   3.100666e+01 8.105363e+01 2.299362e+02
      vertex   3.075084e+01 8.132718e+01 2.297448e+02
      vertex   3.107026e+01 8.117166e+01 2.297448e+02
    endloop
  endfacet
  facet normal -3.096722e-01 -6.360247e-01 -7.068067e-01
    outer loop
      vertex   3.107026e+01 8.117166e+01 2.297448e+02
      vertex   3.075084e+01 8.132718e+01 2.297448e+02
      vertex   3.081701e+01 8.147865e+01 2.295795e+02
    endloop
  endfacet
  facet normal -6.853773e-01 -7.204553e-01 -1.058407e-01
    outer loop
      vertex   3.192410e+01 8.012893e+01 2.306067e+02
      vertex   3.163038e+01 8.040835e+01 2.306067e+02
      vertex   3.173895e+01 8.033927e+01 2.303739e+02
    endloop
  endfacet
  facet normal -6.426690e-01 -7.626178e-01 -7.342122e-02
    outer loop
      vertex   3.173895e+01 8.033927e+01 2.303739e+02
      vertex   3.163038e+01 8.040835e+01 2.306067e+02
      vertex   3.148575e+01 8.055265e+01 2.303739e+02
    endloop
  endfacet
  facet normal -6.224859e-01 -7.386677e-01 -2.586142e-01
    outer loop
      vertex   3.173895e+01 8.033927e+01 2.303739e+02
      vertex   3.148575e+01 8.055265e+01 2.303739e+02
      vertex   3.152280e+01 8.060047e+01 2.301481e+02
    endloop
  endfacet
  facet normal -5.595905e-01 -7.873863e-01 -2.586142e-01
    outer loop
      vertex   3.152280e+01 8.060047e+01 2.301481e+02
      vertex   3.148575e+01 8.055265e+01 2.303739e+02
      vertex   3.124884e+01 8.079517e+01 2.301481e+02
    endloop
  endfacet
  facet normal -5.251016e-01 -7.388579e-01 -4.223237e-01
    outer loop
      vertex   3.152280e+01 8.060047e+01 2.301481e+02
      vertex   3.124884e+01 8.079517e+01 2.301481e+02
      vertex   3.130270e+01 8.087799e+01 2.299362e+02
    endloop
  endfacet
  facet normal -4.625208e-01 -7.795622e-01 -4.223237e-01
    outer loop
      vertex   3.130270e+01 8.087799e+01 2.299362e+02
      vertex   3.124884e+01 8.079517e+01 2.301481e+02
      vertex   3.100666e+01 8.105363e+01 2.299362e+02
    endloop
  endfacet
  facet normal -4.180955e-01 -7.046849e-01 -5.732498e-01
    outer loop
      vertex   3.130270e+01 8.087799e+01 2.299362e+02
      vertex   3.100666e+01 8.105363e+01 2.299362e+02
      vertex   3.107026e+01 8.117166e+01 2.297448e+02
    endloop
  endfacet
  facet normal -6.087300e-01 -7.858671e-01 -1.089068e-01
    outer loop
      vertex   3.163038e+01 8.040835e+01 2.306067e+02
      vertex   3.130988e+01 8.065660e+01 2.306067e+02
      vertex   3.148575e+01 8.055265e+01 2.303739e+02
    endloop
  endfacet
  facet normal -5.777342e-01 -8.129160e-01 -7.342122e-02
    outer loop
      vertex   3.148575e+01 8.055265e+01 2.303739e+02
      vertex   3.130988e+01 8.065660e+01 2.306067e+02
      vertex   3.121585e+01 8.074446e+01 2.303739e+02
    endloop
  endfacet
  facet normal -5.595905e-01 -7.873863e-01 -2.586142e-01
    outer loop
      vertex   3.148575e+01 8.055265e+01 2.303739e+02
      vertex   3.121585e+01 8.074446e+01 2.303739e+02
      vertex   3.124884e+01 8.079517e+01 2.301481e+02
    endloop
  endfacet
  facet normal -4.928993e-01 -8.307641e-01 -2.586142e-01
    outer loop
      vertex   3.124884e+01 8.079517e+01 2.301481e+02
      vertex   3.121585e+01 8.074446e+01 2.303739e+02
      vertex   3.095979e+01 8.096667e+01 2.301481e+02
    endloop
  endfacet
  facet normal -4.625208e-01 -7.795622e-01 -4.223237e-01
    outer loop
      vertex   3.124884e+01 8.079517e+01 2.301481e+02
      vertex   3.095979e+01 8.096667e+01 2.301481e+02
      vertex   3.100666e+01 8.105363e+01 2.299362e+02
    endloop
  endfacet
  facet normal -5.262335e-01 -8.437275e-01 -1.058407e-01
    outer loop
      vertex   3.130988e+01 8.065660e+01 2.306067e+02
      vertex   3.096590e+01 8.087114e+01 2.306067e+02
      vertex   3.121585e+01 8.074446e+01 2.303739e+02
    endloop
  endfacet
  facet normal -5.086398e-01 -8.572942e-01 -7.957478e-02
    outer loop
      vertex   3.121585e+01 8.074446e+01 2.303739e+02
      vertex   3.096590e+01 8.087114e+01 2.306067e+02
      vertex   3.093109e+01 8.091341e+01 2.303739e+02
    endloop
  endfacet
  facet normal -4.928993e-01 -8.307641e-01 -2.586142e-01
    outer loop
      vertex   3.121585e+01 8.074446e+01 2.303739e+02
      vertex   3.093109e+01 8.091341e+01 2.303739e+02
      vertex   3.095979e+01 8.096667e+01 2.301481e+02
    endloop
  endfacet
  facet normal -4.385419e-01 -8.935012e-01 -9.662555e-02
    outer loop
      vertex   3.096590e+01 8.087114e+01 2.306067e+02
      vertex   3.060197e+01 8.104977e+01 2.306067e+02
      vertex   3.093109e+01 8.091341e+01 2.303739e+02
    endloop
  endfacet
  facet normal -2.056103e-02 -8.674811e-02 -9.960181e-01
    outer loop
      vertex   3.001244e+01 8.262296e+01 2.292657e+02
      vertex   3.049605e+01 8.250833e+01 2.292657e+02
      vertex   3.027343e+01 8.232719e+01 2.292861e+02
    endloop
  endfacet
  facet normal -2.435653e-02 -8.211813e-02 -9.963249e-01
    outer loop
      vertex   3.027343e+01 8.232719e+01 2.292861e+02
      vertex   3.049605e+01 8.250833e+01 2.292657e+02
      vertex   3.067676e+01 8.220756e+01 2.292861e+02
    endloop
  endfacet
  facet normal -7.365585e-02 -2.483310e-01 -9.658709e-01
    outer loop
      vertex   3.027343e+01 8.232719e+01 2.292861e+02
      vertex   3.067676e+01 8.220756e+01 2.292861e+02
      vertex   3.060370e+01 8.199392e+01 2.293466e+02
    endloop
  endfacet
  facet normal -9.384098e-02 -2.414277e-01 -9.658709e-01
    outer loop
      vertex   3.060370e+01 8.199392e+01 2.293466e+02
      vertex   3.067676e+01 8.220756e+01 2.292861e+02
      vertex   3.097849e+01 8.184824e+01 2.293466e+02
    endloop
  endfacet
  facet normal -1.532157e-01 -3.941830e-01 -9.061703e-01
    outer loop
      vertex   3.060370e+01 8.199392e+01 2.293466e+02
      vertex   3.097849e+01 8.184824e+01 2.293466e+02
      vertex   3.089367e+01 8.165411e+01 2.294454e+02
    endloop
  endfacet
  facet normal -1.851331e-01 -3.802382e-01 -9.061703e-01
    outer loop
      vertex   3.089367e+01 8.165411e+01 2.294454e+02
      vertex   3.097849e+01 8.184824e+01 2.293466e+02
      vertex   3.123952e+01 8.148572e+01 2.294454e+02
    endloop
  endfacet
  facet normal -2.512301e-01 -5.159924e-01 -8.189233e-01
    outer loop
      vertex   3.089367e+01 8.165411e+01 2.294454e+02
      vertex   3.123952e+01 8.148572e+01 2.294454e+02
      vertex   3.114868e+01 8.131716e+01 2.295795e+02
    endloop
  endfacet
  facet normal -2.928386e-01 -4.935689e-01 -8.189233e-01
    outer loop
      vertex   3.114868e+01 8.131716e+01 2.295795e+02
      vertex   3.123952e+01 8.148572e+01 2.294454e+02
      vertex   3.146593e+01 8.112893e+01 2.295795e+02
    endloop
  endfacet
  facet normal -3.609599e-01 -6.083850e-01 -7.068067e-01
    outer loop
      vertex   3.114868e+01 8.131716e+01 2.295795e+02
      vertex   3.146593e+01 8.112893e+01 2.295795e+02
      vertex   3.137581e+01 8.099038e+01 2.297448e+02
    endloop
  endfacet
  facet normal -4.097991e-01 -5.766186e-01 -7.068067e-01
    outer loop
      vertex   3.137581e+01 8.099038e+01 2.297448e+02
      vertex   3.146593e+01 8.112893e+01 2.295795e+02
      vertex   3.166540e+01 8.078457e+01 2.297448e+02
    endloop
  endfacet
  facet normal -4.746654e-01 -6.678903e-01 -5.732498e-01
    outer loop
      vertex   3.137581e+01 8.099038e+01 2.297448e+02
      vertex   3.166540e+01 8.078457e+01 2.297448e+02
      vertex   3.158329e+01 8.067857e+01 2.299362e+02
    endloop
  endfacet
  facet normal -5.280156e-01 -6.265653e-01 -5.732498e-01
    outer loop
      vertex   3.158329e+01 8.067857e+01 2.299362e+02
      vertex   3.166540e+01 8.078457e+01 2.297448e+02
      vertex   3.184652e+01 8.045675e+01 2.299362e+02
    endloop
  endfacet
  facet normal -5.841207e-01 -6.931419e-01 -4.223237e-01
    outer loop
      vertex   3.158329e+01 8.067857e+01 2.299362e+02
      vertex   3.184652e+01 8.045675e+01 2.299362e+02
      vertex   3.177980e+01 8.038389e+01 2.301481e+02
    endloop
  endfacet
  facet normal -6.391776e-01 -6.427244e-01 -4.223237e-01
    outer loop
      vertex   3.177980e+01 8.038389e+01 2.301481e+02
      vertex   3.184652e+01 8.045675e+01 2.299362e+02
      vertex   3.201812e+01 8.014689e+01 2.301481e+02
    endloop
  endfacet
  facet normal -6.811591e-01 -6.849387e-01 -2.586142e-01
    outer loop
      vertex   3.177980e+01 8.038389e+01 2.301481e+02
      vertex   3.201812e+01 8.014689e+01 2.301481e+02
      vertex   3.197373e+01 8.010579e+01 2.303739e+02
    endloop
  endfacet
  facet normal -7.352119e-01 -6.265638e-01 -2.586142e-01
    outer loop
      vertex   3.197373e+01 8.010579e+01 2.303739e+02
      vertex   3.201812e+01 8.014689e+01 2.301481e+02
      vertex   3.218850e+01 7.985378e+01 2.303739e+02
    endloop
  endfacet
  facet normal -2.859756e-02 -8.464422e-02 -9.960008e-01
    outer loop
      vertex   3.049605e+01 8.250833e+01 2.292657e+02
      vertex   3.096692e+01 8.234925e+01 2.292657e+02
      vertex   3.067676e+01 8.220756e+01 2.292861e+02
    endloop
  endfacet
  facet normal -3.100377e-02 -7.976439e-02 -9.963315e-01
    outer loop
      vertex   3.067676e+01 8.220756e+01 2.292861e+02
      vertex   3.096692e+01 8.234925e+01 2.292657e+02
      vertex   3.106889e+01 8.205514e+01 2.292861e+02
    endloop
  endfacet
  facet normal -9.384098e-02 -2.414277e-01 -9.658709e-01
    outer loop
      vertex   3.067676e+01 8.220756e+01 2.292861e+02
      vertex   3.106889e+01 8.205514e+01 2.292861e+02
      vertex   3.097849e+01 8.184824e+01 2.293466e+02
    endloop
  endfacet
  facet normal -1.133896e-01 -2.328868e-01 -9.658709e-01
    outer loop
      vertex   3.097849e+01 8.184824e+01 2.293466e+02
      vertex   3.106889e+01 8.205514e+01 2.292861e+02
      vertex   3.134002e+01 8.167221e+01 2.293466e+02
    endloop
  endfacet
  facet normal -1.851331e-01 -3.802382e-01 -9.061703e-01
    outer loop
      vertex   3.097849e+01 8.184824e+01 2.293466e+02
      vertex   3.134002e+01 8.167221e+01 2.293466e+02
      vertex   3.123952e+01 8.148572e+01 2.294454e+02
    endloop
  endfacet
  facet normal -2.157947e-01 -3.637142e-01 -9.061703e-01
    outer loop
      vertex   3.123952e+01 8.148572e+01 2.294454e+02
      vertex   3.134002e+01 8.167221e+01 2.293466e+02
      vertex   3.157033e+01 8.128945e+01 2.294454e+02
    endloop
  endfacet
  facet normal -2.928386e-01 -4.935689e-01 -8.189233e-01
    outer loop
      vertex   3.123952e+01 8.148572e+01 2.294454e+02
      vertex   3.157033e+01 8.128945e+01 2.294454e+02
      vertex   3.146593e+01 8.112893e+01 2.295795e+02
    endloop
  endfacet
  facet normal -3.324607e-01 -4.677976e-01 -8.189233e-01
    outer loop
      vertex   3.146593e+01 8.112893e+01 2.295795e+02
      vertex   3.157033e+01 8.128945e+01 2.294454e+02
      vertex   3.176661e+01 8.091524e+01 2.295795e+02
    endloop
  endfacet
  facet normal -4.097991e-01 -5.766186e-01 -7.068067e-01
    outer loop
      vertex   3.146593e+01 8.112893e+01 2.295795e+02
      vertex   3.176661e+01 8.091524e+01 2.295795e+02
      vertex   3.166540e+01 8.078457e+01 2.297448e+02
    endloop
  endfacet
  facet normal -4.558587e-01 -5.409410e-01 -7.068067e-01
    outer loop
      vertex   3.166540e+01 8.078457e+01 2.297448e+02
      vertex   3.176661e+01 8.091524e+01 2.295795e+02
      vertex   3.193707e+01 8.055563e+01 2.297448e+02
    endloop
  endfacet
  facet normal -5.280156e-01 -6.265653e-01 -5.732498e-01
    outer loop
      vertex   3.166540e+01 8.078457e+01 2.297448e+02
      vertex   3.193707e+01 8.055563e+01 2.297448e+02
      vertex   3.184652e+01 8.045675e+01 2.299362e+02
    endloop
  endfacet
  facet normal -5.777844e-01 -5.809904e-01 -5.732498e-01
    outer loop
      vertex   3.184652e+01 8.045675e+01 2.299362e+02
      vertex   3.193707e+01 8.055563e+01 2.297448e+02
      vertex   3.209060e+01 8.021401e+01 2.299362e+02
    endloop
  endfacet
  facet normal -6.391776e-01 -6.427244e-01 -4.223237e-01
    outer loop
      vertex   3.184652e+01 8.045675e+01 2.299362e+02
      vertex   3.209060e+01 8.021401e+01 2.299362e+02
      vertex   3.201812e+01 8.014689e+01 2.301481e+02
    endloop
  endfacet
  facet normal -6.898991e-01 -5.879472e-01 -4.223237e-01
    outer loop
      vertex   3.201812e+01 8.014689e+01 2.301481e+02
      vertex   3.209060e+01 8.021401e+01 2.299362e+02
      vertex   3.223612e+01 7.989109e+01 2.301481e+02
    endloop
  endfacet
  facet normal -7.352119e-01 -6.265638e-01 -2.586142e-01
    outer loop
      vertex   3.201812e+01 8.014689e+01 2.301481e+02
      vertex   3.223612e+01 7.989109e+01 2.301481e+02
      vertex   3.218850e+01 7.985378e+01 2.303739e+02
    endloop
  endfacet
  facet normal -7.842778e-01 -5.639389e-01 -2.586142e-01
    outer loop
      vertex   3.218850e+01 7.985378e+01 2.303739e+02
      vertex   3.223612e+01 7.989109e+01 2.301481e+02
      vertex   3.238180e+01 7.958495e+01 2.303739e+02
    endloop
  endfacet
  facet normal -3.632767e-02 -8.158745e-02 -9.960039e-01
    outer loop
      vertex   3.096692e+01 8.234925e+01 2.292657e+02
      vertex   3.142096e+01 8.214708e+01 2.292657e+02
      vertex   3.106889e+01 8.205514e+01 2.292861e+02
    endloop
  endfacet
  facet normal -3.752518e-02 -7.707162e-02 -9.963191e-01
    outer loop
      vertex   3.106889e+01 8.205514e+01 2.292861e+02
      vertex   3.142096e+01 8.214708e+01 2.292657e+02
      vertex   3.144714e+01 8.187098e+01 2.292861e+02
    endloop
  endfacet
  facet normal -1.133896e-01 -2.328868e-01 -9.658709e-01
    outer loop
      vertex   3.106889e+01 8.205514e+01 2.292861e+02
      vertex   3.144714e+01 8.187098e+01 2.292861e+02
      vertex   3.134002e+01 8.167221e+01 2.293466e+02
    endloop
  endfacet
  facet normal -1.321691e-01 -2.227662e-01 -9.658709e-01
    outer loop
      vertex   3.134002e+01 8.167221e+01 2.293466e+02
      vertex   3.144714e+01 8.187098e+01 2.292861e+02
      vertex   3.168584e+01 8.146704e+01 2.293466e+02
    endloop
  endfacet
  facet normal -2.157947e-01 -3.637142e-01 -9.061703e-01
    outer loop
      vertex   3.134002e+01 8.167221e+01 2.293466e+02
      vertex   3.168584e+01 8.146704e+01 2.293466e+02
      vertex   3.157033e+01 8.128945e+01 2.294454e+02
    endloop
  endfacet
  facet normal -2.449925e-01 -3.447231e-01 -9.061703e-01
    outer loop
      vertex   3.157033e+01 8.128945e+01 2.294454e+02
      vertex   3.168584e+01 8.146704e+01 2.293466e+02
      vertex   3.188387e+01 8.106662e+01 2.294454e+02
    endloop
  endfacet
  facet normal -3.324607e-01 -4.677976e-01 -8.189233e-01
    outer loop
      vertex   3.157033e+01 8.128945e+01 2.294454e+02
      vertex   3.188387e+01 8.106662e+01 2.294454e+02
      vertex   3.176661e+01 8.091524e+01 2.295795e+02
    endloop
  endfacet
  facet normal -3.698278e-01 -4.388531e-01 -8.189233e-01
    outer loop
      vertex   3.176661e+01 8.091524e+01 2.295795e+02
      vertex   3.188387e+01 8.106662e+01 2.294454e+02
      vertex   3.204870e+01 8.067752e+01 2.295795e+02
    endloop
  endfacet
  facet normal -4.558587e-01 -5.409410e-01 -7.068067e-01
    outer loop
      vertex   3.176661e+01 8.091524e+01 2.295795e+02
      vertex   3.204870e+01 8.067752e+01 2.295795e+02
      vertex   3.193707e+01 8.055563e+01 2.297448e+02
    endloop
  endfacet
  facet normal -4.988262e-01 -5.015941e-01 -7.068067e-01
    outer loop
      vertex   3.193707e+01 8.055563e+01 2.297448e+02
      vertex   3.204870e+01 8.067752e+01 2.295795e+02
      vertex   3.218898e+01 8.030510e+01 2.297448e+02
    endloop
  endfacet
  facet normal -5.777844e-01 -5.809904e-01 -5.732498e-01
    outer loop
      vertex   3.193707e+01 8.055563e+01 2.297448e+02
      vertex   3.218898e+01 8.030510e+01 2.297448e+02
      vertex   3.209060e+01 8.021401e+01 2.299362e+02
    endloop
  endfacet
  facet normal -6.236340e-01 -5.314746e-01 -5.732498e-01
    outer loop
      vertex   3.209060e+01 8.021401e+01 2.299362e+02
      vertex   3.218898e+01 8.030510e+01 2.297448e+02
      vertex   3.231388e+01 7.995201e+01 2.299362e+02
    endloop
  endfacet
  facet normal -6.898991e-01 -5.879472e-01 -4.223237e-01
    outer loop
      vertex   3.209060e+01 8.021401e+01 2.299362e+02
      vertex   3.231388e+01 7.995201e+01 2.299362e+02
      vertex   3.223612e+01 7.989109e+01 2.301481e+02
    endloop
  endfacet
  facet normal -7.359409e-01 -5.291820e-01 -4.223237e-01
    outer loop
      vertex   3.223612e+01 7.989109e+01 2.301481e+02
      vertex   3.231388e+01 7.995201e+01 2.299362e+02
      vertex   3.243233e+01 7.961821e+01 2.301481e+02
    endloop
  endfacet
  facet normal -7.842778e-01 -5.639389e-01 -2.586142e-01
    outer loop
      vertex   3.223612e+01 7.989109e+01 2.301481e+02
      vertex   3.243233e+01 7.961821e+01 2.301481e+02
      vertex   3.238180e+01 7.958495e+01 2.303739e+02
    endloop
  endfacet
  facet normal -8.280239e-01 -4.974887e-01 -2.586142e-01
    outer loop
      vertex   3.238180e+01 7.958495e+01 2.303739e+02
      vertex   3.243233e+01 7.961821e+01 2.301481e+02
      vertex   3.255233e+01 7.930112e+01 2.303739e+02
    endloop
  endfacet
  facet normal -4.362575e-02 -7.762840e-02 -9.960274e-01
    outer loop
      vertex   3.142096e+01 8.214708e+01 2.292657e+02
      vertex   3.185424e+01 8.190359e+01 2.292657e+02
      vertex   3.144714e+01 8.187098e+01 2.292861e+02
    endloop
  endfacet
  facet normal -4.392649e-02 -7.403652e-02 -9.962876e-01
    outer loop
      vertex   3.144714e+01 8.187098e+01 2.292861e+02
      vertex   3.185424e+01 8.190359e+01 2.292657e+02
      vertex   3.180895e+01 8.165631e+01 2.292861e+02
    endloop
  endfacet
  facet normal -1.321691e-01 -2.227662e-01 -9.658709e-01
    outer loop
      vertex   3.144714e+01 8.187098e+01 2.292861e+02
      vertex   3.180895e+01 8.165631e+01 2.292861e+02
      vertex   3.168584e+01 8.146704e+01 2.293466e+02
    endloop
  endfacet
  facet normal -1.500520e-01 -2.111346e-01 -9.658709e-01
    outer loop
      vertex   3.168584e+01 8.146704e+01 2.293466e+02
      vertex   3.180895e+01 8.165631e+01 2.292861e+02
      vertex   3.201360e+01 8.123410e+01 2.293466e+02
    endloop
  endfacet
  facet normal -2.449925e-01 -3.447231e-01 -9.061703e-01
    outer loop
      vertex   3.168584e+01 8.146704e+01 2.293466e+02
      vertex   3.201360e+01 8.123410e+01 2.293466e+02
      vertex   3.188387e+01 8.106662e+01 2.294454e+02
    endloop
  endfacet
  facet normal -2.725286e-01 -3.233937e-01 -9.061703e-01
    outer loop
      vertex   3.188387e+01 8.106662e+01 2.294454e+02
      vertex   3.201360e+01 8.123410e+01 2.293466e+02
      vertex   3.217801e+01 8.081874e+01 2.294454e+02
    endloop
  endfacet
  facet normal -3.698278e-01 -4.388531e-01 -8.189233e-01
    outer loop
      vertex   3.188387e+01 8.106662e+01 2.294454e+02
      vertex   3.217801e+01 8.081874e+01 2.294454e+02
      vertex   3.204870e+01 8.067752e+01 2.295795e+02
    endloop
  endfacet
  facet normal -4.046864e-01 -4.069320e-01 -8.189233e-01
    outer loop
      vertex   3.204870e+01 8.067752e+01 2.295795e+02
      vertex   3.217801e+01 8.081874e+01 2.294454e+02
      vertex   3.231026e+01 8.041740e+01 2.295795e+02
    endloop
  endfacet
  facet normal -4.988262e-01 -5.015941e-01 -7.068067e-01
    outer loop
      vertex   3.204870e+01 8.067752e+01 2.295795e+02
      vertex   3.231026e+01 8.041740e+01 2.295795e+02
      vertex   3.218898e+01 8.030510e+01 2.297448e+02
    endloop
  endfacet
  facet normal -5.384102e-01 -4.588450e-01 -7.068067e-01
    outer loop
      vertex   3.218898e+01 8.030510e+01 2.297448e+02
      vertex   3.231026e+01 8.041740e+01 2.295795e+02
      vertex   3.241942e+01 8.003470e+01 2.297448e+02
    endloop
  endfacet
  facet normal -6.236340e-01 -5.314746e-01 -5.732498e-01
    outer loop
      vertex   3.218898e+01 8.030510e+01 2.297448e+02
      vertex   3.241942e+01 8.003470e+01 2.297448e+02
      vertex   3.231388e+01 7.995201e+01 2.299362e+02
    endloop
  endfacet
  facet normal -6.652535e-01 -4.783538e-01 -5.732498e-01
    outer loop
      vertex   3.231388e+01 7.995201e+01 2.299362e+02
      vertex   3.241942e+01 8.003470e+01 2.297448e+02
      vertex   3.251484e+01 7.967253e+01 2.299362e+02
    endloop
  endfacet
  facet normal -7.359409e-01 -5.291820e-01 -4.223237e-01
    outer loop
      vertex   3.231388e+01 7.995201e+01 2.299362e+02
      vertex   3.251484e+01 7.967253e+01 2.299362e+02
      vertex   3.243233e+01 7.961821e+01 2.301481e+02
    endloop
  endfacet
  facet normal -7.769909e-01 -4.668274e-01 -4.223237e-01
    outer loop
      vertex   3.243233e+01 7.961821e+01 2.301481e+02
      vertex   3.251484e+01 7.967253e+01 2.299362e+02
      vertex   3.260542e+01 7.933012e+01 2.301481e+02
    endloop
  endfacet
  facet normal -8.280239e-01 -4.974887e-01 -2.586142e-01
    outer loop
      vertex   3.243233e+01 7.961821e+01 2.301481e+02
      vertex   3.260542e+01 7.933012e+01 2.301481e+02
      vertex   3.255233e+01 7.930112e+01 2.303739e+02
    endloop
  endfacet
  facet normal -8.661536e-01 -4.276642e-01 -2.586142e-01
    outer loop
      vertex   3.255233e+01 7.930112e+01 2.303739e+02
      vertex   3.260542e+01 7.933012e+01 2.301481e+02
      vertex   3.269892e+01 7.900422e+01 2.303739e+02
    endloop
  endfacet
  facet normal -5.037631e-02 -7.283716e-02 -9.960708e-01
    outer loop
      vertex   3.185424e+01 8.190359e+01 2.292657e+02
      vertex   3.226302e+01 8.162087e+01 2.292657e+02
      vertex   3.180895e+01 8.165631e+01 2.292861e+02
    endloop
  endfacet
  facet normal -5.021332e-02 -7.065396e-02 -9.962362e-01
    outer loop
      vertex   3.180895e+01 8.165631e+01 2.292861e+02
      vertex   3.226302e+01 8.162087e+01 2.292657e+02
      vertex   3.215187e+01 8.141260e+01 2.292861e+02
    endloop
  endfacet
  facet normal -1.500520e-01 -2.111346e-01 -9.658709e-01
    outer loop
      vertex   3.180895e+01 8.165631e+01 2.292861e+02
      vertex   3.215187e+01 8.141260e+01 2.292861e+02
      vertex   3.201360e+01 8.123410e+01 2.293466e+02
    endloop
  endfacet
  facet normal -1.669172e-01 -1.980709e-01 -9.658709e-01
    outer loop
      vertex   3.201360e+01 8.123410e+01 2.293466e+02
      vertex   3.215187e+01 8.141260e+01 2.292861e+02
      vertex   3.232108e+01 8.097498e+01 2.293466e+02
    endloop
  endfacet
  facet normal -2.725286e-01 -3.233937e-01 -9.061703e-01
    outer loop
      vertex   3.201360e+01 8.123410e+01 2.293466e+02
      vertex   3.232108e+01 8.097498e+01 2.293466e+02
      vertex   3.217801e+01 8.081874e+01 2.294454e+02
    endloop
  endfacet
  facet normal -2.982161e-01 -2.998708e-01 -9.061703e-01
    outer loop
      vertex   3.217801e+01 8.081874e+01 2.294454e+02
      vertex   3.232108e+01 8.097498e+01 2.293466e+02
      vertex   3.245076e+01 8.054750e+01 2.294454e+02
    endloop
  endfacet
  facet normal -4.046864e-01 -4.069320e-01 -8.189233e-01
    outer loop
      vertex   3.217801e+01 8.081874e+01 2.294454e+02
      vertex   3.245076e+01 8.054750e+01 2.294454e+02
      vertex   3.231026e+01 8.041740e+01 2.295795e+02
    endloop
  endfacet
  facet normal -4.368000e-01 -3.722506e-01 -8.189233e-01
    outer loop
      vertex   3.231026e+01 8.041740e+01 2.295795e+02
      vertex   3.245076e+01 8.054750e+01 2.294454e+02
      vertex   3.254953e+01 8.013664e+01 2.295795e+02
    endloop
  endfacet
  facet normal -5.384102e-01 -4.588450e-01 -7.068067e-01
    outer loop
      vertex   3.231026e+01 8.041740e+01 2.295795e+02
      vertex   3.254953e+01 8.013664e+01 2.295795e+02
      vertex   3.241942e+01 8.003470e+01 2.297448e+02
    endloop
  endfacet
  facet normal -5.743421e-01 -4.129836e-01 -7.068067e-01
    outer loop
      vertex   3.241942e+01 8.003470e+01 2.297448e+02
      vertex   3.254953e+01 8.013664e+01 2.295795e+02
      vertex   3.262683e+01 7.974626e+01 2.297448e+02
    endloop
  endfacet
  facet normal -6.652535e-01 -4.783538e-01 -5.732498e-01
    outer loop
      vertex   3.241942e+01 8.003470e+01 2.297448e+02
      vertex   3.262683e+01 7.974626e+01 2.297448e+02
      vertex   3.251484e+01 7.967253e+01 2.299362e+02
    endloop
  endfacet
  facet normal -7.023606e-01 -4.219884e-01 -5.732498e-01
    outer loop
      vertex   3.251484e+01 7.967253e+01 2.299362e+02
      vertex   3.262683e+01 7.974626e+01 2.297448e+02
      vertex   3.269213e+01 7.937746e+01 2.299362e+02
    endloop
  endfacet
  facet normal -7.769909e-01 -4.668274e-01 -4.223237e-01
    outer loop
      vertex   3.251484e+01 7.967253e+01 2.299362e+02
      vertex   3.269213e+01 7.937746e+01 2.299362e+02
      vertex   3.260542e+01 7.933012e+01 2.301481e+02
    endloop
  endfacet
  facet normal -8.127705e-01 -4.013062e-01 -4.223237e-01
    outer loop
      vertex   3.260542e+01 7.933012e+01 2.301481e+02
      vertex   3.269213e+01 7.937746e+01 2.299362e+02
      vertex   3.275422e+01 7.902875e+01 2.301481e+02
    endloop
  endfacet
  facet normal -8.661536e-01 -4.276642e-01 -2.586142e-01
    outer loop
      vertex   3.260542e+01 7.933012e+01 2.301481e+02
      vertex   3.275422e+01 7.902875e+01 2.301481e+02
      vertex   3.269892e+01 7.900422e+01 2.303739e+02
    endloop
  endfacet
  facet normal -8.984081e-01 -3.549387e-01 -2.586142e-01
    outer loop
      vertex   3.269892e+01 7.900422e+01 2.303739e+02
      vertex   3.275422e+01 7.902875e+01 2.301481e+02
      vertex   3.282058e+01 7.869627e+01 2.303739e+02
    endloop
  endfacet
  facet normal -5.647728e-02 -6.730094e-02 -9.961330e-01
    outer loop
      vertex   3.226302e+01 8.162087e+01 2.292657e+02
      vertex   3.264374e+01 8.130138e+01 2.292657e+02
      vertex   3.215187e+01 8.141260e+01 2.292861e+02
    endloop
  endfacet
  facet normal -5.639166e-02 -6.691669e-02 -9.961637e-01
    outer loop
      vertex   3.215187e+01 8.141260e+01 2.292861e+02
      vertex   3.264374e+01 8.130138e+01 2.292657e+02
      vertex   3.247357e+01 8.114150e+01 2.292861e+02
    endloop
  endfacet
  facet normal -1.669172e-01 -1.980709e-01 -9.658709e-01
    outer loop
      vertex   3.215187e+01 8.141260e+01 2.292861e+02
      vertex   3.247357e+01 8.114150e+01 2.292861e+02
      vertex   3.232108e+01 8.097498e+01 2.293466e+02
    endloop
  endfacet
  facet normal -1.826502e-01 -1.836637e-01 -9.658709e-01
    outer loop
      vertex   3.232108e+01 8.097498e+01 2.293466e+02
      vertex   3.247357e+01 8.114150e+01 2.292861e+02
      vertex   3.260620e+01 8.069144e+01 2.293466e+02
    endloop
  endfacet
  facet normal -2.982161e-01 -2.998708e-01 -9.061703e-01
    outer loop
      vertex   3.232108e+01 8.097498e+01 2.293466e+02
      vertex   3.260620e+01 8.069144e+01 2.293466e+02
      vertex   3.245076e+01 8.054750e+01 2.294454e+02
    endloop
  endfacet
  facet normal -3.218808e-01 -2.743139e-01 -9.061703e-01
    outer loop
      vertex   3.245076e+01 8.054750e+01 2.294454e+02
      vertex   3.260620e+01 8.069144e+01 2.293466e+02
      vertex   3.270026e+01 8.025473e+01 2.294454e+02
    endloop
  endfacet
  facet normal -4.368000e-01 -3.722506e-01 -8.189233e-01
    outer loop
      vertex   3.245076e+01 8.054750e+01 2.294454e+02
      vertex   3.270026e+01 8.025473e+01 2.294454e+02
      vertex   3.254953e+01 8.013664e+01 2.295795e+02
    endloop
  endfacet
  facet normal -4.659507e-01 -3.350442e-01 -8.189233e-01
    outer loop
      vertex   3.254953e+01 8.013664e+01 2.295795e+02
      vertex   3.270026e+01 8.025473e+01 2.294454e+02
      vertex   3.276489e+01 7.983714e+01 2.295795e+02
    endloop
  endfacet
  facet normal -5.743421e-01 -4.129836e-01 -7.068067e-01
    outer loop
      vertex   3.254953e+01 8.013664e+01 2.295795e+02
      vertex   3.276489e+01 7.983714e+01 2.295795e+02
      vertex   3.262683e+01 7.974626e+01 2.297448e+02
    endloop
  endfacet
  facet normal -6.063783e-01 -3.643208e-01 -7.068067e-01
    outer loop
      vertex   3.262683e+01 7.974626e+01 2.297448e+02
      vertex   3.276489e+01 7.983714e+01 2.295795e+02
      vertex   3.280980e+01 7.944172e+01 2.297448e+02
    endloop
  endfacet
  facet normal -7.023606e-01 -4.219884e-01 -5.732498e-01
    outer loop
      vertex   3.262683e+01 7.974626e+01 2.297448e+02
      vertex   3.280980e+01 7.944172e+01 2.297448e+02
      vertex   3.269213e+01 7.937746e+01 2.299362e+02
    endloop
  endfacet
  facet normal -7.347036e-01 -3.627606e-01 -5.732498e-01
    outer loop
      vertex   3.269213e+01 7.937746e+01 2.299362e+02
      vertex   3.280980e+01 7.944172e+01 2.297448e+02
      vertex   3.284453e+01 7.906880e+01 2.299362e+02
    endloop
  endfacet
  facet normal -8.127705e-01 -4.013062e-01 -4.223237e-01
    outer loop
      vertex   3.269213e+01 7.937746e+01 2.299362e+02
      vertex   3.284453e+01 7.906880e+01 2.299362e+02
      vertex   3.275422e+01 7.902875e+01 2.301481e+02
    endloop
  endfacet
  facet normal -8.430372e-01 -3.330631e-01 -4.223237e-01
    outer loop
      vertex   3.275422e+01 7.902875e+01 2.301481e+02
      vertex   3.284453e+01 7.906880e+01 2.299362e+02
      vertex   3.287772e+01 7.871617e+01 2.301481e+02
    endloop
  endfacet
  facet normal -8.984081e-01 -3.549387e-01 -2.586142e-01
    outer loop
      vertex   3.275422e+01 7.902875e+01 2.301481e+02
      vertex   3.287772e+01 7.871617e+01 2.301481e+02
      vertex   3.282058e+01 7.869627e+01 2.303739e+02
    endloop
  endfacet
  facet normal -9.270882e-01 -2.714367e-01 -2.585143e-01
    outer loop
      vertex   3.282058e+01 7.869627e+01 2.303739e+02
      vertex   3.287772e+01 7.871617e+01 2.301481e+02
      vertex   3.292043e+01 7.840488e+01 2.303218e+02
    endloop
  endfacet
  facet normal -9.416633e-01 -2.930670e-01 -1.654748e-01
    outer loop
      vertex   3.282058e+01 7.869627e+01 2.303739e+02
      vertex   3.292043e+01 7.840488e+01 2.303218e+02
      vertex   3.290278e+01 7.838201e+01 2.304627e+02
    endloop
  endfacet
  facet normal -6.132821e-02 -6.166851e-02 -9.962107e-01
    outer loop
      vertex   3.247357e+01 8.114150e+01 2.292861e+02
      vertex   3.264374e+01 8.130138e+01 2.292657e+02
      vertex   3.277187e+01 8.084484e+01 2.292861e+02
    endloop
  endfacet
  facet normal -6.281279e-02 -6.207992e-02 -9.960927e-01
    outer loop
      vertex   3.277187e+01 8.084484e+01 2.292861e+02
      vertex   3.264374e+01 8.130138e+01 2.292657e+02
      vertex   3.299311e+01 8.094788e+01 2.292657e+02
    endloop
  endfacet
  facet normal -6.567489e-02 -5.596959e-02 -9.962702e-01
    outer loop
      vertex   3.277187e+01 8.084484e+01 2.292861e+02
      vertex   3.299311e+01 8.094788e+01 2.292657e+02
      vertex   3.304475e+01 8.052464e+01 2.292861e+02
    endloop
  endfacet
  facet normal -6.875316e-02 -5.633419e-02 -9.960419e-01
    outer loop
      vertex   3.304475e+01 8.052464e+01 2.292861e+02
      vertex   3.299311e+01 8.094788e+01 2.292657e+02
      vertex   3.330811e+01 8.056343e+01 2.292657e+02
    endloop
  endfacet
  facet normal -6.969041e-02 -5.011124e-02 -9.963092e-01
    outer loop
      vertex   3.304475e+01 8.052464e+01 2.292861e+02
      vertex   3.330811e+01 8.056343e+01 2.292657e+02
      vertex   3.329036e+01 8.018308e+01 2.292861e+02
    endloop
  endfacet
  facet normal -7.398211e-02 -4.989488e-02 -9.960106e-01
    outer loop
      vertex   3.329036e+01 8.018308e+01 2.292861e+02
      vertex   3.330811e+01 8.056343e+01 2.292657e+02
      vertex   3.358601e+01 8.015137e+01 2.292657e+02
    endloop
  endfacet
  facet normal -7.338141e-02 -4.408861e-02 -9.963289e-01
    outer loop
      vertex   3.329036e+01 8.018308e+01 2.292861e+02
      vertex   3.358601e+01 8.015137e+01 2.292657e+02
      vertex   3.350702e+01 7.982246e+01 2.292861e+02
    endloop
  endfacet
  facet normal -7.972984e-02 -4.253789e-02 -9.959085e-01
    outer loop
      vertex   3.350702e+01 7.982246e+01 2.292861e+02
      vertex   3.358601e+01 8.015137e+01 2.292657e+02
      vertex   3.382126e+01 7.971022e+01 2.292657e+02
    endloop
  endfacet
  facet normal -8.045830e-02 -4.460451e-02 -9.957595e-01
    outer loop
      vertex   3.350702e+01 7.982246e+01 2.292861e+02
      vertex   3.382126e+01 7.971022e+01 2.292657e+02
      vertex   3.366517e+01 7.946468e+01 2.292894e+02
    endloop
  endfacet
  facet normal -1.603187e-03 -8.763661e-04 -9.999983e-01
    outer loop
      vertex   3.358601e+01 8.015137e+01 2.292657e+02
      vertex   3.382441e+01 7.971526e+01 2.292657e+02
      vertex   3.382126e+01 7.971022e+01 2.292657e+02
    endloop
  endfacet
  facet normal -2.319385e-01 -1.250266e-01 -9.646621e-01
    outer loop
      vertex   3.350927e+01 7.922753e+01 2.293576e+02
      vertex   3.348688e+01 7.935369e+01 2.293466e+02
      vertex   3.366517e+01 7.946468e+01 2.292894e+02
    endloop
  endfacet
  facet normal -2.368937e-01 -1.169665e-01 -9.644689e-01
    outer loop
      vertex   3.366517e+01 7.946468e+01 2.292894e+02
      vertex   3.348688e+01 7.935369e+01 2.293466e+02
      vertex   3.330886e+01 7.971424e+01 2.293466e+02
    endloop
  endfacet
  facet normal -2.336752e-01 -1.120577e-01 -9.658359e-01
    outer loop
      vertex   3.366517e+01 7.946468e+01 2.292894e+02
      vertex   3.330886e+01 7.971424e+01 2.293466e+02
      vertex   3.350702e+01 7.982246e+01 2.292861e+02
    endloop
  endfacet
  facet normal -2.220315e-01 -1.333997e-01 -9.658709e-01
    outer loop
      vertex   3.350702e+01 7.982246e+01 2.292861e+02
      vertex   3.330886e+01 7.971424e+01 2.293466e+02
      vertex   3.329036e+01 8.018308e+01 2.292861e+02
    endloop
  endfacet
  facet normal -3.960735e-01 -1.490567e-01 -9.060397e-01
    outer loop
      vertex   3.348688e+01 7.935369e+01 2.293466e+02
      vertex   3.350927e+01 7.922753e+01 2.293576e+02
      vertex   3.329322e+01 7.926780e+01 2.294454e+02
    endloop
  endfacet
  facet normal -3.990218e-01 -1.800067e-01 -8.990991e-01
    outer loop
      vertex   3.329322e+01 7.926780e+01 2.294454e+02
      vertex   3.350927e+01 7.922753e+01 2.293576e+02
      vertex   3.335769e+01 7.900471e+01 2.294695e+02
    endloop
  endfacet
  facet normal -5.260119e-01 -2.043980e-01 -8.255501e-01
    outer loop
      vertex   3.329322e+01 7.926780e+01 2.294454e+02
      vertex   3.335769e+01 7.900471e+01 2.294695e+02
      vertex   3.328503e+01 7.890066e+01 2.295415e+02
    endloop
  endfacet
  facet normal -5.373720e-01 -2.023537e-01 -8.187089e-01
    outer loop
      vertex   3.329322e+01 7.926780e+01 2.294454e+02
      vertex   3.328503e+01 7.890066e+01 2.295415e+02
      vertex   3.311818e+01 7.919017e+01 2.295795e+02
    endloop
  endfacet
  facet normal -5.867392e-01 -2.366077e-01 -7.744378e-01
    outer loop
      vertex   3.311818e+01 7.919017e+01 2.295795e+02
      vertex   3.328503e+01 7.890066e+01 2.295415e+02
      vertex   3.321546e+01 7.880266e+01 2.296242e+02
    endloop
  endfacet
  facet normal -6.629026e-01 -2.478886e-01 -7.064782e-01
    outer loop
      vertex   3.311818e+01 7.919017e+01 2.295795e+02
      vertex   3.321546e+01 7.880266e+01 2.296242e+02
      vertex   3.296709e+01 7.912316e+01 2.297448e+02
    endloop
  endfacet
  facet normal -6.780127e-01 -2.678660e-01 -6.845046e-01
    outer loop
      vertex   3.296709e+01 7.912316e+01 2.297448e+02
      vertex   3.321546e+01 7.880266e+01 2.296242e+02
      vertex   3.309763e+01 7.879274e+01 2.297448e+02
    endloop
  endfacet
  facet normal -7.620631e-01 -3.010722e-01 -5.732498e-01
    outer loop
      vertex   3.296709e+01 7.912316e+01 2.297448e+02
      vertex   3.309763e+01 7.879274e+01 2.297448e+02
      vertex   3.297101e+01 7.874865e+01 2.299362e+02
    endloop
  endfacet
  facet normal -7.882214e-01 -2.246024e-01 -5.729405e-01
    outer loop
      vertex   3.297101e+01 7.874865e+01 2.299362e+02
      vertex   3.309763e+01 7.879274e+01 2.297448e+02
      vertex   3.308932e+01 7.862902e+01 2.298204e+02
    endloop
  endfacet
  facet normal -7.956640e-01 -2.544831e-01 -5.496883e-01
    outer loop
      vertex   3.297101e+01 7.874865e+01 2.299362e+02
      vertex   3.308932e+01 7.862902e+01 2.298204e+02
      vertex   3.303483e+01 7.855567e+01 2.299332e+02
    endloop
  endfacet
  facet normal -6.905697e-01 -2.102454e-01 -6.920335e-01
    outer loop
      vertex   3.321546e+01 7.880266e+01 2.296242e+02
      vertex   3.314991e+01 7.871177e+01 2.297172e+02
      vertex   3.309763e+01 7.879274e+01 2.297448e+02
    endloop
  endfacet
  facet normal -7.301052e-01 -2.556254e-01 -6.337208e-01
    outer loop
      vertex   3.309763e+01 7.879274e+01 2.297448e+02
      vertex   3.314991e+01 7.871177e+01 2.297172e+02
      vertex   3.308932e+01 7.862902e+01 2.298204e+02
    endloop
  endfacet
  facet normal -8.423961e-01 -2.712563e-01 -4.656059e-01
    outer loop
      vertex   3.303483e+01 7.855567e+01 2.299332e+02
      vertex   3.298770e+01 7.849303e+01 2.300550e+02
      vertex   3.297101e+01 7.874865e+01 2.299362e+02
    endloop
  endfacet
  facet normal -8.705364e-01 -2.529064e-01 -4.221429e-01
    outer loop
      vertex   3.297101e+01 7.874865e+01 2.299362e+02
      vertex   3.298770e+01 7.849303e+01 2.300550e+02
      vertex   3.287772e+01 7.871617e+01 2.301481e+02
    endloop
  endfacet
  facet normal -8.430372e-01 -3.330631e-01 -4.223237e-01
    outer loop
      vertex   3.297101e+01 7.874865e+01 2.299362e+02
      vertex   3.287772e+01 7.871617e+01 2.301481e+02
      vertex   3.284453e+01 7.906880e+01 2.299362e+02
    endloop
  endfacet
  facet normal -8.847241e-01 -2.808145e-01 -3.720301e-01
    outer loop
      vertex   3.298770e+01 7.849303e+01 2.300550e+02
      vertex   3.294911e+01 7.844229e+01 2.301850e+02
      vertex   3.287772e+01 7.871617e+01 2.301481e+02
    endloop
  endfacet
  facet normal -9.224442e-01 -2.767822e-01 -2.692367e-01
    outer loop
      vertex   3.287772e+01 7.871617e+01 2.301481e+02
      vertex   3.294911e+01 7.844229e+01 2.301850e+02
      vertex   3.292043e+01 7.840488e+01 2.303218e+02
    endloop
  endfacet
  facet normal -7.620631e-01 -3.010722e-01 -5.732498e-01
    outer loop
      vertex   3.296709e+01 7.912316e+01 2.297448e+02
      vertex   3.297101e+01 7.874865e+01 2.299362e+02
      vertex   3.284453e+01 7.906880e+01 2.299362e+02
    endloop
  endfacet
  facet normal -7.347036e-01 -3.627606e-01 -5.732498e-01
    outer loop
      vertex   3.284453e+01 7.906880e+01 2.299362e+02
      vertex   3.280980e+01 7.944172e+01 2.297448e+02
      vertex   3.296709e+01 7.912316e+01 2.297448e+02
    endloop
  endfacet
  facet normal -6.343014e-01 -3.131869e-01 -7.068067e-01
    outer loop
      vertex   3.296709e+01 7.912316e+01 2.297448e+02
      vertex   3.280980e+01 7.944172e+01 2.297448e+02
      vertex   3.295487e+01 7.952094e+01 2.295795e+02
    endloop
  endfacet
  facet normal -6.343014e-01 -3.131869e-01 -7.068067e-01
    outer loop
      vertex   3.296709e+01 7.912316e+01 2.297448e+02
      vertex   3.295487e+01 7.952094e+01 2.295795e+02
      vertex   3.311818e+01 7.919017e+01 2.295795e+02
    endloop
  endfacet
  facet normal -5.145943e-01 -2.540814e-01 -8.189233e-01
    outer loop
      vertex   3.311818e+01 7.919017e+01 2.295795e+02
      vertex   3.295487e+01 7.952094e+01 2.295795e+02
      vertex   3.312292e+01 7.961271e+01 2.294454e+02
    endloop
  endfacet
  facet normal -5.145943e-01 -2.540814e-01 -8.189233e-01
    outer loop
      vertex   3.311818e+01 7.919017e+01 2.295795e+02
      vertex   3.312292e+01 7.961271e+01 2.294454e+02
      vertex   3.329322e+01 7.926780e+01 2.294454e+02
    endloop
  endfacet
  facet normal -3.792079e-01 -1.872343e-01 -9.061703e-01
    outer loop
      vertex   3.329322e+01 7.926780e+01 2.294454e+02
      vertex   3.312292e+01 7.961271e+01 2.294454e+02
      vertex   3.330886e+01 7.971424e+01 2.293466e+02
    endloop
  endfacet
  facet normal -3.792079e-01 -1.872343e-01 -9.061703e-01
    outer loop
      vertex   3.329322e+01 7.926780e+01 2.294454e+02
      vertex   3.330886e+01 7.971424e+01 2.293466e+02
      vertex   3.348688e+01 7.935369e+01 2.293466e+02
    endloop
  endfacet
  facet normal -6.063783e-01 -3.643208e-01 -7.068067e-01
    outer loop
      vertex   3.280980e+01 7.944172e+01 2.297448e+02
      vertex   3.276489e+01 7.983714e+01 2.295795e+02
      vertex   3.295487e+01 7.952094e+01 2.295795e+02
    endloop
  endfacet
  facet normal -4.919409e-01 -2.955652e-01 -8.189233e-01
    outer loop
      vertex   3.295487e+01 7.952094e+01 2.295795e+02
      vertex   3.276489e+01 7.983714e+01 2.295795e+02
      vertex   3.292482e+01 7.994243e+01 2.294454e+02
    endloop
  endfacet
  facet normal -4.919409e-01 -2.955652e-01 -8.189233e-01
    outer loop
      vertex   3.295487e+01 7.952094e+01 2.295795e+02
      vertex   3.292482e+01 7.994243e+01 2.294454e+02
      vertex   3.312292e+01 7.961271e+01 2.294454e+02
    endloop
  endfacet
  facet normal -3.625145e-01 -2.178039e-01 -9.061703e-01
    outer loop
      vertex   3.312292e+01 7.961271e+01 2.294454e+02
      vertex   3.292482e+01 7.994243e+01 2.294454e+02
      vertex   3.310177e+01 8.005892e+01 2.293466e+02
    endloop
  endfacet
  facet normal -3.625145e-01 -2.178039e-01 -9.061703e-01
    outer loop
      vertex   3.312292e+01 7.961271e+01 2.294454e+02
      vertex   3.310177e+01 8.005892e+01 2.293466e+02
      vertex   3.330886e+01 7.971424e+01 2.293466e+02
    endloop
  endfacet
  facet normal -2.220315e-01 -1.333997e-01 -9.658709e-01
    outer loop
      vertex   3.330886e+01 7.971424e+01 2.293466e+02
      vertex   3.310177e+01 8.005892e+01 2.293466e+02
      vertex   3.329036e+01 8.018308e+01 2.292861e+02
    endloop
  endfacet
  facet normal -4.659507e-01 -3.350442e-01 -8.189233e-01
    outer loop
      vertex   3.276489e+01 7.983714e+01 2.295795e+02
      vertex   3.270026e+01 8.025473e+01 2.294454e+02
      vertex   3.292482e+01 7.994243e+01 2.294454e+02
    endloop
  endfacet
  facet normal -3.433621e-01 -2.468963e-01 -9.061703e-01
    outer loop
      vertex   3.292482e+01 7.994243e+01 2.294454e+02
      vertex   3.270026e+01 8.025473e+01 2.294454e+02
      vertex   3.286702e+01 8.038539e+01 2.293466e+02
    endloop
  endfacet
  facet normal -3.433621e-01 -2.468963e-01 -9.061703e-01
    outer loop
      vertex   3.292482e+01 7.994243e+01 2.294454e+02
      vertex   3.286702e+01 8.038539e+01 2.293466e+02
      vertex   3.310177e+01 8.005892e+01 2.293466e+02
    endloop
  endfacet
  facet normal -2.103011e-01 -1.512181e-01 -9.658709e-01
    outer loop
      vertex   3.310177e+01 8.005892e+01 2.293466e+02
      vertex   3.286702e+01 8.038539e+01 2.293466e+02
      vertex   3.304475e+01 8.052464e+01 2.292861e+02
    endloop
  endfacet
  facet normal -2.103011e-01 -1.512181e-01 -9.658709e-01
    outer loop
      vertex   3.310177e+01 8.005892e+01 2.293466e+02
      vertex   3.304475e+01 8.052464e+01 2.292861e+02
      vertex   3.329036e+01 8.018308e+01 2.292861e+02
    endloop
  endfacet
  facet normal -1.971443e-01 -1.680107e-01 -9.658709e-01
    outer loop
      vertex   3.277187e+01 8.084484e+01 2.292861e+02
      vertex   3.304475e+01 8.052464e+01 2.292861e+02
      vertex   3.286702e+01 8.038539e+01 2.293466e+02
    endloop
  endfacet
  facet normal -1.971443e-01 -1.680107e-01 -9.658709e-01
    outer loop
      vertex   3.277187e+01 8.084484e+01 2.292861e+02
      vertex   3.286702e+01 8.038539e+01 2.293466e+02
      vertex   3.260620e+01 8.069144e+01 2.293466e+02
    endloop
  endfacet
  facet normal -3.218808e-01 -2.743139e-01 -9.061703e-01
    outer loop
      vertex   3.260620e+01 8.069144e+01 2.293466e+02
      vertex   3.286702e+01 8.038539e+01 2.293466e+02
      vertex   3.270026e+01 8.025473e+01 2.294454e+02
    endloop
  endfacet
  facet normal -1.826502e-01 -1.836637e-01 -9.658709e-01
    outer loop
      vertex   3.277187e+01 8.084484e+01 2.292861e+02
      vertex   3.260620e+01 8.069144e+01 2.293466e+02
      vertex   3.247357e+01 8.114150e+01 2.292861e+02
    endloop
  endfacet
  facet normal -3.499620e-01 -9.003584e-01 -2.586142e-01
    outer loop
      vertex   3.065761e+01 8.111380e+01 2.301481e+02
      vertex   3.063339e+01 8.105836e+01 2.303739e+02
      vertex   3.034434e+01 8.123556e+01 2.301481e+02
    endloop
  endfacet
  facet normal -3.499620e-01 -9.003584e-01 -2.586142e-01
    outer loop
      vertex   3.034434e+01 8.123556e+01 2.301481e+02
      vertex   3.063339e+01 8.105836e+01 2.303739e+02
      vertex   3.032477e+01 8.117832e+01 2.303739e+02
    endloop
  endfacet
  facet normal -2.746854e-01 -9.261029e-01 -2.586142e-01
    outer loop
      vertex   3.034434e+01 8.123556e+01 2.301481e+02
      vertex   3.032477e+01 8.117832e+01 2.303739e+02
      vertex   3.002212e+01 8.133113e+01 2.301481e+02
    endloop
  endfacet
  facet normal -2.746854e-01 -9.261029e-01 -2.586142e-01
    outer loop
      vertex   3.002212e+01 8.133113e+01 2.301481e+02
      vertex   3.032477e+01 8.117832e+01 2.303739e+02
      vertex   3.000732e+01 8.127247e+01 2.303739e+02
    endloop
  endfacet
  facet normal -1.975457e-01 -9.455657e-01 -2.586142e-01
    outer loop
      vertex   3.002212e+01 8.133113e+01 2.301481e+02
      vertex   3.000732e+01 8.127247e+01 2.303739e+02
      vertex   2.969313e+01 8.139987e+01 2.301481e+02
    endloop
  endfacet
  facet normal -1.975457e-01 -9.455657e-01 -2.586142e-01
    outer loop
      vertex   2.969313e+01 8.139987e+01 2.301481e+02
      vertex   3.000732e+01 8.127247e+01 2.303739e+02
      vertex   2.968321e+01 8.134019e+01 2.303739e+02
    endloop
  endfacet
  facet normal -1.190659e-01 -9.586146e-01 -2.586142e-01
    outer loop
      vertex   2.969313e+01 8.139987e+01 2.301481e+02
      vertex   2.968321e+01 8.134019e+01 2.303739e+02
      vertex   2.935960e+01 8.144129e+01 2.301481e+02
    endloop
  endfacet
  facet normal -1.190659e-01 -9.586146e-01 -2.586142e-01
    outer loop
      vertex   2.935960e+01 8.144129e+01 2.301481e+02
      vertex   2.968321e+01 8.134019e+01 2.303739e+02
      vertex   2.935462e+01 8.138100e+01 2.303739e+02
    endloop
  endfacet
  facet normal -3.283930e-01 -8.448673e-01 -4.223237e-01
    outer loop
      vertex   3.069716e+01 8.120432e+01 2.299362e+02
      vertex   3.065761e+01 8.111380e+01 2.301481e+02
      vertex   3.037631e+01 8.132903e+01 2.299362e+02
    endloop
  endfacet
  facet normal -3.283930e-01 -8.448673e-01 -4.223237e-01
    outer loop
      vertex   3.037631e+01 8.132903e+01 2.299362e+02
      vertex   3.065761e+01 8.111380e+01 2.301481e+02
      vertex   3.034434e+01 8.123556e+01 2.301481e+02
    endloop
  endfacet
  facet normal -2.577559e-01 -8.690251e-01 -4.223237e-01
    outer loop
      vertex   3.037631e+01 8.132903e+01 2.299362e+02
      vertex   3.034434e+01 8.123556e+01 2.301481e+02
      vertex   3.004629e+01 8.142692e+01 2.299362e+02
    endloop
  endfacet
  facet normal -2.577559e-01 -8.690251e-01 -4.223237e-01
    outer loop
      vertex   3.004629e+01 8.142692e+01 2.299362e+02
      vertex   3.034434e+01 8.123556e+01 2.301481e+02
      vertex   3.002212e+01 8.133113e+01 2.301481e+02
    endloop
  endfacet
  facet normal -1.853705e-01 -8.872883e-01 -4.223237e-01
    outer loop
      vertex   3.004629e+01 8.142692e+01 2.299362e+02
      vertex   3.002212e+01 8.133113e+01 2.301481e+02
      vertex   2.970933e+01 8.149732e+01 2.299362e+02
    endloop
  endfacet
  facet normal -1.853705e-01 -8.872883e-01 -4.223237e-01
    outer loop
      vertex   2.970933e+01 8.149732e+01 2.299362e+02
      vertex   3.002212e+01 8.133113e+01 2.301481e+02
      vertex   2.969313e+01 8.139987e+01 2.301481e+02
    endloop
  endfacet
  facet normal -1.117276e-01 -8.995330e-01 -4.223237e-01
    outer loop
      vertex   2.970933e+01 8.149732e+01 2.299362e+02
      vertex   2.969313e+01 8.139987e+01 2.301481e+02
      vertex   2.936772e+01 8.153975e+01 2.299362e+02
    endloop
  endfacet
  facet normal -1.117276e-01 -8.995330e-01 -4.223237e-01
    outer loop
      vertex   2.936772e+01 8.153975e+01 2.299362e+02
      vertex   2.969313e+01 8.139987e+01 2.301481e+02
      vertex   2.935960e+01 8.144129e+01 2.301481e+02
    endloop
  endfacet
  facet normal -2.968507e-01 -7.637174e-01 -5.732498e-01
    outer loop
      vertex   3.075084e+01 8.132718e+01 2.297448e+02
      vertex   3.069716e+01 8.120432e+01 2.299362e+02
      vertex   3.041970e+01 8.145589e+01 2.297448e+02
    endloop
  endfacet
  facet normal -2.968507e-01 -7.637174e-01 -5.732498e-01
    outer loop
      vertex   3.041970e+01 8.145589e+01 2.297448e+02
      vertex   3.069716e+01 8.120432e+01 2.299362e+02
      vertex   3.037631e+01 8.132903e+01 2.299362e+02
    endloop
  endfacet
  facet normal -2.329984e-01 -7.855548e-01 -5.732498e-01
    outer loop
      vertex   3.041970e+01 8.145589e+01 2.297448e+02
      vertex   3.037631e+01 8.132903e+01 2.299362e+02
      vertex   3.007909e+01 8.155692e+01 2.297448e+02
    endloop
  endfacet
  facet normal -2.329984e-01 -7.855548e-01 -5.732498e-01
    outer loop
      vertex   3.007909e+01 8.155692e+01 2.297448e+02
      vertex   3.037631e+01 8.132903e+01 2.299362e+02
      vertex   3.004629e+01 8.142692e+01 2.299362e+02
    endloop
  endfacet
  facet normal -1.675655e-01 -8.020638e-01 -5.732498e-01
    outer loop
      vertex   3.007909e+01 8.155692e+01 2.297448e+02
      vertex   3.004629e+01 8.142692e+01 2.299362e+02
      vertex   2.973132e+01 8.162957e+01 2.297448e+02
    endloop
  endfacet
  facet normal -1.675655e-01 -8.020638e-01 -5.732498e-01
    outer loop
      vertex   2.973132e+01 8.162957e+01 2.297448e+02
      vertex   3.004629e+01 8.142692e+01 2.299362e+02
      vertex   2.970933e+01 8.149732e+01 2.299362e+02
    endloop
  endfacet
  facet normal -1.009961e-01 -8.131325e-01 -5.732498e-01
    outer loop
      vertex   2.973132e+01 8.162957e+01 2.297448e+02
      vertex   2.970933e+01 8.149732e+01 2.299362e+02
      vertex   2.937876e+01 8.167337e+01 2.297448e+02
    endloop
  endfacet
  facet normal -1.009961e-01 -8.131325e-01 -5.732498e-01
    outer loop
      vertex   2.937876e+01 8.167337e+01 2.297448e+02
      vertex   2.970933e+01 8.149732e+01 2.299362e+02
      vertex   2.936772e+01 8.153975e+01 2.299362e+02
    endloop
  endfacet
  facet normal -2.562841e-01 -6.593503e-01 -7.068067e-01
    outer loop
      vertex   3.081701e+01 8.147865e+01 2.295795e+02
      vertex   3.075084e+01 8.132718e+01 2.297448e+02
      vertex   3.047318e+01 8.161229e+01 2.295795e+02
    endloop
  endfacet
  facet normal -2.562841e-01 -6.593503e-01 -7.068067e-01
    outer loop
      vertex   3.047318e+01 8.161229e+01 2.295795e+02
      vertex   3.075084e+01 8.132718e+01 2.297448e+02
      vertex   3.041970e+01 8.145589e+01 2.297448e+02
    endloop
  endfacet
  facet normal -2.011576e-01 -6.782035e-01 -7.068067e-01
    outer loop
      vertex   3.047318e+01 8.161229e+01 2.295795e+02
      vertex   3.041970e+01 8.145589e+01 2.297448e+02
      vertex   3.011953e+01 8.171719e+01 2.295795e+02
    endloop
  endfacet
  facet normal -2.011576e-01 -6.782035e-01 -7.068067e-01
    outer loop
      vertex   3.011953e+01 8.171719e+01 2.295795e+02
      vertex   3.041970e+01 8.145589e+01 2.297448e+02
      vertex   3.007909e+01 8.155692e+01 2.297448e+02
    endloop
  endfacet
  facet normal -1.446666e-01 -6.924564e-01 -7.068067e-01
    outer loop
      vertex   3.011953e+01 8.171719e+01 2.295795e+02
      vertex   3.007909e+01 8.155692e+01 2.297448e+02
      vertex   2.975843e+01 8.179262e+01 2.295795e+02
    endloop
  endfacet
  facet normal -1.446666e-01 -6.924564e-01 -7.068067e-01
    outer loop
      vertex   2.975843e+01 8.179262e+01 2.295795e+02
      vertex   3.007909e+01 8.155692e+01 2.297448e+02
      vertex   2.973132e+01 8.162957e+01 2.297448e+02
    endloop
  endfacet
  facet normal -8.719433e-02 -7.020124e-01 -7.068067e-01
    outer loop
      vertex   2.975843e+01 8.179262e+01 2.295795e+02
      vertex   2.973132e+01 8.162957e+01 2.297448e+02
      vertex   2.939236e+01 8.183809e+01 2.295795e+02
    endloop
  endfacet
  facet normal -8.719433e-02 -7.020124e-01 -7.068067e-01
    outer loop
      vertex   2.939236e+01 8.183809e+01 2.295795e+02
      vertex   2.973132e+01 8.162957e+01 2.297448e+02
      vertex   2.937876e+01 8.167337e+01 2.297448e+02
    endloop
  endfacet
  facet normal -2.079175e-01 -5.349159e-01 -8.189233e-01
    outer loop
      vertex   3.081701e+01 8.147865e+01 2.295795e+02
      vertex   3.047318e+01 8.161229e+01 2.295795e+02
      vertex   3.053515e+01 8.179346e+01 2.294454e+02
    endloop
  endfacet
  facet normal -1.631946e-01 -5.502111e-01 -8.189233e-01
    outer loop
      vertex   3.053515e+01 8.179346e+01 2.294454e+02
      vertex   3.047318e+01 8.161229e+01 2.295795e+02
      vertex   3.016637e+01 8.190285e+01 2.294454e+02
    endloop
  endfacet
  facet normal -1.202591e-01 -4.054541e-01 -9.061703e-01
    outer loop
      vertex   3.053515e+01 8.179346e+01 2.294454e+02
      vertex   3.016637e+01 8.190285e+01 2.294454e+02
      vertex   3.021819e+01 8.210826e+01 2.293466e+02
    endloop
  endfacet
  facet normal -8.648683e-02 -4.139751e-01 -9.061703e-01
    outer loop
      vertex   3.021819e+01 8.210826e+01 2.293466e+02
      vertex   3.016637e+01 8.190285e+01 2.294454e+02
      vertex   2.982459e+01 8.219049e+01 2.293466e+02
    endloop
  endfacet
  facet normal -5.297111e-02 -2.535498e-01 -9.658709e-01
    outer loop
      vertex   3.021819e+01 8.210826e+01 2.293466e+02
      vertex   2.982459e+01 8.219049e+01 2.293466e+02
      vertex   2.986162e+01 8.241322e+01 2.292861e+02
    endloop
  endfacet
  facet normal -3.192707e-02 -2.570489e-01 -9.658709e-01
    outer loop
      vertex   2.986162e+01 8.241322e+01 2.292861e+02
      vertex   2.982459e+01 8.219049e+01 2.293466e+02
      vertex   2.944413e+01 8.246507e+01 2.292861e+02
    endloop
  endfacet
  facet normal -1.631946e-01 -5.502111e-01 -8.189233e-01
    outer loop
      vertex   3.016637e+01 8.190285e+01 2.294454e+02
      vertex   3.047318e+01 8.161229e+01 2.295795e+02
      vertex   3.011953e+01 8.171719e+01 2.295795e+02
    endloop
  endfacet
  facet normal -1.173647e-01 -5.617742e-01 -8.189233e-01
    outer loop
      vertex   3.016637e+01 8.190285e+01 2.294454e+02
      vertex   3.011953e+01 8.171719e+01 2.295795e+02
      vertex   2.978984e+01 8.198151e+01 2.294454e+02
    endloop
  endfacet
  facet normal -1.173647e-01 -5.617742e-01 -8.189233e-01
    outer loop
      vertex   2.978984e+01 8.198151e+01 2.294454e+02
      vertex   3.011953e+01 8.171719e+01 2.295795e+02
      vertex   2.975843e+01 8.179262e+01 2.295795e+02
    endloop
  endfacet
  facet normal -7.073878e-02 -5.695268e-01 -8.189233e-01
    outer loop
      vertex   2.978984e+01 8.198151e+01 2.294454e+02
      vertex   2.975843e+01 8.179262e+01 2.295795e+02
      vertex   2.940812e+01 8.202892e+01 2.294454e+02
    endloop
  endfacet
  facet normal -7.073878e-02 -5.695268e-01 -8.189233e-01
    outer loop
      vertex   2.940812e+01 8.202892e+01 2.294454e+02
      vertex   2.975843e+01 8.179262e+01 2.295795e+02
      vertex   2.939236e+01 8.183809e+01 2.295795e+02
    endloop
  endfacet
  facet normal -8.648683e-02 -4.139751e-01 -9.061703e-01
    outer loop
      vertex   3.016637e+01 8.190285e+01 2.294454e+02
      vertex   2.978984e+01 8.198151e+01 2.294454e+02
      vertex   2.982459e+01 8.219049e+01 2.293466e+02
    endloop
  endfacet
  facet normal -5.212787e-02 -4.196880e-01 -9.061703e-01
    outer loop
      vertex   2.982459e+01 8.219049e+01 2.293466e+02
      vertex   2.978984e+01 8.198151e+01 2.294454e+02
      vertex   2.942555e+01 8.224005e+01 2.293466e+02
    endloop
  endfacet
  facet normal -3.192707e-02 -2.570489e-01 -9.658709e-01
    outer loop
      vertex   2.982459e+01 8.219049e+01 2.293466e+02
      vertex   2.942555e+01 8.224005e+01 2.293466e+02
      vertex   2.944413e+01 8.246507e+01 2.292861e+02
    endloop
  endfacet
  facet normal -5.212787e-02 -4.196880e-01 -9.061703e-01
    outer loop
      vertex   2.942555e+01 8.224005e+01 2.293466e+02
      vertex   2.978984e+01 8.198151e+01 2.294454e+02
      vertex   2.940812e+01 8.202892e+01 2.294454e+02
    endloop
  endfacet
  facet normal -3.904183e-16 -4.906767e-02 -9.987955e-01
    outer loop
      vertex   2.723777e+01 8.271526e+01 2.292657e+02
      vertex   2.902378e+01 8.271526e+01 2.292657e+02
      vertex   2.710633e+01 8.258382e+01 2.292722e+02
    endloop
  endfacet
  facet normal 2.619672e-03 -8.715544e-02 -9.961913e-01
    outer loop
      vertex   2.710633e+01 8.258382e+01 2.292722e+02
      vertex   2.902378e+01 8.271526e+01 2.292657e+02
      vertex   2.902378e+01 8.248240e+01 2.292861e+02
    endloop
  endfacet
  facet normal -5.531620e-04 -1.461892e-01 -9.892565e-01
    outer loop
      vertex   2.710633e+01 8.258382e+01 2.292722e+02
      vertex   2.902378e+01 8.248240e+01 2.292861e+02
      vertex   2.697615e+01 8.245365e+01 2.292915e+02
    endloop
  endfacet
  facet normal 8.686899e-04 -2.437974e-01 -9.698258e-01
    outer loop
      vertex   2.697615e+01 8.245365e+01 2.292915e+02
      vertex   2.902378e+01 8.248240e+01 2.292861e+02
      vertex   2.684850e+01 8.232599e+01 2.293235e+02
    endloop
  endfacet
  facet normal 2.015785e-03 -2.588185e-01 -9.659239e-01
    outer loop
      vertex   2.684850e+01 8.232599e+01 2.293235e+02
      vertex   2.902378e+01 8.248240e+01 2.292861e+02
      vertex   2.902378e+01 8.225661e+01 2.293466e+02
    endloop
  endfacet
  facet normal -7.108982e-04 -3.362595e-01 -9.417691e-01
    outer loop
      vertex   2.684850e+01 8.232599e+01 2.293235e+02
      vertex   2.902378e+01 8.225661e+01 2.293466e+02
      vertex   2.672459e+01 8.220208e+01 2.293678e+02
    endloop
  endfacet
  facet normal 1.664308e-03 -4.226177e-01 -9.063065e-01
    outer loop
      vertex   2.672459e+01 8.220208e+01 2.293678e+02
      vertex   2.902378e+01 8.225661e+01 2.293466e+02
      vertex   2.902378e+01 8.204476e+01 2.294454e+02
    endloop
  endfacet
  facet normal 1.167749e-03 -4.285088e-01 -9.035368e-01
    outer loop
      vertex   2.672459e+01 8.220208e+01 2.293678e+02
      vertex   2.902378e+01 8.204476e+01 2.294454e+02
      vertex   2.660562e+01 8.208312e+01 2.294241e+02
    endloop
  endfacet
  facet normal -5.846552e-04 -5.136725e-01 -8.579862e-01
    outer loop
      vertex   2.660562e+01 8.208312e+01 2.294241e+02
      vertex   2.902378e+01 8.204476e+01 2.294454e+02
      vertex   2.649275e+01 8.197024e+01 2.294917e+02
    endloop
  endfacet
  facet normal 1.890048e-03 -5.735754e-01 -8.191506e-01
    outer loop
      vertex   2.649275e+01 8.197024e+01 2.294917e+02
      vertex   2.902378e+01 8.204476e+01 2.294454e+02
      vertex   2.902378e+01 8.185328e+01 2.295795e+02
    endloop
  endfacet
  facet normal 3.010932e-04 -5.958935e-01 -8.030634e-01
    outer loop
      vertex   2.649275e+01 8.197024e+01 2.294917e+02
      vertex   2.902378e+01 8.185328e+01 2.295795e+02
      vertex   2.638705e+01 8.186454e+01 2.295701e+02
    endloop
  endfacet
  facet normal -2.409998e-04 -6.714266e-01 -7.410710e-01
    outer loop
      vertex   2.638705e+01 8.186454e+01 2.295701e+02
      vertex   2.902378e+01 8.185328e+01 2.295795e+02
      vertex   2.628954e+01 8.176703e+01 2.296585e+02
    endloop
  endfacet
  facet normal 1.866291e-03 -7.071055e-01 -7.071055e-01
    outer loop
      vertex   2.628954e+01 8.176703e+01 2.296585e+02
      vertex   2.902378e+01 8.185328e+01 2.295795e+02
      vertex   2.902378e+01 8.168800e+01 2.297448e+02
    endloop
  endfacet
  facet normal -2.268419e-04 -7.408488e-01 -6.716718e-01
    outer loop
      vertex   2.628954e+01 8.176703e+01 2.296585e+02
      vertex   2.902378e+01 8.168800e+01 2.297448e+02
      vertex   2.620116e+01 8.167865e+01 2.297560e+02
    endloop
  endfacet
  facet normal 2.833896e-04 -8.033081e-01 -5.955637e-01
    outer loop
      vertex   2.620116e+01 8.167865e+01 2.297560e+02
      vertex   2.902378e+01 8.168800e+01 2.297448e+02
      vertex   2.612277e+01 8.160026e+01 2.298617e+02
    endloop
  endfacet
  facet normal 1.649001e-03 -8.191509e-01 -5.735757e-01
    outer loop
      vertex   2.612277e+01 8.160026e+01 2.298617e+02
      vertex   2.902378e+01 8.168800e+01 2.297448e+02
      vertex   2.902378e+01 8.155392e+01 2.299362e+02
    endloop
  endfacet
  facet normal -4.873465e-04 -8.575997e-01 -5.143176e-01
    outer loop
      vertex   2.612277e+01 8.160026e+01 2.298617e+02
      vertex   2.902378e+01 8.155392e+01 2.299362e+02
      vertex   2.605511e+01 8.153260e+01 2.299746e+02
    endloop
  endfacet
  facet normal 9.729074e-04 -9.041666e-01 -4.271788e-01
    outer loop
      vertex   2.605511e+01 8.153260e+01 2.299746e+02
      vertex   2.902378e+01 8.155392e+01 2.299362e+02
      vertex   2.599885e+01 8.147634e+01 2.300936e+02
    endloop
  endfacet
  facet normal 1.265008e-03 -9.063071e-01 -4.226179e-01
    outer loop
      vertex   2.599885e+01 8.147634e+01 2.300936e+02
      vertex   2.902378e+01 8.155392e+01 2.299362e+02
      vertex   2.902378e+01 8.145513e+01 2.301481e+02
    endloop
  endfacet
  facet normal -5.239851e-04 -9.414845e-01 -3.370560e-01
    outer loop
      vertex   2.599885e+01 8.147634e+01 2.300936e+02
      vertex   2.902378e+01 8.145513e+01 2.301481e+02
      vertex   2.595451e+01 8.143200e+01 2.302175e+02
    endloop
  endfacet
  facet normal 1.428650e-03 -9.659248e-01 -2.588188e-01
    outer loop
      vertex   2.595451e+01 8.143200e+01 2.302175e+02
      vertex   2.902378e+01 8.145513e+01 2.301481e+02
      vertex   2.902378e+01 8.139463e+01 2.303739e+02
    endloop
  endfacet
  facet normal 5.643359e-04 -9.700644e-01 -2.428471e-01
    outer loop
      vertex   2.595451e+01 8.143200e+01 2.302175e+02
      vertex   2.902378e+01 8.139463e+01 2.303739e+02
      vertex   2.592253e+01 8.140003e+01 2.303451e+02
    endloop
  endfacet
  facet normal -3.595758e-04 -9.891687e-01 -1.467827e-01
    outer loop
      vertex   2.592253e+01 8.140003e+01 2.303451e+02
      vertex   2.902378e+01 8.139463e+01 2.303739e+02
      vertex   2.590322e+01 8.138072e+01 2.304753e+02
    endloop
  endfacet
  facet normal 1.609686e-03 -9.961934e-01 -8.715563e-02
    outer loop
      vertex   2.590322e+01 8.138072e+01 2.304753e+02
      vertex   2.902378e+01 8.139463e+01 2.303739e+02
      vertex   2.902378e+01 8.137426e+01 2.306067e+02
    endloop
  endfacet
  facet normal -2.269555e-14 -9.987955e-01 -4.906767e-02
    outer loop
      vertex   2.590322e+01 8.138072e+01 2.304753e+02
      vertex   2.902378e+01 8.137426e+01 2.306067e+02
      vertex   2.589677e+01 8.137426e+01 2.306067e+02
    endloop
  endfacet
  facet normal -0.000000e+00 -9.987955e-01 -4.906767e-02
    outer loop
      vertex   3.589677e+01 7.837426e+01 2.306067e+02
      vertex   3.289677e+01 7.837426e+01 2.306067e+02
      vertex   3.589031e+01 7.838072e+01 2.304753e+02
    endloop
  endfacet
  facet normal -2.057360e-04 -9.985549e-01 -5.374145e-02
    outer loop
      vertex   3.589031e+01 7.838072e+01 2.304753e+02
      vertex   3.289677e+01 7.837426e+01 2.306067e+02
      vertex   3.290278e+01 7.838201e+01 2.304627e+02
    endloop
  endfacet
  facet normal 1.906514e-04 -9.891724e-01 -1.467581e-01
    outer loop
      vertex   3.589031e+01 7.838072e+01 2.304753e+02
      vertex   3.290278e+01 7.838201e+01 2.304627e+02
      vertex   3.587100e+01 7.840003e+01 2.303451e+02
    endloop
  endfacet
  facet normal -3.561114e-04 -9.870779e-01 -1.602405e-01
    outer loop
      vertex   3.587100e+01 7.840003e+01 2.303451e+02
      vertex   3.290278e+01 7.838201e+01 2.304627e+02
      vertex   3.292043e+01 7.840488e+01 2.303218e+02
    endloop
  endfacet
  facet normal 3.273336e-04 -9.700119e-01 -2.430573e-01
    outer loop
      vertex   3.587100e+01 7.840003e+01 2.303451e+02
      vertex   3.292043e+01 7.840488e+01 2.303218e+02
      vertex   3.583902e+01 7.843200e+01 2.302175e+02
    endloop
  endfacet
  facet normal -4.715386e-04 -9.645268e-01 -2.639844e-01
    outer loop
      vertex   3.583902e+01 7.843200e+01 2.302175e+02
      vertex   3.292043e+01 7.840488e+01 2.303218e+02
      vertex   3.294911e+01 7.844229e+01 2.301850e+02
    endloop
  endfacet
  facet normal 4.302813e-04 -9.414951e-01 -3.370263e-01
    outer loop
      vertex   3.583902e+01 7.843200e+01 2.302175e+02
      vertex   3.294911e+01 7.844229e+01 2.301850e+02
      vertex   3.579469e+01 7.847634e+01 2.300936e+02
    endloop
  endfacet
  facet normal -5.418550e-04 -9.315656e-01 -3.635729e-01
    outer loop
      vertex   3.579469e+01 7.847634e+01 2.300936e+02
      vertex   3.294911e+01 7.844229e+01 2.301850e+02
      vertex   3.298770e+01 7.849303e+01 2.300550e+02
    endloop
  endfacet
  facet normal 5.051603e-04 -9.038968e-01 -4.277503e-01
    outer loop
      vertex   3.579469e+01 7.847634e+01 2.300936e+02
      vertex   3.298770e+01 7.849303e+01 2.300550e+02
      vertex   3.573842e+01 7.853260e+01 2.299746e+02
    endloop
  endfacet
  facet normal -5.809463e-04 -8.891304e-01 -4.576535e-01
    outer loop
      vertex   3.573842e+01 7.853260e+01 2.299746e+02
      vertex   3.298770e+01 7.849303e+01 2.300550e+02
      vertex   3.303483e+01 7.855567e+01 2.299332e+02
    endloop
  endfacet
  facet normal 5.561141e-04 -8.575815e-01 -5.143479e-01
    outer loop
      vertex   3.573842e+01 7.853260e+01 2.299746e+02
      vertex   3.303483e+01 7.855567e+01 2.299332e+02
      vertex   3.567077e+01 7.860026e+01 2.298617e+02
    endloop
  endfacet
  facet normal -6.078951e-04 -8.382852e-01 -5.452317e-01
    outer loop
      vertex   3.567077e+01 7.860026e+01 2.298617e+02
      vertex   3.303483e+01 7.855567e+01 2.299332e+02
      vertex   3.308932e+01 7.862902e+01 2.298204e+02
    endloop
  endfacet
  facet normal 5.981621e-04 -8.029951e-01 -5.959854e-01
    outer loop
      vertex   3.567077e+01 7.860026e+01 2.298617e+02
      vertex   3.308932e+01 7.862902e+01 2.298204e+02
      vertex   3.559237e+01 7.867865e+01 2.297560e+02
    endloop
  endfacet
  facet normal -6.260402e-04 -7.799576e-01 -6.258320e-01
    outer loop
      vertex   3.559237e+01 7.867865e+01 2.297560e+02
      vertex   3.308932e+01 7.862902e+01 2.298204e+02
      vertex   3.314991e+01 7.871177e+01 2.297172e+02
    endloop
  endfacet
  facet normal 6.386173e-04 -7.406629e-01 -6.718765e-01
    outer loop
      vertex   3.559237e+01 7.867865e+01 2.297560e+02
      vertex   3.314991e+01 7.871177e+01 2.297172e+02
      vertex   3.550400e+01 7.876703e+01 2.296585e+02
    endloop
  endfacet
  facet normal -6.413882e-04 -7.150343e-01 -6.990891e-01
    outer loop
      vertex   3.550400e+01 7.876703e+01 2.296585e+02
      vertex   3.314991e+01 7.871177e+01 2.297172e+02
      vertex   3.321546e+01 7.880266e+01 2.296242e+02
    endloop
  endfacet
  facet normal 6.744178e-04 -6.711885e-01 -7.412864e-01
    outer loop
      vertex   3.550400e+01 7.876703e+01 2.296585e+02
      vertex   3.321546e+01 7.880266e+01 2.296242e+02
      vertex   3.540649e+01 7.886454e+01 2.295701e+02
    endloop
  endfacet
  facet normal -6.573015e-04 -6.444407e-01 -7.646540e-01
    outer loop
      vertex   3.540649e+01 7.886454e+01 2.295701e+02
      vertex   3.321546e+01 7.880266e+01 2.296242e+02
      vertex   3.328503e+01 7.890066e+01 2.295415e+02
    endloop
  endfacet
  facet normal 7.047585e-04 -5.952444e-01 -8.035444e-01
    outer loop
      vertex   3.540649e+01 7.886454e+01 2.295701e+02
      vertex   3.328503e+01 7.890066e+01 2.295415e+02
      vertex   3.530079e+01 7.897024e+01 2.294917e+02
    endloop
  endfacet
  facet normal -6.659104e-04 -5.689887e-01 -8.223451e-01
    outer loop
      vertex   3.530079e+01 7.897024e+01 2.294917e+02
      vertex   3.328503e+01 7.890066e+01 2.295415e+02
      vertex   3.335769e+01 7.900471e+01 2.294695e+02
    endloop
  endfacet
  facet normal 7.266224e-04 -5.135679e-01 -8.580486e-01
    outer loop
      vertex   3.530079e+01 7.897024e+01 2.294917e+02
      vertex   3.335769e+01 7.900471e+01 2.294695e+02
      vertex   3.518791e+01 7.908312e+01 2.294241e+02
    endloop
  endfacet
  facet normal -3.024964e-03 -4.470833e-01 -8.944872e-01
    outer loop
      vertex   3.518791e+01 7.908312e+01 2.294241e+02
      vertex   3.335769e+01 7.900471e+01 2.294695e+02
      vertex   3.350927e+01 7.922753e+01 2.293576e+02
    endloop
  endfacet
  facet normal -1.059229e-03 -4.284203e-01 -9.035790e-01
    outer loop
      vertex   3.518791e+01 7.908312e+01 2.294241e+02
      vertex   3.350927e+01 7.922753e+01 2.293576e+02
      vertex   3.506895e+01 7.920208e+01 2.293678e+02
    endloop
  endfacet
  facet normal 6.947632e-04 -3.362738e-01 -9.417640e-01
    outer loop
      vertex   3.506895e+01 7.920208e+01 2.293678e+02
      vertex   3.350927e+01 7.922753e+01 2.293576e+02
      vertex   3.494504e+01 7.932599e+01 2.293235e+02
    endloop
  endfacet
  facet normal -4.050075e-03 -2.739953e-01 -9.617225e-01
    outer loop
      vertex   3.494504e+01 7.932599e+01 2.293235e+02
      vertex   3.350927e+01 7.922753e+01 2.293576e+02
      vertex   3.366517e+01 7.946468e+01 2.292894e+02
    endloop
  endfacet
  facet normal -5.245549e-04 -2.434737e-01 -9.699074e-01
    outer loop
      vertex   3.494504e+01 7.932599e+01 2.293235e+02
      vertex   3.366517e+01 7.946468e+01 2.292894e+02
      vertex   3.481738e+01 7.945365e+01 2.292915e+02
    endloop
  endfacet
  facet normal 4.417671e-04 -1.462982e-01 -9.892404e-01
    outer loop
      vertex   3.481738e+01 7.945365e+01 2.292915e+02
      vertex   3.366517e+01 7.946468e+01 2.292894e+02
      vertex   3.468721e+01 7.958382e+01 2.292722e+02
    endloop
  endfacet
  facet normal -6.005147e-03 -9.193273e-02 -9.957471e-01
    outer loop
      vertex   3.468721e+01 7.958382e+01 2.292722e+02
      vertex   3.366517e+01 7.946468e+01 2.292894e+02
      vertex   3.382126e+01 7.971022e+01 2.292657e+02
    endloop
  endfacet
  facet normal 3.215040e-04 -4.874694e-02 -9.988111e-01
    outer loop
      vertex   3.468721e+01 7.958382e+01 2.292722e+02
      vertex   3.382126e+01 7.971022e+01 2.292657e+02
      vertex   3.455577e+01 7.971526e+01 2.292657e+02
    endloop
  endfacet
  facet normal -0.000000e+00 -1.878556e-03 -9.999982e-01
    outer loop
      vertex   3.455577e+01 7.971526e+01 2.292657e+02
      vertex   3.382126e+01 7.971022e+01 2.292657e+02
      vertex   3.382441e+01 7.971526e+01 2.292657e+02
    endloop
  endfacet
  facet normal -1.000000e+00 -0.000000e+00 0.000000e+00
    outer loop
      vertex   2.589677e+01 8.537426e+01 2.306067e+02
      vertex   2.589677e+01 8.137426e+01 2.306067e+02
      vertex   2.589677e+01 8.537426e+01 2.392657e+02
    endloop
  endfacet
  facet normal -1.000000e+00 -0.000000e+00 0.000000e+00
    outer loop
      vertex   2.589677e+01 8.537426e+01 2.392657e+02
      vertex   2.589677e+01 8.137426e+01 2.306067e+02
      vertex   2.589677e+01 8.137426e+01 2.392657e+02
    endloop
  endfacet
  facet normal -5.067506e-02 -9.987152e-01 -2.569772e-04
    outer loop
      vertex   2.942866e+01 8.135372e+01 2.306067e+02
      vertex   2.946227e+01 8.135015e+01 2.378264e+02
      vertex   2.902378e+01 8.137426e+01 2.306067e+02
    endloop
  endfacet
  facet normal -5.489390e-02 -9.984922e-01 0.000000e+00
    outer loop
      vertex   2.902378e+01 8.137426e+01 2.306067e+02
      vertex   2.946227e+01 8.135015e+01 2.378264e+02
      vertex   2.946227e+01 8.135015e+01 2.450461e+02
    endloop
  endfacet
  facet normal -6.908800e-02 -9.976105e-01 4.325140e-04
    outer loop
      vertex   2.902378e+01 8.137426e+01 2.306067e+02
      vertex   2.946227e+01 8.135015e+01 2.450461e+02
      vertex   2.930754e+01 8.136389e+01 2.520200e+02
    endloop
  endfacet
  facet normal -1.088650e-01 -9.940564e-01 -4.570053e-04
    outer loop
      vertex   2.930754e+01 8.136389e+01 2.520200e+02
      vertex   2.946227e+01 8.135015e+01 2.450461e+02
      vertex   2.959819e+01 8.133218e+01 2.517687e+02
    endloop
  endfacet
  facet normal -1.637757e-01 -9.864974e-01 6.733460e-04
    outer loop
      vertex   2.959819e+01 8.133218e+01 2.517687e+02
      vertex   2.946227e+01 8.135015e+01 2.450461e+02
      vertex   2.989354e+01 8.127856e+01 2.450461e+02
    endloop
  endfacet
  facet normal -1.804268e-01 -9.835884e-01 -8.142136e-05
    outer loop
      vertex   2.959819e+01 8.133218e+01 2.517687e+02
      vertex   2.989354e+01 8.127856e+01 2.450461e+02
      vertex   2.989256e+01 8.127820e+01 2.515148e+02
    endloop
  endfacet
  facet normal -2.531526e-01 -9.674264e-01 -9.164306e-05
    outer loop
      vertex   2.989256e+01 8.127820e+01 2.515148e+02
      vertex   2.989354e+01 8.127856e+01 2.450461e+02
      vertex   3.018751e+01 8.120104e+01 2.512616e+02
    endloop
  endfacet
  facet normal -2.709308e-01 -9.625985e-01 8.093767e-04
    outer loop
      vertex   3.018751e+01 8.120104e+01 2.512616e+02
      vertex   2.989354e+01 8.127856e+01 2.450461e+02
      vertex   3.031817e+01 8.115904e+01 2.450461e+02
    endloop
  endfacet
  facet normal -3.276099e-01 -9.448129e-01 -5.023597e-04
    outer loop
      vertex   3.018751e+01 8.120104e+01 2.512616e+02
      vertex   3.031817e+01 8.115904e+01 2.450461e+02
      vertex   3.047989e+01 8.109979e+01 2.510122e+02
    endloop
  endfacet
  facet normal -3.750497e-01 -9.270042e-01 9.603686e-04
    outer loop
      vertex   3.047989e+01 8.109979e+01 2.510122e+02
      vertex   3.031817e+01 8.115904e+01 2.450461e+02
      vertex   3.072527e+01 8.099434e+01 2.450461e+02
    endloop
  endfacet
  facet normal -4.014010e-01 -9.159023e-01 -3.196693e-04
    outer loop
      vertex   3.047989e+01 8.109979e+01 2.510122e+02
      vertex   3.072527e+01 8.099434e+01 2.450461e+02
      vertex   3.076672e+01 8.097417e+01 2.507696e+02
    endloop
  endfacet
  facet normal -4.714534e-01 -8.818909e-01 3.075193e-04
    outer loop
      vertex   3.076672e+01 8.097417e+01 2.507696e+02
      vertex   3.072527e+01 8.099434e+01 2.450461e+02
      vertex   3.104531e+01 8.082516e+01 2.505367e+02
    endloop
  endfacet
  facet normal -4.744098e-01 -8.803040e-01 5.287405e-04
    outer loop
      vertex   3.104531e+01 8.082516e+01 2.505367e+02
      vertex   3.072527e+01 8.099434e+01 2.450461e+02
      vertex   3.111186e+01 8.078600e+01 2.450461e+02
    endloop
  endfacet
  facet normal -5.392769e-01 -8.421283e-01 -5.297695e-04
    outer loop
      vertex   3.104531e+01 8.082516e+01 2.505367e+02
      vertex   3.111186e+01 8.078600e+01 2.450461e+02
      vertex   3.131297e+01 8.065390e+01 2.503162e+02
    endloop
  endfacet
  facet normal -5.680513e-01 -8.229924e-01 1.047970e-03
    outer loop
      vertex   3.131297e+01 8.065390e+01 2.503162e+02
      vertex   3.111186e+01 8.078600e+01 2.450461e+02
      vertex   3.147327e+01 8.053654e+01 2.450461e+02
    endloop
  endfacet
  facet normal -6.039998e-01 -7.969842e-01 -6.246441e-04
    outer loop
      vertex   3.131297e+01 8.065390e+01 2.503162e+02
      vertex   3.147327e+01 8.053654e+01 2.450461e+02
      vertex   3.156704e+01 8.046151e+01 2.501110e+02
    endloop
  endfacet
  facet normal -6.550073e-01 -7.556220e-01 9.323828e-04
    outer loop
      vertex   3.156704e+01 8.046151e+01 2.501110e+02
      vertex   3.147327e+01 8.053654e+01 2.450461e+02
      vertex   3.180639e+01 8.024778e+01 2.450461e+02
    endloop
  endfacet
  facet normal -6.664239e-01 -7.455731e-01 -3.117430e-05
    outer loop
      vertex   3.156704e+01 8.046151e+01 2.501110e+02
      vertex   3.180639e+01 8.024778e+01 2.450461e+02
      vertex   3.180672e+01 8.024728e+01 2.499224e+02
    endloop
  endfacet
  facet normal -7.265064e-01 -6.871597e-01 -2.127766e-05
    outer loop
      vertex   3.180672e+01 8.024728e+01 2.499224e+02
      vertex   3.180639e+01 8.024778e+01 2.450461e+02
      vertex   3.204055e+01 8.000007e+01 2.497450e+02
    endloop
  endfacet
  facet normal -7.338928e-01 -6.792648e-01 7.629826e-04
    outer loop
      vertex   3.204055e+01 8.000007e+01 2.497450e+02
      vertex   3.180639e+01 8.024778e+01 2.450461e+02
      vertex   3.210354e+01 7.992674e+01 2.450461e+02
    endloop
  endfacet
  facet normal -7.826415e-01 -6.224722e-01 -7.767302e-04
    outer loop
      vertex   3.204055e+01 8.000007e+01 2.497450e+02
      vertex   3.210354e+01 7.992674e+01 2.450461e+02
      vertex   3.226299e+01 7.972059e+01 2.495851e+02
    endloop
  endfacet
  facet normal -8.038053e-01 -5.948912e-01 1.219358e-03
    outer loop
      vertex   3.226299e+01 7.972059e+01 2.495851e+02
      vertex   3.210354e+01 7.992674e+01 2.450461e+02
      vertex   3.236478e+01 7.957374e+01 2.450461e+02
    endloop
  endfacet
  facet normal -8.358968e-01 -5.488857e-01 -9.887400e-04
    outer loop
      vertex   3.226299e+01 7.972059e+01 2.495851e+02
      vertex   3.236478e+01 7.957374e+01 2.450461e+02
      vertex   3.246561e+01 7.941226e+01 2.494511e+02
    endloop
  endfacet
  facet normal -8.641742e-01 -5.031909e-01 1.333577e-03
    outer loop
      vertex   3.246561e+01 7.941226e+01 2.494511e+02
      vertex   3.236478e+01 7.957374e+01 2.450461e+02
      vertex   3.258576e+01 7.919424e+01 2.450461e+02
    endloop
  endfacet
  facet normal -8.729036e-01 -4.878925e-01 3.382895e-04
    outer loop
      vertex   3.246561e+01 7.941226e+01 2.494511e+02
      vertex   3.258576e+01 7.919424e+01 2.450461e+02
      vertex   3.255709e+01 7.924855e+01 2.493963e+02
    endloop
  endfacet
  facet normal -8.949224e-01 -4.462218e-01 -3.270784e-04
    outer loop
      vertex   3.255709e+01 7.924855e+01 2.493963e+02
      vertex   3.258576e+01 7.919424e+01 2.450461e+02
      vertex   3.264129e+01 7.907971e+01 2.493505e+02
    endloop
  endfacet
  facet normal -9.141274e-01 -4.054258e-01 1.006124e-03
    outer loop
      vertex   3.264129e+01 7.907971e+01 2.493505e+02
      vertex   3.258576e+01 7.919424e+01 2.450461e+02
      vertex   3.276380e+01 7.879280e+01 2.450461e+02
    endloop
  endfacet
  facet normal -9.144265e-01 -4.047508e-01 9.526231e-04
    outer loop
      vertex   3.264129e+01 7.907971e+01 2.493505e+02
      vertex   3.276380e+01 7.879280e+01 2.450461e+02
      vertex   3.271779e+01 7.890681e+01 2.493141e+02
    endloop
  endfacet
  facet normal -9.321130e-01 -3.621674e-01 -3.755527e-04
    outer loop
      vertex   3.271779e+01 7.890681e+01 2.493141e+02
      vertex   3.276380e+01 7.879280e+01 2.450461e+02
      vertex   3.278615e+01 7.873089e+01 2.492875e+02
    endloop
  endfacet
  facet normal -9.478507e-01 -3.187145e-01 3.416104e-04
    outer loop
      vertex   3.278615e+01 7.873089e+01 2.492875e+02
      vertex   3.276380e+01 7.879280e+01 2.450461e+02
      vertex   3.284595e+01 7.855302e+01 2.492713e+02
    endloop
  endfacet
  facet normal -9.460204e-01 -3.241070e-01 0.000000e+00
    outer loop
      vertex   3.284595e+01 7.855302e+01 2.492713e+02
      vertex   3.276380e+01 7.879280e+01 2.450461e+02
      vertex   3.276380e+01 7.879280e+01 2.378264e+02
    endloop
  endfacet
  facet normal -9.444124e-01 -3.287631e-01 -1.090889e-04
    outer loop
      vertex   3.284595e+01 7.855302e+01 2.492713e+02
      vertex   3.276380e+01 7.879280e+01 2.378264e+02
      vertex   3.277566e+01 7.876115e+01 2.306067e+02
    endloop
  endfacet
  facet normal -9.191928e-01 -3.938079e-01 2.174733e-04
    outer loop
      vertex   3.277566e+01 7.876115e+01 2.306067e+02
      vertex   3.276380e+01 7.879280e+01 2.378264e+02
      vertex   3.261601e+01 7.913379e+01 2.306067e+02
    endloop
  endfacet
  facet normal -9.141278e-01 -4.054259e-01 -4.349428e-04
    outer loop
      vertex   3.261601e+01 7.913379e+01 2.306067e+02
      vertex   3.276380e+01 7.879280e+01 2.378264e+02
      vertex   3.258576e+01 7.919424e+01 2.378264e+02
    endloop
  endfacet
  facet normal -8.746106e-01 -4.848259e-01 3.954272e-04
    outer loop
      vertex   3.261601e+01 7.913379e+01 2.306067e+02
      vertex   3.258576e+01 7.919424e+01 2.378264e+02
      vertex   3.241946e+01 7.948836e+01 2.306067e+02
    endloop
  endfacet
  facet normal -8.641749e-01 -5.031913e-01 -5.931319e-04
    outer loop
      vertex   3.241946e+01 7.948836e+01 2.306067e+02
      vertex   3.258576e+01 7.919424e+01 2.378264e+02
      vertex   3.236478e+01 7.957374e+01 2.378264e+02
    endloop
  endfacet
  facet normal -8.210446e-01 -5.708638e-01 5.338489e-04
    outer loop
      vertex   3.241946e+01 7.948836e+01 2.306067e+02
      vertex   3.236478e+01 7.957374e+01 2.378264e+02
      vertex   3.218803e+01 7.982121e+01 2.306067e+02
    endloop
  endfacet
  facet normal -8.038057e-01 -5.948914e-01 -7.117837e-04
    outer loop
      vertex   3.218803e+01 7.982121e+01 2.306067e+02
      vertex   3.236478e+01 7.957374e+01 2.378264e+02
      vertex   3.210354e+01 7.992674e+01 2.378264e+02
    endloop
  endfacet
  facet normal -7.590449e-01 -6.510379e-01 6.327286e-04
    outer loop
      vertex   3.218803e+01 7.982121e+01 2.306067e+02
      vertex   3.210354e+01 7.992674e+01 2.378264e+02
      vertex   3.192410e+01 8.012893e+01 2.306067e+02
    endloop
  endfacet
  facet normal -7.338205e-01 -6.793430e-01 -7.869013e-04
    outer loop
      vertex   3.192410e+01 8.012893e+01 2.306067e+02
      vertex   3.210354e+01 7.992674e+01 2.378264e+02
      vertex   3.180578e+01 8.024837e+01 2.378264e+02
    endloop
  endfacet
  facet normal -6.892485e-01 -7.245247e-01 6.910492e-04
    outer loop
      vertex   3.192410e+01 8.012893e+01 2.306067e+02
      vertex   3.180578e+01 8.024837e+01 2.378264e+02
      vertex   3.163038e+01 8.040835e+01 2.306067e+02
    endloop
  endfacet
  facet normal -6.549268e-01 -7.556918e-01 -8.334347e-04
    outer loop
      vertex   3.163038e+01 8.040835e+01 2.306067e+02
      vertex   3.180578e+01 8.024837e+01 2.378264e+02
      vertex   3.147327e+01 8.053654e+01 2.378264e+02
    endloop
  endfacet
  facet normal -6.123723e-01 -7.905692e-01 7.118366e-04
    outer loop
      vertex   3.163038e+01 8.040835e+01 2.306067e+02
      vertex   3.147327e+01 8.053654e+01 2.378264e+02
      vertex   3.130988e+01 8.065660e+01 2.306067e+02
    endloop
  endfacet
  facet normal -5.680515e-01 -8.229926e-01 -8.304439e-04
    outer loop
      vertex   3.130988e+01 8.065660e+01 2.306067e+02
      vertex   3.147327e+01 8.053654e+01 2.378264e+02
      vertex   3.111186e+01 8.078600e+01 2.378264e+02
    endloop
  endfacet
  facet normal -5.292059e-01 -8.484932e-01 6.920593e-04
    outer loop
      vertex   3.130988e+01 8.065660e+01 2.306067e+02
      vertex   3.111186e+01 8.078600e+01 2.378264e+02
      vertex   3.096590e+01 8.087114e+01 2.306067e+02
    endloop
  endfacet
  facet normal -4.744097e-01 -8.803038e-01 -7.908895e-04
    outer loop
      vertex   3.096590e+01 8.087114e+01 2.306067e+02
      vertex   3.111186e+01 8.078600e+01 2.378264e+02
      vertex   3.072527e+01 8.099434e+01 2.378264e+02
    endloop
  endfacet
  facet normal -4.406035e-01 -8.977016e-01 6.327286e-04
    outer loop
      vertex   3.096590e+01 8.087114e+01 2.306067e+02
      vertex   3.072527e+01 8.099434e+01 2.378264e+02
      vertex   3.060197e+01 8.104977e+01 2.306067e+02
    endloop
  endfacet
  facet normal -3.750497e-01 -9.270044e-01 -7.117837e-04
    outer loop
      vertex   3.060197e+01 8.104977e+01 2.306067e+02
      vertex   3.072527e+01 8.099434e+01 2.378264e+02
      vertex   3.031817e+01 8.115904e+01 2.378264e+02
    endloop
  endfacet
  facet normal -3.474754e-01 -9.376890e-01 5.338489e-04
    outer loop
      vertex   3.060197e+01 8.104977e+01 2.306067e+02
      vertex   3.031817e+01 8.115904e+01 2.378264e+02
      vertex   3.022183e+01 8.119063e+01 2.306067e+02
    endloop
  endfacet
  facet normal -2.710500e-01 -9.625651e-01 -5.948690e-04
    outer loop
      vertex   3.022183e+01 8.119063e+01 2.306067e+02
      vertex   3.031817e+01 8.115904e+01 2.378264e+02
      vertex   2.989451e+01 8.127834e+01 2.378264e+02
    endloop
  endfacet
  facet normal -2.507780e-01 -9.680445e-01 3.907748e-04
    outer loop
      vertex   3.022183e+01 8.119063e+01 2.306067e+02
      vertex   2.989451e+01 8.127834e+01 2.378264e+02
      vertex   2.982938e+01 8.129230e+01 2.306067e+02
    endloop
  endfacet
  facet normal -1.638979e-01 -9.864772e-01 -4.285703e-04
    outer loop
      vertex   2.982938e+01 8.129230e+01 2.306067e+02
      vertex   2.989451e+01 8.127834e+01 2.378264e+02
      vertex   2.946227e+01 8.135015e+01 2.378264e+02
    endloop
  endfacet
  facet normal -1.515046e-01 -9.884565e-01 2.174733e-04
    outer loop
      vertex   2.982938e+01 8.129230e+01 2.306067e+02
      vertex   2.946227e+01 8.135015e+01 2.378264e+02
      vertex   2.942866e+01 8.135372e+01 2.306067e+02
    endloop
  endfacet
  facet normal -9.543330e-01 -2.987447e-01 2.630065e-04
    outer loop
      vertex   3.277566e+01 7.876115e+01 2.306067e+02
      vertex   3.289677e+01 7.837426e+01 2.306067e+02
      vertex   3.284595e+01 7.855302e+01 2.492713e+02
    endloop
  endfacet
  facet normal -9.618912e-01 -2.734326e-01 0.000000e+00
    outer loop
      vertex   3.284595e+01 7.855302e+01 2.492713e+02
      vertex   3.289677e+01 7.837426e+01 2.306067e+02
      vertex   3.289677e+01 7.837426e+01 2.492657e+02
    endloop
  endfacet
  facet normal -3.651234e-02 -9.993332e-01 6.556618e-16
    outer loop
      vertex   2.930754e+01 8.136389e+01 2.520200e+02
      vertex   2.902378e+01 8.137426e+01 2.522657e+02
      vertex   2.902378e+01 8.137426e+01 2.306067e+02
    endloop
  endfacet
  facet normal -1.637758e-01 -9.864976e-01 0.000000e+00
    outer loop
      vertex   2.989354e+01 8.127856e+01 2.450461e+02
      vertex   2.946227e+01 8.135015e+01 2.450461e+02
      vertex   2.946227e+01 8.135015e+01 2.378264e+02
    endloop
  endfacet
  facet normal -2.709309e-01 -9.625988e-01 -7.547235e-06
    outer loop
      vertex   3.031817e+01 8.115904e+01 2.450461e+02
      vertex   2.989354e+01 8.127856e+01 2.450461e+02
      vertex   2.989451e+01 8.127834e+01 2.378264e+02
    endloop
  endfacet
  facet normal -1.638979e-01 -9.864773e-01 7.496364e-06
    outer loop
      vertex   2.989451e+01 8.127834e+01 2.378264e+02
      vertex   2.989354e+01 8.127856e+01 2.450461e+02
      vertex   2.946227e+01 8.135015e+01 2.378264e+02
    endloop
  endfacet
  facet normal -3.750498e-01 -9.270047e-01 0.000000e+00
    outer loop
      vertex   3.072527e+01 8.099434e+01 2.450461e+02
      vertex   3.031817e+01 8.115904e+01 2.450461e+02
      vertex   3.031817e+01 8.115904e+01 2.378264e+02
    endloop
  endfacet
  facet normal -2.710500e-01 -9.625653e-01 0.000000e+00
    outer loop
      vertex   3.031817e+01 8.115904e+01 2.378264e+02
      vertex   3.031817e+01 8.115904e+01 2.450461e+02
      vertex   2.989451e+01 8.127834e+01 2.378264e+02
    endloop
  endfacet
  facet normal -4.744099e-01 -8.803041e-01 0.000000e+00
    outer loop
      vertex   3.111186e+01 8.078600e+01 2.450461e+02
      vertex   3.072527e+01 8.099434e+01 2.450461e+02
      vertex   3.072527e+01 8.099434e+01 2.378264e+02
    endloop
  endfacet
  facet normal -3.750498e-01 -9.270047e-01 0.000000e+00
    outer loop
      vertex   3.072527e+01 8.099434e+01 2.378264e+02
      vertex   3.072527e+01 8.099434e+01 2.450461e+02
      vertex   3.031817e+01 8.115904e+01 2.378264e+02
    endloop
  endfacet
  facet normal -5.680517e-01 -8.229929e-01 0.000000e+00
    outer loop
      vertex   3.147327e+01 8.053654e+01 2.450461e+02
      vertex   3.111186e+01 8.078600e+01 2.450461e+02
      vertex   3.111186e+01 8.078600e+01 2.378264e+02
    endloop
  endfacet
  facet normal -4.744099e-01 -8.803041e-01 0.000000e+00
    outer loop
      vertex   3.111186e+01 8.078600e+01 2.378264e+02
      vertex   3.111186e+01 8.078600e+01 2.450461e+02
      vertex   3.072527e+01 8.099434e+01 2.378264e+02
    endloop
  endfacet
  facet normal -5.680517e-01 -8.229929e-01 0.000000e+00
    outer loop
      vertex   3.111186e+01 8.078600e+01 2.378264e+02
      vertex   3.147327e+01 8.053654e+01 2.378264e+02
      vertex   3.147327e+01 8.053654e+01 2.450461e+02
    endloop
  endfacet
  facet normal -6.549270e-01 -7.556921e-01 -0.000000e+00
    outer loop
      vertex   3.147327e+01 8.053654e+01 2.450461e+02
      vertex   3.147327e+01 8.053654e+01 2.378264e+02
      vertex   3.180578e+01 8.024837e+01 2.378264e+02
    endloop
  endfacet
  facet normal -6.550076e-01 -7.556223e-01 -6.492954e-06
    outer loop
      vertex   3.147327e+01 8.053654e+01 2.450461e+02
      vertex   3.180578e+01 8.024837e+01 2.378264e+02
      vertex   3.180639e+01 8.024778e+01 2.450461e+02
    endloop
  endfacet
  facet normal -7.338207e-01 -6.793432e-01 6.455279e-06
    outer loop
      vertex   3.180639e+01 8.024778e+01 2.450461e+02
      vertex   3.180578e+01 8.024837e+01 2.378264e+02
      vertex   3.210354e+01 7.992674e+01 2.378264e+02
    endloop
  endfacet
  facet normal -7.338931e-01 -6.792650e-01 0.000000e+00
    outer loop
      vertex   3.180639e+01 8.024778e+01 2.450461e+02
      vertex   3.210354e+01 7.992674e+01 2.378264e+02
      vertex   3.210354e+01 7.992674e+01 2.450461e+02
    endloop
  endfacet
  facet normal -8.038059e-01 -5.948916e-01 -0.000000e+00
    outer loop
      vertex   3.210354e+01 7.992674e+01 2.450461e+02
      vertex   3.210354e+01 7.992674e+01 2.378264e+02
      vertex   3.236478e+01 7.957374e+01 2.450461e+02
    endloop
  endfacet
  facet normal -8.641750e-01 -5.031914e-01 0.000000e+00
    outer loop
      vertex   3.258576e+01 7.919424e+01 2.450461e+02
      vertex   3.236478e+01 7.957374e+01 2.450461e+02
      vertex   3.236478e+01 7.957374e+01 2.378264e+02
    endloop
  endfacet
  facet normal -8.038059e-01 -5.948916e-01 0.000000e+00
    outer loop
      vertex   3.236478e+01 7.957374e+01 2.378264e+02
      vertex   3.236478e+01 7.957374e+01 2.450461e+02
      vertex   3.210354e+01 7.992674e+01 2.378264e+02
    endloop
  endfacet
  facet normal -9.141279e-01 -4.054260e-01 0.000000e+00
    outer loop
      vertex   3.276380e+01 7.879280e+01 2.450461e+02
      vertex   3.258576e+01 7.919424e+01 2.450461e+02
      vertex   3.258576e+01 7.919424e+01 2.378264e+02
    endloop
  endfacet
  facet normal -8.641750e-01 -5.031914e-01 0.000000e+00
    outer loop
      vertex   3.258576e+01 7.919424e+01 2.378264e+02
      vertex   3.258576e+01 7.919424e+01 2.450461e+02
      vertex   3.236478e+01 7.957374e+01 2.378264e+02
    endloop
  endfacet
  facet normal -9.141279e-01 -4.054260e-01 0.000000e+00
    outer loop
      vertex   3.276380e+01 7.879280e+01 2.378264e+02
      vertex   3.276380e+01 7.879280e+01 2.450461e+02
      vertex   3.258576e+01 7.919424e+01 2.378264e+02
    endloop
  endfacet
  facet normal 0.000000e+00 0.000000e+00 -1.000000e+00
    outer loop
      vertex   3.382441e+01 7.971526e+01 2.292657e+02
      vertex   3.358601e+01 8.015137e+01 2.292657e+02
      vertex   3.455577e+01 7.971526e+01 2.292657e+02
    endloop
  endfacet
  facet normal 0.000000e+00 0.000000e+00 -1.000000e+00
    outer loop
      vertex   3.455577e+01 7.971526e+01 2.292657e+02
      vertex   3.358601e+01 8.015137e+01 2.292657e+02
      vertex   3.330811e+01 8.056343e+01 2.292657e+02
    endloop
  endfacet
  facet normal 0.000000e+00 0.000000e+00 -1.000000e+00
    outer loop
      vertex   3.455577e+01 7.971526e+01 2.292657e+02
      vertex   3.330811e+01 8.056343e+01 2.292657e+02
      vertex   3.455577e+01 8.403326e+01 2.292657e+02
    endloop
  endfacet
  facet normal 0.000000e+00 0.000000e+00 -1.000000e+00
    outer loop
      vertex   3.455577e+01 8.403326e+01 2.292657e+02
      vertex   3.330811e+01 8.056343e+01 2.292657e+02
      vertex   3.299311e+01 8.094788e+01 2.292657e+02
    endloop
  endfacet
  facet normal 0.000000e+00 0.000000e+00 -1.000000e+00
    outer loop
      vertex   3.455577e+01 8.403326e+01 2.292657e+02
      vertex   3.299311e+01 8.094788e+01 2.292657e+02
      vertex   3.264374e+01 8.130138e+01 2.292657e+02
    endloop
  endfacet
  facet normal 0.000000e+00 0.000000e+00 -1.000000e+00
    outer loop
      vertex   3.264374e+01 8.130138e+01 2.292657e+02
      vertex   3.226302e+01 8.162087e+01 2.292657e+02
      vertex   3.455577e+01 8.403326e+01 2.292657e+02
    endloop
  endfacet
  facet normal 0.000000e+00 0.000000e+00 -1.000000e+00
    outer loop
      vertex   3.455577e+01 8.403326e+01 2.292657e+02
      vertex   3.226302e+01 8.162087e+01 2.292657e+02
      vertex   3.185424e+01 8.190359e+01 2.292657e+02
    endloop
  endfacet
  facet normal 0.000000e+00 0.000000e+00 -1.000000e+00
    outer loop
      vertex   3.455577e+01 8.403326e+01 2.292657e+02
      vertex   3.185424e+01 8.190359e+01 2.292657e+02
      vertex   3.142096e+01 8.214708e+01 2.292657e+02
    endloop
  endfacet
  facet normal 0.000000e+00 0.000000e+00 -1.000000e+00
    outer loop
      vertex   3.142096e+01 8.214708e+01 2.292657e+02
      vertex   3.096692e+01 8.234925e+01 2.292657e+02
      vertex   3.455577e+01 8.403326e+01 2.292657e+02
    endloop
  endfacet
  facet normal 0.000000e+00 0.000000e+00 -1.000000e+00
    outer loop
      vertex   3.455577e+01 8.403326e+01 2.292657e+02
      vertex   3.096692e+01 8.234925e+01 2.292657e+02
      vertex   3.049605e+01 8.250833e+01 2.292657e+02
    endloop
  endfacet
  facet normal 0.000000e+00 0.000000e+00 -1.000000e+00
    outer loop
      vertex   3.455577e+01 8.403326e+01 2.292657e+02
      vertex   3.049605e+01 8.250833e+01 2.292657e+02
      vertex   3.001244e+01 8.262296e+01 2.292657e+02
    endloop
  endfacet
  facet normal -0.000000e+00 0.000000e+00 -1.000000e+00
    outer loop
      vertex   3.455577e+01 8.403326e+01 2.292657e+02
      vertex   3.001244e+01 8.262296e+01 2.292657e+02
      vertex   2.723777e+01 8.403326e+01 2.292657e+02
    endloop
  endfacet
  facet normal 0.000000e+00 0.000000e+00 -1.000000e+00
    outer loop
      vertex   2.723777e+01 8.403326e+01 2.292657e+02
      vertex   3.001244e+01 8.262296e+01 2.292657e+02
      vertex   2.952026e+01 8.269214e+01 2.292657e+02
    endloop
  endfacet
  facet normal 0.000000e+00 0.000000e+00 -1.000000e+00
    outer loop
      vertex   2.723777e+01 8.403326e+01 2.292657e+02
      vertex   2.952026e+01 8.269214e+01 2.292657e+02
      vertex   2.902378e+01 8.271526e+01 2.292657e+02
    endloop
  endfacet
  facet normal 0.000000e+00 0.000000e+00 -1.000000e+00
    outer loop
      vertex   2.902378e+01 8.271526e+01 2.292657e+02
      vertex   2.723777e+01 8.271526e+01 2.292657e+02
      vertex   2.723777e+01 8.403326e+01 2.292657e+02
    endloop
  endfacet
  facet normal 8.263207e-15 -9.991110e-01 4.215629e-02
    outer loop
      vertex   2.902378e+01 8.137426e+01 2.522657e+02
      vertex   2.930754e+01 8.136389e+01 2.520200e+02
      vertex   3.589677e+01 8.137426e+01 2.522657e+02
    endloop
  endfacet
  facet normal -6.809869e-04 -9.981753e-01 6.037848e-02
    outer loop
      vertex   3.589677e+01 8.137426e+01 2.522657e+02
      vertex   2.930754e+01 8.136389e+01 2.520200e+02
      vertex   3.589677e+01 8.135239e+01 2.519041e+02
    endloop
  endfacet
  facet normal 4.791226e-04 -9.920644e-01 1.257302e-01
    outer loop
      vertex   3.589677e+01 8.135239e+01 2.519041e+02
      vertex   2.930754e+01 8.136389e+01 2.520200e+02
      vertex   2.959819e+01 8.133218e+01 2.517687e+02
    endloop
  endfacet
  facet normal -7.205309e-04 -9.836197e-01 1.802550e-01
    outer loop
      vertex   3.589677e+01 8.135239e+01 2.519041e+02
      vertex   2.959819e+01 8.133218e+01 2.517687e+02
      vertex   3.589677e+01 8.128709e+01 2.515478e+02
    endloop
  endfacet
  facet normal 3.038112e-04 -9.780588e-01 2.083290e-01
    outer loop
      vertex   3.589677e+01 8.128709e+01 2.515478e+02
      vertex   2.959819e+01 8.133218e+01 2.517687e+02
      vertex   2.989256e+01 8.127820e+01 2.515148e+02
    endloop
  endfacet
  facet normal -1.832988e-04 -9.566324e-01 2.912977e-01
    outer loop
      vertex   3.589677e+01 8.128709e+01 2.515478e+02
      vertex   2.989256e+01 8.127820e+01 2.515148e+02
      vertex   3.018751e+01 8.120104e+01 2.512616e+02
    endloop
  endfacet
  facet normal -5.231312e-04 -9.547207e-01 2.975030e-01
    outer loop
      vertex   3.589677e+01 8.128709e+01 2.515478e+02
      vertex   3.018751e+01 8.120104e+01 2.512616e+02
      vertex   3.589677e+01 8.117931e+01 2.512019e+02
    endloop
  endfacet
  facet normal 4.111833e-04 -9.264029e-01 3.765334e-01
    outer loop
      vertex   3.589677e+01 8.117931e+01 2.512019e+02
      vertex   3.018751e+01 8.120104e+01 2.512616e+02
      vertex   3.047989e+01 8.109979e+01 2.510122e+02
    endloop
  endfacet
  facet normal -9.883025e-04 -9.118994e-01 4.104126e-01
    outer loop
      vertex   3.589677e+01 8.117931e+01 2.512019e+02
      vertex   3.047989e+01 8.109979e+01 2.510122e+02
      vertex   3.589677e+01 8.103063e+01 2.508716e+02
    endloop
  endfacet
  facet normal 6.183653e-04 -8.877107e-01 4.604013e-01
    outer loop
      vertex   3.589677e+01 8.103063e+01 2.508716e+02
      vertex   3.047989e+01 8.109979e+01 2.510122e+02
      vertex   3.076672e+01 8.097417e+01 2.507696e+02
    endloop
  endfacet
  facet normal -8.647083e-04 -8.557810e-01 5.173376e-01
    outer loop
      vertex   3.589677e+01 8.103063e+01 2.508716e+02
      vertex   3.076672e+01 8.097417e+01 2.507696e+02
      vertex   3.589677e+01 8.084321e+01 2.505615e+02
    endloop
  endfacet
  facet normal 3.689118e-04 -8.421812e-01 5.391945e-01
    outer loop
      vertex   3.589677e+01 8.084321e+01 2.505615e+02
      vertex   3.076672e+01 8.097417e+01 2.507696e+02
      vertex   3.104531e+01 8.082516e+01 2.505367e+02
    endloop
  endfacet
  facet normal -2.059432e-04 -7.898338e-01 6.133208e-01
    outer loop
      vertex   3.589677e+01 8.084321e+01 2.505615e+02
      vertex   3.104531e+01 8.082516e+01 2.505367e+02
      vertex   3.131297e+01 8.065390e+01 2.503162e+02
    endloop
  endfacet
  facet normal -4.972821e-04 -7.871834e-01 6.167188e-01
    outer loop
      vertex   3.589677e+01 8.084321e+01 2.505615e+02
      vertex   3.131297e+01 8.065390e+01 2.503162e+02
      vertex   3.589677e+01 8.061979e+01 2.502764e+02
    endloop
  endfacet
  facet normal 5.215926e-04 -7.291859e-01 6.843154e-01
    outer loop
      vertex   3.589677e+01 8.061979e+01 2.502764e+02
      vertex   3.131297e+01 8.065390e+01 2.503162e+02
      vertex   3.156704e+01 8.046151e+01 2.501110e+02
    endloop
  endfacet
  facet normal -1.156039e-03 -7.071063e-01 7.071063e-01
    outer loop
      vertex   3.589677e+01 8.061979e+01 2.502764e+02
      vertex   3.156704e+01 8.046151e+01 2.501110e+02
      vertex   3.589677e+01 8.036363e+01 2.500202e+02
    endloop
  endfacet
  facet normal 8.259955e-04 -6.602175e-01 7.510740e-01
    outer loop
      vertex   3.589677e+01 8.036363e+01 2.500202e+02
      vertex   3.156704e+01 8.046151e+01 2.501110e+02
      vertex   3.180672e+01 8.024728e+01 2.499224e+02
    endloop
  endfacet
  facet normal -1.274571e-03 -6.167184e-01 7.871828e-01
    outer loop
      vertex   3.589677e+01 8.036363e+01 2.500202e+02
      vertex   3.180672e+01 8.024728e+01 2.499224e+02
      vertex   3.589677e+01 8.007846e+01 2.497968e+02
    endloop
  endfacet
  facet normal 9.320412e-04 -5.824009e-01 8.129012e-01
    outer loop
      vertex   3.589677e+01 8.007846e+01 2.497968e+02
      vertex   3.180672e+01 8.024728e+01 2.499224e+02
      vertex   3.204055e+01 8.000007e+01 2.497450e+02
    endloop
  endfacet
  facet normal -9.659197e-04 -5.173376e-01 8.557809e-01
    outer loop
      vertex   3.589677e+01 8.007846e+01 2.497968e+02
      vertex   3.204055e+01 8.000007e+01 2.497450e+02
      vertex   3.589677e+01 7.976843e+01 2.496094e+02
    endloop
  endfacet
  facet normal 7.325299e-04 -4.963056e-01 8.681476e-01
    outer loop
      vertex   3.589677e+01 7.976843e+01 2.496094e+02
      vertex   3.204055e+01 8.000007e+01 2.497450e+02
      vertex   3.226299e+01 7.972059e+01 2.495851e+02
    endloop
  endfacet
  facet normal -6.906347e-04 -4.104127e-01 9.118996e-01
    outer loop
      vertex   3.589677e+01 7.976843e+01 2.496094e+02
      vertex   3.226299e+01 7.972059e+01 2.495851e+02
      vertex   3.589677e+01 7.943808e+01 2.494607e+02
    endloop
  endfacet
  facet normal 4.302183e-04 -3.983455e-01 9.172354e-01
    outer loop
      vertex   3.589677e+01 7.943808e+01 2.494607e+02
      vertex   3.226299e+01 7.972059e+01 2.495851e+02
      vertex   3.246561e+01 7.941226e+01 2.494511e+02
    endloop
  endfacet
  facet normal -2.660248e-04 -3.173535e-01 9.483073e-01
    outer loop
      vertex   3.589677e+01 7.943808e+01 2.494607e+02
      vertex   3.246561e+01 7.941226e+01 2.494511e+02
      vertex   3.255709e+01 7.924855e+01 2.493963e+02
    endloop
  endfacet
  facet normal -1.516121e-03 -2.975027e-01 9.547198e-01
    outer loop
      vertex   3.589677e+01 7.943808e+01 2.494607e+02
      vertex   3.255709e+01 7.924855e+01 2.493963e+02
      vertex   3.589677e+01 7.909221e+01 2.493529e+02
    endloop
  endfacet
  facet normal 2.937176e-04 -2.617360e-01 9.651395e-01
    outer loop
      vertex   3.589677e+01 7.909221e+01 2.493529e+02
      vertex   3.255709e+01 7.924855e+01 2.493963e+02
      vertex   3.264129e+01 7.907971e+01 2.493505e+02
    endloop
  endfacet
  facet normal 7.014766e-05 -2.060554e-01 9.785403e-01
    outer loop
      vertex   3.589677e+01 7.909221e+01 2.493529e+02
      vertex   3.264129e+01 7.907971e+01 2.493505e+02
      vertex   3.271779e+01 7.890681e+01 2.493141e+02
    endloop
  endfacet
  facet normal -1.496569e-03 -1.802548e-01 9.836188e-01
    outer loop
      vertex   3.589677e+01 7.909221e+01 2.493529e+02
      vertex   3.271779e+01 7.890681e+01 2.493141e+02
      vertex   3.589677e+01 7.873587e+01 2.492876e+02
    endloop
  endfacet
  facet normal 2.137505e-04 -1.492499e-01 9.887995e-01
    outer loop
      vertex   3.589677e+01 7.873587e+01 2.492876e+02
      vertex   3.271779e+01 7.890681e+01 2.493141e+02
      vertex   3.278615e+01 7.873089e+01 2.492875e+02
    endloop
  endfacet
  facet normal 1.203817e-04 -9.105463e-02 9.958459e-01
    outer loop
      vertex   3.589677e+01 7.873587e+01 2.492876e+02
      vertex   3.278615e+01 7.873089e+01 2.492875e+02
      vertex   3.284595e+01 7.855302e+01 2.492713e+02
    endloop
  endfacet
  facet normal 0.000000e+00 -3.088384e-02 9.995230e-01
    outer loop
      vertex   3.289677e+01 7.837426e+01 2.492657e+02
      vertex   3.589677e+01 7.837426e+01 2.492657e+02
      vertex   3.284595e+01 7.855302e+01 2.492713e+02
    endloop
  endfacet
  facet normal -1.730660e-03 -6.037841e-02 9.981741e-01
    outer loop
      vertex   3.284595e+01 7.855302e+01 2.492713e+02
      vertex   3.589677e+01 7.837426e+01 2.492657e+02
      vertex   3.589677e+01 7.873587e+01 2.492876e+02
    endloop
  endfacet
  facet normal 0.000000e+00 -3.088384e-02 9.995230e-01
    outer loop
      vertex   -3.660323e+01 7.837426e+01 2.492657e+02
      vertex   -3.655242e+01 7.855302e+01 2.492713e+02
      vertex   -3.960323e+01 7.837426e+01 2.492657e+02
    endloop
  endfacet
  facet normal 1.730660e-03 -6.037841e-02 9.981741e-01
    outer loop
      vertex   -3.960323e+01 7.837426e+01 2.492657e+02
      vertex   -3.655242e+01 7.855302e+01 2.492713e+02
      vertex   -3.960323e+01 7.873587e+01 2.492876e+02
    endloop
  endfacet
  facet normal -1.203817e-04 -9.105463e-02 9.958459e-01
    outer loop
      vertex   -3.960323e+01 7.873587e+01 2.492876e+02
      vertex   -3.655242e+01 7.855302e+01 2.492713e+02
      vertex   -3.649261e+01 7.873089e+01 2.492875e+02
    endloop
  endfacet
  facet normal -2.137505e-04 -1.492499e-01 9.887995e-01
    outer loop
      vertex   -3.960323e+01 7.873587e+01 2.492876e+02
      vertex   -3.649261e+01 7.873089e+01 2.492875e+02
      vertex   -3.642425e+01 7.890681e+01 2.493141e+02
    endloop
  endfacet
  facet normal 1.496569e-03 -1.802548e-01 9.836188e-01
    outer loop
      vertex   -3.960323e+01 7.873587e+01 2.492876e+02
      vertex   -3.642425e+01 7.890681e+01 2.493141e+02
      vertex   -3.960323e+01 7.909221e+01 2.493529e+02
    endloop
  endfacet
  facet normal -7.014766e-05 -2.060554e-01 9.785403e-01
    outer loop
      vertex   -3.960323e+01 7.909221e+01 2.493529e+02
      vertex   -3.642425e+01 7.890681e+01 2.493141e+02
      vertex   -3.634776e+01 7.907971e+01 2.493505e+02
    endloop
  endfacet
  facet normal -2.937176e-04 -2.617360e-01 9.651395e-01
    outer loop
      vertex   -3.960323e+01 7.909221e+01 2.493529e+02
      vertex   -3.634776e+01 7.907971e+01 2.493505e+02
      vertex   -3.626355e+01 7.924855e+01 2.493963e+02
    endloop
  endfacet
  facet normal 1.516121e-03 -2.975027e-01 9.547198e-01
    outer loop
      vertex   -3.960323e+01 7.909221e+01 2.493529e+02
      vertex   -3.626355e+01 7.924855e+01 2.493963e+02
      vertex   -3.960323e+01 7.943808e+01 2.494607e+02
    endloop
  endfacet
  facet normal 2.660248e-04 -3.173535e-01 9.483073e-01
    outer loop
      vertex   -3.960323e+01 7.943808e+01 2.494607e+02
      vertex   -3.626355e+01 7.924855e+01 2.493963e+02
      vertex   -3.617207e+01 7.941226e+01 2.494511e+02
    endloop
  endfacet
  facet normal -4.302183e-04 -3.983455e-01 9.172354e-01
    outer loop
      vertex   -3.960323e+01 7.943808e+01 2.494607e+02
      vertex   -3.617207e+01 7.941226e+01 2.494511e+02
      vertex   -3.596945e+01 7.972059e+01 2.495851e+02
    endloop
  endfacet
  facet normal 6.906347e-04 -4.104127e-01 9.118996e-01
    outer loop
      vertex   -3.960323e+01 7.943808e+01 2.494607e+02
      vertex   -3.596945e+01 7.972059e+01 2.495851e+02
      vertex   -3.960323e+01 7.976843e+01 2.496094e+02
    endloop
  endfacet
  facet normal -7.325299e-04 -4.963056e-01 8.681476e-01
    outer loop
      vertex   -3.960323e+01 7.976843e+01 2.496094e+02
      vertex   -3.596945e+01 7.972059e+01 2.495851e+02
      vertex   -3.574702e+01 8.000007e+01 2.497450e+02
    endloop
  endfacet
  facet normal 9.659197e-04 -5.173376e-01 8.557809e-01
    outer loop
      vertex   -3.960323e+01 7.976843e+01 2.496094e+02
      vertex   -3.574702e+01 8.000007e+01 2.497450e+02
      vertex   -3.960323e+01 8.007846e+01 2.497968e+02
    endloop
  endfacet
  facet normal -9.320412e-04 -5.824009e-01 8.129012e-01
    outer loop
      vertex   -3.960323e+01 8.007846e+01 2.497968e+02
      vertex   -3.574702e+01 8.000007e+01 2.497450e+02
      vertex   -3.551318e+01 8.024728e+01 2.499224e+02
    endloop
  endfacet
  facet normal 1.274571e-03 -6.167184e-01 7.871828e-01
    outer loop
      vertex   -3.960323e+01 8.007846e+01 2.497968e+02
      vertex   -3.551318e+01 8.024728e+01 2.499224e+02
      vertex   -3.960323e+01 8.036363e+01 2.500202e+02
    endloop
  endfacet
  facet normal -8.259955e-04 -6.602175e-01 7.510740e-01
    outer loop
      vertex   -3.960323e+01 8.036363e+01 2.500202e+02
      vertex   -3.551318e+01 8.024728e+01 2.499224e+02
      vertex   -3.527351e+01 8.046151e+01 2.501110e+02
    endloop
  endfacet
  facet normal 1.156039e-03 -7.071063e-01 7.071063e-01
    outer loop
      vertex   -3.960323e+01 8.036363e+01 2.500202e+02
      vertex   -3.527351e+01 8.046151e+01 2.501110e+02
      vertex   -3.960323e+01 8.061979e+01 2.502764e+02
    endloop
  endfacet
  facet normal -5.215926e-04 -7.291859e-01 6.843154e-01
    outer loop
      vertex   -3.960323e+01 8.061979e+01 2.502764e+02
      vertex   -3.527351e+01 8.046151e+01 2.501110e+02
      vertex   -3.501944e+01 8.065390e+01 2.503162e+02
    endloop
  endfacet
  facet normal 4.972821e-04 -7.871834e-01 6.167188e-01
    outer loop
      vertex   -3.960323e+01 8.061979e+01 2.502764e+02
      vertex   -3.501944e+01 8.065390e+01 2.503162e+02
      vertex   -3.960323e+01 8.084321e+01 2.505615e+02
    endloop
  endfacet
  facet normal 2.059432e-04 -7.898338e-01 6.133208e-01
    outer loop
      vertex   -3.960323e+01 8.084321e+01 2.505615e+02
      vertex   -3.501944e+01 8.065390e+01 2.503162e+02
      vertex   -3.475177e+01 8.082516e+01 2.505367e+02
    endloop
  endfacet
  facet normal -3.689118e-04 -8.421812e-01 5.391945e-01
    outer loop
      vertex   -3.960323e+01 8.084321e+01 2.505615e+02
      vertex   -3.475177e+01 8.082516e+01 2.505367e+02
      vertex   -3.447319e+01 8.097417e+01 2.507696e+02
    endloop
  endfacet
  facet normal 8.647083e-04 -8.557810e-01 5.173376e-01
    outer loop
      vertex   -3.960323e+01 8.084321e+01 2.505615e+02
      vertex   -3.447319e+01 8.097417e+01 2.507696e+02
      vertex   -3.960323e+01 8.103063e+01 2.508716e+02
    endloop
  endfacet
  facet normal -6.183653e-04 -8.877107e-01 4.604013e-01
    outer loop
      vertex   -3.960323e+01 8.103063e+01 2.508716e+02
      vertex   -3.447319e+01 8.097417e+01 2.507696e+02
      vertex   -3.418635e+01 8.109979e+01 2.510122e+02
    endloop
  endfacet
  facet normal 9.883025e-04 -9.118994e-01 4.104126e-01
    outer loop
      vertex   -3.960323e+01 8.103063e+01 2.508716e+02
      vertex   -3.418635e+01 8.109979e+01 2.510122e+02
      vertex   -3.960323e+01 8.117931e+01 2.512019e+02
    endloop
  endfacet
  facet normal -4.111833e-04 -9.264029e-01 3.765334e-01
    outer loop
      vertex   -3.960323e+01 8.117931e+01 2.512019e+02
      vertex   -3.418635e+01 8.109979e+01 2.510122e+02
      vertex   -3.389397e+01 8.120104e+01 2.512616e+02
    endloop
  endfacet
  facet normal 5.231312e-04 -9.547207e-01 2.975030e-01
    outer loop
      vertex   -3.960323e+01 8.117931e+01 2.512019e+02
      vertex   -3.389397e+01 8.120104e+01 2.512616e+02
      vertex   -3.960323e+01 8.128709e+01 2.515478e+02
    endloop
  endfacet
  facet normal 1.832988e-04 -9.566324e-01 2.912977e-01
    outer loop
      vertex   -3.960323e+01 8.128709e+01 2.515478e+02
      vertex   -3.389397e+01 8.120104e+01 2.512616e+02
      vertex   -3.359902e+01 8.127820e+01 2.515148e+02
    endloop
  endfacet
  facet normal -3.038112e-04 -9.780588e-01 2.083290e-01
    outer loop
      vertex   -3.960323e+01 8.128709e+01 2.515478e+02
      vertex   -3.359902e+01 8.127820e+01 2.515148e+02
      vertex   -3.330465e+01 8.133218e+01 2.517687e+02
    endloop
  endfacet
  facet normal 7.205309e-04 -9.836197e-01 1.802550e-01
    outer loop
      vertex   -3.960323e+01 8.128709e+01 2.515478e+02
      vertex   -3.330465e+01 8.133218e+01 2.517687e+02
      vertex   -3.960323e+01 8.135239e+01 2.519041e+02
    endloop
  endfacet
  facet normal -4.791226e-04 -9.920644e-01 1.257302e-01
    outer loop
      vertex   -3.960323e+01 8.135239e+01 2.519041e+02
      vertex   -3.330465e+01 8.133218e+01 2.517687e+02
      vertex   -3.301401e+01 8.136389e+01 2.520200e+02
    endloop
  endfacet
  facet normal 6.809869e-04 -9.981753e-01 6.037848e-02
    outer loop
      vertex   -3.960323e+01 8.135239e+01 2.519041e+02
      vertex   -3.301401e+01 8.136389e+01 2.520200e+02
      vertex   -3.960323e+01 8.137426e+01 2.522657e+02
    endloop
  endfacet
  facet normal -4.131604e-15 -9.991110e-01 4.215629e-02
    outer loop
      vertex   -3.960323e+01 8.137426e+01 2.522657e+02
      vertex   -3.301401e+01 8.136389e+01 2.520200e+02
      vertex   -3.273025e+01 8.137426e+01 2.522657e+02
    endloop
  endfacet
  facet normal 9.543330e-01 -2.987447e-01 -2.140719e-04
    outer loop
      vertex   -3.648212e+01 7.876115e+01 1.742657e+02
      vertex   -3.647027e+01 7.879280e+01 1.829324e+02
      vertex   -3.660323e+01 7.837426e+01 1.742657e+02
    endloop
  endfacet
  facet normal 9.530624e-01 -3.027738e-01 0.000000e+00
    outer loop
      vertex   -3.660323e+01 7.837426e+01 1.742657e+02
      vertex   -3.647027e+01 7.879280e+01 1.829324e+02
      vertex   -3.647027e+01 7.879280e+01 1.915991e+02
    endloop
  endfacet
  facet normal 9.530624e-01 -3.027738e-01 0.000000e+00
    outer loop
      vertex   -3.660323e+01 7.837426e+01 1.742657e+02
      vertex   -3.647027e+01 7.879280e+01 1.915991e+02
      vertex   -3.647027e+01 7.879280e+01 2.002657e+02
    endloop
  endfacet
  facet normal 9.141279e-01 -4.054260e-01 0.000000e+00
    outer loop
      vertex   -3.647027e+01 7.879280e+01 2.002657e+02
      vertex   -3.647027e+01 7.879280e+01 1.915991e+02
      vertex   -3.629223e+01 7.919424e+01 2.002657e+02
    endloop
  endfacet
  facet normal 9.141279e-01 -4.054260e-01 6.636292e-16
    outer loop
      vertex   -3.647027e+01 7.879280e+01 2.002657e+02
      vertex   -3.629223e+01 7.919424e+01 2.002657e+02
      vertex   -3.629223e+01 7.919424e+01 2.089324e+02
    endloop
  endfacet
  facet normal 8.641750e-01 -5.031914e-01 8.250899e-16
    outer loop
      vertex   -3.629223e+01 7.919424e+01 2.089324e+02
      vertex   -3.629223e+01 7.919424e+01 2.002657e+02
      vertex   -3.607125e+01 7.957374e+01 2.089324e+02
    endloop
  endfacet
  facet normal 8.641750e-01 -5.031914e-01 0.000000e+00
    outer loop
      vertex   -3.629223e+01 7.919424e+01 2.089324e+02
      vertex   -3.607125e+01 7.957374e+01 2.089324e+02
      vertex   -3.607125e+01 7.957374e+01 2.175991e+02
    endloop
  endfacet
  facet normal 8.038059e-01 -5.948916e-01 0.000000e+00
    outer loop
      vertex   -3.607125e+01 7.957374e+01 2.175991e+02
      vertex   -3.607125e+01 7.957374e+01 2.089324e+02
      vertex   -3.581000e+01 7.992674e+01 2.175991e+02
    endloop
  endfacet
  facet normal 8.038059e-01 -5.948916e-01 0.000000e+00
    outer loop
      vertex   -3.607125e+01 7.957374e+01 2.175991e+02
      vertex   -3.581000e+01 7.992674e+01 2.175991e+02
      vertex   -3.581000e+01 7.992674e+01 2.262657e+02
    endloop
  endfacet
  facet normal 7.338814e-01 -6.792776e-01 0.000000e+00
    outer loop
      vertex   -3.581000e+01 7.992674e+01 2.262657e+02
      vertex   -3.581000e+01 7.992674e+01 2.175991e+02
      vertex   -3.551276e+01 8.024787e+01 2.262657e+02
    endloop
  endfacet
  facet normal 7.338814e-01 -6.792776e-01 1.647613e-06
    outer loop
      vertex   -3.581000e+01 7.992674e+01 2.262657e+02
      vertex   -3.551276e+01 8.024787e+01 2.262657e+02
      vertex   -3.551295e+01 8.024769e+01 2.349324e+02
    endloop
  endfacet
  facet normal 6.550193e-01 -7.556122e-01 -1.660387e-06
    outer loop
      vertex   -3.551295e+01 8.024769e+01 2.349324e+02
      vertex   -3.551276e+01 8.024787e+01 2.262657e+02
      vertex   -3.517974e+01 8.053654e+01 2.349324e+02
    endloop
  endfacet
  facet normal 6.550193e-01 -7.556122e-01 0.000000e+00
    outer loop
      vertex   -3.551295e+01 8.024769e+01 2.349324e+02
      vertex   -3.517974e+01 8.053654e+01 2.349324e+02
      vertex   -3.517974e+01 8.053654e+01 2.435991e+02
    endloop
  endfacet
  facet normal 5.680517e-01 -8.229929e-01 0.000000e+00
    outer loop
      vertex   -3.517974e+01 8.053654e+01 2.435991e+02
      vertex   -3.517974e+01 8.053654e+01 2.349324e+02
      vertex   -3.481832e+01 8.078600e+01 2.435991e+02
    endloop
  endfacet
  facet normal 5.680515e-01 -8.229926e-01 8.222172e-04
    outer loop
      vertex   -3.517974e+01 8.053654e+01 2.435991e+02
      vertex   -3.481832e+01 8.078600e+01 2.435991e+02
      vertex   -3.501944e+01 8.065390e+01 2.503162e+02
    endloop
  endfacet
  facet normal 5.392119e-01 -8.421700e-01 -4.184143e-04
    outer loop
      vertex   -3.501944e+01 8.065390e+01 2.503162e+02
      vertex   -3.481832e+01 8.078600e+01 2.435991e+02
      vertex   -3.475177e+01 8.082516e+01 2.505367e+02
    endloop
  endfacet
  facet normal 4.744098e-01 -8.803040e-01 4.184592e-04
    outer loop
      vertex   -3.475177e+01 8.082516e+01 2.505367e+02
      vertex   -3.481832e+01 8.078600e+01 2.435991e+02
      vertex   -3.443173e+01 8.099434e+01 2.435991e+02
    endloop
  endfacet
  facet normal 4.714936e-01 -8.818695e-01 2.457550e-04
    outer loop
      vertex   -3.475177e+01 8.082516e+01 2.505367e+02
      vertex   -3.443173e+01 8.099434e+01 2.435991e+02
      vertex   -3.447319e+01 8.097417e+01 2.507696e+02
    endloop
  endfacet
  facet normal 4.013555e-01 -9.159223e-01 -2.554801e-04
    outer loop
      vertex   -3.447319e+01 8.097417e+01 2.507696e+02
      vertex   -3.443173e+01 8.099434e+01 2.435991e+02
      vertex   -3.418635e+01 8.109979e+01 2.510122e+02
    endloop
  endfacet
  facet normal 3.750497e-01 -9.270044e-01 7.729104e-04
    outer loop
      vertex   -3.418635e+01 8.109979e+01 2.510122e+02
      vertex   -3.443173e+01 8.099434e+01 2.435991e+02
      vertex   -3.402464e+01 8.115904e+01 2.435991e+02
    endloop
  endfacet
  facet normal 3.275366e-01 -9.448384e-01 -4.061045e-04
    outer loop
      vertex   -3.418635e+01 8.109979e+01 2.510122e+02
      vertex   -3.402464e+01 8.115904e+01 2.435991e+02
      vertex   -3.389397e+01 8.120104e+01 2.512616e+02
    endloop
  endfacet
  facet normal 2.708594e-01 -9.626187e-01 6.578617e-04
    outer loop
      vertex   -3.389397e+01 8.120104e+01 2.512616e+02
      vertex   -3.402464e+01 8.115904e+01 2.435991e+02
      vertex   -3.359943e+01 8.127869e+01 2.435991e+02
    endloop
  endfacet
  facet normal 2.531369e-01 -9.674305e-01 -7.213017e-05
    outer loop
      vertex   -3.389397e+01 8.120104e+01 2.512616e+02
      vertex   -3.359943e+01 8.127869e+01 2.435991e+02
      vertex   -3.359902e+01 8.127820e+01 2.515148e+02
    endloop
  endfacet
  facet normal 1.804167e-01 -9.835903e-01 -6.936272e-05
    outer loop
      vertex   -3.359902e+01 8.127820e+01 2.515148e+02
      vertex   -3.359943e+01 8.127869e+01 2.435991e+02
      vertex   -3.330465e+01 8.133218e+01 2.517687e+02
    endloop
  endfacet
  facet normal 1.637026e-01 -9.865096e-01 5.528388e-04
    outer loop
      vertex   -3.330465e+01 8.133218e+01 2.517687e+02
      vertex   -3.359943e+01 8.127869e+01 2.435991e+02
      vertex   -3.316874e+01 8.135015e+01 2.435991e+02
    endloop
  endfacet
  facet normal 1.087968e-01 -9.940639e-01 -3.772114e-04
    outer loop
      vertex   -3.330465e+01 8.133218e+01 2.517687e+02
      vertex   -3.316874e+01 8.135015e+01 2.435991e+02
      vertex   -3.301401e+01 8.136389e+01 2.520200e+02
    endloop
  endfacet
  facet normal 3.566907e-02 -9.993632e-01 9.751008e-04
    outer loop
      vertex   -3.301401e+01 8.136389e+01 2.520200e+02
      vertex   -3.316874e+01 8.135015e+01 2.435991e+02
      vertex   -3.273025e+01 8.137426e+01 2.522657e+02
    endloop
  endfacet
  facet normal 5.489390e-02 -9.984922e-01 0.000000e+00
    outer loop
      vertex   -3.273025e+01 8.137426e+01 2.522657e+02
      vertex   -3.316874e+01 8.135015e+01 2.435991e+02
      vertex   -3.316874e+01 8.135015e+01 2.349324e+02
    endloop
  endfacet
  facet normal 5.489390e-02 -9.984922e-01 0.000000e+00
    outer loop
      vertex   -3.273025e+01 8.137426e+01 2.522657e+02
      vertex   -3.316874e+01 8.135015e+01 2.349324e+02
      vertex   -3.316874e+01 8.135015e+01 2.262657e+02
    endloop
  endfacet
  facet normal 1.637423e-01 -9.865032e-01 0.000000e+00
    outer loop
      vertex   -3.316874e+01 8.135015e+01 2.262657e+02
      vertex   -3.316874e+01 8.135015e+01 2.349324e+02
      vertex   -3.359974e+01 8.127862e+01 2.349324e+02
    endloop
  endfacet
  facet normal 1.637820e-01 -9.864966e-01 2.027693e-06
    outer loop
      vertex   -3.316874e+01 8.135015e+01 2.262657e+02
      vertex   -3.359974e+01 8.127862e+01 2.349324e+02
      vertex   -3.360006e+01 8.127855e+01 2.262657e+02
    endloop
  endfacet
  facet normal 2.708982e-01 -9.626080e-01 -2.047078e-06
    outer loop
      vertex   -3.360006e+01 8.127855e+01 2.262657e+02
      vertex   -3.359974e+01 8.127862e+01 2.349324e+02
      vertex   -3.402464e+01 8.115904e+01 2.349324e+02
    endloop
  endfacet
  facet normal 2.709369e-01 -9.625971e-01 0.000000e+00
    outer loop
      vertex   -3.360006e+01 8.127855e+01 2.262657e+02
      vertex   -3.402464e+01 8.115904e+01 2.349324e+02
      vertex   -3.402464e+01 8.115904e+01 2.262657e+02
    endloop
  endfacet
  facet normal 3.750498e-01 -9.270047e-01 0.000000e+00
    outer loop
      vertex   -3.402464e+01 8.115904e+01 2.262657e+02
      vertex   -3.402464e+01 8.115904e+01 2.349324e+02
      vertex   -3.443173e+01 8.099434e+01 2.262657e+02
    endloop
  endfacet
  facet normal 3.750498e-01 -9.270047e-01 0.000000e+00
    outer loop
      vertex   -3.402464e+01 8.115904e+01 2.262657e+02
      vertex   -3.443173e+01 8.099434e+01 2.262657e+02
      vertex   -3.443173e+01 8.099434e+01 2.175991e+02
    endloop
  endfacet
  facet normal 4.744099e-01 -8.803041e-01 0.000000e+00
    outer loop
      vertex   -3.443173e+01 8.099434e+01 2.175991e+02
      vertex   -3.443173e+01 8.099434e+01 2.262657e+02
      vertex   -3.481832e+01 8.078600e+01 2.175991e+02
    endloop
  endfacet
  facet normal 4.744099e-01 -8.803041e-01 0.000000e+00
    outer loop
      vertex   -3.443173e+01 8.099434e+01 2.175991e+02
      vertex   -3.481832e+01 8.078600e+01 2.175991e+02
      vertex   -3.481832e+01 8.078600e+01 2.089324e+02
    endloop
  endfacet
  facet normal 5.680517e-01 -8.229929e-01 0.000000e+00
    outer loop
      vertex   -3.481832e+01 8.078600e+01 2.089324e+02
      vertex   -3.481832e+01 8.078600e+01 2.175991e+02
      vertex   -3.517974e+01 8.053654e+01 2.089324e+02
    endloop
  endfacet
  facet normal 5.680517e-01 -8.229929e-01 0.000000e+00
    outer loop
      vertex   -3.481832e+01 8.078600e+01 2.089324e+02
      vertex   -3.517974e+01 8.053654e+01 2.089324e+02
      vertex   -3.517974e+01 8.053654e+01 2.002657e+02
    endloop
  endfacet
  facet normal 6.549206e-01 -7.556977e-01 0.000000e+00
    outer loop
      vertex   -3.517974e+01 8.053654e+01 2.002657e+02
      vertex   -3.517974e+01 8.053654e+01 2.089324e+02
      vertex   -3.551220e+01 8.024842e+01 2.002657e+02
    endloop
  endfacet
  facet normal 6.549206e-01 -7.556977e-01 -1.656457e-06
    outer loop
      vertex   -3.517974e+01 8.053654e+01 2.002657e+02
      vertex   -3.551220e+01 8.024842e+01 2.002657e+02
      vertex   -3.551201e+01 8.024860e+01 1.915991e+02
    endloop
  endfacet
  facet normal 7.337927e-01 -6.793735e-01 1.651543e-06
    outer loop
      vertex   -3.551201e+01 8.024860e+01 1.915991e+02
      vertex   -3.551220e+01 8.024842e+01 2.002657e+02
      vertex   -3.581000e+01 7.992674e+01 1.915991e+02
    endloop
  endfacet
  facet normal 7.337927e-01 -6.793735e-01 0.000000e+00
    outer loop
      vertex   -3.551201e+01 8.024860e+01 1.915991e+02
      vertex   -3.581000e+01 7.992674e+01 1.915991e+02
      vertex   -3.581000e+01 7.992674e+01 1.829324e+02
    endloop
  endfacet
  facet normal 8.038059e-01 -5.948916e-01 0.000000e+00
    outer loop
      vertex   -3.581000e+01 7.992674e+01 1.829324e+02
      vertex   -3.581000e+01 7.992674e+01 1.915991e+02
      vertex   -3.607125e+01 7.957374e+01 1.829324e+02
    endloop
  endfacet
  facet normal 8.038058e-01 -5.948915e-01 -5.929432e-04
    outer loop
      vertex   -3.581000e+01 7.992674e+01 1.829324e+02
      vertex   -3.607125e+01 7.957374e+01 1.829324e+02
      vertex   -3.589449e+01 7.982121e+01 1.742657e+02
    endloop
  endfacet
  facet normal 8.210446e-01 -5.708638e-01 4.447167e-04
    outer loop
      vertex   -3.589449e+01 7.982121e+01 1.742657e+02
      vertex   -3.607125e+01 7.957374e+01 1.829324e+02
      vertex   -3.612592e+01 7.948836e+01 1.742657e+02
    endloop
  endfacet
  facet normal 8.641749e-01 -5.031913e-01 -4.941018e-04
    outer loop
      vertex   -3.612592e+01 7.948836e+01 1.742657e+02
      vertex   -3.607125e+01 7.957374e+01 1.829324e+02
      vertex   -3.629223e+01 7.919424e+01 1.829324e+02
    endloop
  endfacet
  facet normal 8.746106e-01 -4.848259e-01 3.294061e-04
    outer loop
      vertex   -3.612592e+01 7.948836e+01 1.742657e+02
      vertex   -3.629223e+01 7.919424e+01 1.829324e+02
      vertex   -3.632247e+01 7.913379e+01 1.742657e+02
    endloop
  endfacet
  facet normal 9.141278e-01 -4.054259e-01 -3.623241e-04
    outer loop
      vertex   -3.632247e+01 7.913379e+01 1.742657e+02
      vertex   -3.629223e+01 7.919424e+01 1.829324e+02
      vertex   -3.647027e+01 7.879280e+01 1.829324e+02
    endloop
  endfacet
  facet normal 9.191928e-01 -3.938079e-01 1.811637e-04
    outer loop
      vertex   -3.632247e+01 7.913379e+01 1.742657e+02
      vertex   -3.647027e+01 7.879280e+01 1.829324e+02
      vertex   -3.648212e+01 7.876115e+01 1.742657e+02
    endloop
  endfacet
  facet normal 7.590450e-01 -6.510380e-01 5.270873e-04
    outer loop
      vertex   -3.589449e+01 7.982121e+01 1.742657e+02
      vertex   -3.563056e+01 8.012893e+01 1.742657e+02
      vertex   -3.581000e+01 7.992674e+01 1.829324e+02
    endloop
  endfacet
  facet normal 7.337703e-01 -6.793973e-01 -6.578232e-04
    outer loop
      vertex   -3.581000e+01 7.992674e+01 1.829324e+02
      vertex   -3.563056e+01 8.012893e+01 1.742657e+02
      vertex   -3.551182e+01 8.024878e+01 1.829324e+02
    endloop
  endfacet
  facet normal 7.337705e-01 -6.793974e-01 1.652526e-06
    outer loop
      vertex   -3.581000e+01 7.992674e+01 1.829324e+02
      vertex   -3.551182e+01 8.024878e+01 1.829324e+02
      vertex   -3.551201e+01 8.024860e+01 1.915991e+02
    endloop
  endfacet
  facet normal 6.548959e-01 -7.557191e-01 -1.655474e-06
    outer loop
      vertex   -3.551201e+01 8.024860e+01 1.915991e+02
      vertex   -3.551182e+01 8.024878e+01 1.829324e+02
      vertex   -3.517974e+01 8.053654e+01 1.915991e+02
    endloop
  endfacet
  facet normal 6.548959e-01 -7.557191e-01 0.000000e+00
    outer loop
      vertex   -3.551201e+01 8.024860e+01 1.915991e+02
      vertex   -3.517974e+01 8.053654e+01 1.915991e+02
      vertex   -3.517974e+01 8.053654e+01 2.002657e+02
    endloop
  endfacet
  facet normal 5.680517e-01 -8.229929e-01 0.000000e+00
    outer loop
      vertex   -3.517974e+01 8.053654e+01 2.002657e+02
      vertex   -3.517974e+01 8.053654e+01 1.915991e+02
      vertex   -3.481832e+01 8.078600e+01 2.002657e+02
    endloop
  endfacet
  facet normal 5.680517e-01 -8.229929e-01 0.000000e+00
    outer loop
      vertex   -3.517974e+01 8.053654e+01 2.002657e+02
      vertex   -3.481832e+01 8.078600e+01 2.002657e+02
      vertex   -3.481832e+01 8.078600e+01 2.089324e+02
    endloop
  endfacet
  facet normal 4.744099e-01 -8.803041e-01 0.000000e+00
    outer loop
      vertex   -3.481832e+01 8.078600e+01 2.089324e+02
      vertex   -3.481832e+01 8.078600e+01 2.002657e+02
      vertex   -3.443173e+01 8.099434e+01 2.089324e+02
    endloop
  endfacet
  facet normal 4.744099e-01 -8.803041e-01 0.000000e+00
    outer loop
      vertex   -3.481832e+01 8.078600e+01 2.089324e+02
      vertex   -3.443173e+01 8.099434e+01 2.089324e+02
      vertex   -3.443173e+01 8.099434e+01 2.175991e+02
    endloop
  endfacet
  facet normal 3.750498e-01 -9.270047e-01 0.000000e+00
    outer loop
      vertex   -3.443173e+01 8.099434e+01 2.175991e+02
      vertex   -3.443173e+01 8.099434e+01 2.089324e+02
      vertex   -3.402464e+01 8.115904e+01 2.175991e+02
    endloop
  endfacet
  facet normal 3.750498e-01 -9.270047e-01 0.000000e+00
    outer loop
      vertex   -3.443173e+01 8.099434e+01 2.175991e+02
      vertex   -3.402464e+01 8.115904e+01 2.175991e+02
      vertex   -3.402464e+01 8.115904e+01 2.262657e+02
    endloop
  endfacet
  facet normal 2.709756e-01 -9.625862e-01 0.000000e+00
    outer loop
      vertex   -3.402464e+01 8.115904e+01 2.262657e+02
      vertex   -3.402464e+01 8.115904e+01 2.175991e+02
      vertex   -3.360037e+01 8.127848e+01 2.175991e+02
    endloop
  endfacet
  facet normal 2.709369e-01 -9.625971e-01 -2.045587e-06
    outer loop
      vertex   -3.402464e+01 8.115904e+01 2.262657e+02
      vertex   -3.360037e+01 8.127848e+01 2.175991e+02
      vertex   -3.360006e+01 8.127855e+01 2.262657e+02
    endloop
  endfacet
  facet normal 1.638216e-01 -9.864900e-01 2.029184e-06
    outer loop
      vertex   -3.360006e+01 8.127855e+01 2.262657e+02
      vertex   -3.360037e+01 8.127848e+01 2.175991e+02
      vertex   -3.316874e+01 8.135015e+01 2.175991e+02
    endloop
  endfacet
  facet normal 1.637820e-01 -9.864966e-01 0.000000e+00
    outer loop
      vertex   -3.360006e+01 8.127855e+01 2.262657e+02
      vertex   -3.316874e+01 8.135015e+01 2.175991e+02
      vertex   -3.316874e+01 8.135015e+01 2.262657e+02
    endloop
  endfacet
  facet normal 5.489390e-02 -9.984922e-01 0.000000e+00
    outer loop
      vertex   -3.316874e+01 8.135015e+01 2.262657e+02
      vertex   -3.316874e+01 8.135015e+01 2.175991e+02
      vertex   -3.273025e+01 8.137426e+01 2.522657e+02
    endloop
  endfacet
  facet normal 6.892486e-01 -7.245247e-01 5.762564e-04
    outer loop
      vertex   -3.563056e+01 8.012893e+01 1.742657e+02
      vertex   -3.533684e+01 8.040835e+01 1.742657e+02
      vertex   -3.551182e+01 8.024878e+01 1.829324e+02
    endloop
  endfacet
  facet normal 6.548711e-01 -7.557403e-01 -6.925553e-04
    outer loop
      vertex   -3.551182e+01 8.024878e+01 1.829324e+02
      vertex   -3.533684e+01 8.040835e+01 1.742657e+02
      vertex   -3.517974e+01 8.053654e+01 1.829324e+02
    endloop
  endfacet
  facet normal 6.548712e-01 -7.557405e-01 1.239011e-15
    outer loop
      vertex   -3.551182e+01 8.024878e+01 1.829324e+02
      vertex   -3.517974e+01 8.053654e+01 1.829324e+02
      vertex   -3.517974e+01 8.053654e+01 1.915991e+02
    endloop
  endfacet
  facet normal 5.680517e-01 -8.229929e-01 1.349473e-15
    outer loop
      vertex   -3.517974e+01 8.053654e+01 1.915991e+02
      vertex   -3.517974e+01 8.053654e+01 1.829324e+02
      vertex   -3.481832e+01 8.078600e+01 1.915991e+02
    endloop
  endfacet
  facet normal 5.680517e-01 -8.229929e-01 0.000000e+00
    outer loop
      vertex   -3.517974e+01 8.053654e+01 1.915991e+02
      vertex   -3.481832e+01 8.078600e+01 1.915991e+02
      vertex   -3.481832e+01 8.078600e+01 2.002657e+02
    endloop
  endfacet
  facet normal 4.744099e-01 -8.803041e-01 0.000000e+00
    outer loop
      vertex   -3.481832e+01 8.078600e+01 2.002657e+02
      vertex   -3.481832e+01 8.078600e+01 1.915991e+02
      vertex   -3.443173e+01 8.099434e+01 2.002657e+02
    endloop
  endfacet
  facet normal 4.744099e-01 -8.803041e-01 0.000000e+00
    outer loop
      vertex   -3.481832e+01 8.078600e+01 2.002657e+02
      vertex   -3.443173e+01 8.099434e+01 2.002657e+02
      vertex   -3.443173e+01 8.099434e+01 2.089324e+02
    endloop
  endfacet
  facet normal 3.750498e-01 -9.270047e-01 0.000000e+00
    outer loop
      vertex   -3.443173e+01 8.099434e+01 2.089324e+02
      vertex   -3.443173e+01 8.099434e+01 2.002657e+02
      vertex   -3.402464e+01 8.115904e+01 2.089324e+02
    endloop
  endfacet
  facet normal 3.750498e-01 -9.270047e-01 0.000000e+00
    outer loop
      vertex   -3.443173e+01 8.099434e+01 2.089324e+02
      vertex   -3.402464e+01 8.115904e+01 2.089324e+02
      vertex   -3.402464e+01 8.115904e+01 2.175991e+02
    endloop
  endfacet
  facet normal 2.710143e-01 -9.625753e-01 0.000000e+00
    outer loop
      vertex   -3.402464e+01 8.115904e+01 2.175991e+02
      vertex   -3.402464e+01 8.115904e+01 2.089324e+02
      vertex   -3.360069e+01 8.127841e+01 2.089324e+02
    endloop
  endfacet
  facet normal 2.709756e-01 -9.625862e-01 -2.044096e-06
    outer loop
      vertex   -3.402464e+01 8.115904e+01 2.175991e+02
      vertex   -3.360069e+01 8.127841e+01 2.089324e+02
      vertex   -3.360037e+01 8.127848e+01 2.175991e+02
    endloop
  endfacet
  facet normal 1.638613e-01 -9.864834e-01 2.030675e-06
    outer loop
      vertex   -3.360037e+01 8.127848e+01 2.175991e+02
      vertex   -3.360069e+01 8.127841e+01 2.089324e+02
      vertex   -3.316874e+01 8.135015e+01 2.089324e+02
    endloop
  endfacet
  facet normal 1.638216e-01 -9.864900e-01 0.000000e+00
    outer loop
      vertex   -3.360037e+01 8.127848e+01 2.175991e+02
      vertex   -3.316874e+01 8.135015e+01 2.089324e+02
      vertex   -3.316874e+01 8.135015e+01 2.175991e+02
    endloop
  endfacet
  facet normal 5.489390e-02 -9.984922e-01 0.000000e+00
    outer loop
      vertex   -3.316874e+01 8.135015e+01 2.175991e+02
      vertex   -3.316874e+01 8.135015e+01 2.089324e+02
      vertex   -3.273025e+01 8.137426e+01 2.522657e+02
    endloop
  endfacet
  facet normal 6.123723e-01 -7.905693e-01 5.929873e-04
    outer loop
      vertex   -3.533684e+01 8.040835e+01 1.742657e+02
      vertex   -3.501634e+01 8.065660e+01 1.742657e+02
      vertex   -3.517974e+01 8.053654e+01 1.829324e+02
    endloop
  endfacet
  facet normal 5.680515e-01 -8.229927e-01 -6.917918e-04
    outer loop
      vertex   -3.517974e+01 8.053654e+01 1.829324e+02
      vertex   -3.501634e+01 8.065660e+01 1.742657e+02
      vertex   -3.481832e+01 8.078600e+01 1.829324e+02
    endloop
  endfacet
  facet normal 5.680517e-01 -8.229929e-01 1.349136e-15
    outer loop
      vertex   -3.517974e+01 8.053654e+01 1.829324e+02
      vertex   -3.481832e+01 8.078600e+01 1.829324e+02
      vertex   -3.481832e+01 8.078600e+01 1.915991e+02
    endloop
  endfacet
  facet normal 4.744099e-01 -8.803041e-01 1.443447e-15
    outer loop
      vertex   -3.481832e+01 8.078600e+01 1.915991e+02
      vertex   -3.481832e+01 8.078600e+01 1.829324e+02
      vertex   -3.443173e+01 8.099434e+01 1.915991e+02
    endloop
  endfacet
  facet normal 4.744099e-01 -8.803041e-01 0.000000e+00
    outer loop
      vertex   -3.481832e+01 8.078600e+01 1.915991e+02
      vertex   -3.443173e+01 8.099434e+01 1.915991e+02
      vertex   -3.443173e+01 8.099434e+01 2.002657e+02
    endloop
  endfacet
  facet normal 3.750498e-01 -9.270047e-01 0.000000e+00
    outer loop
      vertex   -3.443173e+01 8.099434e+01 2.002657e+02
      vertex   -3.443173e+01 8.099434e+01 1.915991e+02
      vertex   -3.402464e+01 8.115904e+01 2.002657e+02
    endloop
  endfacet
  facet normal 3.750498e-01 -9.270047e-01 0.000000e+00
    outer loop
      vertex   -3.443173e+01 8.099434e+01 2.002657e+02
      vertex   -3.402464e+01 8.115904e+01 2.002657e+02
      vertex   -3.402464e+01 8.115904e+01 2.089324e+02
    endloop
  endfacet
  facet normal 2.710530e-01 -9.625644e-01 0.000000e+00
    outer loop
      vertex   -3.402464e+01 8.115904e+01 2.089324e+02
      vertex   -3.402464e+01 8.115904e+01 2.002657e+02
      vertex   -3.360100e+01 8.127834e+01 2.002657e+02
    endloop
  endfacet
  facet normal 2.710143e-01 -9.625753e-01 -2.042605e-06
    outer loop
      vertex   -3.402464e+01 8.115904e+01 2.089324e+02
      vertex   -3.360100e+01 8.127834e+01 2.002657e+02
      vertex   -3.360069e+01 8.127841e+01 2.089324e+02
    endloop
  endfacet
  facet normal 1.639010e-01 -9.864768e-01 2.032166e-06
    outer loop
      vertex   -3.360069e+01 8.127841e+01 2.089324e+02
      vertex   -3.360100e+01 8.127834e+01 2.002657e+02
      vertex   -3.316874e+01 8.135015e+01 2.002657e+02
    endloop
  endfacet
  facet normal 1.638613e-01 -9.864834e-01 0.000000e+00
    outer loop
      vertex   -3.360069e+01 8.127841e+01 2.089324e+02
      vertex   -3.316874e+01 8.135015e+01 2.002657e+02
      vertex   -3.316874e+01 8.135015e+01 2.089324e+02
    endloop
  endfacet
  facet normal 5.489390e-02 -9.984922e-01 0.000000e+00
    outer loop
      vertex   -3.316874e+01 8.135015e+01 2.089324e+02
      vertex   -3.316874e+01 8.135015e+01 2.002657e+02
      vertex   -3.273025e+01 8.137426e+01 2.522657e+02
    endloop
  endfacet
  facet normal 5.292059e-01 -8.484932e-01 5.765120e-04
    outer loop
      vertex   -3.501634e+01 8.065660e+01 1.742657e+02
      vertex   -3.467236e+01 8.087114e+01 1.742657e+02
      vertex   -3.481832e+01 8.078600e+01 1.829324e+02
    endloop
  endfacet
  facet normal 4.744098e-01 -8.803039e-01 -6.588415e-04
    outer loop
      vertex   -3.481832e+01 8.078600e+01 1.829324e+02
      vertex   -3.467236e+01 8.087114e+01 1.742657e+02
      vertex   -3.443173e+01 8.099434e+01 1.829324e+02
    endloop
  endfacet
  facet normal 4.744099e-01 -8.803041e-01 2.887881e-15
    outer loop
      vertex   -3.481832e+01 8.078600e+01 1.829324e+02
      vertex   -3.443173e+01 8.099434e+01 1.829324e+02
      vertex   -3.443173e+01 8.099434e+01 1.915991e+02
    endloop
  endfacet
  facet normal 3.750498e-01 -9.270047e-01 3.040045e-15
    outer loop
      vertex   -3.443173e+01 8.099434e+01 1.915991e+02
      vertex   -3.443173e+01 8.099434e+01 1.829324e+02
      vertex   -3.402464e+01 8.115904e+01 1.915991e+02
    endloop
  endfacet
  facet normal 3.750498e-01 -9.270047e-01 0.000000e+00
    outer loop
      vertex   -3.443173e+01 8.099434e+01 1.915991e+02
      vertex   -3.402464e+01 8.115904e+01 1.915991e+02
      vertex   -3.402464e+01 8.115904e+01 2.002657e+02
    endloop
  endfacet
  facet normal 2.710917e-01 -9.625535e-01 0.000000e+00
    outer loop
      vertex   -3.402464e+01 8.115904e+01 2.002657e+02
      vertex   -3.402464e+01 8.115904e+01 1.915991e+02
      vertex   -3.360131e+01 8.127827e+01 1.915991e+02
    endloop
  endfacet
  facet normal 2.710530e-01 -9.625644e-01 -2.041113e-06
    outer loop
      vertex   -3.402464e+01 8.115904e+01 2.002657e+02
      vertex   -3.360131e+01 8.127827e+01 1.915991e+02
      vertex   -3.360100e+01 8.127834e+01 2.002657e+02
    endloop
  endfacet
  facet normal 1.639407e-01 -9.864702e-01 2.033658e-06
    outer loop
      vertex   -3.360100e+01 8.127834e+01 2.002657e+02
      vertex   -3.360131e+01 8.127827e+01 1.915991e+02
      vertex   -3.316874e+01 8.135015e+01 1.915991e+02
    endloop
  endfacet
  facet normal 1.639010e-01 -9.864768e-01 0.000000e+00
    outer loop
      vertex   -3.360100e+01 8.127834e+01 2.002657e+02
      vertex   -3.316874e+01 8.135015e+01 1.915991e+02
      vertex   -3.316874e+01 8.135015e+01 2.002657e+02
    endloop
  endfacet
  facet normal 5.489390e-02 -9.984922e-01 0.000000e+00
    outer loop
      vertex   -3.316874e+01 8.135015e+01 2.002657e+02
      vertex   -3.316874e+01 8.135015e+01 1.915991e+02
      vertex   -3.273025e+01 8.137426e+01 2.522657e+02
    endloop
  endfacet
  facet normal 4.406035e-01 -8.977016e-01 5.270873e-04
    outer loop
      vertex   -3.467236e+01 8.087114e+01 1.742657e+02
      vertex   -3.430843e+01 8.104977e+01 1.742657e+02
      vertex   -3.443173e+01 8.099434e+01 1.829324e+02
    endloop
  endfacet
  facet normal 3.750498e-01 -9.270045e-01 -5.929432e-04
    outer loop
      vertex   -3.443173e+01 8.099434e+01 1.829324e+02
      vertex   -3.430843e+01 8.104977e+01 1.742657e+02
      vertex   -3.402464e+01 8.115904e+01 1.829324e+02
    endloop
  endfacet
  facet normal 3.750498e-01 -9.270047e-01 1.520513e-15
    outer loop
      vertex   -3.443173e+01 8.099434e+01 1.829324e+02
      vertex   -3.402464e+01 8.115904e+01 1.829324e+02
      vertex   -3.402464e+01 8.115904e+01 1.915991e+02
    endloop
  endfacet
  facet normal 2.711305e-01 -9.625426e-01 1.578295e-15
    outer loop
      vertex   -3.402464e+01 8.115904e+01 1.915991e+02
      vertex   -3.402464e+01 8.115904e+01 1.829324e+02
      vertex   -3.360163e+01 8.127820e+01 1.829324e+02
    endloop
  endfacet
  facet normal 2.710917e-01 -9.625535e-01 -2.039622e-06
    outer loop
      vertex   -3.402464e+01 8.115904e+01 1.915991e+02
      vertex   -3.360163e+01 8.127820e+01 1.829324e+02
      vertex   -3.360131e+01 8.127827e+01 1.915991e+02
    endloop
  endfacet
  facet normal 1.639804e-01 -9.864636e-01 2.035149e-06
    outer loop
      vertex   -3.360131e+01 8.127827e+01 1.915991e+02
      vertex   -3.360163e+01 8.127820e+01 1.829324e+02
      vertex   -3.316874e+01 8.135015e+01 1.829324e+02
    endloop
  endfacet
  facet normal 1.639407e-01 -9.864702e-01 1.617684e-15
    outer loop
      vertex   -3.360131e+01 8.127827e+01 1.915991e+02
      vertex   -3.316874e+01 8.135015e+01 1.829324e+02
      vertex   -3.316874e+01 8.135015e+01 1.915991e+02
    endloop
  endfacet
  facet normal 1.054220e-01 -9.944276e-01 1.630577e-15
    outer loop
      vertex   -3.316874e+01 8.135015e+01 1.915991e+02
      vertex   -3.316874e+01 8.135015e+01 1.829324e+02
      vertex   -3.313513e+01 8.135372e+01 1.742657e+02
    endloop
  endfacet
  facet normal 6.563030e-02 -9.978440e-01 -7.785860e-05
    outer loop
      vertex   -3.316874e+01 8.135015e+01 1.915991e+02
      vertex   -3.313513e+01 8.135372e+01 1.742657e+02
      vertex   -3.273025e+01 8.137426e+01 2.522657e+02
    endloop
  endfacet
  facet normal 5.067506e-02 -9.987152e-01 -1.819564e-16
    outer loop
      vertex   -3.273025e+01 8.137426e+01 2.522657e+02
      vertex   -3.313513e+01 8.135372e+01 1.742657e+02
      vertex   -3.273025e+01 8.137426e+01 1.742657e+02
    endloop
  endfacet
  facet normal 3.474754e-01 -9.376890e-01 4.447167e-04
    outer loop
      vertex   -3.430843e+01 8.104977e+01 1.742657e+02
      vertex   -3.392830e+01 8.119063e+01 1.742657e+02
      vertex   -3.402464e+01 8.115904e+01 1.829324e+02
    endloop
  endfacet
  facet normal 2.711304e-01 -9.625425e-01 -4.945719e-04
    outer loop
      vertex   -3.402464e+01 8.115904e+01 1.829324e+02
      vertex   -3.392830e+01 8.119063e+01 1.742657e+02
      vertex   -3.360163e+01 8.127820e+01 1.829324e+02
    endloop
  endfacet
  facet normal 2.507780e-01 -9.680446e-01 3.281500e-04
    outer loop
      vertex   -3.392830e+01 8.119063e+01 1.742657e+02
      vertex   -3.353585e+01 8.129230e+01 1.742657e+02
      vertex   -3.360163e+01 8.127820e+01 1.829324e+02
    endloop
  endfacet
  facet normal 1.639803e-01 -9.864635e-01 -3.605993e-04
    outer loop
      vertex   -3.360163e+01 8.127820e+01 1.829324e+02
      vertex   -3.353585e+01 8.129230e+01 1.742657e+02
      vertex   -3.316874e+01 8.135015e+01 1.829324e+02
    endloop
  endfacet
  facet normal 1.515046e-01 -9.884565e-01 1.811637e-04
    outer loop
      vertex   -3.353585e+01 8.129230e+01 1.742657e+02
      vertex   -3.313513e+01 8.135372e+01 1.742657e+02
      vertex   -3.316874e+01 8.135015e+01 1.829324e+02
    endloop
  endfacet
  facet normal 6.039295e-01 -7.970376e-01 -4.874718e-04
    outer loop
      vertex   -3.501944e+01 8.065390e+01 2.503162e+02
      vertex   -3.527351e+01 8.046151e+01 2.501110e+02
      vertex   -3.517974e+01 8.053654e+01 2.435991e+02
    endloop
  endfacet
  facet normal 6.550438e-01 -7.555906e-01 7.260876e-04
    outer loop
      vertex   -3.517974e+01 8.053654e+01 2.435991e+02
      vertex   -3.527351e+01 8.046151e+01 2.501110e+02
      vertex   -3.551313e+01 8.024751e+01 2.435991e+02
    endloop
  endfacet
  facet normal 6.550439e-01 -7.555908e-01 -1.661370e-06
    outer loop
      vertex   -3.517974e+01 8.053654e+01 2.435991e+02
      vertex   -3.551313e+01 8.024751e+01 2.435991e+02
      vertex   -3.551295e+01 8.024769e+01 2.349324e+02
    endloop
  endfacet
  facet normal 7.339036e-01 -6.792537e-01 1.646630e-06
    outer loop
      vertex   -3.551295e+01 8.024769e+01 2.349324e+02
      vertex   -3.551313e+01 8.024751e+01 2.435991e+02
      vertex   -3.581000e+01 7.992674e+01 2.349324e+02
    endloop
  endfacet
  facet normal 7.339036e-01 -6.792537e-01 0.000000e+00
    outer loop
      vertex   -3.551295e+01 8.024769e+01 2.349324e+02
      vertex   -3.581000e+01 7.992674e+01 2.349324e+02
      vertex   -3.581000e+01 7.992674e+01 2.262657e+02
    endloop
  endfacet
  facet normal 8.038059e-01 -5.948916e-01 0.000000e+00
    outer loop
      vertex   -3.581000e+01 7.992674e+01 2.262657e+02
      vertex   -3.581000e+01 7.992674e+01 2.349324e+02
      vertex   -3.607125e+01 7.957374e+01 2.262657e+02
    endloop
  endfacet
  facet normal 8.038059e-01 -5.948916e-01 0.000000e+00
    outer loop
      vertex   -3.581000e+01 7.992674e+01 2.262657e+02
      vertex   -3.607125e+01 7.957374e+01 2.262657e+02
      vertex   -3.607125e+01 7.957374e+01 2.175991e+02
    endloop
  endfacet
  facet normal 8.641750e-01 -5.031914e-01 0.000000e+00
    outer loop
      vertex   -3.607125e+01 7.957374e+01 2.175991e+02
      vertex   -3.607125e+01 7.957374e+01 2.262657e+02
      vertex   -3.629223e+01 7.919424e+01 2.175991e+02
    endloop
  endfacet
  facet normal 8.641750e-01 -5.031914e-01 0.000000e+00
    outer loop
      vertex   -3.607125e+01 7.957374e+01 2.175991e+02
      vertex   -3.629223e+01 7.919424e+01 2.175991e+02
      vertex   -3.629223e+01 7.919424e+01 2.089324e+02
    endloop
  endfacet
  facet normal 9.141279e-01 -4.054260e-01 0.000000e+00
    outer loop
      vertex   -3.629223e+01 7.919424e+01 2.089324e+02
      vertex   -3.629223e+01 7.919424e+01 2.175991e+02
      vertex   -3.647027e+01 7.879280e+01 2.089324e+02
    endloop
  endfacet
  facet normal 9.141279e-01 -4.054260e-01 0.000000e+00
    outer loop
      vertex   -3.629223e+01 7.919424e+01 2.089324e+02
      vertex   -3.647027e+01 7.879280e+01 2.089324e+02
      vertex   -3.647027e+01 7.879280e+01 2.002657e+02
    endloop
  endfacet
  facet normal 9.530624e-01 -3.027738e-01 0.000000e+00
    outer loop
      vertex   -3.647027e+01 7.879280e+01 2.002657e+02
      vertex   -3.647027e+01 7.879280e+01 2.089324e+02
      vertex   -3.660323e+01 7.837426e+01 1.742657e+02
    endloop
  endfacet
  facet normal 6.664197e-01 -7.455768e-01 -2.160705e-05
    outer loop
      vertex   -3.527351e+01 8.046151e+01 2.501110e+02
      vertex   -3.551318e+01 8.024728e+01 2.499224e+02
      vertex   -3.551313e+01 8.024751e+01 2.435991e+02
    endloop
  endfacet
  facet normal 7.265057e-01 -6.871605e-01 -1.907813e-05
    outer loop
      vertex   -3.551313e+01 8.024751e+01 2.435991e+02
      vertex   -3.551318e+01 8.024728e+01 2.499224e+02
      vertex   -3.574702e+01 8.000007e+01 2.497450e+02
    endloop
  endfacet
  facet normal 7.339256e-01 -6.792296e-01 5.825905e-04
    outer loop
      vertex   -3.551313e+01 8.024751e+01 2.435991e+02
      vertex   -3.574702e+01 8.000007e+01 2.497450e+02
      vertex   -3.581000e+01 7.992674e+01 2.435991e+02
    endloop
  endfacet
  facet normal 7.825903e-01 -6.225368e-01 -5.925617e-04
    outer loop
      vertex   -3.581000e+01 7.992674e+01 2.435991e+02
      vertex   -3.574702e+01 8.000007e+01 2.497450e+02
      vertex   -3.596945e+01 7.972059e+01 2.495851e+02
    endloop
  endfacet
  facet normal 8.038056e-01 -5.948913e-01 9.246026e-04
    outer loop
      vertex   -3.581000e+01 7.992674e+01 2.435991e+02
      vertex   -3.596945e+01 7.972059e+01 2.495851e+02
      vertex   -3.607125e+01 7.957374e+01 2.435991e+02
    endloop
  endfacet
  facet normal 8.358489e-01 -5.489591e-01 -7.471133e-04
    outer loop
      vertex   -3.607125e+01 7.957374e+01 2.435991e+02
      vertex   -3.596945e+01 7.972059e+01 2.495851e+02
      vertex   -3.617207e+01 7.941226e+01 2.494511e+02
    endloop
  endfacet
  facet normal 8.641746e-01 -5.031911e-01 1.003831e-03
    outer loop
      vertex   -3.607125e+01 7.957374e+01 2.435991e+02
      vertex   -3.617207e+01 7.941226e+01 2.494511e+02
      vertex   -3.629223e+01 7.919424e+01 2.435991e+02
    endloop
  endfacet
  facet normal 8.729157e-01 -4.878710e-01 2.535902e-04
    outer loop
      vertex   -3.629223e+01 7.919424e+01 2.435991e+02
      vertex   -3.617207e+01 7.941226e+01 2.494511e+02
      vertex   -3.626355e+01 7.924855e+01 2.493963e+02
    endloop
  endfacet
  facet normal 8.949135e-01 -4.462396e-01 -2.452289e-04
    outer loop
      vertex   -3.629223e+01 7.919424e+01 2.435991e+02
      vertex   -3.626355e+01 7.924855e+01 2.493963e+02
      vertex   -3.634776e+01 7.907971e+01 2.493505e+02
    endloop
  endfacet
  facet normal 9.141276e-01 -4.054259e-01 7.529945e-04
    outer loop
      vertex   -3.629223e+01 7.919424e+01 2.435991e+02
      vertex   -3.634776e+01 7.907971e+01 2.493505e+02
      vertex   -3.647027e+01 7.879280e+01 2.435991e+02
    endloop
  endfacet
  facet normal 9.144456e-01 -4.047083e-01 7.104237e-04
    outer loop
      vertex   -3.647027e+01 7.879280e+01 2.435991e+02
      vertex   -3.634776e+01 7.907971e+01 2.493505e+02
      vertex   -3.642425e+01 7.890681e+01 2.493141e+02
    endloop
  endfacet
  facet normal 9.321082e-01 -3.621799e-01 -2.801769e-04
    outer loop
      vertex   -3.647027e+01 7.879280e+01 2.435991e+02
      vertex   -3.642425e+01 7.890681e+01 2.493141e+02
      vertex   -3.649261e+01 7.873089e+01 2.492875e+02
    endloop
  endfacet
  facet normal 9.478531e-01 -3.187073e-01 2.548005e-04
    outer loop
      vertex   -3.649261e+01 7.873089e+01 2.492875e+02
      vertex   -3.655242e+01 7.855302e+01 2.492713e+02
      vertex   -3.647027e+01 7.879280e+01 2.435991e+02
    endloop
  endfacet
  facet normal 9.460204e-01 -3.241070e-01 0.000000e+00
    outer loop
      vertex   -3.647027e+01 7.879280e+01 2.435991e+02
      vertex   -3.655242e+01 7.855302e+01 2.492713e+02
      vertex   -3.647027e+01 7.879280e+01 2.349324e+02
    endloop
  endfacet
  facet normal 9.141279e-01 -4.054260e-01 0.000000e+00
    outer loop
      vertex   -3.647027e+01 7.879280e+01 2.435991e+02
      vertex   -3.647027e+01 7.879280e+01 2.349324e+02
      vertex   -3.629223e+01 7.919424e+01 2.435991e+02
    endloop
  endfacet
  facet normal 9.141279e-01 -4.054260e-01 0.000000e+00
    outer loop
      vertex   -3.629223e+01 7.919424e+01 2.435991e+02
      vertex   -3.647027e+01 7.879280e+01 2.349324e+02
      vertex   -3.629223e+01 7.919424e+01 2.349324e+02
    endloop
  endfacet
  facet normal 8.641750e-01 -5.031914e-01 0.000000e+00
    outer loop
      vertex   -3.629223e+01 7.919424e+01 2.435991e+02
      vertex   -3.629223e+01 7.919424e+01 2.349324e+02
      vertex   -3.607125e+01 7.957374e+01 2.435991e+02
    endloop
  endfacet
  facet normal 8.641750e-01 -5.031914e-01 0.000000e+00
    outer loop
      vertex   -3.607125e+01 7.957374e+01 2.435991e+02
      vertex   -3.629223e+01 7.919424e+01 2.349324e+02
      vertex   -3.607125e+01 7.957374e+01 2.349324e+02
    endloop
  endfacet
  facet normal 8.038059e-01 -5.948916e-01 0.000000e+00
    outer loop
      vertex   -3.607125e+01 7.957374e+01 2.435991e+02
      vertex   -3.607125e+01 7.957374e+01 2.349324e+02
      vertex   -3.581000e+01 7.992674e+01 2.435991e+02
    endloop
  endfacet
  facet normal 8.038059e-01 -5.948916e-01 0.000000e+00
    outer loop
      vertex   -3.581000e+01 7.992674e+01 2.435991e+02
      vertex   -3.607125e+01 7.957374e+01 2.349324e+02
      vertex   -3.581000e+01 7.992674e+01 2.349324e+02
    endloop
  endfacet
  facet normal 7.339258e-01 -6.792297e-01 0.000000e+00
    outer loop
      vertex   -3.581000e+01 7.992674e+01 2.435991e+02
      vertex   -3.581000e+01 7.992674e+01 2.349324e+02
      vertex   -3.551313e+01 8.024751e+01 2.435991e+02
    endloop
  endfacet
  facet normal 9.618912e-01 -2.734326e-01 0.000000e+00
    outer loop
      vertex   -3.660323e+01 7.837426e+01 2.492657e+02
      vertex   -3.660323e+01 7.837426e+01 1.742657e+02
      vertex   -3.655242e+01 7.855302e+01 2.492713e+02
    endloop
  endfacet
  facet normal 9.500144e-01 -3.122062e-01 1.004557e-04
    outer loop
      vertex   -3.655242e+01 7.855302e+01 2.492713e+02
      vertex   -3.660323e+01 7.837426e+01 1.742657e+02
      vertex   -3.647027e+01 7.879280e+01 2.175991e+02
    endloop
  endfacet
  facet normal 9.460204e-01 -3.241070e-01 0.000000e+00
    outer loop
      vertex   -3.655242e+01 7.855302e+01 2.492713e+02
      vertex   -3.647027e+01 7.879280e+01 2.175991e+02
      vertex   -3.647027e+01 7.879280e+01 2.262657e+02
    endloop
  endfacet
  facet normal 9.141279e-01 -4.054260e-01 0.000000e+00
    outer loop
      vertex   -3.647027e+01 7.879280e+01 2.262657e+02
      vertex   -3.647027e+01 7.879280e+01 2.175991e+02
      vertex   -3.629223e+01 7.919424e+01 2.262657e+02
    endloop
  endfacet
  facet normal 9.141279e-01 -4.054260e-01 0.000000e+00
    outer loop
      vertex   -3.647027e+01 7.879280e+01 2.262657e+02
      vertex   -3.629223e+01 7.919424e+01 2.262657e+02
      vertex   -3.629223e+01 7.919424e+01 2.349324e+02
    endloop
  endfacet
  facet normal 8.641750e-01 -5.031914e-01 0.000000e+00
    outer loop
      vertex   -3.629223e+01 7.919424e+01 2.349324e+02
      vertex   -3.629223e+01 7.919424e+01 2.262657e+02
      vertex   -3.607125e+01 7.957374e+01 2.349324e+02
    endloop
  endfacet
  facet normal 9.141279e-01 -4.054260e-01 0.000000e+00
    outer loop
      vertex   -3.647027e+01 7.879280e+01 1.915991e+02
      vertex   -3.647027e+01 7.879280e+01 1.829324e+02
      vertex   -3.629223e+01 7.919424e+01 1.915991e+02
    endloop
  endfacet
  facet normal 9.141279e-01 -4.054260e-01 0.000000e+00
    outer loop
      vertex   -3.629223e+01 7.919424e+01 1.915991e+02
      vertex   -3.647027e+01 7.879280e+01 1.829324e+02
      vertex   -3.629223e+01 7.919424e+01 1.829324e+02
    endloop
  endfacet
  facet normal 8.641750e-01 -5.031914e-01 0.000000e+00
    outer loop
      vertex   -3.629223e+01 7.919424e+01 1.915991e+02
      vertex   -3.629223e+01 7.919424e+01 1.829324e+02
      vertex   -3.607125e+01 7.957374e+01 1.915991e+02
    endloop
  endfacet
  facet normal 8.641750e-01 -5.031914e-01 0.000000e+00
    outer loop
      vertex   -3.607125e+01 7.957374e+01 1.915991e+02
      vertex   -3.629223e+01 7.919424e+01 1.829324e+02
      vertex   -3.607125e+01 7.957374e+01 1.829324e+02
    endloop
  endfacet
  facet normal 8.038059e-01 -5.948916e-01 0.000000e+00
    outer loop
      vertex   -3.607125e+01 7.957374e+01 1.915991e+02
      vertex   -3.607125e+01 7.957374e+01 1.829324e+02
      vertex   -3.581000e+01 7.992674e+01 1.915991e+02
    endloop
  endfacet
  facet normal 9.530624e-01 -3.027738e-01 0.000000e+00
    outer loop
      vertex   -3.647027e+01 7.879280e+01 2.175991e+02
      vertex   -3.660323e+01 7.837426e+01 1.742657e+02
      vertex   -3.647027e+01 7.879280e+01 2.089324e+02
    endloop
  endfacet
  facet normal 9.460204e-01 -3.241070e-01 0.000000e+00
    outer loop
      vertex   -3.647027e+01 7.879280e+01 2.349324e+02
      vertex   -3.655242e+01 7.855302e+01 2.492713e+02
      vertex   -3.647027e+01 7.879280e+01 2.262657e+02
    endloop
  endfacet
  facet normal 9.141279e-01 -4.054260e-01 0.000000e+00
    outer loop
      vertex   -3.629223e+01 7.919424e+01 2.262657e+02
      vertex   -3.647027e+01 7.879280e+01 2.175991e+02
      vertex   -3.629223e+01 7.919424e+01 2.175991e+02
    endloop
  endfacet
  facet normal 9.141279e-01 -4.054260e-01 0.000000e+00
    outer loop
      vertex   -3.629223e+01 7.919424e+01 2.175991e+02
      vertex   -3.647027e+01 7.879280e+01 2.175991e+02
      vertex   -3.647027e+01 7.879280e+01 2.089324e+02
    endloop
  endfacet
  facet normal 9.141279e-01 -4.054260e-01 0.000000e+00
    outer loop
      vertex   -3.629223e+01 7.919424e+01 2.349324e+02
      vertex   -3.647027e+01 7.879280e+01 2.349324e+02
      vertex   -3.647027e+01 7.879280e+01 2.262657e+02
    endloop
  endfacet
  facet normal 9.141279e-01 -4.054260e-01 0.000000e+00
    outer loop
      vertex   -3.647027e+01 7.879280e+01 1.915991e+02
      vertex   -3.629223e+01 7.919424e+01 1.915991e+02
      vertex   -3.629223e+01 7.919424e+01 2.002657e+02
    endloop
  endfacet
  facet normal 8.641750e-01 -5.031914e-01 0.000000e+00
    outer loop
      vertex   -3.629223e+01 7.919424e+01 2.002657e+02
      vertex   -3.629223e+01 7.919424e+01 1.915991e+02
      vertex   -3.607125e+01 7.957374e+01 2.002657e+02
    endloop
  endfacet
  facet normal 8.641750e-01 -5.031914e-01 8.240670e-16
    outer loop
      vertex   -3.629223e+01 7.919424e+01 2.002657e+02
      vertex   -3.607125e+01 7.957374e+01 2.002657e+02
      vertex   -3.607125e+01 7.957374e+01 2.089324e+02
    endloop
  endfacet
  facet normal 8.038059e-01 -5.948916e-01 9.754521e-16
    outer loop
      vertex   -3.607125e+01 7.957374e+01 2.089324e+02
      vertex   -3.607125e+01 7.957374e+01 2.002657e+02
      vertex   -3.581000e+01 7.992674e+01 2.089324e+02
    endloop
  endfacet
  facet normal 8.038059e-01 -5.948916e-01 0.000000e+00
    outer loop
      vertex   -3.607125e+01 7.957374e+01 2.089324e+02
      vertex   -3.581000e+01 7.992674e+01 2.089324e+02
      vertex   -3.581000e+01 7.992674e+01 2.175991e+02
    endloop
  endfacet
  facet normal 7.338592e-01 -6.793016e-01 0.000000e+00
    outer loop
      vertex   -3.581000e+01 7.992674e+01 2.175991e+02
      vertex   -3.581000e+01 7.992674e+01 2.089324e+02
      vertex   -3.551257e+01 8.024805e+01 2.175991e+02
    endloop
  endfacet
  facet normal 7.338592e-01 -6.793016e-01 1.648595e-06
    outer loop
      vertex   -3.581000e+01 7.992674e+01 2.175991e+02
      vertex   -3.551257e+01 8.024805e+01 2.175991e+02
      vertex   -3.551276e+01 8.024787e+01 2.262657e+02
    endloop
  endfacet
  facet normal 6.549946e-01 -7.556336e-01 -1.659404e-06
    outer loop
      vertex   -3.551276e+01 8.024787e+01 2.262657e+02
      vertex   -3.551257e+01 8.024805e+01 2.175991e+02
      vertex   -3.517974e+01 8.053654e+01 2.262657e+02
    endloop
  endfacet
  facet normal 6.549946e-01 -7.556336e-01 0.000000e+00
    outer loop
      vertex   -3.551276e+01 8.024787e+01 2.262657e+02
      vertex   -3.517974e+01 8.053654e+01 2.262657e+02
      vertex   -3.517974e+01 8.053654e+01 2.349324e+02
    endloop
  endfacet
  facet normal 5.680517e-01 -8.229929e-01 0.000000e+00
    outer loop
      vertex   -3.517974e+01 8.053654e+01 2.349324e+02
      vertex   -3.517974e+01 8.053654e+01 2.262657e+02
      vertex   -3.481832e+01 8.078600e+01 2.349324e+02
    endloop
  endfacet
  facet normal 5.680517e-01 -8.229929e-01 0.000000e+00
    outer loop
      vertex   -3.517974e+01 8.053654e+01 2.349324e+02
      vertex   -3.481832e+01 8.078600e+01 2.349324e+02
      vertex   -3.481832e+01 8.078600e+01 2.435991e+02
    endloop
  endfacet
  facet normal 4.744099e-01 -8.803041e-01 0.000000e+00
    outer loop
      vertex   -3.481832e+01 8.078600e+01 2.435991e+02
      vertex   -3.481832e+01 8.078600e+01 2.349324e+02
      vertex   -3.443173e+01 8.099434e+01 2.435991e+02
    endloop
  endfacet
  facet normal 8.641750e-01 -5.031914e-01 0.000000e+00
    outer loop
      vertex   -3.607125e+01 7.957374e+01 2.002657e+02
      vertex   -3.629223e+01 7.919424e+01 1.915991e+02
      vertex   -3.607125e+01 7.957374e+01 1.915991e+02
    endloop
  endfacet
  facet normal 8.641750e-01 -5.031914e-01 0.000000e+00
    outer loop
      vertex   -3.607125e+01 7.957374e+01 2.349324e+02
      vertex   -3.629223e+01 7.919424e+01 2.262657e+02
      vertex   -3.607125e+01 7.957374e+01 2.262657e+02
    endloop
  endfacet
  facet normal 8.641750e-01 -5.031914e-01 0.000000e+00
    outer loop
      vertex   -3.607125e+01 7.957374e+01 2.262657e+02
      vertex   -3.629223e+01 7.919424e+01 2.262657e+02
      vertex   -3.629223e+01 7.919424e+01 2.175991e+02
    endloop
  endfacet
  facet normal 8.038059e-01 -5.948916e-01 0.000000e+00
    outer loop
      vertex   -3.607125e+01 7.957374e+01 2.002657e+02
      vertex   -3.607125e+01 7.957374e+01 1.915991e+02
      vertex   -3.581000e+01 7.992674e+01 2.002657e+02
    endloop
  endfacet
  facet normal 8.038059e-01 -5.948916e-01 0.000000e+00
    outer loop
      vertex   -3.581000e+01 7.992674e+01 2.002657e+02
      vertex   -3.607125e+01 7.957374e+01 1.915991e+02
      vertex   -3.581000e+01 7.992674e+01 1.915991e+02
    endloop
  endfacet
  facet normal 7.338149e-01 -6.793495e-01 0.000000e+00
    outer loop
      vertex   -3.581000e+01 7.992674e+01 2.002657e+02
      vertex   -3.581000e+01 7.992674e+01 1.915991e+02
      vertex   -3.551220e+01 8.024842e+01 2.002657e+02
    endloop
  endfacet
  facet normal 8.038059e-01 -5.948916e-01 0.000000e+00
    outer loop
      vertex   -3.581000e+01 7.992674e+01 2.349324e+02
      vertex   -3.607125e+01 7.957374e+01 2.349324e+02
      vertex   -3.607125e+01 7.957374e+01 2.262657e+02
    endloop
  endfacet
  facet normal 8.038059e-01 -5.948916e-01 9.735659e-16
    outer loop
      vertex   -3.607125e+01 7.957374e+01 2.002657e+02
      vertex   -3.581000e+01 7.992674e+01 2.002657e+02
      vertex   -3.581000e+01 7.992674e+01 2.089324e+02
    endloop
  endfacet
  facet normal 7.338370e-01 -6.793256e-01 1.113900e-15
    outer loop
      vertex   -3.581000e+01 7.992674e+01 2.089324e+02
      vertex   -3.581000e+01 7.992674e+01 2.002657e+02
      vertex   -3.551238e+01 8.024824e+01 2.089324e+02
    endloop
  endfacet
  facet normal 7.338370e-01 -6.793256e-01 1.649578e-06
    outer loop
      vertex   -3.581000e+01 7.992674e+01 2.089324e+02
      vertex   -3.551238e+01 8.024824e+01 2.089324e+02
      vertex   -3.551257e+01 8.024805e+01 2.175991e+02
    endloop
  endfacet
  facet normal 6.549699e-01 -7.556550e-01 -1.658422e-06
    outer loop
      vertex   -3.551257e+01 8.024805e+01 2.175991e+02
      vertex   -3.551238e+01 8.024824e+01 2.089324e+02
      vertex   -3.517974e+01 8.053654e+01 2.175991e+02
    endloop
  endfacet
  facet normal 6.549699e-01 -7.556550e-01 0.000000e+00
    outer loop
      vertex   -3.551257e+01 8.024805e+01 2.175991e+02
      vertex   -3.517974e+01 8.053654e+01 2.175991e+02
      vertex   -3.517974e+01 8.053654e+01 2.262657e+02
    endloop
  endfacet
  facet normal 5.680517e-01 -8.229929e-01 0.000000e+00
    outer loop
      vertex   -3.517974e+01 8.053654e+01 2.262657e+02
      vertex   -3.517974e+01 8.053654e+01 2.175991e+02
      vertex   -3.481832e+01 8.078600e+01 2.262657e+02
    endloop
  endfacet
  facet normal 5.680517e-01 -8.229929e-01 0.000000e+00
    outer loop
      vertex   -3.517974e+01 8.053654e+01 2.262657e+02
      vertex   -3.481832e+01 8.078600e+01 2.262657e+02
      vertex   -3.481832e+01 8.078600e+01 2.349324e+02
    endloop
  endfacet
  facet normal 4.744099e-01 -8.803041e-01 0.000000e+00
    outer loop
      vertex   -3.481832e+01 8.078600e+01 2.349324e+02
      vertex   -3.481832e+01 8.078600e+01 2.262657e+02
      vertex   -3.443173e+01 8.099434e+01 2.349324e+02
    endloop
  endfacet
  facet normal 4.744099e-01 -8.803041e-01 0.000000e+00
    outer loop
      vertex   -3.481832e+01 8.078600e+01 2.349324e+02
      vertex   -3.443173e+01 8.099434e+01 2.349324e+02
      vertex   -3.443173e+01 8.099434e+01 2.435991e+02
    endloop
  endfacet
  facet normal 3.750498e-01 -9.270047e-01 0.000000e+00
    outer loop
      vertex   -3.443173e+01 8.099434e+01 2.435991e+02
      vertex   -3.443173e+01 8.099434e+01 2.349324e+02
      vertex   -3.402464e+01 8.115904e+01 2.435991e+02
    endloop
  endfacet
  facet normal 7.338149e-01 -6.793495e-01 1.650561e-06
    outer loop
      vertex   -3.551238e+01 8.024824e+01 2.089324e+02
      vertex   -3.581000e+01 7.992674e+01 2.002657e+02
      vertex   -3.551220e+01 8.024842e+01 2.002657e+02
    endloop
  endfacet
  facet normal 6.549452e-01 -7.556763e-01 0.000000e+00
    outer loop
      vertex   -3.517974e+01 8.053654e+01 2.175991e+02
      vertex   -3.551238e+01 8.024824e+01 2.089324e+02
      vertex   -3.517974e+01 8.053654e+01 2.089324e+02
    endloop
  endfacet
  facet normal 6.549452e-01 -7.556763e-01 -1.657439e-06
    outer loop
      vertex   -3.517974e+01 8.053654e+01 2.089324e+02
      vertex   -3.551238e+01 8.024824e+01 2.089324e+02
      vertex   -3.551220e+01 8.024842e+01 2.002657e+02
    endloop
  endfacet
  facet normal 5.680517e-01 -8.229929e-01 0.000000e+00
    outer loop
      vertex   -3.481832e+01 8.078600e+01 2.262657e+02
      vertex   -3.517974e+01 8.053654e+01 2.175991e+02
      vertex   -3.481832e+01 8.078600e+01 2.175991e+02
    endloop
  endfacet
  facet normal 5.680517e-01 -8.229929e-01 0.000000e+00
    outer loop
      vertex   -3.481832e+01 8.078600e+01 2.175991e+02
      vertex   -3.517974e+01 8.053654e+01 2.175991e+02
      vertex   -3.517974e+01 8.053654e+01 2.089324e+02
    endloop
  endfacet
  facet normal 4.744099e-01 -8.803041e-01 0.000000e+00
    outer loop
      vertex   -3.443173e+01 8.099434e+01 2.349324e+02
      vertex   -3.481832e+01 8.078600e+01 2.262657e+02
      vertex   -3.443173e+01 8.099434e+01 2.262657e+02
    endloop
  endfacet
  facet normal 4.744099e-01 -8.803041e-01 0.000000e+00
    outer loop
      vertex   -3.443173e+01 8.099434e+01 2.262657e+02
      vertex   -3.481832e+01 8.078600e+01 2.262657e+02
      vertex   -3.481832e+01 8.078600e+01 2.175991e+02
    endloop
  endfacet
  facet normal 3.750498e-01 -9.270047e-01 0.000000e+00
    outer loop
      vertex   -3.402464e+01 8.115904e+01 2.435991e+02
      vertex   -3.443173e+01 8.099434e+01 2.349324e+02
      vertex   -3.402464e+01 8.115904e+01 2.349324e+02
    endloop
  endfacet
  facet normal 3.750498e-01 -9.270047e-01 0.000000e+00
    outer loop
      vertex   -3.402464e+01 8.115904e+01 2.349324e+02
      vertex   -3.443173e+01 8.099434e+01 2.349324e+02
      vertex   -3.443173e+01 8.099434e+01 2.262657e+02
    endloop
  endfacet
  facet normal 2.708594e-01 -9.626189e-01 -2.048569e-06
    outer loop
      vertex   -3.359943e+01 8.127869e+01 2.435991e+02
      vertex   -3.402464e+01 8.115904e+01 2.435991e+02
      vertex   -3.359974e+01 8.127862e+01 2.349324e+02
    endloop
  endfacet
  facet normal 2.708982e-01 -9.626080e-01 0.000000e+00
    outer loop
      vertex   -3.359974e+01 8.127862e+01 2.349324e+02
      vertex   -3.402464e+01 8.115904e+01 2.435991e+02
      vertex   -3.402464e+01 8.115904e+01 2.349324e+02
    endloop
  endfacet
  facet normal 1.637026e-01 -9.865097e-01 0.000000e+00
    outer loop
      vertex   -3.316874e+01 8.135015e+01 2.435991e+02
      vertex   -3.359943e+01 8.127869e+01 2.435991e+02
      vertex   -3.316874e+01 8.135015e+01 2.349324e+02
    endloop
  endfacet
  facet normal 1.637423e-01 -9.865032e-01 2.026202e-06
    outer loop
      vertex   -3.316874e+01 8.135015e+01 2.349324e+02
      vertex   -3.359943e+01 8.127869e+01 2.435991e+02
      vertex   -3.359974e+01 8.127862e+01 2.349324e+02
    endloop
  endfacet
  facet normal 3.414111e-02 0.000000e+00 -9.994170e-01
    outer loop
      vertex   -1.960323e+01 8.537426e+01 2.492657e+02
      vertex   -1.960323e+01 8.137426e+01 2.492657e+02
      vertex   -2.028566e+01 8.537426e+01 2.492424e+02
    endloop
  endfacet
  facet normal 3.414111e-02 0.000000e+00 -9.994170e-01
    outer loop
      vertex   -2.028566e+01 8.537426e+01 2.492424e+02
      vertex   -1.960323e+01 8.137426e+01 2.492657e+02
      vertex   -2.028566e+01 8.137426e+01 2.492424e+02
    endloop
  endfacet
  facet normal 1.022641e-01 0.000000e+00 -9.947573e-01
    outer loop
      vertex   -2.028566e+01 8.537426e+01 2.492424e+02
      vertex   -2.028566e+01 8.137426e+01 2.492424e+02
      vertex   -2.096490e+01 8.537426e+01 2.491726e+02
    endloop
  endfacet
  facet normal 1.022641e-01 0.000000e+00 -9.947573e-01
    outer loop
      vertex   -2.096490e+01 8.537426e+01 2.491726e+02
      vertex   -2.028566e+01 8.137426e+01 2.492424e+02
      vertex   -2.096490e+01 8.137426e+01 2.491726e+02
    endloop
  endfacet
  facet normal 1.699104e-01 0.000000e+00 -9.854595e-01
    outer loop
      vertex   -2.096490e+01 8.537426e+01 2.491726e+02
      vertex   -2.096490e+01 8.137426e+01 2.491726e+02
      vertex   -2.163779e+01 8.537426e+01 2.490566e+02
    endloop
  endfacet
  facet normal 1.699104e-01 1.509107e-16 -9.854595e-01
    outer loop
      vertex   -2.163779e+01 8.537426e+01 2.490566e+02
      vertex   -2.096490e+01 8.137426e+01 2.491726e+02
      vertex   -2.163779e+01 8.137426e+01 2.490566e+02
    endloop
  endfacet
  facet normal 2.367644e-01 2.102890e-16 -9.715671e-01
    outer loop
      vertex   -2.163779e+01 8.537426e+01 2.490566e+02
      vertex   -2.163779e+01 8.137426e+01 2.490566e+02
      vertex   -2.230120e+01 8.537426e+01 2.488949e+02
    endloop
  endfacet
  facet normal 2.367644e-01 0.000000e+00 -9.715671e-01
    outer loop
      vertex   -2.230120e+01 8.537426e+01 2.488949e+02
      vertex   -2.163779e+01 8.137426e+01 2.490566e+02
      vertex   -2.230120e+01 8.137426e+01 2.488949e+02
    endloop
  endfacet
  facet normal 3.025146e-01 0.000000e+00 -9.531448e-01
    outer loop
      vertex   -2.230120e+01 8.537426e+01 2.488949e+02
      vertex   -2.230120e+01 8.137426e+01 2.488949e+02
      vertex   -2.295203e+01 8.537426e+01 2.486883e+02
    endloop
  endfacet
  facet normal 3.025146e-01 2.686869e-16 -9.531448e-01
    outer loop
      vertex   -2.295203e+01 8.537426e+01 2.486883e+02
      vertex   -2.230120e+01 8.137426e+01 2.488949e+02
      vertex   -2.295203e+01 8.137426e+01 2.486883e+02
    endloop
  endfacet
  facet normal 3.668542e-01 3.258320e-16 -9.302784e-01
    outer loop
      vertex   -2.295203e+01 8.537426e+01 2.486883e+02
      vertex   -2.295203e+01 8.137426e+01 2.486883e+02
      vertex   -2.358724e+01 8.537426e+01 2.484378e+02
    endloop
  endfacet
  facet normal 3.668542e-01 0.000000e+00 -9.302784e-01
    outer loop
      vertex   -2.358724e+01 8.537426e+01 2.484378e+02
      vertex   -2.295203e+01 8.137426e+01 2.486883e+02
      vertex   -2.358724e+01 8.137426e+01 2.484378e+02
    endloop
  endfacet
  facet normal 4.294834e-01 0.000000e+00 -9.030747e-01
    outer loop
      vertex   -2.358724e+01 8.537426e+01 2.484378e+02
      vertex   -2.358724e+01 8.137426e+01 2.484378e+02
      vertex   -2.420388e+01 8.537426e+01 2.481446e+02
    endloop
  endfacet
  facet normal 4.294834e-01 0.000000e+00 -9.030747e-01
    outer loop
      vertex   -2.420388e+01 8.537426e+01 2.481446e+02
      vertex   -2.358724e+01 8.137426e+01 2.484378e+02
      vertex   -2.420388e+01 8.137426e+01 2.481446e+02
    endloop
  endfacet
  facet normal 4.901102e-01 0.000000e+00 -8.716605e-01
    outer loop
      vertex   -2.420388e+01 8.537426e+01 2.481446e+02
      vertex   -2.420388e+01 8.137426e+01 2.481446e+02
      vertex   -2.479907e+01 8.537426e+01 2.478099e+02
    endloop
  endfacet
  facet normal 4.901102e-01 0.000000e+00 -8.716605e-01
    outer loop
      vertex   -2.479907e+01 8.537426e+01 2.478099e+02
      vertex   -2.420388e+01 8.137426e+01 2.481446e+02
      vertex   -2.479907e+01 8.137426e+01 2.478099e+02
    endloop
  endfacet
  facet normal 5.484519e-01 0.000000e+00 -8.361821e-01
    outer loop
      vertex   -2.479907e+01 8.537426e+01 2.478099e+02
      vertex   -2.479907e+01 8.137426e+01 2.478099e+02
      vertex   -2.537004e+01 8.537426e+01 2.474354e+02
    endloop
  endfacet
  facet normal 5.484519e-01 0.000000e+00 -8.361821e-01
    outer loop
      vertex   -2.537004e+01 8.537426e+01 2.474354e+02
      vertex   -2.479907e+01 8.137426e+01 2.478099e+02
      vertex   -2.537004e+01 8.137426e+01 2.474354e+02
    endloop
  endfacet
  facet normal 6.042364e-01 0.000000e+00 -7.968051e-01
    outer loop
      vertex   -2.537004e+01 8.537426e+01 2.474354e+02
      vertex   -2.537004e+01 8.137426e+01 2.474354e+02
      vertex   -2.591411e+01 8.537426e+01 2.470228e+02
    endloop
  endfacet
  facet normal 6.042364e-01 0.000000e+00 -7.968051e-01
    outer loop
      vertex   -2.591411e+01 8.537426e+01 2.470228e+02
      vertex   -2.537004e+01 8.137426e+01 2.474354e+02
      vertex   -2.591411e+01 8.137426e+01 2.470228e+02
    endloop
  endfacet
  facet normal 6.572037e-01 0.000000e+00 -7.537130e-01
    outer loop
      vertex   -2.591411e+01 8.537426e+01 2.470228e+02
      vertex   -2.591411e+01 8.137426e+01 2.470228e+02
      vertex   -2.642876e+01 8.537426e+01 2.465741e+02
    endloop
  endfacet
  facet normal 6.572037e-01 0.000000e+00 -7.537130e-01
    outer loop
      vertex   -2.642876e+01 8.537426e+01 2.465741e+02
      vertex   -2.591411e+01 8.137426e+01 2.470228e+02
      vertex   -2.642876e+01 8.137426e+01 2.465741e+02
    endloop
  endfacet
  facet normal 7.071068e-01 0.000000e+00 -7.071068e-01
    outer loop
      vertex   -2.642876e+01 8.537426e+01 2.465741e+02
      vertex   -2.642876e+01 8.137426e+01 2.465741e+02
      vertex   -2.691159e+01 8.537426e+01 2.460913e+02
    endloop
  endfacet
  facet normal 7.071068e-01 0.000000e+00 -7.071068e-01
    outer loop
      vertex   -2.691159e+01 8.537426e+01 2.460913e+02
      vertex   -2.642876e+01 8.137426e+01 2.465741e+02
      vertex   -2.691159e+01 8.137426e+01 2.460913e+02
    endloop
  endfacet
  facet normal 7.537130e-01 0.000000e+00 -6.572037e-01
    outer loop
      vertex   -2.691159e+01 8.537426e+01 2.460913e+02
      vertex   -2.691159e+01 8.137426e+01 2.460913e+02
      vertex   -2.736035e+01 8.537426e+01 2.455766e+02
    endloop
  endfacet
  facet normal 7.537130e-01 0.000000e+00 -6.572037e-01
    outer loop
      vertex   -2.736035e+01 8.537426e+01 2.455766e+02
      vertex   -2.691159e+01 8.137426e+01 2.460913e+02
      vertex   -2.736035e+01 8.137426e+01 2.455766e+02
    endloop
  endfacet
  facet normal 7.968051e-01 0.000000e+00 -6.042364e-01
    outer loop
      vertex   -2.736035e+01 8.537426e+01 2.455766e+02
      vertex   -2.736035e+01 8.137426e+01 2.455766e+02
      vertex   -2.777293e+01 8.537426e+01 2.450325e+02
    endloop
  endfacet
  facet normal 7.968051e-01 0.000000e+00 -6.042364e-01
    outer loop
      vertex   -2.777293e+01 8.537426e+01 2.450325e+02
      vertex   -2.736035e+01 8.137426e+01 2.455766e+02
      vertex   -2.777293e+01 8.137426e+01 2.450325e+02
    endloop
  endfacet
  facet normal 8.361821e-01 0.000000e+00 -5.484519e-01
    outer loop
      vertex   -2.777293e+01 8.537426e+01 2.450325e+02
      vertex   -2.777293e+01 8.137426e+01 2.450325e+02
      vertex   -2.814743e+01 8.537426e+01 2.444616e+02
    endloop
  endfacet
  facet normal 8.361821e-01 0.000000e+00 -5.484519e-01
    outer loop
      vertex   -2.814743e+01 8.537426e+01 2.444616e+02
      vertex   -2.777293e+01 8.137426e+01 2.450325e+02
      vertex   -2.814743e+01 8.137426e+01 2.444616e+02
    endloop
  endfacet
  facet normal 8.716605e-01 0.000000e+00 -4.901102e-01
    outer loop
      vertex   -2.814743e+01 8.537426e+01 2.444616e+02
      vertex   -2.814743e+01 8.137426e+01 2.444616e+02
      vertex   -2.848208e+01 8.537426e+01 2.438664e+02
    endloop
  endfacet
  facet normal 8.716605e-01 0.000000e+00 -4.901102e-01
    outer loop
      vertex   -2.848208e+01 8.537426e+01 2.438664e+02
      vertex   -2.814743e+01 8.137426e+01 2.444616e+02
      vertex   -2.848208e+01 8.137426e+01 2.438664e+02
    endloop
  endfacet
  facet normal 9.030747e-01 0.000000e+00 -4.294834e-01
    outer loop
      vertex   -2.848208e+01 8.537426e+01 2.438664e+02
      vertex   -2.848208e+01 8.137426e+01 2.438664e+02
      vertex   -2.877535e+01 8.537426e+01 2.432497e+02
    endloop
  endfacet
  facet normal 9.030747e-01 0.000000e+00 -4.294834e-01
    outer loop
      vertex   -2.877535e+01 8.537426e+01 2.432497e+02
      vertex   -2.848208e+01 8.137426e+01 2.438664e+02
      vertex   -2.877535e+01 8.137426e+01 2.432497e+02
    endloop
  endfacet
  facet normal 9.302784e-01 0.000000e+00 -3.668542e-01
    outer loop
      vertex   -2.877535e+01 8.537426e+01 2.432497e+02
      vertex   -2.877535e+01 8.137426e+01 2.432497e+02
      vertex   -2.902584e+01 8.537426e+01 2.426145e+02
    endloop
  endfacet
  facet normal 9.302784e-01 1.652506e-15 -3.668542e-01
    outer loop
      vertex   -2.902584e+01 8.537426e+01 2.426145e+02
      vertex   -2.877535e+01 8.137426e+01 2.432497e+02
      vertex   -2.902584e+01 8.137426e+01 2.426145e+02
    endloop
  endfacet
  facet normal 9.531448e-01 1.693125e-15 -3.025146e-01
    outer loop
      vertex   -2.902584e+01 8.537426e+01 2.426145e+02
      vertex   -2.902584e+01 8.137426e+01 2.426145e+02
      vertex   -2.923241e+01 8.537426e+01 2.419637e+02
    endloop
  endfacet
  facet normal 9.531448e-01 0.000000e+00 -3.025146e-01
    outer loop
      vertex   -2.923241e+01 8.537426e+01 2.419637e+02
      vertex   -2.902584e+01 8.137426e+01 2.426145e+02
      vertex   -2.923241e+01 8.137426e+01 2.419637e+02
    endloop
  endfacet
  facet normal 9.715671e-01 0.000000e+00 -2.367644e-01
    outer loop
      vertex   -2.923241e+01 8.537426e+01 2.419637e+02
      vertex   -2.923241e+01 8.137426e+01 2.419637e+02
      vertex   -2.939407e+01 8.537426e+01 2.413003e+02
    endloop
  endfacet
  facet normal 9.715671e-01 8.629249e-16 -2.367644e-01
    outer loop
      vertex   -2.939407e+01 8.537426e+01 2.413003e+02
      vertex   -2.923241e+01 8.137426e+01 2.419637e+02
      vertex   -2.939407e+01 8.137426e+01 2.413003e+02
    endloop
  endfacet
  facet normal 9.854595e-01 8.752639e-16 -1.699104e-01
    outer loop
      vertex   -2.939407e+01 8.537426e+01 2.413003e+02
      vertex   -2.939407e+01 8.137426e+01 2.413003e+02
      vertex   -2.951009e+01 8.537426e+01 2.406274e+02
    endloop
  endfacet
  facet normal 9.854595e-01 0.000000e+00 -1.699104e-01
    outer loop
      vertex   -2.951009e+01 8.537426e+01 2.406274e+02
      vertex   -2.939407e+01 8.137426e+01 2.413003e+02
      vertex   -2.951009e+01 8.137426e+01 2.406274e+02
    endloop
  endfacet
  facet normal 9.947573e-01 0.000000e+00 -1.022641e-01
    outer loop
      vertex   -2.951009e+01 8.537426e+01 2.406274e+02
      vertex   -2.951009e+01 8.137426e+01 2.406274e+02
      vertex   -2.957992e+01 8.537426e+01 2.399482e+02
    endloop
  endfacet
  facet normal 9.947573e-01 0.000000e+00 -1.022641e-01
    outer loop
      vertex   -2.957992e+01 8.537426e+01 2.399482e+02
      vertex   -2.951009e+01 8.137426e+01 2.406274e+02
      vertex   -2.957992e+01 8.137426e+01 2.399482e+02
    endloop
  endfacet
  facet normal 9.994170e-01 0.000000e+00 -3.414111e-02
    outer loop
      vertex   -2.957992e+01 8.537426e+01 2.399482e+02
      vertex   -2.957992e+01 8.137426e+01 2.399482e+02
      vertex   -2.960323e+01 8.537426e+01 2.392657e+02
    endloop
  endfacet
  facet normal 9.994170e-01 0.000000e+00 -3.414111e-02
    outer loop
      vertex   -2.960323e+01 8.537426e+01 2.392657e+02
      vertex   -2.957992e+01 8.137426e+01 2.399482e+02
      vertex   -2.960323e+01 8.137426e+01 2.392657e+02
    endloop
  endfacet
  facet normal 1.000000e+00 0.000000e+00 0.000000e+00
    outer loop
      vertex   -2.960323e+01 8.537426e+01 2.392657e+02
      vertex   -2.960323e+01 8.137426e+01 2.392657e+02
      vertex   -2.960323e+01 8.537426e+01 1.742657e+02
    endloop
  endfacet
  facet normal 1.000000e+00 0.000000e+00 0.000000e+00
    outer loop
      vertex   -2.960323e+01 8.537426e+01 1.742657e+02
      vertex   -2.960323e+01 8.137426e+01 2.392657e+02
      vertex   -2.960323e+01 8.137426e+01 1.742657e+02
    endloop
  endfacet
  facet normal -3.414111e-02 0.000000e+00 -9.994170e-01
    outer loop
      vertex   1.589677e+01 8.137426e+01 2.492657e+02
      vertex   1.589677e+01 8.537426e+01 2.492657e+02
      vertex   1.657919e+01 8.137426e+01 2.492424e+02
    endloop
  endfacet
  facet normal -3.414111e-02 0.000000e+00 -9.994170e-01
    outer loop
      vertex   1.657919e+01 8.137426e+01 2.492424e+02
      vertex   1.589677e+01 8.537426e+01 2.492657e+02
      vertex   1.657919e+01 8.537426e+01 2.492424e+02
    endloop
  endfacet
  facet normal -1.022641e-01 0.000000e+00 -9.947573e-01
    outer loop
      vertex   1.657919e+01 8.137426e+01 2.492424e+02
      vertex   1.657919e+01 8.537426e+01 2.492424e+02
      vertex   1.725843e+01 8.137426e+01 2.491726e+02
    endloop
  endfacet
  facet normal -1.022641e-01 0.000000e+00 -9.947573e-01
    outer loop
      vertex   1.725843e+01 8.137426e+01 2.491726e+02
      vertex   1.657919e+01 8.537426e+01 2.492424e+02
      vertex   1.725843e+01 8.537426e+01 2.491726e+02
    endloop
  endfacet
  facet normal -1.699104e-01 0.000000e+00 -9.854595e-01
    outer loop
      vertex   1.725843e+01 8.137426e+01 2.491726e+02
      vertex   1.725843e+01 8.537426e+01 2.491726e+02
      vertex   1.793133e+01 8.137426e+01 2.490566e+02
    endloop
  endfacet
  facet normal -1.699104e-01 0.000000e+00 -9.854595e-01
    outer loop
      vertex   1.793133e+01 8.137426e+01 2.490566e+02
      vertex   1.725843e+01 8.537426e+01 2.491726e+02
      vertex   1.793133e+01 8.537426e+01 2.490566e+02
    endloop
  endfacet
  facet normal -2.367644e-01 0.000000e+00 -9.715671e-01
    outer loop
      vertex   1.793133e+01 8.137426e+01 2.490566e+02
      vertex   1.793133e+01 8.537426e+01 2.490566e+02
      vertex   1.859474e+01 8.137426e+01 2.488949e+02
    endloop
  endfacet
  facet normal -2.367644e-01 0.000000e+00 -9.715671e-01
    outer loop
      vertex   1.859474e+01 8.137426e+01 2.488949e+02
      vertex   1.793133e+01 8.537426e+01 2.490566e+02
      vertex   1.859474e+01 8.537426e+01 2.488949e+02
    endloop
  endfacet
  facet normal -3.025146e-01 0.000000e+00 -9.531448e-01
    outer loop
      vertex   1.859474e+01 8.137426e+01 2.488949e+02
      vertex   1.859474e+01 8.537426e+01 2.488949e+02
      vertex   1.924556e+01 8.137426e+01 2.486883e+02
    endloop
  endfacet
  facet normal -3.025146e-01 0.000000e+00 -9.531448e-01
    outer loop
      vertex   1.924556e+01 8.137426e+01 2.486883e+02
      vertex   1.859474e+01 8.537426e+01 2.488949e+02
      vertex   1.924556e+01 8.537426e+01 2.486883e+02
    endloop
  endfacet
  facet normal -3.668542e-01 0.000000e+00 -9.302784e-01
    outer loop
      vertex   1.924556e+01 8.137426e+01 2.486883e+02
      vertex   1.924556e+01 8.537426e+01 2.486883e+02
      vertex   1.988078e+01 8.137426e+01 2.484378e+02
    endloop
  endfacet
  facet normal -3.668542e-01 0.000000e+00 -9.302784e-01
    outer loop
      vertex   1.988078e+01 8.137426e+01 2.484378e+02
      vertex   1.924556e+01 8.537426e+01 2.486883e+02
      vertex   1.988078e+01 8.537426e+01 2.484378e+02
    endloop
  endfacet
  facet normal -4.294834e-01 0.000000e+00 -9.030747e-01
    outer loop
      vertex   1.988078e+01 8.137426e+01 2.484378e+02
      vertex   1.988078e+01 8.537426e+01 2.484378e+02
      vertex   2.049742e+01 8.137426e+01 2.481446e+02
    endloop
  endfacet
  facet normal -4.294834e-01 0.000000e+00 -9.030747e-01
    outer loop
      vertex   2.049742e+01 8.137426e+01 2.481446e+02
      vertex   1.988078e+01 8.537426e+01 2.484378e+02
      vertex   2.049742e+01 8.537426e+01 2.481446e+02
    endloop
  endfacet
  facet normal -4.901102e-01 0.000000e+00 -8.716605e-01
    outer loop
      vertex   2.049742e+01 8.137426e+01 2.481446e+02
      vertex   2.049742e+01 8.537426e+01 2.481446e+02
      vertex   2.109261e+01 8.137426e+01 2.478099e+02
    endloop
  endfacet
  facet normal -4.901102e-01 0.000000e+00 -8.716605e-01
    outer loop
      vertex   2.109261e+01 8.137426e+01 2.478099e+02
      vertex   2.049742e+01 8.537426e+01 2.481446e+02
      vertex   2.109261e+01 8.537426e+01 2.478099e+02
    endloop
  endfacet
  facet normal -5.484519e-01 0.000000e+00 -8.361821e-01
    outer loop
      vertex   2.109261e+01 8.137426e+01 2.478099e+02
      vertex   2.109261e+01 8.537426e+01 2.478099e+02
      vertex   2.166357e+01 8.137426e+01 2.474354e+02
    endloop
  endfacet
  facet normal -5.484519e-01 0.000000e+00 -8.361821e-01
    outer loop
      vertex   2.166357e+01 8.137426e+01 2.474354e+02
      vertex   2.109261e+01 8.537426e+01 2.478099e+02
      vertex   2.166357e+01 8.537426e+01 2.474354e+02
    endloop
  endfacet
  facet normal -6.042364e-01 0.000000e+00 -7.968051e-01
    outer loop
      vertex   2.166357e+01 8.137426e+01 2.474354e+02
      vertex   2.166357e+01 8.537426e+01 2.474354e+02
      vertex   2.220765e+01 8.137426e+01 2.470228e+02
    endloop
  endfacet
  facet normal -6.042364e-01 0.000000e+00 -7.968051e-01
    outer loop
      vertex   2.220765e+01 8.137426e+01 2.470228e+02
      vertex   2.166357e+01 8.537426e+01 2.474354e+02
      vertex   2.220765e+01 8.537426e+01 2.470228e+02
    endloop
  endfacet
  facet normal -6.572037e-01 0.000000e+00 -7.537130e-01
    outer loop
      vertex   2.220765e+01 8.137426e+01 2.470228e+02
      vertex   2.220765e+01 8.537426e+01 2.470228e+02
      vertex   2.272230e+01 8.137426e+01 2.465741e+02
    endloop
  endfacet
  facet normal -6.572037e-01 0.000000e+00 -7.537130e-01
    outer loop
      vertex   2.272230e+01 8.137426e+01 2.465741e+02
      vertex   2.220765e+01 8.537426e+01 2.470228e+02
      vertex   2.272230e+01 8.537426e+01 2.465741e+02
    endloop
  endfacet
  facet normal -7.071068e-01 0.000000e+00 -7.071068e-01
    outer loop
      vertex   2.272230e+01 8.137426e+01 2.465741e+02
      vertex   2.272230e+01 8.537426e+01 2.465741e+02
      vertex   2.320513e+01 8.137426e+01 2.460913e+02
    endloop
  endfacet
  facet normal -7.071068e-01 0.000000e+00 -7.071068e-01
    outer loop
      vertex   2.320513e+01 8.137426e+01 2.460913e+02
      vertex   2.272230e+01 8.537426e+01 2.465741e+02
      vertex   2.320513e+01 8.537426e+01 2.460913e+02
    endloop
  endfacet
  facet normal -7.537130e-01 0.000000e+00 -6.572037e-01
    outer loop
      vertex   2.320513e+01 8.137426e+01 2.460913e+02
      vertex   2.320513e+01 8.537426e+01 2.460913e+02
      vertex   2.365388e+01 8.137426e+01 2.455766e+02
    endloop
  endfacet
  facet normal -7.537130e-01 0.000000e+00 -6.572037e-01
    outer loop
      vertex   2.365388e+01 8.137426e+01 2.455766e+02
      vertex   2.320513e+01 8.537426e+01 2.460913e+02
      vertex   2.365388e+01 8.537426e+01 2.455766e+02
    endloop
  endfacet
  facet normal -7.968051e-01 0.000000e+00 -6.042364e-01
    outer loop
      vertex   2.365388e+01 8.137426e+01 2.455766e+02
      vertex   2.365388e+01 8.537426e+01 2.455766e+02
      vertex   2.406647e+01 8.137426e+01 2.450325e+02
    endloop
  endfacet
  facet normal -7.968051e-01 0.000000e+00 -6.042364e-01
    outer loop
      vertex   2.406647e+01 8.137426e+01 2.450325e+02
      vertex   2.365388e+01 8.537426e+01 2.455766e+02
      vertex   2.406647e+01 8.537426e+01 2.450325e+02
    endloop
  endfacet
  facet normal -8.361821e-01 0.000000e+00 -5.484519e-01
    outer loop
      vertex   2.406647e+01 8.137426e+01 2.450325e+02
      vertex   2.406647e+01 8.537426e+01 2.450325e+02
      vertex   2.444096e+01 8.137426e+01 2.444616e+02
    endloop
  endfacet
  facet normal -8.361821e-01 0.000000e+00 -5.484519e-01
    outer loop
      vertex   2.444096e+01 8.137426e+01 2.444616e+02
      vertex   2.406647e+01 8.537426e+01 2.450325e+02
      vertex   2.444096e+01 8.537426e+01 2.444616e+02
    endloop
  endfacet
  facet normal -8.716605e-01 0.000000e+00 -4.901102e-01
    outer loop
      vertex   2.444096e+01 8.137426e+01 2.444616e+02
      vertex   2.444096e+01 8.537426e+01 2.444616e+02
      vertex   2.477562e+01 8.137426e+01 2.438664e+02
    endloop
  endfacet
  facet normal -8.716605e-01 0.000000e+00 -4.901102e-01
    outer loop
      vertex   2.477562e+01 8.137426e+01 2.438664e+02
      vertex   2.444096e+01 8.537426e+01 2.444616e+02
      vertex   2.477562e+01 8.537426e+01 2.438664e+02
    endloop
  endfacet
  facet normal -9.030747e-01 0.000000e+00 -4.294834e-01
    outer loop
      vertex   2.477562e+01 8.137426e+01 2.438664e+02
      vertex   2.477562e+01 8.537426e+01 2.438664e+02
      vertex   2.506888e+01 8.137426e+01 2.432497e+02
    endloop
  endfacet
  facet normal -9.030747e-01 0.000000e+00 -4.294834e-01
    outer loop
      vertex   2.506888e+01 8.137426e+01 2.432497e+02
      vertex   2.477562e+01 8.537426e+01 2.438664e+02
      vertex   2.506888e+01 8.537426e+01 2.432497e+02
    endloop
  endfacet
  facet normal -9.302784e-01 0.000000e+00 -3.668542e-01
    outer loop
      vertex   2.506888e+01 8.137426e+01 2.432497e+02
      vertex   2.506888e+01 8.537426e+01 2.432497e+02
      vertex   2.531938e+01 8.137426e+01 2.426145e+02
    endloop
  endfacet
  facet normal -9.302784e-01 -1.652506e-15 -3.668542e-01
    outer loop
      vertex   2.531938e+01 8.137426e+01 2.426145e+02
      vertex   2.506888e+01 8.537426e+01 2.432497e+02
      vertex   2.531938e+01 8.537426e+01 2.426145e+02
    endloop
  endfacet
  facet normal -9.531448e-01 -1.693125e-15 -3.025146e-01
    outer loop
      vertex   2.531938e+01 8.137426e+01 2.426145e+02
      vertex   2.531938e+01 8.537426e+01 2.426145e+02
      vertex   2.552594e+01 8.137426e+01 2.419637e+02
    endloop
  endfacet
  facet normal -9.531448e-01 0.000000e+00 -3.025146e-01
    outer loop
      vertex   2.552594e+01 8.137426e+01 2.419637e+02
      vertex   2.531938e+01 8.537426e+01 2.426145e+02
      vertex   2.552594e+01 8.537426e+01 2.419637e+02
    endloop
  endfacet
  facet normal -9.715671e-01 0.000000e+00 -2.367644e-01
    outer loop
      vertex   2.552594e+01 8.137426e+01 2.419637e+02
      vertex   2.552594e+01 8.537426e+01 2.419637e+02
      vertex   2.568761e+01 8.137426e+01 2.413003e+02
    endloop
  endfacet
  facet normal -9.715671e-01 -8.629249e-16 -2.367644e-01
    outer loop
      vertex   2.568761e+01 8.137426e+01 2.413003e+02
      vertex   2.552594e+01 8.537426e+01 2.419637e+02
      vertex   2.568761e+01 8.537426e+01 2.413003e+02
    endloop
  endfacet
  facet normal -9.854595e-01 -8.752639e-16 -1.699104e-01
    outer loop
      vertex   2.568761e+01 8.137426e+01 2.413003e+02
      vertex   2.568761e+01 8.537426e+01 2.413003e+02
      vertex   2.580363e+01 8.137426e+01 2.406274e+02
    endloop
  endfacet
  facet normal -9.854595e-01 0.000000e+00 -1.699104e-01
    outer loop
      vertex   2.580363e+01 8.137426e+01 2.406274e+02
      vertex   2.568761e+01 8.537426e+01 2.413003e+02
      vertex   2.580363e+01 8.537426e+01 2.406274e+02
    endloop
  endfacet
  facet normal -9.947573e-01 0.000000e+00 -1.022641e-01
    outer loop
      vertex   2.580363e+01 8.137426e+01 2.406274e+02
      vertex   2.580363e+01 8.537426e+01 2.406274e+02
      vertex   2.587346e+01 8.137426e+01 2.399482e+02
    endloop
  endfacet
  facet normal -9.947573e-01 0.000000e+00 -1.022641e-01
    outer loop
      vertex   2.587346e+01 8.137426e+01 2.399482e+02
      vertex   2.580363e+01 8.537426e+01 2.406274e+02
      vertex   2.587346e+01 8.537426e+01 2.399482e+02
    endloop
  endfacet
  facet normal -9.994170e-01 0.000000e+00 -3.414111e-02
    outer loop
      vertex   2.587346e+01 8.137426e+01 2.399482e+02
      vertex   2.587346e+01 8.537426e+01 2.399482e+02
      vertex   2.589677e+01 8.137426e+01 2.392657e+02
    endloop
  endfacet
  facet normal -9.994170e-01 0.000000e+00 -3.414111e-02
    outer loop
      vertex   2.589677e+01 8.137426e+01 2.392657e+02
      vertex   2.587346e+01 8.537426e+01 2.399482e+02
      vertex   2.589677e+01 8.537426e+01 2.392657e+02
    endloop
  endfacet
  facet normal -1.000000e+00 0.000000e+00 0.000000e+00
    outer loop
      vertex   -2.720533e+01 8.269876e+01 2.652657e+02
      vertex   -2.720533e+01 8.389876e+01 2.652657e+02
      vertex   -2.720533e+01 8.269876e+01 2.572657e+02
    endloop
  endfacet
  facet normal -1.000000e+00 0.000000e+00 0.000000e+00
    outer loop
      vertex   -2.720533e+01 8.269876e+01 2.572657e+02
      vertex   -2.720533e+01 8.389876e+01 2.652657e+02
      vertex   -2.720533e+01 8.389876e+01 2.572657e+02
    endloop
  endfacet
  facet normal -0.000000e+00 -1.000000e+00 -0.000000e+00
    outer loop
      vertex   -2.720533e+01 8.389876e+01 2.652657e+02
      vertex   -3.020533e+01 8.389876e+01 2.652657e+02
      vertex   -2.720533e+01 8.389876e+01 2.572657e+02
    endloop
  endfacet
  facet normal 0.000000e+00 -1.000000e+00 0.000000e+00
    outer loop
      vertex   -2.720533e+01 8.389876e+01 2.572657e+02
      vertex   -3.020533e+01 8.389876e+01 2.652657e+02
      vertex   -3.020533e+01 8.389876e+01 2.572657e+02
    endloop
  endfacet
  facet normal 1.000000e+00 0.000000e+00 0.000000e+00
    outer loop
      vertex   -3.020533e+01 8.389876e+01 2.652657e+02
      vertex   -3.020533e+01 8.269876e+01 2.652657e+02
      vertex   -3.020533e+01 8.389876e+01 2.572657e+02
    endloop
  endfacet
  facet normal 1.000000e+00 0.000000e+00 0.000000e+00
    outer loop
      vertex   -3.020533e+01 8.389876e+01 2.572657e+02
      vertex   -3.020533e+01 8.269876e+01 2.652657e+02
      vertex   -3.020533e+01 8.269876e+01 2.572657e+02
    endloop
  endfacet
  facet normal -0.000000e+00 1.000000e+00 0.000000e+00
    outer loop
      vertex   -3.020533e+01 8.269876e+01 2.652657e+02
      vertex   -2.720533e+01 8.269876e+01 2.652657e+02
      vertex   -3.020533e+01 8.269876e+01 2.572657e+02
    endloop
  endfacet
  facet normal 0.000000e+00 1.000000e+00 0.000000e+00
    outer loop
      vertex   -3.020533e+01 8.269876e+01 2.572657e+02
      vertex   -2.720533e+01 8.269876e+01 2.652657e+02
      vertex   -2.720533e+01 8.269876e+01 2.572657e+02
    endloop
  endfacet
  facet normal 0.000000e+00 0.000000e+00 1.000000e+00
    outer loop
      vertex   -3.020533e+01 8.269876e+01 2.572657e+02
      vertex   -2.720533e+01 8.269876e+01 2.572657e+02
      vertex   -3.020533e+01 8.389876e+01 2.572657e+02
    endloop
  endfacet
  facet normal -0.000000e+00 0.000000e+00 1.000000e+00
    outer loop
      vertex   -3.020533e+01 8.389876e+01 2.572657e+02
      vertex   -2.720533e+01 8.269876e+01 2.572657e+02
      vertex   -2.720533e+01 8.389876e+01 2.572657e+02
    endloop
  endfacet
  facet normal -1.000000e+00 -0.000000e+00 0.000000e+00
    outer loop
      vertex   -3.260323e+01 8.537426e+01 2.652657e+02
      vertex   -3.260323e+01 8.537426e+01 1.742657e+02
      vertex   -3.260323e+01 8.337426e+01 2.652657e+02
    endloop
  endfacet
  facet normal -1.000000e+00 0.000000e+00 -0.000000e+00
    outer loop
      vertex   -3.260323e+01 8.337426e+01 2.652657e+02
      vertex   -3.260323e+01 8.537426e+01 1.742657e+02
      vertex   -3.260323e+01 8.337426e+01 1.742657e+02
    endloop
  endfacet
  facet normal 1.000000e+00 0.000000e+00 -0.000000e+00
    outer loop
      vertex   -3.660323e+01 8.537426e+01 1.742657e+02
      vertex   -3.660323e+01 8.537426e+01 1.794280e+02
      vertex   -3.660323e+01 8.337426e+01 1.742657e+02
    endloop
  endfacet
  facet normal 1.000000e+00 0.000000e+00 0.000000e+00
    outer loop
      vertex   -3.660323e+01 8.337426e+01 1.742657e+02
      vertex   -3.660323e+01 8.537426e+01 1.794280e+02
      vertex   -3.660323e+01 8.337426e+01 1.794280e+02
    endloop
  endfacet
  facet normal 0.000000e+00 0.000000e+00 1.000000e+00
    outer loop
      vertex   -3.660323e+01 8.537426e+01 1.794280e+02
      vertex   -3.960323e+01 8.537426e+01 1.794280e+02
      vertex   -3.660323e+01 8.337426e+01 1.794280e+02
    endloop
  endfacet
  facet normal 0.000000e+00 0.000000e+00 1.000000e+00
    outer loop
      vertex   -3.660323e+01 8.337426e+01 1.794280e+02
      vertex   -3.960323e+01 8.537426e+01 1.794280e+02
      vertex   -3.960323e+01 8.337426e+01 1.794280e+02
    endloop
  endfacet
  facet normal 0.000000e+00 -0.000000e+00 -1.000000e+00
    outer loop
      vertex   -3.960323e+01 8.537426e+01 1.834280e+02
      vertex   -3.660323e+01 8.537426e+01 1.834280e+02
      vertex   -3.960323e+01 8.337426e+01 1.834280e+02
    endloop
  endfacet
  facet normal 0.000000e+00 0.000000e+00 -1.000000e+00
    outer loop
      vertex   -3.960323e+01 8.337426e+01 1.834280e+02
      vertex   -3.660323e+01 8.537426e+01 1.834280e+02
      vertex   -3.660323e+01 8.337426e+01 1.834280e+02
    endloop
  endfacet
  facet normal 3.712290e-14 1.000000e+00 -1.745369e-16
    outer loop
      vertex   -3.660323e+01 8.337426e+01 2.648483e+02
      vertex   -3.621973e+01 8.337426e+01 2.649972e+02
      vertex   -3.660323e+01 8.337426e+01 1.834280e+02
    endloop
  endfacet
  facet normal 0.000000e+00 1.000000e+00 0.000000e+00
    outer loop
      vertex   -3.660323e+01 8.337426e+01 1.834280e+02
      vertex   -3.621973e+01 8.337426e+01 2.649972e+02
      vertex   -3.582528e+01 8.337426e+01 2.651141e+02
    endloop
  endfacet
  facet normal 0.000000e+00 1.000000e+00 0.000000e+00
    outer loop
      vertex   -3.660323e+01 8.337426e+01 1.834280e+02
      vertex   -3.582528e+01 8.337426e+01 2.651141e+02
      vertex   -3.542255e+01 8.337426e+01 2.651981e+02
    endloop
  endfacet
  facet normal -0.000000e+00 1.000000e+00 0.000000e+00
    outer loop
      vertex   -3.542255e+01 8.337426e+01 2.651981e+02
      vertex   -3.501428e+01 8.337426e+01 2.652488e+02
      vertex   -3.660323e+01 8.337426e+01 1.834280e+02
    endloop
  endfacet
  facet normal 6.919909e-14 1.000000e+00 -1.343835e-15
    outer loop
      vertex   -3.660323e+01 8.337426e+01 1.834280e+02
      vertex   -3.501428e+01 8.337426e+01 2.652488e+02
      vertex   -3.460323e+01 8.337426e+01 2.652657e+02
    endloop
  endfacet
  facet normal 7.533253e-16 1.000000e+00 3.288831e-16
    outer loop
      vertex   -3.660323e+01 8.337426e+01 1.834280e+02
      vertex   -3.460323e+01 8.337426e+01 2.652657e+02
      vertex   -3.260323e+01 8.337426e+01 1.742657e+02
    endloop
  endfacet
  facet normal -2.131628e-14 1.000000e+00 -1.561632e-16
    outer loop
      vertex   -3.260323e+01 8.337426e+01 1.742657e+02
      vertex   -3.460323e+01 8.337426e+01 2.652657e+02
      vertex   -3.260323e+01 8.337426e+01 2.652657e+02
    endloop
  endfacet
  facet normal 0.000000e+00 1.000000e+00 -5.505707e-15
    outer loop
      vertex   -3.660323e+01 8.337426e+01 1.742657e+02
      vertex   -3.660323e+01 8.337426e+01 1.794280e+02
      vertex   -3.260323e+01 8.337426e+01 1.742657e+02
    endloop
  endfacet
  facet normal 1.627538e-14 1.000000e+00 7.105427e-15
    outer loop
      vertex   -3.260323e+01 8.337426e+01 1.742657e+02
      vertex   -3.660323e+01 8.337426e+01 1.794280e+02
      vertex   -3.660323e+01 8.337426e+01 1.834280e+02
    endloop
  endfacet
  facet normal 0.000000e+00 1.000000e+00 0.000000e+00
    outer loop
      vertex   -3.960323e+01 8.337426e+01 1.794280e+02
      vertex   -3.960323e+01 8.337426e+01 1.834280e+02
      vertex   -3.660323e+01 8.337426e+01 1.794280e+02
    endloop
  endfacet
  facet normal 9.473903e-15 1.000000e+00 7.105427e-15
    outer loop
      vertex   -3.660323e+01 8.337426e+01 1.794280e+02
      vertex   -3.960323e+01 8.337426e+01 1.834280e+02
      vertex   -3.660323e+01 8.337426e+01 1.834280e+02
    endloop
  endfacet
  facet normal 0.000000e+00 0.000000e+00 1.000000e+00
    outer loop
      vertex   3.089677e+01 8.537426e+01 2.652657e+02
      vertex   -2.720533e+01 8.389876e+01 2.652657e+02
      vertex   3.089677e+01 8.137426e+01 2.652657e+02
    endloop
  endfacet
  facet normal 0.000000e+00 0.000000e+00 1.000000e+00
    outer loop
      vertex   3.089677e+01 8.137426e+01 2.652657e+02
      vertex   -2.720533e+01 8.389876e+01 2.652657e+02
      vertex   -2.720533e+01 8.269876e+01 2.652657e+02
    endloop
  endfacet
  facet normal 0.000000e+00 0.000000e+00 1.000000e+00
    outer loop
      vertex   3.089677e+01 8.137426e+01 2.652657e+02
      vertex   -2.720533e+01 8.269876e+01 2.652657e+02
      vertex   -3.460323e+01 8.137426e+01 2.652657e+02
    endloop
  endfacet
  facet normal 0.000000e+00 0.000000e+00 1.000000e+00
    outer loop
      vertex   -3.460323e+01 8.137426e+01 2.652657e+02
      vertex   -2.720533e+01 8.269876e+01 2.652657e+02
      vertex   -3.020533e+01 8.269876e+01 2.652657e+02
    endloop
  endfacet
  facet normal 0.000000e+00 0.000000e+00 1.000000e+00
    outer loop
      vertex   -3.460323e+01 8.137426e+01 2.652657e+02
      vertex   -3.020533e+01 8.269876e+01 2.652657e+02
      vertex   -3.460323e+01 8.337426e+01 2.652657e+02
    endloop
  endfacet
  facet normal -0.000000e+00 0.000000e+00 1.000000e+00
    outer loop
      vertex   -3.460323e+01 8.337426e+01 2.652657e+02
      vertex   -3.020533e+01 8.269876e+01 2.652657e+02
      vertex   -3.260323e+01 8.337426e+01 2.652657e+02
    endloop
  endfacet
  facet normal -0.000000e+00 0.000000e+00 1.000000e+00
    outer loop
      vertex   -3.260323e+01 8.337426e+01 2.652657e+02
      vertex   -3.020533e+01 8.269876e+01 2.652657e+02
      vertex   -3.020533e+01 8.389876e+01 2.652657e+02
    endloop
  endfacet
  facet normal 0.000000e+00 0.000000e+00 1.000000e+00
    outer loop
      vertex   -3.260323e+01 8.337426e+01 2.652657e+02
      vertex   -3.020533e+01 8.389876e+01 2.652657e+02
      vertex   -3.260323e+01 8.537426e+01 2.652657e+02
    endloop
  endfacet
  facet normal 0.000000e+00 0.000000e+00 1.000000e+00
    outer loop
      vertex   -3.260323e+01 8.537426e+01 2.652657e+02
      vertex   -3.020533e+01 8.389876e+01 2.652657e+02
      vertex   -2.720533e+01 8.389876e+01 2.652657e+02
    endloop
  endfacet
  facet normal 0.000000e+00 0.000000e+00 1.000000e+00
    outer loop
      vertex   -3.260323e+01 8.537426e+01 2.652657e+02
      vertex   -2.720533e+01 8.389876e+01 2.652657e+02
      vertex   3.089677e+01 8.537426e+01 2.652657e+02
    endloop
  endfacet
  facet normal 0.000000e+00 1.000000e+00 -8.258561e-15
    outer loop
      vertex   -3.660323e+01 8.537426e+01 1.742657e+02
      vertex   -3.960323e+01 8.537426e+01 1.742657e+02
      vertex   -3.660323e+01 8.537426e+01 1.794280e+02
    endloop
  endfacet
  facet normal 0.000000e+00 1.000000e+00 -8.258561e-15
    outer loop
      vertex   -3.660323e+01 8.537426e+01 1.794280e+02
      vertex   -3.960323e+01 8.537426e+01 1.742657e+02
      vertex   -3.960323e+01 8.537426e+01 1.794280e+02
    endloop
  endfacet
  facet normal 0.000000e+00 0.000000e+00 -1.000000e+00
    outer loop
      vertex   -3.260323e+01 8.537426e+01 1.742657e+02
      vertex   -2.960323e+01 8.537426e+01 1.742657e+02
      vertex   -3.260323e+01 8.337426e+01 1.742657e+02
    endloop
  endfacet
  facet normal 0.000000e+00 0.000000e+00 -1.000000e+00
    outer loop
      vertex   -3.260323e+01 8.337426e+01 1.742657e+02
      vertex   -2.960323e+01 8.537426e+01 1.742657e+02
      vertex   -2.960323e+01 8.137426e+01 1.742657e+02
    endloop
  endfacet
  facet normal 0.000000e+00 -0.000000e+00 -1.000000e+00
    outer loop
      vertex   -3.260323e+01 8.337426e+01 1.742657e+02
      vertex   -2.960323e+01 8.137426e+01 1.742657e+02
      vertex   -3.273025e+01 8.137426e+01 1.742657e+02
    endloop
  endfacet
  facet normal -0.000000e+00 0.000000e+00 -1.000000e+00
    outer loop
      vertex   -3.273025e+01 8.137426e+01 1.742657e+02
      vertex   -3.313513e+01 8.135372e+01 1.742657e+02
      vertex   -3.260323e+01 8.337426e+01 1.742657e+02
    endloop
  endfacet
  facet normal 0.000000e+00 0.000000e+00 -1.000000e+00
    outer loop
      vertex   -3.260323e+01 8.337426e+01 1.742657e+02
      vertex   -3.313513e+01 8.135372e+01 1.742657e+02
      vertex   -3.353585e+01 8.129230e+01 1.742657e+02
    endloop
  endfacet
  facet normal 0.000000e+00 0.000000e+00 -1.000000e+00
    outer loop
      vertex   -3.260323e+01 8.337426e+01 1.742657e+02
      vertex   -3.353585e+01 8.129230e+01 1.742657e+02
      vertex   -3.392830e+01 8.119063e+01 1.742657e+02
    endloop
  endfacet
  facet normal -0.000000e+00 0.000000e+00 -1.000000e+00
    outer loop
      vertex   -3.260323e+01 8.337426e+01 1.742657e+02
      vertex   -3.392830e+01 8.119063e+01 1.742657e+02
      vertex   -3.660323e+01 8.337426e+01 1.742657e+02
    endloop
  endfacet
  facet normal 0.000000e+00 0.000000e+00 -1.000000e+00
    outer loop
      vertex   -3.660323e+01 8.337426e+01 1.742657e+02
      vertex   -3.392830e+01 8.119063e+01 1.742657e+02
      vertex   -3.430843e+01 8.104977e+01 1.742657e+02
    endloop
  endfacet
  facet normal 0.000000e+00 0.000000e+00 -1.000000e+00
    outer loop
      vertex   -3.660323e+01 8.337426e+01 1.742657e+02
      vertex   -3.430843e+01 8.104977e+01 1.742657e+02
      vertex   -3.467236e+01 8.087114e+01 1.742657e+02
    endloop
  endfacet
  facet normal -0.000000e+00 0.000000e+00 -1.000000e+00
    outer loop
      vertex   -3.467236e+01 8.087114e+01 1.742657e+02
      vertex   -3.501634e+01 8.065660e+01 1.742657e+02
      vertex   -3.660323e+01 8.337426e+01 1.742657e+02
    endloop
  endfacet
  facet normal 0.000000e+00 0.000000e+00 -1.000000e+00
    outer loop
      vertex   -3.660323e+01 8.337426e+01 1.742657e+02
      vertex   -3.501634e+01 8.065660e+01 1.742657e+02
      vertex   -3.533684e+01 8.040835e+01 1.742657e+02
    endloop
  endfacet
  facet normal 0.000000e+00 0.000000e+00 -1.000000e+00
    outer loop
      vertex   -3.660323e+01 8.337426e+01 1.742657e+02
      vertex   -3.533684e+01 8.040835e+01 1.742657e+02
      vertex   -3.563056e+01 8.012893e+01 1.742657e+02
    endloop
  endfacet
  facet normal -0.000000e+00 0.000000e+00 -1.000000e+00
    outer loop
      vertex   -3.563056e+01 8.012893e+01 1.742657e+02
      vertex   -3.589449e+01 7.982121e+01 1.742657e+02
      vertex   -3.660323e+01 8.337426e+01 1.742657e+02
    endloop
  endfacet
  facet normal -1.422022e-14 -2.836551e-15 -1.000000e+00
    outer loop
      vertex   -3.660323e+01 8.337426e+01 1.742657e+02
      vertex   -3.589449e+01 7.982121e+01 1.742657e+02
      vertex   -3.960323e+01 7.837426e+01 1.742657e+02
    endloop
  endfacet
  facet normal -5.413659e-15 -8.120488e-15 -1.000000e+00
    outer loop
      vertex   -3.660323e+01 8.337426e+01 1.742657e+02
      vertex   -3.960323e+01 7.837426e+01 1.742657e+02
      vertex   -3.960323e+01 8.537426e+01 1.742657e+02
    endloop
  endfacet
  facet normal -2.103216e-14 1.462344e-14 -1.000000e+00
    outer loop
      vertex   -3.589449e+01 7.982121e+01 1.742657e+02
      vertex   -3.612592e+01 7.948836e+01 1.742657e+02
      vertex   -3.960323e+01 7.837426e+01 1.742657e+02
    endloop
  endfacet
  facet normal -1.987720e-14 1.101860e-14 -1.000000e+00
    outer loop
      vertex   -3.960323e+01 7.837426e+01 1.742657e+02
      vertex   -3.612592e+01 7.948836e+01 1.742657e+02
      vertex   -3.632247e+01 7.913379e+01 1.742657e+02
    endloop
  endfacet
  facet normal -1.923402e-14 8.240392e-15 -1.000000e+00
    outer loop
      vertex   -3.960323e+01 7.837426e+01 1.742657e+02
      vertex   -3.632247e+01 7.913379e+01 1.742657e+02
      vertex   -3.648212e+01 7.876115e+01 1.742657e+02
    endloop
  endfacet
  facet normal -3.479885e-27 -1.469251e-13 -1.000000e+00
    outer loop
      vertex   -3.648212e+01 7.876115e+01 1.742657e+02
      vertex   -3.660323e+01 7.837426e+01 1.742657e+02
      vertex   -3.960323e+01 7.837426e+01 1.742657e+02
    endloop
  endfacet
  facet normal 0.000000e+00 0.000000e+00 -1.000000e+00
    outer loop
      vertex   -3.960323e+01 8.537426e+01 1.742657e+02
      vertex   -3.660323e+01 8.537426e+01 1.742657e+02
      vertex   -3.660323e+01 8.337426e+01 1.742657e+02
    endloop
  endfacet
  facet normal 0.000000e+00 -1.000000e+00 0.000000e+00
    outer loop
      vertex   3.589677e+01 7.837426e+01 2.306067e+02
      vertex   3.589677e+01 7.837426e+01 2.492657e+02
      vertex   3.289677e+01 7.837426e+01 2.306067e+02
    endloop
  endfacet
  facet normal 0.000000e+00 -1.000000e+00 0.000000e+00
    outer loop
      vertex   3.289677e+01 7.837426e+01 2.306067e+02
      vertex   3.589677e+01 7.837426e+01 2.492657e+02
      vertex   3.289677e+01 7.837426e+01 2.492657e+02
    endloop
  endfacet
  facet normal 0.000000e+00 -1.000000e+00 -9.473903e-16
    outer loop
      vertex   -3.960323e+01 7.837426e+01 2.492657e+02
      vertex   -3.960323e+01 7.837426e+01 1.742657e+02
      vertex   -3.660323e+01 7.837426e+01 2.492657e+02
    endloop
  endfacet
  facet normal -2.368476e-14 -1.000000e+00 -0.000000e+00
    outer loop
      vertex   -3.660323e+01 7.837426e+01 2.492657e+02
      vertex   -3.960323e+01 7.837426e+01 1.742657e+02
      vertex   -3.660323e+01 7.837426e+01 1.742657e+02
    endloop
  endfacet
  facet normal 0.000000e+00 0.000000e+00 -1.000000e+00
    outer loop
      vertex   -1.960323e+01 8.537426e+01 2.492657e+02
      vertex   1.589677e+01 8.537426e+01 2.492657e+02
      vertex   -1.960323e+01 8.137426e+01 2.492657e+02
    endloop
  endfacet
  facet normal 0.000000e+00 0.000000e+00 -1.000000e+00
    outer loop
      vertex   -1.960323e+01 8.137426e+01 2.492657e+02
      vertex   1.589677e+01 8.537426e+01 2.492657e+02
      vertex   1.589677e+01 8.137426e+01 2.492657e+02
    endloop
  endfacet
  facet normal -9.989931e-01 -0.000000e+00 -4.486483e-02
    outer loop
      vertex   -2.743008e+01 8.637426e+01 2.569003e+02
      vertex   -2.743008e+01 8.537426e+01 2.569003e+02
      vertex   -2.745323e+01 8.637426e+01 2.574157e+02
    endloop
  endfacet
  facet normal -9.989931e-01 -0.000000e+00 -4.486483e-02
    outer loop
      vertex   -2.745323e+01 8.637426e+01 2.574157e+02
      vertex   -2.743008e+01 8.537426e+01 2.569003e+02
      vertex   -2.745323e+01 8.537426e+01 2.574157e+02
    endloop
  endfacet
  facet normal -9.989931e-01 0.000000e+00 4.486483e-02
    outer loop
      vertex   -2.745323e+01 8.637426e+01 2.574157e+02
      vertex   -2.745323e+01 8.537426e+01 2.574157e+02
      vertex   -2.743008e+01 8.637426e+01 2.579312e+02
    endloop
  endfacet
  facet normal -9.989931e-01 0.000000e+00 4.486483e-02
    outer loop
      vertex   -2.743008e+01 8.637426e+01 2.579312e+02
      vertex   -2.745323e+01 8.537426e+01 2.574157e+02
      vertex   -2.743008e+01 8.537426e+01 2.579312e+02
    endloop
  endfacet
  facet normal -9.909498e-01 0.000000e+00 1.342333e-01
    outer loop
      vertex   -2.743008e+01 8.637426e+01 2.579312e+02
      vertex   -2.743008e+01 8.537426e+01 2.579312e+02
      vertex   -2.736083e+01 8.637426e+01 2.584424e+02
    endloop
  endfacet
  facet normal -9.909498e-01 0.000000e+00 1.342333e-01
    outer loop
      vertex   -2.736083e+01 8.637426e+01 2.584424e+02
      vertex   -2.743008e+01 8.537426e+01 2.579312e+02
      vertex   -2.736083e+01 8.537426e+01 2.584424e+02
    endloop
  endfacet
  facet normal -9.749279e-01 0.000000e+00 2.225209e-01
    outer loop
      vertex   -2.736083e+01 8.637426e+01 2.584424e+02
      vertex   -2.736083e+01 8.537426e+01 2.584424e+02
      vertex   -2.724602e+01 8.637426e+01 2.589454e+02
    endloop
  endfacet
  facet normal -9.749279e-01 0.000000e+00 2.225209e-01
    outer loop
      vertex   -2.724602e+01 8.637426e+01 2.589454e+02
      vertex   -2.736083e+01 8.537426e+01 2.584424e+02
      vertex   -2.724602e+01 8.537426e+01 2.589454e+02
    endloop
  endfacet
  facet normal -9.510565e-01 0.000000e+00 3.090170e-01
    outer loop
      vertex   -2.724602e+01 8.637426e+01 2.589454e+02
      vertex   -2.724602e+01 8.537426e+01 2.589454e+02
      vertex   -2.708658e+01 8.637426e+01 2.594361e+02
    endloop
  endfacet
  facet normal -9.510565e-01 0.000000e+00 3.090170e-01
    outer loop
      vertex   -2.708658e+01 8.637426e+01 2.594361e+02
      vertex   -2.724602e+01 8.537426e+01 2.589454e+02
      vertex   -2.708658e+01 8.537426e+01 2.594361e+02
    endloop
  endfacet
  facet normal -9.195278e-01 0.000000e+00 3.930250e-01
    outer loop
      vertex   -2.708658e+01 8.637426e+01 2.594361e+02
      vertex   -2.708658e+01 8.537426e+01 2.594361e+02
      vertex   -2.688380e+01 8.637426e+01 2.599106e+02
    endloop
  endfacet
  facet normal -9.195278e-01 0.000000e+00 3.930250e-01
    outer loop
      vertex   -2.688380e+01 8.637426e+01 2.599106e+02
      vertex   -2.708658e+01 8.537426e+01 2.594361e+02
      vertex   -2.688380e+01 8.537426e+01 2.599106e+02
    endloop
  endfacet
  facet normal -8.805955e-01 0.000000e+00 4.738687e-01
    outer loop
      vertex   -2.688380e+01 8.637426e+01 2.599106e+02
      vertex   -2.688380e+01 8.537426e+01 2.599106e+02
      vertex   -2.663931e+01 8.637426e+01 2.603649e+02
    endloop
  endfacet
  facet normal -8.805955e-01 0.000000e+00 4.738687e-01
    outer loop
      vertex   -2.663931e+01 8.637426e+01 2.603649e+02
      vertex   -2.688380e+01 8.537426e+01 2.599106e+02
      vertex   -2.663931e+01 8.537426e+01 2.603649e+02
    endloop
  endfacet
  facet normal -8.345733e-01 0.000000e+00 5.508970e-01
    outer loop
      vertex   -2.663931e+01 8.637426e+01 2.603649e+02
      vertex   -2.663931e+01 8.537426e+01 2.603649e+02
      vertex   -2.635508e+01 8.637426e+01 2.607955e+02
    endloop
  endfacet
  facet normal -8.345733e-01 0.000000e+00 5.508970e-01
    outer loop
      vertex   -2.635508e+01 8.637426e+01 2.607955e+02
      vertex   -2.663931e+01 8.537426e+01 2.603649e+02
      vertex   -2.635508e+01 8.537426e+01 2.607955e+02
    endloop
  endfacet
  facet normal -7.818315e-01 0.000000e+00 6.234898e-01
    outer loop
      vertex   -2.635508e+01 8.637426e+01 2.607955e+02
      vertex   -2.635508e+01 8.537426e+01 2.607955e+02
      vertex   -2.603339e+01 8.637426e+01 2.611989e+02
    endloop
  endfacet
  facet normal -7.818315e-01 0.000000e+00 6.234898e-01
    outer loop
      vertex   -2.603339e+01 8.637426e+01 2.611989e+02
      vertex   -2.635508e+01 8.537426e+01 2.607955e+02
      vertex   -2.603339e+01 8.537426e+01 2.611989e+02
    endloop
  endfacet
  facet normal -7.227949e-01 0.000000e+00 6.910626e-01
    outer loop
      vertex   -2.603339e+01 8.637426e+01 2.611989e+02
      vertex   -2.603339e+01 8.537426e+01 2.611989e+02
      vertex   -2.567684e+01 8.637426e+01 2.615718e+02
    endloop
  endfacet
  facet normal -7.227949e-01 0.000000e+00 6.910626e-01
    outer loop
      vertex   -2.567684e+01 8.637426e+01 2.615718e+02
      vertex   -2.603339e+01 8.537426e+01 2.611989e+02
      vertex   -2.567684e+01 8.537426e+01 2.615718e+02
    endloop
  endfacet
  facet normal -6.579387e-01 0.000000e+00 7.530715e-01
    outer loop
      vertex   -2.567684e+01 8.637426e+01 2.615718e+02
      vertex   -2.567684e+01 8.537426e+01 2.615718e+02
      vertex   -2.528830e+01 8.637426e+01 2.619113e+02
    endloop
  endfacet
  facet normal -6.579387e-01 0.000000e+00 7.530715e-01
    outer loop
      vertex   -2.528830e+01 8.637426e+01 2.619113e+02
      vertex   -2.567684e+01 8.537426e+01 2.615718e+02
      vertex   -2.528830e+01 8.537426e+01 2.619113e+02
    endloop
  endfacet
  facet normal -5.877853e-01 0.000000e+00 8.090170e-01
    outer loop
      vertex   -2.528830e+01 8.637426e+01 2.619113e+02
      vertex   -2.528830e+01 8.537426e+01 2.619113e+02
      vertex   -2.487089e+01 8.637426e+01 2.622145e+02
    endloop
  endfacet
  facet normal -5.877853e-01 0.000000e+00 8.090170e-01
    outer loop
      vertex   -2.487089e+01 8.637426e+01 2.622145e+02
      vertex   -2.528830e+01 8.537426e+01 2.619113e+02
      vertex   -2.487089e+01 8.537426e+01 2.622145e+02
    endloop
  endfacet
  facet normal -5.128993e-01 0.000000e+00 8.584488e-01
    outer loop
      vertex   -2.487089e+01 8.637426e+01 2.622145e+02
      vertex   -2.487089e+01 8.537426e+01 2.622145e+02
      vertex   -2.442798e+01 8.637426e+01 2.624792e+02
    endloop
  endfacet
  facet normal -5.128993e-01 0.000000e+00 8.584488e-01
    outer loop
      vertex   -2.442798e+01 8.637426e+01 2.624792e+02
      vertex   -2.487089e+01 8.537426e+01 2.622145e+02
      vertex   -2.442798e+01 8.537426e+01 2.624792e+02
    endloop
  endfacet
  facet normal -4.338837e-01 0.000000e+00 9.009689e-01
    outer loop
      vertex   -2.442798e+01 8.637426e+01 2.624792e+02
      vertex   -2.442798e+01 8.537426e+01 2.624792e+02
      vertex   -2.396313e+01 8.637426e+01 2.627030e+02
    endloop
  endfacet
  facet normal -4.338837e-01 0.000000e+00 9.009689e-01
    outer loop
      vertex   -2.396313e+01 8.637426e+01 2.627030e+02
      vertex   -2.442798e+01 8.537426e+01 2.624792e+02
      vertex   -2.396313e+01 8.537426e+01 2.627030e+02
    endloop
  endfacet
  facet normal -3.513748e-01 0.000000e+00 9.362349e-01
    outer loop
      vertex   -2.396313e+01 8.637426e+01 2.627030e+02
      vertex   -2.396313e+01 8.537426e+01 2.627030e+02
      vertex   -2.348008e+01 8.637426e+01 2.628843e+02
    endloop
  endfacet
  facet normal -3.513748e-01 0.000000e+00 9.362349e-01
    outer loop
      vertex   -2.348008e+01 8.637426e+01 2.628843e+02
      vertex   -2.396313e+01 8.537426e+01 2.627030e+02
      vertex   -2.348008e+01 8.537426e+01 2.628843e+02
    endloop
  endfacet
  facet normal -2.660368e-01 0.000000e+00 9.639629e-01
    outer loop
      vertex   -2.348008e+01 8.637426e+01 2.628843e+02
      vertex   -2.348008e+01 8.537426e+01 2.628843e+02
      vertex   -2.298273e+01 8.637426e+01 2.630216e+02
    endloop
  endfacet
  facet normal -2.660368e-01 0.000000e+00 9.639629e-01
    outer loop
      vertex   -2.298273e+01 8.637426e+01 2.630216e+02
      vertex   -2.348008e+01 8.537426e+01 2.628843e+02
      vertex   -2.298273e+01 8.537426e+01 2.630216e+02
    endloop
  endfacet
  facet normal -1.785569e-01 0.000000e+00 9.839296e-01
    outer loop
      vertex   -2.298273e+01 8.637426e+01 2.630216e+02
      vertex   -2.298273e+01 8.537426e+01 2.630216e+02
      vertex   -2.247507e+01 8.637426e+01 2.631137e+02
    endloop
  endfacet
  facet normal -1.785569e-01 0.000000e+00 9.839296e-01
    outer loop
      vertex   -2.247507e+01 8.637426e+01 2.631137e+02
      vertex   -2.298273e+01 8.537426e+01 2.630216e+02
      vertex   -2.247507e+01 8.537426e+01 2.631137e+02
    endloop
  endfacet
  facet normal -8.963931e-02 0.000000e+00 9.959743e-01
    outer loop
      vertex   -2.247507e+01 8.637426e+01 2.631137e+02
      vertex   -2.247507e+01 8.537426e+01 2.631137e+02
      vertex   -2.196121e+01 8.637426e+01 2.631599e+02
    endloop
  endfacet
  facet normal -8.963931e-02 0.000000e+00 9.959743e-01
    outer loop
      vertex   -2.196121e+01 8.637426e+01 2.631599e+02
      vertex   -2.247507e+01 8.537426e+01 2.631137e+02
      vertex   -2.196121e+01 8.537426e+01 2.631599e+02
    endloop
  endfacet
  facet normal -0.000000e+00 0.000000e+00 1.000000e+00
    outer loop
      vertex   -2.196121e+01 8.637426e+01 2.631599e+02
      vertex   -2.196121e+01 8.537426e+01 2.631599e+02
      vertex   -2.144526e+01 8.637426e+01 2.631599e+02
    endloop
  endfacet
  facet normal 0.000000e+00 0.000000e+00 1.000000e+00
    outer loop
      vertex   -2.144526e+01 8.637426e+01 2.631599e+02
      vertex   -2.196121e+01 8.537426e+01 2.631599e+02
      vertex   -2.144526e+01 8.537426e+01 2.631599e+02
    endloop
  endfacet
  facet normal 8.963931e-02 0.000000e+00 9.959743e-01
    outer loop
      vertex   -2.144526e+01 8.637426e+01 2.631599e+02
      vertex   -2.144526e+01 8.537426e+01 2.631599e+02
      vertex   -2.093139e+01 8.637426e+01 2.631137e+02
    endloop
  endfacet
  facet normal 8.963931e-02 0.000000e+00 9.959743e-01
    outer loop
      vertex   -2.093139e+01 8.637426e+01 2.631137e+02
      vertex   -2.144526e+01 8.537426e+01 2.631599e+02
      vertex   -2.093139e+01 8.537426e+01 2.631137e+02
    endloop
  endfacet
  facet normal 1.785569e-01 0.000000e+00 9.839296e-01
    outer loop
      vertex   -2.093139e+01 8.637426e+01 2.631137e+02
      vertex   -2.093139e+01 8.537426e+01 2.631137e+02
      vertex   -2.042374e+01 8.637426e+01 2.630216e+02
    endloop
  endfacet
  facet normal 1.785569e-01 0.000000e+00 9.839296e-01
    outer loop
      vertex   -2.042374e+01 8.637426e+01 2.630216e+02
      vertex   -2.093139e+01 8.537426e+01 2.631137e+02
      vertex   -2.042374e+01 8.537426e+01 2.630216e+02
    endloop
  endfacet
  facet normal 2.660368e-01 0.000000e+00 9.639629e-01
    outer loop
      vertex   -2.042374e+01 8.637426e+01 2.630216e+02
      vertex   -2.042374e+01 8.537426e+01 2.630216e+02
      vertex   -1.992638e+01 8.637426e+01 2.628843e+02
    endloop
  endfacet
  facet normal 2.660368e-01 0.000000e+00 9.639629e-01
    outer loop
      vertex   -1.992638e+01 8.637426e+01 2.628843e+02
      vertex   -2.042374e+01 8.537426e+01 2.630216e+02
      vertex   -1.992638e+01 8.537426e+01 2.628843e+02
    endloop
  endfacet
  facet normal 3.513748e-01 0.000000e+00 9.362349e-01
    outer loop
      vertex   -1.992638e+01 8.637426e+01 2.628843e+02
      vertex   -1.992638e+01 8.537426e+01 2.628843e+02
      vertex   -1.944334e+01 8.637426e+01 2.627030e+02
    endloop
  endfacet
  facet normal 3.513748e-01 0.000000e+00 9.362349e-01
    outer loop
      vertex   -1.944334e+01 8.637426e+01 2.627030e+02
      vertex   -1.992638e+01 8.537426e+01 2.628843e+02
      vertex   -1.944334e+01 8.537426e+01 2.627030e+02
    endloop
  endfacet
  facet normal 4.338837e-01 0.000000e+00 9.009689e-01
    outer loop
      vertex   -1.944334e+01 8.637426e+01 2.627030e+02
      vertex   -1.944334e+01 8.537426e+01 2.627030e+02
      vertex   -1.897849e+01 8.637426e+01 2.624792e+02
    endloop
  endfacet
  facet normal 4.338837e-01 0.000000e+00 9.009689e-01
    outer loop
      vertex   -1.897849e+01 8.637426e+01 2.624792e+02
      vertex   -1.944334e+01 8.537426e+01 2.627030e+02
      vertex   -1.897849e+01 8.537426e+01 2.624792e+02
    endloop
  endfacet
  facet normal 5.128993e-01 0.000000e+00 8.584488e-01
    outer loop
      vertex   -1.897849e+01 8.637426e+01 2.624792e+02
      vertex   -1.897849e+01 8.537426e+01 2.624792e+02
      vertex   -1.853557e+01 8.637426e+01 2.622145e+02
    endloop
  endfacet
  facet normal 5.128993e-01 0.000000e+00 8.584488e-01
    outer loop
      vertex   -1.853557e+01 8.637426e+01 2.622145e+02
      vertex   -1.897849e+01 8.537426e+01 2.624792e+02
      vertex   -1.853557e+01 8.537426e+01 2.622145e+02
    endloop
  endfacet
  facet normal 5.877853e-01 0.000000e+00 8.090170e-01
    outer loop
      vertex   -1.853557e+01 8.637426e+01 2.622145e+02
      vertex   -1.853557e+01 8.537426e+01 2.622145e+02
      vertex   -1.811817e+01 8.637426e+01 2.619113e+02
    endloop
  endfacet
  facet normal 5.877853e-01 0.000000e+00 8.090170e-01
    outer loop
      vertex   -1.811817e+01 8.637426e+01 2.619113e+02
      vertex   -1.853557e+01 8.537426e+01 2.622145e+02
      vertex   -1.811817e+01 8.537426e+01 2.619113e+02
    endloop
  endfacet
  facet normal 6.579387e-01 0.000000e+00 7.530715e-01
    outer loop
      vertex   -1.811817e+01 8.637426e+01 2.619113e+02
      vertex   -1.811817e+01 8.537426e+01 2.619113e+02
      vertex   -1.772962e+01 8.637426e+01 2.615718e+02
    endloop
  endfacet
  facet normal 6.579387e-01 0.000000e+00 7.530715e-01
    outer loop
      vertex   -1.772962e+01 8.637426e+01 2.615718e+02
      vertex   -1.811817e+01 8.537426e+01 2.619113e+02
      vertex   -1.772962e+01 8.537426e+01 2.615718e+02
    endloop
  endfacet
  facet normal 7.227949e-01 0.000000e+00 6.910626e-01
    outer loop
      vertex   -1.772962e+01 8.637426e+01 2.615718e+02
      vertex   -1.772962e+01 8.537426e+01 2.615718e+02
      vertex   -1.737307e+01 8.637426e+01 2.611989e+02
    endloop
  endfacet
  facet normal 7.227949e-01 0.000000e+00 6.910626e-01
    outer loop
      vertex   -1.737307e+01 8.637426e+01 2.611989e+02
      vertex   -1.772962e+01 8.537426e+01 2.615718e+02
      vertex   -1.737307e+01 8.537426e+01 2.611989e+02
    endloop
  endfacet
  facet normal 7.818315e-01 0.000000e+00 6.234898e-01
    outer loop
      vertex   -1.737307e+01 8.637426e+01 2.611989e+02
      vertex   -1.737307e+01 8.537426e+01 2.611989e+02
      vertex   -1.705138e+01 8.637426e+01 2.607955e+02
    endloop
  endfacet
  facet normal 7.818315e-01 0.000000e+00 6.234898e-01
    outer loop
      vertex   -1.705138e+01 8.637426e+01 2.607955e+02
      vertex   -1.737307e+01 8.537426e+01 2.611989e+02
      vertex   -1.705138e+01 8.537426e+01 2.607955e+02
    endloop
  endfacet
  facet normal 8.345733e-01 0.000000e+00 5.508970e-01
    outer loop
      vertex   -1.705138e+01 8.637426e+01 2.607955e+02
      vertex   -1.705138e+01 8.537426e+01 2.607955e+02
      vertex   -1.676715e+01 8.637426e+01 2.603649e+02
    endloop
  endfacet
  facet normal 8.345733e-01 0.000000e+00 5.508970e-01
    outer loop
      vertex   -1.676715e+01 8.637426e+01 2.603649e+02
      vertex   -1.705138e+01 8.537426e+01 2.607955e+02
      vertex   -1.676715e+01 8.537426e+01 2.603649e+02
    endloop
  endfacet
  facet normal 8.805955e-01 0.000000e+00 4.738687e-01
    outer loop
      vertex   -1.676715e+01 8.637426e+01 2.603649e+02
      vertex   -1.676715e+01 8.537426e+01 2.603649e+02
      vertex   -1.652266e+01 8.637426e+01 2.599106e+02
    endloop
  endfacet
  facet normal 8.805955e-01 0.000000e+00 4.738687e-01
    outer loop
      vertex   -1.652266e+01 8.637426e+01 2.599106e+02
      vertex   -1.676715e+01 8.537426e+01 2.603649e+02
      vertex   -1.652266e+01 8.537426e+01 2.599106e+02
    endloop
  endfacet
  facet normal 9.195278e-01 0.000000e+00 3.930250e-01
    outer loop
      vertex   -1.652266e+01 8.637426e+01 2.599106e+02
      vertex   -1.652266e+01 8.537426e+01 2.599106e+02
      vertex   -1.631988e+01 8.637426e+01 2.594361e+02
    endloop
  endfacet
  facet normal 9.195278e-01 0.000000e+00 3.930250e-01
    outer loop
      vertex   -1.631988e+01 8.637426e+01 2.594361e+02
      vertex   -1.652266e+01 8.537426e+01 2.599106e+02
      vertex   -1.631988e+01 8.537426e+01 2.594361e+02
    endloop
  endfacet
  facet normal 9.510565e-01 0.000000e+00 3.090170e-01
    outer loop
      vertex   -1.631988e+01 8.637426e+01 2.594361e+02
      vertex   -1.631988e+01 8.537426e+01 2.594361e+02
      vertex   -1.616045e+01 8.637426e+01 2.589454e+02
    endloop
  endfacet
  facet normal 9.510565e-01 0.000000e+00 3.090170e-01
    outer loop
      vertex   -1.616045e+01 8.637426e+01 2.589454e+02
      vertex   -1.631988e+01 8.537426e+01 2.594361e+02
      vertex   -1.616045e+01 8.537426e+01 2.589454e+02
    endloop
  endfacet
  facet normal 9.749279e-01 0.000000e+00 2.225209e-01
    outer loop
      vertex   -1.616045e+01 8.637426e+01 2.589454e+02
      vertex   -1.616045e+01 8.537426e+01 2.589454e+02
      vertex   -1.604564e+01 8.637426e+01 2.584424e+02
    endloop
  endfacet
  facet normal 9.749279e-01 0.000000e+00 2.225209e-01
    outer loop
      vertex   -1.604564e+01 8.637426e+01 2.584424e+02
      vertex   -1.616045e+01 8.537426e+01 2.589454e+02
      vertex   -1.604564e+01 8.537426e+01 2.584424e+02
    endloop
  endfacet
  facet normal 9.909498e-01 0.000000e+00 1.342333e-01
    outer loop
      vertex   -1.604564e+01 8.637426e+01 2.584424e+02
      vertex   -1.604564e+01 8.537426e+01 2.584424e+02
      vertex   -1.597638e+01 8.637426e+01 2.579312e+02
    endloop
  endfacet
  facet normal 9.909498e-01 0.000000e+00 1.342333e-01
    outer loop
      vertex   -1.597638e+01 8.637426e+01 2.579312e+02
      vertex   -1.604564e+01 8.537426e+01 2.584424e+02
      vertex   -1.597638e+01 8.537426e+01 2.579312e+02
    endloop
  endfacet
  facet normal 9.989931e-01 0.000000e+00 4.486483e-02
    outer loop
      vertex   -1.597638e+01 8.637426e+01 2.579312e+02
      vertex   -1.597638e+01 8.537426e+01 2.579312e+02
      vertex   -1.595323e+01 8.637426e+01 2.574157e+02
    endloop
  endfacet
  facet normal 9.989931e-01 0.000000e+00 4.486483e-02
    outer loop
      vertex   -1.595323e+01 8.637426e+01 2.574157e+02
      vertex   -1.597638e+01 8.537426e+01 2.579312e+02
      vertex   -1.595323e+01 8.537426e+01 2.574157e+02
    endloop
  endfacet
  facet normal 9.989931e-01 0.000000e+00 -4.486483e-02
    outer loop
      vertex   -1.595323e+01 8.637426e+01 2.574157e+02
      vertex   -1.595323e+01 8.537426e+01 2.574157e+02
      vertex   -1.597638e+01 8.637426e+01 2.569003e+02
    endloop
  endfacet
  facet normal 9.989931e-01 0.000000e+00 -4.486483e-02
    outer loop
      vertex   -1.597638e+01 8.637426e+01 2.569003e+02
      vertex   -1.595323e+01 8.537426e+01 2.574157e+02
      vertex   -1.597638e+01 8.537426e+01 2.569003e+02
    endloop
  endfacet
  facet normal 9.909498e-01 0.000000e+00 -1.342333e-01
    outer loop
      vertex   -1.597638e+01 8.637426e+01 2.569003e+02
      vertex   -1.597638e+01 8.537426e+01 2.569003e+02
      vertex   -1.604564e+01 8.637426e+01 2.563890e+02
    endloop
  endfacet
  facet normal 9.909498e-01 0.000000e+00 -1.342333e-01
    outer loop
      vertex   -1.604564e+01 8.637426e+01 2.563890e+02
      vertex   -1.597638e+01 8.537426e+01 2.569003e+02
      vertex   -1.604564e+01 8.537426e+01 2.563890e+02
    endloop
  endfacet
  facet normal 9.749279e-01 0.000000e+00 -2.225209e-01
    outer loop
      vertex   -1.604564e+01 8.637426e+01 2.563890e+02
      vertex   -1.604564e+01 8.537426e+01 2.563890e+02
      vertex   -1.616045e+01 8.637426e+01 2.558860e+02
    endloop
  endfacet
  facet normal 9.749279e-01 0.000000e+00 -2.225209e-01
    outer loop
      vertex   -1.616045e+01 8.637426e+01 2.558860e+02
      vertex   -1.604564e+01 8.537426e+01 2.563890e+02
      vertex   -1.616045e+01 8.537426e+01 2.558860e+02
    endloop
  endfacet
  facet normal 9.510565e-01 0.000000e+00 -3.090170e-01
    outer loop
      vertex   -1.616045e+01 8.637426e+01 2.558860e+02
      vertex   -1.616045e+01 8.537426e+01 2.558860e+02
      vertex   -1.631988e+01 8.637426e+01 2.553953e+02
    endloop
  endfacet
  facet normal 9.510565e-01 0.000000e+00 -3.090170e-01
    outer loop
      vertex   -1.631988e+01 8.637426e+01 2.553953e+02
      vertex   -1.616045e+01 8.537426e+01 2.558860e+02
      vertex   -1.631988e+01 8.537426e+01 2.553953e+02
    endloop
  endfacet
  facet normal 9.195278e-01 0.000000e+00 -3.930250e-01
    outer loop
      vertex   -1.631988e+01 8.637426e+01 2.553953e+02
      vertex   -1.631988e+01 8.537426e+01 2.553953e+02
      vertex   -1.652266e+01 8.637426e+01 2.549209e+02
    endloop
  endfacet
  facet normal 9.195278e-01 0.000000e+00 -3.930250e-01
    outer loop
      vertex   -1.652266e+01 8.637426e+01 2.549209e+02
      vertex   -1.631988e+01 8.537426e+01 2.553953e+02
      vertex   -1.652266e+01 8.537426e+01 2.549209e+02
    endloop
  endfacet
  facet normal 8.805955e-01 0.000000e+00 -4.738687e-01
    outer loop
      vertex   -1.652266e+01 8.637426e+01 2.549209e+02
      vertex   -1.652266e+01 8.537426e+01 2.549209e+02
      vertex   -1.676715e+01 8.637426e+01 2.544666e+02
    endloop
  endfacet
  facet normal 8.805955e-01 0.000000e+00 -4.738687e-01
    outer loop
      vertex   -1.676715e+01 8.637426e+01 2.544666e+02
      vertex   -1.652266e+01 8.537426e+01 2.549209e+02
      vertex   -1.676715e+01 8.537426e+01 2.544666e+02
    endloop
  endfacet
  facet normal 8.345733e-01 0.000000e+00 -5.508970e-01
    outer loop
      vertex   -1.676715e+01 8.637426e+01 2.544666e+02
      vertex   -1.676715e+01 8.537426e+01 2.544666e+02
      vertex   -1.705138e+01 8.637426e+01 2.540360e+02
    endloop
  endfacet
  facet normal 8.345733e-01 0.000000e+00 -5.508970e-01
    outer loop
      vertex   -1.705138e+01 8.637426e+01 2.540360e+02
      vertex   -1.676715e+01 8.537426e+01 2.544666e+02
      vertex   -1.705138e+01 8.537426e+01 2.540360e+02
    endloop
  endfacet
  facet normal 7.818315e-01 0.000000e+00 -6.234898e-01
    outer loop
      vertex   -1.705138e+01 8.637426e+01 2.540360e+02
      vertex   -1.705138e+01 8.537426e+01 2.540360e+02
      vertex   -1.737307e+01 8.637426e+01 2.536326e+02
    endloop
  endfacet
  facet normal 7.818315e-01 0.000000e+00 -6.234898e-01
    outer loop
      vertex   -1.737307e+01 8.637426e+01 2.536326e+02
      vertex   -1.705138e+01 8.537426e+01 2.540360e+02
      vertex   -1.737307e+01 8.537426e+01 2.536326e+02
    endloop
  endfacet
  facet normal 7.227949e-01 0.000000e+00 -6.910626e-01
    outer loop
      vertex   -1.737307e+01 8.637426e+01 2.536326e+02
      vertex   -1.737307e+01 8.537426e+01 2.536326e+02
      vertex   -1.772962e+01 8.637426e+01 2.532597e+02
    endloop
  endfacet
  facet normal 7.227949e-01 0.000000e+00 -6.910626e-01
    outer loop
      vertex   -1.772962e+01 8.637426e+01 2.532597e+02
      vertex   -1.737307e+01 8.537426e+01 2.536326e+02
      vertex   -1.772962e+01 8.537426e+01 2.532597e+02
    endloop
  endfacet
  facet normal 6.579387e-01 0.000000e+00 -7.530715e-01
    outer loop
      vertex   -1.772962e+01 8.637426e+01 2.532597e+02
      vertex   -1.772962e+01 8.537426e+01 2.532597e+02
      vertex   -1.811817e+01 8.637426e+01 2.529202e+02
    endloop
  endfacet
  facet normal 6.579387e-01 0.000000e+00 -7.530715e-01
    outer loop
      vertex   -1.811817e+01 8.637426e+01 2.529202e+02
      vertex   -1.772962e+01 8.537426e+01 2.532597e+02
      vertex   -1.811817e+01 8.537426e+01 2.529202e+02
    endloop
  endfacet
  facet normal 5.877853e-01 0.000000e+00 -8.090170e-01
    outer loop
      vertex   -1.811817e+01 8.637426e+01 2.529202e+02
      vertex   -1.811817e+01 8.537426e+01 2.529202e+02
      vertex   -1.853557e+01 8.637426e+01 2.526169e+02
    endloop
  endfacet
  facet normal 5.877853e-01 0.000000e+00 -8.090170e-01
    outer loop
      vertex   -1.853557e+01 8.637426e+01 2.526169e+02
      vertex   -1.811817e+01 8.537426e+01 2.529202e+02
      vertex   -1.853557e+01 8.537426e+01 2.526169e+02
    endloop
  endfacet
  facet normal 5.128993e-01 0.000000e+00 -8.584488e-01
    outer loop
      vertex   -1.853557e+01 8.637426e+01 2.526169e+02
      vertex   -1.853557e+01 8.537426e+01 2.526169e+02
      vertex   -1.897849e+01 8.637426e+01 2.523523e+02
    endloop
  endfacet
  facet normal 5.128993e-01 0.000000e+00 -8.584488e-01
    outer loop
      vertex   -1.897849e+01 8.637426e+01 2.523523e+02
      vertex   -1.853557e+01 8.537426e+01 2.526169e+02
      vertex   -1.897849e+01 8.537426e+01 2.523523e+02
    endloop
  endfacet
  facet normal 4.338837e-01 0.000000e+00 -9.009689e-01
    outer loop
      vertex   -1.897849e+01 8.637426e+01 2.523523e+02
      vertex   -1.897849e+01 8.537426e+01 2.523523e+02
      vertex   -1.944334e+01 8.637426e+01 2.521284e+02
    endloop
  endfacet
  facet normal 4.338837e-01 0.000000e+00 -9.009689e-01
    outer loop
      vertex   -1.944334e+01 8.637426e+01 2.521284e+02
      vertex   -1.897849e+01 8.537426e+01 2.523523e+02
      vertex   -1.944334e+01 8.537426e+01 2.521284e+02
    endloop
  endfacet
  facet normal 3.513748e-01 0.000000e+00 -9.362349e-01
    outer loop
      vertex   -1.944334e+01 8.637426e+01 2.521284e+02
      vertex   -1.944334e+01 8.537426e+01 2.521284e+02
      vertex   -1.992638e+01 8.637426e+01 2.519472e+02
    endloop
  endfacet
  facet normal 3.513748e-01 0.000000e+00 -9.362349e-01
    outer loop
      vertex   -1.992638e+01 8.637426e+01 2.519472e+02
      vertex   -1.944334e+01 8.537426e+01 2.521284e+02
      vertex   -1.992638e+01 8.537426e+01 2.519472e+02
    endloop
  endfacet
  facet normal 2.660368e-01 0.000000e+00 -9.639629e-01
    outer loop
      vertex   -1.992638e+01 8.637426e+01 2.519472e+02
      vertex   -1.992638e+01 8.537426e+01 2.519472e+02
      vertex   -2.042374e+01 8.637426e+01 2.518099e+02
    endloop
  endfacet
  facet normal 2.660368e-01 0.000000e+00 -9.639629e-01
    outer loop
      vertex   -2.042374e+01 8.637426e+01 2.518099e+02
      vertex   -1.992638e+01 8.537426e+01 2.519472e+02
      vertex   -2.042374e+01 8.537426e+01 2.518099e+02
    endloop
  endfacet
  facet normal 1.785569e-01 0.000000e+00 -9.839296e-01
    outer loop
      vertex   -2.042374e+01 8.637426e+01 2.518099e+02
      vertex   -2.042374e+01 8.537426e+01 2.518099e+02
      vertex   -2.093139e+01 8.637426e+01 2.517178e+02
    endloop
  endfacet
  facet normal 1.785569e-01 0.000000e+00 -9.839296e-01
    outer loop
      vertex   -2.093139e+01 8.637426e+01 2.517178e+02
      vertex   -2.042374e+01 8.537426e+01 2.518099e+02
      vertex   -2.093139e+01 8.537426e+01 2.517178e+02
    endloop
  endfacet
  facet normal 8.963931e-02 0.000000e+00 -9.959743e-01
    outer loop
      vertex   -2.093139e+01 8.637426e+01 2.517178e+02
      vertex   -2.093139e+01 8.537426e+01 2.517178e+02
      vertex   -2.144526e+01 8.637426e+01 2.516715e+02
    endloop
  endfacet
  facet normal 8.963931e-02 0.000000e+00 -9.959743e-01
    outer loop
      vertex   -2.144526e+01 8.637426e+01 2.516715e+02
      vertex   -2.093139e+01 8.537426e+01 2.517178e+02
      vertex   -2.144526e+01 8.537426e+01 2.516715e+02
    endloop
  endfacet
  facet normal -0.000000e+00 -0.000000e+00 -1.000000e+00
    outer loop
      vertex   -2.144526e+01 8.637426e+01 2.516715e+02
      vertex   -2.144526e+01 8.537426e+01 2.516715e+02
      vertex   -2.196121e+01 8.637426e+01 2.516715e+02
    endloop
  endfacet
  facet normal 0.000000e+00 0.000000e+00 -1.000000e+00
    outer loop
      vertex   -2.196121e+01 8.637426e+01 2.516715e+02
      vertex   -2.144526e+01 8.537426e+01 2.516715e+02
      vertex   -2.196121e+01 8.537426e+01 2.516715e+02
    endloop
  endfacet
  facet normal -8.963931e-02 -0.000000e+00 -9.959743e-01
    outer loop
      vertex   -2.196121e+01 8.637426e+01 2.516715e+02
      vertex   -2.196121e+01 8.537426e+01 2.516715e+02
      vertex   -2.247507e+01 8.637426e+01 2.517178e+02
    endloop
  endfacet
  facet normal -8.963931e-02 -0.000000e+00 -9.959743e-01
    outer loop
      vertex   -2.247507e+01 8.637426e+01 2.517178e+02
      vertex   -2.196121e+01 8.537426e+01 2.516715e+02
      vertex   -2.247507e+01 8.537426e+01 2.517178e+02
    endloop
  endfacet
  facet normal -1.785569e-01 -0.000000e+00 -9.839296e-01
    outer loop
      vertex   -2.247507e+01 8.637426e+01 2.517178e+02
      vertex   -2.247507e+01 8.537426e+01 2.517178e+02
      vertex   -2.298273e+01 8.637426e+01 2.518099e+02
    endloop
  endfacet
  facet normal -1.785569e-01 -0.000000e+00 -9.839296e-01
    outer loop
      vertex   -2.298273e+01 8.637426e+01 2.518099e+02
      vertex   -2.247507e+01 8.537426e+01 2.517178e+02
      vertex   -2.298273e+01 8.537426e+01 2.518099e+02
    endloop
  endfacet
  facet normal -2.660368e-01 -0.000000e+00 -9.639629e-01
    outer loop
      vertex   -2.298273e+01 8.637426e+01 2.518099e+02
      vertex   -2.298273e+01 8.537426e+01 2.518099e+02
      vertex   -2.348008e+01 8.637426e+01 2.519472e+02
    endloop
  endfacet
  facet normal -2.660368e-01 -0.000000e+00 -9.639629e-01
    outer loop
      vertex   -2.348008e+01 8.637426e+01 2.519472e+02
      vertex   -2.298273e+01 8.537426e+01 2.518099e+02
      vertex   -2.348008e+01 8.537426e+01 2.519472e+02
    endloop
  endfacet
  facet normal -3.513748e-01 -0.000000e+00 -9.362349e-01
    outer loop
      vertex   -2.348008e+01 8.637426e+01 2.519472e+02
      vertex   -2.348008e+01 8.537426e+01 2.519472e+02
      vertex   -2.396313e+01 8.637426e+01 2.521284e+02
    endloop
  endfacet
  facet normal -3.513748e-01 -0.000000e+00 -9.362349e-01
    outer loop
      vertex   -2.396313e+01 8.637426e+01 2.521284e+02
      vertex   -2.348008e+01 8.537426e+01 2.519472e+02
      vertex   -2.396313e+01 8.537426e+01 2.521284e+02
    endloop
  endfacet
  facet normal -4.338837e-01 -0.000000e+00 -9.009689e-01
    outer loop
      vertex   -2.396313e+01 8.637426e+01 2.521284e+02
      vertex   -2.396313e+01 8.537426e+01 2.521284e+02
      vertex   -2.442798e+01 8.637426e+01 2.523523e+02
    endloop
  endfacet
  facet normal -4.338837e-01 -0.000000e+00 -9.009689e-01
    outer loop
      vertex   -2.442798e+01 8.637426e+01 2.523523e+02
      vertex   -2.396313e+01 8.537426e+01 2.521284e+02
      vertex   -2.442798e+01 8.537426e+01 2.523523e+02
    endloop
  endfacet
  facet normal -5.128993e-01 -0.000000e+00 -8.584488e-01
    outer loop
      vertex   -2.442798e+01 8.637426e+01 2.523523e+02
      vertex   -2.442798e+01 8.537426e+01 2.523523e+02
      vertex   -2.487089e+01 8.637426e+01 2.526169e+02
    endloop
  endfacet
  facet normal -5.128993e-01 -0.000000e+00 -8.584488e-01
    outer loop
      vertex   -2.487089e+01 8.637426e+01 2.526169e+02
      vertex   -2.442798e+01 8.537426e+01 2.523523e+02
      vertex   -2.487089e+01 8.537426e+01 2.526169e+02
    endloop
  endfacet
  facet normal -5.877853e-01 -0.000000e+00 -8.090170e-01
    outer loop
      vertex   -2.487089e+01 8.637426e+01 2.526169e+02
      vertex   -2.487089e+01 8.537426e+01 2.526169e+02
      vertex   -2.528830e+01 8.637426e+01 2.529202e+02
    endloop
  endfacet
  facet normal -5.877853e-01 -0.000000e+00 -8.090170e-01
    outer loop
      vertex   -2.528830e+01 8.637426e+01 2.529202e+02
      vertex   -2.487089e+01 8.537426e+01 2.526169e+02
      vertex   -2.528830e+01 8.537426e+01 2.529202e+02
    endloop
  endfacet
  facet normal -6.579387e-01 -0.000000e+00 -7.530715e-01
    outer loop
      vertex   -2.528830e+01 8.637426e+01 2.529202e+02
      vertex   -2.528830e+01 8.537426e+01 2.529202e+02
      vertex   -2.567684e+01 8.637426e+01 2.532597e+02
    endloop
  endfacet
  facet normal -6.579387e-01 -0.000000e+00 -7.530715e-01
    outer loop
      vertex   -2.567684e+01 8.637426e+01 2.532597e+02
      vertex   -2.528830e+01 8.537426e+01 2.529202e+02
      vertex   -2.567684e+01 8.537426e+01 2.532597e+02
    endloop
  endfacet
  facet normal -7.227949e-01 -0.000000e+00 -6.910626e-01
    outer loop
      vertex   -2.567684e+01 8.637426e+01 2.532597e+02
      vertex   -2.567684e+01 8.537426e+01 2.532597e+02
      vertex   -2.603339e+01 8.637426e+01 2.536326e+02
    endloop
  endfacet
  facet normal -7.227949e-01 -0.000000e+00 -6.910626e-01
    outer loop
      vertex   -2.603339e+01 8.637426e+01 2.536326e+02
      vertex   -2.567684e+01 8.537426e+01 2.532597e+02
      vertex   -2.603339e+01 8.537426e+01 2.536326e+02
    endloop
  endfacet
  facet normal -7.818315e-01 -0.000000e+00 -6.234898e-01
    outer loop
      vertex   -2.603339e+01 8.637426e+01 2.536326e+02
      vertex   -2.603339e+01 8.537426e+01 2.536326e+02
      vertex   -2.635508e+01 8.637426e+01 2.540360e+02
    endloop
  endfacet
  facet normal -7.818315e-01 -0.000000e+00 -6.234898e-01
    outer loop
      vertex   -2.635508e+01 8.637426e+01 2.540360e+02
      vertex   -2.603339e+01 8.537426e+01 2.536326e+02
      vertex   -2.635508e+01 8.537426e+01 2.540360e+02
    endloop
  endfacet
  facet normal -8.345733e-01 -0.000000e+00 -5.508970e-01
    outer loop
      vertex   -2.635508e+01 8.637426e+01 2.540360e+02
      vertex   -2.635508e+01 8.537426e+01 2.540360e+02
      vertex   -2.663931e+01 8.637426e+01 2.544666e+02
    endloop
  endfacet
  facet normal -8.345733e-01 -0.000000e+00 -5.508970e-01
    outer loop
      vertex   -2.663931e+01 8.637426e+01 2.544666e+02
      vertex   -2.635508e+01 8.537426e+01 2.540360e+02
      vertex   -2.663931e+01 8.537426e+01 2.544666e+02
    endloop
  endfacet
  facet normal -8.805955e-01 -0.000000e+00 -4.738687e-01
    outer loop
      vertex   -2.663931e+01 8.637426e+01 2.544666e+02
      vertex   -2.663931e+01 8.537426e+01 2.544666e+02
      vertex   -2.688380e+01 8.637426e+01 2.549209e+02
    endloop
  endfacet
  facet normal -8.805955e-01 -0.000000e+00 -4.738687e-01
    outer loop
      vertex   -2.688380e+01 8.637426e+01 2.549209e+02
      vertex   -2.663931e+01 8.537426e+01 2.544666e+02
      vertex   -2.688380e+01 8.537426e+01 2.549209e+02
    endloop
  endfacet
  facet normal -9.195278e-01 -0.000000e+00 -3.930250e-01
    outer loop
      vertex   -2.688380e+01 8.637426e+01 2.549209e+02
      vertex   -2.688380e+01 8.537426e+01 2.549209e+02
      vertex   -2.708658e+01 8.637426e+01 2.553953e+02
    endloop
  endfacet
  facet normal -9.195278e-01 -0.000000e+00 -3.930250e-01
    outer loop
      vertex   -2.708658e+01 8.637426e+01 2.553953e+02
      vertex   -2.688380e+01 8.537426e+01 2.549209e+02
      vertex   -2.708658e+01 8.537426e+01 2.553953e+02
    endloop
  endfacet
  facet normal -9.510565e-01 -0.000000e+00 -3.090170e-01
    outer loop
      vertex   -2.708658e+01 8.637426e+01 2.553953e+02
      vertex   -2.708658e+01 8.537426e+01 2.553953e+02
      vertex   -2.724602e+01 8.637426e+01 2.558860e+02
    endloop
  endfacet
  facet normal -9.510565e-01 -0.000000e+00 -3.090170e-01
    outer loop
      vertex   -2.724602e+01 8.637426e+01 2.558860e+02
      vertex   -2.708658e+01 8.537426e+01 2.553953e+02
      vertex   -2.724602e+01 8.537426e+01 2.558860e+02
    endloop
  endfacet
  facet normal -9.749279e-01 -0.000000e+00 -2.225209e-01
    outer loop
      vertex   -2.724602e+01 8.637426e+01 2.558860e+02
      vertex   -2.724602e+01 8.537426e+01 2.558860e+02
      vertex   -2.736083e+01 8.637426e+01 2.563890e+02
    endloop
  endfacet
  facet normal -9.749279e-01 -0.000000e+00 -2.225209e-01
    outer loop
      vertex   -2.736083e+01 8.637426e+01 2.563890e+02
      vertex   -2.724602e+01 8.537426e+01 2.558860e+02
      vertex   -2.736083e+01 8.537426e+01 2.563890e+02
    endloop
  endfacet
  facet normal -9.909498e-01 -0.000000e+00 -1.342333e-01
    outer loop
      vertex   -2.736083e+01 8.637426e+01 2.563890e+02
      vertex   -2.736083e+01 8.537426e+01 2.563890e+02
      vertex   -2.743008e+01 8.637426e+01 2.569003e+02
    endloop
  endfacet
  facet normal -9.909498e-01 -0.000000e+00 -1.342333e-01
    outer loop
      vertex   -2.743008e+01 8.637426e+01 2.569003e+02
      vertex   -2.736083e+01 8.537426e+01 2.563890e+02
      vertex   -2.743008e+01 8.537426e+01 2.569003e+02
    endloop
  endfacet
  facet normal 2.481443e-15 1.000000e+00 -2.768253e-14
    outer loop
      vertex   -2.743008e+01 8.637426e+01 2.579312e+02
      vertex   -1.597638e+01 8.637426e+01 2.579312e+02
      vertex   -2.745323e+01 8.637426e+01 2.574157e+02
    endloop
  endfacet
  facet normal 1.235726e-15 1.000000e+00 5.549654e-17
    outer loop
      vertex   -2.745323e+01 8.637426e+01 2.574157e+02
      vertex   -1.597638e+01 8.637426e+01 2.579312e+02
      vertex   -1.595323e+01 8.637426e+01 2.574157e+02
    endloop
  endfacet
  facet normal 1.235726e-15 1.000000e+00 2.762658e-14
    outer loop
      vertex   -2.745323e+01 8.637426e+01 2.574157e+02
      vertex   -1.595323e+01 8.637426e+01 2.574157e+02
      vertex   -2.743008e+01 8.637426e+01 2.569003e+02
    endloop
  endfacet
  facet normal 2.481443e-15 1.000000e+00 -1.114417e-16
    outer loop
      vertex   -2.743008e+01 8.637426e+01 2.569003e+02
      vertex   -1.595323e+01 8.637426e+01 2.574157e+02
      vertex   -1.597638e+01 8.637426e+01 2.569003e+02
    endloop
  endfacet
  facet normal 2.481443e-15 1.000000e+00 3.361342e-16
    outer loop
      vertex   -2.743008e+01 8.637426e+01 2.569003e+02
      vertex   -1.597638e+01 8.637426e+01 2.569003e+02
      vertex   -2.736083e+01 8.637426e+01 2.563890e+02
    endloop
  endfacet
  facet normal 2.511819e-15 1.000000e+00 -3.402490e-16
    outer loop
      vertex   -2.736083e+01 8.637426e+01 2.563890e+02
      vertex   -1.597638e+01 8.637426e+01 2.569003e+02
      vertex   -1.604564e+01 8.637426e+01 2.563890e+02
    endloop
  endfacet
  facet normal 2.511819e-15 1.000000e+00 5.733063e-16
    outer loop
      vertex   -2.736083e+01 8.637426e+01 2.563890e+02
      vertex   -1.604564e+01 8.637426e+01 2.563890e+02
      vertex   -2.724602e+01 8.637426e+01 2.558860e+02
    endloop
  endfacet
  facet normal 2.563847e-15 1.000000e+00 -5.851813e-16
    outer loop
      vertex   -2.724602e+01 8.637426e+01 2.558860e+02
      vertex   -1.604564e+01 8.637426e+01 2.563890e+02
      vertex   -1.616045e+01 8.637426e+01 2.558860e+02
    endloop
  endfacet
  facet normal 2.563847e-15 1.000000e+00 8.330443e-16
    outer loop
      vertex   -2.724602e+01 8.637426e+01 2.558860e+02
      vertex   -1.616045e+01 8.637426e+01 2.558860e+02
      vertex   -2.708658e+01 8.637426e+01 2.553953e+02
    endloop
  endfacet
  facet normal 2.639779e-15 1.000000e+00 -8.577161e-16
    outer loop
      vertex   -2.708658e+01 8.637426e+01 2.553953e+02
      vertex   -1.616045e+01 8.637426e+01 2.558860e+02
      vertex   -1.631988e+01 8.637426e+01 2.553953e+02
    endloop
  endfacet
  facet normal 2.639779e-15 1.000000e+00 1.128296e-15
    outer loop
      vertex   -2.708658e+01 8.637426e+01 2.553953e+02
      vertex   -1.631988e+01 8.637426e+01 2.553953e+02
      vertex   -2.688380e+01 8.637426e+01 2.549209e+02
    endloop
  endfacet
  facet normal 2.743106e-15 1.000000e+00 -1.172460e-15
    outer loop
      vertex   -2.688380e+01 8.637426e+01 2.549209e+02
      vertex   -1.631988e+01 8.637426e+01 2.553953e+02
      vertex   -1.652266e+01 8.637426e+01 2.549209e+02
    endloop
  endfacet
  facet normal 2.743106e-15 1.000000e+00 1.476128e-15
    outer loop
      vertex   -2.688380e+01 8.637426e+01 2.549209e+02
      vertex   -1.652266e+01 8.637426e+01 2.549209e+02
      vertex   -2.663931e+01 8.637426e+01 2.544666e+02
    endloop
  endfacet
  facet normal 2.878975e-15 1.000000e+00 -1.549243e-15
    outer loop
      vertex   -2.663931e+01 8.637426e+01 2.544666e+02
      vertex   -1.652266e+01 8.637426e+01 2.549209e+02
      vertex   -1.676715e+01 8.637426e+01 2.544666e+02
    endloop
  endfacet
  facet normal 2.878975e-15 1.000000e+00 1.900395e-15
    outer loop
      vertex   -2.663931e+01 8.637426e+01 2.544666e+02
      vertex   -1.676715e+01 8.637426e+01 2.544666e+02
      vertex   -2.635508e+01 8.637426e+01 2.540360e+02
    endloop
  endfacet
  facet normal 3.054884e-15 1.000000e+00 -2.016511e-15
    outer loop
      vertex   -2.635508e+01 8.637426e+01 2.540360e+02
      vertex   -1.676715e+01 8.637426e+01 2.544666e+02
      vertex   -1.705138e+01 8.637426e+01 2.540360e+02
    endloop
  endfacet
  facet normal 3.054884e-15 1.000000e+00 -3.279304e-14
    outer loop
      vertex   -2.635508e+01 8.637426e+01 2.540360e+02
      vertex   -1.705138e+01 8.637426e+01 2.540360e+02
      vertex   -2.603339e+01 8.637426e+01 2.536326e+02
    endloop
  endfacet
  facet normal -0.000000e+00 1.000000e+00 3.522923e-14
    outer loop
      vertex   -2.603339e+01 8.637426e+01 2.536326e+02
      vertex   -1.705138e+01 8.637426e+01 2.540360e+02
      vertex   -1.737307e+01 8.637426e+01 2.536326e+02
    endloop
  endfacet
  facet normal -0.000000e+00 1.000000e+00 0.000000e+00
    outer loop
      vertex   -2.603339e+01 8.637426e+01 2.536326e+02
      vertex   -1.737307e+01 8.637426e+01 2.536326e+02
      vertex   -2.567684e+01 8.637426e+01 2.532597e+02
    endloop
  endfacet
  facet normal 0.000000e+00 1.000000e+00 0.000000e+00
    outer loop
      vertex   -2.567684e+01 8.637426e+01 2.532597e+02
      vertex   -1.737307e+01 8.637426e+01 2.536326e+02
      vertex   -1.772962e+01 8.637426e+01 2.532597e+02
    endloop
  endfacet
  facet normal -0.000000e+00 1.000000e+00 0.000000e+00
    outer loop
      vertex   -2.567684e+01 8.637426e+01 2.532597e+02
      vertex   -1.772962e+01 8.637426e+01 2.532597e+02
      vertex   -2.528830e+01 8.637426e+01 2.529202e+02
    endloop
  endfacet
  facet normal 0.000000e+00 1.000000e+00 0.000000e+00
    outer loop
      vertex   -2.528830e+01 8.637426e+01 2.529202e+02
      vertex   -1.772962e+01 8.637426e+01 2.532597e+02
      vertex   -1.811817e+01 8.637426e+01 2.529202e+02
    endloop
  endfacet
  facet normal -0.000000e+00 1.000000e+00 0.000000e+00
    outer loop
      vertex   -2.528830e+01 8.637426e+01 2.529202e+02
      vertex   -1.811817e+01 8.637426e+01 2.529202e+02
      vertex   -2.487089e+01 8.637426e+01 2.526169e+02
    endloop
  endfacet
  facet normal 0.000000e+00 1.000000e+00 0.000000e+00
    outer loop
      vertex   -2.487089e+01 8.637426e+01 2.526169e+02
      vertex   -1.811817e+01 8.637426e+01 2.529202e+02
      vertex   -1.853557e+01 8.637426e+01 2.526169e+02
    endloop
  endfacet
  facet normal -0.000000e+00 1.000000e+00 0.000000e+00
    outer loop
      vertex   -2.487089e+01 8.637426e+01 2.526169e+02
      vertex   -1.853557e+01 8.637426e+01 2.526169e+02
      vertex   -2.442798e+01 8.637426e+01 2.523523e+02
    endloop
  endfacet
  facet normal 0.000000e+00 1.000000e+00 0.000000e+00
    outer loop
      vertex   -2.442798e+01 8.637426e+01 2.523523e+02
      vertex   -1.853557e+01 8.637426e+01 2.526169e+02
      vertex   -1.897849e+01 8.637426e+01 2.523523e+02
    endloop
  endfacet
  facet normal -0.000000e+00 1.000000e+00 0.000000e+00
    outer loop
      vertex   -2.442798e+01 8.637426e+01 2.523523e+02
      vertex   -1.897849e+01 8.637426e+01 2.523523e+02
      vertex   -2.396313e+01 8.637426e+01 2.521284e+02
    endloop
  endfacet
  facet normal 0.000000e+00 1.000000e+00 0.000000e+00
    outer loop
      vertex   -2.396313e+01 8.637426e+01 2.521284e+02
      vertex   -1.897849e+01 8.637426e+01 2.523523e+02
      vertex   -1.944334e+01 8.637426e+01 2.521284e+02
    endloop
  endfacet
  facet normal -0.000000e+00 1.000000e+00 0.000000e+00
    outer loop
      vertex   -2.396313e+01 8.637426e+01 2.521284e+02
      vertex   -1.944334e+01 8.637426e+01 2.521284e+02
      vertex   -2.348008e+01 8.637426e+01 2.519472e+02
    endloop
  endfacet
  facet normal 0.000000e+00 1.000000e+00 0.000000e+00
    outer loop
      vertex   -2.348008e+01 8.637426e+01 2.519472e+02
      vertex   -1.944334e+01 8.637426e+01 2.521284e+02
      vertex   -1.992638e+01 8.637426e+01 2.519472e+02
    endloop
  endfacet
  facet normal -0.000000e+00 1.000000e+00 0.000000e+00
    outer loop
      vertex   -2.348008e+01 8.637426e+01 2.519472e+02
      vertex   -1.992638e+01 8.637426e+01 2.519472e+02
      vertex   -2.298273e+01 8.637426e+01 2.518099e+02
    endloop
  endfacet
  facet normal 0.000000e+00 1.000000e+00 0.000000e+00
    outer loop
      vertex   -2.298273e+01 8.637426e+01 2.518099e+02
      vertex   -1.992638e+01 8.637426e+01 2.519472e+02
      vertex   -2.042374e+01 8.637426e+01 2.518099e+02
    endloop
  endfacet
  facet normal -0.000000e+00 1.000000e+00 0.000000e+00
    outer loop
      vertex   -2.298273e+01 8.637426e+01 2.518099e+02
      vertex   -2.042374e+01 8.637426e+01 2.518099e+02
      vertex   -2.247507e+01 8.637426e+01 2.517178e+02
    endloop
  endfacet
  facet normal 0.000000e+00 1.000000e+00 0.000000e+00
    outer loop
      vertex   -2.247507e+01 8.637426e+01 2.517178e+02
      vertex   -2.042374e+01 8.637426e+01 2.518099e+02
      vertex   -2.093139e+01 8.637426e+01 2.517178e+02
    endloop
  endfacet
  facet normal -0.000000e+00 1.000000e+00 0.000000e+00
    outer loop
      vertex   -2.247507e+01 8.637426e+01 2.517178e+02
      vertex   -2.093139e+01 8.637426e+01 2.517178e+02
      vertex   -2.196121e+01 8.637426e+01 2.516715e+02
    endloop
  endfacet
  facet normal 0.000000e+00 1.000000e+00 0.000000e+00
    outer loop
      vertex   -2.196121e+01 8.637426e+01 2.516715e+02
      vertex   -2.093139e+01 8.637426e+01 2.517178e+02
      vertex   -2.144526e+01 8.637426e+01 2.516715e+02
    endloop
  endfacet
  facet normal 2.481443e-15 1.000000e+00 3.361342e-16
    outer loop
      vertex   -1.597638e+01 8.637426e+01 2.579312e+02
      vertex   -2.743008e+01 8.637426e+01 2.579312e+02
      vertex   -1.604564e+01 8.637426e+01 2.584424e+02
    endloop
  endfacet
  facet normal 2.511819e-15 1.000000e+00 -3.402490e-16
    outer loop
      vertex   -1.604564e+01 8.637426e+01 2.584424e+02
      vertex   -2.743008e+01 8.637426e+01 2.579312e+02
      vertex   -2.736083e+01 8.637426e+01 2.584424e+02
    endloop
  endfacet
  facet normal 2.511819e-15 1.000000e+00 5.733063e-16
    outer loop
      vertex   -1.604564e+01 8.637426e+01 2.584424e+02
      vertex   -2.736083e+01 8.637426e+01 2.584424e+02
      vertex   -1.616045e+01 8.637426e+01 2.589454e+02
    endloop
  endfacet
  facet normal 2.563847e-15 1.000000e+00 -5.851813e-16
    outer loop
      vertex   -1.616045e+01 8.637426e+01 2.589454e+02
      vertex   -2.736083e+01 8.637426e+01 2.584424e+02
      vertex   -2.724602e+01 8.637426e+01 2.589454e+02
    endloop
  endfacet
  facet normal 2.563847e-15 1.000000e+00 8.330443e-16
    outer loop
      vertex   -1.616045e+01 8.637426e+01 2.589454e+02
      vertex   -2.724602e+01 8.637426e+01 2.589454e+02
      vertex   -1.631988e+01 8.637426e+01 2.594361e+02
    endloop
  endfacet
  facet normal 2.639779e-15 1.000000e+00 -8.577161e-16
    outer loop
      vertex   -1.631988e+01 8.637426e+01 2.594361e+02
      vertex   -2.724602e+01 8.637426e+01 2.589454e+02
      vertex   -2.708658e+01 8.637426e+01 2.594361e+02
    endloop
  endfacet
  facet normal 2.639779e-15 1.000000e+00 1.128296e-15
    outer loop
      vertex   -1.631988e+01 8.637426e+01 2.594361e+02
      vertex   -2.708658e+01 8.637426e+01 2.594361e+02
      vertex   -1.652266e+01 8.637426e+01 2.599106e+02
    endloop
  endfacet
  facet normal 2.743106e-15 1.000000e+00 -1.172460e-15
    outer loop
      vertex   -1.652266e+01 8.637426e+01 2.599106e+02
      vertex   -2.708658e+01 8.637426e+01 2.594361e+02
      vertex   -2.688380e+01 8.637426e+01 2.599106e+02
    endloop
  endfacet
  facet normal 2.743106e-15 1.000000e+00 1.476128e-15
    outer loop
      vertex   -1.652266e+01 8.637426e+01 2.599106e+02
      vertex   -2.688380e+01 8.637426e+01 2.599106e+02
      vertex   -1.676715e+01 8.637426e+01 2.603649e+02
    endloop
  endfacet
  facet normal 2.878975e-15 1.000000e+00 -1.549243e-15
    outer loop
      vertex   -1.676715e+01 8.637426e+01 2.603649e+02
      vertex   -2.688380e+01 8.637426e+01 2.599106e+02
      vertex   -2.663931e+01 8.637426e+01 2.603649e+02
    endloop
  endfacet
  facet normal 2.878975e-15 1.000000e+00 1.900395e-15
    outer loop
      vertex   -1.676715e+01 8.637426e+01 2.603649e+02
      vertex   -2.663931e+01 8.637426e+01 2.603649e+02
      vertex   -1.705138e+01 8.637426e+01 2.607955e+02
    endloop
  endfacet
  facet normal 3.054884e-15 1.000000e+00 -2.016511e-15
    outer loop
      vertex   -1.705138e+01 8.637426e+01 2.607955e+02
      vertex   -2.663931e+01 8.637426e+01 2.603649e+02
      vertex   -2.635508e+01 8.637426e+01 2.607955e+02
    endloop
  endfacet
  facet normal 3.054884e-15 1.000000e+00 -3.279304e-14
    outer loop
      vertex   -1.705138e+01 8.637426e+01 2.607955e+02
      vertex   -2.635508e+01 8.637426e+01 2.607955e+02
      vertex   -1.737307e+01 8.637426e+01 2.611989e+02
    endloop
  endfacet
  facet normal 0.000000e+00 1.000000e+00 3.522923e-14
    outer loop
      vertex   -1.737307e+01 8.637426e+01 2.611989e+02
      vertex   -2.635508e+01 8.637426e+01 2.607955e+02
      vertex   -2.603339e+01 8.637426e+01 2.611989e+02
    endloop
  endfacet
  facet normal 0.000000e+00 1.000000e+00 0.000000e+00
    outer loop
      vertex   -1.737307e+01 8.637426e+01 2.611989e+02
      vertex   -2.603339e+01 8.637426e+01 2.611989e+02
      vertex   -1.772962e+01 8.637426e+01 2.615718e+02
    endloop
  endfacet
  facet normal 0.000000e+00 1.000000e+00 0.000000e+00
    outer loop
      vertex   -1.772962e+01 8.637426e+01 2.615718e+02
      vertex   -2.603339e+01 8.637426e+01 2.611989e+02
      vertex   -2.567684e+01 8.637426e+01 2.615718e+02
    endloop
  endfacet
  facet normal 0.000000e+00 1.000000e+00 0.000000e+00
    outer loop
      vertex   -1.772962e+01 8.637426e+01 2.615718e+02
      vertex   -2.567684e+01 8.637426e+01 2.615718e+02
      vertex   -1.811817e+01 8.637426e+01 2.619113e+02
    endloop
  endfacet
  facet normal 0.000000e+00 1.000000e+00 0.000000e+00
    outer loop
      vertex   -1.811817e+01 8.637426e+01 2.619113e+02
      vertex   -2.567684e+01 8.637426e+01 2.615718e+02
      vertex   -2.528830e+01 8.637426e+01 2.619113e+02
    endloop
  endfacet
  facet normal 0.000000e+00 1.000000e+00 0.000000e+00
    outer loop
      vertex   -1.811817e+01 8.637426e+01 2.619113e+02
      vertex   -2.528830e+01 8.637426e+01 2.619113e+02
      vertex   -1.853557e+01 8.637426e+01 2.622145e+02
    endloop
  endfacet
  facet normal 0.000000e+00 1.000000e+00 0.000000e+00
    outer loop
      vertex   -1.853557e+01 8.637426e+01 2.622145e+02
      vertex   -2.528830e+01 8.637426e+01 2.619113e+02
      vertex   -2.487089e+01 8.637426e+01 2.622145e+02
    endloop
  endfacet
  facet normal 0.000000e+00 1.000000e+00 0.000000e+00
    outer loop
      vertex   -1.853557e+01 8.637426e+01 2.622145e+02
      vertex   -2.487089e+01 8.637426e+01 2.622145e+02
      vertex   -1.897849e+01 8.637426e+01 2.624792e+02
    endloop
  endfacet
  facet normal 0.000000e+00 1.000000e+00 0.000000e+00
    outer loop
      vertex   -1.897849e+01 8.637426e+01 2.624792e+02
      vertex   -2.487089e+01 8.637426e+01 2.622145e+02
      vertex   -2.442798e+01 8.637426e+01 2.624792e+02
    endloop
  endfacet
  facet normal 0.000000e+00 1.000000e+00 0.000000e+00
    outer loop
      vertex   -1.897849e+01 8.637426e+01 2.624792e+02
      vertex   -2.442798e+01 8.637426e+01 2.624792e+02
      vertex   -1.944334e+01 8.637426e+01 2.627030e+02
    endloop
  endfacet
  facet normal 0.000000e+00 1.000000e+00 0.000000e+00
    outer loop
      vertex   -1.944334e+01 8.637426e+01 2.627030e+02
      vertex   -2.442798e+01 8.637426e+01 2.624792e+02
      vertex   -2.396313e+01 8.637426e+01 2.627030e+02
    endloop
  endfacet
  facet normal 0.000000e+00 1.000000e+00 0.000000e+00
    outer loop
      vertex   -1.944334e+01 8.637426e+01 2.627030e+02
      vertex   -2.396313e+01 8.637426e+01 2.627030e+02
      vertex   -1.992638e+01 8.637426e+01 2.628843e+02
    endloop
  endfacet
  facet normal 0.000000e+00 1.000000e+00 0.000000e+00
    outer loop
      vertex   -1.992638e+01 8.637426e+01 2.628843e+02
      vertex   -2.396313e+01 8.637426e+01 2.627030e+02
      vertex   -2.348008e+01 8.637426e+01 2.628843e+02
    endloop
  endfacet
  facet normal 0.000000e+00 1.000000e+00 0.000000e+00
    outer loop
      vertex   -1.992638e+01 8.637426e+01 2.628843e+02
      vertex   -2.348008e+01 8.637426e+01 2.628843e+02
      vertex   -2.042374e+01 8.637426e+01 2.630216e+02
    endloop
  endfacet
  facet normal 0.000000e+00 1.000000e+00 0.000000e+00
    outer loop
      vertex   -2.042374e+01 8.637426e+01 2.630216e+02
      vertex   -2.348008e+01 8.637426e+01 2.628843e+02
      vertex   -2.298273e+01 8.637426e+01 2.630216e+02
    endloop
  endfacet
  facet normal 0.000000e+00 1.000000e+00 0.000000e+00
    outer loop
      vertex   -2.042374e+01 8.637426e+01 2.630216e+02
      vertex   -2.298273e+01 8.637426e+01 2.630216e+02
      vertex   -2.093139e+01 8.637426e+01 2.631137e+02
    endloop
  endfacet
  facet normal 0.000000e+00 1.000000e+00 0.000000e+00
    outer loop
      vertex   -2.093139e+01 8.637426e+01 2.631137e+02
      vertex   -2.298273e+01 8.637426e+01 2.630216e+02
      vertex   -2.247507e+01 8.637426e+01 2.631137e+02
    endloop
  endfacet
  facet normal 0.000000e+00 1.000000e+00 0.000000e+00
    outer loop
      vertex   -2.093139e+01 8.637426e+01 2.631137e+02
      vertex   -2.247507e+01 8.637426e+01 2.631137e+02
      vertex   -2.144526e+01 8.637426e+01 2.631599e+02
    endloop
  endfacet
  facet normal 0.000000e+00 1.000000e+00 0.000000e+00
    outer loop
      vertex   -2.144526e+01 8.637426e+01 2.631599e+02
      vertex   -2.247507e+01 8.637426e+01 2.631137e+02
      vertex   -2.196121e+01 8.637426e+01 2.631599e+02
    endloop
  endfacet
  facet normal -9.989931e-01 1.774568e-15 -4.486483e-02
    outer loop
      vertex   1.226992e+01 8.637426e+01 2.569003e+02
      vertex   1.226992e+01 8.537426e+01 2.569003e+02
      vertex   1.224677e+01 8.637426e+01 2.574157e+02
    endloop
  endfacet
  facet normal -9.989931e-01 3.549136e-15 -4.486483e-02
    outer loop
      vertex   1.224677e+01 8.637426e+01 2.574157e+02
      vertex   1.226992e+01 8.537426e+01 2.569003e+02
      vertex   1.224677e+01 8.537426e+01 2.574157e+02
    endloop
  endfacet
  facet normal -9.989931e-01 3.549136e-15 4.486483e-02
    outer loop
      vertex   1.224677e+01 8.637426e+01 2.574157e+02
      vertex   1.224677e+01 8.537426e+01 2.574157e+02
      vertex   1.226992e+01 8.637426e+01 2.579312e+02
    endloop
  endfacet
  facet normal -9.989931e-01 1.774568e-15 4.486483e-02
    outer loop
      vertex   1.226992e+01 8.637426e+01 2.579312e+02
      vertex   1.224677e+01 8.537426e+01 2.574157e+02
      vertex   1.226992e+01 8.537426e+01 2.579312e+02
    endloop
  endfacet
  facet normal -9.909498e-01 1.760280e-15 1.342333e-01
    outer loop
      vertex   1.226992e+01 8.637426e+01 2.579312e+02
      vertex   1.226992e+01 8.537426e+01 2.579312e+02
      vertex   1.233917e+01 8.637426e+01 2.584424e+02
    endloop
  endfacet
  facet normal -9.909498e-01 1.760280e-15 1.342333e-01
    outer loop
      vertex   1.233917e+01 8.637426e+01 2.584424e+02
      vertex   1.226992e+01 8.537426e+01 2.579312e+02
      vertex   1.233917e+01 8.537426e+01 2.584424e+02
    endloop
  endfacet
  facet normal -9.749279e-01 1.731820e-15 2.225209e-01
    outer loop
      vertex   1.233917e+01 8.637426e+01 2.584424e+02
      vertex   1.233917e+01 8.537426e+01 2.584424e+02
      vertex   1.245398e+01 8.637426e+01 2.589454e+02
    endloop
  endfacet
  facet normal -9.749279e-01 3.463640e-15 2.225209e-01
    outer loop
      vertex   1.245398e+01 8.637426e+01 2.589454e+02
      vertex   1.233917e+01 8.537426e+01 2.584424e+02
      vertex   1.245398e+01 8.537426e+01 2.589454e+02
    endloop
  endfacet
  facet normal -9.510565e-01 3.378831e-15 3.090170e-01
    outer loop
      vertex   1.245398e+01 8.637426e+01 2.589454e+02
      vertex   1.245398e+01 8.537426e+01 2.589454e+02
      vertex   1.261342e+01 8.637426e+01 2.594361e+02
    endloop
  endfacet
  facet normal -9.510565e-01 0.000000e+00 3.090170e-01
    outer loop
      vertex   1.261342e+01 8.637426e+01 2.594361e+02
      vertex   1.245398e+01 8.537426e+01 2.589454e+02
      vertex   1.261342e+01 8.537426e+01 2.594361e+02
    endloop
  endfacet
  facet normal -9.195278e-01 0.000000e+00 3.930250e-01
    outer loop
      vertex   1.261342e+01 8.637426e+01 2.594361e+02
      vertex   1.261342e+01 8.537426e+01 2.594361e+02
      vertex   1.281620e+01 8.637426e+01 2.599106e+02
    endloop
  endfacet
  facet normal -9.195278e-01 0.000000e+00 3.930250e-01
    outer loop
      vertex   1.281620e+01 8.637426e+01 2.599106e+02
      vertex   1.261342e+01 8.537426e+01 2.594361e+02
      vertex   1.281620e+01 8.537426e+01 2.599106e+02
    endloop
  endfacet
  facet normal -8.805955e-01 0.000000e+00 4.738687e-01
    outer loop
      vertex   1.281620e+01 8.637426e+01 2.599106e+02
      vertex   1.281620e+01 8.537426e+01 2.599106e+02
      vertex   1.306069e+01 8.637426e+01 2.603649e+02
    endloop
  endfacet
  facet normal -8.805955e-01 1.564252e-15 4.738687e-01
    outer loop
      vertex   1.306069e+01 8.637426e+01 2.603649e+02
      vertex   1.281620e+01 8.537426e+01 2.599106e+02
      vertex   1.306069e+01 8.537426e+01 2.603649e+02
    endloop
  endfacet
  facet normal -8.345733e-01 1.482500e-15 5.508970e-01
    outer loop
      vertex   1.306069e+01 8.637426e+01 2.603649e+02
      vertex   1.306069e+01 8.537426e+01 2.603649e+02
      vertex   1.334492e+01 8.637426e+01 2.607955e+02
    endloop
  endfacet
  facet normal -8.345733e-01 1.482500e-15 5.508970e-01
    outer loop
      vertex   1.334492e+01 8.637426e+01 2.607955e+02
      vertex   1.306069e+01 8.537426e+01 2.603649e+02
      vertex   1.334492e+01 8.537426e+01 2.607955e+02
    endloop
  endfacet
  facet normal -7.818315e-01 1.388812e-15 6.234898e-01
    outer loop
      vertex   1.334492e+01 8.637426e+01 2.607955e+02
      vertex   1.334492e+01 8.537426e+01 2.607955e+02
      vertex   1.366661e+01 8.637426e+01 2.611989e+02
    endloop
  endfacet
  facet normal -7.818315e-01 1.388812e-15 6.234898e-01
    outer loop
      vertex   1.366661e+01 8.637426e+01 2.611989e+02
      vertex   1.334492e+01 8.537426e+01 2.607955e+02
      vertex   1.366661e+01 8.537426e+01 2.611989e+02
    endloop
  endfacet
  facet normal -7.227949e-01 1.283942e-15 6.910626e-01
    outer loop
      vertex   1.366661e+01 8.637426e+01 2.611989e+02
      vertex   1.366661e+01 8.537426e+01 2.611989e+02
      vertex   1.402316e+01 8.637426e+01 2.615718e+02
    endloop
  endfacet
  facet normal -7.227949e-01 2.567883e-15 6.910626e-01
    outer loop
      vertex   1.402316e+01 8.637426e+01 2.615718e+02
      vertex   1.366661e+01 8.537426e+01 2.611989e+02
      vertex   1.402316e+01 8.537426e+01 2.615718e+02
    endloop
  endfacet
  facet normal -6.579387e-01 2.337468e-15 7.530715e-01
    outer loop
      vertex   1.402316e+01 8.637426e+01 2.615718e+02
      vertex   1.402316e+01 8.537426e+01 2.615718e+02
      vertex   1.441170e+01 8.637426e+01 2.619113e+02
    endloop
  endfacet
  facet normal -6.579387e-01 1.168734e-15 7.530715e-01
    outer loop
      vertex   1.441170e+01 8.637426e+01 2.619113e+02
      vertex   1.402316e+01 8.537426e+01 2.615718e+02
      vertex   1.441170e+01 8.537426e+01 2.619113e+02
    endloop
  endfacet
  facet normal -5.877853e-01 1.044116e-15 8.090170e-01
    outer loop
      vertex   1.441170e+01 8.637426e+01 2.619113e+02
      vertex   1.441170e+01 8.537426e+01 2.619113e+02
      vertex   1.482911e+01 8.637426e+01 2.622145e+02
    endloop
  endfacet
  facet normal -5.877853e-01 1.044116e-15 8.090170e-01
    outer loop
      vertex   1.482911e+01 8.637426e+01 2.622145e+02
      vertex   1.441170e+01 8.537426e+01 2.619113e+02
      vertex   1.482911e+01 8.537426e+01 2.622145e+02
    endloop
  endfacet
  facet normal -5.128993e-01 9.110921e-16 8.584488e-01
    outer loop
      vertex   1.482911e+01 8.637426e+01 2.622145e+02
      vertex   1.482911e+01 8.537426e+01 2.622145e+02
      vertex   1.527202e+01 8.637426e+01 2.624792e+02
    endloop
  endfacet
  facet normal -5.128993e-01 0.000000e+00 8.584488e-01
    outer loop
      vertex   1.527202e+01 8.637426e+01 2.624792e+02
      vertex   1.482911e+01 8.537426e+01 2.622145e+02
      vertex   1.527202e+01 8.537426e+01 2.624792e+02
    endloop
  endfacet
  facet normal -4.338837e-01 0.000000e+00 9.009689e-01
    outer loop
      vertex   1.527202e+01 8.637426e+01 2.624792e+02
      vertex   1.527202e+01 8.537426e+01 2.624792e+02
      vertex   1.573687e+01 8.637426e+01 2.627030e+02
    endloop
  endfacet
  facet normal -4.338837e-01 1.541465e-15 9.009689e-01
    outer loop
      vertex   1.573687e+01 8.637426e+01 2.627030e+02
      vertex   1.527202e+01 8.537426e+01 2.624792e+02
      vertex   1.573687e+01 8.537426e+01 2.627030e+02
    endloop
  endfacet
  facet normal -3.513748e-01 1.248334e-15 9.362349e-01
    outer loop
      vertex   1.573687e+01 8.637426e+01 2.627030e+02
      vertex   1.573687e+01 8.537426e+01 2.627030e+02
      vertex   1.621992e+01 8.637426e+01 2.628843e+02
    endloop
  endfacet
  facet normal -3.513748e-01 1.248334e-15 9.362349e-01
    outer loop
      vertex   1.621992e+01 8.637426e+01 2.628843e+02
      vertex   1.573687e+01 8.537426e+01 2.627030e+02
      vertex   1.621992e+01 8.537426e+01 2.628843e+02
    endloop
  endfacet
  facet normal -2.660368e-01 9.451527e-16 9.639629e-01
    outer loop
      vertex   1.621992e+01 8.637426e+01 2.628843e+02
      vertex   1.621992e+01 8.537426e+01 2.628843e+02
      vertex   1.671727e+01 8.637426e+01 2.630216e+02
    endloop
  endfacet
  facet normal -2.660368e-01 9.451527e-16 9.639629e-01
    outer loop
      vertex   1.671727e+01 8.637426e+01 2.630216e+02
      vertex   1.621992e+01 8.537426e+01 2.628843e+02
      vertex   1.671727e+01 8.537426e+01 2.630216e+02
    endloop
  endfacet
  facet normal -1.785569e-01 6.343615e-16 9.839296e-01
    outer loop
      vertex   1.671727e+01 8.637426e+01 2.630216e+02
      vertex   1.671727e+01 8.537426e+01 2.630216e+02
      vertex   1.722493e+01 8.637426e+01 2.631137e+02
    endloop
  endfacet
  facet normal -1.785569e-01 6.343615e-16 9.839296e-01
    outer loop
      vertex   1.722493e+01 8.637426e+01 2.631137e+02
      vertex   1.671727e+01 8.537426e+01 2.630216e+02
      vertex   1.722493e+01 8.537426e+01 2.631137e+02
    endloop
  endfacet
  facet normal -8.963931e-02 3.184628e-16 9.959743e-01
    outer loop
      vertex   1.722493e+01 8.637426e+01 2.631137e+02
      vertex   1.722493e+01 8.537426e+01 2.631137e+02
      vertex   1.773879e+01 8.637426e+01 2.631599e+02
    endloop
  endfacet
  facet normal -8.963931e-02 0.000000e+00 9.959743e-01
    outer loop
      vertex   1.773879e+01 8.637426e+01 2.631599e+02
      vertex   1.722493e+01 8.537426e+01 2.631137e+02
      vertex   1.773879e+01 8.537426e+01 2.631599e+02
    endloop
  endfacet
  facet normal -0.000000e+00 0.000000e+00 1.000000e+00
    outer loop
      vertex   1.773879e+01 8.637426e+01 2.631599e+02
      vertex   1.773879e+01 8.537426e+01 2.631599e+02
      vertex   1.825474e+01 8.637426e+01 2.631599e+02
    endloop
  endfacet
  facet normal 0.000000e+00 0.000000e+00 1.000000e+00
    outer loop
      vertex   1.825474e+01 8.637426e+01 2.631599e+02
      vertex   1.773879e+01 8.537426e+01 2.631599e+02
      vertex   1.825474e+01 8.537426e+01 2.631599e+02
    endloop
  endfacet
  facet normal 8.963931e-02 0.000000e+00 9.959743e-01
    outer loop
      vertex   1.825474e+01 8.637426e+01 2.631599e+02
      vertex   1.825474e+01 8.537426e+01 2.631599e+02
      vertex   1.876861e+01 8.637426e+01 2.631137e+02
    endloop
  endfacet
  facet normal 8.963931e-02 -3.184628e-16 9.959743e-01
    outer loop
      vertex   1.876861e+01 8.637426e+01 2.631137e+02
      vertex   1.825474e+01 8.537426e+01 2.631599e+02
      vertex   1.876861e+01 8.537426e+01 2.631137e+02
    endloop
  endfacet
  facet normal 1.785569e-01 -6.343615e-16 9.839296e-01
    outer loop
      vertex   1.876861e+01 8.637426e+01 2.631137e+02
      vertex   1.876861e+01 8.537426e+01 2.631137e+02
      vertex   1.927626e+01 8.637426e+01 2.630216e+02
    endloop
  endfacet
  facet normal 1.785569e-01 0.000000e+00 9.839296e-01
    outer loop
      vertex   1.927626e+01 8.637426e+01 2.630216e+02
      vertex   1.876861e+01 8.537426e+01 2.631137e+02
      vertex   1.927626e+01 8.537426e+01 2.630216e+02
    endloop
  endfacet
  facet normal 2.660368e-01 0.000000e+00 9.639629e-01
    outer loop
      vertex   1.927626e+01 8.637426e+01 2.630216e+02
      vertex   1.927626e+01 8.537426e+01 2.630216e+02
      vertex   1.977362e+01 8.637426e+01 2.628843e+02
    endloop
  endfacet
  facet normal 2.660368e-01 0.000000e+00 9.639629e-01
    outer loop
      vertex   1.977362e+01 8.637426e+01 2.628843e+02
      vertex   1.927626e+01 8.537426e+01 2.630216e+02
      vertex   1.977362e+01 8.537426e+01 2.628843e+02
    endloop
  endfacet
  facet normal 3.513748e-01 0.000000e+00 9.362349e-01
    outer loop
      vertex   1.977362e+01 8.637426e+01 2.628843e+02
      vertex   1.977362e+01 8.537426e+01 2.628843e+02
      vertex   2.025666e+01 8.637426e+01 2.627030e+02
    endloop
  endfacet
  facet normal 3.513748e-01 0.000000e+00 9.362349e-01
    outer loop
      vertex   2.025666e+01 8.637426e+01 2.627030e+02
      vertex   1.977362e+01 8.537426e+01 2.628843e+02
      vertex   2.025666e+01 8.537426e+01 2.627030e+02
    endloop
  endfacet
  facet normal 4.338837e-01 0.000000e+00 9.009689e-01
    outer loop
      vertex   2.025666e+01 8.637426e+01 2.627030e+02
      vertex   2.025666e+01 8.537426e+01 2.627030e+02
      vertex   2.072151e+01 8.637426e+01 2.624792e+02
    endloop
  endfacet
  facet normal 4.338837e-01 -1.541465e-15 9.009689e-01
    outer loop
      vertex   2.072151e+01 8.637426e+01 2.624792e+02
      vertex   2.025666e+01 8.537426e+01 2.627030e+02
      vertex   2.072151e+01 8.537426e+01 2.624792e+02
    endloop
  endfacet
  facet normal 5.128993e-01 -1.822184e-15 8.584488e-01
    outer loop
      vertex   2.072151e+01 8.637426e+01 2.624792e+02
      vertex   2.072151e+01 8.537426e+01 2.624792e+02
      vertex   2.116443e+01 8.637426e+01 2.622145e+02
    endloop
  endfacet
  facet normal 5.128993e-01 -1.822184e-15 8.584488e-01
    outer loop
      vertex   2.116443e+01 8.637426e+01 2.622145e+02
      vertex   2.072151e+01 8.537426e+01 2.624792e+02
      vertex   2.116443e+01 8.537426e+01 2.622145e+02
    endloop
  endfacet
  facet normal 5.877853e-01 -2.088233e-15 8.090170e-01
    outer loop
      vertex   2.116443e+01 8.637426e+01 2.622145e+02
      vertex   2.116443e+01 8.537426e+01 2.622145e+02
      vertex   2.158183e+01 8.637426e+01 2.619113e+02
    endloop
  endfacet
  facet normal 5.877853e-01 -2.088233e-15 8.090170e-01
    outer loop
      vertex   2.158183e+01 8.637426e+01 2.619113e+02
      vertex   2.116443e+01 8.537426e+01 2.622145e+02
      vertex   2.158183e+01 8.537426e+01 2.619113e+02
    endloop
  endfacet
  facet normal 6.579387e-01 -2.337468e-15 7.530715e-01
    outer loop
      vertex   2.158183e+01 8.637426e+01 2.619113e+02
      vertex   2.158183e+01 8.537426e+01 2.619113e+02
      vertex   2.197038e+01 8.637426e+01 2.615718e+02
    endloop
  endfacet
  facet normal 6.579387e-01 -2.337468e-15 7.530715e-01
    outer loop
      vertex   2.197038e+01 8.637426e+01 2.615718e+02
      vertex   2.158183e+01 8.537426e+01 2.619113e+02
      vertex   2.197038e+01 8.537426e+01 2.615718e+02
    endloop
  endfacet
  facet normal 7.227949e-01 -2.567883e-15 6.910626e-01
    outer loop
      vertex   2.197038e+01 8.637426e+01 2.615718e+02
      vertex   2.197038e+01 8.537426e+01 2.615718e+02
      vertex   2.232693e+01 8.637426e+01 2.611989e+02
    endloop
  endfacet
  facet normal 7.227949e-01 0.000000e+00 6.910626e-01
    outer loop
      vertex   2.232693e+01 8.637426e+01 2.611989e+02
      vertex   2.197038e+01 8.537426e+01 2.615718e+02
      vertex   2.232693e+01 8.537426e+01 2.611989e+02
    endloop
  endfacet
  facet normal 7.818315e-01 0.000000e+00 6.234898e-01
    outer loop
      vertex   2.232693e+01 8.637426e+01 2.611989e+02
      vertex   2.232693e+01 8.537426e+01 2.611989e+02
      vertex   2.264862e+01 8.637426e+01 2.607955e+02
    endloop
  endfacet
  facet normal 7.818315e-01 -2.777623e-15 6.234898e-01
    outer loop
      vertex   2.264862e+01 8.637426e+01 2.607955e+02
      vertex   2.232693e+01 8.537426e+01 2.611989e+02
      vertex   2.264862e+01 8.537426e+01 2.607955e+02
    endloop
  endfacet
  facet normal 8.345733e-01 -2.965000e-15 5.508970e-01
    outer loop
      vertex   2.264862e+01 8.637426e+01 2.607955e+02
      vertex   2.264862e+01 8.537426e+01 2.607955e+02
      vertex   2.293285e+01 8.637426e+01 2.603649e+02
    endloop
  endfacet
  facet normal 8.345733e-01 0.000000e+00 5.508970e-01
    outer loop
      vertex   2.293285e+01 8.637426e+01 2.603649e+02
      vertex   2.264862e+01 8.537426e+01 2.607955e+02
      vertex   2.293285e+01 8.537426e+01 2.603649e+02
    endloop
  endfacet
  facet normal 8.805955e-01 0.000000e+00 4.738687e-01
    outer loop
      vertex   2.293285e+01 8.637426e+01 2.603649e+02
      vertex   2.293285e+01 8.537426e+01 2.603649e+02
      vertex   2.317734e+01 8.637426e+01 2.599106e+02
    endloop
  endfacet
  facet normal 8.805955e-01 -3.128504e-15 4.738687e-01
    outer loop
      vertex   2.317734e+01 8.637426e+01 2.599106e+02
      vertex   2.293285e+01 8.537426e+01 2.603649e+02
      vertex   2.317734e+01 8.537426e+01 2.599106e+02
    endloop
  endfacet
  facet normal 9.195278e-01 -3.266819e-15 3.930250e-01
    outer loop
      vertex   2.317734e+01 8.637426e+01 2.599106e+02
      vertex   2.317734e+01 8.537426e+01 2.599106e+02
      vertex   2.338012e+01 8.637426e+01 2.594361e+02
    endloop
  endfacet
  facet normal 9.195278e-01 -6.533638e-15 3.930250e-01
    outer loop
      vertex   2.338012e+01 8.637426e+01 2.594361e+02
      vertex   2.317734e+01 8.537426e+01 2.599106e+02
      vertex   2.338012e+01 8.537426e+01 2.594361e+02
    endloop
  endfacet
  facet normal 9.510565e-01 -6.757663e-15 3.090170e-01
    outer loop
      vertex   2.338012e+01 8.637426e+01 2.594361e+02
      vertex   2.338012e+01 8.537426e+01 2.594361e+02
      vertex   2.353955e+01 8.637426e+01 2.589454e+02
    endloop
  endfacet
  facet normal 9.510565e-01 0.000000e+00 3.090170e-01
    outer loop
      vertex   2.353955e+01 8.637426e+01 2.589454e+02
      vertex   2.338012e+01 8.537426e+01 2.594361e+02
      vertex   2.353955e+01 8.537426e+01 2.589454e+02
    endloop
  endfacet
  facet normal 9.749279e-01 0.000000e+00 2.225209e-01
    outer loop
      vertex   2.353955e+01 8.637426e+01 2.589454e+02
      vertex   2.353955e+01 8.537426e+01 2.589454e+02
      vertex   2.365436e+01 8.637426e+01 2.584424e+02
    endloop
  endfacet
  facet normal 9.749279e-01 0.000000e+00 2.225209e-01
    outer loop
      vertex   2.365436e+01 8.637426e+01 2.584424e+02
      vertex   2.353955e+01 8.537426e+01 2.589454e+02
      vertex   2.365436e+01 8.537426e+01 2.584424e+02
    endloop
  endfacet
  facet normal 9.909498e-01 0.000000e+00 1.342333e-01
    outer loop
      vertex   2.365436e+01 8.637426e+01 2.584424e+02
      vertex   2.365436e+01 8.537426e+01 2.584424e+02
      vertex   2.372362e+01 8.637426e+01 2.579312e+02
    endloop
  endfacet
  facet normal 9.909498e-01 0.000000e+00 1.342333e-01
    outer loop
      vertex   2.372362e+01 8.637426e+01 2.579312e+02
      vertex   2.365436e+01 8.537426e+01 2.584424e+02
      vertex   2.372362e+01 8.537426e+01 2.579312e+02
    endloop
  endfacet
  facet normal 9.989931e-01 0.000000e+00 4.486483e-02
    outer loop
      vertex   2.372362e+01 8.637426e+01 2.579312e+02
      vertex   2.372362e+01 8.537426e+01 2.579312e+02
      vertex   2.374677e+01 8.637426e+01 2.574157e+02
    endloop
  endfacet
  facet normal 9.989931e-01 -3.549136e-15 4.486483e-02
    outer loop
      vertex   2.374677e+01 8.637426e+01 2.574157e+02
      vertex   2.372362e+01 8.537426e+01 2.579312e+02
      vertex   2.374677e+01 8.537426e+01 2.574157e+02
    endloop
  endfacet
  facet normal 9.989931e-01 -3.549136e-15 -4.486483e-02
    outer loop
      vertex   2.374677e+01 8.637426e+01 2.574157e+02
      vertex   2.374677e+01 8.537426e+01 2.574157e+02
      vertex   2.372362e+01 8.637426e+01 2.569003e+02
    endloop
  endfacet
  facet normal 9.989931e-01 0.000000e+00 -4.486483e-02
    outer loop
      vertex   2.372362e+01 8.637426e+01 2.569003e+02
      vertex   2.374677e+01 8.537426e+01 2.574157e+02
      vertex   2.372362e+01 8.537426e+01 2.569003e+02
    endloop
  endfacet
  facet normal 9.909498e-01 0.000000e+00 -1.342333e-01
    outer loop
      vertex   2.372362e+01 8.637426e+01 2.569003e+02
      vertex   2.372362e+01 8.537426e+01 2.569003e+02
      vertex   2.365436e+01 8.637426e+01 2.563890e+02
    endloop
  endfacet
  facet normal 9.909498e-01 0.000000e+00 -1.342333e-01
    outer loop
      vertex   2.365436e+01 8.637426e+01 2.563890e+02
      vertex   2.372362e+01 8.537426e+01 2.569003e+02
      vertex   2.365436e+01 8.537426e+01 2.563890e+02
    endloop
  endfacet
  facet normal 9.749279e-01 0.000000e+00 -2.225209e-01
    outer loop
      vertex   2.365436e+01 8.637426e+01 2.563890e+02
      vertex   2.365436e+01 8.537426e+01 2.563890e+02
      vertex   2.353955e+01 8.637426e+01 2.558860e+02
    endloop
  endfacet
  facet normal 9.749279e-01 0.000000e+00 -2.225209e-01
    outer loop
      vertex   2.353955e+01 8.637426e+01 2.558860e+02
      vertex   2.365436e+01 8.537426e+01 2.563890e+02
      vertex   2.353955e+01 8.537426e+01 2.558860e+02
    endloop
  endfacet
  facet normal 9.510565e-01 0.000000e+00 -3.090170e-01
    outer loop
      vertex   2.353955e+01 8.637426e+01 2.558860e+02
      vertex   2.353955e+01 8.537426e+01 2.558860e+02
      vertex   2.338012e+01 8.637426e+01 2.553953e+02
    endloop
  endfacet
  facet normal 9.510565e-01 -6.757663e-15 -3.090170e-01
    outer loop
      vertex   2.338012e+01 8.637426e+01 2.553953e+02
      vertex   2.353955e+01 8.537426e+01 2.558860e+02
      vertex   2.338012e+01 8.537426e+01 2.553953e+02
    endloop
  endfacet
  facet normal 9.195278e-01 -6.533638e-15 -3.930250e-01
    outer loop
      vertex   2.338012e+01 8.637426e+01 2.553953e+02
      vertex   2.338012e+01 8.537426e+01 2.553953e+02
      vertex   2.317734e+01 8.637426e+01 2.549209e+02
    endloop
  endfacet
  facet normal 9.195278e-01 -3.266819e-15 -3.930250e-01
    outer loop
      vertex   2.317734e+01 8.637426e+01 2.549209e+02
      vertex   2.338012e+01 8.537426e+01 2.553953e+02
      vertex   2.317734e+01 8.537426e+01 2.549209e+02
    endloop
  endfacet
  facet normal 8.805955e-01 -3.128504e-15 -4.738687e-01
    outer loop
      vertex   2.317734e+01 8.637426e+01 2.549209e+02
      vertex   2.317734e+01 8.537426e+01 2.549209e+02
      vertex   2.293285e+01 8.637426e+01 2.544666e+02
    endloop
  endfacet
  facet normal 8.805955e-01 0.000000e+00 -4.738687e-01
    outer loop
      vertex   2.293285e+01 8.637426e+01 2.544666e+02
      vertex   2.317734e+01 8.537426e+01 2.549209e+02
      vertex   2.293285e+01 8.537426e+01 2.544666e+02
    endloop
  endfacet
  facet normal 8.345733e-01 0.000000e+00 -5.508970e-01
    outer loop
      vertex   2.293285e+01 8.637426e+01 2.544666e+02
      vertex   2.293285e+01 8.537426e+01 2.544666e+02
      vertex   2.264862e+01 8.637426e+01 2.540360e+02
    endloop
  endfacet
  facet normal 8.345733e-01 -2.965000e-15 -5.508970e-01
    outer loop
      vertex   2.264862e+01 8.637426e+01 2.540360e+02
      vertex   2.293285e+01 8.537426e+01 2.544666e+02
      vertex   2.264862e+01 8.537426e+01 2.540360e+02
    endloop
  endfacet
  facet normal 7.818315e-01 -2.777623e-15 -6.234898e-01
    outer loop
      vertex   2.264862e+01 8.637426e+01 2.540360e+02
      vertex   2.264862e+01 8.537426e+01 2.540360e+02
      vertex   2.232693e+01 8.637426e+01 2.536326e+02
    endloop
  endfacet
  facet normal 7.818315e-01 0.000000e+00 -6.234898e-01
    outer loop
      vertex   2.232693e+01 8.637426e+01 2.536326e+02
      vertex   2.264862e+01 8.537426e+01 2.540360e+02
      vertex   2.232693e+01 8.537426e+01 2.536326e+02
    endloop
  endfacet
  facet normal 7.227949e-01 0.000000e+00 -6.910626e-01
    outer loop
      vertex   2.232693e+01 8.637426e+01 2.536326e+02
      vertex   2.232693e+01 8.537426e+01 2.536326e+02
      vertex   2.197038e+01 8.637426e+01 2.532597e+02
    endloop
  endfacet
  facet normal 7.227949e-01 -2.567883e-15 -6.910626e-01
    outer loop
      vertex   2.197038e+01 8.637426e+01 2.532597e+02
      vertex   2.232693e+01 8.537426e+01 2.536326e+02
      vertex   2.197038e+01 8.537426e+01 2.532597e+02
    endloop
  endfacet
  facet normal 6.579387e-01 -2.337468e-15 -7.530715e-01
    outer loop
      vertex   2.197038e+01 8.637426e+01 2.532597e+02
      vertex   2.197038e+01 8.537426e+01 2.532597e+02
      vertex   2.158183e+01 8.637426e+01 2.529202e+02
    endloop
  endfacet
  facet normal 6.579387e-01 -2.337468e-15 -7.530715e-01
    outer loop
      vertex   2.158183e+01 8.637426e+01 2.529202e+02
      vertex   2.197038e+01 8.537426e+01 2.532597e+02
      vertex   2.158183e+01 8.537426e+01 2.529202e+02
    endloop
  endfacet
  facet normal 5.877853e-01 -2.088233e-15 -8.090170e-01
    outer loop
      vertex   2.158183e+01 8.637426e+01 2.529202e+02
      vertex   2.158183e+01 8.537426e+01 2.529202e+02
      vertex   2.116443e+01 8.637426e+01 2.526169e+02
    endloop
  endfacet
  facet normal 5.877853e-01 -2.088233e-15 -8.090170e-01
    outer loop
      vertex   2.116443e+01 8.637426e+01 2.526169e+02
      vertex   2.158183e+01 8.537426e+01 2.529202e+02
      vertex   2.116443e+01 8.537426e+01 2.526169e+02
    endloop
  endfacet
  facet normal 5.128993e-01 -1.822184e-15 -8.584488e-01
    outer loop
      vertex   2.116443e+01 8.637426e+01 2.526169e+02
      vertex   2.116443e+01 8.537426e+01 2.526169e+02
      vertex   2.072151e+01 8.637426e+01 2.523523e+02
    endloop
  endfacet
  facet normal 5.128993e-01 -1.822184e-15 -8.584488e-01
    outer loop
      vertex   2.072151e+01 8.637426e+01 2.523523e+02
      vertex   2.116443e+01 8.537426e+01 2.526169e+02
      vertex   2.072151e+01 8.537426e+01 2.523523e+02
    endloop
  endfacet
  facet normal 4.338837e-01 -1.541465e-15 -9.009689e-01
    outer loop
      vertex   2.072151e+01 8.637426e+01 2.523523e+02
      vertex   2.072151e+01 8.537426e+01 2.523523e+02
      vertex   2.025666e+01 8.637426e+01 2.521284e+02
    endloop
  endfacet
  facet normal 4.338837e-01 0.000000e+00 -9.009689e-01
    outer loop
      vertex   2.025666e+01 8.637426e+01 2.521284e+02
      vertex   2.072151e+01 8.537426e+01 2.523523e+02
      vertex   2.025666e+01 8.537426e+01 2.521284e+02
    endloop
  endfacet
  facet normal 3.513748e-01 0.000000e+00 -9.362349e-01
    outer loop
      vertex   2.025666e+01 8.637426e+01 2.521284e+02
      vertex   2.025666e+01 8.537426e+01 2.521284e+02
      vertex   1.977362e+01 8.637426e+01 2.519472e+02
    endloop
  endfacet
  facet normal 3.513748e-01 0.000000e+00 -9.362349e-01
    outer loop
      vertex   1.977362e+01 8.637426e+01 2.519472e+02
      vertex   2.025666e+01 8.537426e+01 2.521284e+02
      vertex   1.977362e+01 8.537426e+01 2.519472e+02
    endloop
  endfacet
  facet normal 2.660368e-01 0.000000e+00 -9.639629e-01
    outer loop
      vertex   1.977362e+01 8.637426e+01 2.519472e+02
      vertex   1.977362e+01 8.537426e+01 2.519472e+02
      vertex   1.927626e+01 8.637426e+01 2.518099e+02
    endloop
  endfacet
  facet normal 2.660368e-01 0.000000e+00 -9.639629e-01
    outer loop
      vertex   1.927626e+01 8.637426e+01 2.518099e+02
      vertex   1.977362e+01 8.537426e+01 2.519472e+02
      vertex   1.927626e+01 8.537426e+01 2.518099e+02
    endloop
  endfacet
  facet normal 1.785569e-01 0.000000e+00 -9.839296e-01
    outer loop
      vertex   1.927626e+01 8.637426e+01 2.518099e+02
      vertex   1.927626e+01 8.537426e+01 2.518099e+02
      vertex   1.876861e+01 8.637426e+01 2.517178e+02
    endloop
  endfacet
  facet normal 1.785569e-01 -6.343615e-16 -9.839296e-01
    outer loop
      vertex   1.876861e+01 8.637426e+01 2.517178e+02
      vertex   1.927626e+01 8.537426e+01 2.518099e+02
      vertex   1.876861e+01 8.537426e+01 2.517178e+02
    endloop
  endfacet
  facet normal 8.963931e-02 -3.184628e-16 -9.959743e-01
    outer loop
      vertex   1.876861e+01 8.637426e+01 2.517178e+02
      vertex   1.876861e+01 8.537426e+01 2.517178e+02
      vertex   1.825474e+01 8.637426e+01 2.516715e+02
    endloop
  endfacet
  facet normal 8.963931e-02 0.000000e+00 -9.959743e-01
    outer loop
      vertex   1.825474e+01 8.637426e+01 2.516715e+02
      vertex   1.876861e+01 8.537426e+01 2.517178e+02
      vertex   1.825474e+01 8.537426e+01 2.516715e+02
    endloop
  endfacet
  facet normal -0.000000e+00 -0.000000e+00 -1.000000e+00
    outer loop
      vertex   1.825474e+01 8.637426e+01 2.516715e+02
      vertex   1.825474e+01 8.537426e+01 2.516715e+02
      vertex   1.773879e+01 8.637426e+01 2.516715e+02
    endloop
  endfacet
  facet normal 0.000000e+00 0.000000e+00 -1.000000e+00
    outer loop
      vertex   1.773879e+01 8.637426e+01 2.516715e+02
      vertex   1.825474e+01 8.537426e+01 2.516715e+02
      vertex   1.773879e+01 8.537426e+01 2.516715e+02
    endloop
  endfacet
  facet normal -8.963931e-02 -0.000000e+00 -9.959743e-01
    outer loop
      vertex   1.773879e+01 8.637426e+01 2.516715e+02
      vertex   1.773879e+01 8.537426e+01 2.516715e+02
      vertex   1.722493e+01 8.637426e+01 2.517178e+02
    endloop
  endfacet
  facet normal -8.963931e-02 3.184628e-16 -9.959743e-01
    outer loop
      vertex   1.722493e+01 8.637426e+01 2.517178e+02
      vertex   1.773879e+01 8.537426e+01 2.516715e+02
      vertex   1.722493e+01 8.537426e+01 2.517178e+02
    endloop
  endfacet
  facet normal -1.785569e-01 6.343615e-16 -9.839296e-01
    outer loop
      vertex   1.722493e+01 8.637426e+01 2.517178e+02
      vertex   1.722493e+01 8.537426e+01 2.517178e+02
      vertex   1.671727e+01 8.637426e+01 2.518099e+02
    endloop
  endfacet
  facet normal -1.785569e-01 6.343615e-16 -9.839296e-01
    outer loop
      vertex   1.671727e+01 8.637426e+01 2.518099e+02
      vertex   1.722493e+01 8.537426e+01 2.517178e+02
      vertex   1.671727e+01 8.537426e+01 2.518099e+02
    endloop
  endfacet
  facet normal -2.660368e-01 9.451527e-16 -9.639629e-01
    outer loop
      vertex   1.671727e+01 8.637426e+01 2.518099e+02
      vertex   1.671727e+01 8.537426e+01 2.518099e+02
      vertex   1.621992e+01 8.637426e+01 2.519472e+02
    endloop
  endfacet
  facet normal -2.660368e-01 9.451527e-16 -9.639629e-01
    outer loop
      vertex   1.621992e+01 8.637426e+01 2.519472e+02
      vertex   1.671727e+01 8.537426e+01 2.518099e+02
      vertex   1.621992e+01 8.537426e+01 2.519472e+02
    endloop
  endfacet
  facet normal -3.513748e-01 1.248334e-15 -9.362349e-01
    outer loop
      vertex   1.621992e+01 8.637426e+01 2.519472e+02
      vertex   1.621992e+01 8.537426e+01 2.519472e+02
      vertex   1.573687e+01 8.637426e+01 2.521284e+02
    endloop
  endfacet
  facet normal -3.513748e-01 1.248334e-15 -9.362349e-01
    outer loop
      vertex   1.573687e+01 8.637426e+01 2.521284e+02
      vertex   1.621992e+01 8.537426e+01 2.519472e+02
      vertex   1.573687e+01 8.537426e+01 2.521284e+02
    endloop
  endfacet
  facet normal -4.338837e-01 1.541465e-15 -9.009689e-01
    outer loop
      vertex   1.573687e+01 8.637426e+01 2.521284e+02
      vertex   1.573687e+01 8.537426e+01 2.521284e+02
      vertex   1.527202e+01 8.637426e+01 2.523523e+02
    endloop
  endfacet
  facet normal -4.338837e-01 -0.000000e+00 -9.009689e-01
    outer loop
      vertex   1.527202e+01 8.637426e+01 2.523523e+02
      vertex   1.573687e+01 8.537426e+01 2.521284e+02
      vertex   1.527202e+01 8.537426e+01 2.523523e+02
    endloop
  endfacet
  facet normal -5.128993e-01 -0.000000e+00 -8.584488e-01
    outer loop
      vertex   1.527202e+01 8.637426e+01 2.523523e+02
      vertex   1.527202e+01 8.537426e+01 2.523523e+02
      vertex   1.482911e+01 8.637426e+01 2.526169e+02
    endloop
  endfacet
  facet normal -5.128993e-01 9.110921e-16 -8.584488e-01
    outer loop
      vertex   1.482911e+01 8.637426e+01 2.526169e+02
      vertex   1.527202e+01 8.537426e+01 2.523523e+02
      vertex   1.482911e+01 8.537426e+01 2.526169e+02
    endloop
  endfacet
  facet normal -5.877853e-01 1.044116e-15 -8.090170e-01
    outer loop
      vertex   1.482911e+01 8.637426e+01 2.526169e+02
      vertex   1.482911e+01 8.537426e+01 2.526169e+02
      vertex   1.441170e+01 8.637426e+01 2.529202e+02
    endloop
  endfacet
  facet normal -5.877853e-01 1.044116e-15 -8.090170e-01
    outer loop
      vertex   1.441170e+01 8.637426e+01 2.529202e+02
      vertex   1.482911e+01 8.537426e+01 2.526169e+02
      vertex   1.441170e+01 8.537426e+01 2.529202e+02
    endloop
  endfacet
  facet normal -6.579387e-01 1.168734e-15 -7.530715e-01
    outer loop
      vertex   1.441170e+01 8.637426e+01 2.529202e+02
      vertex   1.441170e+01 8.537426e+01 2.529202e+02
      vertex   1.402316e+01 8.637426e+01 2.532597e+02
    endloop
  endfacet
  facet normal -6.579387e-01 2.337468e-15 -7.530715e-01
    outer loop
      vertex   1.402316e+01 8.637426e+01 2.532597e+02
      vertex   1.441170e+01 8.537426e+01 2.529202e+02
      vertex   1.402316e+01 8.537426e+01 2.532597e+02
    endloop
  endfacet
  facet normal -7.227949e-01 2.567883e-15 -6.910626e-01
    outer loop
      vertex   1.402316e+01 8.637426e+01 2.532597e+02
      vertex   1.402316e+01 8.537426e+01 2.532597e+02
      vertex   1.366661e+01 8.637426e+01 2.536326e+02
    endloop
  endfacet
  facet normal -7.227949e-01 1.283942e-15 -6.910626e-01
    outer loop
      vertex   1.366661e+01 8.637426e+01 2.536326e+02
      vertex   1.402316e+01 8.537426e+01 2.532597e+02
      vertex   1.366661e+01 8.537426e+01 2.536326e+02
    endloop
  endfacet
  facet normal -7.818315e-01 1.388812e-15 -6.234898e-01
    outer loop
      vertex   1.366661e+01 8.637426e+01 2.536326e+02
      vertex   1.366661e+01 8.537426e+01 2.536326e+02
      vertex   1.334492e+01 8.637426e+01 2.540360e+02
    endloop
  endfacet
  facet normal -7.818315e-01 1.388812e-15 -6.234898e-01
    outer loop
      vertex   1.334492e+01 8.637426e+01 2.540360e+02
      vertex   1.366661e+01 8.537426e+01 2.536326e+02
      vertex   1.334492e+01 8.537426e+01 2.540360e+02
    endloop
  endfacet
  facet normal -8.345733e-01 1.482500e-15 -5.508970e-01
    outer loop
      vertex   1.334492e+01 8.637426e+01 2.540360e+02
      vertex   1.334492e+01 8.537426e+01 2.540360e+02
      vertex   1.306069e+01 8.637426e+01 2.544666e+02
    endloop
  endfacet
  facet normal -8.345733e-01 1.482500e-15 -5.508970e-01
    outer loop
      vertex   1.306069e+01 8.637426e+01 2.544666e+02
      vertex   1.334492e+01 8.537426e+01 2.540360e+02
      vertex   1.306069e+01 8.537426e+01 2.544666e+02
    endloop
  endfacet
  facet normal -8.805955e-01 1.564252e-15 -4.738687e-01
    outer loop
      vertex   1.306069e+01 8.637426e+01 2.544666e+02
      vertex   1.306069e+01 8.537426e+01 2.544666e+02
      vertex   1.281620e+01 8.637426e+01 2.549209e+02
    endloop
  endfacet
  facet normal -8.805955e-01 -0.000000e+00 -4.738687e-01
    outer loop
      vertex   1.281620e+01 8.637426e+01 2.549209e+02
      vertex   1.306069e+01 8.537426e+01 2.544666e+02
      vertex   1.281620e+01 8.537426e+01 2.549209e+02
    endloop
  endfacet
  facet normal -9.195278e-01 -0.000000e+00 -3.930250e-01
    outer loop
      vertex   1.281620e+01 8.637426e+01 2.549209e+02
      vertex   1.281620e+01 8.537426e+01 2.549209e+02
      vertex   1.261342e+01 8.637426e+01 2.553953e+02
    endloop
  endfacet
  facet normal -9.195278e-01 -0.000000e+00 -3.930250e-01
    outer loop
      vertex   1.261342e+01 8.637426e+01 2.553953e+02
      vertex   1.281620e+01 8.537426e+01 2.549209e+02
      vertex   1.261342e+01 8.537426e+01 2.553953e+02
    endloop
  endfacet
  facet normal -9.510565e-01 -0.000000e+00 -3.090170e-01
    outer loop
      vertex   1.261342e+01 8.637426e+01 2.553953e+02
      vertex   1.261342e+01 8.537426e+01 2.553953e+02
      vertex   1.245398e+01 8.637426e+01 2.558860e+02
    endloop
  endfacet
  facet normal -9.510565e-01 3.378831e-15 -3.090170e-01
    outer loop
      vertex   1.245398e+01 8.637426e+01 2.558860e+02
      vertex   1.261342e+01 8.537426e+01 2.553953e+02
      vertex   1.245398e+01 8.537426e+01 2.558860e+02
    endloop
  endfacet
  facet normal -9.749279e-01 3.463640e-15 -2.225209e-01
    outer loop
      vertex   1.245398e+01 8.637426e+01 2.558860e+02
      vertex   1.245398e+01 8.537426e+01 2.558860e+02
      vertex   1.233917e+01 8.637426e+01 2.563890e+02
    endloop
  endfacet
  facet normal -9.749279e-01 1.731820e-15 -2.225209e-01
    outer loop
      vertex   1.233917e+01 8.637426e+01 2.563890e+02
      vertex   1.245398e+01 8.537426e+01 2.558860e+02
      vertex   1.233917e+01 8.537426e+01 2.563890e+02
    endloop
  endfacet
  facet normal -9.909498e-01 1.760280e-15 -1.342333e-01
    outer loop
      vertex   1.233917e+01 8.637426e+01 2.563890e+02
      vertex   1.233917e+01 8.537426e+01 2.563890e+02
      vertex   1.226992e+01 8.637426e+01 2.569003e+02
    endloop
  endfacet
  facet normal -9.909498e-01 1.760280e-15 -1.342333e-01
    outer loop
      vertex   1.226992e+01 8.637426e+01 2.569003e+02
      vertex   1.233917e+01 8.537426e+01 2.563890e+02
      vertex   1.226992e+01 8.537426e+01 2.569003e+02
    endloop
  endfacet
  facet normal 3.722164e-15 1.000000e+00 -1.671626e-16
    outer loop
      vertex   1.226992e+01 8.637426e+01 2.579312e+02
      vertex   2.372362e+01 8.637426e+01 2.579312e+02
      vertex   1.224677e+01 8.637426e+01 2.574157e+02
    endloop
  endfacet
  facet normal 3.707179e-15 1.000000e+00 1.664896e-16
    outer loop
      vertex   1.224677e+01 8.637426e+01 2.574157e+02
      vertex   2.372362e+01 8.637426e+01 2.579312e+02
      vertex   2.374677e+01 8.637426e+01 2.574157e+02
    endloop
  endfacet
  facet normal 3.707179e-15 1.000000e+00 1.664896e-16
    outer loop
      vertex   1.224677e+01 8.637426e+01 2.574157e+02
      vertex   2.374677e+01 8.637426e+01 2.574157e+02
      vertex   1.226992e+01 8.637426e+01 2.569003e+02
    endloop
  endfacet
  facet normal 3.722164e-15 1.000000e+00 -1.671626e-16
    outer loop
      vertex   1.226992e+01 8.637426e+01 2.569003e+02
      vertex   2.374677e+01 8.637426e+01 2.574157e+02
      vertex   2.372362e+01 8.637426e+01 2.569003e+02
    endloop
  endfacet
  facet normal 3.722164e-15 1.000000e+00 5.042013e-16
    outer loop
      vertex   1.226992e+01 8.637426e+01 2.569003e+02
      vertex   2.372362e+01 8.637426e+01 2.569003e+02
      vertex   1.233917e+01 8.637426e+01 2.563890e+02
    endloop
  endfacet
  facet normal 3.767728e-15 1.000000e+00 -5.103735e-16
    outer loop
      vertex   1.233917e+01 8.637426e+01 2.563890e+02
      vertex   2.372362e+01 8.637426e+01 2.569003e+02
      vertex   2.365436e+01 8.637426e+01 2.563890e+02
    endloop
  endfacet
  facet normal 3.767728e-15 1.000000e+00 8.599594e-16
    outer loop
      vertex   1.233917e+01 8.637426e+01 2.563890e+02
      vertex   2.365436e+01 8.637426e+01 2.563890e+02
      vertex   1.245398e+01 8.637426e+01 2.558860e+02
    endloop
  endfacet
  facet normal 3.845770e-15 1.000000e+00 -8.777719e-16
    outer loop
      vertex   1.245398e+01 8.637426e+01 2.558860e+02
      vertex   2.365436e+01 8.637426e+01 2.563890e+02
      vertex   2.353955e+01 8.637426e+01 2.558860e+02
    endloop
  endfacet
  facet normal 3.845770e-15 1.000000e+00 1.249566e-15
    outer loop
      vertex   1.245398e+01 8.637426e+01 2.558860e+02
      vertex   2.353955e+01 8.637426e+01 2.558860e+02
      vertex   1.261342e+01 8.637426e+01 2.553953e+02
    endloop
  endfacet
  facet normal 3.959668e-15 1.000000e+00 -1.286574e-15
    outer loop
      vertex   1.261342e+01 8.637426e+01 2.553953e+02
      vertex   2.353955e+01 8.637426e+01 2.558860e+02
      vertex   2.338012e+01 8.637426e+01 2.553953e+02
    endloop
  endfacet
  facet normal 3.959668e-15 1.000000e+00 1.692443e-15
    outer loop
      vertex   1.261342e+01 8.637426e+01 2.553953e+02
      vertex   2.338012e+01 8.637426e+01 2.553953e+02
      vertex   1.281620e+01 8.637426e+01 2.549209e+02
    endloop
  endfacet
  facet normal 4.114659e-15 1.000000e+00 -1.758690e-15
    outer loop
      vertex   1.281620e+01 8.637426e+01 2.549209e+02
      vertex   2.338012e+01 8.637426e+01 2.553953e+02
      vertex   2.317734e+01 8.637426e+01 2.549209e+02
    endloop
  endfacet
  facet normal 4.114659e-15 1.000000e+00 2.214192e-15
    outer loop
      vertex   1.281620e+01 8.637426e+01 2.549209e+02
      vertex   2.317734e+01 8.637426e+01 2.549209e+02
      vertex   1.306069e+01 8.637426e+01 2.544666e+02
    endloop
  endfacet
  facet normal 4.318463e-15 1.000000e+00 -2.323864e-15
    outer loop
      vertex   1.306069e+01 8.637426e+01 2.544666e+02
      vertex   2.317734e+01 8.637426e+01 2.549209e+02
      vertex   2.293285e+01 8.637426e+01 2.544666e+02
    endloop
  endfacet
  facet normal 4.318463e-15 1.000000e+00 2.850593e-15
    outer loop
      vertex   1.306069e+01 8.637426e+01 2.544666e+02
      vertex   2.293285e+01 8.637426e+01 2.544666e+02
      vertex   1.334492e+01 8.637426e+01 2.540360e+02
    endloop
  endfacet
  facet normal 4.582326e-15 1.000000e+00 -3.024767e-15
    outer loop
      vertex   1.334492e+01 8.637426e+01 2.540360e+02
      vertex   2.293285e+01 8.637426e+01 2.544666e+02
      vertex   2.264862e+01 8.637426e+01 2.540360e+02
    endloop
  endfacet
  facet normal 4.582326e-15 1.000000e+00 -6.680418e-14
    outer loop
      vertex   1.334492e+01 8.637426e+01 2.540360e+02
      vertex   2.264862e+01 8.637426e+01 2.540360e+02
      vertex   1.366661e+01 8.637426e+01 2.536326e+02
    endloop
  endfacet
  facet normal -0.000000e+00 1.000000e+00 3.522923e-14
    outer loop
      vertex   1.366661e+01 8.637426e+01 2.536326e+02
      vertex   2.264862e+01 8.637426e+01 2.540360e+02
      vertex   2.232693e+01 8.637426e+01 2.536326e+02
    endloop
  endfacet
  facet normal -0.000000e+00 1.000000e+00 0.000000e+00
    outer loop
      vertex   1.366661e+01 8.637426e+01 2.536326e+02
      vertex   2.232693e+01 8.637426e+01 2.536326e+02
      vertex   1.402316e+01 8.637426e+01 2.532597e+02
    endloop
  endfacet
  facet normal 0.000000e+00 1.000000e+00 0.000000e+00
    outer loop
      vertex   1.402316e+01 8.637426e+01 2.532597e+02
      vertex   2.232693e+01 8.637426e+01 2.536326e+02
      vertex   2.197038e+01 8.637426e+01 2.532597e+02
    endloop
  endfacet
  facet normal -0.000000e+00 1.000000e+00 0.000000e+00
    outer loop
      vertex   1.402316e+01 8.637426e+01 2.532597e+02
      vertex   2.197038e+01 8.637426e+01 2.532597e+02
      vertex   1.441170e+01 8.637426e+01 2.529202e+02
    endloop
  endfacet
  facet normal 0.000000e+00 1.000000e+00 0.000000e+00
    outer loop
      vertex   1.441170e+01 8.637426e+01 2.529202e+02
      vertex   2.197038e+01 8.637426e+01 2.532597e+02
      vertex   2.158183e+01 8.637426e+01 2.529202e+02
    endloop
  endfacet
  facet normal -0.000000e+00 1.000000e+00 0.000000e+00
    outer loop
      vertex   1.441170e+01 8.637426e+01 2.529202e+02
      vertex   2.158183e+01 8.637426e+01 2.529202e+02
      vertex   1.482911e+01 8.637426e+01 2.526169e+02
    endloop
  endfacet
  facet normal 0.000000e+00 1.000000e+00 0.000000e+00
    outer loop
      vertex   1.482911e+01 8.637426e+01 2.526169e+02
      vertex   2.158183e+01 8.637426e+01 2.529202e+02
      vertex   2.116443e+01 8.637426e+01 2.526169e+02
    endloop
  endfacet
  facet normal -0.000000e+00 1.000000e+00 0.000000e+00
    outer loop
      vertex   1.482911e+01 8.637426e+01 2.526169e+02
      vertex   2.116443e+01 8.637426e+01 2.526169e+02
      vertex   1.527202e+01 8.637426e+01 2.523523e+02
    endloop
  endfacet
  facet normal 0.000000e+00 1.000000e+00 0.000000e+00
    outer loop
      vertex   1.527202e+01 8.637426e+01 2.523523e+02
      vertex   2.116443e+01 8.637426e+01 2.526169e+02
      vertex   2.072151e+01 8.637426e+01 2.523523e+02
    endloop
  endfacet
  facet normal -0.000000e+00 1.000000e+00 0.000000e+00
    outer loop
      vertex   1.527202e+01 8.637426e+01 2.523523e+02
      vertex   2.072151e+01 8.637426e+01 2.523523e+02
      vertex   1.573687e+01 8.637426e+01 2.521284e+02
    endloop
  endfacet
  facet normal 0.000000e+00 1.000000e+00 0.000000e+00
    outer loop
      vertex   1.573687e+01 8.637426e+01 2.521284e+02
      vertex   2.072151e+01 8.637426e+01 2.523523e+02
      vertex   2.025666e+01 8.637426e+01 2.521284e+02
    endloop
  endfacet
  facet normal -0.000000e+00 1.000000e+00 0.000000e+00
    outer loop
      vertex   1.573687e+01 8.637426e+01 2.521284e+02
      vertex   2.025666e+01 8.637426e+01 2.521284e+02
      vertex   1.621992e+01 8.637426e+01 2.519472e+02
    endloop
  endfacet
  facet normal 0.000000e+00 1.000000e+00 0.000000e+00
    outer loop
      vertex   1.621992e+01 8.637426e+01 2.519472e+02
      vertex   2.025666e+01 8.637426e+01 2.521284e+02
      vertex   1.977362e+01 8.637426e+01 2.519472e+02
    endloop
  endfacet
  facet normal -0.000000e+00 1.000000e+00 0.000000e+00
    outer loop
      vertex   1.621992e+01 8.637426e+01 2.519472e+02
      vertex   1.977362e+01 8.637426e+01 2.519472e+02
      vertex   1.671727e+01 8.637426e+01 2.518099e+02
    endloop
  endfacet
  facet normal 0.000000e+00 1.000000e+00 0.000000e+00
    outer loop
      vertex   1.671727e+01 8.637426e+01 2.518099e+02
      vertex   1.977362e+01 8.637426e+01 2.519472e+02
      vertex   1.927626e+01 8.637426e+01 2.518099e+02
    endloop
  endfacet
  facet normal -0.000000e+00 1.000000e+00 0.000000e+00
    outer loop
      vertex   1.671727e+01 8.637426e+01 2.518099e+02
      vertex   1.927626e+01 8.637426e+01 2.518099e+02
      vertex   1.722493e+01 8.637426e+01 2.517178e+02
    endloop
  endfacet
  facet normal 0.000000e+00 1.000000e+00 0.000000e+00
    outer loop
      vertex   1.722493e+01 8.637426e+01 2.517178e+02
      vertex   1.927626e+01 8.637426e+01 2.518099e+02
      vertex   1.876861e+01 8.637426e+01 2.517178e+02
    endloop
  endfacet
  facet normal -0.000000e+00 1.000000e+00 0.000000e+00
    outer loop
      vertex   1.722493e+01 8.637426e+01 2.517178e+02
      vertex   1.876861e+01 8.637426e+01 2.517178e+02
      vertex   1.773879e+01 8.637426e+01 2.516715e+02
    endloop
  endfacet
  facet normal 0.000000e+00 1.000000e+00 0.000000e+00
    outer loop
      vertex   1.773879e+01 8.637426e+01 2.516715e+02
      vertex   1.876861e+01 8.637426e+01 2.517178e+02
      vertex   1.825474e+01 8.637426e+01 2.516715e+02
    endloop
  endfacet
  facet normal 3.722164e-15 1.000000e+00 5.042013e-16
    outer loop
      vertex   2.372362e+01 8.637426e+01 2.579312e+02
      vertex   1.226992e+01 8.637426e+01 2.579312e+02
      vertex   2.365436e+01 8.637426e+01 2.584424e+02
    endloop
  endfacet
  facet normal 3.767728e-15 1.000000e+00 -5.103735e-16
    outer loop
      vertex   2.365436e+01 8.637426e+01 2.584424e+02
      vertex   1.226992e+01 8.637426e+01 2.579312e+02
      vertex   1.233917e+01 8.637426e+01 2.584424e+02
    endloop
  endfacet
  facet normal 3.767728e-15 1.000000e+00 8.599594e-16
    outer loop
      vertex   2.365436e+01 8.637426e+01 2.584424e+02
      vertex   1.233917e+01 8.637426e+01 2.584424e+02
      vertex   2.353955e+01 8.637426e+01 2.589454e+02
    endloop
  endfacet
  facet normal 3.845770e-15 1.000000e+00 -8.777719e-16
    outer loop
      vertex   2.353955e+01 8.637426e+01 2.589454e+02
      vertex   1.233917e+01 8.637426e+01 2.584424e+02
      vertex   1.245398e+01 8.637426e+01 2.589454e+02
    endloop
  endfacet
  facet normal 3.845770e-15 1.000000e+00 1.249566e-15
    outer loop
      vertex   2.353955e+01 8.637426e+01 2.589454e+02
      vertex   1.245398e+01 8.637426e+01 2.589454e+02
      vertex   2.338012e+01 8.637426e+01 2.594361e+02
    endloop
  endfacet
  facet normal 3.959668e-15 1.000000e+00 -1.286574e-15
    outer loop
      vertex   2.338012e+01 8.637426e+01 2.594361e+02
      vertex   1.245398e+01 8.637426e+01 2.589454e+02
      vertex   1.261342e+01 8.637426e+01 2.594361e+02
    endloop
  endfacet
  facet normal 3.959668e-15 1.000000e+00 1.692443e-15
    outer loop
      vertex   2.338012e+01 8.637426e+01 2.594361e+02
      vertex   1.261342e+01 8.637426e+01 2.594361e+02
      vertex   2.317734e+01 8.637426e+01 2.599106e+02
    endloop
  endfacet
  facet normal 4.114659e-15 1.000000e+00 -1.758690e-15
    outer loop
      vertex   2.317734e+01 8.637426e+01 2.599106e+02
      vertex   1.261342e+01 8.637426e+01 2.594361e+02
      vertex   1.281620e+01 8.637426e+01 2.599106e+02
    endloop
  endfacet
  facet normal 4.114659e-15 1.000000e+00 2.214192e-15
    outer loop
      vertex   2.317734e+01 8.637426e+01 2.599106e+02
      vertex   1.281620e+01 8.637426e+01 2.599106e+02
      vertex   2.293285e+01 8.637426e+01 2.603649e+02
    endloop
  endfacet
  facet normal 4.318463e-15 1.000000e+00 -2.323864e-15
    outer loop
      vertex   2.293285e+01 8.637426e+01 2.603649e+02
      vertex   1.281620e+01 8.637426e+01 2.599106e+02
      vertex   1.306069e+01 8.637426e+01 2.603649e+02
    endloop
  endfacet
  facet normal 4.318463e-15 1.000000e+00 2.850593e-15
    outer loop
      vertex   2.293285e+01 8.637426e+01 2.603649e+02
      vertex   1.306069e+01 8.637426e+01 2.603649e+02
      vertex   2.264862e+01 8.637426e+01 2.607955e+02
    endloop
  endfacet
  facet normal 4.582326e-15 1.000000e+00 -3.024767e-15
    outer loop
      vertex   2.264862e+01 8.637426e+01 2.607955e+02
      vertex   1.306069e+01 8.637426e+01 2.603649e+02
      vertex   1.334492e+01 8.637426e+01 2.607955e+02
    endloop
  endfacet
  facet normal 4.582326e-15 1.000000e+00 -3.157495e-14
    outer loop
      vertex   2.264862e+01 8.637426e+01 2.607955e+02
      vertex   1.334492e+01 8.637426e+01 2.607955e+02
      vertex   2.232693e+01 8.637426e+01 2.611989e+02
    endloop
  endfacet
  facet normal 0.000000e+00 1.000000e+00 7.045846e-14
    outer loop
      vertex   2.232693e+01 8.637426e+01 2.611989e+02
      vertex   1.334492e+01 8.637426e+01 2.607955e+02
      vertex   1.366661e+01 8.637426e+01 2.611989e+02
    endloop
  endfacet
  facet normal 0.000000e+00 1.000000e+00 0.000000e+00
    outer loop
      vertex   2.232693e+01 8.637426e+01 2.611989e+02
      vertex   1.366661e+01 8.637426e+01 2.611989e+02
      vertex   2.197038e+01 8.637426e+01 2.615718e+02
    endloop
  endfacet
  facet normal 0.000000e+00 1.000000e+00 0.000000e+00
    outer loop
      vertex   2.197038e+01 8.637426e+01 2.615718e+02
      vertex   1.366661e+01 8.637426e+01 2.611989e+02
      vertex   1.402316e+01 8.637426e+01 2.615718e+02
    endloop
  endfacet
  facet normal 0.000000e+00 1.000000e+00 0.000000e+00
    outer loop
      vertex   2.197038e+01 8.637426e+01 2.615718e+02
      vertex   1.402316e+01 8.637426e+01 2.615718e+02
      vertex   2.158183e+01 8.637426e+01 2.619113e+02
    endloop
  endfacet
  facet normal 0.000000e+00 1.000000e+00 0.000000e+00
    outer loop
      vertex   2.158183e+01 8.637426e+01 2.619113e+02
      vertex   1.402316e+01 8.637426e+01 2.615718e+02
      vertex   1.441170e+01 8.637426e+01 2.619113e+02
    endloop
  endfacet
  facet normal 0.000000e+00 1.000000e+00 0.000000e+00
    outer loop
      vertex   2.158183e+01 8.637426e+01 2.619113e+02
      vertex   1.441170e+01 8.637426e+01 2.619113e+02
      vertex   2.116443e+01 8.637426e+01 2.622145e+02
    endloop
  endfacet
  facet normal 0.000000e+00 1.000000e+00 0.000000e+00
    outer loop
      vertex   2.116443e+01 8.637426e+01 2.622145e+02
      vertex   1.441170e+01 8.637426e+01 2.619113e+02
      vertex   1.482911e+01 8.637426e+01 2.622145e+02
    endloop
  endfacet
  facet normal 0.000000e+00 1.000000e+00 0.000000e+00
    outer loop
      vertex   2.116443e+01 8.637426e+01 2.622145e+02
      vertex   1.482911e+01 8.637426e+01 2.622145e+02
      vertex   2.072151e+01 8.637426e+01 2.624792e+02
    endloop
  endfacet
  facet normal 0.000000e+00 1.000000e+00 0.000000e+00
    outer loop
      vertex   2.072151e+01 8.637426e+01 2.624792e+02
      vertex   1.482911e+01 8.637426e+01 2.622145e+02
      vertex   1.527202e+01 8.637426e+01 2.624792e+02
    endloop
  endfacet
  facet normal 0.000000e+00 1.000000e+00 0.000000e+00
    outer loop
      vertex   2.072151e+01 8.637426e+01 2.624792e+02
      vertex   1.527202e+01 8.637426e+01 2.624792e+02
      vertex   2.025666e+01 8.637426e+01 2.627030e+02
    endloop
  endfacet
  facet normal 0.000000e+00 1.000000e+00 0.000000e+00
    outer loop
      vertex   2.025666e+01 8.637426e+01 2.627030e+02
      vertex   1.527202e+01 8.637426e+01 2.624792e+02
      vertex   1.573687e+01 8.637426e+01 2.627030e+02
    endloop
  endfacet
  facet normal 0.000000e+00 1.000000e+00 0.000000e+00
    outer loop
      vertex   2.025666e+01 8.637426e+01 2.627030e+02
      vertex   1.573687e+01 8.637426e+01 2.627030e+02
      vertex   1.977362e+01 8.637426e+01 2.628843e+02
    endloop
  endfacet
  facet normal 0.000000e+00 1.000000e+00 0.000000e+00
    outer loop
      vertex   1.977362e+01 8.637426e+01 2.628843e+02
      vertex   1.573687e+01 8.637426e+01 2.627030e+02
      vertex   1.621992e+01 8.637426e+01 2.628843e+02
    endloop
  endfacet
  facet normal 0.000000e+00 1.000000e+00 0.000000e+00
    outer loop
      vertex   1.977362e+01 8.637426e+01 2.628843e+02
      vertex   1.621992e+01 8.637426e+01 2.628843e+02
      vertex   1.927626e+01 8.637426e+01 2.630216e+02
    endloop
  endfacet
  facet normal 0.000000e+00 1.000000e+00 0.000000e+00
    outer loop
      vertex   1.927626e+01 8.637426e+01 2.630216e+02
      vertex   1.621992e+01 8.637426e+01 2.628843e+02
      vertex   1.671727e+01 8.637426e+01 2.630216e+02
    endloop
  endfacet
  facet normal 0.000000e+00 1.000000e+00 0.000000e+00
    outer loop
      vertex   1.927626e+01 8.637426e+01 2.630216e+02
      vertex   1.671727e+01 8.637426e+01 2.630216e+02
      vertex   1.876861e+01 8.637426e+01 2.631137e+02
    endloop
  endfacet
  facet normal 0.000000e+00 1.000000e+00 0.000000e+00
    outer loop
      vertex   1.876861e+01 8.637426e+01 2.631137e+02
      vertex   1.671727e+01 8.637426e+01 2.630216e+02
      vertex   1.722493e+01 8.637426e+01 2.631137e+02
    endloop
  endfacet
  facet normal 0.000000e+00 1.000000e+00 0.000000e+00
    outer loop
      vertex   1.876861e+01 8.637426e+01 2.631137e+02
      vertex   1.722493e+01 8.637426e+01 2.631137e+02
      vertex   1.825474e+01 8.637426e+01 2.631599e+02
    endloop
  endfacet
  facet normal 0.000000e+00 1.000000e+00 0.000000e+00
    outer loop
      vertex   1.825474e+01 8.637426e+01 2.631599e+02
      vertex   1.722493e+01 8.637426e+01 2.631137e+02
      vertex   1.773879e+01 8.637426e+01 2.631599e+02
    endloop
  endfacet
  facet normal 9.976688e-01 -1.993743e-15 6.824241e-02
    outer loop
      vertex   -4.329947e+00 8.137426e+01 2.569253e+02
      vertex   -4.329947e+00 8.537426e+01 2.569253e+02
      vertex   -4.353232e+00 8.137426e+01 2.572657e+02
    endloop
  endfacet
  facet normal 9.976688e-01 -1.772216e-15 6.824241e-02
    outer loop
      vertex   -4.353232e+00 8.137426e+01 2.572657e+02
      vertex   -4.329947e+00 8.537426e+01 2.569253e+02
      vertex   -4.353232e+00 8.537426e+01 2.572657e+02
    endloop
  endfacet
  facet normal 9.976688e-01 -1.772216e-15 -6.824241e-02
    outer loop
      vertex   -4.353232e+00 8.137426e+01 2.572657e+02
      vertex   -4.353232e+00 8.537426e+01 2.572657e+02
      vertex   -4.329947e+00 8.137426e+01 2.576062e+02
    endloop
  endfacet
  facet normal 9.976688e-01 -1.993743e-15 -6.824241e-02
    outer loop
      vertex   -4.329947e+00 8.137426e+01 2.576062e+02
      vertex   -4.353232e+00 8.537426e+01 2.572657e+02
      vertex   -4.329947e+00 8.537426e+01 2.576062e+02
    endloop
  endfacet
  facet normal 9.790841e-01 -1.956603e-15 -2.034560e-01
    outer loop
      vertex   -4.329947e+00 8.137426e+01 2.576062e+02
      vertex   -4.329947e+00 8.537426e+01 2.576062e+02
      vertex   -4.260526e+00 8.137426e+01 2.579402e+02
    endloop
  endfacet
  facet normal 9.790841e-01 -1.739203e-15 -2.034560e-01
    outer loop
      vertex   -4.260526e+00 8.137426e+01 2.579402e+02
      vertex   -4.329947e+00 8.537426e+01 2.576062e+02
      vertex   -4.260526e+00 8.537426e+01 2.579402e+02
    endloop
  endfacet
  facet normal 9.422609e-01 -1.673792e-15 -3.348796e-01
    outer loop
      vertex   -4.260526e+00 8.137426e+01 2.579402e+02
      vertex   -4.260526e+00 8.537426e+01 2.579402e+02
      vertex   -4.146261e+00 8.137426e+01 2.582617e+02
    endloop
  endfacet
  facet normal 9.422609e-01 -1.673792e-15 -3.348796e-01
    outer loop
      vertex   -4.146261e+00 8.137426e+01 2.582617e+02
      vertex   -4.260526e+00 8.537426e+01 2.579402e+02
      vertex   -4.146261e+00 8.537426e+01 2.582617e+02
    endloop
  endfacet
  facet normal 8.878852e-01 -1.577201e-15 -4.600650e-01
    outer loop
      vertex   -4.146261e+00 8.137426e+01 2.582617e+02
      vertex   -4.146261e+00 8.537426e+01 2.582617e+02
      vertex   -3.989281e+00 8.137426e+01 2.585647e+02
    endloop
  endfacet
  facet normal 8.878852e-01 -1.774351e-15 -4.600650e-01
    outer loop
      vertex   -3.989281e+00 8.137426e+01 2.585647e+02
      vertex   -4.146261e+00 8.537426e+01 2.582617e+02
      vertex   -3.989281e+00 8.537426e+01 2.585647e+02
    endloop
  endfacet
  facet normal 8.169699e-01 -1.632634e-15 -5.766803e-01
    outer loop
      vertex   -3.989281e+00 8.137426e+01 2.585647e+02
      vertex   -3.989281e+00 8.537426e+01 2.585647e+02
      vertex   -3.792511e+00 8.137426e+01 2.588435e+02
    endloop
  endfacet
  facet normal 8.169699e-01 -1.632634e-15 -5.766803e-01
    outer loop
      vertex   -3.792511e+00 8.137426e+01 2.588435e+02
      vertex   -3.989281e+00 8.537426e+01 2.585647e+02
      vertex   -3.792511e+00 8.537426e+01 2.588435e+02
    endloop
  endfacet
  facet normal 7.308360e-01 -1.460504e-15 -6.825531e-01
    outer loop
      vertex   -3.792511e+00 8.137426e+01 2.588435e+02
      vertex   -3.792511e+00 8.537426e+01 2.588435e+02
      vertex   -3.559615e+00 8.137426e+01 2.590928e+02
    endloop
  endfacet
  facet normal 7.308360e-01 -1.379365e-15 -6.825531e-01
    outer loop
      vertex   -3.559615e+00 8.137426e+01 2.590928e+02
      vertex   -3.792511e+00 8.537426e+01 2.588435e+02
      vertex   -3.559615e+00 8.537426e+01 2.590928e+02
    endloop
  endfacet
  facet normal 6.310879e-01 -1.191102e-15 -7.757113e-01
    outer loop
      vertex   -3.559615e+00 8.137426e+01 2.590928e+02
      vertex   -3.559615e+00 8.537426e+01 2.590928e+02
      vertex   -3.294933e+00 8.137426e+01 2.593082e+02
    endloop
  endfacet
  facet normal 6.310879e-01 -1.261167e-15 -7.757113e-01
    outer loop
      vertex   -3.294933e+00 8.137426e+01 2.593082e+02
      vertex   -3.559615e+00 8.537426e+01 2.590928e+02
      vertex   -3.294933e+00 8.537426e+01 2.593082e+02
    endloop
  endfacet
  facet normal 5.195840e-01 -1.038337e-15 -8.544194e-01
    outer loop
      vertex   -3.294933e+00 8.137426e+01 2.593082e+02
      vertex   -3.294933e+00 8.537426e+01 2.593082e+02
      vertex   -3.003395e+00 8.137426e+01 2.594854e+02
    endloop
  endfacet
  facet normal 5.195840e-01 -1.038337e-15 -8.544194e-01
    outer loop
      vertex   -3.003395e+00 8.137426e+01 2.594854e+02
      vertex   -3.294933e+00 8.537426e+01 2.593082e+02
      vertex   -3.003395e+00 8.537426e+01 2.594854e+02
    endloop
  endfacet
  facet normal 3.984011e-01 -7.961653e-16 -9.172113e-01
    outer loop
      vertex   -3.003395e+00 8.137426e+01 2.594854e+02
      vertex   -3.003395e+00 8.537426e+01 2.594854e+02
      vertex   -2.690431e+00 8.137426e+01 2.596214e+02
    endloop
  endfacet
  facet normal 3.984011e-01 -7.519339e-16 -9.172113e-01
    outer loop
      vertex   -2.690431e+00 8.137426e+01 2.596214e+02
      vertex   -3.003395e+00 8.537426e+01 2.594854e+02
      vertex   -2.690431e+00 8.537426e+01 2.596214e+02
    endloop
  endfacet
  facet normal 2.697968e-01 -5.092088e-16 -9.629173e-01
    outer loop
      vertex   -2.690431e+00 8.137426e+01 2.596214e+02
      vertex   -2.690431e+00 8.537426e+01 2.596214e+02
      vertex   -2.361872e+00 8.137426e+01 2.597134e+02
    endloop
  endfacet
  facet normal 2.697968e-01 -5.391623e-16 -9.629173e-01
    outer loop
      vertex   -2.361872e+00 8.137426e+01 2.597134e+02
      vertex   -2.690431e+00 8.537426e+01 2.596214e+02
      vertex   -2.361872e+00 8.537426e+01 2.597134e+02
    endloop
  endfacet
  facet normal 1.361666e-01 -2.721156e-16 -9.906859e-01
    outer loop
      vertex   -2.361872e+00 8.137426e+01 2.597134e+02
      vertex   -2.361872e+00 8.537426e+01 2.597134e+02
      vertex   -2.023838e+00 8.137426e+01 2.597599e+02
    endloop
  endfacet
  facet normal 1.361666e-01 -2.721156e-16 -9.906859e-01
    outer loop
      vertex   -2.023838e+00 8.137426e+01 2.597599e+02
      vertex   -2.361872e+00 8.537426e+01 2.597134e+02
      vertex   -2.023838e+00 8.537426e+01 2.597599e+02
    endloop
  endfacet
  facet normal 0.000000e+00 0.000000e+00 -1.000000e+00
    outer loop
      vertex   -2.023838e+00 8.137426e+01 2.597599e+02
      vertex   -2.023838e+00 8.537426e+01 2.597599e+02
      vertex   -1.682626e+00 8.137426e+01 2.597599e+02
    endloop
  endfacet
  facet normal 0.000000e+00 0.000000e+00 -1.000000e+00
    outer loop
      vertex   -1.682626e+00 8.137426e+01 2.597599e+02
      vertex   -2.023838e+00 8.537426e+01 2.597599e+02
      vertex   -1.682626e+00 8.537426e+01 2.597599e+02
    endloop
  endfacet
  facet normal -1.361666e-01 2.645569e-16 -9.906859e-01
    outer loop
      vertex   -1.682626e+00 8.137426e+01 2.597599e+02
      vertex   -1.682626e+00 8.537426e+01 2.597599e+02
      vertex   -1.344592e+00 8.137426e+01 2.597134e+02
    endloop
  endfacet
  facet normal -1.361666e-01 2.645569e-16 -9.906859e-01
    outer loop
      vertex   -1.344592e+00 8.137426e+01 2.597134e+02
      vertex   -1.682626e+00 8.537426e+01 2.597599e+02
      vertex   -1.344592e+00 8.537426e+01 2.597134e+02
    endloop
  endfacet
  facet normal -2.697968e-01 5.241855e-16 -9.629173e-01
    outer loop
      vertex   -1.344592e+00 8.137426e+01 2.597134e+02
      vertex   -1.344592e+00 8.537426e+01 2.597134e+02
      vertex   -1.016033e+00 8.137426e+01 2.596214e+02
    endloop
  endfacet
  facet normal -2.697968e-01 5.241855e-16 -9.629173e-01
    outer loop
      vertex   -1.016033e+00 8.137426e+01 2.596214e+02
      vertex   -1.344592e+00 8.537426e+01 2.597134e+02
      vertex   -1.016033e+00 8.537426e+01 2.596214e+02
    endloop
  endfacet
  facet normal -3.984011e-01 7.740496e-16 -9.172113e-01
    outer loop
      vertex   -1.016033e+00 8.137426e+01 2.596214e+02
      vertex   -1.016033e+00 8.537426e+01 2.596214e+02
      vertex   -7.030698e-01 8.137426e+01 2.594854e+02
    endloop
  endfacet
  facet normal -3.984011e-01 7.740496e-16 -9.172113e-01
    outer loop
      vertex   -7.030698e-01 8.137426e+01 2.594854e+02
      vertex   -1.016033e+00 8.537426e+01 2.596214e+02
      vertex   -7.030698e-01 8.537426e+01 2.594854e+02
    endloop
  endfacet
  facet normal -5.195840e-01 1.009495e-15 -8.544194e-01
    outer loop
      vertex   -7.030698e-01 8.137426e+01 2.594854e+02
      vertex   -7.030698e-01 8.537426e+01 2.594854e+02
      vertex   -4.115316e-01 8.137426e+01 2.593082e+02
    endloop
  endfacet
  facet normal -5.195840e-01 1.009495e-15 -8.544194e-01
    outer loop
      vertex   -4.115316e-01 8.137426e+01 2.593082e+02
      vertex   -7.030698e-01 8.537426e+01 2.594854e+02
      vertex   -4.115316e-01 8.537426e+01 2.593082e+02
    endloop
  endfacet
  facet normal -6.310879e-01 1.226135e-15 -7.757113e-01
    outer loop
      vertex   -4.115316e-01 8.137426e+01 2.593082e+02
      vertex   -4.115316e-01 8.537426e+01 2.593082e+02
      vertex   -1.468496e-01 8.137426e+01 2.590928e+02
    endloop
  endfacet
  facet normal -6.310879e-01 1.226135e-15 -7.757113e-01
    outer loop
      vertex   -1.468496e-01 8.137426e+01 2.590928e+02
      vertex   -4.115316e-01 8.537426e+01 2.593082e+02
      vertex   -1.468496e-01 8.537426e+01 2.590928e+02
    endloop
  endfacet
  facet normal -7.308360e-01 1.419934e-15 -6.825531e-01
    outer loop
      vertex   -1.468496e-01 8.137426e+01 2.590928e+02
      vertex   -1.468496e-01 8.537426e+01 2.590928e+02
      vertex   8.604580e-02 8.137426e+01 2.588435e+02
    endloop
  endfacet
  facet normal -7.308360e-01 1.419934e-15 -6.825531e-01
    outer loop
      vertex   8.604580e-02 8.137426e+01 2.588435e+02
      vertex   -1.468496e-01 8.537426e+01 2.590928e+02
      vertex   8.604580e-02 8.537426e+01 2.588435e+02
    endloop
  endfacet
  facet normal -8.169699e-01 1.587283e-15 -5.766803e-01
    outer loop
      vertex   8.604580e-02 8.137426e+01 2.588435e+02
      vertex   8.604580e-02 8.537426e+01 2.588435e+02
      vertex   2.828161e-01 8.137426e+01 2.585647e+02
    endloop
  endfacet
  facet normal -8.169699e-01 1.587283e-15 -5.766803e-01
    outer loop
      vertex   2.828161e-01 8.137426e+01 2.585647e+02
      vertex   8.604580e-02 8.537426e+01 2.588435e+02
      vertex   2.828161e-01 8.537426e+01 2.585647e+02
    endloop
  endfacet
  facet normal -8.878852e-01 1.725064e-15 -4.600650e-01
    outer loop
      vertex   2.828161e-01 8.137426e+01 2.585647e+02
      vertex   2.828161e-01 8.537426e+01 2.585647e+02
      vertex   4.397958e-01 8.137426e+01 2.582617e+02
    endloop
  endfacet
  facet normal -8.878852e-01 1.725064e-15 -4.600650e-01
    outer loop
      vertex   4.397958e-01 8.137426e+01 2.582617e+02
      vertex   2.828161e-01 8.537426e+01 2.585647e+02
      vertex   4.397958e-01 8.537426e+01 2.582617e+02
    endloop
  endfacet
  facet normal -9.422609e-01 1.830710e-15 -3.348796e-01
    outer loop
      vertex   4.397958e-01 8.137426e+01 2.582617e+02
      vertex   4.397958e-01 8.537426e+01 2.582617e+02
      vertex   5.540608e-01 8.137426e+01 2.579402e+02
    endloop
  endfacet
  facet normal -9.422609e-01 1.830710e-15 -3.348796e-01
    outer loop
      vertex   5.540608e-01 8.137426e+01 2.579402e+02
      vertex   4.397958e-01 8.537426e+01 2.582617e+02
      vertex   5.540608e-01 8.537426e+01 2.579402e+02
    endloop
  endfacet
  facet normal -9.790841e-01 1.902253e-15 -2.034560e-01
    outer loop
      vertex   5.540608e-01 8.137426e+01 2.579402e+02
      vertex   5.540608e-01 8.537426e+01 2.579402e+02
      vertex   6.234824e-01 8.137426e+01 2.576062e+02
    endloop
  endfacet
  facet normal -9.790841e-01 1.902253e-15 -2.034560e-01
    outer loop
      vertex   6.234824e-01 8.137426e+01 2.576062e+02
      vertex   5.540608e-01 8.537426e+01 2.579402e+02
      vertex   6.234824e-01 8.537426e+01 2.576062e+02
    endloop
  endfacet
  facet normal -9.976688e-01 1.938361e-15 -6.824241e-02
    outer loop
      vertex   6.234824e-01 8.137426e+01 2.576062e+02
      vertex   6.234824e-01 8.537426e+01 2.576062e+02
      vertex   6.467676e-01 8.137426e+01 2.572657e+02
    endloop
  endfacet
  facet normal -9.976688e-01 1.938361e-15 -6.824241e-02
    outer loop
      vertex   6.467676e-01 8.137426e+01 2.572657e+02
      vertex   6.234824e-01 8.537426e+01 2.576062e+02
      vertex   6.467676e-01 8.537426e+01 2.572657e+02
    endloop
  endfacet
  facet normal -9.976688e-01 1.938361e-15 6.824241e-02
    outer loop
      vertex   6.467676e-01 8.137426e+01 2.572657e+02
      vertex   6.467676e-01 8.537426e+01 2.572657e+02
      vertex   6.234824e-01 8.137426e+01 2.569253e+02
    endloop
  endfacet
  facet normal -9.976688e-01 1.938361e-15 6.824241e-02
    outer loop
      vertex   6.234824e-01 8.137426e+01 2.569253e+02
      vertex   6.467676e-01 8.537426e+01 2.572657e+02
      vertex   6.234824e-01 8.537426e+01 2.569253e+02
    endloop
  endfacet
  facet normal -9.790841e-01 1.902253e-15 2.034560e-01
    outer loop
      vertex   6.234824e-01 8.137426e+01 2.569253e+02
      vertex   6.234824e-01 8.537426e+01 2.569253e+02
      vertex   5.540608e-01 8.137426e+01 2.565912e+02
    endloop
  endfacet
  facet normal -9.790841e-01 1.902253e-15 2.034560e-01
    outer loop
      vertex   5.540608e-01 8.137426e+01 2.565912e+02
      vertex   6.234824e-01 8.537426e+01 2.569253e+02
      vertex   5.540608e-01 8.537426e+01 2.565912e+02
    endloop
  endfacet
  facet normal -9.422609e-01 1.830710e-15 3.348796e-01
    outer loop
      vertex   5.540608e-01 8.137426e+01 2.565912e+02
      vertex   5.540608e-01 8.537426e+01 2.565912e+02
      vertex   4.397958e-01 8.137426e+01 2.562697e+02
    endloop
  endfacet
  facet normal -9.422609e-01 1.830710e-15 3.348796e-01
    outer loop
      vertex   4.397958e-01 8.137426e+01 2.562697e+02
      vertex   5.540608e-01 8.537426e+01 2.565912e+02
      vertex   4.397958e-01 8.537426e+01 2.562697e+02
    endloop
  endfacet
  facet normal -8.878852e-01 1.725064e-15 4.600650e-01
    outer loop
      vertex   4.397958e-01 8.137426e+01 2.562697e+02
      vertex   4.397958e-01 8.537426e+01 2.562697e+02
      vertex   2.828161e-01 8.137426e+01 2.559668e+02
    endloop
  endfacet
  facet normal -8.878852e-01 1.725064e-15 4.600650e-01
    outer loop
      vertex   2.828161e-01 8.137426e+01 2.559668e+02
      vertex   4.397958e-01 8.537426e+01 2.562697e+02
      vertex   2.828161e-01 8.537426e+01 2.559668e+02
    endloop
  endfacet
  facet normal -8.169699e-01 1.587283e-15 5.766803e-01
    outer loop
      vertex   2.828161e-01 8.137426e+01 2.559668e+02
      vertex   2.828161e-01 8.537426e+01 2.559668e+02
      vertex   8.604580e-02 8.137426e+01 2.556880e+02
    endloop
  endfacet
  facet normal -8.169699e-01 1.587283e-15 5.766803e-01
    outer loop
      vertex   8.604580e-02 8.137426e+01 2.556880e+02
      vertex   2.828161e-01 8.537426e+01 2.559668e+02
      vertex   8.604580e-02 8.537426e+01 2.556880e+02
    endloop
  endfacet
  facet normal -7.308360e-01 1.419934e-15 6.825531e-01
    outer loop
      vertex   8.604580e-02 8.137426e+01 2.556880e+02
      vertex   8.604580e-02 8.537426e+01 2.556880e+02
      vertex   -1.468496e-01 8.137426e+01 2.554386e+02
    endloop
  endfacet
  facet normal -7.308360e-01 1.419934e-15 6.825531e-01
    outer loop
      vertex   -1.468496e-01 8.137426e+01 2.554386e+02
      vertex   8.604580e-02 8.537426e+01 2.556880e+02
      vertex   -1.468496e-01 8.537426e+01 2.554386e+02
    endloop
  endfacet
  facet normal -6.310879e-01 1.226135e-15 7.757113e-01
    outer loop
      vertex   -1.468496e-01 8.137426e+01 2.554386e+02
      vertex   -1.468496e-01 8.537426e+01 2.554386e+02
      vertex   -4.115316e-01 8.137426e+01 2.552233e+02
    endloop
  endfacet
  facet normal -6.310879e-01 1.226135e-15 7.757113e-01
    outer loop
      vertex   -4.115316e-01 8.137426e+01 2.552233e+02
      vertex   -1.468496e-01 8.537426e+01 2.554386e+02
      vertex   -4.115316e-01 8.537426e+01 2.552233e+02
    endloop
  endfacet
  facet normal -5.195840e-01 1.009495e-15 8.544194e-01
    outer loop
      vertex   -4.115316e-01 8.137426e+01 2.552233e+02
      vertex   -4.115316e-01 8.537426e+01 2.552233e+02
      vertex   -7.030698e-01 8.137426e+01 2.550460e+02
    endloop
  endfacet
  facet normal -5.195840e-01 1.009495e-15 8.544194e-01
    outer loop
      vertex   -7.030698e-01 8.137426e+01 2.550460e+02
      vertex   -4.115316e-01 8.537426e+01 2.552233e+02
      vertex   -7.030698e-01 8.537426e+01 2.550460e+02
    endloop
  endfacet
  facet normal -3.984011e-01 7.740496e-16 9.172113e-01
    outer loop
      vertex   -7.030698e-01 8.137426e+01 2.550460e+02
      vertex   -7.030698e-01 8.537426e+01 2.550460e+02
      vertex   -1.016033e+00 8.137426e+01 2.549101e+02
    endloop
  endfacet
  facet normal -3.984011e-01 7.740496e-16 9.172113e-01
    outer loop
      vertex   -1.016033e+00 8.137426e+01 2.549101e+02
      vertex   -7.030698e-01 8.537426e+01 2.550460e+02
      vertex   -1.016033e+00 8.537426e+01 2.549101e+02
    endloop
  endfacet
  facet normal -2.697968e-01 5.241855e-16 9.629173e-01
    outer loop
      vertex   -1.016033e+00 8.137426e+01 2.549101e+02
      vertex   -1.016033e+00 8.537426e+01 2.549101e+02
      vertex   -1.344592e+00 8.137426e+01 2.548180e+02
    endloop
  endfacet
  facet normal -2.697968e-01 5.391623e-16 9.629173e-01
    outer loop
      vertex   -1.344592e+00 8.137426e+01 2.548180e+02
      vertex   -1.016033e+00 8.537426e+01 2.549101e+02
      vertex   -1.344592e+00 8.537426e+01 2.548180e+02
    endloop
  endfacet
  facet normal -1.361666e-01 2.721156e-16 9.906859e-01
    outer loop
      vertex   -1.344592e+00 8.137426e+01 2.548180e+02
      vertex   -1.344592e+00 8.537426e+01 2.548180e+02
      vertex   -1.682626e+00 8.137426e+01 2.547716e+02
    endloop
  endfacet
  facet normal -1.361666e-01 2.645569e-16 9.906859e-01
    outer loop
      vertex   -1.682626e+00 8.137426e+01 2.547716e+02
      vertex   -1.344592e+00 8.537426e+01 2.548180e+02
      vertex   -1.682626e+00 8.537426e+01 2.547716e+02
    endloop
  endfacet
  facet normal 0.000000e+00 -0.000000e+00 1.000000e+00
    outer loop
      vertex   -1.682626e+00 8.137426e+01 2.547716e+02
      vertex   -1.682626e+00 8.537426e+01 2.547716e+02
      vertex   -2.023838e+00 8.137426e+01 2.547716e+02
    endloop
  endfacet
  facet normal 0.000000e+00 0.000000e+00 1.000000e+00
    outer loop
      vertex   -2.023838e+00 8.137426e+01 2.547716e+02
      vertex   -1.682626e+00 8.537426e+01 2.547716e+02
      vertex   -2.023838e+00 8.537426e+01 2.547716e+02
    endloop
  endfacet
  facet normal 1.361666e-01 -2.569981e-16 9.906859e-01
    outer loop
      vertex   -2.023838e+00 8.137426e+01 2.547716e+02
      vertex   -2.023838e+00 8.537426e+01 2.547716e+02
      vertex   -2.361872e+00 8.137426e+01 2.548180e+02
    endloop
  endfacet
  facet normal 1.361666e-01 -2.569981e-16 9.906859e-01
    outer loop
      vertex   -2.361872e+00 8.137426e+01 2.548180e+02
      vertex   -2.023838e+00 8.537426e+01 2.547716e+02
      vertex   -2.361872e+00 8.537426e+01 2.548180e+02
    endloop
  endfacet
  facet normal 2.697968e-01 -5.092088e-16 9.629173e-01
    outer loop
      vertex   -2.361872e+00 8.137426e+01 2.548180e+02
      vertex   -2.361872e+00 8.537426e+01 2.548180e+02
      vertex   -2.690431e+00 8.137426e+01 2.549101e+02
    endloop
  endfacet
  facet normal 2.697968e-01 -5.092088e-16 9.629173e-01
    outer loop
      vertex   -2.690431e+00 8.137426e+01 2.549101e+02
      vertex   -2.361872e+00 8.537426e+01 2.548180e+02
      vertex   -2.690431e+00 8.537426e+01 2.549101e+02
    endloop
  endfacet
  facet normal 3.984011e-01 -7.519339e-16 9.172113e-01
    outer loop
      vertex   -2.690431e+00 8.137426e+01 2.549101e+02
      vertex   -2.690431e+00 8.537426e+01 2.549101e+02
      vertex   -3.003395e+00 8.137426e+01 2.550460e+02
    endloop
  endfacet
  facet normal 3.984011e-01 -7.519339e-16 9.172113e-01
    outer loop
      vertex   -3.003395e+00 8.137426e+01 2.550460e+02
      vertex   -2.690431e+00 8.537426e+01 2.549101e+02
      vertex   -3.003395e+00 8.537426e+01 2.550460e+02
    endloop
  endfacet
  facet normal 5.195840e-01 -9.806519e-16 8.544194e-01
    outer loop
      vertex   -3.003395e+00 8.137426e+01 2.550460e+02
      vertex   -3.003395e+00 8.537426e+01 2.550460e+02
      vertex   -3.294933e+00 8.137426e+01 2.552233e+02
    endloop
  endfacet
  facet normal 5.195840e-01 -1.038337e-15 8.544194e-01
    outer loop
      vertex   -3.294933e+00 8.137426e+01 2.552233e+02
      vertex   -3.003395e+00 8.537426e+01 2.550460e+02
      vertex   -3.294933e+00 8.537426e+01 2.552233e+02
    endloop
  endfacet
  facet normal 6.310879e-01 -1.261167e-15 7.757113e-01
    outer loop
      vertex   -3.294933e+00 8.137426e+01 2.552233e+02
      vertex   -3.294933e+00 8.537426e+01 2.552233e+02
      vertex   -3.559615e+00 8.137426e+01 2.554386e+02
    endloop
  endfacet
  facet normal 6.310879e-01 -1.191102e-15 7.757113e-01
    outer loop
      vertex   -3.559615e+00 8.137426e+01 2.554386e+02
      vertex   -3.294933e+00 8.537426e+01 2.552233e+02
      vertex   -3.559615e+00 8.537426e+01 2.554386e+02
    endloop
  endfacet
  facet normal 7.308360e-01 -1.379365e-15 6.825531e-01
    outer loop
      vertex   -3.559615e+00 8.137426e+01 2.554386e+02
      vertex   -3.559615e+00 8.537426e+01 2.554386e+02
      vertex   -3.792511e+00 8.137426e+01 2.556880e+02
    endloop
  endfacet
  facet normal 7.308360e-01 -1.460504e-15 6.825531e-01
    outer loop
      vertex   -3.792511e+00 8.137426e+01 2.556880e+02
      vertex   -3.559615e+00 8.537426e+01 2.554386e+02
      vertex   -3.792511e+00 8.537426e+01 2.556880e+02
    endloop
  endfacet
  facet normal 8.169699e-01 -1.632634e-15 5.766803e-01
    outer loop
      vertex   -3.792511e+00 8.137426e+01 2.556880e+02
      vertex   -3.792511e+00 8.537426e+01 2.556880e+02
      vertex   -3.989281e+00 8.137426e+01 2.559668e+02
    endloop
  endfacet
  facet normal 8.169699e-01 -1.632634e-15 5.766803e-01
    outer loop
      vertex   -3.989281e+00 8.137426e+01 2.559668e+02
      vertex   -3.792511e+00 8.537426e+01 2.556880e+02
      vertex   -3.989281e+00 8.537426e+01 2.559668e+02
    endloop
  endfacet
  facet normal 8.878852e-01 -1.774351e-15 4.600650e-01
    outer loop
      vertex   -3.989281e+00 8.137426e+01 2.559668e+02
      vertex   -3.989281e+00 8.537426e+01 2.559668e+02
      vertex   -4.146261e+00 8.137426e+01 2.562697e+02
    endloop
  endfacet
  facet normal 8.878852e-01 -1.577201e-15 4.600650e-01
    outer loop
      vertex   -4.146261e+00 8.137426e+01 2.562697e+02
      vertex   -3.989281e+00 8.537426e+01 2.559668e+02
      vertex   -4.146261e+00 8.537426e+01 2.562697e+02
    endloop
  endfacet
  facet normal 9.422609e-01 -1.673792e-15 3.348796e-01
    outer loop
      vertex   -4.146261e+00 8.137426e+01 2.562697e+02
      vertex   -4.146261e+00 8.537426e+01 2.562697e+02
      vertex   -4.260526e+00 8.137426e+01 2.565912e+02
    endloop
  endfacet
  facet normal 9.422609e-01 -1.673792e-15 3.348796e-01
    outer loop
      vertex   -4.260526e+00 8.137426e+01 2.565912e+02
      vertex   -4.146261e+00 8.537426e+01 2.562697e+02
      vertex   -4.260526e+00 8.537426e+01 2.565912e+02
    endloop
  endfacet
  facet normal 9.790841e-01 -1.739203e-15 2.034560e-01
    outer loop
      vertex   -4.260526e+00 8.137426e+01 2.565912e+02
      vertex   -4.260526e+00 8.537426e+01 2.565912e+02
      vertex   -4.329947e+00 8.137426e+01 2.569253e+02
    endloop
  endfacet
  facet normal 9.790841e-01 -1.956603e-15 2.034560e-01
    outer loop
      vertex   -4.329947e+00 8.137426e+01 2.569253e+02
      vertex   -4.260526e+00 8.537426e+01 2.565912e+02
      vertex   -4.329947e+00 8.537426e+01 2.569253e+02
    endloop
  endfacet
  facet normal 6.431739e-14 1.000000e+00 5.863305e-14
    outer loop
      vertex   3.135811e+01 8.537426e+01 2.652444e+02
      vertex   3.589677e+01 8.537426e+01 2.602657e+02
      vertex   3.089677e+01 8.537426e+01 2.652657e+02
    endloop
  endfacet
  facet normal 2.974806e-15 1.000000e+00 -2.709536e-15
    outer loop
      vertex   3.089677e+01 8.537426e+01 2.652657e+02
      vertex   3.589677e+01 8.537426e+01 2.602657e+02
      vertex   2.374677e+01 8.537426e+01 2.574157e+02
    endloop
  endfacet
  facet normal 0.000000e+00 1.000000e+00 0.000000e+00
    outer loop
      vertex   3.089677e+01 8.537426e+01 2.652657e+02
      vertex   2.374677e+01 8.537426e+01 2.574157e+02
      vertex   2.372362e+01 8.537426e+01 2.579312e+02
    endloop
  endfacet
  facet normal 0.000000e+00 1.000000e+00 0.000000e+00
    outer loop
      vertex   3.135811e+01 8.537426e+01 2.652444e+02
      vertex   3.181552e+01 8.537426e+01 2.651806e+02
      vertex   3.589677e+01 8.537426e+01 2.602657e+02
    endloop
  endfacet
  facet normal 0.000000e+00 1.000000e+00 0.000000e+00
    outer loop
      vertex   3.589677e+01 8.537426e+01 2.602657e+02
      vertex   3.181552e+01 8.537426e+01 2.651806e+02
      vertex   3.226508e+01 8.537426e+01 2.650749e+02
    endloop
  endfacet
  facet normal 0.000000e+00 1.000000e+00 0.000000e+00
    outer loop
      vertex   3.589677e+01 8.537426e+01 2.602657e+02
      vertex   3.226508e+01 8.537426e+01 2.650749e+02
      vertex   3.270298e+01 8.537426e+01 2.649281e+02
    endloop
  endfacet
  facet normal 0.000000e+00 1.000000e+00 0.000000e+00
    outer loop
      vertex   3.270298e+01 8.537426e+01 2.649281e+02
      vertex   3.312546e+01 8.537426e+01 2.647416e+02
      vertex   3.589677e+01 8.537426e+01 2.602657e+02
    endloop
  endfacet
  facet normal 0.000000e+00 1.000000e+00 0.000000e+00
    outer loop
      vertex   3.589677e+01 8.537426e+01 2.602657e+02
      vertex   3.312546e+01 8.537426e+01 2.647416e+02
      vertex   3.352893e+01 8.537426e+01 2.645168e+02
    endloop
  endfacet
  facet normal 0.000000e+00 1.000000e+00 0.000000e+00
    outer loop
      vertex   3.589677e+01 8.537426e+01 2.602657e+02
      vertex   3.352893e+01 8.537426e+01 2.645168e+02
      vertex   3.390994e+01 8.537426e+01 2.642558e+02
    endloop
  endfacet
  facet normal 0.000000e+00 1.000000e+00 0.000000e+00
    outer loop
      vertex   3.390994e+01 8.537426e+01 2.642558e+02
      vertex   3.426525e+01 8.537426e+01 2.639608e+02
      vertex   3.589677e+01 8.537426e+01 2.602657e+02
    endloop
  endfacet
  facet normal 0.000000e+00 1.000000e+00 0.000000e+00
    outer loop
      vertex   3.589677e+01 8.537426e+01 2.602657e+02
      vertex   3.426525e+01 8.537426e+01 2.639608e+02
      vertex   3.459181e+01 8.537426e+01 2.636342e+02
    endloop
  endfacet
  facet normal 0.000000e+00 1.000000e+00 0.000000e+00
    outer loop
      vertex   3.589677e+01 8.537426e+01 2.602657e+02
      vertex   3.459181e+01 8.537426e+01 2.636342e+02
      vertex   3.488685e+01 8.537426e+01 2.632789e+02
    endloop
  endfacet
  facet normal 0.000000e+00 1.000000e+00 0.000000e+00
    outer loop
      vertex   3.488685e+01 8.537426e+01 2.632789e+02
      vertex   3.514785e+01 8.537426e+01 2.628979e+02
      vertex   3.589677e+01 8.537426e+01 2.602657e+02
    endloop
  endfacet
  facet normal 0.000000e+00 1.000000e+00 0.000000e+00
    outer loop
      vertex   3.589677e+01 8.537426e+01 2.602657e+02
      vertex   3.514785e+01 8.537426e+01 2.628979e+02
      vertex   3.537258e+01 8.537426e+01 2.624944e+02
    endloop
  endfacet
  facet normal 0.000000e+00 1.000000e+00 0.000000e+00
    outer loop
      vertex   3.589677e+01 8.537426e+01 2.602657e+02
      vertex   3.537258e+01 8.537426e+01 2.624944e+02
      vertex   3.555913e+01 8.537426e+01 2.620719e+02
    endloop
  endfacet
  facet normal 0.000000e+00 1.000000e+00 0.000000e+00
    outer loop
      vertex   3.555913e+01 8.537426e+01 2.620719e+02
      vertex   3.570590e+01 8.537426e+01 2.616340e+02
      vertex   3.589677e+01 8.537426e+01 2.602657e+02
    endloop
  endfacet
  facet normal 0.000000e+00 1.000000e+00 0.000000e+00
    outer loop
      vertex   3.589677e+01 8.537426e+01 2.602657e+02
      vertex   3.570590e+01 8.537426e+01 2.616340e+02
      vertex   3.581163e+01 8.537426e+01 2.611845e+02
    endloop
  endfacet
  facet normal 0.000000e+00 1.000000e+00 0.000000e+00
    outer loop
      vertex   3.589677e+01 8.537426e+01 2.602657e+02
      vertex   3.581163e+01 8.537426e+01 2.611845e+02
      vertex   3.587544e+01 8.537426e+01 2.607271e+02
    endloop
  endfacet
  facet normal 6.959856e-15 1.000000e+00 -0.000000e+00
    outer loop
      vertex   3.589677e+01 8.537426e+01 2.306067e+02
      vertex   2.568761e+01 8.537426e+01 2.413003e+02
      vertex   3.589677e+01 8.537426e+01 2.602657e+02
    endloop
  endfacet
  facet normal 4.790958e-15 1.000000e+00 1.167525e-15
    outer loop
      vertex   3.589677e+01 8.537426e+01 2.602657e+02
      vertex   2.568761e+01 8.537426e+01 2.413003e+02
      vertex   2.552594e+01 8.537426e+01 2.419637e+02
    endloop
  endfacet
  facet normal 4.391588e-15 1.000000e+00 1.393827e-15
    outer loop
      vertex   3.589677e+01 8.537426e+01 2.602657e+02
      vertex   2.552594e+01 8.537426e+01 2.419637e+02
      vertex   2.531938e+01 8.537426e+01 2.426145e+02
    endloop
  endfacet
  facet normal 0.000000e+00 1.000000e+00 0.000000e+00
    outer loop
      vertex   2.589677e+01 8.537426e+01 2.306067e+02
      vertex   2.589677e+01 8.537426e+01 2.392657e+02
      vertex   3.589677e+01 8.537426e+01 2.306067e+02
    endloop
  endfacet
  facet normal -7.432481e-14 1.000000e+00 -8.583533e-14
    outer loop
      vertex   3.589677e+01 8.537426e+01 2.306067e+02
      vertex   2.589677e+01 8.537426e+01 2.392657e+02
      vertex   2.587346e+01 8.537426e+01 2.399482e+02
    endloop
  endfacet
  facet normal 6.272042e-15 1.000000e+00 6.447854e-16
    outer loop
      vertex   3.589677e+01 8.537426e+01 2.306067e+02
      vertex   2.587346e+01 8.537426e+01 2.399482e+02
      vertex   2.580363e+01 8.537426e+01 2.406274e+02
    endloop
  endfacet
  facet normal -1.850278e-14 1.000000e+00 -2.430922e-14
    outer loop
      vertex   2.580363e+01 8.537426e+01 2.406274e+02
      vertex   2.568761e+01 8.537426e+01 2.413003e+02
      vertex   3.589677e+01 8.537426e+01 2.306067e+02
    endloop
  endfacet
  facet normal 4.051418e-15 1.000000e+00 1.597672e-15
    outer loop
      vertex   2.531938e+01 8.537426e+01 2.426145e+02
      vertex   2.506888e+01 8.537426e+01 2.432497e+02
      vertex   3.589677e+01 8.537426e+01 2.602657e+02
    endloop
  endfacet
  facet normal 3.755445e-15 1.000000e+00 1.786011e-15
    outer loop
      vertex   3.589677e+01 8.537426e+01 2.602657e+02
      vertex   2.506888e+01 8.537426e+01 2.432497e+02
      vertex   2.477562e+01 8.537426e+01 2.438664e+02
    endloop
  endfacet
  facet normal 3.492976e-15 1.000000e+00 1.964003e-15
    outer loop
      vertex   3.589677e+01 8.537426e+01 2.602657e+02
      vertex   2.477562e+01 8.537426e+01 2.438664e+02
      vertex   2.444096e+01 8.537426e+01 2.444616e+02
    endloop
  endfacet
  facet normal 7.260782e-16 1.000000e+00 3.969617e-15
    outer loop
      vertex   3.589677e+01 8.537426e+01 2.602657e+02
      vertex   2.444096e+01 8.537426e+01 2.444616e+02
      vertex   2.338012e+01 8.537426e+01 2.553953e+02
    endloop
  endfacet
  facet normal 6.976814e-15 1.000000e+00 4.576092e-15
    outer loop
      vertex   2.338012e+01 8.537426e+01 2.553953e+02
      vertex   2.444096e+01 8.537426e+01 2.444616e+02
      vertex   2.406647e+01 8.537426e+01 2.450325e+02
    endloop
  endfacet
  facet normal -8.333805e-15 1.000000e+00 3.562039e-15
    outer loop
      vertex   2.338012e+01 8.537426e+01 2.553953e+02
      vertex   2.406647e+01 8.537426e+01 2.450325e+02
      vertex   2.317734e+01 8.537426e+01 2.549209e+02
    endloop
  endfacet
  facet normal 6.450238e-15 1.000000e+00 4.891370e-15
    outer loop
      vertex   2.317734e+01 8.537426e+01 2.549209e+02
      vertex   2.406647e+01 8.537426e+01 2.450325e+02
      vertex   2.365388e+01 8.537426e+01 2.455766e+02
    endloop
  endfacet
  facet normal -7.744450e-15 1.000000e+00 4.167466e-15
    outer loop
      vertex   2.317734e+01 8.537426e+01 2.549209e+02
      vertex   2.365388e+01 8.537426e+01 2.455766e+02
      vertex   2.293285e+01 8.537426e+01 2.544666e+02
    endloop
  endfacet
  facet normal 6.063857e-15 1.000000e+00 5.287409e-15
    outer loop
      vertex   2.293285e+01 8.537426e+01 2.544666e+02
      vertex   2.365388e+01 8.537426e+01 2.455766e+02
      vertex   2.320513e+01 8.537426e+01 2.460913e+02
    endloop
  endfacet
  facet normal -7.349473e-15 1.000000e+00 4.851345e-15
    outer loop
      vertex   2.293285e+01 8.537426e+01 2.544666e+02
      vertex   2.320513e+01 8.537426e+01 2.460913e+02
      vertex   2.264862e+01 8.537426e+01 2.540360e+02
    endloop
  endfacet
  facet normal 5.770365e-15 1.000000e+00 5.770365e-15
    outer loop
      vertex   2.264862e+01 8.537426e+01 2.540360e+02
      vertex   2.320513e+01 8.537426e+01 2.460913e+02
      vertex   2.272230e+01 8.537426e+01 2.465741e+02
    endloop
  endfacet
  facet normal -7.076731e-15 1.000000e+00 5.643504e-15
    outer loop
      vertex   2.264862e+01 8.537426e+01 2.540360e+02
      vertex   2.272230e+01 8.537426e+01 2.465741e+02
      vertex   2.232693e+01 8.537426e+01 2.536326e+02
    endloop
  endfacet
  facet normal 5.536948e-15 1.000000e+00 6.350040e-15
    outer loop
      vertex   2.232693e+01 8.537426e+01 2.536326e+02
      vertex   2.272230e+01 8.537426e+01 2.465741e+02
      vertex   2.220765e+01 8.537426e+01 2.470228e+02
    endloop
  endfacet
  facet normal 3.374733e-14 1.000000e+00 5.840946e-15
    outer loop
      vertex   2.232693e+01 8.537426e+01 2.536326e+02
      vertex   2.220765e+01 8.537426e+01 2.470228e+02
      vertex   2.197038e+01 8.537426e+01 2.532597e+02
    endloop
  endfacet
  facet normal -3.853331e-15 1.000000e+00 4.410492e-15
    outer loop
      vertex   2.197038e+01 8.537426e+01 2.532597e+02
      vertex   2.220765e+01 8.537426e+01 2.470228e+02
      vertex   2.158183e+01 8.537426e+01 2.529202e+02
    endloop
  endfacet
  facet normal 3.974499e-15 1.000000e+00 5.241163e-15
    outer loop
      vertex   2.158183e+01 8.537426e+01 2.529202e+02
      vertex   2.220765e+01 8.537426e+01 2.470228e+02
      vertex   2.166357e+01 8.537426e+01 2.474354e+02
    endloop
  endfacet
  facet normal -3.724567e-15 1.000000e+00 5.126427e-15
    outer loop
      vertex   2.158183e+01 8.537426e+01 2.529202e+02
      vertex   2.166357e+01 8.537426e+01 2.474354e+02
      vertex   2.116443e+01 8.537426e+01 2.526169e+02
    endloop
  endfacet
  facet normal 3.840411e-15 1.000000e+00 5.855178e-15
    outer loop
      vertex   2.116443e+01 8.537426e+01 2.526169e+02
      vertex   2.166357e+01 8.537426e+01 2.474354e+02
      vertex   2.109261e+01 8.537426e+01 2.478099e+02
    endloop
  endfacet
  facet normal -3.564404e-15 1.000000e+00 5.965808e-15
    outer loop
      vertex   2.116443e+01 8.537426e+01 2.526169e+02
      vertex   2.109261e+01 8.537426e+01 2.478099e+02
      vertex   2.072151e+01 8.537426e+01 2.523523e+02
    endloop
  endfacet
  facet normal 3.687527e-15 1.000000e+00 6.558262e-15
    outer loop
      vertex   2.072151e+01 8.537426e+01 2.523523e+02
      vertex   2.109261e+01 8.537426e+01 2.478099e+02
      vertex   2.049742e+01 8.537426e+01 2.481446e+02
    endloop
  endfacet
  facet normal -3.338494e-15 1.000000e+00 6.932453e-15
    outer loop
      vertex   2.072151e+01 8.537426e+01 2.523523e+02
      vertex   2.049742e+01 8.537426e+01 2.481446e+02
      vertex   2.025666e+01 8.537426e+01 2.521284e+02
    endloop
  endfacet
  facet normal 3.493279e-15 1.000000e+00 7.345317e-15
    outer loop
      vertex   2.025666e+01 8.537426e+01 2.521284e+02
      vertex   2.049742e+01 8.537426e+01 2.481446e+02
      vertex   1.988078e+01 8.537426e+01 2.484378e+02
    endloop
  endfacet
  facet normal -3.005142e-15 1.000000e+00 8.007173e-15
    outer loop
      vertex   2.025666e+01 8.537426e+01 2.521284e+02
      vertex   1.988078e+01 8.537426e+01 2.484378e+02
      vertex   1.977362e+01 8.537426e+01 2.519472e+02
    endloop
  endfacet
  facet normal 3.232737e-15 1.000000e+00 8.197658e-15
    outer loop
      vertex   1.977362e+01 8.537426e+01 2.519472e+02
      vertex   1.988078e+01 8.537426e+01 2.484378e+02
      vertex   1.924556e+01 8.537426e+01 2.486883e+02
    endloop
  endfacet
  facet normal -2.519655e-15 1.000000e+00 9.129763e-15
    outer loop
      vertex   1.977362e+01 8.537426e+01 2.519472e+02
      vertex   1.924556e+01 8.537426e+01 2.486883e+02
      vertex   1.927626e+01 8.537426e+01 2.518099e+02
    endloop
  endfacet
  facet normal -1.655265e-15 1.000000e+00 9.121262e-15
    outer loop
      vertex   1.927626e+01 8.537426e+01 2.518099e+02
      vertex   1.924556e+01 8.537426e+01 2.486883e+02
      vertex   1.876861e+01 8.537426e+01 2.517178e+02
    endloop
  endfacet
  facet normal 3.134290e-15 1.000000e+00 9.875332e-15
    outer loop
      vertex   1.876861e+01 8.537426e+01 2.517178e+02
      vertex   1.924556e+01 8.537426e+01 2.486883e+02
      vertex   1.859474e+01 8.537426e+01 2.488949e+02
    endloop
  endfacet
  facet normal -9.112228e-16 1.000000e+00 1.012451e-14
    outer loop
      vertex   1.876861e+01 8.537426e+01 2.517178e+02
      vertex   1.859474e+01 8.537426e+01 2.488949e+02
      vertex   1.825474e+01 8.537426e+01 2.516715e+02
    endloop
  endfacet
  facet normal 2.571192e-15 1.000000e+00 1.055093e-14
    outer loop
      vertex   1.825474e+01 8.537426e+01 2.516715e+02
      vertex   1.859474e+01 8.537426e+01 2.488949e+02
      vertex   1.793133e+01 8.537426e+01 2.490566e+02
    endloop
  endfacet
  facet normal 0.000000e+00 1.000000e+00 1.086893e-14
    outer loop
      vertex   1.825474e+01 8.537426e+01 2.516715e+02
      vertex   1.793133e+01 8.537426e+01 2.490566e+02
      vertex   1.773879e+01 8.537426e+01 2.516715e+02
    endloop
  endfacet
  facet normal 2.328866e-14 1.000000e+00 1.258363e-14
    outer loop
      vertex   1.773879e+01 8.537426e+01 2.516715e+02
      vertex   1.793133e+01 8.537426e+01 2.490566e+02
      vertex   1.725843e+01 8.537426e+01 2.491726e+02
    endloop
  endfacet
  facet normal 1.509344e-15 1.000000e+00 1.677019e-14
    outer loop
      vertex   1.773879e+01 8.537426e+01 2.516715e+02
      vertex   1.725843e+01 8.537426e+01 2.491726e+02
      vertex   1.722493e+01 8.537426e+01 2.517178e+02
    endloop
  endfacet
  facet normal 1.724319e-15 1.000000e+00 1.677302e-14
    outer loop
      vertex   1.722493e+01 8.537426e+01 2.517178e+02
      vertex   1.725843e+01 8.537426e+01 2.491726e+02
      vertex   1.657919e+01 8.537426e+01 2.492424e+02
    endloop
  endfacet
  facet normal 2.984211e-15 1.000000e+00 1.644436e-14
    outer loop
      vertex   1.722493e+01 8.537426e+01 2.517178e+02
      vertex   1.657919e+01 8.537426e+01 2.492424e+02
      vertex   1.671727e+01 8.537426e+01 2.518099e+02
    endloop
  endfacet
  facet normal -6.179148e-14 1.000000e+00 1.992803e-14
    outer loop
      vertex   1.671727e+01 8.537426e+01 2.518099e+02
      vertex   1.657919e+01 8.537426e+01 2.492424e+02
      vertex   1.589677e+01 8.537426e+01 2.492657e+02
    endloop
  endfacet
  facet normal 0.000000e+00 1.000000e+00 0.000000e+00
    outer loop
      vertex   1.671727e+01 8.537426e+01 2.518099e+02
      vertex   1.589677e+01 8.537426e+01 2.492657e+02
      vertex   1.621992e+01 8.537426e+01 2.519472e+02
    endloop
  endfacet
  facet normal 0.000000e+00 1.000000e+00 0.000000e+00
    outer loop
      vertex   1.621992e+01 8.537426e+01 2.519472e+02
      vertex   1.589677e+01 8.537426e+01 2.492657e+02
      vertex   1.573687e+01 8.537426e+01 2.521284e+02
    endloop
  endfacet
  facet normal 0.000000e+00 1.000000e+00 0.000000e+00
    outer loop
      vertex   1.573687e+01 8.537426e+01 2.521284e+02
      vertex   1.589677e+01 8.537426e+01 2.492657e+02
      vertex   1.527202e+01 8.537426e+01 2.523523e+02
    endloop
  endfacet
  facet normal 0.000000e+00 1.000000e+00 0.000000e+00
    outer loop
      vertex   1.527202e+01 8.537426e+01 2.523523e+02
      vertex   1.589677e+01 8.537426e+01 2.492657e+02
      vertex   1.482911e+01 8.537426e+01 2.526169e+02
    endloop
  endfacet
  facet normal 0.000000e+00 1.000000e+00 0.000000e+00
    outer loop
      vertex   1.482911e+01 8.537426e+01 2.526169e+02
      vertex   1.589677e+01 8.537426e+01 2.492657e+02
      vertex   1.441170e+01 8.537426e+01 2.529202e+02
    endloop
  endfacet
  facet normal 0.000000e+00 1.000000e+00 0.000000e+00
    outer loop
      vertex   1.441170e+01 8.537426e+01 2.529202e+02
      vertex   1.589677e+01 8.537426e+01 2.492657e+02
      vertex   1.402316e+01 8.537426e+01 2.532597e+02
    endloop
  endfacet
  facet normal 7.825050e-14 1.000000e+00 3.670844e-14
    outer loop
      vertex   1.402316e+01 8.537426e+01 2.532597e+02
      vertex   1.589677e+01 8.537426e+01 2.492657e+02
      vertex   1.366661e+01 8.537426e+01 2.536326e+02
    endloop
  endfacet
  facet normal -1.134792e-14 1.000000e+00 -9.049661e-15
    outer loop
      vertex   1.366661e+01 8.537426e+01 2.536326e+02
      vertex   1.589677e+01 8.537426e+01 2.492657e+02
      vertex   1.334492e+01 8.537426e+01 2.540360e+02
    endloop
  endfacet
  facet normal 7.873692e-16 1.000000e+00 -2.557863e-15
    outer loop
      vertex   1.334492e+01 8.537426e+01 2.540360e+02
      vertex   1.589677e+01 8.537426e+01 2.492657e+02
      vertex   -1.468496e-01 8.537426e+01 2.554386e+02
    endloop
  endfacet
  facet normal 9.600776e-16 1.000000e+00 -8.966499e-16
    outer loop
      vertex   1.334492e+01 8.537426e+01 2.540360e+02
      vertex   -1.468496e-01 8.537426e+01 2.554386e+02
      vertex   8.604580e-02 8.537426e+01 2.556880e+02
    endloop
  endfacet
  facet normal 2.001529e-15 1.000000e+00 1.228508e-15
    outer loop
      vertex   -1.960323e+01 8.537426e+01 2.492657e+02
      vertex   -1.682626e+00 8.537426e+01 2.547716e+02
      vertex   1.589677e+01 8.537426e+01 2.492657e+02
    endloop
  endfacet
  facet normal 4.931134e-16 1.000000e+00 -3.587666e-15
    outer loop
      vertex   1.589677e+01 8.537426e+01 2.492657e+02
      vertex   -1.682626e+00 8.537426e+01 2.547716e+02
      vertex   -1.344592e+00 8.537426e+01 2.548180e+02
    endloop
  endfacet
  facet normal 7.669574e-16 1.000000e+00 -2.737307e-15
    outer loop
      vertex   1.589677e+01 8.537426e+01 2.492657e+02
      vertex   -1.344592e+00 8.537426e+01 2.548180e+02
      vertex   -1.016033e+00 8.537426e+01 2.549101e+02
    endloop
  endfacet
  facet normal -6.235768e-14 1.000000e+00 -3.353635e-15
    outer loop
      vertex   -2.028566e+01 8.537426e+01 2.492424e+02
      vertex   -2.042374e+01 8.537426e+01 2.518099e+02
      vertex   -1.960323e+01 8.537426e+01 2.492657e+02
    endloop
  endfacet
  facet normal -4.246661e-15 1.000000e+00 1.538743e-14
    outer loop
      vertex   -1.960323e+01 8.537426e+01 2.492657e+02
      vertex   -2.042374e+01 8.537426e+01 2.518099e+02
      vertex   -1.992638e+01 8.537426e+01 2.519472e+02
    endloop
  endfacet
  facet normal -5.708864e-15 1.000000e+00 1.521121e-14
    outer loop
      vertex   -1.960323e+01 8.537426e+01 2.492657e+02
      vertex   -1.992638e+01 8.537426e+01 2.519472e+02
      vertex   -1.944334e+01 8.537426e+01 2.521284e+02
    endloop
  endfacet
  facet normal 0.000000e+00 1.000000e+00 0.000000e+00
    outer loop
      vertex   -2.042374e+01 8.537426e+01 2.518099e+02
      vertex   -2.028566e+01 8.537426e+01 2.492424e+02
      vertex   -2.093139e+01 8.537426e+01 2.517178e+02
    endloop
  endfacet
  facet normal 0.000000e+00 1.000000e+00 0.000000e+00
    outer loop
      vertex   -2.093139e+01 8.537426e+01 2.517178e+02
      vertex   -2.028566e+01 8.537426e+01 2.492424e+02
      vertex   -2.096490e+01 8.537426e+01 2.491726e+02
    endloop
  endfacet
  facet normal 0.000000e+00 1.000000e+00 0.000000e+00
    outer loop
      vertex   -2.093139e+01 8.537426e+01 2.517178e+02
      vertex   -2.096490e+01 8.537426e+01 2.491726e+02
      vertex   -2.144526e+01 8.537426e+01 2.516715e+02
    endloop
  endfacet
  facet normal 0.000000e+00 1.000000e+00 0.000000e+00
    outer loop
      vertex   -2.144526e+01 8.537426e+01 2.516715e+02
      vertex   -2.096490e+01 8.537426e+01 2.491726e+02
      vertex   -2.163779e+01 8.537426e+01 2.490566e+02
    endloop
  endfacet
  facet normal 0.000000e+00 1.000000e+00 0.000000e+00
    outer loop
      vertex   -2.144526e+01 8.537426e+01 2.516715e+02
      vertex   -2.163779e+01 8.537426e+01 2.490566e+02
      vertex   -2.196121e+01 8.537426e+01 2.516715e+02
    endloop
  endfacet
  facet normal 0.000000e+00 1.000000e+00 0.000000e+00
    outer loop
      vertex   -2.196121e+01 8.537426e+01 2.516715e+02
      vertex   -2.163779e+01 8.537426e+01 2.490566e+02
      vertex   -2.230120e+01 8.537426e+01 2.488949e+02
    endloop
  endfacet
  facet normal 0.000000e+00 1.000000e+00 0.000000e+00
    outer loop
      vertex   -2.196121e+01 8.537426e+01 2.516715e+02
      vertex   -2.230120e+01 8.537426e+01 2.488949e+02
      vertex   -2.247507e+01 8.537426e+01 2.517178e+02
    endloop
  endfacet
  facet normal 0.000000e+00 1.000000e+00 0.000000e+00
    outer loop
      vertex   -2.247507e+01 8.537426e+01 2.517178e+02
      vertex   -2.230120e+01 8.537426e+01 2.488949e+02
      vertex   -2.295203e+01 8.537426e+01 2.486883e+02
    endloop
  endfacet
  facet normal 0.000000e+00 1.000000e+00 0.000000e+00
    outer loop
      vertex   -2.247507e+01 8.537426e+01 2.517178e+02
      vertex   -2.295203e+01 8.537426e+01 2.486883e+02
      vertex   -2.298273e+01 8.537426e+01 2.518099e+02
    endloop
  endfacet
  facet normal 0.000000e+00 1.000000e+00 0.000000e+00
    outer loop
      vertex   -2.298273e+01 8.537426e+01 2.518099e+02
      vertex   -2.295203e+01 8.537426e+01 2.486883e+02
      vertex   -2.348008e+01 8.537426e+01 2.519472e+02
    endloop
  endfacet
  facet normal 0.000000e+00 1.000000e+00 0.000000e+00
    outer loop
      vertex   -2.348008e+01 8.537426e+01 2.519472e+02
      vertex   -2.295203e+01 8.537426e+01 2.486883e+02
      vertex   -2.358724e+01 8.537426e+01 2.484378e+02
    endloop
  endfacet
  facet normal 0.000000e+00 1.000000e+00 0.000000e+00
    outer loop
      vertex   -2.348008e+01 8.537426e+01 2.519472e+02
      vertex   -2.358724e+01 8.537426e+01 2.484378e+02
      vertex   -2.396313e+01 8.537426e+01 2.521284e+02
    endloop
  endfacet
  facet normal 0.000000e+00 1.000000e+00 0.000000e+00
    outer loop
      vertex   -2.396313e+01 8.537426e+01 2.521284e+02
      vertex   -2.358724e+01 8.537426e+01 2.484378e+02
      vertex   -2.420388e+01 8.537426e+01 2.481446e+02
    endloop
  endfacet
  facet normal 0.000000e+00 1.000000e+00 0.000000e+00
    outer loop
      vertex   -2.396313e+01 8.537426e+01 2.521284e+02
      vertex   -2.420388e+01 8.537426e+01 2.481446e+02
      vertex   -2.442798e+01 8.537426e+01 2.523523e+02
    endloop
  endfacet
  facet normal 0.000000e+00 1.000000e+00 0.000000e+00
    outer loop
      vertex   -2.442798e+01 8.537426e+01 2.523523e+02
      vertex   -2.420388e+01 8.537426e+01 2.481446e+02
      vertex   -2.479907e+01 8.537426e+01 2.478099e+02
    endloop
  endfacet
  facet normal 0.000000e+00 1.000000e+00 0.000000e+00
    outer loop
      vertex   -2.442798e+01 8.537426e+01 2.523523e+02
      vertex   -2.479907e+01 8.537426e+01 2.478099e+02
      vertex   -2.487089e+01 8.537426e+01 2.526169e+02
    endloop
  endfacet
  facet normal 0.000000e+00 1.000000e+00 0.000000e+00
    outer loop
      vertex   -2.487089e+01 8.537426e+01 2.526169e+02
      vertex   -2.479907e+01 8.537426e+01 2.478099e+02
      vertex   -2.537004e+01 8.537426e+01 2.474354e+02
    endloop
  endfacet
  facet normal 0.000000e+00 1.000000e+00 0.000000e+00
    outer loop
      vertex   -2.487089e+01 8.537426e+01 2.526169e+02
      vertex   -2.537004e+01 8.537426e+01 2.474354e+02
      vertex   -2.528830e+01 8.537426e+01 2.529202e+02
    endloop
  endfacet
  facet normal 0.000000e+00 1.000000e+00 0.000000e+00
    outer loop
      vertex   -2.528830e+01 8.537426e+01 2.529202e+02
      vertex   -2.537004e+01 8.537426e+01 2.474354e+02
      vertex   -2.591411e+01 8.537426e+01 2.470228e+02
    endloop
  endfacet
  facet normal 0.000000e+00 1.000000e+00 0.000000e+00
    outer loop
      vertex   -2.528830e+01 8.537426e+01 2.529202e+02
      vertex   -2.591411e+01 8.537426e+01 2.470228e+02
      vertex   -2.567684e+01 8.537426e+01 2.532597e+02
    endloop
  endfacet
  facet normal 0.000000e+00 1.000000e+00 0.000000e+00
    outer loop
      vertex   -2.567684e+01 8.537426e+01 2.532597e+02
      vertex   -2.591411e+01 8.537426e+01 2.470228e+02
      vertex   -2.603339e+01 8.537426e+01 2.536326e+02
    endloop
  endfacet
  facet normal 0.000000e+00 1.000000e+00 0.000000e+00
    outer loop
      vertex   -2.603339e+01 8.537426e+01 2.536326e+02
      vertex   -2.591411e+01 8.537426e+01 2.470228e+02
      vertex   -2.642876e+01 8.537426e+01 2.465741e+02
    endloop
  endfacet
  facet normal 0.000000e+00 1.000000e+00 0.000000e+00
    outer loop
      vertex   -2.603339e+01 8.537426e+01 2.536326e+02
      vertex   -2.642876e+01 8.537426e+01 2.465741e+02
      vertex   -2.635508e+01 8.537426e+01 2.540360e+02
    endloop
  endfacet
  facet normal 0.000000e+00 1.000000e+00 0.000000e+00
    outer loop
      vertex   -2.635508e+01 8.537426e+01 2.540360e+02
      vertex   -2.642876e+01 8.537426e+01 2.465741e+02
      vertex   -2.691159e+01 8.537426e+01 2.460913e+02
    endloop
  endfacet
  facet normal 0.000000e+00 1.000000e+00 0.000000e+00
    outer loop
      vertex   -2.635508e+01 8.537426e+01 2.540360e+02
      vertex   -2.691159e+01 8.537426e+01 2.460913e+02
      vertex   -2.663931e+01 8.537426e+01 2.544666e+02
    endloop
  endfacet
  facet normal 0.000000e+00 1.000000e+00 0.000000e+00
    outer loop
      vertex   -2.663931e+01 8.537426e+01 2.544666e+02
      vertex   -2.691159e+01 8.537426e+01 2.460913e+02
      vertex   -2.736035e+01 8.537426e+01 2.455766e+02
    endloop
  endfacet
  facet normal 0.000000e+00 1.000000e+00 0.000000e+00
    outer loop
      vertex   -2.663931e+01 8.537426e+01 2.544666e+02
      vertex   -2.736035e+01 8.537426e+01 2.455766e+02
      vertex   -2.688380e+01 8.537426e+01 2.549209e+02
    endloop
  endfacet
  facet normal 0.000000e+00 1.000000e+00 0.000000e+00
    outer loop
      vertex   -2.688380e+01 8.537426e+01 2.549209e+02
      vertex   -2.736035e+01 8.537426e+01 2.455766e+02
      vertex   -2.777293e+01 8.537426e+01 2.450325e+02
    endloop
  endfacet
  facet normal 0.000000e+00 1.000000e+00 0.000000e+00
    outer loop
      vertex   -2.688380e+01 8.537426e+01 2.549209e+02
      vertex   -2.777293e+01 8.537426e+01 2.450325e+02
      vertex   -2.708658e+01 8.537426e+01 2.553953e+02
    endloop
  endfacet
  facet normal 0.000000e+00 1.000000e+00 0.000000e+00
    outer loop
      vertex   -2.708658e+01 8.537426e+01 2.553953e+02
      vertex   -2.777293e+01 8.537426e+01 2.450325e+02
      vertex   -2.814743e+01 8.537426e+01 2.444616e+02
    endloop
  endfacet
  facet normal 0.000000e+00 1.000000e+00 0.000000e+00
    outer loop
      vertex   -2.708658e+01 8.537426e+01 2.553953e+02
      vertex   -2.814743e+01 8.537426e+01 2.444616e+02
      vertex   -2.724602e+01 8.537426e+01 2.558860e+02
    endloop
  endfacet
  facet normal 0.000000e+00 1.000000e+00 0.000000e+00
    outer loop
      vertex   -2.724602e+01 8.537426e+01 2.558860e+02
      vertex   -2.814743e+01 8.537426e+01 2.444616e+02
      vertex   -2.848208e+01 8.537426e+01 2.438664e+02
    endloop
  endfacet
  facet normal 0.000000e+00 1.000000e+00 0.000000e+00
    outer loop
      vertex   -2.724602e+01 8.537426e+01 2.558860e+02
      vertex   -2.848208e+01 8.537426e+01 2.438664e+02
      vertex   -2.736083e+01 8.537426e+01 2.563890e+02
    endloop
  endfacet
  facet normal 0.000000e+00 1.000000e+00 0.000000e+00
    outer loop
      vertex   -2.736083e+01 8.537426e+01 2.563890e+02
      vertex   -2.848208e+01 8.537426e+01 2.438664e+02
      vertex   -2.877535e+01 8.537426e+01 2.432497e+02
    endloop
  endfacet
  facet normal 2.292801e-15 1.000000e+00 -2.468329e-16
    outer loop
      vertex   -2.736083e+01 8.537426e+01 2.563890e+02
      vertex   -2.877535e+01 8.537426e+01 2.432497e+02
      vertex   -3.260323e+01 8.537426e+01 2.652657e+02
    endloop
  endfacet
  facet normal 1.135972e-15 1.000000e+00 -4.479691e-16
    outer loop
      vertex   -3.260323e+01 8.537426e+01 2.652657e+02
      vertex   -2.877535e+01 8.537426e+01 2.432497e+02
      vertex   -2.902584e+01 8.537426e+01 2.426145e+02
    endloop
  endfacet
  facet normal 1.319907e-15 1.000000e+00 -4.189196e-16
    outer loop
      vertex   -3.260323e+01 8.537426e+01 2.652657e+02
      vertex   -2.902584e+01 8.537426e+01 2.426145e+02
      vertex   -2.923241e+01 8.537426e+01 2.419637e+02
    endloop
  endfacet
  facet normal 1.570368e-15 1.000000e+00 -3.826883e-16
    outer loop
      vertex   -2.923241e+01 8.537426e+01 2.419637e+02
      vertex   -2.939407e+01 8.537426e+01 2.413003e+02
      vertex   -3.260323e+01 8.537426e+01 2.652657e+02
    endloop
  endfacet
  facet normal 1.935762e-15 1.000000e+00 -3.337592e-16
    outer loop
      vertex   -3.260323e+01 8.537426e+01 2.652657e+02
      vertex   -2.939407e+01 8.537426e+01 2.413003e+02
      vertex   -2.951009e+01 8.537426e+01 2.406274e+02
    endloop
  endfacet
  facet normal 2.525908e-15 1.000000e+00 -2.596712e-16
    outer loop
      vertex   -3.260323e+01 8.537426e+01 2.652657e+02
      vertex   -2.951009e+01 8.537426e+01 2.406274e+02
      vertex   -2.957992e+01 8.537426e+01 2.399482e+02
    endloop
  endfacet
  facet normal 3.654880e-15 1.000000e+00 -1.248544e-16
    outer loop
      vertex   -2.957992e+01 8.537426e+01 2.399482e+02
      vertex   -2.960323e+01 8.537426e+01 2.392657e+02
      vertex   -3.260323e+01 8.537426e+01 2.652657e+02
    endloop
  endfacet
  facet normal 3.383537e-15 1.000000e+00 -1.561632e-16
    outer loop
      vertex   -3.260323e+01 8.537426e+01 2.652657e+02
      vertex   -2.960323e+01 8.537426e+01 2.392657e+02
      vertex   -3.260323e+01 8.537426e+01 1.742657e+02
    endloop
  endfacet
  facet normal 0.000000e+00 1.000000e+00 0.000000e+00
    outer loop
      vertex   -3.260323e+01 8.537426e+01 1.742657e+02
      vertex   -2.960323e+01 8.537426e+01 2.392657e+02
      vertex   -2.960323e+01 8.537426e+01 1.742657e+02
    endloop
  endfacet
  facet normal 8.951720e-16 1.000000e+00 9.164360e-16
    outer loop
      vertex   3.089677e+01 8.537426e+01 2.652657e+02
      vertex   1.722493e+01 8.537426e+01 2.631137e+02
      vertex   -3.260323e+01 8.537426e+01 2.652657e+02
    endloop
  endfacet
  facet normal 7.448756e-16 1.000000e+00 -2.563516e-15
    outer loop
      vertex   -3.260323e+01 8.537426e+01 2.652657e+02
      vertex   1.722493e+01 8.537426e+01 2.631137e+02
      vertex   -2.093139e+01 8.537426e+01 2.631137e+02
    endloop
  endfacet
  facet normal -1.161087e-15 1.000000e+00 -1.290073e-14
    outer loop
      vertex   -3.260323e+01 8.537426e+01 2.652657e+02
      vertex   -2.093139e+01 8.537426e+01 2.631137e+02
      vertex   -2.144526e+01 8.537426e+01 2.631599e+02
    endloop
  endfacet
  facet normal 1.863359e-13 1.000000e+00 1.294871e-13
    outer loop
      vertex   -2.743008e+01 8.537426e+01 2.579312e+02
      vertex   -2.745323e+01 8.537426e+01 2.574157e+02
      vertex   -3.260323e+01 8.537426e+01 2.652657e+02
    endloop
  endfacet
  facet normal -2.374193e-13 1.000000e+00 -1.485179e-13
    outer loop
      vertex   -3.260323e+01 8.537426e+01 2.652657e+02
      vertex   -2.745323e+01 8.537426e+01 2.574157e+02
      vertex   -2.743008e+01 8.537426e+01 2.569003e+02
    endloop
  endfacet
  facet normal 3.517561e-15 1.000000e+00 4.764860e-16
    outer loop
      vertex   -3.260323e+01 8.537426e+01 2.652657e+02
      vertex   -2.743008e+01 8.537426e+01 2.569003e+02
      vertex   -2.736083e+01 8.537426e+01 2.563890e+02
    endloop
  endfacet
  facet normal -7.370016e-15 1.000000e+00 1.530400e-14
    outer loop
      vertex   -1.944334e+01 8.537426e+01 2.521284e+02
      vertex   -1.897849e+01 8.537426e+01 2.523523e+02
      vertex   -1.960323e+01 8.537426e+01 2.492657e+02
    endloop
  endfacet
  facet normal -9.387718e-15 1.000000e+00 1.571239e-14
    outer loop
      vertex   -1.960323e+01 8.537426e+01 2.492657e+02
      vertex   -1.897849e+01 8.537426e+01 2.523523e+02
      vertex   -1.853557e+01 8.537426e+01 2.526169e+02
    endloop
  endfacet
  facet normal -1.202652e-14 1.000000e+00 1.655309e-14
    outer loop
      vertex   -1.960323e+01 8.537426e+01 2.492657e+02
      vertex   -1.853557e+01 8.537426e+01 2.526169e+02
      vertex   -1.811817e+01 8.537426e+01 2.529202e+02
    endloop
  endfacet
  facet normal -1.580266e-14 1.000000e+00 1.808760e-14
    outer loop
      vertex   -1.811817e+01 8.537426e+01 2.529202e+02
      vertex   -1.772962e+01 8.537426e+01 2.532597e+02
      vertex   -1.960323e+01 8.537426e+01 2.492657e+02
    endloop
  endfacet
  facet normal -2.191931e-14 1.000000e+00 2.095701e-14
    outer loop
      vertex   -1.960323e+01 8.537426e+01 2.492657e+02
      vertex   -1.772962e+01 8.537426e+01 2.532597e+02
      vertex   -1.737307e+01 8.537426e+01 2.536326e+02
    endloop
  endfacet
  facet normal -3.404375e-14 1.000000e+00 2.714898e-14
    outer loop
      vertex   -1.960323e+01 8.537426e+01 2.492657e+02
      vertex   -1.737307e+01 8.537426e+01 2.536326e+02
      vertex   -1.705138e+01 8.537426e+01 2.540360e+02
    endloop
  endfacet
  facet normal -0.000000e+00 1.000000e+00 0.000000e+00
    outer loop
      vertex   -1.676715e+01 8.537426e+01 2.544666e+02
      vertex   -3.792511e+00 8.537426e+01 2.556880e+02
      vertex   -1.705138e+01 8.537426e+01 2.540360e+02
    endloop
  endfacet
  facet normal 0.000000e+00 1.000000e+00 0.000000e+00
    outer loop
      vertex   -1.705138e+01 8.537426e+01 2.540360e+02
      vertex   -3.792511e+00 8.537426e+01 2.556880e+02
      vertex   -3.559615e+00 8.537426e+01 2.554386e+02
    endloop
  endfacet
  facet normal -9.838786e-16 1.000000e+00 9.463533e-15
    outer loop
      vertex   -1.705138e+01 8.537426e+01 2.540360e+02
      vertex   -3.559615e+00 8.537426e+01 2.554386e+02
      vertex   -1.960323e+01 8.537426e+01 2.492657e+02
    endloop
  endfacet
  facet normal 1.804084e-15 1.000000e+00 2.217517e-15
    outer loop
      vertex   -1.960323e+01 8.537426e+01 2.492657e+02
      vertex   -3.559615e+00 8.537426e+01 2.554386e+02
      vertex   -3.294933e+00 8.537426e+01 2.552233e+02
    endloop
  endfacet
  facet normal 1.633112e-15 1.000000e+00 2.685538e-15
    outer loop
      vertex   -1.960323e+01 8.537426e+01 2.492657e+02
      vertex   -3.294933e+00 8.537426e+01 2.552233e+02
      vertex   -3.003395e+00 8.537426e+01 2.550460e+02
    endloop
  endfacet
  facet normal 0.000000e+00 1.000000e+00 0.000000e+00
    outer loop
      vertex   -1.676715e+01 8.537426e+01 2.544666e+02
      vertex   -1.652266e+01 8.537426e+01 2.549209e+02
      vertex   -3.792511e+00 8.537426e+01 2.556880e+02
    endloop
  endfacet
  facet normal 0.000000e+00 1.000000e+00 0.000000e+00
    outer loop
      vertex   -3.792511e+00 8.537426e+01 2.556880e+02
      vertex   -1.652266e+01 8.537426e+01 2.549209e+02
      vertex   -3.989281e+00 8.537426e+01 2.559668e+02
    endloop
  endfacet
  facet normal 0.000000e+00 1.000000e+00 0.000000e+00
    outer loop
      vertex   -3.989281e+00 8.537426e+01 2.559668e+02
      vertex   -1.652266e+01 8.537426e+01 2.549209e+02
      vertex   -1.631988e+01 8.537426e+01 2.553953e+02
    endloop
  endfacet
  facet normal 0.000000e+00 1.000000e+00 0.000000e+00
    outer loop
      vertex   -3.989281e+00 8.537426e+01 2.559668e+02
      vertex   -1.631988e+01 8.537426e+01 2.553953e+02
      vertex   -4.146261e+00 8.537426e+01 2.562697e+02
    endloop
  endfacet
  facet normal 0.000000e+00 1.000000e+00 0.000000e+00
    outer loop
      vertex   -4.146261e+00 8.537426e+01 2.562697e+02
      vertex   -1.631988e+01 8.537426e+01 2.553953e+02
      vertex   -1.616045e+01 8.537426e+01 2.558860e+02
    endloop
  endfacet
  facet normal 0.000000e+00 1.000000e+00 0.000000e+00
    outer loop
      vertex   -4.146261e+00 8.537426e+01 2.562697e+02
      vertex   -1.616045e+01 8.537426e+01 2.558860e+02
      vertex   -4.260526e+00 8.537426e+01 2.565912e+02
    endloop
  endfacet
  facet normal 0.000000e+00 1.000000e+00 0.000000e+00
    outer loop
      vertex   -4.260526e+00 8.537426e+01 2.565912e+02
      vertex   -1.616045e+01 8.537426e+01 2.558860e+02
      vertex   -1.604564e+01 8.537426e+01 2.563890e+02
    endloop
  endfacet
  facet normal 0.000000e+00 1.000000e+00 0.000000e+00
    outer loop
      vertex   -4.260526e+00 8.537426e+01 2.565912e+02
      vertex   -1.604564e+01 8.537426e+01 2.563890e+02
      vertex   -4.329947e+00 8.537426e+01 2.569253e+02
    endloop
  endfacet
  facet normal 0.000000e+00 1.000000e+00 0.000000e+00
    outer loop
      vertex   -4.329947e+00 8.537426e+01 2.569253e+02
      vertex   -1.604564e+01 8.537426e+01 2.563890e+02
      vertex   -1.597638e+01 8.537426e+01 2.569003e+02
    endloop
  endfacet
  facet normal 8.963055e-17 1.000000e+00 -4.173935e-14
    outer loop
      vertex   -4.329947e+00 8.537426e+01 2.569253e+02
      vertex   -1.597638e+01 8.537426e+01 2.569003e+02
      vertex   -4.353232e+00 8.537426e+01 2.572657e+02
    endloop
  endfacet
  facet normal -1.224363e-15 1.000000e+00 5.498619e-17
    outer loop
      vertex   -4.353232e+00 8.537426e+01 2.572657e+02
      vertex   -1.597638e+01 8.537426e+01 2.569003e+02
      vertex   -1.595323e+01 8.537426e+01 2.574157e+02
    endloop
  endfacet
  facet normal -1.225786e-15 1.000000e+00 -5.505009e-17
    outer loop
      vertex   -4.353232e+00 8.537426e+01 2.572657e+02
      vertex   -1.595323e+01 8.537426e+01 2.574157e+02
      vertex   -1.597638e+01 8.537426e+01 2.579312e+02
    endloop
  endfacet
  facet normal 1.162744e-15 1.000000e+00 4.166594e-14
    outer loop
      vertex   -4.353232e+00 8.537426e+01 2.572657e+02
      vertex   -1.597638e+01 8.537426e+01 2.579312e+02
      vertex   -4.329947e+00 8.537426e+01 2.576062e+02
    endloop
  endfacet
  facet normal 0.000000e+00 1.000000e+00 0.000000e+00
    outer loop
      vertex   -4.329947e+00 8.537426e+01 2.576062e+02
      vertex   -1.597638e+01 8.537426e+01 2.579312e+02
      vertex   -1.604564e+01 8.537426e+01 2.584424e+02
    endloop
  endfacet
  facet normal 0.000000e+00 1.000000e+00 -0.000000e+00
    outer loop
      vertex   -4.329947e+00 8.537426e+01 2.576062e+02
      vertex   -1.604564e+01 8.537426e+01 2.584424e+02
      vertex   -4.260526e+00 8.537426e+01 2.579402e+02
    endloop
  endfacet
  facet normal 0.000000e+00 1.000000e+00 0.000000e+00
    outer loop
      vertex   -4.260526e+00 8.537426e+01 2.579402e+02
      vertex   -1.604564e+01 8.537426e+01 2.584424e+02
      vertex   -1.616045e+01 8.537426e+01 2.589454e+02
    endloop
  endfacet
  facet normal 0.000000e+00 1.000000e+00 -0.000000e+00
    outer loop
      vertex   -4.260526e+00 8.537426e+01 2.579402e+02
      vertex   -1.616045e+01 8.537426e+01 2.589454e+02
      vertex   -4.146261e+00 8.537426e+01 2.582617e+02
    endloop
  endfacet
  facet normal 0.000000e+00 1.000000e+00 0.000000e+00
    outer loop
      vertex   -4.146261e+00 8.537426e+01 2.582617e+02
      vertex   -1.616045e+01 8.537426e+01 2.589454e+02
      vertex   -1.631988e+01 8.537426e+01 2.594361e+02
    endloop
  endfacet
  facet normal 0.000000e+00 1.000000e+00 -0.000000e+00
    outer loop
      vertex   -4.146261e+00 8.537426e+01 2.582617e+02
      vertex   -1.631988e+01 8.537426e+01 2.594361e+02
      vertex   -3.989281e+00 8.537426e+01 2.585647e+02
    endloop
  endfacet
  facet normal 0.000000e+00 1.000000e+00 0.000000e+00
    outer loop
      vertex   -3.989281e+00 8.537426e+01 2.585647e+02
      vertex   -1.631988e+01 8.537426e+01 2.594361e+02
      vertex   -1.652266e+01 8.537426e+01 2.599106e+02
    endloop
  endfacet
  facet normal 0.000000e+00 1.000000e+00 -0.000000e+00
    outer loop
      vertex   -3.989281e+00 8.537426e+01 2.585647e+02
      vertex   -1.652266e+01 8.537426e+01 2.599106e+02
      vertex   -3.792511e+00 8.537426e+01 2.588435e+02
    endloop
  endfacet
  facet normal 0.000000e+00 1.000000e+00 0.000000e+00
    outer loop
      vertex   -3.792511e+00 8.537426e+01 2.588435e+02
      vertex   -1.652266e+01 8.537426e+01 2.599106e+02
      vertex   -1.676715e+01 8.537426e+01 2.603649e+02
    endloop
  endfacet
  facet normal 0.000000e+00 1.000000e+00 -0.000000e+00
    outer loop
      vertex   -3.792511e+00 8.537426e+01 2.588435e+02
      vertex   -1.676715e+01 8.537426e+01 2.603649e+02
      vertex   -3.559615e+00 8.537426e+01 2.590928e+02
    endloop
  endfacet
  facet normal 0.000000e+00 1.000000e+00 0.000000e+00
    outer loop
      vertex   -3.559615e+00 8.537426e+01 2.590928e+02
      vertex   -1.676715e+01 8.537426e+01 2.603649e+02
      vertex   -1.705138e+01 8.537426e+01 2.607955e+02
    endloop
  endfacet
  facet normal 0.000000e+00 1.000000e+00 0.000000e+00
    outer loop
      vertex   -3.559615e+00 8.537426e+01 2.590928e+02
      vertex   -1.705138e+01 8.537426e+01 2.607955e+02
      vertex   -1.737307e+01 8.537426e+01 2.611989e+02
    endloop
  endfacet
  facet normal 0.000000e+00 1.000000e+00 -0.000000e+00
    outer loop
      vertex   -3.559615e+00 8.537426e+01 2.590928e+02
      vertex   -1.737307e+01 8.537426e+01 2.611989e+02
      vertex   -3.294933e+00 8.537426e+01 2.593082e+02
    endloop
  endfacet
  facet normal 0.000000e+00 1.000000e+00 0.000000e+00
    outer loop
      vertex   -3.294933e+00 8.537426e+01 2.593082e+02
      vertex   -1.737307e+01 8.537426e+01 2.611989e+02
      vertex   -1.772962e+01 8.537426e+01 2.615718e+02
    endloop
  endfacet
  facet normal 0.000000e+00 1.000000e+00 -0.000000e+00
    outer loop
      vertex   -3.294933e+00 8.537426e+01 2.593082e+02
      vertex   -1.772962e+01 8.537426e+01 2.615718e+02
      vertex   -3.003395e+00 8.537426e+01 2.594854e+02
    endloop
  endfacet
  facet normal 0.000000e+00 1.000000e+00 0.000000e+00
    outer loop
      vertex   -3.003395e+00 8.537426e+01 2.594854e+02
      vertex   -1.772962e+01 8.537426e+01 2.615718e+02
      vertex   -1.811817e+01 8.537426e+01 2.619113e+02
    endloop
  endfacet
  facet normal 0.000000e+00 1.000000e+00 -0.000000e+00
    outer loop
      vertex   -3.003395e+00 8.537426e+01 2.594854e+02
      vertex   -1.811817e+01 8.537426e+01 2.619113e+02
      vertex   -2.690431e+00 8.537426e+01 2.596214e+02
    endloop
  endfacet
  facet normal 0.000000e+00 1.000000e+00 0.000000e+00
    outer loop
      vertex   -2.690431e+00 8.537426e+01 2.596214e+02
      vertex   -1.811817e+01 8.537426e+01 2.619113e+02
      vertex   -1.853557e+01 8.537426e+01 2.622145e+02
    endloop
  endfacet
  facet normal 0.000000e+00 1.000000e+00 -0.000000e+00
    outer loop
      vertex   -2.690431e+00 8.537426e+01 2.596214e+02
      vertex   -1.853557e+01 8.537426e+01 2.622145e+02
      vertex   -2.361872e+00 8.537426e+01 2.597134e+02
    endloop
  endfacet
  facet normal 0.000000e+00 1.000000e+00 0.000000e+00
    outer loop
      vertex   -2.361872e+00 8.537426e+01 2.597134e+02
      vertex   -1.853557e+01 8.537426e+01 2.622145e+02
      vertex   -1.897849e+01 8.537426e+01 2.624792e+02
    endloop
  endfacet
  facet normal 0.000000e+00 1.000000e+00 -0.000000e+00
    outer loop
      vertex   -2.361872e+00 8.537426e+01 2.597134e+02
      vertex   -1.897849e+01 8.537426e+01 2.624792e+02
      vertex   -2.023838e+00 8.537426e+01 2.597599e+02
    endloop
  endfacet
  facet normal 0.000000e+00 1.000000e+00 0.000000e+00
    outer loop
      vertex   -2.023838e+00 8.537426e+01 2.597599e+02
      vertex   -1.897849e+01 8.537426e+01 2.624792e+02
      vertex   -1.944334e+01 8.537426e+01 2.627030e+02
    endloop
  endfacet
  facet normal 0.000000e+00 1.000000e+00 0.000000e+00
    outer loop
      vertex   -2.023838e+00 8.537426e+01 2.597599e+02
      vertex   -1.944334e+01 8.537426e+01 2.627030e+02
      vertex   -1.992638e+01 8.537426e+01 2.628843e+02
    endloop
  endfacet
  facet normal 7.652379e-16 1.000000e+00 2.772777e-15
    outer loop
      vertex   -2.042374e+01 8.537426e+01 2.630216e+02
      vertex   1.671727e+01 8.537426e+01 2.630216e+02
      vertex   -1.992638e+01 8.537426e+01 2.628843e+02
    endloop
  endfacet
  facet normal 7.862964e-16 1.000000e+00 -2.849081e-15
    outer loop
      vertex   -1.992638e+01 8.537426e+01 2.628843e+02
      vertex   1.671727e+01 8.537426e+01 2.630216e+02
      vertex   1.621992e+01 8.537426e+01 2.628843e+02
    endloop
  endfacet
  facet normal 7.862964e-16 1.000000e+00 4.505407e-15
    outer loop
      vertex   -1.992638e+01 8.537426e+01 2.628843e+02
      vertex   1.621992e+01 8.537426e+01 2.628843e+02
      vertex   -2.023838e+00 8.537426e+01 2.597599e+02
    endloop
  endfacet
  facet normal -0.000000e+00 1.000000e+00 9.096685e-15
    outer loop
      vertex   -2.023838e+00 8.537426e+01 2.597599e+02
      vertex   1.621992e+01 8.537426e+01 2.628843e+02
      vertex   -1.682626e+00 8.537426e+01 2.597599e+02
    endloop
  endfacet
  facet normal 2.967518e-15 1.000000e+00 -7.906923e-15
    outer loop
      vertex   -1.682626e+00 8.537426e+01 2.597599e+02
      vertex   1.621992e+01 8.537426e+01 2.628843e+02
      vertex   1.573687e+01 8.537426e+01 2.627030e+02
    endloop
  endfacet
  facet normal 2.513402e-15 1.000000e+00 -5.219133e-15
    outer loop
      vertex   -1.682626e+00 8.537426e+01 2.597599e+02
      vertex   1.573687e+01 8.537426e+01 2.627030e+02
      vertex   1.527202e+01 8.537426e+01 2.624792e+02
    endloop
  endfacet
  facet normal 7.652379e-16 1.000000e+00 -4.216809e-15
    outer loop
      vertex   1.671727e+01 8.537426e+01 2.630216e+02
      vertex   -2.042374e+01 8.537426e+01 2.630216e+02
      vertex   1.722493e+01 8.537426e+01 2.631137e+02
    endloop
  endfacet
  facet normal 7.448756e-16 1.000000e+00 4.104603e-15
    outer loop
      vertex   1.722493e+01 8.537426e+01 2.631137e+02
      vertex   -2.042374e+01 8.537426e+01 2.630216e+02
      vertex   -2.093139e+01 8.537426e+01 2.631137e+02
    endloop
  endfacet
  facet normal 0.000000e+00 1.000000e+00 -6.748468e-15
    outer loop
      vertex   -2.144526e+01 8.537426e+01 2.631599e+02
      vertex   -2.196121e+01 8.537426e+01 2.631599e+02
      vertex   -3.260323e+01 8.537426e+01 2.652657e+02
    endloop
  endfacet
  facet normal 4.174841e-16 1.000000e+00 -4.638629e-15
    outer loop
      vertex   -3.260323e+01 8.537426e+01 2.652657e+02
      vertex   -2.196121e+01 8.537426e+01 2.631599e+02
      vertex   -2.247507e+01 8.537426e+01 2.631137e+02
    endloop
  endfacet
  facet normal 6.463337e-16 1.000000e+00 -3.561592e-15
    outer loop
      vertex   -3.260323e+01 8.537426e+01 2.652657e+02
      vertex   -2.247507e+01 8.537426e+01 2.631137e+02
      vertex   -2.298273e+01 8.537426e+01 2.630216e+02
    endloop
  endfacet
  facet normal 8.005190e-16 1.000000e+00 -2.900615e-15
    outer loop
      vertex   -2.298273e+01 8.537426e+01 2.630216e+02
      vertex   -2.348008e+01 8.537426e+01 2.628843e+02
      vertex   -3.260323e+01 8.537426e+01 2.652657e+02
    endloop
  endfacet
  facet normal 9.187001e-16 1.000000e+00 -2.447868e-15
    outer loop
      vertex   -3.260323e+01 8.537426e+01 2.652657e+02
      vertex   -2.348008e+01 8.537426e+01 2.628843e+02
      vertex   -2.396313e+01 8.537426e+01 2.627030e+02
    endloop
  endfacet
  facet normal 1.017850e-15 1.000000e+00 -2.113587e-15
    outer loop
      vertex   -3.260323e+01 8.537426e+01 2.652657e+02
      vertex   -2.396313e+01 8.537426e+01 2.627030e+02
      vertex   -2.442798e+01 8.537426e+01 2.624792e+02
    endloop
  endfacet
  facet normal 1.106834e-15 1.000000e+00 -1.852527e-15
    outer loop
      vertex   -2.442798e+01 8.537426e+01 2.624792e+02
      vertex   -2.487089e+01 8.537426e+01 2.622145e+02
      vertex   -3.260323e+01 8.537426e+01 2.652657e+02
    endloop
  endfacet
  facet normal 1.190990e-15 1.000000e+00 -1.639258e-15
    outer loop
      vertex   -3.260323e+01 8.537426e+01 2.652657e+02
      vertex   -2.487089e+01 8.537426e+01 2.622145e+02
      vertex   -2.528830e+01 8.537426e+01 2.619113e+02
    endloop
  endfacet
  facet normal 1.274010e-15 1.000000e+00 -1.458221e-15
    outer loop
      vertex   -3.260323e+01 8.537426e+01 2.652657e+02
      vertex   -2.528830e+01 8.537426e+01 2.619113e+02
      vertex   -2.567684e+01 8.537426e+01 2.615718e+02
    endloop
  endfacet
  facet normal 1.358831e-15 1.000000e+00 -1.299175e-15
    outer loop
      vertex   -2.567684e+01 8.537426e+01 2.615718e+02
      vertex   -2.603339e+01 8.537426e+01 2.611989e+02
      vertex   -3.260323e+01 8.537426e+01 2.652657e+02
    endloop
  endfacet
  facet normal 1.448159e-15 1.000000e+00 -1.154869e-15
    outer loop
      vertex   -3.260323e+01 8.537426e+01 2.652657e+02
      vertex   -2.603339e+01 8.537426e+01 2.611989e+02
      vertex   -2.635508e+01 8.537426e+01 2.607955e+02
    endloop
  endfacet
  facet normal 1.544838e-15 1.000000e+00 -1.019739e-15
    outer loop
      vertex   -3.260323e+01 8.537426e+01 2.652657e+02
      vertex   -2.635508e+01 8.537426e+01 2.607955e+02
      vertex   -2.663931e+01 8.537426e+01 2.603649e+02
    endloop
  endfacet
  facet normal 1.652201e-15 1.000000e+00 -8.890870e-16
    outer loop
      vertex   -2.663931e+01 8.537426e+01 2.603649e+02
      vertex   -2.688380e+01 8.537426e+01 2.599106e+02
      vertex   -3.260323e+01 8.537426e+01 2.652657e+02
    endloop
  endfacet
  facet normal 1.774507e-15 1.000000e+00 -7.584609e-16
    outer loop
      vertex   -3.260323e+01 8.537426e+01 2.652657e+02
      vertex   -2.688380e+01 8.537426e+01 2.599106e+02
      vertex   -2.708658e+01 8.537426e+01 2.594361e+02
    endloop
  endfacet
  facet normal 1.917587e-15 1.000000e+00 -6.230619e-16
    outer loop
      vertex   -3.260323e+01 8.537426e+01 2.652657e+02
      vertex   -2.708658e+01 8.537426e+01 2.594361e+02
      vertex   -2.724602e+01 8.537426e+01 2.589454e+02
    endloop
  endfacet
  facet normal 2.089900e-15 1.000000e+00 -4.770060e-16
    outer loop
      vertex   -2.724602e+01 8.537426e+01 2.589454e+02
      vertex   -2.736083e+01 8.537426e+01 2.584424e+02
      vertex   -3.260323e+01 8.537426e+01 2.652657e+02
    endloop
  endfacet
  facet normal 2.304457e-15 1.000000e+00 -3.121599e-16
    outer loop
      vertex   -3.260323e+01 8.537426e+01 2.652657e+02
      vertex   -2.736083e+01 8.537426e+01 2.584424e+02
      vertex   -2.743008e+01 8.537426e+01 2.579312e+02
    endloop
  endfacet
  facet normal 1.225786e-15 1.000000e+00 -5.505009e-17
    outer loop
      vertex   1.226992e+01 8.537426e+01 2.579312e+02
      vertex   1.224677e+01 8.537426e+01 2.574157e+02
      vertex   6.467676e-01 8.537426e+01 2.572657e+02
    endloop
  endfacet
  facet normal 1.224363e-15 1.000000e+00 5.498619e-17
    outer loop
      vertex   6.467676e-01 8.537426e+01 2.572657e+02
      vertex   1.224677e+01 8.537426e+01 2.574157e+02
      vertex   1.226992e+01 8.537426e+01 2.569003e+02
    endloop
  endfacet
  facet normal 1.220010e-15 1.000000e+00 -8.345099e-17
    outer loop
      vertex   6.467676e-01 8.537426e+01 2.572657e+02
      vertex   1.226992e+01 8.537426e+01 2.569003e+02
      vertex   6.234824e-01 8.537426e+01 2.569253e+02
    endloop
  endfacet
  facet normal 1.220544e-15 1.000000e+00 1.653340e-16
    outer loop
      vertex   6.234824e-01 8.537426e+01 2.569253e+02
      vertex   1.226992e+01 8.537426e+01 2.569003e+02
      vertex   1.233917e+01 8.537426e+01 2.563890e+02
    endloop
  endfacet
  facet normal 1.201547e-15 1.000000e+00 -2.496843e-16
    outer loop
      vertex   6.234824e-01 8.537426e+01 2.569253e+02
      vertex   1.233917e+01 8.537426e+01 2.563890e+02
      vertex   5.540608e-01 8.537426e+01 2.565912e+02
    endloop
  endfacet
  facet normal 1.210572e-15 1.000000e+00 2.763052e-16
    outer loop
      vertex   5.540608e-01 8.537426e+01 2.565912e+02
      vertex   1.233917e+01 8.537426e+01 2.563890e+02
      vertex   1.245398e+01 8.537426e+01 2.558860e+02
    endloop
  endfacet
  facet normal 1.169564e-15 1.000000e+00 -4.156632e-16
    outer loop
      vertex   5.540608e-01 8.537426e+01 2.565912e+02
      vertex   1.245398e+01 8.537426e+01 2.558860e+02
      vertex   4.397958e-01 8.537426e+01 2.562697e+02
    endloop
  endfacet
  facet normal 1.195243e-15 1.000000e+00 3.883580e-16
    outer loop
      vertex   4.397958e-01 8.537426e+01 2.562697e+02
      vertex   1.245398e+01 8.537426e+01 2.558860e+02
      vertex   1.261342e+01 8.537426e+01 2.553953e+02
    endloop
  endfacet
  facet normal 1.125461e-15 1.000000e+00 -5.831667e-16
    outer loop
      vertex   4.397958e-01 8.537426e+01 2.562697e+02
      vertex   1.261342e+01 8.537426e+01 2.553953e+02
      vertex   2.828161e-01 8.537426e+01 2.559668e+02
    endloop
  endfacet
  facet normal 1.175777e-15 1.000000e+00 5.025511e-16
    outer loop
      vertex   2.828161e-01 8.537426e+01 2.559668e+02
      vertex   1.261342e+01 8.537426e+01 2.553953e+02
      vertex   1.281620e+01 8.537426e+01 2.549209e+02
    endloop
  endfacet
  facet normal 1.070769e-15 1.000000e+00 -7.558311e-16
    outer loop
      vertex   2.828161e-01 8.537426e+01 2.559668e+02
      vertex   1.281620e+01 8.537426e+01 2.549209e+02
      vertex   8.604580e-02 8.537426e+01 2.556880e+02
    endloop
  endfacet
  facet normal 1.153727e-15 1.000000e+00 6.208468e-16
    outer loop
      vertex   8.604580e-02 8.537426e+01 2.556880e+02
      vertex   1.281620e+01 8.537426e+01 2.549209e+02
      vertex   1.306069e+01 8.537426e+01 2.544666e+02
    endloop
  endfacet
  facet normal 1.167852e-15 1.000000e+00 7.708924e-16
    outer loop
      vertex   8.604580e-02 8.537426e+01 2.556880e+02
      vertex   1.306069e+01 8.537426e+01 2.544666e+02
      vertex   1.334492e+01 8.537426e+01 2.540360e+02
    endloop
  endfacet
  facet normal 2.599350e-15 1.000000e+00 -8.445801e-16
    outer loop
      vertex   2.338012e+01 8.537426e+01 2.553953e+02
      vertex   2.353955e+01 8.537426e+01 2.558860e+02
      vertex   3.589677e+01 8.537426e+01 2.602657e+02
    endloop
  endfacet
  facet normal 2.502446e-15 1.000000e+00 -5.711669e-16
    outer loop
      vertex   3.589677e+01 8.537426e+01 2.602657e+02
      vertex   2.353955e+01 8.537426e+01 2.558860e+02
      vertex   2.365436e+01 8.537426e+01 2.563890e+02
    endloop
  endfacet
  facet normal 2.425626e-15 1.000000e+00 -3.285733e-16
    outer loop
      vertex   3.589677e+01 8.537426e+01 2.602657e+02
      vertex   2.365436e+01 8.537426e+01 2.563890e+02
      vertex   2.372362e+01 8.537426e+01 2.569003e+02
    endloop
  endfacet
  facet normal 2.364140e-15 1.000000e+00 -1.061737e-16
    outer loop
      vertex   2.372362e+01 8.537426e+01 2.569003e+02
      vertex   2.374677e+01 8.537426e+01 2.574157e+02
      vertex   3.589677e+01 8.537426e+01 2.602657e+02
    endloop
  endfacet
  facet normal 0.000000e+00 1.000000e+00 -0.000000e+00
    outer loop
      vertex   2.372362e+01 8.537426e+01 2.579312e+02
      vertex   2.365436e+01 8.537426e+01 2.584424e+02
      vertex   3.089677e+01 8.537426e+01 2.652657e+02
    endloop
  endfacet
  facet normal 0.000000e+00 1.000000e+00 0.000000e+00
    outer loop
      vertex   3.089677e+01 8.537426e+01 2.652657e+02
      vertex   2.365436e+01 8.537426e+01 2.584424e+02
      vertex   2.353955e+01 8.537426e+01 2.589454e+02
    endloop
  endfacet
  facet normal 0.000000e+00 1.000000e+00 0.000000e+00
    outer loop
      vertex   3.089677e+01 8.537426e+01 2.652657e+02
      vertex   2.353955e+01 8.537426e+01 2.589454e+02
      vertex   2.338012e+01 8.537426e+01 2.594361e+02
    endloop
  endfacet
  facet normal 0.000000e+00 1.000000e+00 -0.000000e+00
    outer loop
      vertex   2.338012e+01 8.537426e+01 2.594361e+02
      vertex   2.317734e+01 8.537426e+01 2.599106e+02
      vertex   3.089677e+01 8.537426e+01 2.652657e+02
    endloop
  endfacet
  facet normal 0.000000e+00 1.000000e+00 0.000000e+00
    outer loop
      vertex   3.089677e+01 8.537426e+01 2.652657e+02
      vertex   2.317734e+01 8.537426e+01 2.599106e+02
      vertex   2.293285e+01 8.537426e+01 2.603649e+02
    endloop
  endfacet
  facet normal 0.000000e+00 1.000000e+00 0.000000e+00
    outer loop
      vertex   3.089677e+01 8.537426e+01 2.652657e+02
      vertex   2.293285e+01 8.537426e+01 2.603649e+02
      vertex   2.264862e+01 8.537426e+01 2.607955e+02
    endloop
  endfacet
  facet normal 0.000000e+00 1.000000e+00 -0.000000e+00
    outer loop
      vertex   2.264862e+01 8.537426e+01 2.607955e+02
      vertex   2.232693e+01 8.537426e+01 2.611989e+02
      vertex   3.089677e+01 8.537426e+01 2.652657e+02
    endloop
  endfacet
  facet normal 1.243959e-14 1.000000e+00 -2.621322e-14
    outer loop
      vertex   3.089677e+01 8.537426e+01 2.652657e+02
      vertex   2.232693e+01 8.537426e+01 2.611989e+02
      vertex   2.197038e+01 8.537426e+01 2.615718e+02
    endloop
  endfacet
  facet normal 1.080309e-15 1.000000e+00 1.236513e-15
    outer loop
      vertex   3.089677e+01 8.537426e+01 2.652657e+02
      vertex   2.197038e+01 8.537426e+01 2.615718e+02
      vertex   2.158183e+01 8.537426e+01 2.619113e+02
    endloop
  endfacet
  facet normal 1.020018e-15 1.000000e+00 1.403934e-15
    outer loop
      vertex   2.158183e+01 8.537426e+01 2.619113e+02
      vertex   2.116443e+01 8.537426e+01 2.622145e+02
      vertex   3.089677e+01 8.537426e+01 2.652657e+02
    endloop
  endfacet
  facet normal 9.576566e-16 1.000000e+00 1.602847e-15
    outer loop
      vertex   3.089677e+01 8.537426e+01 2.652657e+02
      vertex   2.116443e+01 8.537426e+01 2.622145e+02
      vertex   2.072151e+01 8.537426e+01 2.624792e+02
    endloop
  endfacet
  facet normal 8.903130e-16 1.000000e+00 1.848754e-15
    outer loop
      vertex   3.089677e+01 8.537426e+01 2.652657e+02
      vertex   2.072151e+01 8.537426e+01 2.624792e+02
      vertex   2.025666e+01 8.537426e+01 2.627030e+02
    endloop
  endfacet
  facet normal 8.135161e-16 1.000000e+00 2.167606e-15
    outer loop
      vertex   2.025666e+01 8.537426e+01 2.627030e+02
      vertex   1.977362e+01 8.537426e+01 2.628843e+02
      vertex   3.089677e+01 8.537426e+01 2.652657e+02
    endloop
  endfacet
  facet normal 7.194622e-16 1.000000e+00 2.606913e-15
    outer loop
      vertex   3.089677e+01 8.537426e+01 2.652657e+02
      vertex   1.977362e+01 8.537426e+01 2.628843e+02
      vertex   1.927626e+01 8.537426e+01 2.630216e+02
    endloop
  endfacet
  facet normal 5.924431e-16 1.000000e+00 3.264630e-15
    outer loop
      vertex   3.089677e+01 8.537426e+01 2.652657e+02
      vertex   1.927626e+01 8.537426e+01 2.630216e+02
      vertex   1.876861e+01 8.537426e+01 2.631137e+02
    endloop
  endfacet
  facet normal 3.943158e-16 1.000000e+00 4.381208e-15
    outer loop
      vertex   1.876861e+01 8.537426e+01 2.631137e+02
      vertex   1.825474e+01 8.537426e+01 2.631599e+02
      vertex   3.089677e+01 8.537426e+01 2.652657e+02
    endloop
  endfacet
  facet normal 0.000000e+00 1.000000e+00 6.748468e-15
    outer loop
      vertex   3.089677e+01 8.537426e+01 2.652657e+02
      vertex   1.825474e+01 8.537426e+01 2.631599e+02
      vertex   1.773879e+01 8.537426e+01 2.631599e+02
    endloop
  endfacet
  facet normal -1.387878e-15 1.000000e+00 1.542059e-14
    outer loop
      vertex   3.089677e+01 8.537426e+01 2.652657e+02
      vertex   1.773879e+01 8.537426e+01 2.631599e+02
      vertex   1.722493e+01 8.537426e+01 2.631137e+02
    endloop
  endfacet
  facet normal 7.736182e-16 1.000000e+00 5.628490e-15
    outer loop
      vertex   -1.682626e+00 8.537426e+01 2.597599e+02
      vertex   1.527202e+01 8.537426e+01 2.624792e+02
      vertex   -1.344592e+00 8.537426e+01 2.597134e+02
    endloop
  endfacet
  facet normal 2.370928e-15 1.000000e+00 -3.968265e-15
    outer loop
      vertex   -1.344592e+00 8.537426e+01 2.597134e+02
      vertex   1.527202e+01 8.537426e+01 2.624792e+02
      vertex   1.482911e+01 8.537426e+01 2.622145e+02
    endloop
  endfacet
  facet normal 1.132330e-15 1.000000e+00 4.041339e-15
    outer loop
      vertex   -1.344592e+00 8.537426e+01 2.597134e+02
      vertex   1.482911e+01 8.537426e+01 2.622145e+02
      vertex   -1.016033e+00 8.537426e+01 2.596214e+02
    endloop
  endfacet
  facet normal 2.315228e-15 1.000000e+00 -3.186638e-15
    outer loop
      vertex   -1.016033e+00 8.537426e+01 2.596214e+02
      vertex   1.482911e+01 8.537426e+01 2.622145e+02
      vertex   1.441170e+01 8.537426e+01 2.619113e+02
    endloop
  endfacet
  facet normal 1.373058e-15 1.000000e+00 3.161097e-15
    outer loop
      vertex   -1.016033e+00 8.537426e+01 2.596214e+02
      vertex   1.441170e+01 8.537426e+01 2.619113e+02
      vertex   -7.030698e-01 8.537426e+01 2.594854e+02
    endloop
  endfacet
  facet normal 2.303554e-15 1.000000e+00 -2.636630e-15
    outer loop
      vertex   -7.030698e-01 8.537426e+01 2.594854e+02
      vertex   1.441170e+01 8.537426e+01 2.619113e+02
      vertex   1.402316e+01 8.537426e+01 2.615718e+02
    endloop
  endfacet
  facet normal 1.565322e-15 1.000000e+00 2.574063e-15
    outer loop
      vertex   -7.030698e-01 8.537426e+01 2.594854e+02
      vertex   1.402316e+01 8.537426e+01 2.615718e+02
      vertex   -4.115316e-01 8.537426e+01 2.593082e+02
    endloop
  endfacet
  facet normal -4.713639e-15 1.000000e+00 4.261339e-14
    outer loop
      vertex   -4.115316e-01 8.537426e+01 2.593082e+02
      vertex   1.402316e+01 8.537426e+01 2.615718e+02
      vertex   1.366661e+01 8.537426e+01 2.611989e+02
    endloop
  endfacet
  facet normal 8.664020e-16 1.000000e+00 1.064951e-15
    outer loop
      vertex   -4.115316e-01 8.537426e+01 2.593082e+02
      vertex   1.366661e+01 8.537426e+01 2.611989e+02
      vertex   -1.468496e-01 8.537426e+01 2.590928e+02
    endloop
  endfacet
  facet normal 1.171167e-15 1.000000e+00 -9.339742e-16
    outer loop
      vertex   -1.468496e-01 8.537426e+01 2.590928e+02
      vertex   1.366661e+01 8.537426e+01 2.611989e+02
      vertex   1.334492e+01 8.537426e+01 2.607955e+02
    endloop
  endfacet
  facet normal 1.149016e-15 1.000000e+00 -7.584591e-16
    outer loop
      vertex   -1.468496e-01 8.537426e+01 2.590928e+02
      vertex   1.334492e+01 8.537426e+01 2.607955e+02
      vertex   1.306069e+01 8.537426e+01 2.603649e+02
    endloop
  endfacet
  facet normal 9.871681e-16 1.000000e+00 9.219507e-16
    outer loop
      vertex   -1.468496e-01 8.537426e+01 2.590928e+02
      vertex   1.306069e+01 8.537426e+01 2.603649e+02
      vertex   8.604580e-02 8.537426e+01 2.588435e+02
    endloop
  endfacet
  facet normal 1.169049e-15 1.000000e+00 -6.290919e-16
    outer loop
      vertex   8.604580e-02 8.537426e+01 2.588435e+02
      vertex   1.306069e+01 8.537426e+01 2.603649e+02
      vertex   1.281620e+01 8.537426e+01 2.599106e+02
    endloop
  endfacet
  facet normal 1.053952e-15 1.000000e+00 7.439604e-16
    outer loop
      vertex   8.604580e-02 8.537426e+01 2.588435e+02
      vertex   1.281620e+01 8.537426e+01 2.599106e+02
      vertex   2.828161e-01 8.537426e+01 2.585647e+02
    endloop
  endfacet
  facet normal 1.188385e-15 1.000000e+00 -5.079400e-16
    outer loop
      vertex   2.828161e-01 8.537426e+01 2.585647e+02
      vertex   1.281620e+01 8.537426e+01 2.599106e+02
      vertex   1.261342e+01 8.537426e+01 2.594361e+02
    endloop
  endfacet
  facet normal 1.111774e-15 1.000000e+00 5.760747e-16
    outer loop
      vertex   2.828161e-01 8.537426e+01 2.585647e+02
      vertex   1.261342e+01 8.537426e+01 2.594361e+02
      vertex   4.397958e-01 8.537426e+01 2.582617e+02
    endloop
  endfacet
  facet normal 1.205123e-15 1.000000e+00 -3.915683e-16
    outer loop
      vertex   4.397958e-01 8.537426e+01 2.582617e+02
      vertex   1.261342e+01 8.537426e+01 2.594361e+02
      vertex   1.245398e+01 8.537426e+01 2.589454e+02
    endloop
  endfacet
  facet normal 1.159391e-15 1.000000e+00 4.120475e-16
    outer loop
      vertex   4.397958e-01 8.537426e+01 2.582617e+02
      vertex   1.245398e+01 8.537426e+01 2.589454e+02
      vertex   5.540608e-01 8.537426e+01 2.579402e+02
    endloop
  endfacet
  facet normal 1.217675e-15 1.000000e+00 -2.779263e-16
    outer loop
      vertex   5.540608e-01 8.537426e+01 2.579402e+02
      vertex   1.245398e+01 8.537426e+01 2.589454e+02
      vertex   1.233917e+01 8.537426e+01 2.584424e+02
    endloop
  endfacet
  facet normal 1.195247e-15 1.000000e+00 2.483752e-16
    outer loop
      vertex   5.540608e-01 8.537426e+01 2.579402e+02
      vertex   1.233917e+01 8.537426e+01 2.584424e+02
      vertex   6.234824e-01 8.537426e+01 2.576062e+02
    endloop
  endfacet
  facet normal 1.224819e-15 1.000000e+00 -1.659131e-16
    outer loop
      vertex   6.234824e-01 8.537426e+01 2.576062e+02
      vertex   1.233917e+01 8.537426e+01 2.584424e+02
      vertex   1.226992e+01 8.537426e+01 2.579312e+02
    endloop
  endfacet
  facet normal 1.217865e-15 1.000000e+00 8.330423e-17
    outer loop
      vertex   6.234824e-01 8.537426e+01 2.576062e+02
      vertex   1.226992e+01 8.537426e+01 2.579312e+02
      vertex   6.467676e-01 8.537426e+01 2.572657e+02
    endloop
  endfacet
  facet normal 1.425486e-15 1.000000e+00 3.281798e-15
    outer loop
      vertex   -3.003395e+00 8.537426e+01 2.550460e+02
      vertex   -2.690431e+00 8.537426e+01 2.549101e+02
      vertex   -1.960323e+01 8.537426e+01 2.492657e+02
    endloop
  endfacet
  facet normal 1.150436e-15 1.000000e+00 4.105960e-15
    outer loop
      vertex   -1.960323e+01 8.537426e+01 2.492657e+02
      vertex   -2.690431e+00 8.537426e+01 2.549101e+02
      vertex   -2.361872e+00 8.537426e+01 2.548180e+02
    endloop
  endfacet
  facet normal 7.396701e-16 1.000000e+00 5.381500e-15
    outer loop
      vertex   -1.960323e+01 8.537426e+01 2.492657e+02
      vertex   -2.361872e+00 8.537426e+01 2.548180e+02
      vertex   -2.023838e+00 8.537426e+01 2.547716e+02
    endloop
  endfacet
  facet normal -0.000000e+00 1.000000e+00 7.743170e-15
    outer loop
      vertex   -2.023838e+00 8.537426e+01 2.547716e+02
      vertex   -1.682626e+00 8.537426e+01 2.547716e+02
      vertex   -1.960323e+01 8.537426e+01 2.492657e+02
    endloop
  endfacet
  facet normal 9.503239e-16 1.000000e+00 -2.187865e-15
    outer loop
      vertex   -1.016033e+00 8.537426e+01 2.549101e+02
      vertex   -7.030698e-01 8.537426e+01 2.550460e+02
      vertex   1.589677e+01 8.537426e+01 2.492657e+02
    endloop
  endfacet
  facet normal 1.088741e-15 1.000000e+00 -1.790358e-15
    outer loop
      vertex   1.589677e+01 8.537426e+01 2.492657e+02
      vertex   -7.030698e-01 8.537426e+01 2.550460e+02
      vertex   -4.115316e-01 8.537426e+01 2.552233e+02
    endloop
  endfacet
  facet normal 1.202723e-15 1.000000e+00 -1.478345e-15
    outer loop
      vertex   1.589677e+01 8.537426e+01 2.492657e+02
      vertex   -4.115316e-01 8.537426e+01 2.552233e+02
      vertex   -1.468496e-01 8.537426e+01 2.554386e+02
    endloop
  endfacet
endsolid
