solid ASCII
  facet normal -1.000000e+00 2.738396e-16 9.054378e-18
    outer loop
      vertex   6.175011e-15 2.572404e+01 3.000000e+00
      vertex   6.661338e-15 2.750000e+01 3.000000e+00
      vertex   6.367973e-15 2.652789e+01 0.000000e+00
    endloop
  endfacet
  facet normal -1.000000e+00 3.017821e-16 0.000000e+00
    outer loop
      vertex   6.367973e-15 2.652789e+01 0.000000e+00
      vertex   6.661338e-15 2.750000e+01 3.000000e+00
      vertex   6.661338e-15 2.750000e+01 0.000000e+00
    endloop
  endfacet
  facet normal -1.000000e+00 2.400482e-16 2.629536e-31
    outer loop
      vertex   4.416887e-15 1.840000e+01 3.000000e+00
      vertex   4.416887e-15 1.840000e+01 0.000000e+00
      vertex   4.200844e-15 1.750000e+01 3.000000e+00
    endloop
  endfacet
  facet normal -1.000000e+00 2.400482e-16 0.000000e+00
    outer loop
      vertex   4.200844e-15 1.750000e+01 3.000000e+00
      vertex   4.416887e-15 1.840000e+01 0.000000e+00
      vertex   4.200844e-15 1.750000e+01 0.000000e+00
    endloop
  endfacet
  facet normal -1.000000e+00 2.400482e-16 0.000000e+00
    outer loop
      vertex   2.760555e-15 1.150000e+01 3.000000e+00
      vertex   2.760555e-15 1.150000e+01 0.000000e+00
      vertex   1.200241e-15 5.000000e+00 3.000000e+00
    endloop
  endfacet
  facet normal -1.000000e+00 2.400482e-16 0.000000e+00
    outer loop
      vertex   1.200241e-15 5.000000e+00 3.000000e+00
      vertex   2.760555e-15 1.150000e+01 0.000000e+00
      vertex   1.200241e-15 5.000000e+00 0.000000e+00
    endloop
  endfacet
  facet normal -1.000000e+00 2.427154e-16 0.000000e+00
    outer loop
      vertex   -1.200241e-15 -5.000000e+00 3.000000e+00
      vertex   -1.200241e-15 -5.000000e+00 0.000000e+00
      vertex   -6.661338e-15 -2.750000e+01 3.000000e+00
    endloop
  endfacet
  facet normal -1.000000e+00 2.427154e-16 0.000000e+00
    outer loop
      vertex   -6.661338e-15 -2.750000e+01 3.000000e+00
      vertex   -1.200241e-15 -5.000000e+00 0.000000e+00
      vertex   -6.661338e-15 -2.750000e+01 0.000000e+00
    endloop
  endfacet
  facet normal -0.000000e+00 1.000000e+00 0.000000e+00
    outer loop
      vertex   6.661338e-15 2.750000e+01 3.000000e+00
      vertex   1.950000e+01 2.750000e+01 3.000000e+00
      vertex   6.661338e-15 2.750000e+01 0.000000e+00
    endloop
  endfacet
  facet normal 0.000000e+00 1.000000e+00 0.000000e+00
    outer loop
      vertex   6.661338e-15 2.750000e+01 0.000000e+00
      vertex   1.950000e+01 2.750000e+01 3.000000e+00
      vertex   1.950000e+01 2.750000e+01 0.000000e+00
    endloop
  endfacet
  facet normal -4.486483e-02 -9.989931e-01 -0.000000e+00
    outer loop
      vertex   4.200844e-15 1.750000e+01 3.000000e+00
      vertex   4.200844e-15 1.750000e+01 0.000000e+00
      vertex   2.689179e-01 1.748792e+01 3.000000e+00
    endloop
  endfacet
  facet normal -4.486483e-02 -9.989931e-01 -3.071615e-17
    outer loop
      vertex   2.689179e-01 1.748792e+01 3.000000e+00
      vertex   4.200844e-15 1.750000e+01 0.000000e+00
      vertex   2.689179e-01 1.748792e+01 0.000000e+00
    endloop
  endfacet
  facet normal -1.342333e-01 -9.909498e-01 -9.190113e-17
    outer loop
      vertex   2.689179e-01 1.748792e+01 3.000000e+00
      vertex   2.689179e-01 1.748792e+01 0.000000e+00
      vertex   5.356707e-01 1.745179e+01 3.000000e+00
    endloop
  endfacet
  facet normal -1.342333e-01 -9.909498e-01 -1.192231e-16
    outer loop
      vertex   5.356707e-01 1.745179e+01 3.000000e+00
      vertex   2.689179e-01 1.748792e+01 0.000000e+00
      vertex   5.356707e-01 1.745179e+01 0.000000e+00
    endloop
  endfacet
  facet normal -2.225209e-01 -9.749279e-01 -1.976383e-16
    outer loop
      vertex   5.356707e-01 1.745179e+01 3.000000e+00
      vertex   5.356707e-01 1.745179e+01 0.000000e+00
      vertex   7.981105e-01 1.739189e+01 3.000000e+00
    endloop
  endfacet
  facet normal -2.225209e-01 -9.749279e-01 -1.811684e-16
    outer loop
      vertex   7.981105e-01 1.739189e+01 3.000000e+00
      vertex   5.356707e-01 1.745179e+01 0.000000e+00
      vertex   7.981105e-01 1.739189e+01 0.000000e+00
    endloop
  endfacet
  facet normal -3.090170e-01 -9.510565e-01 -2.515904e-16
    outer loop
      vertex   7.981105e-01 1.739189e+01 3.000000e+00
      vertex   7.981105e-01 1.739189e+01 0.000000e+00
      vertex   1.054124e+00 1.730870e+01 3.000000e+00
    endloop
  endfacet
  facet normal -3.090170e-01 -9.510565e-01 -2.515904e-16
    outer loop
      vertex   1.054124e+00 1.730870e+01 3.000000e+00
      vertex   7.981105e-01 1.739189e+01 0.000000e+00
      vertex   1.054124e+00 1.730870e+01 0.000000e+00
    endloop
  endfacet
  facet normal -3.930250e-01 -9.195278e-01 -3.199867e-16
    outer loop
      vertex   1.054124e+00 1.730870e+01 3.000000e+00
      vertex   1.054124e+00 1.730870e+01 0.000000e+00
      vertex   1.301651e+00 1.720291e+01 3.000000e+00
    endloop
  endfacet
  facet normal -3.930250e-01 -9.195278e-01 -4.072557e-16
    outer loop
      vertex   1.301651e+00 1.720291e+01 3.000000e+00
      vertex   1.054124e+00 1.730870e+01 0.000000e+00
      vertex   1.301651e+00 1.720291e+01 0.000000e+00
    endloop
  endfacet
  facet normal -4.738687e-01 -8.805955e-01 -4.910266e-16
    outer loop
      vertex   1.301651e+00 1.720291e+01 3.000000e+00
      vertex   1.301651e+00 1.720291e+01 0.000000e+00
      vertex   1.538698e+00 1.707535e+01 3.000000e+00
    endloop
  endfacet
  facet normal -4.738687e-01 -8.805955e-01 5.518080e-16
    outer loop
      vertex   1.538698e+00 1.707535e+01 3.000000e+00
      vertex   1.301651e+00 1.720291e+01 0.000000e+00
      vertex   1.538698e+00 1.707535e+01 0.000000e+00
    endloop
  endfacet
  facet normal -5.508970e-01 -8.345733e-01 4.174893e-16
    outer loop
      vertex   1.538698e+00 1.707535e+01 3.000000e+00
      vertex   1.538698e+00 1.707535e+01 0.000000e+00
      vertex   1.763356e+00 1.692705e+01 3.000000e+00
    endloop
  endfacet
  facet normal -5.508970e-01 -8.345733e-01 -1.630983e-16
    outer loop
      vertex   1.763356e+00 1.692705e+01 3.000000e+00
      vertex   1.538698e+00 1.707535e+01 0.000000e+00
      vertex   1.763356e+00 1.692705e+01 0.000000e+00
    endloop
  endfacet
  facet normal -6.234898e-01 -7.818315e-01 -1.845901e-16
    outer loop
      vertex   1.763356e+00 1.692705e+01 3.000000e+00
      vertex   1.763356e+00 1.692705e+01 0.000000e+00
      vertex   1.973816e+00 1.675921e+01 3.000000e+00
    endloop
  endfacet
  facet normal -6.234898e-01 -7.818315e-01 6.489894e-16
    outer loop
      vertex   1.973816e+00 1.675921e+01 3.000000e+00
      vertex   1.763356e+00 1.692705e+01 0.000000e+00
      vertex   1.973816e+00 1.675921e+01 0.000000e+00
    endloop
  endfacet
  facet normal -6.910626e-01 -7.227949e-01 5.490676e-16
    outer loop
      vertex   1.973816e+00 1.675921e+01 3.000000e+00
      vertex   1.973816e+00 1.675921e+01 0.000000e+00
      vertex   2.168385e+00 1.657319e+01 3.000000e+00
    endloop
  endfacet
  facet normal -6.910626e-01 -7.227949e-01 7.536632e-16
    outer loop
      vertex   2.168385e+00 1.657319e+01 3.000000e+00
      vertex   1.973816e+00 1.675921e+01 0.000000e+00
      vertex   2.168385e+00 1.657319e+01 0.000000e+00
    endloop
  endfacet
  facet normal -7.530715e-01 -6.579387e-01 6.676790e-16
    outer loop
      vertex   2.168385e+00 1.657319e+01 3.000000e+00
      vertex   2.168385e+00 1.657319e+01 0.000000e+00
      vertex   2.345494e+00 1.637047e+01 3.000000e+00
    endloop
  endfacet
  facet normal -7.530715e-01 -6.579387e-01 -1.114770e-16
    outer loop
      vertex   2.345494e+00 1.637047e+01 3.000000e+00
      vertex   2.168385e+00 1.657319e+01 0.000000e+00
      vertex   2.345494e+00 1.637047e+01 0.000000e+00
    endloop
  endfacet
  facet normal -8.090170e-01 -5.877853e-01 -1.197586e-16
    outer loop
      vertex   2.345494e+00 1.637047e+01 3.000000e+00
      vertex   2.345494e+00 1.637047e+01 0.000000e+00
      vertex   2.503720e+00 1.615269e+01 3.000000e+00
    endloop
  endfacet
  facet normal -8.090170e-01 -5.877853e-01 -3.592757e-16
    outer loop
      vertex   2.503720e+00 1.615269e+01 3.000000e+00
      vertex   2.345494e+00 1.637047e+01 0.000000e+00
      vertex   2.503720e+00 1.615269e+01 0.000000e+00
    endloop
  endfacet
  facet normal -8.584488e-01 -5.128993e-01 -3.812278e-16
    outer loop
      vertex   2.503720e+00 1.615269e+01 3.000000e+00
      vertex   2.503720e+00 1.615269e+01 0.000000e+00
      vertex   2.641787e+00 1.592161e+01 3.000000e+00
    endloop
  endfacet
  facet normal -8.584488e-01 -5.128993e-01 -2.541519e-16
    outer loop
      vertex   2.641787e+00 1.592161e+01 3.000000e+00
      vertex   2.503720e+00 1.615269e+01 0.000000e+00
      vertex   2.641787e+00 1.592161e+01 0.000000e+00
    endloop
  endfacet
  facet normal -9.009689e-01 -4.338837e-01 -2.667404e-16
    outer loop
      vertex   2.641787e+00 1.592161e+01 3.000000e+00
      vertex   2.641787e+00 1.592161e+01 0.000000e+00
      vertex   2.758583e+00 1.567908e+01 3.000000e+00
    endloop
  endfacet
  facet normal -9.009689e-01 -4.338837e-01 3.804514e-16
    outer loop
      vertex   2.758583e+00 1.567908e+01 3.000000e+00
      vertex   2.641787e+00 1.592161e+01 0.000000e+00
      vertex   2.758583e+00 1.567908e+01 0.000000e+00
    endloop
  endfacet
  facet normal -9.362349e-01 -3.513748e-01 2.775208e-16
    outer loop
      vertex   2.758583e+00 1.567908e+01 3.000000e+00
      vertex   2.758583e+00 1.567908e+01 0.000000e+00
      vertex   2.853170e+00 1.542705e+01 3.000000e+00
    endloop
  endfacet
  facet normal -9.362349e-01 -3.513748e-01 2.775208e-16
    outer loop
      vertex   2.853170e+00 1.542705e+01 3.000000e+00
      vertex   2.758583e+00 1.567908e+01 0.000000e+00
      vertex   2.853170e+00 1.542705e+01 0.000000e+00
    endloop
  endfacet
  facet normal -9.639629e-01 -2.660368e-01 1.723557e-16
    outer loop
      vertex   2.853170e+00 1.542705e+01 3.000000e+00
      vertex   2.853170e+00 1.542705e+01 0.000000e+00
      vertex   2.924784e+00 1.516756e+01 3.000000e+00
    endloop
  endfacet
  facet normal -9.639629e-01 -2.660368e-01 1.575255e-16
    outer loop
      vertex   2.924784e+00 1.516756e+01 3.000000e+00
      vertex   2.853170e+00 1.542705e+01 0.000000e+00
      vertex   2.924784e+00 1.516756e+01 0.000000e+00
    endloop
  endfacet
  facet normal -9.839296e-01 -1.785569e-01 1.057269e-16
    outer loop
      vertex   2.924784e+00 1.516756e+01 3.000000e+00
      vertex   2.924784e+00 1.516756e+01 0.000000e+00
      vertex   2.972849e+00 1.490270e+01 3.000000e+00
    endloop
  endfacet
  facet normal -9.839296e-01 -1.785569e-01 -0.000000e+00
    outer loop
      vertex   2.972849e+00 1.490270e+01 3.000000e+00
      vertex   2.924784e+00 1.516756e+01 0.000000e+00
      vertex   2.972849e+00 1.490270e+01 0.000000e+00
    endloop
  endfacet
  facet normal -9.959743e-01 -8.963931e-02 -0.000000e+00
    outer loop
      vertex   2.972849e+00 1.490270e+01 3.000000e+00
      vertex   2.972849e+00 1.490270e+01 0.000000e+00
      vertex   2.996979e+00 1.463459e+01 3.000000e+00
    endloop
  endfacet
  facet normal -9.959743e-01 -8.963931e-02 -9.435668e-17
    outer loop
      vertex   2.996979e+00 1.463459e+01 3.000000e+00
      vertex   2.972849e+00 1.490270e+01 0.000000e+00
      vertex   2.996979e+00 1.463459e+01 0.000000e+00
    endloop
  endfacet
  facet normal -1.000000e+00 -1.649730e-15 -1.480297e-16
    outer loop
      vertex   2.996979e+00 1.463459e+01 3.000000e+00
      vertex   2.996979e+00 1.463459e+01 0.000000e+00
      vertex   2.996979e+00 1.436541e+01 3.000000e+00
    endloop
  endfacet
  facet normal -1.000000e+00 1.649730e-15 1.480297e-16
    outer loop
      vertex   2.996979e+00 1.436541e+01 3.000000e+00
      vertex   2.996979e+00 1.463459e+01 0.000000e+00
      vertex   2.996979e+00 1.436541e+01 0.000000e+00
    endloop
  endfacet
  facet normal -9.959743e-01 8.963931e-02 1.474338e-16
    outer loop
      vertex   2.996979e+00 1.436541e+01 3.000000e+00
      vertex   2.996979e+00 1.436541e+01 0.000000e+00
      vertex   2.972849e+00 1.409730e+01 3.000000e+00
    endloop
  endfacet
  facet normal -9.959743e-01 8.963931e-02 0.000000e+00
    outer loop
      vertex   2.972849e+00 1.409730e+01 3.000000e+00
      vertex   2.996979e+00 1.436541e+01 0.000000e+00
      vertex   2.972849e+00 1.409730e+01 0.000000e+00
    endloop
  endfacet
  facet normal -9.839296e-01 1.785569e-01 0.000000e+00
    outer loop
      vertex   2.972849e+00 1.409730e+01 3.000000e+00
      vertex   2.972849e+00 1.409730e+01 0.000000e+00
      vertex   2.924784e+00 1.383244e+01 3.000000e+00
    endloop
  endfacet
  facet normal -9.839296e-01 1.785569e-01 -1.057269e-16
    outer loop
      vertex   2.924784e+00 1.383244e+01 3.000000e+00
      vertex   2.972849e+00 1.409730e+01 0.000000e+00
      vertex   2.924784e+00 1.383244e+01 0.000000e+00
    endloop
  endfacet
  facet normal -9.639629e-01 2.660368e-01 -1.575255e-16
    outer loop
      vertex   2.924784e+00 1.383244e+01 3.000000e+00
      vertex   2.924784e+00 1.383244e+01 0.000000e+00
      vertex   2.853170e+00 1.357295e+01 3.000000e+00
    endloop
  endfacet
  facet normal -9.639629e-01 2.660368e-01 2.853903e-16
    outer loop
      vertex   2.853170e+00 1.357295e+01 3.000000e+00
      vertex   2.924784e+00 1.383244e+01 0.000000e+00
      vertex   2.853170e+00 1.357295e+01 0.000000e+00
    endloop
  endfacet
  facet normal -9.362349e-01 3.513748e-01 2.771812e-16
    outer loop
      vertex   2.853170e+00 1.357295e+01 3.000000e+00
      vertex   2.853170e+00 1.357295e+01 0.000000e+00
      vertex   2.758583e+00 1.332092e+01 3.000000e+00
    endloop
  endfacet
  facet normal -9.362349e-01 3.513748e-01 0.000000e+00
    outer loop
      vertex   2.758583e+00 1.332092e+01 3.000000e+00
      vertex   2.853170e+00 1.357295e+01 0.000000e+00
      vertex   2.758583e+00 1.332092e+01 0.000000e+00
    endloop
  endfacet
  facet normal -9.009689e-01 4.338837e-01 0.000000e+00
    outer loop
      vertex   2.758583e+00 1.332092e+01 3.000000e+00
      vertex   2.758583e+00 1.332092e+01 0.000000e+00
      vertex   2.641787e+00 1.307839e+01 3.000000e+00
    endloop
  endfacet
  facet normal -9.009689e-01 4.338837e-01 -1.235406e-16
    outer loop
      vertex   2.641787e+00 1.307839e+01 3.000000e+00
      vertex   2.758583e+00 1.332092e+01 0.000000e+00
      vertex   2.641787e+00 1.307839e+01 0.000000e+00
    endloop
  endfacet
  facet normal -8.584488e-01 5.128993e-01 -1.766214e-16
    outer loop
      vertex   2.641787e+00 1.307839e+01 3.000000e+00
      vertex   2.641787e+00 1.307839e+01 0.000000e+00
      vertex   2.503720e+00 1.284731e+01 3.000000e+00
    endloop
  endfacet
  facet normal -8.584488e-01 5.128993e-01 7.753047e-17
    outer loop
      vertex   2.503720e+00 1.284731e+01 3.000000e+00
      vertex   2.641787e+00 1.307839e+01 0.000000e+00
      vertex   2.503720e+00 1.284731e+01 0.000000e+00
    endloop
  endfacet
  facet normal -8.090170e-01 5.877853e-01 1.123693e-17
    outer loop
      vertex   2.503720e+00 1.284731e+01 3.000000e+00
      vertex   2.503720e+00 1.284731e+01 0.000000e+00
      vertex   2.345494e+00 1.262953e+01 3.000000e+00
    endloop
  endfacet
  facet normal -8.090170e-01 5.877853e-01 1.309955e-16
    outer loop
      vertex   2.345494e+00 1.262953e+01 3.000000e+00
      vertex   2.503720e+00 1.284731e+01 0.000000e+00
      vertex   2.345494e+00 1.262953e+01 0.000000e+00
    endloop
  endfacet
  facet normal -7.530715e-01 6.579387e-01 5.632990e-17
    outer loop
      vertex   2.345494e+00 1.262953e+01 3.000000e+00
      vertex   2.345494e+00 1.262953e+01 0.000000e+00
      vertex   2.168385e+00 1.242681e+01 3.000000e+00
    endloop
  endfacet
  facet normal -7.530715e-01 6.579387e-01 5.632990e-17
    outer loop
      vertex   2.168385e+00 1.242681e+01 3.000000e+00
      vertex   2.345494e+00 1.262953e+01 0.000000e+00
      vertex   2.168385e+00 1.242681e+01 0.000000e+00
    endloop
  endfacet
  facet normal -6.910626e-01 7.227949e-01 -1.878925e-17
    outer loop
      vertex   2.168385e+00 1.242681e+01 3.000000e+00
      vertex   2.168385e+00 1.242681e+01 0.000000e+00
      vertex   1.973816e+00 1.224079e+01 3.000000e+00
    endloop
  endfacet
  facet normal -6.910626e-01 7.227949e-01 1.534467e-16
    outer loop
      vertex   1.973816e+00 1.224079e+01 3.000000e+00
      vertex   2.168385e+00 1.242681e+01 0.000000e+00
      vertex   1.973816e+00 1.224079e+01 0.000000e+00
    endloop
  endfacet
  facet normal -6.234898e-01 7.818315e-01 1.384425e-16
    outer loop
      vertex   1.973816e+00 1.224079e+01 3.000000e+00
      vertex   1.973816e+00 1.224079e+01 0.000000e+00
      vertex   1.763356e+00 1.207295e+01 3.000000e+00
    endloop
  endfacet
  facet normal -6.234898e-01 7.818315e-01 -9.229503e-17
    outer loop
      vertex   1.763356e+00 1.207295e+01 3.000000e+00
      vertex   1.973816e+00 1.224079e+01 0.000000e+00
      vertex   1.763356e+00 1.207295e+01 0.000000e+00
    endloop
  endfacet
  facet normal -5.508970e-01 8.345733e-01 -8.154914e-17
    outer loop
      vertex   1.763356e+00 1.207295e+01 3.000000e+00
      vertex   1.763356e+00 1.207295e+01 0.000000e+00
      vertex   1.538698e+00 1.192465e+01 3.000000e+00
    endloop
  endfacet
  facet normal -5.508970e-01 8.345733e-01 -1.271955e-16
    outer loop
      vertex   1.538698e+00 1.192465e+01 3.000000e+00
      vertex   1.763356e+00 1.207295e+01 0.000000e+00
      vertex   1.538698e+00 1.192465e+01 0.000000e+00
    endloop
  endfacet
  facet normal -4.738687e-01 8.805955e-01 -2.057574e-16
    outer loop
      vertex   1.538698e+00 1.192465e+01 3.000000e+00
      vertex   1.538698e+00 1.192465e+01 0.000000e+00
      vertex   1.301651e+00 1.179709e+01 3.000000e+00
    endloop
  endfacet
  facet normal -4.738687e-01 8.805955e-01 2.805866e-16
    outer loop
      vertex   1.301651e+00 1.179709e+01 3.000000e+00
      vertex   1.538698e+00 1.192465e+01 0.000000e+00
      vertex   1.301651e+00 1.179709e+01 0.000000e+00
    endloop
  endfacet
  facet normal -3.930250e-01 9.195278e-01 2.327176e-16
    outer loop
      vertex   1.301651e+00 1.179709e+01 3.000000e+00
      vertex   1.301651e+00 1.179709e+01 0.000000e+00
      vertex   1.054124e+00 1.169130e+01 3.000000e+00
    endloop
  endfacet
  facet normal -3.930250e-01 9.195278e-01 1.745382e-16
    outer loop
      vertex   1.054124e+00 1.169130e+01 3.000000e+00
      vertex   1.301651e+00 1.179709e+01 0.000000e+00
      vertex   1.054124e+00 1.169130e+01 0.000000e+00
    endloop
  endfacet
  facet normal -3.090170e-01 9.510565e-01 1.372311e-16
    outer loop
      vertex   1.054124e+00 1.169130e+01 3.000000e+00
      vertex   1.054124e+00 1.169130e+01 0.000000e+00
      vertex   7.981105e-01 1.160811e+01 3.000000e+00
    endloop
  endfacet
  facet normal -3.090170e-01 9.510565e-01 -4.144715e-16
    outer loop
      vertex   7.981105e-01 1.160811e+01 3.000000e+00
      vertex   1.054124e+00 1.169130e+01 0.000000e+00
      vertex   7.981105e-01 1.160811e+01 0.000000e+00
    endloop
  endfacet
  facet normal -2.225209e-01 9.749279e-01 -4.702192e-16
    outer loop
      vertex   7.981105e-01 1.160811e+01 3.000000e+00
      vertex   7.981105e-01 1.160811e+01 0.000000e+00
      vertex   5.356707e-01 1.154821e+01 3.000000e+00
    endloop
  endfacet
  facet normal -2.225209e-01 9.749279e-01 1.070541e-16
    outer loop
      vertex   5.356707e-01 1.154821e+01 3.000000e+00
      vertex   7.981105e-01 1.160811e+01 0.000000e+00
      vertex   5.356707e-01 1.154821e+01 0.000000e+00
    endloop
  endfacet
  facet normal -1.342333e-01 9.909498e-01 6.457917e-17
    outer loop
      vertex   5.356707e-01 1.154821e+01 3.000000e+00
      vertex   5.356707e-01 1.154821e+01 0.000000e+00
      vertex   2.689179e-01 1.151208e+01 3.000000e+00
    endloop
  endfacet
  facet normal -1.342333e-01 9.909498e-01 2.980577e-17
    outer loop
      vertex   2.689179e-01 1.151208e+01 3.000000e+00
      vertex   5.356707e-01 1.154821e+01 0.000000e+00
      vertex   2.689179e-01 1.151208e+01 0.000000e+00
    endloop
  endfacet
  facet normal -4.486483e-02 9.989931e-01 9.961994e-18
    outer loop
      vertex   2.689179e-01 1.151208e+01 3.000000e+00
      vertex   2.689179e-01 1.151208e+01 0.000000e+00
      vertex   2.760555e-15 1.150000e+01 3.000000e+00
    endloop
  endfacet
  facet normal -4.486483e-02 9.989931e-01 0.000000e+00
    outer loop
      vertex   2.760555e-15 1.150000e+01 3.000000e+00
      vertex   2.689179e-01 1.151208e+01 0.000000e+00
      vertex   2.760555e-15 1.150000e+01 0.000000e+00
    endloop
  endfacet
  facet normal 0.000000e+00 0.000000e+00 1.000000e+00
    outer loop
      vertex   1.426231e+01 2.530818e+01 3.000000e+00
      vertex   1.425000e+01 2.550000e+01 3.000000e+00
      vertex   1.223335e+01 2.250215e+01 3.000000e+00
    endloop
  endfacet
  facet normal 0.000000e+00 0.000000e+00 1.000000e+00
    outer loop
      vertex   1.223335e+01 2.250215e+01 3.000000e+00
      vertex   1.425000e+01 2.550000e+01 3.000000e+00
      vertex   1.426231e+01 2.569182e+01 3.000000e+00
    endloop
  endfacet
  facet normal 0.000000e+00 -0.000000e+00 1.000000e+00
    outer loop
      vertex   1.223335e+01 2.250215e+01 3.000000e+00
      vertex   1.426231e+01 2.569182e+01 3.000000e+00
      vertex   1.156913e+01 2.286327e+01 3.000000e+00
    endloop
  endfacet
  facet normal 0.000000e+00 0.000000e+00 1.000000e+00
    outer loop
      vertex   1.156913e+01 2.286327e+01 3.000000e+00
      vertex   1.426231e+01 2.569182e+01 3.000000e+00
      vertex   1.429906e+01 2.588048e+01 3.000000e+00
    endloop
  endfacet
  facet normal 0.000000e+00 -0.000000e+00 1.000000e+00
    outer loop
      vertex   1.156913e+01 2.286327e+01 3.000000e+00
      vertex   1.429906e+01 2.588048e+01 3.000000e+00
      vertex   1.089498e+01 2.320409e+01 3.000000e+00
    endloop
  endfacet
  facet normal 0.000000e+00 0.000000e+00 1.000000e+00
    outer loop
      vertex   1.089498e+01 2.320409e+01 3.000000e+00
      vertex   1.429906e+01 2.588048e+01 3.000000e+00
      vertex   1.435962e+01 2.606290e+01 3.000000e+00
    endloop
  endfacet
  facet normal 0.000000e+00 -0.000000e+00 1.000000e+00
    outer loop
      vertex   1.089498e+01 2.320409e+01 3.000000e+00
      vertex   1.435962e+01 2.606290e+01 3.000000e+00
      vertex   1.021147e+01 2.352431e+01 3.000000e+00
    endloop
  endfacet
  facet normal 0.000000e+00 0.000000e+00 1.000000e+00
    outer loop
      vertex   1.021147e+01 2.352431e+01 3.000000e+00
      vertex   1.435962e+01 2.606290e+01 3.000000e+00
      vertex   1.444302e+01 2.623608e+01 3.000000e+00
    endloop
  endfacet
  facet normal 0.000000e+00 -0.000000e+00 1.000000e+00
    outer loop
      vertex   1.021147e+01 2.352431e+01 3.000000e+00
      vertex   1.444302e+01 2.623608e+01 3.000000e+00
      vertex   9.519186e+00 2.382366e+01 3.000000e+00
    endloop
  endfacet
  facet normal 0.000000e+00 0.000000e+00 1.000000e+00
    outer loop
      vertex   9.519186e+00 2.382366e+01 3.000000e+00
      vertex   1.444302e+01 2.623608e+01 3.000000e+00
      vertex   1.454788e+01 2.639717e+01 3.000000e+00
    endloop
  endfacet
  facet normal 0.000000e+00 -0.000000e+00 1.000000e+00
    outer loop
      vertex   9.519186e+00 2.382366e+01 3.000000e+00
      vertex   1.454788e+01 2.639717e+01 3.000000e+00
      vertex   8.818731e+00 2.410187e+01 3.000000e+00
    endloop
  endfacet
  facet normal 0.000000e+00 -0.000000e+00 1.000000e+00
    outer loop
      vertex   8.818731e+00 2.410187e+01 3.000000e+00
      vertex   1.454788e+01 2.639717e+01 3.000000e+00
      vertex   8.110701e+00 2.435872e+01 3.000000e+00
    endloop
  endfacet
  facet normal 0.000000e+00 0.000000e+00 1.000000e+00
    outer loop
      vertex   8.110701e+00 2.435872e+01 3.000000e+00
      vertex   1.454788e+01 2.639717e+01 3.000000e+00
      vertex   1.467248e+01 2.654352e+01 3.000000e+00
    endloop
  endfacet
  facet normal 0.000000e+00 -0.000000e+00 1.000000e+00
    outer loop
      vertex   8.110701e+00 2.435872e+01 3.000000e+00
      vertex   1.467248e+01 2.654352e+01 3.000000e+00
      vertex   7.395706e+00 2.459398e+01 3.000000e+00
    endloop
  endfacet
  facet normal 0.000000e+00 0.000000e+00 1.000000e+00
    outer loop
      vertex   7.395706e+00 2.459398e+01 3.000000e+00
      vertex   1.467248e+01 2.654352e+01 3.000000e+00
      vertex   1.481477e+01 2.667275e+01 3.000000e+00
    endloop
  endfacet
  facet normal 0.000000e+00 -0.000000e+00 1.000000e+00
    outer loop
      vertex   7.395706e+00 2.459398e+01 3.000000e+00
      vertex   1.481477e+01 2.667275e+01 3.000000e+00
      vertex   6.674359e+00 2.480744e+01 3.000000e+00
    endloop
  endfacet
  facet normal 0.000000e+00 -0.000000e+00 1.000000e+00
    outer loop
      vertex   6.674359e+00 2.480744e+01 3.000000e+00
      vertex   1.481477e+01 2.667275e+01 3.000000e+00
      vertex   5.947279e+00 2.499893e+01 3.000000e+00
    endloop
  endfacet
  facet normal 0.000000e+00 0.000000e+00 1.000000e+00
    outer loop
      vertex   5.947279e+00 2.499893e+01 3.000000e+00
      vertex   1.481477e+01 2.667275e+01 3.000000e+00
      vertex   1.497241e+01 2.678271e+01 3.000000e+00
    endloop
  endfacet
  facet normal 0.000000e+00 -0.000000e+00 1.000000e+00
    outer loop
      vertex   5.947279e+00 2.499893e+01 3.000000e+00
      vertex   1.497241e+01 2.678271e+01 3.000000e+00
      vertex   5.215092e+00 2.516828e+01 3.000000e+00
    endloop
  endfacet
  facet normal 0.000000e+00 -0.000000e+00 1.000000e+00
    outer loop
      vertex   5.215092e+00 2.516828e+01 3.000000e+00
      vertex   1.497241e+01 2.678271e+01 3.000000e+00
      vertex   6.661338e-15 2.750000e+01 3.000000e+00
    endloop
  endfacet
  facet normal 0.000000e+00 0.000000e+00 1.000000e+00
    outer loop
      vertex   5.215092e+00 2.516828e+01 3.000000e+00
      vertex   6.661338e-15 2.750000e+01 3.000000e+00
      vertex   4.478426e+00 2.531535e+01 3.000000e+00
    endloop
  endfacet
  facet normal 0.000000e+00 0.000000e+00 1.000000e+00
    outer loop
      vertex   4.478426e+00 2.531535e+01 3.000000e+00
      vertex   6.661338e-15 2.750000e+01 3.000000e+00
      vertex   3.737913e+00 2.544000e+01 3.000000e+00
    endloop
  endfacet
  facet normal 0.000000e+00 0.000000e+00 1.000000e+00
    outer loop
      vertex   3.737913e+00 2.544000e+01 3.000000e+00
      vertex   6.661338e-15 2.750000e+01 3.000000e+00
      vertex   2.994190e+00 2.554214e+01 3.000000e+00
    endloop
  endfacet
  facet normal 0.000000e+00 0.000000e+00 1.000000e+00
    outer loop
      vertex   2.994190e+00 2.554214e+01 3.000000e+00
      vertex   6.661338e-15 2.750000e+01 3.000000e+00
      vertex   2.247896e+00 2.562167e+01 3.000000e+00
    endloop
  endfacet
  facet normal 0.000000e+00 0.000000e+00 1.000000e+00
    outer loop
      vertex   2.247896e+00 2.562167e+01 3.000000e+00
      vertex   6.661338e-15 2.750000e+01 3.000000e+00
      vertex   1.499670e+00 2.567853e+01 3.000000e+00
    endloop
  endfacet
  facet normal 0.000000e+00 0.000000e+00 1.000000e+00
    outer loop
      vertex   1.499670e+00 2.567853e+01 3.000000e+00
      vertex   6.661338e-15 2.750000e+01 3.000000e+00
      vertex   7.501574e-01 2.571266e+01 3.000000e+00
    endloop
  endfacet
  facet normal 0.000000e+00 0.000000e+00 1.000000e+00
    outer loop
      vertex   7.501574e-01 2.571266e+01 3.000000e+00
      vertex   6.661338e-15 2.750000e+01 3.000000e+00
      vertex   6.175011e-15 2.572404e+01 3.000000e+00
    endloop
  endfacet
  facet normal 0.000000e+00 -0.000000e+00 1.000000e+00
    outer loop
      vertex   1.497241e+01 2.678271e+01 3.000000e+00
      vertex   1.514282e+01 2.687162e+01 3.000000e+00
      vertex   6.661338e-15 2.750000e+01 3.000000e+00
    endloop
  endfacet
  facet normal 0.000000e+00 0.000000e+00 1.000000e+00
    outer loop
      vertex   6.661338e-15 2.750000e+01 3.000000e+00
      vertex   1.514282e+01 2.687162e+01 3.000000e+00
      vertex   1.532321e+01 2.693800e+01 3.000000e+00
    endloop
  endfacet
  facet normal 0.000000e+00 0.000000e+00 1.000000e+00
    outer loop
      vertex   6.661338e-15 2.750000e+01 3.000000e+00
      vertex   1.532321e+01 2.693800e+01 3.000000e+00
      vertex   1.551060e+01 2.698077e+01 3.000000e+00
    endloop
  endfacet
  facet normal -0.000000e+00 0.000000e+00 1.000000e+00
    outer loop
      vertex   6.661338e-15 2.750000e+01 3.000000e+00
      vertex   1.551060e+01 2.698077e+01 3.000000e+00
      vertex   1.950000e+01 2.750000e+01 3.000000e+00
    endloop
  endfacet
  facet normal 0.000000e+00 0.000000e+00 1.000000e+00
    outer loop
      vertex   1.950000e+01 2.750000e+01 3.000000e+00
      vertex   1.551060e+01 2.698077e+01 3.000000e+00
      vertex   1.570192e+01 2.699923e+01 3.000000e+00
    endloop
  endfacet
  facet normal 0.000000e+00 0.000000e+00 1.000000e+00
    outer loop
      vertex   1.950000e+01 2.750000e+01 3.000000e+00
      vertex   1.570192e+01 2.699923e+01 3.000000e+00
      vertex   1.589403e+01 2.699307e+01 3.000000e+00
    endloop
  endfacet
  facet normal -0.000000e+00 0.000000e+00 1.000000e+00
    outer loop
      vertex   1.589403e+01 2.699307e+01 3.000000e+00
      vertex   1.608378e+01 2.696239e+01 3.000000e+00
      vertex   1.950000e+01 2.750000e+01 3.000000e+00
    endloop
  endfacet
  facet normal 0.000000e+00 0.000000e+00 1.000000e+00
    outer loop
      vertex   1.950000e+01 2.750000e+01 3.000000e+00
      vertex   1.608378e+01 2.696239e+01 3.000000e+00
      vertex   1.626805e+01 2.690770e+01 3.000000e+00
    endloop
  endfacet
  facet normal 0.000000e+00 0.000000e+00 1.000000e+00
    outer loop
      vertex   1.950000e+01 2.750000e+01 3.000000e+00
      vertex   1.626805e+01 2.690770e+01 3.000000e+00
      vertex   1.644381e+01 2.682990e+01 3.000000e+00
    endloop
  endfacet
  facet normal -0.000000e+00 0.000000e+00 1.000000e+00
    outer loop
      vertex   1.644381e+01 2.682990e+01 3.000000e+00
      vertex   1.660817e+01 2.673026e+01 3.000000e+00
      vertex   1.950000e+01 2.750000e+01 3.000000e+00
    endloop
  endfacet
  facet normal 0.000000e+00 0.000000e+00 1.000000e+00
    outer loop
      vertex   1.950000e+01 2.750000e+01 3.000000e+00
      vertex   1.660817e+01 2.673026e+01 3.000000e+00
      vertex   1.675845e+01 2.661042e+01 3.000000e+00
    endloop
  endfacet
  facet normal 0.000000e+00 0.000000e+00 1.000000e+00
    outer loop
      vertex   1.950000e+01 2.750000e+01 3.000000e+00
      vertex   1.675845e+01 2.661042e+01 3.000000e+00
      vertex   1.689217e+01 2.647234e+01 3.000000e+00
    endloop
  endfacet
  facet normal -0.000000e+00 0.000000e+00 1.000000e+00
    outer loop
      vertex   1.689217e+01 2.647234e+01 3.000000e+00
      vertex   1.700713e+01 2.631830e+01 3.000000e+00
      vertex   1.950000e+01 2.750000e+01 3.000000e+00
    endloop
  endfacet
  facet normal 0.000000e+00 0.000000e+00 1.000000e+00
    outer loop
      vertex   1.950000e+01 2.750000e+01 3.000000e+00
      vertex   1.700713e+01 2.631830e+01 3.000000e+00
      vertex   1.710145e+01 2.615083e+01 3.000000e+00
    endloop
  endfacet
  facet normal 0.000000e+00 0.000000e+00 1.000000e+00
    outer loop
      vertex   1.950000e+01 2.750000e+01 3.000000e+00
      vertex   1.710145e+01 2.615083e+01 3.000000e+00
      vertex   1.717358e+01 2.597266e+01 3.000000e+00
    endloop
  endfacet
  facet normal -0.000000e+00 0.000000e+00 1.000000e+00
    outer loop
      vertex   1.717358e+01 2.597266e+01 3.000000e+00
      vertex   1.722234e+01 2.578674e+01 3.000000e+00
      vertex   1.950000e+01 2.750000e+01 3.000000e+00
    endloop
  endfacet
  facet normal 0.000000e+00 0.000000e+00 1.000000e+00
    outer loop
      vertex   1.950000e+01 2.750000e+01 3.000000e+00
      vertex   1.722234e+01 2.578674e+01 3.000000e+00
      vertex   1.724692e+01 2.559611e+01 3.000000e+00
    endloop
  endfacet
  facet normal 0.000000e+00 0.000000e+00 1.000000e+00
    outer loop
      vertex   1.950000e+01 2.750000e+01 3.000000e+00
      vertex   1.724692e+01 2.559611e+01 3.000000e+00
      vertex   1.724692e+01 2.540389e+01 3.000000e+00
    endloop
  endfacet
  facet normal 0.000000e+00 0.000000e+00 1.000000e+00
    outer loop
      vertex   1.950000e+01 2.750000e+01 3.000000e+00
      vertex   1.724692e+01 2.540389e+01 3.000000e+00
      vertex   1.950000e+01 2.150000e+01 3.000000e+00
    endloop
  endfacet
  facet normal 0.000000e+00 0.000000e+00 1.000000e+00
    outer loop
      vertex   1.950000e+01 2.150000e+01 3.000000e+00
      vertex   1.724692e+01 2.540389e+01 3.000000e+00
      vertex   1.722234e+01 2.521326e+01 3.000000e+00
    endloop
  endfacet
  facet normal 0.000000e+00 0.000000e+00 1.000000e+00
    outer loop
      vertex   1.950000e+01 2.150000e+01 3.000000e+00
      vertex   1.722234e+01 2.521326e+01 3.000000e+00
      vertex   1.717358e+01 2.502734e+01 3.000000e+00
    endloop
  endfacet
  facet normal 0.000000e+00 0.000000e+00 1.000000e+00
    outer loop
      vertex   1.717358e+01 2.502734e+01 3.000000e+00
      vertex   1.710145e+01 2.484917e+01 3.000000e+00
      vertex   1.950000e+01 2.150000e+01 3.000000e+00
    endloop
  endfacet
  facet normal 0.000000e+00 0.000000e+00 1.000000e+00
    outer loop
      vertex   1.950000e+01 2.150000e+01 3.000000e+00
      vertex   1.710145e+01 2.484917e+01 3.000000e+00
      vertex   1.700713e+01 2.468170e+01 3.000000e+00
    endloop
  endfacet
  facet normal 0.000000e+00 0.000000e+00 1.000000e+00
    outer loop
      vertex   1.950000e+01 2.150000e+01 3.000000e+00
      vertex   1.700713e+01 2.468170e+01 3.000000e+00
      vertex   1.689217e+01 2.452766e+01 3.000000e+00
    endloop
  endfacet
  facet normal 0.000000e+00 0.000000e+00 1.000000e+00
    outer loop
      vertex   1.689217e+01 2.452766e+01 3.000000e+00
      vertex   1.675845e+01 2.438958e+01 3.000000e+00
      vertex   1.950000e+01 2.150000e+01 3.000000e+00
    endloop
  endfacet
  facet normal 0.000000e+00 0.000000e+00 1.000000e+00
    outer loop
      vertex   1.950000e+01 2.150000e+01 3.000000e+00
      vertex   1.675845e+01 2.438958e+01 3.000000e+00
      vertex   1.951096e+01 2.129094e+01 3.000000e+00
    endloop
  endfacet
  facet normal 0.000000e+00 0.000000e+00 1.000000e+00
    outer loop
      vertex   1.951096e+01 2.129094e+01 3.000000e+00
      vertex   1.675845e+01 2.438958e+01 3.000000e+00
      vertex   1.660817e+01 2.426974e+01 3.000000e+00
    endloop
  endfacet
  facet normal 0.000000e+00 0.000000e+00 1.000000e+00
    outer loop
      vertex   1.951096e+01 2.129094e+01 3.000000e+00
      vertex   1.660817e+01 2.426974e+01 3.000000e+00
      vertex   1.954370e+01 2.108418e+01 3.000000e+00
    endloop
  endfacet
  facet normal 0.000000e+00 0.000000e+00 1.000000e+00
    outer loop
      vertex   1.954370e+01 2.108418e+01 3.000000e+00
      vertex   1.660817e+01 2.426974e+01 3.000000e+00
      vertex   1.644381e+01 2.417010e+01 3.000000e+00
    endloop
  endfacet
  facet normal 0.000000e+00 0.000000e+00 1.000000e+00
    outer loop
      vertex   1.954370e+01 2.108418e+01 3.000000e+00
      vertex   1.644381e+01 2.417010e+01 3.000000e+00
      vertex   1.626805e+01 2.409230e+01 3.000000e+00
    endloop
  endfacet
  facet normal 0.000000e+00 0.000000e+00 1.000000e+00
    outer loop
      vertex   1.954370e+01 2.108418e+01 3.000000e+00
      vertex   1.626805e+01 2.409230e+01 3.000000e+00
      vertex   1.959789e+01 2.088197e+01 3.000000e+00
    endloop
  endfacet
  facet normal 0.000000e+00 0.000000e+00 1.000000e+00
    outer loop
      vertex   1.959789e+01 2.088197e+01 3.000000e+00
      vertex   1.626805e+01 2.409230e+01 3.000000e+00
      vertex   1.608378e+01 2.403761e+01 3.000000e+00
    endloop
  endfacet
  facet normal 0.000000e+00 0.000000e+00 1.000000e+00
    outer loop
      vertex   1.959789e+01 2.088197e+01 3.000000e+00
      vertex   1.608378e+01 2.403761e+01 3.000000e+00
      vertex   1.589403e+01 2.400693e+01 3.000000e+00
    endloop
  endfacet
  facet normal 0.000000e+00 0.000000e+00 1.000000e+00
    outer loop
      vertex   1.959789e+01 2.088197e+01 3.000000e+00
      vertex   1.589403e+01 2.400693e+01 3.000000e+00
      vertex   1.967291e+01 2.068653e+01 3.000000e+00
    endloop
  endfacet
  facet normal 0.000000e+00 0.000000e+00 1.000000e+00
    outer loop
      vertex   1.967291e+01 2.068653e+01 3.000000e+00
      vertex   1.589403e+01 2.400693e+01 3.000000e+00
      vertex   1.570192e+01 2.400077e+01 3.000000e+00
    endloop
  endfacet
  facet normal -2.103406e-15 -2.520212e-15 1.000000e+00
    outer loop
      vertex   1.967291e+01 2.068653e+01 3.000000e+00
      vertex   1.570192e+01 2.400077e+01 3.000000e+00
      vertex   1.288706e+01 2.212103e+01 3.000000e+00
    endloop
  endfacet
  facet normal -4.779371e-16 -4.954318e-15 1.000000e+00
    outer loop
      vertex   1.288706e+01 2.212103e+01 3.000000e+00
      vertex   1.570192e+01 2.400077e+01 3.000000e+00
      vertex   1.551060e+01 2.401923e+01 3.000000e+00
    endloop
  endfacet
  facet normal -9.742296e-16 -4.268379e-15 1.000000e+00
    outer loop
      vertex   1.288706e+01 2.212103e+01 3.000000e+00
      vertex   1.551060e+01 2.401923e+01 3.000000e+00
      vertex   1.532321e+01 2.406200e+01 3.000000e+00
    endloop
  endfacet
  facet normal -1.382311e-15 -3.756185e-15 1.000000e+00
    outer loop
      vertex   1.532321e+01 2.406200e+01 3.000000e+00
      vertex   1.514282e+01 2.412838e+01 3.000000e+00
      vertex   1.288706e+01 2.212103e+01 3.000000e+00
    endloop
  endfacet
  facet normal -1.746241e-15 -3.347217e-15 1.000000e+00
    outer loop
      vertex   1.288706e+01 2.212103e+01 3.000000e+00
      vertex   1.514282e+01 2.412838e+01 3.000000e+00
      vertex   1.497241e+01 2.421729e+01 3.000000e+00
    endloop
  endfacet
  facet normal -2.093736e-15 -3.001528e-15 1.000000e+00
    outer loop
      vertex   1.288706e+01 2.212103e+01 3.000000e+00
      vertex   1.497241e+01 2.421729e+01 3.000000e+00
      vertex   1.481477e+01 2.432725e+01 3.000000e+00
    endloop
  endfacet
  facet normal -2.446210e-15 -2.693549e-15 1.000000e+00
    outer loop
      vertex   1.481477e+01 2.432725e+01 3.000000e+00
      vertex   1.467248e+01 2.445648e+01 3.000000e+00
      vertex   1.288706e+01 2.212103e+01 3.000000e+00
    endloop
  endfacet
  facet normal -2.824388e-15 -2.404436e-15 1.000000e+00
    outer loop
      vertex   1.288706e+01 2.212103e+01 3.000000e+00
      vertex   1.467248e+01 2.445648e+01 3.000000e+00
      vertex   1.454788e+01 2.460283e+01 3.000000e+00
    endloop
  endfacet
  facet normal -3.253106e-15 -2.117537e-15 1.000000e+00
    outer loop
      vertex   1.288706e+01 2.212103e+01 3.000000e+00
      vertex   1.454788e+01 2.460283e+01 3.000000e+00
      vertex   1.444302e+01 2.476392e+01 3.000000e+00
    endloop
  endfacet
  facet normal -3.767838e-15 -1.814495e-15 1.000000e+00
    outer loop
      vertex   1.444302e+01 2.476392e+01 3.000000e+00
      vertex   1.435962e+01 2.493710e+01 3.000000e+00
      vertex   1.288706e+01 2.212103e+01 3.000000e+00
    endloop
  endfacet
  facet normal -4.426933e-15 -1.469843e-15 1.000000e+00
    outer loop
      vertex   1.288706e+01 2.212103e+01 3.000000e+00
      vertex   1.435962e+01 2.493710e+01 3.000000e+00
      vertex   1.429906e+01 2.511952e+01 3.000000e+00
    endloop
  endfacet
  facet normal -5.339865e-15 -1.039939e-15 1.000000e+00
    outer loop
      vertex   1.288706e+01 2.212103e+01 3.000000e+00
      vertex   1.429906e+01 2.511952e+01 3.000000e+00
      vertex   1.426231e+01 2.530818e+01 3.000000e+00
    endloop
  endfacet
  facet normal 1.146917e-14 -8.293063e-15 1.000000e+00
    outer loop
      vertex   1.288706e+01 2.212103e+01 3.000000e+00
      vertex   1.426231e+01 2.530818e+01 3.000000e+00
      vertex   1.223335e+01 2.250215e+01 3.000000e+00
    endloop
  endfacet
  facet normal -7.705036e-15 -4.946797e-16 1.000000e+00
    outer loop
      vertex   1.426231e+01 -2.569182e+01 3.000000e+00
      vertex   1.425000e+01 -2.550000e+01 3.000000e+00
      vertex   1.271385e+01 -2.222103e+01 3.000000e+00
    endloop
  endfacet
  facet normal -5.847741e-15 3.754374e-16 1.000000e+00
    outer loop
      vertex   1.271385e+01 -2.222103e+01 3.000000e+00
      vertex   1.425000e+01 -2.550000e+01 3.000000e+00
      vertex   1.426231e+01 -2.530818e+01 3.000000e+00
    endloop
  endfacet
  facet normal -4.751413e-15 9.253376e-16 1.000000e+00
    outer loop
      vertex   1.271385e+01 -2.222103e+01 3.000000e+00
      vertex   1.426231e+01 -2.530818e+01 3.000000e+00
      vertex   1.429906e+01 -2.511952e+01 3.000000e+00
    endloop
  endfacet
  facet normal -4.009331e-15 1.331189e-15 1.000000e+00
    outer loop
      vertex   1.429906e+01 -2.511952e+01 3.000000e+00
      vertex   1.435962e+01 -2.493710e+01 3.000000e+00
      vertex   1.271385e+01 -2.222103e+01 3.000000e+00
    endloop
  endfacet
  facet normal -3.457980e-15 1.665275e-15 1.000000e+00
    outer loop
      vertex   1.271385e+01 -2.222103e+01 3.000000e+00
      vertex   1.435962e+01 -2.493710e+01 3.000000e+00
      vertex   1.444302e+01 -2.476392e+01 3.000000e+00
    endloop
  endfacet
  facet normal -3.017972e-15 1.964482e-15 1.000000e+00
    outer loop
      vertex   1.271385e+01 -2.222103e+01 3.000000e+00
      vertex   1.444302e+01 -2.476392e+01 3.000000e+00
      vertex   1.454788e+01 -2.460283e+01 3.000000e+00
    endloop
  endfacet
  facet normal -2.644973e-15 2.251698e-15 1.000000e+00
    outer loop
      vertex   1.454788e+01 -2.460283e+01 3.000000e+00
      vertex   1.467248e+01 -2.445648e+01 3.000000e+00
      vertex   1.271385e+01 -2.222103e+01 3.000000e+00
    endloop
  endfacet
  facet normal -2.310821e-15 2.544471e-15 1.000000e+00
    outer loop
      vertex   1.271385e+01 -2.222103e+01 3.000000e+00
      vertex   1.467248e+01 -2.445648e+01 3.000000e+00
      vertex   1.481477e+01 -2.432725e+01 3.000000e+00
    endloop
  endfacet
  facet normal -1.994801e-15 2.859697e-15 1.000000e+00
    outer loop
      vertex   1.271385e+01 -2.222103e+01 3.000000e+00
      vertex   1.481477e+01 -2.432725e+01 3.000000e+00
      vertex   1.497241e+01 -2.421729e+01 3.000000e+00
    endloop
  endfacet
  facet normal -1.678562e-15 3.217489e-15 1.000000e+00
    outer loop
      vertex   1.497241e+01 -2.421729e+01 3.000000e+00
      vertex   1.514282e+01 -2.412838e+01 3.000000e+00
      vertex   1.271385e+01 -2.222103e+01 3.000000e+00
    endloop
  endfacet
  facet normal -1.341862e-15 3.646272e-15 1.000000e+00
    outer loop
      vertex   1.271385e+01 -2.222103e+01 3.000000e+00
      vertex   1.514282e+01 -2.412838e+01 3.000000e+00
      vertex   1.532321e+01 -2.406200e+01 3.000000e+00
    endloop
  endfacet
  facet normal -9.568066e-16 4.192044e-15 1.000000e+00
    outer loop
      vertex   1.271385e+01 -2.222103e+01 3.000000e+00
      vertex   1.532321e+01 -2.406200e+01 3.000000e+00
      vertex   1.551060e+01 -2.401923e+01 3.000000e+00
    endloop
  endfacet
  facet normal -4.764706e-16 4.939116e-15 1.000000e+00
    outer loop
      vertex   1.551060e+01 -2.401923e+01 3.000000e+00
      vertex   1.570192e+01 -2.400077e+01 3.000000e+00
      vertex   1.271385e+01 -2.222103e+01 3.000000e+00
    endloop
  endfacet
  facet normal -9.386295e-15 -1.001996e-14 1.000000e+00
    outer loop
      vertex   1.271385e+01 -2.222103e+01 3.000000e+00
      vertex   1.570192e+01 -2.400077e+01 3.000000e+00
      vertex   1.338936e+01 -2.183445e+01 3.000000e+00
    endloop
  endfacet
  facet normal -0.000000e+00 0.000000e+00 1.000000e+00
    outer loop
      vertex   1.338936e+01 -2.183445e+01 3.000000e+00
      vertex   1.570192e+01 -2.400077e+01 3.000000e+00
      vertex   1.405208e+01 -2.142767e+01 3.000000e+00
    endloop
  endfacet
  facet normal -0.000000e+00 0.000000e+00 1.000000e+00
    outer loop
      vertex   1.405208e+01 -2.142767e+01 3.000000e+00
      vertex   1.570192e+01 -2.400077e+01 3.000000e+00
      vertex   1.470143e+01 -2.100107e+01 3.000000e+00
    endloop
  endfacet
  facet normal -0.000000e+00 0.000000e+00 1.000000e+00
    outer loop
      vertex   1.470143e+01 -2.100107e+01 3.000000e+00
      vertex   1.570192e+01 -2.400077e+01 3.000000e+00
      vertex   1.533681e+01 -2.055504e+01 3.000000e+00
    endloop
  endfacet
  facet normal 0.000000e+00 0.000000e+00 1.000000e+00
    outer loop
      vertex   1.533681e+01 -2.055504e+01 3.000000e+00
      vertex   1.570192e+01 -2.400077e+01 3.000000e+00
      vertex   1.589403e+01 -2.400693e+01 3.000000e+00
    endloop
  endfacet
  facet normal -0.000000e+00 0.000000e+00 1.000000e+00
    outer loop
      vertex   1.533681e+01 -2.055504e+01 3.000000e+00
      vertex   1.589403e+01 -2.400693e+01 3.000000e+00
      vertex   1.595763e+01 -2.008997e+01 3.000000e+00
    endloop
  endfacet
  facet normal 0.000000e+00 0.000000e+00 1.000000e+00
    outer loop
      vertex   1.595763e+01 -2.008997e+01 3.000000e+00
      vertex   1.589403e+01 -2.400693e+01 3.000000e+00
      vertex   1.608378e+01 -2.403761e+01 3.000000e+00
    endloop
  endfacet
  facet normal 0.000000e+00 0.000000e+00 1.000000e+00
    outer loop
      vertex   1.595763e+01 -2.008997e+01 3.000000e+00
      vertex   1.608378e+01 -2.403761e+01 3.000000e+00
      vertex   1.626805e+01 -2.409230e+01 3.000000e+00
    endloop
  endfacet
  facet normal -0.000000e+00 -0.000000e+00 1.000000e+00
    outer loop
      vertex   1.626805e+01 -2.409230e+01 3.000000e+00
      vertex   1.644381e+01 -2.417010e+01 3.000000e+00
      vertex   1.595763e+01 -2.008997e+01 3.000000e+00
    endloop
  endfacet
  facet normal -0.000000e+00 0.000000e+00 1.000000e+00
    outer loop
      vertex   1.595763e+01 -2.008997e+01 3.000000e+00
      vertex   1.644381e+01 -2.417010e+01 3.000000e+00
      vertex   1.656335e+01 -1.960629e+01 3.000000e+00
    endloop
  endfacet
  facet normal 0.000000e+00 0.000000e+00 1.000000e+00
    outer loop
      vertex   1.656335e+01 -1.960629e+01 3.000000e+00
      vertex   1.644381e+01 -2.417010e+01 3.000000e+00
      vertex   1.660817e+01 -2.426974e+01 3.000000e+00
    endloop
  endfacet
  facet normal 0.000000e+00 0.000000e+00 1.000000e+00
    outer loop
      vertex   1.656335e+01 -1.960629e+01 3.000000e+00
      vertex   1.660817e+01 -2.426974e+01 3.000000e+00
      vertex   1.675845e+01 -2.438958e+01 3.000000e+00
    endloop
  endfacet
  facet normal -0.000000e+00 0.000000e+00 1.000000e+00
    outer loop
      vertex   1.656335e+01 -1.960629e+01 3.000000e+00
      vertex   1.675845e+01 -2.438958e+01 3.000000e+00
      vertex   1.715340e+01 -1.910445e+01 3.000000e+00
    endloop
  endfacet
  facet normal 0.000000e+00 0.000000e+00 1.000000e+00
    outer loop
      vertex   1.715340e+01 -1.910445e+01 3.000000e+00
      vertex   1.675845e+01 -2.438958e+01 3.000000e+00
      vertex   1.689217e+01 -2.452766e+01 3.000000e+00
    endloop
  endfacet
  facet normal 0.000000e+00 0.000000e+00 1.000000e+00
    outer loop
      vertex   1.715340e+01 -1.910445e+01 3.000000e+00
      vertex   1.689217e+01 -2.452766e+01 3.000000e+00
      vertex   1.700713e+01 -2.468170e+01 3.000000e+00
    endloop
  endfacet
  facet normal 0.000000e+00 0.000000e+00 1.000000e+00
    outer loop
      vertex   1.715340e+01 -1.910445e+01 3.000000e+00
      vertex   1.700713e+01 -2.468170e+01 3.000000e+00
      vertex   1.950000e+01 -2.150000e+01 3.000000e+00
    endloop
  endfacet
  facet normal 0.000000e+00 0.000000e+00 1.000000e+00
    outer loop
      vertex   1.950000e+01 -2.150000e+01 3.000000e+00
      vertex   1.700713e+01 -2.468170e+01 3.000000e+00
      vertex   1.710145e+01 -2.484917e+01 3.000000e+00
    endloop
  endfacet
  facet normal 0.000000e+00 0.000000e+00 1.000000e+00
    outer loop
      vertex   1.950000e+01 -2.150000e+01 3.000000e+00
      vertex   1.710145e+01 -2.484917e+01 3.000000e+00
      vertex   1.717358e+01 -2.502734e+01 3.000000e+00
    endloop
  endfacet
  facet normal -0.000000e+00 0.000000e+00 1.000000e+00
    outer loop
      vertex   1.717358e+01 -2.502734e+01 3.000000e+00
      vertex   1.722234e+01 -2.521326e+01 3.000000e+00
      vertex   1.950000e+01 -2.150000e+01 3.000000e+00
    endloop
  endfacet
  facet normal 0.000000e+00 0.000000e+00 1.000000e+00
    outer loop
      vertex   1.950000e+01 -2.150000e+01 3.000000e+00
      vertex   1.722234e+01 -2.521326e+01 3.000000e+00
      vertex   1.724692e+01 -2.540389e+01 3.000000e+00
    endloop
  endfacet
  facet normal 0.000000e+00 0.000000e+00 1.000000e+00
    outer loop
      vertex   1.950000e+01 -2.150000e+01 3.000000e+00
      vertex   1.724692e+01 -2.540389e+01 3.000000e+00
      vertex   1.950000e+01 -2.750000e+01 3.000000e+00
    endloop
  endfacet
  facet normal 0.000000e+00 0.000000e+00 1.000000e+00
    outer loop
      vertex   1.950000e+01 -2.750000e+01 3.000000e+00
      vertex   1.724692e+01 -2.540389e+01 3.000000e+00
      vertex   1.724692e+01 -2.559611e+01 3.000000e+00
    endloop
  endfacet
  facet normal 0.000000e+00 0.000000e+00 1.000000e+00
    outer loop
      vertex   1.950000e+01 -2.750000e+01 3.000000e+00
      vertex   1.724692e+01 -2.559611e+01 3.000000e+00
      vertex   1.722234e+01 -2.578674e+01 3.000000e+00
    endloop
  endfacet
  facet normal 0.000000e+00 0.000000e+00 1.000000e+00
    outer loop
      vertex   1.722234e+01 -2.578674e+01 3.000000e+00
      vertex   1.717358e+01 -2.597266e+01 3.000000e+00
      vertex   1.950000e+01 -2.750000e+01 3.000000e+00
    endloop
  endfacet
  facet normal 0.000000e+00 0.000000e+00 1.000000e+00
    outer loop
      vertex   1.950000e+01 -2.750000e+01 3.000000e+00
      vertex   1.717358e+01 -2.597266e+01 3.000000e+00
      vertex   1.710145e+01 -2.615083e+01 3.000000e+00
    endloop
  endfacet
  facet normal 0.000000e+00 0.000000e+00 1.000000e+00
    outer loop
      vertex   1.950000e+01 -2.750000e+01 3.000000e+00
      vertex   1.710145e+01 -2.615083e+01 3.000000e+00
      vertex   1.700713e+01 -2.631830e+01 3.000000e+00
    endloop
  endfacet
  facet normal 0.000000e+00 0.000000e+00 1.000000e+00
    outer loop
      vertex   1.700713e+01 -2.631830e+01 3.000000e+00
      vertex   1.689217e+01 -2.647234e+01 3.000000e+00
      vertex   1.950000e+01 -2.750000e+01 3.000000e+00
    endloop
  endfacet
  facet normal 0.000000e+00 0.000000e+00 1.000000e+00
    outer loop
      vertex   1.950000e+01 -2.750000e+01 3.000000e+00
      vertex   1.689217e+01 -2.647234e+01 3.000000e+00
      vertex   1.675845e+01 -2.661042e+01 3.000000e+00
    endloop
  endfacet
  facet normal 0.000000e+00 0.000000e+00 1.000000e+00
    outer loop
      vertex   1.950000e+01 -2.750000e+01 3.000000e+00
      vertex   1.675845e+01 -2.661042e+01 3.000000e+00
      vertex   1.660817e+01 -2.673026e+01 3.000000e+00
    endloop
  endfacet
  facet normal 0.000000e+00 0.000000e+00 1.000000e+00
    outer loop
      vertex   1.660817e+01 -2.673026e+01 3.000000e+00
      vertex   1.644381e+01 -2.682990e+01 3.000000e+00
      vertex   1.950000e+01 -2.750000e+01 3.000000e+00
    endloop
  endfacet
  facet normal 0.000000e+00 0.000000e+00 1.000000e+00
    outer loop
      vertex   1.950000e+01 -2.750000e+01 3.000000e+00
      vertex   1.644381e+01 -2.682990e+01 3.000000e+00
      vertex   1.626805e+01 -2.690770e+01 3.000000e+00
    endloop
  endfacet
  facet normal 0.000000e+00 0.000000e+00 1.000000e+00
    outer loop
      vertex   1.950000e+01 -2.750000e+01 3.000000e+00
      vertex   1.626805e+01 -2.690770e+01 3.000000e+00
      vertex   1.608378e+01 -2.696239e+01 3.000000e+00
    endloop
  endfacet
  facet normal 0.000000e+00 0.000000e+00 1.000000e+00
    outer loop
      vertex   1.608378e+01 -2.696239e+01 3.000000e+00
      vertex   1.589403e+01 -2.699307e+01 3.000000e+00
      vertex   1.950000e+01 -2.750000e+01 3.000000e+00
    endloop
  endfacet
  facet normal 0.000000e+00 0.000000e+00 1.000000e+00
    outer loop
      vertex   1.950000e+01 -2.750000e+01 3.000000e+00
      vertex   1.589403e+01 -2.699307e+01 3.000000e+00
      vertex   1.570192e+01 -2.699923e+01 3.000000e+00
    endloop
  endfacet
  facet normal 0.000000e+00 0.000000e+00 1.000000e+00
    outer loop
      vertex   1.950000e+01 -2.750000e+01 3.000000e+00
      vertex   1.570192e+01 -2.699923e+01 3.000000e+00
      vertex   1.551060e+01 -2.698077e+01 3.000000e+00
    endloop
  endfacet
  facet normal 0.000000e+00 0.000000e+00 1.000000e+00
    outer loop
      vertex   1.950000e+01 -2.750000e+01 3.000000e+00
      vertex   1.551060e+01 -2.698077e+01 3.000000e+00
      vertex   -6.661338e-15 -2.750000e+01 3.000000e+00
    endloop
  endfacet
  facet normal 0.000000e+00 0.000000e+00 1.000000e+00
    outer loop
      vertex   -6.661338e-15 -2.750000e+01 3.000000e+00
      vertex   1.551060e+01 -2.698077e+01 3.000000e+00
      vertex   1.532321e+01 -2.693800e+01 3.000000e+00
    endloop
  endfacet
  facet normal 0.000000e+00 0.000000e+00 1.000000e+00
    outer loop
      vertex   -6.661338e-15 -2.750000e+01 3.000000e+00
      vertex   1.532321e+01 -2.693800e+01 3.000000e+00
      vertex   1.514282e+01 -2.687162e+01 3.000000e+00
    endloop
  endfacet
  facet normal 0.000000e+00 0.000000e+00 1.000000e+00
    outer loop
      vertex   1.514282e+01 -2.687162e+01 3.000000e+00
      vertex   1.497241e+01 -2.678271e+01 3.000000e+00
      vertex   -6.661338e-15 -2.750000e+01 3.000000e+00
    endloop
  endfacet
  facet normal 0.000000e+00 0.000000e+00 1.000000e+00
    outer loop
      vertex   -6.661338e-15 -2.750000e+01 3.000000e+00
      vertex   1.497241e+01 -2.678271e+01 3.000000e+00
      vertex   1.481477e+01 -2.667275e+01 3.000000e+00
    endloop
  endfacet
  facet normal 0.000000e+00 0.000000e+00 1.000000e+00
    outer loop
      vertex   -6.661338e-15 -2.750000e+01 3.000000e+00
      vertex   1.481477e+01 -2.667275e+01 3.000000e+00
      vertex   1.467248e+01 -2.654352e+01 3.000000e+00
    endloop
  endfacet
  facet normal 0.000000e+00 0.000000e+00 1.000000e+00
    outer loop
      vertex   1.467248e+01 -2.654352e+01 3.000000e+00
      vertex   1.454788e+01 -2.639717e+01 3.000000e+00
      vertex   -6.661338e-15 -2.750000e+01 3.000000e+00
    endloop
  endfacet
  facet normal 0.000000e+00 0.000000e+00 1.000000e+00
    outer loop
      vertex   -6.661338e-15 -2.750000e+01 3.000000e+00
      vertex   1.454788e+01 -2.639717e+01 3.000000e+00
      vertex   1.444302e+01 -2.623608e+01 3.000000e+00
    endloop
  endfacet
  facet normal 0.000000e+00 0.000000e+00 1.000000e+00
    outer loop
      vertex   -6.661338e-15 -2.750000e+01 3.000000e+00
      vertex   1.444302e+01 -2.623608e+01 3.000000e+00
      vertex   1.435962e+01 -2.606290e+01 3.000000e+00
    endloop
  endfacet
  facet normal 0.000000e+00 0.000000e+00 1.000000e+00
    outer loop
      vertex   1.435962e+01 -2.606290e+01 3.000000e+00
      vertex   1.429906e+01 -2.588048e+01 3.000000e+00
      vertex   -6.661338e-15 -2.750000e+01 3.000000e+00
    endloop
  endfacet
  facet normal -3.013420e-16 2.660610e-15 1.000000e+00
    outer loop
      vertex   -6.661338e-15 -2.750000e+01 3.000000e+00
      vertex   1.429906e+01 -2.588048e+01 3.000000e+00
      vertex   1.271385e+01 -2.222103e+01 3.000000e+00
    endloop
  endfacet
  facet normal 1.268124e-15 -1.119288e-15 1.000000e+00
    outer loop
      vertex   -6.661338e-15 -2.750000e+01 3.000000e+00
      vertex   1.271385e+01 -2.222103e+01 3.000000e+00
      vertex   9.113262e+00 -1.598463e+01 3.000000e+00
    endloop
  endfacet
  facet normal -1.170624e-14 -2.279791e-15 1.000000e+00
    outer loop
      vertex   1.429906e+01 -2.588048e+01 3.000000e+00
      vertex   1.426231e+01 -2.569182e+01 3.000000e+00
      vertex   1.271385e+01 -2.222103e+01 3.000000e+00
    endloop
  endfacet
  facet normal -6.811487e-15 -4.648275e-15 1.000000e+00
    outer loop
      vertex   1.554529e+01 -7.518918e+00 3.000000e+00
      vertex   1.641425e+01 -8.314584e+00 3.000000e+00
      vertex   1.555737e+01 -7.250000e+00 3.000000e+00
    endloop
  endfacet
  facet normal -6.473780e-16 3.132213e-16 1.000000e+00
    outer loop
      vertex   1.555737e+01 -7.250000e+00 3.000000e+00
      vertex   1.641425e+01 -8.314584e+00 3.000000e+00
      vertex   1.670662e+01 -7.710308e+00 3.000000e+00
    endloop
  endfacet
  facet normal 1.233649e-15 5.009583e-15 1.000000e+00
    outer loop
      vertex   1.555737e+01 -7.250000e+00 3.000000e+00
      vertex   1.670662e+01 -7.710308e+00 3.000000e+00
      vertex   1.554529e+01 -6.981082e+00 3.000000e+00
    endloop
  endfacet
  facet normal -2.089737e-15 -2.830741e-16 1.000000e+00
    outer loop
      vertex   1.554529e+01 -6.981082e+00 3.000000e+00
      vertex   1.670662e+01 -7.710308e+00 3.000000e+00
      vertex   1.550916e+01 -6.714329e+00 3.000000e+00
    endloop
  endfacet
  facet normal -1.357854e-15 5.968669e-16 1.000000e+00
    outer loop
      vertex   1.550916e+01 -6.714329e+00 3.000000e+00
      vertex   1.670662e+01 -7.710308e+00 3.000000e+00
      vertex   1.697675e+01 -7.095770e+00 3.000000e+00
    endloop
  endfacet
  facet normal -1.608399e-15 -3.671066e-16 1.000000e+00
    outer loop
      vertex   1.550916e+01 -6.714329e+00 3.000000e+00
      vertex   1.697675e+01 -7.095770e+00 3.000000e+00
      vertex   1.544926e+01 -6.451889e+00 3.000000e+00
    endloop
  endfacet
  facet normal -1.245398e-15 4.940496e-16 1.000000e+00
    outer loop
      vertex   1.544926e+01 -6.451889e+00 3.000000e+00
      vertex   1.697675e+01 -7.095770e+00 3.000000e+00
      vertex   1.722428e+01 -6.471787e+00 3.000000e+00
    endloop
  endfacet
  facet normal -1.255509e-15 -4.079396e-16 1.000000e+00
    outer loop
      vertex   1.544926e+01 -6.451889e+00 3.000000e+00
      vertex   1.722428e+01 -6.471787e+00 3.000000e+00
      vertex   1.536607e+01 -6.195876e+00 3.000000e+00
    endloop
  endfacet
  facet normal -1.135095e-15 4.030243e-16 1.000000e+00
    outer loop
      vertex   1.536607e+01 -6.195876e+00 3.000000e+00
      vertex   1.722428e+01 -6.471787e+00 3.000000e+00
      vertex   1.744889e+01 -5.839190e+00 3.000000e+00
    endloop
  endfacet
  facet normal -9.933662e-16 -4.245851e-16 1.000000e+00
    outer loop
      vertex   1.536607e+01 -6.195876e+00 3.000000e+00
      vertex   1.744889e+01 -5.839190e+00 3.000000e+00
      vertex   1.526027e+01 -5.948349e+00 3.000000e+00
    endloop
  endfacet
  facet normal -1.030709e-15 3.241381e-16 1.000000e+00
    outer loop
      vertex   1.526027e+01 -5.948349e+00 3.000000e+00
      vertex   1.744889e+01 -5.839190e+00 3.000000e+00
      vertex   1.765028e+01 -5.198821e+00 3.000000e+00
    endloop
  endfacet
  facet normal -7.949073e-16 -4.277579e-16 1.000000e+00
    outer loop
      vertex   1.526027e+01 -5.948349e+00 3.000000e+00
      vertex   1.765028e+01 -5.198821e+00 3.000000e+00
      vertex   1.513271e+01 -5.711302e+00 3.000000e+00
    endloop
  endfacet
  facet normal -9.342484e-16 2.567545e-16 1.000000e+00
    outer loop
      vertex   1.513271e+01 -5.711302e+00 3.000000e+00
      vertex   1.765028e+01 -5.198821e+00 3.000000e+00
      vertex   1.782817e+01 -4.551532e+00 3.000000e+00
    endloop
  endfacet
  facet normal -9.168587e-16 2.163387e-16 1.000000e+00
    outer loop
      vertex   1.513271e+01 -5.711302e+00 3.000000e+00
      vertex   1.782817e+01 -4.551532e+00 3.000000e+00
      vertex   1.798233e+01 -3.898186e+00 3.000000e+00
    endloop
  endfacet
  facet normal -2.273319e-15 3.079420e-16 1.000000e+00
    outer loop
      vertex   1.554529e+01 -7.518918e+00 3.000000e+00
      vertex   1.550916e+01 -7.785671e+00 3.000000e+00
      vertex   1.641425e+01 -8.314584e+00 3.000000e+00
    endloop
  endfacet
  facet normal -1.873393e-15 9.923107e-16 1.000000e+00
    outer loop
      vertex   1.641425e+01 -8.314584e+00 3.000000e+00
      vertex   1.550916e+01 -7.785671e+00 3.000000e+00
      vertex   1.610004e+01 -8.907793e+00 3.000000e+00
    endloop
  endfacet
  facet normal -2.621548e-15 5.983513e-16 1.000000e+00
    outer loop
      vertex   1.610004e+01 -8.907793e+00 3.000000e+00
      vertex   1.550916e+01 -7.785671e+00 3.000000e+00
      vertex   1.544926e+01 -8.048111e+00 3.000000e+00
    endloop
  endfacet
  facet normal -2.387297e-15 7.756798e-16 1.000000e+00
    outer loop
      vertex   1.610004e+01 -8.907793e+00 3.000000e+00
      vertex   1.544926e+01 -8.048111e+00 3.000000e+00
      vertex   1.536607e+01 -8.304124e+00 3.000000e+00
    endloop
  endfacet
  facet normal -2.051233e-15 1.184280e-15 1.000000e+00
    outer loop
      vertex   1.610004e+01 -8.907793e+00 3.000000e+00
      vertex   1.536607e+01 -8.304124e+00 3.000000e+00
      vertex   1.576439e+01 -9.489145e+00 3.000000e+00
    endloop
  endfacet
  facet normal -2.454011e-15 1.048894e-15 1.000000e+00
    outer loop
      vertex   1.576439e+01 -9.489145e+00 3.000000e+00
      vertex   1.536607e+01 -8.304124e+00 3.000000e+00
      vertex   1.526027e+01 -8.551651e+00 3.000000e+00
    endloop
  endfacet
  facet normal -2.201499e-15 1.184677e-15 1.000000e+00
    outer loop
      vertex   1.576439e+01 -9.489145e+00 3.000000e+00
      vertex   1.526027e+01 -8.551651e+00 3.000000e+00
      vertex   1.513271e+01 -8.788698e+00 3.000000e+00
    endloop
  endfacet
  facet normal -2.073427e-15 1.300176e-15 1.000000e+00
    outer loop
      vertex   1.576439e+01 -9.489145e+00 3.000000e+00
      vertex   1.513271e+01 -8.788698e+00 3.000000e+00
      vertex   1.540777e+01 -1.005787e+01 3.000000e+00
    endloop
  endfacet
  facet normal -1.995325e-15 1.317102e-15 1.000000e+00
    outer loop
      vertex   1.540777e+01 -1.005787e+01 3.000000e+00
      vertex   1.513271e+01 -8.788698e+00 3.000000e+00
      vertex   1.498442e+01 -9.013356e+00 3.000000e+00
    endloop
  endfacet
  facet normal -1.767423e-15 1.409473e-15 1.000000e+00
    outer loop
      vertex   1.540777e+01 -1.005787e+01 3.000000e+00
      vertex   1.498442e+01 -9.013356e+00 3.000000e+00
      vertex   1.481658e+01 -9.223816e+00 3.000000e+00
    endloop
  endfacet
  facet normal -1.918148e-15 1.302637e-15 1.000000e+00
    outer loop
      vertex   1.540777e+01 -1.005787e+01 3.000000e+00
      vertex   1.481658e+01 -9.223816e+00 3.000000e+00
      vertex   1.503063e+01 -1.061320e+01 3.000000e+00
    endloop
  endfacet
  facet normal -1.439567e-15 1.376367e-15 1.000000e+00
    outer loop
      vertex   1.503063e+01 -1.061320e+01 3.000000e+00
      vertex   1.481658e+01 -9.223816e+00 3.000000e+00
      vertex   1.463056e+01 -9.418385e+00 3.000000e+00
    endloop
  endfacet
  facet normal -1.256153e-15 1.437782e-15 1.000000e+00
    outer loop
      vertex   1.503063e+01 -1.061320e+01 3.000000e+00
      vertex   1.463056e+01 -9.418385e+00 3.000000e+00
      vertex   1.442784e+01 -9.595494e+00 3.000000e+00
    endloop
  endfacet
  facet normal -1.108255e-15 1.525383e-15 1.000000e+00
    outer loop
      vertex   1.442784e+01 -9.595494e+00 3.000000e+00
      vertex   1.421006e+01 -9.753720e+00 3.000000e+00
      vertex   1.503063e+01 -1.061320e+01 3.000000e+00
    endloop
  endfacet
  facet normal -9.828869e-16 1.645076e-15 1.000000e+00
    outer loop
      vertex   1.503063e+01 -1.061320e+01 3.000000e+00
      vertex   1.421006e+01 -9.753720e+00 3.000000e+00
      vertex   1.397897e+01 -9.891787e+00 3.000000e+00
    endloop
  endfacet
  facet normal -8.708672e-16 1.808374e-15 1.000000e+00
    outer loop
      vertex   1.503063e+01 -1.061320e+01 3.000000e+00
      vertex   1.397897e+01 -9.891787e+00 3.000000e+00
      vertex   1.373644e+01 -1.000858e+01 3.000000e+00
    endloop
  endfacet
  facet normal -7.643024e-16 2.036476e-15 1.000000e+00
    outer loop
      vertex   1.373644e+01 -1.000858e+01 3.000000e+00
      vertex   1.348442e+01 -1.010317e+01 3.000000e+00
      vertex   1.503063e+01 -1.061320e+01 3.000000e+00
    endloop
  endfacet
  facet normal -6.541732e-16 2.370343e-15 1.000000e+00
    outer loop
      vertex   1.503063e+01 -1.061320e+01 3.000000e+00
      vertex   1.348442e+01 -1.010317e+01 3.000000e+00
      vertex   1.322493e+01 -1.017478e+01 3.000000e+00
    endloop
  endfacet
  facet normal -5.259737e-16 2.898354e-15 1.000000e+00
    outer loop
      vertex   1.503063e+01 -1.061320e+01 3.000000e+00
      vertex   1.322493e+01 -1.017478e+01 3.000000e+00
      vertex   1.296007e+01 -1.022285e+01 3.000000e+00
    endloop
  endfacet
  facet normal -3.465250e-16 3.850208e-15 1.000000e+00
    outer loop
      vertex   1.296007e+01 -1.022285e+01 3.000000e+00
      vertex   1.269196e+01 -1.024698e+01 3.000000e+00
      vertex   1.503063e+01 -1.061320e+01 3.000000e+00
    endloop
  endfacet
  facet normal 4.000980e-29 6.063082e-15 1.000000e+00
    outer loop
      vertex   1.503063e+01 -1.061320e+01 3.000000e+00
      vertex   1.269196e+01 -1.024698e+01 3.000000e+00
      vertex   1.242277e+01 -1.024698e+01 3.000000e+00
    endloop
  endfacet
  facet normal -7.719008e-16 5.664229e-16 1.000000e+00
    outer loop
      vertex   1.503063e+01 -1.061320e+01 3.000000e+00
      vertex   1.242277e+01 -1.024698e+01 3.000000e+00
      vertex   1.463349e+01 -1.115441e+01 3.000000e+00
    endloop
  endfacet
  facet normal -7.581017e-16 6.000407e-16 1.000000e+00
    outer loop
      vertex   1.463349e+01 -1.115441e+01 3.000000e+00
      vertex   1.242277e+01 -1.024698e+01 3.000000e+00
      vertex   1.421687e+01 -1.168077e+01 3.000000e+00
    endloop
  endfacet
  facet normal -7.360733e-16 6.276048e-16 1.000000e+00
    outer loop
      vertex   1.421687e+01 -1.168077e+01 3.000000e+00
      vertex   1.242277e+01 -1.024698e+01 3.000000e+00
      vertex   1.378133e+01 -1.219159e+01 3.000000e+00
    endloop
  endfacet
  facet normal -7.064440e-16 6.483046e-16 1.000000e+00
    outer loop
      vertex   1.378133e+01 -1.219159e+01 3.000000e+00
      vertex   1.242277e+01 -1.024698e+01 3.000000e+00
      vertex   1.332745e+01 -1.268618e+01 3.000000e+00
    endloop
  endfacet
  facet normal -6.702563e-16 6.617263e-16 1.000000e+00
    outer loop
      vertex   1.332745e+01 -1.268618e+01 3.000000e+00
      vertex   1.242277e+01 -1.024698e+01 3.000000e+00
      vertex   1.285583e+01 -1.316388e+01 3.000000e+00
    endloop
  endfacet
  facet normal -6.288541e-16 6.678730e-16 1.000000e+00
    outer loop
      vertex   1.285583e+01 -1.316388e+01 3.000000e+00
      vertex   1.242277e+01 -1.024698e+01 3.000000e+00
      vertex   1.236709e+01 -1.362406e+01 3.000000e+00
    endloop
  endfacet
  facet normal 5.908878e-17 6.565302e-16 1.000000e+00
    outer loop
      vertex   1.236709e+01 -1.362406e+01 3.000000e+00
      vertex   1.242277e+01 -1.024698e+01 3.000000e+00
      vertex   1.215467e+01 -1.022285e+01 3.000000e+00
    endloop
  endfacet
  facet normal 1.198311e-16 6.603238e-16 1.000000e+00
    outer loop
      vertex   1.236709e+01 -1.362406e+01 3.000000e+00
      vertex   1.215467e+01 -1.022285e+01 3.000000e+00
      vertex   1.188981e+01 -1.017478e+01 3.000000e+00
    endloop
  endfacet
  facet normal -5.024426e-16 5.742180e-16 1.000000e+00
    outer loop
      vertex   1.236709e+01 -1.362406e+01 3.000000e+00
      vertex   1.188981e+01 -1.017478e+01 3.000000e+00
      vertex   1.186190e+01 -1.406611e+01 3.000000e+00
    endloop
  endfacet
  facet normal 1.571685e-16 5.694873e-16 1.000000e+00
    outer loop
      vertex   1.186190e+01 -1.406611e+01 3.000000e+00
      vertex   1.188981e+01 -1.017478e+01 3.000000e+00
      vertex   1.163032e+01 -1.010317e+01 3.000000e+00
    endloop
  endfacet
  facet normal 2.150005e-16 5.728668e-16 1.000000e+00
    outer loop
      vertex   1.186190e+01 -1.406611e+01 3.000000e+00
      vertex   1.163032e+01 -1.010317e+01 3.000000e+00
      vertex   1.137829e+01 -1.000858e+01 3.000000e+00
    endloop
  endfacet
  facet normal -4.054001e-16 4.989231e-16 1.000000e+00
    outer loop
      vertex   1.186190e+01 -1.406611e+01 3.000000e+00
      vertex   1.137829e+01 -1.000858e+01 3.000000e+00
      vertex   1.134091e+01 -1.448943e+01 3.000000e+00
    endloop
  endfacet
  facet normal 2.376852e-16 4.935585e-16 1.000000e+00
    outer loop
      vertex   1.134091e+01 -1.448943e+01 3.000000e+00
      vertex   1.137829e+01 -1.000858e+01 3.000000e+00
      vertex   1.113576e+01 -9.891787e+00 3.000000e+00
    endloop
  endfacet
  facet normal 2.964542e-16 4.961808e-16 1.000000e+00
    outer loop
      vertex   1.134091e+01 -1.448943e+01 3.000000e+00
      vertex   1.113576e+01 -9.891787e+00 3.000000e+00
      vertex   1.090468e+01 -9.753720e+00 3.000000e+00
    endloop
  endfacet
  facet normal -3.304449e-16 4.384332e-16 1.000000e+00
    outer loop
      vertex   1.134091e+01 -1.448943e+01 3.000000e+00
      vertex   1.090468e+01 -9.753720e+00 3.000000e+00
      vertex   1.080484e+01 -1.489347e+01 3.000000e+00
    endloop
  endfacet
  facet normal 3.095085e-16 4.260018e-16 1.000000e+00
    outer loop
      vertex   1.080484e+01 -1.489347e+01 3.000000e+00
      vertex   1.090468e+01 -9.753720e+00 3.000000e+00
      vertex   1.068690e+01 -9.595494e+00 3.000000e+00
    endloop
  endfacet
  facet normal -2.880607e-16 4.126995e-16 1.000000e+00
    outer loop
      vertex   1.080484e+01 -1.489347e+01 3.000000e+00
      vertex   1.068690e+01 -9.595494e+00 3.000000e+00
      vertex   1.025438e+01 -1.527769e+01 3.000000e+00
    endloop
  endfacet
  facet normal 3.201189e-16 3.664055e-16 1.000000e+00
    outer loop
      vertex   1.025438e+01 -1.527769e+01 3.000000e+00
      vertex   1.068690e+01 -9.595494e+00 3.000000e+00
      vertex   1.048418e+01 -9.418385e+00 3.000000e+00
    endloop
  endfacet
  facet normal 3.807432e-16 3.640278e-16 1.000000e+00
    outer loop
      vertex   1.025438e+01 -1.527769e+01 3.000000e+00
      vertex   1.048418e+01 -9.418385e+00 3.000000e+00
      vertex   1.029815e+01 -9.223816e+00 3.000000e+00
    endloop
  endfacet
  facet normal -2.377030e-16 3.685000e-16 1.000000e+00
    outer loop
      vertex   1.025438e+01 -1.527769e+01 3.000000e+00
      vertex   1.029815e+01 -9.223816e+00 3.000000e+00
      vertex   9.690268e+00 -1.564157e+01 3.000000e+00
    endloop
  endfacet
  facet normal 3.877916e-16 3.092535e-16 1.000000e+00
    outer loop
      vertex   9.690268e+00 -1.564157e+01 3.000000e+00
      vertex   1.029815e+01 -9.223816e+00 3.000000e+00
      vertex   1.013032e+01 -9.013356e+00 3.000000e+00
    endloop
  endfacet
  facet normal 4.611235e-16 3.043850e-16 1.000000e+00
    outer loop
      vertex   9.690268e+00 -1.564157e+01 3.000000e+00
      vertex   1.013032e+01 -9.013356e+00 3.000000e+00
      vertex   9.982022e+00 -8.788698e+00 3.000000e+00
    endloop
  endfacet
  facet normal -1.776912e-15 3.996671e-16 1.000000e+00
    outer loop
      vertex   9.690268e+00 -1.564157e+01 3.000000e+00
      vertex   9.982022e+00 -8.788698e+00 3.000000e+00
      vertex   9.113262e+00 -1.598463e+01 3.000000e+00
    endloop
  endfacet
  facet normal 2.810064e-16 1.512160e-16 1.000000e+00
    outer loop
      vertex   9.113262e+00 -1.598463e+01 3.000000e+00
      vertex   9.982022e+00 -8.788698e+00 3.000000e+00
      vertex   9.854462e+00 -8.551651e+00 3.000000e+00
    endloop
  endfacet
  facet normal 3.400196e-16 1.453313e-16 1.000000e+00
    outer loop
      vertex   9.113262e+00 -1.598463e+01 3.000000e+00
      vertex   9.854462e+00 -8.551651e+00 3.000000e+00
      vertex   9.748664e+00 -8.304124e+00 3.000000e+00
    endloop
  endfacet
  facet normal 4.255154e-16 1.382583e-16 1.000000e+00
    outer loop
      vertex   9.748664e+00 -8.304124e+00 3.000000e+00
      vertex   9.665480e+00 -8.048111e+00 3.000000e+00
      vertex   9.113262e+00 -1.598463e+01 3.000000e+00
    endloop
  endfacet
  facet normal 5.636419e-16 1.286476e-16 1.000000e+00
    outer loop
      vertex   9.113262e+00 -1.598463e+01 3.000000e+00
      vertex   9.665480e+00 -8.048111e+00 3.000000e+00
      vertex   9.605580e+00 -7.785671e+00 3.000000e+00
    endloop
  endfacet
  facet normal 1.171888e-16 1.554555e-16 1.000000e+00
    outer loop
      vertex   9.113262e+00 -1.598463e+01 3.000000e+00
      vertex   9.605580e+00 -7.785671e+00 3.000000e+00
      vertex   3.715724e+00 -3.345653e+00 3.000000e+00
    endloop
  endfacet
  facet normal -0.000000e+00 0.000000e+00 1.000000e+00
    outer loop
      vertex   3.715724e+00 -3.345653e+00 3.000000e+00
      vertex   9.605580e+00 -7.785671e+00 3.000000e+00
      vertex   3.940054e+00 -3.078307e+00 3.000000e+00
    endloop
  endfacet
  facet normal 0.000000e+00 0.000000e+00 1.000000e+00
    outer loop
      vertex   3.940054e+00 -3.078307e+00 3.000000e+00
      vertex   9.605580e+00 -7.785671e+00 3.000000e+00
      vertex   9.569445e+00 -7.518918e+00 3.000000e+00
    endloop
  endfacet
  facet normal -0.000000e+00 0.000000e+00 1.000000e+00
    outer loop
      vertex   3.940054e+00 -3.078307e+00 3.000000e+00
      vertex   9.569445e+00 -7.518918e+00 3.000000e+00
      vertex   4.145188e+00 -2.795965e+00 3.000000e+00
    endloop
  endfacet
  facet normal 0.000000e+00 0.000000e+00 1.000000e+00
    outer loop
      vertex   4.145188e+00 -2.795965e+00 3.000000e+00
      vertex   9.569445e+00 -7.518918e+00 3.000000e+00
      vertex   9.557368e+00 -7.250000e+00 3.000000e+00
    endloop
  endfacet
  facet normal -0.000000e+00 0.000000e+00 1.000000e+00
    outer loop
      vertex   4.145188e+00 -2.795965e+00 3.000000e+00
      vertex   9.557368e+00 -7.250000e+00 3.000000e+00
      vertex   4.330127e+00 -2.500000e+00 3.000000e+00
    endloop
  endfacet
  facet normal -0.000000e+00 0.000000e+00 1.000000e+00
    outer loop
      vertex   4.330127e+00 -2.500000e+00 3.000000e+00
      vertex   9.557368e+00 -7.250000e+00 3.000000e+00
      vertex   4.493970e+00 -2.191856e+00 3.000000e+00
    endloop
  endfacet
  facet normal 0.000000e+00 0.000000e+00 1.000000e+00
    outer loop
      vertex   4.493970e+00 -2.191856e+00 3.000000e+00
      vertex   9.557368e+00 -7.250000e+00 3.000000e+00
      vertex   9.569445e+00 -6.981082e+00 3.000000e+00
    endloop
  endfacet
  facet normal -0.000000e+00 0.000000e+00 1.000000e+00
    outer loop
      vertex   4.493970e+00 -2.191856e+00 3.000000e+00
      vertex   9.569445e+00 -6.981082e+00 3.000000e+00
      vertex   4.635919e+00 -1.873033e+00 3.000000e+00
    endloop
  endfacet
  facet normal 0.000000e+00 0.000000e+00 1.000000e+00
    outer loop
      vertex   4.635919e+00 -1.873033e+00 3.000000e+00
      vertex   9.569445e+00 -6.981082e+00 3.000000e+00
      vertex   9.605580e+00 -6.714329e+00 3.000000e+00
    endloop
  endfacet
  facet normal -0.000000e+00 0.000000e+00 1.000000e+00
    outer loop
      vertex   4.635919e+00 -1.873033e+00 3.000000e+00
      vertex   9.605580e+00 -6.714329e+00 3.000000e+00
      vertex   4.755283e+00 -1.545085e+00 3.000000e+00
    endloop
  endfacet
  facet normal 0.000000e+00 0.000000e+00 1.000000e+00
    outer loop
      vertex   4.755283e+00 -1.545085e+00 3.000000e+00
      vertex   9.605580e+00 -6.714329e+00 3.000000e+00
      vertex   9.665480e+00 -6.451889e+00 3.000000e+00
    endloop
  endfacet
  facet normal -0.000000e+00 0.000000e+00 1.000000e+00
    outer loop
      vertex   4.755283e+00 -1.545085e+00 3.000000e+00
      vertex   9.665480e+00 -6.451889e+00 3.000000e+00
      vertex   4.851479e+00 -1.209609e+00 3.000000e+00
    endloop
  endfacet
  facet normal 0.000000e+00 0.000000e+00 1.000000e+00
    outer loop
      vertex   4.851479e+00 -1.209609e+00 3.000000e+00
      vertex   9.665480e+00 -6.451889e+00 3.000000e+00
      vertex   9.748664e+00 -6.195876e+00 3.000000e+00
    endloop
  endfacet
  facet normal -0.000000e+00 0.000000e+00 1.000000e+00
    outer loop
      vertex   4.851479e+00 -1.209609e+00 3.000000e+00
      vertex   9.748664e+00 -6.195876e+00 3.000000e+00
      vertex   4.924039e+00 -8.682409e-01 3.000000e+00
    endloop
  endfacet
  facet normal 0.000000e+00 0.000000e+00 1.000000e+00
    outer loop
      vertex   4.924039e+00 -8.682409e-01 3.000000e+00
      vertex   9.748664e+00 -6.195876e+00 3.000000e+00
      vertex   9.854462e+00 -5.948349e+00 3.000000e+00
    endloop
  endfacet
  facet normal -0.000000e+00 0.000000e+00 1.000000e+00
    outer loop
      vertex   4.924039e+00 -8.682409e-01 3.000000e+00
      vertex   9.854462e+00 -5.948349e+00 3.000000e+00
      vertex   4.972609e+00 -5.226423e-01 3.000000e+00
    endloop
  endfacet
  facet normal 0.000000e+00 0.000000e+00 1.000000e+00
    outer loop
      vertex   4.972609e+00 -5.226423e-01 3.000000e+00
      vertex   9.854462e+00 -5.948349e+00 3.000000e+00
      vertex   9.982022e+00 -5.711302e+00 3.000000e+00
    endloop
  endfacet
  facet normal -0.000000e+00 0.000000e+00 1.000000e+00
    outer loop
      vertex   4.972609e+00 -5.226423e-01 3.000000e+00
      vertex   9.982022e+00 -5.711302e+00 3.000000e+00
      vertex   4.996954e+00 -1.744975e-01 3.000000e+00
    endloop
  endfacet
  facet normal 0.000000e+00 0.000000e+00 1.000000e+00
    outer loop
      vertex   4.996954e+00 -1.744975e-01 3.000000e+00
      vertex   9.982022e+00 -5.711302e+00 3.000000e+00
      vertex   1.013032e+01 -5.486644e+00 3.000000e+00
    endloop
  endfacet
  facet normal -0.000000e+00 0.000000e+00 1.000000e+00
    outer loop
      vertex   4.996954e+00 -1.744975e-01 3.000000e+00
      vertex   1.013032e+01 -5.486644e+00 3.000000e+00
      vertex   4.996954e+00 1.744975e-01 3.000000e+00
    endloop
  endfacet
  facet normal 0.000000e+00 0.000000e+00 1.000000e+00
    outer loop
      vertex   4.996954e+00 1.744975e-01 3.000000e+00
      vertex   1.013032e+01 -5.486644e+00 3.000000e+00
      vertex   1.029815e+01 -5.276184e+00 3.000000e+00
    endloop
  endfacet
  facet normal -0.000000e+00 -0.000000e+00 1.000000e+00
    outer loop
      vertex   4.996954e+00 1.744975e-01 3.000000e+00
      vertex   1.029815e+01 -5.276184e+00 3.000000e+00
      vertex   4.972609e+00 5.226423e-01 3.000000e+00
    endloop
  endfacet
  facet normal 0.000000e+00 0.000000e+00 1.000000e+00
    outer loop
      vertex   4.972609e+00 5.226423e-01 3.000000e+00
      vertex   1.029815e+01 -5.276184e+00 3.000000e+00
      vertex   1.048418e+01 -5.081615e+00 3.000000e+00
    endloop
  endfacet
  facet normal 0.000000e+00 0.000000e+00 1.000000e+00
    outer loop
      vertex   4.972609e+00 5.226423e-01 3.000000e+00
      vertex   1.048418e+01 -5.081615e+00 3.000000e+00
      vertex   1.068690e+01 -4.904506e+00 3.000000e+00
    endloop
  endfacet
  facet normal -0.000000e+00 -0.000000e+00 1.000000e+00
    outer loop
      vertex   4.972609e+00 5.226423e-01 3.000000e+00
      vertex   1.068690e+01 -4.904506e+00 3.000000e+00
      vertex   4.924039e+00 8.682409e-01 3.000000e+00
    endloop
  endfacet
  facet normal 0.000000e+00 0.000000e+00 1.000000e+00
    outer loop
      vertex   4.924039e+00 8.682409e-01 3.000000e+00
      vertex   1.068690e+01 -4.904506e+00 3.000000e+00
      vertex   1.090468e+01 -4.746280e+00 3.000000e+00
    endloop
  endfacet
  facet normal -0.000000e+00 -0.000000e+00 1.000000e+00
    outer loop
      vertex   4.924039e+00 8.682409e-01 3.000000e+00
      vertex   1.090468e+01 -4.746280e+00 3.000000e+00
      vertex   4.851479e+00 1.209609e+00 3.000000e+00
    endloop
  endfacet
  facet normal 0.000000e+00 0.000000e+00 1.000000e+00
    outer loop
      vertex   4.851479e+00 1.209609e+00 3.000000e+00
      vertex   1.090468e+01 -4.746280e+00 3.000000e+00
      vertex   1.113576e+01 -4.608213e+00 3.000000e+00
    endloop
  endfacet
  facet normal -6.567222e-17 -7.093768e-17 1.000000e+00
    outer loop
      vertex   4.851479e+00 1.209609e+00 3.000000e+00
      vertex   1.113576e+01 -4.608213e+00 3.000000e+00
      vertex   9.286467e+00 1.588463e+01 3.000000e+00
    endloop
  endfacet
  facet normal 3.000391e-17 -6.230377e-17 1.000000e+00
    outer loop
      vertex   9.286467e+00 1.588463e+01 3.000000e+00
      vertex   1.113576e+01 -4.608213e+00 3.000000e+00
      vertex   1.137829e+01 -4.491417e+00 3.000000e+00
    endloop
  endfacet
  facet normal 2.362863e-17 -6.295826e-17 1.000000e+00
    outer loop
      vertex   9.286467e+00 1.588463e+01 3.000000e+00
      vertex   1.137829e+01 -4.491417e+00 3.000000e+00
      vertex   1.163032e+01 -4.396830e+00 3.000000e+00
    endloop
  endfacet
  facet normal 1.756865e-17 -6.365859e-17 1.000000e+00
    outer loop
      vertex   1.163032e+01 -4.396830e+00 3.000000e+00
      vertex   1.188981e+01 -4.325216e+00 3.000000e+00
      vertex   9.286467e+00 1.588463e+01 3.000000e+00
    endloop
  endfacet
  facet normal 1.168976e-17 -6.441588e-17 1.000000e+00
    outer loop
      vertex   9.286467e+00 1.588463e+01 3.000000e+00
      vertex   1.188981e+01 -4.325216e+00 3.000000e+00
      vertex   1.215467e+01 -4.277151e+00 3.000000e+00
    endloop
  endfacet
  facet normal 5.872022e-18 -6.524351e-17 1.000000e+00
    outer loop
      vertex   9.286467e+00 1.588463e+01 3.000000e+00
      vertex   1.215467e+01 -4.277151e+00 3.000000e+00
      vertex   1.242277e+01 -4.253021e+00 3.000000e+00
    endloop
  endfacet
  facet normal 2.182858e-31 -6.615804e-17 1.000000e+00
    outer loop
      vertex   1.242277e+01 -4.253021e+00 3.000000e+00
      vertex   1.269196e+01 -4.253021e+00 3.000000e+00
      vertex   9.286467e+00 1.588463e+01 3.000000e+00
    endloop
  endfacet
  facet normal -6.046358e-18 -6.718054e-17 1.000000e+00
    outer loop
      vertex   9.286467e+00 1.588463e+01 3.000000e+00
      vertex   1.269196e+01 -4.253021e+00 3.000000e+00
      vertex   1.296007e+01 -4.277151e+00 3.000000e+00
    endloop
  endfacet
  facet normal -1.240161e-17 -6.833851e-17 1.000000e+00
    outer loop
      vertex   9.286467e+00 1.588463e+01 3.000000e+00
      vertex   1.296007e+01 -4.277151e+00 3.000000e+00
      vertex   1.322493e+01 -4.325216e+00 3.000000e+00
    endloop
  endfacet
  facet normal -1.723570e-16 -9.951038e-17 1.000000e+00
    outer loop
      vertex   9.286467e+00 1.588463e+01 3.000000e+00
      vertex   1.322493e+01 -4.325216e+00 3.000000e+00
      vertex   1.839973e+01 1.000000e-01 3.000000e+00
    endloop
  endfacet
  facet normal -6.281553e-17 -2.276070e-16 1.000000e+00
    outer loop
      vertex   1.839973e+01 1.000000e-01 3.000000e+00
      vertex   1.322493e+01 -4.325216e+00 3.000000e+00
      vertex   1.348442e+01 -4.396830e+00 3.000000e+00
    endloop
  endfacet
  facet normal -7.884607e-17 -2.100846e-16 1.000000e+00
    outer loop
      vertex   1.839973e+01 1.000000e-01 3.000000e+00
      vertex   1.348442e+01 -4.396830e+00 3.000000e+00
      vertex   1.373644e+01 -4.491417e+00 3.000000e+00
    endloop
  endfacet
  facet normal -9.383845e-17 -1.948576e-16 1.000000e+00
    outer loop
      vertex   1.373644e+01 -4.491417e+00 3.000000e+00
      vertex   1.397897e+01 -4.608213e+00 3.000000e+00
      vertex   1.839973e+01 1.000000e-01 3.000000e+00
    endloop
  endfacet
  facet normal -1.083058e-16 -1.812735e-16 1.000000e+00
    outer loop
      vertex   1.839973e+01 1.000000e-01 3.000000e+00
      vertex   1.397897e+01 -4.608213e+00 3.000000e+00
      vertex   1.421006e+01 -4.746280e+00 3.000000e+00
    endloop
  endfacet
  facet normal -1.226766e-16 -1.688498e-16 1.000000e+00
    outer loop
      vertex   1.839973e+01 1.000000e-01 3.000000e+00
      vertex   1.421006e+01 -4.746280e+00 3.000000e+00
      vertex   1.442784e+01 -4.904506e+00 3.000000e+00
    endloop
  endfacet
  facet normal -1.373471e-16 -1.572064e-16 1.000000e+00
    outer loop
      vertex   1.442784e+01 -4.904506e+00 3.000000e+00
      vertex   1.463056e+01 -5.081615e+00 3.000000e+00
      vertex   1.839973e+01 1.000000e-01 3.000000e+00
    endloop
  endfacet
  facet normal -2.211460e-15 1.351530e-15 1.000000e+00
    outer loop
      vertex   1.839973e+01 1.000000e-01 3.000000e+00
      vertex   1.463056e+01 -5.081615e+00 3.000000e+00
      vertex   1.839113e+01 -5.712331e-01 3.000000e+00
    endloop
  endfacet
  facet normal -6.275877e-16 3.096064e-17 1.000000e+00
    outer loop
      vertex   1.839113e+01 -5.712331e-01 3.000000e+00
      vertex   1.463056e+01 -5.081615e+00 3.000000e+00
      vertex   1.835805e+01 -1.241706e+00 3.000000e+00
    endloop
  endfacet
  facet normal -6.535897e-16 5.620145e-17 1.000000e+00
    outer loop
      vertex   1.835805e+01 -1.241706e+00 3.000000e+00
      vertex   1.463056e+01 -5.081615e+00 3.000000e+00
      vertex   1.830054e+01 -1.910526e+00 3.000000e+00
    endloop
  endfacet
  facet normal -3.313179e-16 -3.167724e-16 1.000000e+00
    outer loop
      vertex   1.830054e+01 -1.910526e+00 3.000000e+00
      vertex   1.463056e+01 -5.081615e+00 3.000000e+00
      vertex   1.481658e+01 -5.276184e+00 3.000000e+00
    endloop
  endfacet
  facet normal -7.231775e-16 8.886103e-17 1.000000e+00
    outer loop
      vertex   1.830054e+01 -1.910526e+00 3.000000e+00
      vertex   1.481658e+01 -5.276184e+00 3.000000e+00
      vertex   1.821867e+01 -2.576803e+00 3.000000e+00
    endloop
  endfacet
  facet normal -7.476416e-16 1.196938e-16 1.000000e+00
    outer loop
      vertex   1.821867e+01 -2.576803e+00 3.000000e+00
      vertex   1.481658e+01 -5.276184e+00 3.000000e+00
      vertex   1.811256e+01 -3.239650e+00 3.000000e+00
    endloop
  endfacet
  facet normal -4.513052e-16 -3.599039e-16 1.000000e+00
    outer loop
      vertex   1.811256e+01 -3.239650e+00 3.000000e+00
      vertex   1.481658e+01 -5.276184e+00 3.000000e+00
      vertex   1.498442e+01 -5.486644e+00 3.000000e+00
    endloop
  endfacet
  facet normal -8.273551e-16 1.636111e-16 1.000000e+00
    outer loop
      vertex   1.811256e+01 -3.239650e+00 3.000000e+00
      vertex   1.498442e+01 -5.486644e+00 3.000000e+00
      vertex   1.798233e+01 -3.898186e+00 3.000000e+00
    endloop
  endfacet
  facet normal -5.487404e-16 -3.622204e-16 1.000000e+00
    outer loop
      vertex   1.798233e+01 -3.898186e+00 3.000000e+00
      vertex   1.498442e+01 -5.486644e+00 3.000000e+00
      vertex   1.513271e+01 -5.711302e+00 3.000000e+00
    endloop
  endfacet
  facet normal 1.665062e-15 9.613242e-16 1.000000e+00
    outer loop
      vertex   9.286467e+00 1.588463e+01 3.000000e+00
      vertex   1.839973e+01 1.000000e-01 3.000000e+00
      vertex   1.288706e+01 2.212103e+01 3.000000e+00
    endloop
  endfacet
  facet normal -1.509707e-15 1.665628e-16 1.000000e+00
    outer loop
      vertex   1.288706e+01 2.212103e+01 3.000000e+00
      vertex   1.839973e+01 1.000000e-01 3.000000e+00
      vertex   1.976795e+01 2.050000e+01 3.000000e+00
    endloop
  endfacet
  facet normal -1.760240e-15 -8.968872e-16 1.000000e+00
    outer loop
      vertex   1.288706e+01 2.212103e+01 3.000000e+00
      vertex   1.976795e+01 2.050000e+01 3.000000e+00
      vertex   1.967291e+01 2.068653e+01 3.000000e+00
    endloop
  endfacet
  facet normal 1.278093e-15 -5.192912e-16 1.000000e+00
    outer loop
      vertex   8.720574e+00 1.620221e+01 3.000000e+00
      vertex   4.635919e+00 1.873033e+00 3.000000e+00
      vertex   9.286467e+00 1.588463e+01 3.000000e+00
    endloop
  endfacet
  facet normal -1.366379e-16 -4.973213e-17 1.000000e+00
    outer loop
      vertex   9.286467e+00 1.588463e+01 3.000000e+00
      vertex   4.635919e+00 1.873033e+00 3.000000e+00
      vertex   4.755283e+00 1.545085e+00 3.000000e+00
    endloop
  endfacet
  facet normal -1.541444e-16 -4.420020e-17 1.000000e+00
    outer loop
      vertex   9.286467e+00 1.588463e+01 3.000000e+00
      vertex   4.755283e+00 1.545085e+00 3.000000e+00
      vertex   4.851479e+00 1.209609e+00 3.000000e+00
    endloop
  endfacet
  facet normal -2.121902e-16 -9.447315e-17 1.000000e+00
    outer loop
      vertex   4.635919e+00 1.873033e+00 3.000000e+00
      vertex   8.720574e+00 1.620221e+01 3.000000e+00
      vertex   4.493970e+00 2.191856e+00 3.000000e+00
    endloop
  endfacet
  facet normal -7.072805e-17 -1.371490e-16 1.000000e+00
    outer loop
      vertex   4.493970e+00 2.191856e+00 3.000000e+00
      vertex   8.720574e+00 1.620221e+01 3.000000e+00
      vertex   8.143835e+00 1.649963e+01 3.000000e+00
    endloop
  endfacet
  facet normal -1.972424e-16 -1.048757e-16 1.000000e+00
    outer loop
      vertex   4.493970e+00 2.191856e+00 3.000000e+00
      vertex   8.143835e+00 1.649963e+01 3.000000e+00
      vertex   4.330127e+00 2.500000e+00 3.000000e+00
    endloop
  endfacet
  facet normal -6.631278e-17 -1.405428e-16 1.000000e+00
    outer loop
      vertex   4.330127e+00 2.500000e+00 3.000000e+00
      vertex   8.143835e+00 1.649963e+01 3.000000e+00
      vertex   7.556967e+00 1.677654e+01 3.000000e+00
    endloop
  endfacet
  facet normal -1.827857e-16 -1.142172e-16 1.000000e+00
    outer loop
      vertex   4.330127e+00 2.500000e+00 3.000000e+00
      vertex   7.556967e+00 1.677654e+01 3.000000e+00
      vertex   4.145188e+00 2.795965e+00 3.000000e+00
    endloop
  endfacet
  facet normal -1.636379e-16 -1.188899e-16 1.000000e+00
    outer loop
      vertex   4.145188e+00 2.795965e+00 3.000000e+00
      vertex   7.556967e+00 1.677654e+01 3.000000e+00
      vertex   3.940054e+00 3.078307e+00 3.000000e+00
    endloop
  endfacet
  facet normal -4.409514e-16 -4.566742e-17 1.000000e+00
    outer loop
      vertex   3.940054e+00 3.078307e+00 3.000000e+00
      vertex   7.556967e+00 1.677654e+01 3.000000e+00
      vertex   2.853170e+00 1.357295e+01 3.000000e+00
    endloop
  endfacet
  facet normal 0.000000e+00 0.000000e+00 1.000000e+00
    outer loop
      vertex   3.940054e+00 3.078307e+00 3.000000e+00
      vertex   2.853170e+00 1.357295e+01 3.000000e+00
      vertex   3.715724e+00 3.345653e+00 3.000000e+00
    endloop
  endfacet
  facet normal 0.000000e+00 0.000000e+00 1.000000e+00
    outer loop
      vertex   3.715724e+00 3.345653e+00 3.000000e+00
      vertex   2.853170e+00 1.357295e+01 3.000000e+00
      vertex   2.758583e+00 1.332092e+01 3.000000e+00
    endloop
  endfacet
  facet normal 0.000000e+00 0.000000e+00 1.000000e+00
    outer loop
      vertex   3.715724e+00 3.345653e+00 3.000000e+00
      vertex   2.758583e+00 1.332092e+01 3.000000e+00
      vertex   3.473292e+00 3.596699e+00 3.000000e+00
    endloop
  endfacet
  facet normal 0.000000e+00 0.000000e+00 1.000000e+00
    outer loop
      vertex   3.473292e+00 3.596699e+00 3.000000e+00
      vertex   2.758583e+00 1.332092e+01 3.000000e+00
      vertex   2.641787e+00 1.307839e+01 3.000000e+00
    endloop
  endfacet
  facet normal 0.000000e+00 0.000000e+00 1.000000e+00
    outer loop
      vertex   3.473292e+00 3.596699e+00 3.000000e+00
      vertex   2.641787e+00 1.307839e+01 3.000000e+00
      vertex   3.213938e+00 3.830222e+00 3.000000e+00
    endloop
  endfacet
  facet normal 0.000000e+00 0.000000e+00 1.000000e+00
    outer loop
      vertex   3.213938e+00 3.830222e+00 3.000000e+00
      vertex   2.641787e+00 1.307839e+01 3.000000e+00
      vertex   2.503720e+00 1.284731e+01 3.000000e+00
    endloop
  endfacet
  facet normal 0.000000e+00 0.000000e+00 1.000000e+00
    outer loop
      vertex   3.213938e+00 3.830222e+00 3.000000e+00
      vertex   2.503720e+00 1.284731e+01 3.000000e+00
      vertex   2.938926e+00 4.045085e+00 3.000000e+00
    endloop
  endfacet
  facet normal 0.000000e+00 0.000000e+00 1.000000e+00
    outer loop
      vertex   2.938926e+00 4.045085e+00 3.000000e+00
      vertex   2.503720e+00 1.284731e+01 3.000000e+00
      vertex   2.345494e+00 1.262953e+01 3.000000e+00
    endloop
  endfacet
  facet normal 0.000000e+00 0.000000e+00 1.000000e+00
    outer loop
      vertex   2.938926e+00 4.045085e+00 3.000000e+00
      vertex   2.345494e+00 1.262953e+01 3.000000e+00
      vertex   2.649596e+00 4.240240e+00 3.000000e+00
    endloop
  endfacet
  facet normal 0.000000e+00 0.000000e+00 1.000000e+00
    outer loop
      vertex   2.649596e+00 4.240240e+00 3.000000e+00
      vertex   2.345494e+00 1.262953e+01 3.000000e+00
      vertex   2.168385e+00 1.242681e+01 3.000000e+00
    endloop
  endfacet
  facet normal 0.000000e+00 0.000000e+00 1.000000e+00
    outer loop
      vertex   2.649596e+00 4.240240e+00 3.000000e+00
      vertex   2.168385e+00 1.242681e+01 3.000000e+00
      vertex   2.347358e+00 4.414738e+00 3.000000e+00
    endloop
  endfacet
  facet normal 0.000000e+00 0.000000e+00 1.000000e+00
    outer loop
      vertex   2.347358e+00 4.414738e+00 3.000000e+00
      vertex   2.168385e+00 1.242681e+01 3.000000e+00
      vertex   1.973816e+00 1.224079e+01 3.000000e+00
    endloop
  endfacet
  facet normal 0.000000e+00 0.000000e+00 1.000000e+00
    outer loop
      vertex   2.347358e+00 4.414738e+00 3.000000e+00
      vertex   1.973816e+00 1.224079e+01 3.000000e+00
      vertex   2.033683e+00 4.567727e+00 3.000000e+00
    endloop
  endfacet
  facet normal 0.000000e+00 0.000000e+00 1.000000e+00
    outer loop
      vertex   2.033683e+00 4.567727e+00 3.000000e+00
      vertex   1.973816e+00 1.224079e+01 3.000000e+00
      vertex   1.763356e+00 1.207295e+01 3.000000e+00
    endloop
  endfacet
  facet normal 0.000000e+00 0.000000e+00 1.000000e+00
    outer loop
      vertex   2.033683e+00 4.567727e+00 3.000000e+00
      vertex   1.763356e+00 1.207295e+01 3.000000e+00
      vertex   1.538698e+00 1.192465e+01 3.000000e+00
    endloop
  endfacet
  facet normal -2.325512e-16 -5.415712e-16 1.000000e+00
    outer loop
      vertex   6.960700e+00 1.703258e+01 3.000000e+00
      vertex   2.996979e+00 1.463459e+01 3.000000e+00
      vertex   7.556967e+00 1.677654e+01 3.000000e+00
    endloop
  endfacet
  facet normal -4.869412e-16 -1.285315e-30 1.000000e+00
    outer loop
      vertex   7.556967e+00 1.677654e+01 3.000000e+00
      vertex   2.996979e+00 1.463459e+01 3.000000e+00
      vertex   2.996979e+00 1.436541e+01 3.000000e+00
    endloop
  endfacet
  facet normal -5.112722e-16 4.601533e-17 1.000000e+00
    outer loop
      vertex   7.556967e+00 1.677654e+01 3.000000e+00
      vertex   2.996979e+00 1.436541e+01 3.000000e+00
      vertex   2.972849e+00 1.409730e+01 3.000000e+00
    endloop
  endfacet
  facet normal -2.189716e-16 -5.640176e-16 1.000000e+00
    outer loop
      vertex   6.960700e+00 1.703258e+01 3.000000e+00
      vertex   6.355776e+00 1.726743e+01 3.000000e+00
      vertex   2.996979e+00 1.463459e+01 3.000000e+00
    endloop
  endfacet
  facet normal -2.033291e-16 -5.839732e-16 1.000000e+00
    outer loop
      vertex   2.996979e+00 1.463459e+01 3.000000e+00
      vertex   6.355776e+00 1.726743e+01 3.000000e+00
      vertex   5.742946e+00 1.748081e+01 3.000000e+00
    endloop
  endfacet
  facet normal -1.857495e-16 -6.009337e-16 1.000000e+00
    outer loop
      vertex   2.996979e+00 1.463459e+01 3.000000e+00
      vertex   5.742946e+00 1.748081e+01 3.000000e+00
      vertex   5.122974e+00 1.767244e+01 3.000000e+00
    endloop
  endfacet
  facet normal -1.664329e-16 -6.144521e-16 1.000000e+00
    outer loop
      vertex   5.122974e+00 1.767244e+01 3.000000e+00
      vertex   4.496629e+00 1.784209e+01 3.000000e+00
      vertex   2.996979e+00 1.463459e+01 3.000000e+00
    endloop
  endfacet
  facet normal -1.241631e-15 -1.117488e-16 1.000000e+00
    outer loop
      vertex   2.996979e+00 1.463459e+01 3.000000e+00
      vertex   4.496629e+00 1.784209e+01 3.000000e+00
      vertex   2.972849e+00 1.490270e+01 3.000000e+00
    endloop
  endfacet
  facet normal -1.572523e-16 -6.738899e-16 1.000000e+00
    outer loop
      vertex   2.972849e+00 1.490270e+01 3.000000e+00
      vertex   4.496629e+00 1.784209e+01 3.000000e+00
      vertex   3.864692e+00 1.798956e+01 3.000000e+00
    endloop
  endfacet
  facet normal -1.529207e-15 -2.775101e-16 1.000000e+00
    outer loop
      vertex   2.972849e+00 1.490270e+01 3.000000e+00
      vertex   3.864692e+00 1.798956e+01 3.000000e+00
      vertex   2.924784e+00 1.516756e+01 3.000000e+00
    endloop
  endfacet
  facet normal -1.291911e-15 -3.565449e-16 1.000000e+00
    outer loop
      vertex   2.924784e+00 1.516756e+01 3.000000e+00
      vertex   3.864692e+00 1.798956e+01 3.000000e+00
      vertex   2.853170e+00 1.542705e+01 3.000000e+00
    endloop
  endfacet
  facet normal -1.579755e-16 -8.041544e-16 1.000000e+00
    outer loop
      vertex   2.853170e+00 1.542705e+01 3.000000e+00
      vertex   3.864692e+00 1.798956e+01 3.000000e+00
      vertex   3.227948e+00 1.811464e+01 3.000000e+00
    endloop
  endfacet
  facet normal -1.605007e-15 -6.023692e-16 1.000000e+00
    outer loop
      vertex   2.853170e+00 1.542705e+01 3.000000e+00
      vertex   3.227948e+00 1.811464e+01 3.000000e+00
      vertex   2.758583e+00 1.567908e+01 3.000000e+00
    endloop
  endfacet
  facet normal -1.352056e-15 -6.511160e-16 1.000000e+00
    outer loop
      vertex   2.758583e+00 1.567908e+01 3.000000e+00
      vertex   3.227948e+00 1.811464e+01 3.000000e+00
      vertex   2.641787e+00 1.592161e+01 3.000000e+00
    endloop
  endfacet
  facet normal -1.170849e-15 -6.995496e-16 1.000000e+00
    outer loop
      vertex   2.641787e+00 1.592161e+01 3.000000e+00
      vertex   3.227948e+00 1.811464e+01 3.000000e+00
      vertex   2.503720e+00 1.615269e+01 3.000000e+00
    endloop
  endfacet
  facet normal -1.710386e-16 -1.068616e-15 1.000000e+00
    outer loop
      vertex   2.503720e+00 1.615269e+01 3.000000e+00
      vertex   3.227948e+00 1.811464e+01 3.000000e+00
      vertex   2.587190e+00 1.821720e+01 3.000000e+00
    endloop
  endfacet
  facet normal -1.402306e-15 -1.018835e-15 1.000000e+00
    outer loop
      vertex   2.503720e+00 1.615269e+01 3.000000e+00
      vertex   2.587190e+00 1.821720e+01 3.000000e+00
      vertex   2.345494e+00 1.637047e+01 3.000000e+00
    endloop
  endfacet
  facet normal -1.196918e-15 -1.045715e-15 1.000000e+00
    outer loop
      vertex   2.345494e+00 1.637047e+01 3.000000e+00
      vertex   2.587190e+00 1.821720e+01 3.000000e+00
      vertex   2.168385e+00 1.657319e+01 3.000000e+00
    endloop
  endfacet
  facet normal -1.038412e-15 -1.086094e-15 1.000000e+00
    outer loop
      vertex   2.168385e+00 1.657319e+01 3.000000e+00
      vertex   2.587190e+00 1.821720e+01 3.000000e+00
      vertex   1.973816e+00 1.675921e+01 3.000000e+00
    endloop
  endfacet
  facet normal -1.795821e-16 -1.447403e-15 1.000000e+00
    outer loop
      vertex   1.973816e+00 1.675921e+01 3.000000e+00
      vertex   2.587190e+00 1.821720e+01 3.000000e+00
      vertex   1.943213e+00 1.829710e+01 3.000000e+00
    endloop
  endfacet
  facet normal -1.169982e-15 -1.467111e-15 1.000000e+00
    outer loop
      vertex   1.973816e+00 1.675921e+01 3.000000e+00
      vertex   1.943213e+00 1.829710e+01 3.000000e+00
      vertex   1.763356e+00 1.692705e+01 3.000000e+00
    endloop
  endfacet
  facet normal -9.845042e-16 -1.491460e-15 1.000000e+00
    outer loop
      vertex   1.763356e+00 1.692705e+01 3.000000e+00
      vertex   1.943213e+00 1.829710e+01 3.000000e+00
      vertex   1.538698e+00 1.707535e+01 3.000000e+00
    endloop
  endfacet
  facet normal -1.560941e-16 -1.765741e-15 1.000000e+00
    outer loop
      vertex   1.538698e+00 1.707535e+01 3.000000e+00
      vertex   1.943213e+00 1.829710e+01 3.000000e+00
      vertex   1.296820e+00 1.835424e+01 3.000000e+00
    endloop
  endfacet
  facet normal -1.040162e-15 -1.932945e-15 1.000000e+00
    outer loop
      vertex   1.538698e+00 1.707535e+01 3.000000e+00
      vertex   1.296820e+00 1.835424e+01 3.000000e+00
      vertex   1.301651e+00 1.720291e+01 3.000000e+00
    endloop
  endfacet
  facet normal -8.257960e-16 -1.932046e-15 1.000000e+00
    outer loop
      vertex   1.301651e+00 1.720291e+01 3.000000e+00
      vertex   1.296820e+00 1.835424e+01 3.000000e+00
      vertex   1.054124e+00 1.730870e+01 3.000000e+00
    endloop
  endfacet
  facet normal -6.416485e-16 -1.974791e-15 1.000000e+00
    outer loop
      vertex   1.054124e+00 1.730870e+01 3.000000e+00
      vertex   1.296820e+00 1.835424e+01 3.000000e+00
      vertex   7.981105e-01 1.739189e+01 3.000000e+00
    endloop
  endfacet
  facet normal -1.189150e-16 -2.245681e-15 1.000000e+00
    outer loop
      vertex   7.981105e-01 1.739189e+01 3.000000e+00
      vertex   1.296820e+00 1.835424e+01 3.000000e+00
      vertex   6.488133e-01 1.838856e+01 3.000000e+00
    endloop
  endfacet
  facet normal -5.264972e-16 -2.306735e-15 1.000000e+00
    outer loop
      vertex   7.981105e-01 1.739189e+01 3.000000e+00
      vertex   6.488133e-01 1.838856e+01 3.000000e+00
      vertex   5.356707e-01 1.745179e+01 3.000000e+00
    endloop
  endfacet
  facet normal -3.159138e-16 -2.332169e-15 1.000000e+00
    outer loop
      vertex   5.356707e-01 1.745179e+01 3.000000e+00
      vertex   6.488133e-01 1.838856e+01 3.000000e+00
      vertex   2.689179e-01 1.748792e+01 3.000000e+00
    endloop
  endfacet
  facet normal -4.315984e-17 -2.447219e-15 1.000000e+00
    outer loop
      vertex   2.689179e-01 1.748792e+01 3.000000e+00
      vertex   6.488133e-01 1.838856e+01 3.000000e+00
      vertex   4.416887e-15 1.840000e+01 3.000000e+00
    endloop
  endfacet
  facet normal -1.108004e-16 -2.467162e-15 1.000000e+00
    outer loop
      vertex   2.689179e-01 1.748792e+01 3.000000e+00
      vertex   4.416887e-15 1.840000e+01 3.000000e+00
      vertex   4.200844e-15 1.750000e+01 3.000000e+00
    endloop
  endfacet
  facet normal -5.418487e-16 9.833104e-17 1.000000e+00
    outer loop
      vertex   2.972849e+00 1.409730e+01 3.000000e+00
      vertex   2.924784e+00 1.383244e+01 3.000000e+00
      vertex   7.556967e+00 1.677654e+01 3.000000e+00
    endloop
  endfacet
  facet normal -5.813199e-16 1.604341e-16 1.000000e+00
    outer loop
      vertex   7.556967e+00 1.677654e+01 3.000000e+00
      vertex   2.924784e+00 1.383244e+01 3.000000e+00
      vertex   2.853170e+00 1.357295e+01 3.000000e+00
    endloop
  endfacet
  facet normal 0.000000e+00 0.000000e+00 1.000000e+00
    outer loop
      vertex   2.033683e+00 4.567727e+00 3.000000e+00
      vertex   1.538698e+00 1.192465e+01 3.000000e+00
      vertex   1.710101e+00 4.698463e+00 3.000000e+00
    endloop
  endfacet
  facet normal 0.000000e+00 0.000000e+00 1.000000e+00
    outer loop
      vertex   1.710101e+00 4.698463e+00 3.000000e+00
      vertex   1.538698e+00 1.192465e+01 3.000000e+00
      vertex   1.301651e+00 1.179709e+01 3.000000e+00
    endloop
  endfacet
  facet normal 0.000000e+00 0.000000e+00 1.000000e+00
    outer loop
      vertex   1.710101e+00 4.698463e+00 3.000000e+00
      vertex   1.301651e+00 1.179709e+01 3.000000e+00
      vertex   1.378187e+00 4.806308e+00 3.000000e+00
    endloop
  endfacet
  facet normal 0.000000e+00 0.000000e+00 1.000000e+00
    outer loop
      vertex   1.378187e+00 4.806308e+00 3.000000e+00
      vertex   1.301651e+00 1.179709e+01 3.000000e+00
      vertex   1.054124e+00 1.169130e+01 3.000000e+00
    endloop
  endfacet
  facet normal 0.000000e+00 0.000000e+00 1.000000e+00
    outer loop
      vertex   1.378187e+00 4.806308e+00 3.000000e+00
      vertex   1.054124e+00 1.169130e+01 3.000000e+00
      vertex   1.039558e+00 4.890738e+00 3.000000e+00
    endloop
  endfacet
  facet normal 0.000000e+00 -0.000000e+00 1.000000e+00
    outer loop
      vertex   1.039558e+00 4.890738e+00 3.000000e+00
      vertex   1.054124e+00 1.169130e+01 3.000000e+00
      vertex   7.981105e-01 1.160811e+01 3.000000e+00
    endloop
  endfacet
  facet normal 0.000000e+00 0.000000e+00 1.000000e+00
    outer loop
      vertex   1.039558e+00 4.890738e+00 3.000000e+00
      vertex   7.981105e-01 1.160811e+01 3.000000e+00
      vertex   6.958655e-01 4.951340e+00 3.000000e+00
    endloop
  endfacet
  facet normal 0.000000e+00 -0.000000e+00 1.000000e+00
    outer loop
      vertex   6.958655e-01 4.951340e+00 3.000000e+00
      vertex   7.981105e-01 1.160811e+01 3.000000e+00
      vertex   5.356707e-01 1.154821e+01 3.000000e+00
    endloop
  endfacet
  facet normal 0.000000e+00 0.000000e+00 1.000000e+00
    outer loop
      vertex   6.958655e-01 4.951340e+00 3.000000e+00
      vertex   5.356707e-01 1.154821e+01 3.000000e+00
      vertex   3.487824e-01 4.987820e+00 3.000000e+00
    endloop
  endfacet
  facet normal 0.000000e+00 -0.000000e+00 1.000000e+00
    outer loop
      vertex   3.487824e-01 4.987820e+00 3.000000e+00
      vertex   5.356707e-01 1.154821e+01 3.000000e+00
      vertex   2.689179e-01 1.151208e+01 3.000000e+00
    endloop
  endfacet
  facet normal 0.000000e+00 0.000000e+00 1.000000e+00
    outer loop
      vertex   3.487824e-01 4.987820e+00 3.000000e+00
      vertex   2.689179e-01 1.151208e+01 3.000000e+00
      vertex   1.200241e-15 5.000000e+00 3.000000e+00
    endloop
  endfacet
  facet normal 0.000000e+00 0.000000e+00 1.000000e+00
    outer loop
      vertex   1.200241e-15 5.000000e+00 3.000000e+00
      vertex   2.689179e-01 1.151208e+01 3.000000e+00
      vertex   2.760555e-15 1.150000e+01 3.000000e+00
    endloop
  endfacet
  facet normal -7.568474e-17 7.308790e-17 1.000000e+00
    outer loop
      vertex   3.715724e+00 -3.345653e+00 3.000000e+00
      vertex   3.473292e+00 -3.596699e+00 3.000000e+00
      vertex   9.113262e+00 -1.598463e+01 3.000000e+00
    endloop
  endfacet
  facet normal -6.868009e-17 7.627697e-17 1.000000e+00
    outer loop
      vertex   9.113262e+00 -1.598463e+01 3.000000e+00
      vertex   3.473292e+00 -3.596699e+00 3.000000e+00
      vertex   3.213938e+00 -3.830222e+00 3.000000e+00
    endloop
  endfacet
  facet normal -6.209226e-17 7.947447e-17 1.000000e+00
    outer loop
      vertex   9.113262e+00 -1.598463e+01 3.000000e+00
      vertex   3.213938e+00 -3.830222e+00 3.000000e+00
      vertex   2.938926e+00 -4.045085e+00 3.000000e+00
    endloop
  endfacet
  facet normal -5.580075e-17 8.272802e-17 1.000000e+00
    outer loop
      vertex   2.938926e+00 -4.045085e+00 3.000000e+00
      vertex   2.649596e+00 -4.240240e+00 3.000000e+00
      vertex   9.113262e+00 -1.598463e+01 3.000000e+00
    endloop
  endfacet
  facet normal -4.970119e-17 8.608499e-17 1.000000e+00
    outer loop
      vertex   9.113262e+00 -1.598463e+01 3.000000e+00
      vertex   2.649596e+00 -4.240240e+00 3.000000e+00
      vertex   2.347358e+00 -4.414738e+00 3.000000e+00
    endloop
  endfacet
  facet normal -4.369853e-17 8.959525e-17 1.000000e+00
    outer loop
      vertex   9.113262e+00 -1.598463e+01 3.000000e+00
      vertex   2.347358e+00 -4.414738e+00 3.000000e+00
      vertex   2.033683e+00 -4.567727e+00 3.000000e+00
    endloop
  endfacet
  facet normal -3.770134e-17 9.331409e-17 1.000000e+00
    outer loop
      vertex   2.033683e+00 -4.567727e+00 3.000000e+00
      vertex   1.710101e+00 -4.698463e+00 3.000000e+00
      vertex   9.113262e+00 -1.598463e+01 3.000000e+00
    endloop
  endfacet
  facet normal -1.614945e-16 1.211198e-17 1.000000e+00
    outer loop
      vertex   9.113262e+00 -1.598463e+01 3.000000e+00
      vertex   1.710101e+00 -4.698463e+00 3.000000e+00
      vertex   -6.661338e-15 -2.750000e+01 3.000000e+00
    endloop
  endfacet
  facet normal 0.000000e+00 0.000000e+00 1.000000e+00
    outer loop
      vertex   1.710101e+00 -4.698463e+00 3.000000e+00
      vertex   1.378187e+00 -4.806308e+00 3.000000e+00
      vertex   -6.661338e-15 -2.750000e+01 3.000000e+00
    endloop
  endfacet
  facet normal 0.000000e+00 0.000000e+00 1.000000e+00
    outer loop
      vertex   -6.661338e-15 -2.750000e+01 3.000000e+00
      vertex   1.378187e+00 -4.806308e+00 3.000000e+00
      vertex   1.039558e+00 -4.890738e+00 3.000000e+00
    endloop
  endfacet
  facet normal 0.000000e+00 0.000000e+00 1.000000e+00
    outer loop
      vertex   -6.661338e-15 -2.750000e+01 3.000000e+00
      vertex   1.039558e+00 -4.890738e+00 3.000000e+00
      vertex   6.958655e-01 -4.951340e+00 3.000000e+00
    endloop
  endfacet
  facet normal 0.000000e+00 0.000000e+00 1.000000e+00
    outer loop
      vertex   6.958655e-01 -4.951340e+00 3.000000e+00
      vertex   3.487824e-01 -4.987820e+00 3.000000e+00
      vertex   -6.661338e-15 -2.750000e+01 3.000000e+00
    endloop
  endfacet
  facet normal 0.000000e+00 0.000000e+00 1.000000e+00
    outer loop
      vertex   -6.661338e-15 -2.750000e+01 3.000000e+00
      vertex   3.487824e-01 -4.987820e+00 3.000000e+00
      vertex   -1.200241e-15 -5.000000e+00 3.000000e+00
    endloop
  endfacet
  facet normal -0.000000e+00 0.000000e+00 1.000000e+00
    outer loop
      vertex   1.715340e+01 -1.910445e+01 3.000000e+00
      vertex   1.950000e+01 -2.150000e+01 3.000000e+00
      vertex   1.772725e+01 -1.858489e+01 3.000000e+00
    endloop
  endfacet
  facet normal 0.000000e+00 0.000000e+00 1.000000e+00
    outer loop
      vertex   1.772725e+01 -1.858489e+01 3.000000e+00
      vertex   1.950000e+01 -2.150000e+01 3.000000e+00
      vertex   1.951096e+01 -2.129094e+01 3.000000e+00
    endloop
  endfacet
  facet normal 0.000000e+00 0.000000e+00 1.000000e+00
    outer loop
      vertex   1.772725e+01 -1.858489e+01 3.000000e+00
      vertex   1.951096e+01 -2.129094e+01 3.000000e+00
      vertex   1.954370e+01 -2.108418e+01 3.000000e+00
    endloop
  endfacet
  facet normal -0.000000e+00 0.000000e+00 1.000000e+00
    outer loop
      vertex   1.772725e+01 -1.858489e+01 3.000000e+00
      vertex   1.954370e+01 -2.108418e+01 3.000000e+00
      vertex   1.828438e+01 -1.804810e+01 3.000000e+00
    endloop
  endfacet
  facet normal 0.000000e+00 0.000000e+00 1.000000e+00
    outer loop
      vertex   1.828438e+01 -1.804810e+01 3.000000e+00
      vertex   1.954370e+01 -2.108418e+01 3.000000e+00
      vertex   1.959789e+01 -2.088197e+01 3.000000e+00
    endloop
  endfacet
  facet normal 0.000000e+00 0.000000e+00 1.000000e+00
    outer loop
      vertex   1.828438e+01 -1.804810e+01 3.000000e+00
      vertex   1.959789e+01 -2.088197e+01 3.000000e+00
      vertex   1.967291e+01 -2.068653e+01 3.000000e+00
    endloop
  endfacet
  facet normal -0.000000e+00 0.000000e+00 1.000000e+00
    outer loop
      vertex   1.828438e+01 -1.804810e+01 3.000000e+00
      vertex   1.967291e+01 -2.068653e+01 3.000000e+00
      vertex   1.882429e+01 -1.749454e+01 3.000000e+00
    endloop
  endfacet
  facet normal 0.000000e+00 0.000000e+00 1.000000e+00
    outer loop
      vertex   1.882429e+01 -1.749454e+01 3.000000e+00
      vertex   1.967291e+01 -2.068653e+01 3.000000e+00
      vertex   1.976795e+01 -2.050000e+01 3.000000e+00
    endloop
  endfacet
  facet normal 0.000000e+00 0.000000e+00 1.000000e+00
    outer loop
      vertex   1.882429e+01 -1.749454e+01 3.000000e+00
      vertex   1.976795e+01 -2.050000e+01 3.000000e+00
      vertex   1.988197e+01 -2.032443e+01 3.000000e+00
    endloop
  endfacet
  facet normal 0.000000e+00 -0.000000e+00 1.000000e+00
    outer loop
      vertex   1.988197e+01 -2.032443e+01 3.000000e+00
      vertex   2.001371e+01 -2.016174e+01 3.000000e+00
      vertex   1.882429e+01 -1.749454e+01 3.000000e+00
    endloop
  endfacet
  facet normal -0.000000e+00 0.000000e+00 1.000000e+00
    outer loop
      vertex   1.882429e+01 -1.749454e+01 3.000000e+00
      vertex   2.001371e+01 -2.016174e+01 3.000000e+00
      vertex   1.934648e+01 -1.692474e+01 3.000000e+00
    endloop
  endfacet
  facet normal 0.000000e+00 0.000000e+00 1.000000e+00
    outer loop
      vertex   1.934648e+01 -1.692474e+01 3.000000e+00
      vertex   2.001371e+01 -2.016174e+01 3.000000e+00
      vertex   2.016174e+01 -2.001371e+01 3.000000e+00
    endloop
  endfacet
  facet normal 0.000000e+00 0.000000e+00 1.000000e+00
    outer loop
      vertex   1.934648e+01 -1.692474e+01 3.000000e+00
      vertex   2.016174e+01 -2.001371e+01 3.000000e+00
      vertex   2.032443e+01 -1.988197e+01 3.000000e+00
    endloop
  endfacet
  facet normal -0.000000e+00 0.000000e+00 1.000000e+00
    outer loop
      vertex   1.934648e+01 -1.692474e+01 3.000000e+00
      vertex   2.032443e+01 -1.988197e+01 3.000000e+00
      vertex   1.985047e+01 -1.633921e+01 3.000000e+00
    endloop
  endfacet
  facet normal 0.000000e+00 0.000000e+00 1.000000e+00
    outer loop
      vertex   1.985047e+01 -1.633921e+01 3.000000e+00
      vertex   2.032443e+01 -1.988197e+01 3.000000e+00
      vertex   2.050000e+01 -1.976795e+01 3.000000e+00
    endloop
  endfacet
  facet normal 0.000000e+00 0.000000e+00 1.000000e+00
    outer loop
      vertex   1.985047e+01 -1.633921e+01 3.000000e+00
      vertex   2.050000e+01 -1.976795e+01 3.000000e+00
      vertex   2.068653e+01 -1.967291e+01 3.000000e+00
    endloop
  endfacet
  facet normal -0.000000e+00 0.000000e+00 1.000000e+00
    outer loop
      vertex   1.985047e+01 -1.633921e+01 3.000000e+00
      vertex   2.068653e+01 -1.967291e+01 3.000000e+00
      vertex   2.033582e+01 -1.573848e+01 3.000000e+00
    endloop
  endfacet
  facet normal 0.000000e+00 0.000000e+00 1.000000e+00
    outer loop
      vertex   2.033582e+01 -1.573848e+01 3.000000e+00
      vertex   2.068653e+01 -1.967291e+01 3.000000e+00
      vertex   2.088197e+01 -1.959789e+01 3.000000e+00
    endloop
  endfacet
  facet normal 0.000000e+00 0.000000e+00 1.000000e+00
    outer loop
      vertex   2.033582e+01 -1.573848e+01 3.000000e+00
      vertex   2.088197e+01 -1.959789e+01 3.000000e+00
      vertex   2.108418e+01 -1.954370e+01 3.000000e+00
    endloop
  endfacet
  facet normal 0.000000e+00 -0.000000e+00 1.000000e+00
    outer loop
      vertex   2.108418e+01 -1.954370e+01 3.000000e+00
      vertex   2.129094e+01 -1.951096e+01 3.000000e+00
      vertex   2.033582e+01 -1.573848e+01 3.000000e+00
    endloop
  endfacet
  facet normal -0.000000e+00 0.000000e+00 1.000000e+00
    outer loop
      vertex   2.033582e+01 -1.573848e+01 3.000000e+00
      vertex   2.129094e+01 -1.951096e+01 3.000000e+00
      vertex   2.080207e+01 -1.512309e+01 3.000000e+00
    endloop
  endfacet
  facet normal 0.000000e+00 0.000000e+00 1.000000e+00
    outer loop
      vertex   2.080207e+01 -1.512309e+01 3.000000e+00
      vertex   2.129094e+01 -1.951096e+01 3.000000e+00
      vertex   2.150000e+01 -1.950000e+01 3.000000e+00
    endloop
  endfacet
  facet normal -0.000000e+00 0.000000e+00 1.000000e+00
    outer loop
      vertex   2.080207e+01 -1.512309e+01 3.000000e+00
      vertex   2.150000e+01 -1.950000e+01 3.000000e+00
      vertex   2.124882e+01 -1.449361e+01 3.000000e+00
    endloop
  endfacet
  facet normal -0.000000e+00 0.000000e+00 1.000000e+00
    outer loop
      vertex   2.124882e+01 -1.449361e+01 3.000000e+00
      vertex   2.150000e+01 -1.950000e+01 3.000000e+00
      vertex   2.167564e+01 -1.385060e+01 3.000000e+00
    endloop
  endfacet
  facet normal -0.000000e+00 0.000000e+00 1.000000e+00
    outer loop
      vertex   2.167564e+01 -1.385060e+01 3.000000e+00
      vertex   2.150000e+01 -1.950000e+01 3.000000e+00
      vertex   2.208215e+01 -1.319466e+01 3.000000e+00
    endloop
  endfacet
  facet normal -0.000000e+00 0.000000e+00 1.000000e+00
    outer loop
      vertex   2.208215e+01 -1.319466e+01 3.000000e+00
      vertex   2.150000e+01 -1.950000e+01 3.000000e+00
      vertex   2.246799e+01 -1.252637e+01 3.000000e+00
    endloop
  endfacet
  facet normal 0.000000e+00 0.000000e+00 1.000000e+00
    outer loop
      vertex   2.246799e+01 -1.252637e+01 3.000000e+00
      vertex   2.150000e+01 -1.950000e+01 3.000000e+00
      vertex   2.750000e+01 -1.950000e+01 3.000000e+00
    endloop
  endfacet
  facet normal -0.000000e+00 0.000000e+00 1.000000e+00
    outer loop
      vertex   2.246799e+01 -1.252637e+01 3.000000e+00
      vertex   2.750000e+01 -1.950000e+01 3.000000e+00
      vertex   2.283279e+01 -1.184635e+01 3.000000e+00
    endloop
  endfacet
  facet normal -0.000000e+00 0.000000e+00 1.000000e+00
    outer loop
      vertex   2.283279e+01 -1.184635e+01 3.000000e+00
      vertex   2.750000e+01 -1.950000e+01 3.000000e+00
      vertex   2.317624e+01 -1.115521e+01 3.000000e+00
    endloop
  endfacet
  facet normal -0.000000e+00 0.000000e+00 1.000000e+00
    outer loop
      vertex   2.317624e+01 -1.115521e+01 3.000000e+00
      vertex   2.750000e+01 -1.950000e+01 3.000000e+00
      vertex   2.349802e+01 -1.045358e+01 3.000000e+00
    endloop
  endfacet
  facet normal -0.000000e+00 0.000000e+00 1.000000e+00
    outer loop
      vertex   2.349802e+01 -1.045358e+01 3.000000e+00
      vertex   2.750000e+01 -1.950000e+01 3.000000e+00
      vertex   2.379783e+01 -9.742095e+00 3.000000e+00
    endloop
  endfacet
  facet normal -0.000000e+00 0.000000e+00 1.000000e+00
    outer loop
      vertex   2.379783e+01 -9.742095e+00 3.000000e+00
      vertex   2.750000e+01 -1.950000e+01 3.000000e+00
      vertex   2.407541e+01 -9.021407e+00 3.000000e+00
    endloop
  endfacet
  facet normal -0.000000e+00 0.000000e+00 1.000000e+00
    outer loop
      vertex   2.407541e+01 -9.021407e+00 3.000000e+00
      vertex   2.750000e+01 -1.950000e+01 3.000000e+00
      vertex   2.433050e+01 -8.292167e+00 3.000000e+00
    endloop
  endfacet
  facet normal -0.000000e+00 0.000000e+00 1.000000e+00
    outer loop
      vertex   2.433050e+01 -8.292167e+00 3.000000e+00
      vertex   2.750000e+01 -1.950000e+01 3.000000e+00
      vertex   2.456286e+01 -7.555039e+00 3.000000e+00
    endloop
  endfacet
  facet normal -0.000000e+00 0.000000e+00 1.000000e+00
    outer loop
      vertex   2.456286e+01 -7.555039e+00 3.000000e+00
      vertex   2.750000e+01 -1.950000e+01 3.000000e+00
      vertex   2.477230e+01 -6.810692e+00 3.000000e+00
    endloop
  endfacet
  facet normal -0.000000e+00 0.000000e+00 1.000000e+00
    outer loop
      vertex   2.477230e+01 -6.810692e+00 3.000000e+00
      vertex   2.750000e+01 -1.950000e+01 3.000000e+00
      vertex   2.495861e+01 -6.059803e+00 3.000000e+00
    endloop
  endfacet
  facet normal -0.000000e+00 0.000000e+00 1.000000e+00
    outer loop
      vertex   2.495861e+01 -6.059803e+00 3.000000e+00
      vertex   2.750000e+01 -1.950000e+01 3.000000e+00
      vertex   2.512164e+01 -5.303053e+00 3.000000e+00
    endloop
  endfacet
  facet normal -0.000000e+00 0.000000e+00 1.000000e+00
    outer loop
      vertex   2.512164e+01 -5.303053e+00 3.000000e+00
      vertex   2.750000e+01 -1.950000e+01 3.000000e+00
      vertex   2.526122e+01 -4.541132e+00 3.000000e+00
    endloop
  endfacet
  facet normal -0.000000e+00 0.000000e+00 1.000000e+00
    outer loop
      vertex   2.526122e+01 -4.541132e+00 3.000000e+00
      vertex   2.750000e+01 -1.950000e+01 3.000000e+00
      vertex   2.537724e+01 -3.774730e+00 3.000000e+00
    endloop
  endfacet
  facet normal -0.000000e+00 0.000000e+00 1.000000e+00
    outer loop
      vertex   2.537724e+01 -3.774730e+00 3.000000e+00
      vertex   2.750000e+01 -1.950000e+01 3.000000e+00
      vertex   2.546959e+01 -3.004545e+00 3.000000e+00
    endloop
  endfacet
  facet normal -0.000000e+00 0.000000e+00 1.000000e+00
    outer loop
      vertex   2.546959e+01 -3.004545e+00 3.000000e+00
      vertex   2.750000e+01 -1.950000e+01 3.000000e+00
      vertex   2.553818e+01 -2.231275e+00 3.000000e+00
    endloop
  endfacet
  facet normal -0.000000e+00 0.000000e+00 1.000000e+00
    outer loop
      vertex   2.553818e+01 -2.231275e+00 3.000000e+00
      vertex   2.750000e+01 -1.950000e+01 3.000000e+00
      vertex   2.558295e+01 -1.455625e+00 3.000000e+00
    endloop
  endfacet
  facet normal -0.000000e+00 0.000000e+00 1.000000e+00
    outer loop
      vertex   2.558295e+01 -1.455625e+00 3.000000e+00
      vertex   2.750000e+01 -1.950000e+01 3.000000e+00
      vertex   2.560387e+01 -6.782975e-01 3.000000e+00
    endloop
  endfacet
  facet normal -0.000000e+00 0.000000e+00 1.000000e+00
    outer loop
      vertex   2.560387e+01 -6.782975e-01 3.000000e+00
      vertex   2.750000e+01 -1.950000e+01 3.000000e+00
      vertex   2.750000e+01 1.950000e+01 3.000000e+00
    endloop
  endfacet
  facet normal -1.342228e-13 1.261277e-14 1.000000e+00
    outer loop
      vertex   2.560387e+01 -6.782975e-01 3.000000e+00
      vertex   2.750000e+01 1.950000e+01 3.000000e+00
      vertex   2.560091e+01 1.000000e-01 3.000000e+00
    endloop
  endfacet
  facet normal -4.337380e-31 -5.264975e-16 1.000000e+00
    outer loop
      vertex   2.560091e+01 1.000000e-01 3.000000e+00
      vertex   2.750000e+01 1.950000e+01 3.000000e+00
      vertex   2.150000e+01 1.950000e+01 3.000000e+00
    endloop
  endfacet
  facet normal 1.603393e-15 -1.875612e-16 1.000000e+00
    outer loop
      vertex   2.560091e+01 1.000000e-01 3.000000e+00
      vertex   2.150000e+01 1.950000e+01 3.000000e+00
      vertex   1.839973e+01 1.000000e-01 3.000000e+00
    endloop
  endfacet
  facet normal 3.569138e-18 6.810321e-17 1.000000e+00
    outer loop
      vertex   1.839973e+01 1.000000e-01 3.000000e+00
      vertex   2.150000e+01 1.950000e+01 3.000000e+00
      vertex   2.129094e+01 1.951096e+01 3.000000e+00
    endloop
  endfacet
  facet normal 1.062015e-17 6.705298e-17 1.000000e+00
    outer loop
      vertex   1.839973e+01 1.000000e-01 3.000000e+00
      vertex   2.129094e+01 1.951096e+01 3.000000e+00
      vertex   2.108418e+01 1.954370e+01 3.000000e+00
    endloop
  endfacet
  facet normal 1.770471e-17 6.607487e-17 1.000000e+00
    outer loop
      vertex   2.108418e+01 1.954370e+01 3.000000e+00
      vertex   2.088197e+01 1.959789e+01 3.000000e+00
      vertex   1.839973e+01 1.000000e-01 3.000000e+00
    endloop
  endfacet
  facet normal 2.500691e-17 6.514524e-17 1.000000e+00
    outer loop
      vertex   1.839973e+01 1.000000e-01 3.000000e+00
      vertex   2.088197e+01 1.959789e+01 3.000000e+00
      vertex   2.068653e+01 1.967291e+01 3.000000e+00
    endloop
  endfacet
  facet normal 3.273321e-17 6.424254e-17 1.000000e+00
    outer loop
      vertex   1.839973e+01 1.000000e-01 3.000000e+00
      vertex   2.068653e+01 1.967291e+01 3.000000e+00
      vertex   2.050000e+01 1.976795e+01 3.000000e+00
    endloop
  endfacet
  facet normal 4.113682e-17 6.334515e-17 1.000000e+00
    outer loop
      vertex   2.050000e+01 1.976795e+01 3.000000e+00
      vertex   2.032443e+01 1.988197e+01 3.000000e+00
      vertex   1.839973e+01 1.000000e-01 3.000000e+00
    endloop
  endfacet
  facet normal 5.055393e-17 6.242890e-17 1.000000e+00
    outer loop
      vertex   1.839973e+01 1.000000e-01 3.000000e+00
      vertex   2.032443e+01 1.988197e+01 3.000000e+00
      vertex   2.016174e+01 2.001371e+01 3.000000e+00
    endloop
  endfacet
  facet normal 6.146359e-17 6.146359e-17 1.000000e+00
    outer loop
      vertex   1.839973e+01 1.000000e-01 3.000000e+00
      vertex   2.016174e+01 2.001371e+01 3.000000e+00
      vertex   2.001371e+01 2.016174e+01 3.000000e+00
    endloop
  endfacet
  facet normal 7.459648e-17 6.040704e-17 1.000000e+00
    outer loop
      vertex   2.001371e+01 2.016174e+01 3.000000e+00
      vertex   1.988197e+01 2.032443e+01 3.000000e+00
      vertex   1.839973e+01 1.000000e-01 3.000000e+00
    endloop
  endfacet
  facet normal 9.115047e-17 5.919381e-17 1.000000e+00
    outer loop
      vertex   1.839973e+01 1.000000e-01 3.000000e+00
      vertex   1.988197e+01 2.032443e+01 3.000000e+00
      vertex   1.976795e+01 2.050000e+01 3.000000e+00
    endloop
  endfacet
  facet normal -9.250346e-17 -1.000000e+00 -0.000000e+00
    outer loop
      vertex   1.839973e+01 1.000000e-01 3.000000e+00
      vertex   1.839973e+01 1.000000e-01 0.000000e+00
      vertex   2.560091e+01 1.000000e-01 3.000000e+00
    endloop
  endfacet
  facet normal -6.334916e-17 -1.000000e+00 -6.998176e-17
    outer loop
      vertex   2.560091e+01 1.000000e-01 3.000000e+00
      vertex   1.839973e+01 1.000000e-01 0.000000e+00
      vertex   2.628618e+01 1.000000e-01 -5.551115e-16
    endloop
  endfacet
  facet normal -4.707904e-01 8.536882e-01 -2.226496e-01
    outer loop
      vertex   1.305649e+01 -2.281450e+01 -1.850372e-16
      vertex   1.271385e+01 -2.222103e+01 3.000000e+00
      vertex   1.373896e+01 -2.243813e+01 0.000000e+00
    endloop
  endfacet
  facet normal -4.837930e-01 8.453676e-01 -2.264905e-01
    outer loop
      vertex   1.373896e+01 -2.243813e+01 0.000000e+00
      vertex   1.271385e+01 -2.222103e+01 3.000000e+00
      vertex   1.338936e+01 -2.183445e+01 3.000000e+00
    endloop
  endfacet
  facet normal -4.963268e-01 8.380722e-01 -2.264831e-01
    outer loop
      vertex   1.373896e+01 -2.243813e+01 0.000000e+00
      vertex   1.338936e+01 -2.183445e+01 3.000000e+00
      vertex   1.440895e+01 -2.204135e+01 0.000000e+00
    endloop
  endfacet
  facet normal -5.090621e-01 8.293723e-01 -2.302113e-01
    outer loop
      vertex   1.440895e+01 -2.204135e+01 0.000000e+00
      vertex   1.338936e+01 -2.183445e+01 3.000000e+00
      vertex   1.405208e+01 -2.142767e+01 3.000000e+00
    endloop
  endfacet
  facet normal -5.214115e-01 8.216931e-01 -2.301095e-01
    outer loop
      vertex   1.440895e+01 -2.204135e+01 0.000000e+00
      vertex   1.405208e+01 -2.142767e+01 3.000000e+00
      vertex   1.506584e+01 -2.162452e+01 0.000000e+00
    endloop
  endfacet
  facet normal -5.338687e-01 8.126237e-01 -2.337239e-01
    outer loop
      vertex   1.506584e+01 -2.162452e+01 0.000000e+00
      vertex   1.405208e+01 -2.142767e+01 3.000000e+00
      vertex   1.470143e+01 -2.100107e+01 3.000000e+00
    endloop
  endfacet
  facet normal -5.460217e-01 8.045658e-01 -2.335256e-01
    outer loop
      vertex   1.506584e+01 -2.162452e+01 0.000000e+00
      vertex   1.470143e+01 -2.100107e+01 3.000000e+00
      vertex   1.570903e+01 -2.118801e+01 0.000000e+00
    endloop
  endfacet
  facet normal -5.581901e-01 7.951370e-01 -2.370251e-01
    outer loop
      vertex   1.570903e+01 -2.118801e+01 0.000000e+00
      vertex   1.470143e+01 -2.100107e+01 3.000000e+00
      vertex   1.533681e+01 -2.055504e+01 3.000000e+00
    endloop
  endfacet
  facet normal -5.701348e-01 7.867058e-01 -2.367282e-01
    outer loop
      vertex   1.570903e+01 -2.118801e+01 0.000000e+00
      vertex   1.533681e+01 -2.055504e+01 3.000000e+00
      vertex   1.633795e+01 -2.073223e+01 0.000000e+00
    endloop
  endfacet
  facet normal -5.820043e-01 7.769281e-01 -2.401117e-01
    outer loop
      vertex   1.633795e+01 -2.073223e+01 0.000000e+00
      vertex   1.533681e+01 -2.055504e+01 3.000000e+00
      vertex   1.595763e+01 -2.008997e+01 3.000000e+00
    endloop
  endfacet
  facet normal -5.937290e-01 7.681294e-01 -2.397144e-01
    outer loop
      vertex   1.633795e+01 -2.073223e+01 0.000000e+00
      vertex   1.595763e+01 -2.008997e+01 3.000000e+00
      vertex   1.695201e+01 -2.025759e+01 0.000000e+00
    endloop
  endfacet
  facet normal -6.052897e-01 7.580136e-01 -2.429811e-01
    outer loop
      vertex   1.695201e+01 -2.025759e+01 0.000000e+00
      vertex   1.595763e+01 -2.008997e+01 3.000000e+00
      vertex   1.656335e+01 -1.960629e+01 3.000000e+00
    endloop
  endfacet
  facet normal -6.167828e-01 7.488536e-01 -2.424815e-01
    outer loop
      vertex   1.695201e+01 -2.025759e+01 0.000000e+00
      vertex   1.656335e+01 -1.960629e+01 3.000000e+00
      vertex   1.755067e+01 -1.976451e+01 0.000000e+00
    endloop
  endfacet
  facet normal -6.280251e-01 7.384105e-01 -2.456306e-01
    outer loop
      vertex   1.755067e+01 -1.976451e+01 0.000000e+00
      vertex   1.656335e+01 -1.960629e+01 3.000000e+00
      vertex   1.715340e+01 -1.910445e+01 3.000000e+00
    endloop
  endfacet
  facet normal -6.392751e-01 7.288958e-01 -2.450269e-01
    outer loop
      vertex   1.755067e+01 -1.976451e+01 0.000000e+00
      vertex   1.715340e+01 -1.910445e+01 3.000000e+00
      vertex   1.813336e+01 -1.925346e+01 0.000000e+00
    endloop
  endfacet
  facet normal -6.501898e-01 7.181368e-01 -2.480579e-01
    outer loop
      vertex   1.813336e+01 -1.925346e+01 0.000000e+00
      vertex   1.715340e+01 -1.910445e+01 3.000000e+00
      vertex   1.772725e+01 -1.858489e+01 3.000000e+00
    endloop
  endfacet
  facet normal -6.611855e-01 7.082743e-01 -2.473484e-01
    outer loop
      vertex   1.813336e+01 -1.925346e+01 0.000000e+00
      vertex   1.772725e+01 -1.858489e+01 3.000000e+00
      vertex   1.869957e+01 -1.872490e+01 0.000000e+00
    endloop
  endfacet
  facet normal -6.717639e-01 6.972108e-01 -2.502607e-01
    outer loop
      vertex   1.869957e+01 -1.872490e+01 0.000000e+00
      vertex   1.772725e+01 -1.858489e+01 3.000000e+00
      vertex   1.828438e+01 -1.804810e+01 3.000000e+00
    endloop
  endfacet
  facet normal -6.824940e-01 6.870078e-01 -2.494439e-01
    outer loop
      vertex   1.869957e+01 -1.872490e+01 0.000000e+00
      vertex   1.828438e+01 -1.804810e+01 3.000000e+00
      vertex   1.924878e+01 -1.817930e+01 0.000000e+00
    endloop
  endfacet
  facet normal -6.927276e-01 6.756515e-01 -2.522370e-01
    outer loop
      vertex   1.924878e+01 -1.817930e+01 0.000000e+00
      vertex   1.828438e+01 -1.804810e+01 3.000000e+00
      vertex   1.882429e+01 -1.749454e+01 3.000000e+00
    endloop
  endfacet
  facet normal -7.031811e-01 6.651158e-01 -2.513113e-01
    outer loop
      vertex   1.924878e+01 -1.817930e+01 0.000000e+00
      vertex   1.882429e+01 -1.749454e+01 3.000000e+00
      vertex   1.978048e+01 -1.761716e+01 0.000000e+00
    endloop
  endfacet
  facet normal -7.130620e-01 6.534786e-01 -2.539850e-01
    outer loop
      vertex   1.978048e+01 -1.761716e+01 0.000000e+00
      vertex   1.882429e+01 -1.749454e+01 3.000000e+00
      vertex   1.934648e+01 -1.692474e+01 3.000000e+00
    endloop
  endfacet
  facet normal -7.232281e-01 6.426180e-01 -2.529490e-01
    outer loop
      vertex   1.978048e+01 -1.761716e+01 0.000000e+00
      vertex   1.934648e+01 -1.692474e+01 3.000000e+00
      vertex   2.029420e+01 -1.703900e+01 0.000000e+00
    endloop
  endfacet
  facet normal -7.327485e-01 6.307121e-01 -2.555032e-01
    outer loop
      vertex   2.029420e+01 -1.703900e+01 0.000000e+00
      vertex   1.934648e+01 -1.692474e+01 3.000000e+00
      vertex   1.985047e+01 -1.633921e+01 3.000000e+00
    endloop
  endfacet
  facet normal -7.426166e-01 6.195351e-01 -2.543556e-01
    outer loop
      vertex   2.029420e+01 -1.703900e+01 0.000000e+00
      vertex   1.985047e+01 -1.633921e+01 3.000000e+00
      vertex   2.078947e+01 -1.644534e+01 0.000000e+00
    endloop
  endfacet
  facet normal -7.517694e-01 6.073727e-01 -2.567901e-01
    outer loop
      vertex   2.078947e+01 -1.644534e+01 0.000000e+00
      vertex   1.985047e+01 -1.633921e+01 3.000000e+00
      vertex   2.033582e+01 -1.573848e+01 3.000000e+00
    endloop
  endfacet
  facet normal -7.613291e-01 5.958881e-01 -2.555297e-01
    outer loop
      vertex   2.078947e+01 -1.644534e+01 0.000000e+00
      vertex   2.033582e+01 -1.573848e+01 3.000000e+00
      vertex   2.126583e+01 -1.583673e+01 0.000000e+00
    endloop
  endfacet
  facet normal -7.701073e-01 5.834817e-01 -2.578447e-01
    outer loop
      vertex   2.126583e+01 -1.583673e+01 0.000000e+00
      vertex   2.033582e+01 -1.573848e+01 3.000000e+00
      vertex   2.080207e+01 -1.512309e+01 3.000000e+00
    endloop
  endfacet
  facet normal -7.793484e-01 5.716985e-01 -2.564703e-01
    outer loop
      vertex   2.126583e+01 -1.583673e+01 0.000000e+00
      vertex   2.080207e+01 -1.512309e+01 3.000000e+00
      vertex   2.172285e+01 -1.521370e+01 0.000000e+00
    endloop
  endfacet
  facet normal -7.877456e-01 5.590606e-01 -2.586659e-01
    outer loop
      vertex   2.172285e+01 -1.521370e+01 0.000000e+00
      vertex   2.080207e+01 -1.512309e+01 3.000000e+00
      vertex   2.124882e+01 -1.449361e+01 3.000000e+00
    endloop
  endfacet
  facet normal -7.966581e-01 5.469883e-01 -2.571765e-01
    outer loop
      vertex   2.172285e+01 -1.521370e+01 0.000000e+00
      vertex   2.124882e+01 -1.449361e+01 3.000000e+00
      vertex   2.216012e+01 -1.457684e+01 0.000000e+00
    endloop
  endfacet
  facet normal -8.046683e-01 5.341318e-01 -2.592530e-01
    outer loop
      vertex   2.216012e+01 -1.457684e+01 0.000000e+00
      vertex   2.124882e+01 -1.449361e+01 3.000000e+00
      vertex   2.167564e+01 -1.385060e+01 3.000000e+00
    endloop
  endfacet
  facet normal -8.132425e-01 5.217800e-01 -2.576476e-01
    outer loop
      vertex   2.216012e+01 -1.457684e+01 0.000000e+00
      vertex   2.167564e+01 -1.385060e+01 3.000000e+00
      vertex   2.257724e+01 -1.392673e+01 0.000000e+00
    endloop
  endfacet
  facet normal -8.208601e-01 5.087177e-01 -2.596055e-01
    outer loop
      vertex   2.257724e+01 -1.392673e+01 0.000000e+00
      vertex   2.167564e+01 -1.385060e+01 3.000000e+00
      vertex   2.208215e+01 -1.319466e+01 3.000000e+00
    endloop
  endfacet
  facet normal -8.290864e-01 4.960967e-01 -2.578833e-01
    outer loop
      vertex   2.257724e+01 -1.392673e+01 0.000000e+00
      vertex   2.208215e+01 -1.319466e+01 3.000000e+00
      vertex   2.297383e+01 -1.326395e+01 0.000000e+00
    endloop
  endfacet
  facet normal -8.363061e-01 4.828416e-01 -2.597230e-01
    outer loop
      vertex   2.297383e+01 -1.326395e+01 0.000000e+00
      vertex   2.208215e+01 -1.319466e+01 3.000000e+00
      vertex   2.246799e+01 -1.252637e+01 3.000000e+00
    endloop
  endfacet
  facet normal -8.441755e-01 4.699616e-01 -2.578833e-01
    outer loop
      vertex   2.297383e+01 -1.326395e+01 0.000000e+00
      vertex   2.246799e+01 -1.252637e+01 3.000000e+00
      vertex   2.334952e+01 -1.258910e+01 0.000000e+00
    endloop
  endfacet
  facet normal -8.509925e-01 4.565268e-01 -2.596055e-01
    outer loop
      vertex   2.334952e+01 -1.258910e+01 0.000000e+00
      vertex   2.246799e+01 -1.252637e+01 3.000000e+00
      vertex   2.283279e+01 -1.184635e+01 3.000000e+00
    endloop
  endfacet
  facet normal -8.584960e-01 4.433986e-01 -2.576476e-01
    outer loop
      vertex   2.334952e+01 -1.258910e+01 0.000000e+00
      vertex   2.283279e+01 -1.184635e+01 3.000000e+00
      vertex   2.370398e+01 -1.190281e+01 0.000000e+00
    endloop
  endfacet
  facet normal -8.649058e-01 4.297973e-01 -2.592530e-01
    outer loop
      vertex   2.370398e+01 -1.190281e+01 0.000000e+00
      vertex   2.283279e+01 -1.184635e+01 3.000000e+00
      vertex   2.317624e+01 -1.115521e+01 3.000000e+00
    endloop
  endfacet
  facet normal -8.720348e-01 4.164320e-01 -2.571765e-01
    outer loop
      vertex   2.370398e+01 -1.190281e+01 0.000000e+00
      vertex   2.317624e+01 -1.115521e+01 3.000000e+00
      vertex   2.403688e+01 -1.120569e+01 0.000000e+00
    endloop
  endfacet
  facet normal -8.780335e-01 4.026774e-01 -2.586659e-01
    outer loop
      vertex   2.403688e+01 -1.120569e+01 0.000000e+00
      vertex   2.317624e+01 -1.115521e+01 3.000000e+00
      vertex   2.349802e+01 -1.045358e+01 3.000000e+00
    endloop
  endfacet
  facet normal -8.847796e-01 3.890862e-01 -2.564703e-01
    outer loop
      vertex   2.403688e+01 -1.120569e+01 0.000000e+00
      vertex   2.349802e+01 -1.045358e+01 3.000000e+00
      vertex   2.434792e+01 -1.049839e+01 0.000000e+00
    endloop
  endfacet
  facet normal -8.903636e-01 3.751917e-01 -2.578447e-01
    outer loop
      vertex   2.434792e+01 -1.049839e+01 0.000000e+00
      vertex   2.349802e+01 -1.045358e+01 3.000000e+00
      vertex   2.379783e+01 -9.742095e+00 3.000000e+00
    endloop
  endfacet
  facet normal -8.967188e-01 3.613863e-01 -2.555297e-01
    outer loop
      vertex   2.434792e+01 -1.049839e+01 0.000000e+00
      vertex   2.379783e+01 -9.742095e+00 3.000000e+00
      vertex   2.463682e+01 -9.781537e+00 0.000000e+00
    endloop
  endfacet
  facet normal -9.018849e-01 3.473650e-01 -2.567901e-01
    outer loop
      vertex   2.463682e+01 -9.781537e+00 0.000000e+00
      vertex   2.379783e+01 -9.742095e+00 3.000000e+00
      vertex   2.407541e+01 -9.021407e+00 3.000000e+00
    endloop
  endfacet
  facet normal -9.078415e-01 3.333573e-01 -2.543556e-01
    outer loop
      vertex   2.463682e+01 -9.781537e+00 0.000000e+00
      vertex   2.407541e+01 -9.021407e+00 3.000000e+00
      vertex   2.490331e+01 -9.055794e+00 0.000000e+00
    endloop
  endfacet
  facet normal -9.125869e-01 3.192228e-01 -2.555032e-01
    outer loop
      vertex   2.490331e+01 -9.055794e+00 0.000000e+00
      vertex   2.407541e+01 -9.021407e+00 3.000000e+00
      vertex   2.433050e+01 -8.292167e+00 3.000000e+00
    endloop
  endfacet
  facet normal -9.181376e-01 3.050249e-01 -2.529490e-01
    outer loop
      vertex   2.490331e+01 -9.055794e+00 0.000000e+00
      vertex   2.433050e+01 -8.292167e+00 3.000000e+00
      vertex   2.514715e+01 -8.321820e+00 0.000000e+00
    endloop
  endfacet
  facet normal -9.224600e-01 2.907905e-01 -2.539850e-01
    outer loop
      vertex   2.514715e+01 -8.321820e+00 0.000000e+00
      vertex   2.433050e+01 -8.292167e+00 3.000000e+00
      vertex   2.456286e+01 -7.555039e+00 3.000000e+00
    endloop
  endfacet
  facet normal -9.275977e-01 2.764148e-01 -2.513113e-01
    outer loop
      vertex   2.514715e+01 -8.321820e+00 0.000000e+00
      vertex   2.456286e+01 -7.555039e+00 3.000000e+00
      vertex   2.536812e+01 -7.580281e+00 0.000000e+00
    endloop
  endfacet
  facet normal -9.314952e-01 2.620939e-01 -2.522370e-01
    outer loop
      vertex   2.536812e+01 -7.580281e+00 0.000000e+00
      vertex   2.456286e+01 -7.555039e+00 3.000000e+00
      vertex   2.477230e+01 -6.810692e+00 3.000000e+00
    endloop
  endfacet
  facet normal -9.362132e-01 2.475532e-01 -2.494439e-01
    outer loop
      vertex   2.536812e+01 -7.580281e+00 0.000000e+00
      vertex   2.477230e+01 -6.810692e+00 3.000000e+00
      vertex   2.556602e+01 -6.831854e+00 0.000000e+00
    endloop
  endfacet
  facet normal -9.396842e-01 2.331592e-01 -2.502607e-01
    outer loop
      vertex   2.556602e+01 -6.831854e+00 0.000000e+00
      vertex   2.477230e+01 -6.810692e+00 3.000000e+00
      vertex   2.495861e+01 -6.059803e+00 3.000000e+00
    endloop
  endfacet
  facet normal -9.439763e-01 2.184663e-01 -2.473484e-01
    outer loop
      vertex   2.556602e+01 -6.831854e+00 0.000000e+00
      vertex   2.495861e+01 -6.059803e+00 3.000000e+00
      vertex   2.574067e+01 -6.077220e+00 0.000000e+00
    endloop
  endfacet
  facet normal -9.470196e-01 2.040125e-01 -2.480579e-01
    outer loop
      vertex   2.574067e+01 -6.077220e+00 0.000000e+00
      vertex   2.495861e+01 -6.059803e+00 3.000000e+00
      vertex   2.512164e+01 -5.303053e+00 3.000000e+00
    endloop
  endfacet
  facet normal -9.508799e-01 1.891806e-01 -2.450269e-01
    outer loop
      vertex   2.574067e+01 -6.077220e+00 0.000000e+00
      vertex   2.512164e+01 -5.303053e+00 3.000000e+00
      vertex   2.589190e+01 -5.317065e+00 0.000000e+00
    endloop
  endfacet
  facet normal -9.534948e-01 1.746804e-01 -2.456306e-01
    outer loop
      vertex   2.589190e+01 -5.317065e+00 0.000000e+00
      vertex   2.512164e+01 -5.303053e+00 3.000000e+00
      vertex   2.526122e+01 -4.541132e+00 3.000000e+00
    endloop
  endfacet
  facet normal -9.569176e-01 1.597228e-01 -2.424815e-01
    outer loop
      vertex   2.589190e+01 -5.317065e+00 0.000000e+00
      vertex   2.526122e+01 -4.541132e+00 3.000000e+00
      vertex   2.601959e+01 -4.552081e+00 0.000000e+00
    endloop
  endfacet
  facet normal -9.591039e-01 1.451895e-01 -2.429811e-01
    outer loop
      vertex   2.601959e+01 -4.552081e+00 0.000000e+00
      vertex   2.526122e+01 -4.541132e+00 3.000000e+00
      vertex   2.537724e+01 -3.774730e+00 3.000000e+00
    endloop
  endfacet
  facet normal -9.620841e-01 1.301197e-01 -2.397144e-01
    outer loop
      vertex   2.601959e+01 -4.552081e+00 0.000000e+00
      vertex   2.537724e+01 -3.774730e+00 3.000000e+00
      vertex   2.612361e+01 -3.782965e+00 0.000000e+00
    endloop
  endfacet
  facet normal -9.638417e-01 1.155665e-01 -2.401117e-01
    outer loop
      vertex   2.612361e+01 -3.782965e+00 0.000000e+00
      vertex   2.537724e+01 -3.774730e+00 3.000000e+00
      vertex   2.546959e+01 -3.004545e+00 3.000000e+00
    endloop
  endfacet
  facet normal -9.663746e-01 1.003983e-01 -2.367282e-01
    outer loop
      vertex   2.612361e+01 -3.782965e+00 0.000000e+00
      vertex   2.546959e+01 -3.004545e+00 3.000000e+00
      vertex   2.620387e+01 -3.010417e+00 0.000000e+00
    endloop
  endfacet
  facet normal -9.677039e-01 8.583831e-02 -2.370251e-01
    outer loop
      vertex   2.620387e+01 -3.010417e+00 0.000000e+00
      vertex   2.546959e+01 -3.004545e+00 3.000000e+00
      vertex   2.553818e+01 -2.231275e+00 3.000000e+00
    endloop
  endfacet
  facet normal -9.697853e-01 7.058574e-02 -2.335256e-01
    outer loop
      vertex   2.620387e+01 -3.010417e+00 0.000000e+00
      vertex   2.553818e+01 -2.231275e+00 3.000000e+00
      vertex   2.626030e+01 -2.235140e+00 0.000000e+00
    endloop
  endfacet
  facet normal -9.706871e-01 5.603200e-02 -2.337239e-01
    outer loop
      vertex   2.626030e+01 -2.235140e+00 0.000000e+00
      vertex   2.553818e+01 -2.231275e+00 3.000000e+00
      vertex   2.558295e+01 -1.455625e+00 3.000000e+00
    endloop
  endfacet
  facet normal -9.723129e-01 4.070906e-02 -2.301095e-01
    outer loop
      vertex   2.626030e+01 -2.235140e+00 0.000000e+00
      vertex   2.558295e+01 -1.455625e+00 3.000000e+00
      vertex   2.629285e+01 -1.457839e+00 0.000000e+00
    endloop
  endfacet
  facet normal -9.727886e-01 2.617459e-02 -2.302113e-01
    outer loop
      vertex   2.629285e+01 -1.457839e+00 0.000000e+00
      vertex   2.558295e+01 -1.455625e+00 3.000000e+00
      vertex   2.560387e+01 -6.782975e-01 3.000000e+00
    endloop
  endfacet
  facet normal -9.739553e-01 1.079552e-02 -2.264831e-01
    outer loop
      vertex   2.629285e+01 -1.457839e+00 0.000000e+00
      vertex   2.560387e+01 -6.782975e-01 3.000000e+00
      vertex   2.630148e+01 -6.792232e-01 0.000000e+00
    endloop
  endfacet
  facet normal -9.740063e-01 -3.706816e-03 -2.264905e-01
    outer loop
      vertex   2.630148e+01 -6.792232e-01 0.000000e+00
      vertex   2.560387e+01 -6.782975e-01 3.000000e+00
      vertex   2.560091e+01 1.000000e-01 3.000000e+00
    endloop
  endfacet
  facet normal -9.747109e-01 -1.912763e-02 -2.226496e-01
    outer loop
      vertex   2.630148e+01 -6.792232e-01 0.000000e+00
      vertex   2.560091e+01 1.000000e-01 3.000000e+00
      vertex   2.628618e+01 1.000000e-01 -5.551115e-16
    endloop
  endfacet
  facet normal -1.465308e-02 -9.658221e-01 -2.587913e-01
    outer loop
      vertex   6.175011e-15 2.572404e+01 3.000000e+00
      vertex   6.367973e-15 2.652789e+01 0.000000e+00
      vertex   7.501574e-01 2.571266e+01 3.000000e+00
    endloop
  endfacet
  facet normal -1.508572e-02 -9.658429e-01 -2.586887e-01
    outer loop
      vertex   7.501574e-01 2.571266e+01 3.000000e+00
      vertex   6.367973e-15 2.652789e+01 0.000000e+00
      vertex   7.722793e-01 2.651583e+01 0.000000e+00
    endloop
  endfacet
  facet normal -4.394548e-02 -9.649664e-01 -2.586669e-01
    outer loop
      vertex   7.501574e-01 2.571266e+01 3.000000e+00
      vertex   7.722793e-01 2.651583e+01 0.000000e+00
      vertex   1.499670e+00 2.567853e+01 3.000000e+00
    endloop
  endfacet
  facet normal -4.524461e-02 -9.649891e-01 -2.583582e-01
    outer loop
      vertex   1.499670e+00 2.567853e+01 3.000000e+00
      vertex   7.722793e-01 2.651583e+01 0.000000e+00
      vertex   1.543856e+00 2.647965e+01 0.000000e+00
    endloop
  endfacet
  facet normal -7.319866e-02 -9.632837e-01 -2.583145e-01
    outer loop
      vertex   1.499670e+00 2.567853e+01 3.000000e+00
      vertex   1.543856e+00 2.647965e+01 0.000000e+00
      vertex   2.247896e+00 2.562167e+01 3.000000e+00
    endloop
  endfacet
  facet normal -7.536377e-02 -9.632551e-01 -2.577982e-01
    outer loop
      vertex   2.247896e+00 2.562167e+01 3.000000e+00
      vertex   1.543856e+00 2.647965e+01 0.000000e+00
      vertex   2.314027e+00 2.641940e+01 0.000000e+00
    endloop
  endfacet
  facet normal -1.023877e-01 -9.607755e-01 -2.577346e-01
    outer loop
      vertex   2.247896e+00 2.562167e+01 3.000000e+00
      vertex   2.314027e+00 2.641940e+01 0.000000e+00
      vertex   2.994190e+00 2.554214e+01 3.000000e+00
    endloop
  endfacet
  facet normal -1.054156e-01 -9.606424e-01 -2.570092e-01
    outer loop
      vertex   2.994190e+00 2.554214e+01 3.000000e+00
      vertex   2.314027e+00 2.641940e+01 0.000000e+00
      vertex   3.082091e+00 2.633511e+01 0.000000e+00
    endloop
  endfacet
  facet normal -1.314876e-01 -9.574441e-01 -2.569277e-01
    outer loop
      vertex   2.994190e+00 2.554214e+01 3.000000e+00
      vertex   3.082091e+00 2.633511e+01 0.000000e+00
      vertex   3.737913e+00 2.544000e+01 3.000000e+00
    endloop
  endfacet
  facet normal -1.353726e-01 -9.571533e-01 -2.559917e-01
    outer loop
      vertex   3.737913e+00 2.544000e+01 3.000000e+00
      vertex   3.082091e+00 2.633511e+01 0.000000e+00
      vertex   3.847350e+00 2.622688e+01 0.000000e+00
    endloop
  endfacet
  facet normal -1.604737e-01 -9.532923e-01 -2.558946e-01
    outer loop
      vertex   3.737913e+00 2.544000e+01 3.000000e+00
      vertex   3.847350e+00 2.622688e+01 0.000000e+00
      vertex   4.478426e+00 2.531535e+01 3.000000e+00
    endloop
  endfacet
  facet normal -1.652073e-01 -9.527910e-01 -2.547466e-01
    outer loop
      vertex   4.478426e+00 2.531535e+01 3.000000e+00
      vertex   3.847350e+00 2.622688e+01 0.000000e+00
      vertex   4.609107e+00 2.609480e+01 0.000000e+00
    endloop
  endfacet
  facet normal -1.893211e-01 -9.483237e-01 -2.546363e-01
    outer loop
      vertex   4.478426e+00 2.531535e+01 3.000000e+00
      vertex   4.609107e+00 2.609480e+01 0.000000e+00
      vertex   5.215092e+00 2.516828e+01 3.000000e+00
    endloop
  endfacet
  facet normal -1.948923e-01 -9.475594e-01 -2.532749e-01
    outer loop
      vertex   5.215092e+00 2.516828e+01 3.000000e+00
      vertex   4.609107e+00 2.609480e+01 0.000000e+00
      vertex   5.366669e+00 2.593898e+01 0.000000e+00
    endloop
  endfacet
  facet normal -2.180054e-01 -9.425427e-01 -2.531539e-01
    outer loop
      vertex   5.215092e+00 2.516828e+01 3.000000e+00
      vertex   5.366669e+00 2.593898e+01 0.000000e+00
      vertex   5.947279e+00 2.499893e+01 3.000000e+00
    endloop
  endfacet
  facet normal -2.244005e-01 -9.414632e-01 -2.515780e-01
    outer loop
      vertex   5.947279e+00 2.499893e+01 3.000000e+00
      vertex   5.366669e+00 2.593898e+01 0.000000e+00
      vertex   6.119345e+00 2.575958e+01 0.000000e+00
    endloop
  endfacet
  facet normal -2.465019e-01 -9.359542e-01 -2.514488e-01
    outer loop
      vertex   5.947279e+00 2.499893e+01 3.000000e+00
      vertex   6.119345e+00 2.575958e+01 0.000000e+00
      vertex   6.674359e+00 2.480744e+01 3.000000e+00
    endloop
  endfacet
  facet normal -2.537049e-01 -9.345080e-01 -2.496572e-01
    outer loop
      vertex   6.674359e+00 2.480744e+01 3.000000e+00
      vertex   6.119345e+00 2.575958e+01 0.000000e+00
      vertex   6.866451e+00 2.555675e+01 0.000000e+00
    endloop
  endfacet
  facet normal -2.747865e-01 -9.285639e-01 -2.495224e-01
    outer loop
      vertex   6.674359e+00 2.480744e+01 3.000000e+00
      vertex   6.866451e+00 2.555675e+01 0.000000e+00
      vertex   7.395706e+00 2.459398e+01 3.000000e+00
    endloop
  endfacet
  facet normal -2.827784e-01 -9.267001e-01 -2.475144e-01
    outer loop
      vertex   7.395706e+00 2.459398e+01 3.000000e+00
      vertex   6.866451e+00 2.555675e+01 0.000000e+00
      vertex   7.607307e+00 2.533068e+01 0.000000e+00
    endloop
  endfacet
  facet normal -3.028350e-01 -9.203781e-01 -2.473765e-01
    outer loop
      vertex   7.395706e+00 2.459398e+01 3.000000e+00
      vertex   7.607307e+00 2.533068e+01 0.000000e+00
      vertex   8.110701e+00 2.435872e+01 3.000000e+00
    endloop
  endfacet
  facet normal -3.115946e-01 -9.180466e-01 -2.451513e-01
    outer loop
      vertex   8.110701e+00 2.435872e+01 3.000000e+00
      vertex   7.607307e+00 2.533068e+01 0.000000e+00
      vertex   8.341239e+00 2.508158e+01 0.000000e+00
    endloop
  endfacet
  facet normal -3.306235e-01 -9.114037e-01 -2.450130e-01
    outer loop
      vertex   8.110701e+00 2.435872e+01 3.000000e+00
      vertex   8.341239e+00 2.508158e+01 0.000000e+00
      vertex   8.818731e+00 2.410187e+01 3.000000e+00
    endloop
  endfacet
  facet normal -3.401270e-01 -9.085556e-01 -2.425703e-01
    outer loop
      vertex   8.818731e+00 2.410187e+01 3.000000e+00
      vertex   8.341239e+00 2.508158e+01 0.000000e+00
      vertex   9.067577e+00 2.480967e+01 0.000000e+00
    endloop
  endfacet
  facet normal -3.581283e-01 -9.016485e-01 -2.424338e-01
    outer loop
      vertex   8.818731e+00 2.410187e+01 3.000000e+00
      vertex   9.067577e+00 2.480967e+01 0.000000e+00
      vertex   9.519186e+00 2.382366e+01 3.000000e+00
    endloop
  endfacet
  facet normal -3.683496e-01 -8.982357e-01 -2.397735e-01
    outer loop
      vertex   9.519186e+00 2.382366e+01 3.000000e+00
      vertex   9.067577e+00 2.480967e+01 0.000000e+00
      vertex   9.785662e+00 2.451519e+01 0.000000e+00
    endloop
  endfacet
  facet normal -3.853258e-01 -8.911207e-01 -2.396413e-01
    outer loop
      vertex   9.519186e+00 2.382366e+01 3.000000e+00
      vertex   9.785662e+00 2.451519e+01 0.000000e+00
      vertex   1.021147e+01 2.352431e+01 3.000000e+00
    endloop
  endfacet
  facet normal -3.962363e-01 -8.870963e-01 -2.367635e-01
    outer loop
      vertex   1.021147e+01 2.352431e+01 3.000000e+00
      vertex   9.785662e+00 2.451519e+01 0.000000e+00
      vertex   1.049484e+01 2.419843e+01 0.000000e+00
    endloop
  endfacet
  facet normal -4.121930e-01 -8.798293e-01 -2.366378e-01
    outer loop
      vertex   1.021147e+01 2.352431e+01 3.000000e+00
      vertex   1.049484e+01 2.419843e+01 0.000000e+00
      vertex   1.089498e+01 2.320409e+01 3.000000e+00
    endloop
  endfacet
  facet normal -4.237618e-01 -8.751478e-01 -2.335431e-01
    outer loop
      vertex   1.089498e+01 2.320409e+01 3.000000e+00
      vertex   1.049484e+01 2.419843e+01 0.000000e+00
      vertex   1.119446e+01 2.385966e+01 0.000000e+00
    endloop
  endfacet
  facet normal -4.387068e-01 -8.677838e-01 -2.334258e-01
    outer loop
      vertex   1.089498e+01 2.320409e+01 3.000000e+00
      vertex   1.119446e+01 2.385966e+01 0.000000e+00
      vertex   1.156913e+01 2.286327e+01 3.000000e+00
    endloop
  endfacet
  facet normal -4.509008e-01 -8.624010e-01 -2.301151e-01
    outer loop
      vertex   1.156913e+01 2.286327e+01 3.000000e+00
      vertex   1.119446e+01 2.385966e+01 0.000000e+00
      vertex   1.188390e+01 2.349919e+01 0.000000e+00
    endloop
  endfacet
  facet normal -4.648445e-01 -8.549946e-01 -2.300082e-01
    outer loop
      vertex   1.156913e+01 2.286327e+01 3.000000e+00
      vertex   1.188390e+01 2.349919e+01 0.000000e+00
      vertex   1.223335e+01 2.250215e+01 3.000000e+00
    endloop
  endfacet
  facet normal -4.776285e-01 -8.488678e-01 -2.264829e-01
    outer loop
      vertex   1.223335e+01 2.250215e+01 3.000000e+00
      vertex   1.188390e+01 2.349919e+01 0.000000e+00
      vertex   1.256251e+01 2.311736e+01 0.000000e+00
    endloop
  endfacet
  facet normal -4.905840e-01 -8.414725e-01 -2.263878e-01
    outer loop
      vertex   1.223335e+01 2.250215e+01 3.000000e+00
      vertex   1.256251e+01 2.311736e+01 0.000000e+00
      vertex   1.288706e+01 2.212103e+01 3.000000e+00
    endloop
  endfacet
  facet normal -5.039205e-01 -8.345606e-01 -2.226496e-01
    outer loop
      vertex   1.288706e+01 2.212103e+01 3.000000e+00
      vertex   1.256251e+01 2.311736e+01 0.000000e+00
      vertex   1.322969e+01 2.271450e+01 -1.850372e-16
    endloop
  endfacet
  facet normal 8.660254e-01 5.000000e-01 0.000000e+00
    outer loop
      vertex   9.113262e+00 -1.598463e+01 3.000000e+00
      vertex   1.271385e+01 -2.222103e+01 3.000000e+00
      vertex   9.113262e+00 -1.598463e+01 0.000000e+00
    endloop
  endfacet
  facet normal 8.660254e-01 5.000000e-01 1.501610e-16
    outer loop
      vertex   9.113262e+00 -1.598463e+01 0.000000e+00
      vertex   1.271385e+01 -2.222103e+01 3.000000e+00
      vertex   1.305649e+01 -2.281450e+01 -1.850372e-16
    endloop
  endfacet
  facet normal -8.660254e-01 5.000000e-01 0.000000e+00
    outer loop
      vertex   9.286467e+00 1.588463e+01 3.000000e+00
      vertex   1.288706e+01 2.212103e+01 3.000000e+00
      vertex   9.286467e+00 1.588463e+01 0.000000e+00
    endloop
  endfacet
  facet normal -8.660254e-01 5.000000e-01 -1.201288e-15
    outer loop
      vertex   9.286467e+00 1.588463e+01 0.000000e+00
      vertex   1.288706e+01 2.212103e+01 3.000000e+00
      vertex   1.322969e+01 2.271450e+01 -1.850372e-16
    endloop
  endfacet
  facet normal 1.763354e-02 9.998445e-01 -4.636803e-33
    outer loop
      vertex   4.416887e-15 1.840000e+01 0.000000e+00
      vertex   4.416887e-15 1.840000e+01 3.000000e+00
      vertex   6.488133e-01 1.838856e+01 0.000000e+00
    endloop
  endfacet
  facet normal 1.763354e-02 9.998445e-01 -0.000000e+00
    outer loop
      vertex   6.488133e-01 1.838856e+01 0.000000e+00
      vertex   4.416887e-15 1.840000e+01 3.000000e+00
      vertex   6.488133e-01 1.838856e+01 3.000000e+00
    endloop
  endfacet
  facet normal 5.287868e-02 9.986009e-01 -0.000000e+00
    outer loop
      vertex   6.488133e-01 1.838856e+01 0.000000e+00
      vertex   6.488133e-01 1.838856e+01 3.000000e+00
      vertex   1.296820e+00 1.835424e+01 0.000000e+00
    endloop
  endfacet
  facet normal 5.287868e-02 9.986009e-01 -0.000000e+00
    outer loop
      vertex   1.296820e+00 1.835424e+01 0.000000e+00
      vertex   6.488133e-01 1.838856e+01 3.000000e+00
      vertex   1.296820e+00 1.835424e+01 3.000000e+00
    endloop
  endfacet
  facet normal 8.805806e-02 9.961153e-01 -0.000000e+00
    outer loop
      vertex   1.296820e+00 1.835424e+01 0.000000e+00
      vertex   1.296820e+00 1.835424e+01 3.000000e+00
      vertex   1.943213e+00 1.829710e+01 0.000000e+00
    endloop
  endfacet
  facet normal 8.805806e-02 9.961153e-01 -0.000000e+00
    outer loop
      vertex   1.943213e+00 1.829710e+01 0.000000e+00
      vertex   1.296820e+00 1.835424e+01 3.000000e+00
      vertex   1.943213e+00 1.829710e+01 3.000000e+00
    endloop
  endfacet
  facet normal 1.231279e-01 9.923908e-01 -0.000000e+00
    outer loop
      vertex   1.943213e+00 1.829710e+01 0.000000e+00
      vertex   1.943213e+00 1.829710e+01 3.000000e+00
      vertex   2.587190e+00 1.821720e+01 0.000000e+00
    endloop
  endfacet
  facet normal 1.231279e-01 9.923908e-01 -0.000000e+00
    outer loop
      vertex   2.587190e+00 1.821720e+01 0.000000e+00
      vertex   1.943213e+00 1.829710e+01 3.000000e+00
      vertex   2.587190e+00 1.821720e+01 3.000000e+00
    endloop
  endfacet
  facet normal 1.580446e-01 9.874320e-01 -0.000000e+00
    outer loop
      vertex   2.587190e+00 1.821720e+01 0.000000e+00
      vertex   2.587190e+00 1.821720e+01 3.000000e+00
      vertex   3.227948e+00 1.811464e+01 0.000000e+00
    endloop
  endfacet
  facet normal 1.580446e-01 9.874320e-01 1.005587e-15
    outer loop
      vertex   3.227948e+00 1.811464e+01 0.000000e+00
      vertex   2.587190e+00 1.821720e+01 3.000000e+00
      vertex   3.227948e+00 1.811464e+01 3.000000e+00
    endloop
  endfacet
  facet normal 1.927648e-01 9.812450e-01 9.622831e-16
    outer loop
      vertex   3.227948e+00 1.811464e+01 0.000000e+00
      vertex   3.227948e+00 1.811464e+01 3.000000e+00
      vertex   3.864692e+00 1.798956e+01 0.000000e+00
    endloop
  endfacet
  facet normal 1.927648e-01 9.812450e-01 -0.000000e+00
    outer loop
      vertex   3.864692e+00 1.798956e+01 0.000000e+00
      vertex   3.227948e+00 1.811464e+01 3.000000e+00
      vertex   3.864692e+00 1.798956e+01 3.000000e+00
    endloop
  endfacet
  facet normal 2.272452e-01 9.738376e-01 -0.000000e+00
    outer loop
      vertex   3.864692e+00 1.798956e+01 0.000000e+00
      vertex   3.864692e+00 1.798956e+01 3.000000e+00
      vertex   4.496629e+00 1.784209e+01 0.000000e+00
    endloop
  endfacet
  facet normal 2.272452e-01 9.738376e-01 -0.000000e+00
    outer loop
      vertex   4.496629e+00 1.784209e+01 0.000000e+00
      vertex   3.864692e+00 1.798956e+01 3.000000e+00
      vertex   4.496629e+00 1.784209e+01 3.000000e+00
    endloop
  endfacet
  facet normal 2.614429e-01 9.652189e-01 -0.000000e+00
    outer loop
      vertex   4.496629e+00 1.784209e+01 0.000000e+00
      vertex   4.496629e+00 1.784209e+01 3.000000e+00
      vertex   5.122974e+00 1.767244e+01 0.000000e+00
    endloop
  endfacet
  facet normal 2.614429e-01 9.652189e-01 -0.000000e+00
    outer loop
      vertex   5.122974e+00 1.767244e+01 0.000000e+00
      vertex   4.496629e+00 1.784209e+01 3.000000e+00
      vertex   5.122974e+00 1.767244e+01 3.000000e+00
    endloop
  endfacet
  facet normal 2.953155e-01 9.553998e-01 -0.000000e+00
    outer loop
      vertex   5.122974e+00 1.767244e+01 0.000000e+00
      vertex   5.122974e+00 1.767244e+01 3.000000e+00
      vertex   5.742946e+00 1.748081e+01 0.000000e+00
    endloop
  endfacet
  facet normal 2.953155e-01 9.553998e-01 -0.000000e+00
    outer loop
      vertex   5.742946e+00 1.748081e+01 0.000000e+00
      vertex   5.122974e+00 1.767244e+01 3.000000e+00
      vertex   5.742946e+00 1.748081e+01 3.000000e+00
    endloop
  endfacet
  facet normal 3.288207e-01 9.443924e-01 -0.000000e+00
    outer loop
      vertex   5.742946e+00 1.748081e+01 0.000000e+00
      vertex   5.742946e+00 1.748081e+01 3.000000e+00
      vertex   6.355776e+00 1.726743e+01 0.000000e+00
    endloop
  endfacet
  facet normal 3.288207e-01 9.443924e-01 -1.118385e-15
    outer loop
      vertex   6.355776e+00 1.726743e+01 0.000000e+00
      vertex   5.742946e+00 1.748081e+01 3.000000e+00
      vertex   6.355776e+00 1.726743e+01 3.000000e+00
    endloop
  endfacet
  facet normal 3.619170e-01 9.322103e-01 -1.103959e-15
    outer loop
      vertex   6.355776e+00 1.726743e+01 0.000000e+00
      vertex   6.355776e+00 1.726743e+01 3.000000e+00
      vertex   6.960700e+00 1.703258e+01 0.000000e+00
    endloop
  endfacet
  facet normal 3.619170e-01 9.322103e-01 -0.000000e+00
    outer loop
      vertex   6.960700e+00 1.703258e+01 0.000000e+00
      vertex   6.355776e+00 1.726743e+01 3.000000e+00
      vertex   6.960700e+00 1.703258e+01 3.000000e+00
    endloop
  endfacet
  facet normal 3.945632e-01 9.188688e-01 -0.000000e+00
    outer loop
      vertex   6.960700e+00 1.703258e+01 0.000000e+00
      vertex   6.960700e+00 1.703258e+01 3.000000e+00
      vertex   7.556967e+00 1.677654e+01 0.000000e+00
    endloop
  endfacet
  facet normal 3.945632e-01 9.188688e-01 -0.000000e+00
    outer loop
      vertex   7.556967e+00 1.677654e+01 0.000000e+00
      vertex   6.960700e+00 1.703258e+01 3.000000e+00
      vertex   7.556967e+00 1.677654e+01 3.000000e+00
    endloop
  endfacet
  facet normal 4.267186e-01 9.043845e-01 -0.000000e+00
    outer loop
      vertex   7.556967e+00 1.677654e+01 0.000000e+00
      vertex   7.556967e+00 1.677654e+01 3.000000e+00
      vertex   8.143835e+00 1.649963e+01 0.000000e+00
    endloop
  endfacet
  facet normal 4.267186e-01 9.043845e-01 -0.000000e+00
    outer loop
      vertex   8.143835e+00 1.649963e+01 0.000000e+00
      vertex   7.556967e+00 1.677654e+01 3.000000e+00
      vertex   8.143835e+00 1.649963e+01 3.000000e+00
    endloop
  endfacet
  facet normal 4.583433e-01 8.887753e-01 -0.000000e+00
    outer loop
      vertex   8.143835e+00 1.649963e+01 0.000000e+00
      vertex   8.143835e+00 1.649963e+01 3.000000e+00
      vertex   8.720574e+00 1.620221e+01 0.000000e+00
    endloop
  endfacet
  facet normal 4.583433e-01 8.887753e-01 -0.000000e+00
    outer loop
      vertex   8.720574e+00 1.620221e+01 0.000000e+00
      vertex   8.143835e+00 1.649963e+01 3.000000e+00
      vertex   8.720574e+00 1.620221e+01 3.000000e+00
    endloop
  endfacet
  facet normal 4.893979e-01 8.720606e-01 -0.000000e+00
    outer loop
      vertex   8.720574e+00 1.620221e+01 0.000000e+00
      vertex   8.720574e+00 1.620221e+01 3.000000e+00
      vertex   9.286467e+00 1.588463e+01 0.000000e+00
    endloop
  endfacet
  facet normal 4.893979e-01 8.720606e-01 -0.000000e+00
    outer loop
      vertex   9.286467e+00 1.588463e+01 0.000000e+00
      vertex   8.720574e+00 1.620221e+01 3.000000e+00
      vertex   9.286467e+00 1.588463e+01 3.000000e+00
    endloop
  endfacet
  facet normal 9.999180e-01 -1.280738e-02 0.000000e+00
    outer loop
      vertex   1.839973e+01 1.000000e-01 0.000000e+00
      vertex   1.839973e+01 1.000000e-01 3.000000e+00
      vertex   1.839113e+01 -5.712331e-01 0.000000e+00
    endloop
  endfacet
  facet normal 9.999180e-01 -1.280738e-02 2.843809e-18
    outer loop
      vertex   1.839113e+01 -5.712331e-01 0.000000e+00
      vertex   1.839973e+01 1.000000e-01 3.000000e+00
      vertex   1.839113e+01 -5.712331e-01 3.000000e+00
    endloop
  endfacet
  facet normal 9.987854e-01 -4.927284e-02 1.094077e-17
    outer loop
      vertex   1.839113e+01 -5.712331e-01 0.000000e+00
      vertex   1.839113e+01 -5.712331e-01 3.000000e+00
      vertex   1.835805e+01 -1.241706e+00 0.000000e+00
    endloop
  endfacet
  facet normal 9.987854e-01 -4.927284e-02 1.094077e-17
    outer loop
      vertex   1.835805e+01 -1.241706e+00 0.000000e+00
      vertex   1.839113e+01 -5.712331e-01 3.000000e+00
      vertex   1.835805e+01 -1.241706e+00 3.000000e+00
    endloop
  endfacet
  facet normal 9.963233e-01 -8.567273e-02 1.902317e-17
    outer loop
      vertex   1.835805e+01 -1.241706e+00 0.000000e+00
      vertex   1.835805e+01 -1.241706e+00 3.000000e+00
      vertex   1.830054e+01 -1.910526e+00 0.000000e+00
    endloop
  endfacet
  facet normal 9.963233e-01 -8.567273e-02 1.268211e-17
    outer loop
      vertex   1.830054e+01 -1.910526e+00 0.000000e+00
      vertex   1.835805e+01 -1.241706e+00 3.000000e+00
      vertex   1.830054e+01 -1.910526e+00 3.000000e+00
    endloop
  endfacet
  facet normal 9.925352e-01 -1.219586e-01 1.805350e-17
    outer loop
      vertex   1.830054e+01 -1.910526e+00 0.000000e+00
      vertex   1.830054e+01 -1.910526e+00 3.000000e+00
      vertex   1.821867e+01 -2.576803e+00 0.000000e+00
    endloop
  endfacet
  facet normal 9.925352e-01 -1.219586e-01 0.000000e+00
    outer loop
      vertex   1.821867e+01 -2.576803e+00 0.000000e+00
      vertex   1.830054e+01 -1.910526e+00 3.000000e+00
      vertex   1.821867e+01 -2.576803e+00 3.000000e+00
    endloop
  endfacet
  facet normal 9.874260e-01 -1.580821e-01 0.000000e+00
    outer loop
      vertex   1.821867e+01 -2.576803e+00 0.000000e+00
      vertex   1.821867e+01 -2.576803e+00 3.000000e+00
      vertex   1.811256e+01 -3.239650e+00 0.000000e+00
    endloop
  endfacet
  facet normal 9.874260e-01 -1.580821e-01 0.000000e+00
    outer loop
      vertex   1.811256e+01 -3.239650e+00 0.000000e+00
      vertex   1.821867e+01 -2.576803e+00 3.000000e+00
      vertex   1.811256e+01 -3.239650e+00 3.000000e+00
    endloop
  endfacet
  facet normal 9.810025e-01 -1.939952e-01 0.000000e+00
    outer loop
      vertex   1.811256e+01 -3.239650e+00 0.000000e+00
      vertex   1.811256e+01 -3.239650e+00 3.000000e+00
      vertex   1.798233e+01 -3.898186e+00 0.000000e+00
    endloop
  endfacet
  facet normal 9.810025e-01 -1.939952e-01 -2.871706e-17
    outer loop
      vertex   1.798233e+01 -3.898186e+00 0.000000e+00
      vertex   1.811256e+01 -3.239650e+00 3.000000e+00
      vertex   1.798233e+01 -3.898186e+00 3.000000e+00
    endloop
  endfacet
  facet normal 9.732733e-01 -2.296501e-01 -3.399505e-17
    outer loop
      vertex   1.798233e+01 -3.898186e+00 0.000000e+00
      vertex   1.798233e+01 -3.898186e+00 3.000000e+00
      vertex   1.782817e+01 -4.551532e+00 0.000000e+00
    endloop
  endfacet
  facet normal 9.732733e-01 -2.296501e-01 0.000000e+00
    outer loop
      vertex   1.782817e+01 -4.551532e+00 0.000000e+00
      vertex   1.798233e+01 -3.898186e+00 3.000000e+00
      vertex   1.782817e+01 -4.551532e+00 3.000000e+00
    endloop
  endfacet
  facet normal 9.642486e-01 -2.649994e-01 0.000000e+00
    outer loop
      vertex   1.782817e+01 -4.551532e+00 0.000000e+00
      vertex   1.782817e+01 -4.551532e+00 3.000000e+00
      vertex   1.765028e+01 -5.198821e+00 0.000000e+00
    endloop
  endfacet
  facet normal 9.642486e-01 -2.649994e-01 0.000000e+00
    outer loop
      vertex   1.765028e+01 -5.198821e+00 0.000000e+00
      vertex   1.782817e+01 -4.551532e+00 3.000000e+00
      vertex   1.765028e+01 -5.198821e+00 3.000000e+00
    endloop
  endfacet
  facet normal 9.539405e-01 -2.999959e-01 0.000000e+00
    outer loop
      vertex   1.765028e+01 -5.198821e+00 0.000000e+00
      vertex   1.765028e+01 -5.198821e+00 3.000000e+00
      vertex   1.744889e+01 -5.839190e+00 0.000000e+00
    endloop
  endfacet
  facet normal 9.539405e-01 -2.999959e-01 0.000000e+00
    outer loop
      vertex   1.744889e+01 -5.839190e+00 0.000000e+00
      vertex   1.765028e+01 -5.198821e+00 3.000000e+00
      vertex   1.744889e+01 -5.839190e+00 3.000000e+00
    endloop
  endfacet
  facet normal 9.423627e-01 -3.345931e-01 0.000000e+00
    outer loop
      vertex   1.744889e+01 -5.839190e+00 0.000000e+00
      vertex   1.744889e+01 -5.839190e+00 3.000000e+00
      vertex   1.722428e+01 -6.471787e+00 0.000000e+00
    endloop
  endfacet
  facet normal 9.423627e-01 -3.345931e-01 0.000000e+00
    outer loop
      vertex   1.722428e+01 -6.471787e+00 0.000000e+00
      vertex   1.744889e+01 -5.839190e+00 3.000000e+00
      vertex   1.722428e+01 -6.471787e+00 3.000000e+00
    endloop
  endfacet
  facet normal 9.295306e-01 -3.687450e-01 0.000000e+00
    outer loop
      vertex   1.722428e+01 -6.471787e+00 0.000000e+00
      vertex   1.722428e+01 -6.471787e+00 3.000000e+00
      vertex   1.697675e+01 -7.095770e+00 0.000000e+00
    endloop
  endfacet
  facet normal 9.295306e-01 -3.687450e-01 0.000000e+00
    outer loop
      vertex   1.697675e+01 -7.095770e+00 0.000000e+00
      vertex   1.722428e+01 -6.471787e+00 3.000000e+00
      vertex   1.697675e+01 -7.095770e+00 3.000000e+00
    endloop
  endfacet
  facet normal 9.154613e-01 -4.024060e-01 0.000000e+00
    outer loop
      vertex   1.697675e+01 -7.095770e+00 0.000000e+00
      vertex   1.697675e+01 -7.095770e+00 3.000000e+00
      vertex   1.670662e+01 -7.710308e+00 0.000000e+00
    endloop
  endfacet
  facet normal 9.154613e-01 -4.024060e-01 -2.382722e-16
    outer loop
      vertex   1.670662e+01 -7.710308e+00 0.000000e+00
      vertex   1.697675e+01 -7.095770e+00 3.000000e+00
      vertex   1.670662e+01 -7.710308e+00 3.000000e+00
    endloop
  endfacet
  facet normal 9.001735e-01 -4.355315e-01 -2.578864e-16
    outer loop
      vertex   1.670662e+01 -7.710308e+00 0.000000e+00
      vertex   1.670662e+01 -7.710308e+00 3.000000e+00
      vertex   1.641425e+01 -8.314584e+00 0.000000e+00
    endloop
  endfacet
  facet normal 9.001735e-01 -4.355315e-01 0.000000e+00
    outer loop
      vertex   1.641425e+01 -8.314584e+00 0.000000e+00
      vertex   1.670662e+01 -7.710308e+00 3.000000e+00
      vertex   1.641425e+01 -8.314584e+00 3.000000e+00
    endloop
  endfacet
  facet normal 8.836875e-01 -4.680773e-01 0.000000e+00
    outer loop
      vertex   1.641425e+01 -8.314584e+00 0.000000e+00
      vertex   1.641425e+01 -8.314584e+00 3.000000e+00
      vertex   1.610004e+01 -8.907793e+00 0.000000e+00
    endloop
  endfacet
  facet normal 8.836875e-01 -4.680773e-01 -2.771574e-16
    outer loop
      vertex   1.610004e+01 -8.907793e+00 0.000000e+00
      vertex   1.641425e+01 -8.314584e+00 3.000000e+00
      vertex   1.610004e+01 -8.907793e+00 3.000000e+00
    endloop
  endfacet
  facet normal 8.660254e-01 -5.000000e-01 -2.960595e-16
    outer loop
      vertex   1.610004e+01 -8.907793e+00 0.000000e+00
      vertex   1.610004e+01 -8.907793e+00 3.000000e+00
      vertex   1.576439e+01 -9.489145e+00 0.000000e+00
    endloop
  endfacet
  facet normal 8.660254e-01 -5.000000e-01 5.127900e-16
    outer loop
      vertex   1.576439e+01 -9.489145e+00 0.000000e+00
      vertex   1.610004e+01 -8.907793e+00 3.000000e+00
      vertex   1.576439e+01 -9.489145e+00 3.000000e+00
    endloop
  endfacet
  facet normal 8.472106e-01 -5.312572e-01 5.016494e-16
    outer loop
      vertex   1.576439e+01 -9.489145e+00 0.000000e+00
      vertex   1.576439e+01 -9.489145e+00 3.000000e+00
      vertex   1.540777e+01 -1.005787e+01 0.000000e+00
    endloop
  endfacet
  facet normal 8.472106e-01 -5.312572e-01 6.887314e-16
    outer loop
      vertex   1.540777e+01 -1.005787e+01 0.000000e+00
      vertex   1.576439e+01 -9.489145e+00 3.000000e+00
      vertex   1.540777e+01 -1.005787e+01 3.000000e+00
    endloop
  endfacet
  facet normal 8.272681e-01 -5.618074e-01 6.470254e-16
    outer loop
      vertex   1.540777e+01 -1.005787e+01 0.000000e+00
      vertex   1.540777e+01 -1.005787e+01 3.000000e+00
      vertex   1.503063e+01 -1.061320e+01 0.000000e+00
    endloop
  endfacet
  facet normal 8.272681e-01 -5.618074e-01 -3.326568e-16
    outer loop
      vertex   1.503063e+01 -1.061320e+01 0.000000e+00
      vertex   1.540777e+01 -1.005787e+01 3.000000e+00
      vertex   1.503063e+01 -1.061320e+01 3.000000e+00
    endloop
  endfacet
  facet normal 8.062245e-01 -5.916097e-01 -3.503033e-16
    outer loop
      vertex   1.503063e+01 -1.061320e+01 0.000000e+00
      vertex   1.503063e+01 -1.061320e+01 3.000000e+00
      vertex   1.463349e+01 -1.115441e+01 0.000000e+00
    endloop
  endfacet
  facet normal 8.062245e-01 -5.916097e-01 1.270775e-16
    outer loop
      vertex   1.463349e+01 -1.115441e+01 0.000000e+00
      vertex   1.503063e+01 -1.061320e+01 3.000000e+00
      vertex   1.463349e+01 -1.115441e+01 3.000000e+00
    endloop
  endfacet
  facet normal 7.841078e-01 -6.206246e-01 9.680148e-17
    outer loop
      vertex   1.463349e+01 -1.115441e+01 0.000000e+00
      vertex   1.463349e+01 -1.115441e+01 3.000000e+00
      vertex   1.421687e+01 -1.168077e+01 0.000000e+00
    endloop
  endfacet
  facet normal 7.841078e-01 -6.206246e-01 4.642851e-16
    outer loop
      vertex   1.421687e+01 -1.168077e+01 0.000000e+00
      vertex   1.463349e+01 -1.115441e+01 3.000000e+00
      vertex   1.421687e+01 -1.168077e+01 3.000000e+00
    endloop
  endfacet
  facet normal 7.609475e-01 -6.488135e-01 4.505714e-16
    outer loop
      vertex   1.421687e+01 -1.168077e+01 0.000000e+00
      vertex   1.421687e+01 -1.168077e+01 3.000000e+00
      vertex   1.378133e+01 -1.219159e+01 0.000000e+00
    endloop
  endfacet
  facet normal 7.609475e-01 -6.488135e-01 -3.177781e-16
    outer loop
      vertex   1.378133e+01 -1.219159e+01 0.000000e+00
      vertex   1.421687e+01 -1.168077e+01 3.000000e+00
      vertex   1.378133e+01 -1.219159e+01 3.000000e+00
    endloop
  endfacet
  facet normal 7.367743e-01 -6.761388e-01 -3.644511e-16
    outer loop
      vertex   1.378133e+01 -1.219159e+01 0.000000e+00
      vertex   1.378133e+01 -1.219159e+01 3.000000e+00
      vertex   1.332745e+01 -1.268618e+01 0.000000e+00
    endloop
  endfacet
  facet normal 7.367743e-01 -6.761388e-01 3.590344e-17
    outer loop
      vertex   1.332745e+01 -1.268618e+01 0.000000e+00
      vertex   1.378133e+01 -1.219159e+01 3.000000e+00
      vertex   1.332745e+01 -1.268618e+01 3.000000e+00
    endloop
  endfacet
  facet normal 7.116205e-01 -7.025641e-01 5.362448e-18
    outer loop
      vertex   1.332745e+01 -1.268618e+01 0.000000e+00
      vertex   1.332745e+01 -1.268618e+01 3.000000e+00
      vertex   1.285583e+01 -1.316388e+01 0.000000e+00
    endloop
  endfacet
  facet normal 7.116205e-01 -7.025641e-01 8.427279e-16
    outer loop
      vertex   1.285583e+01 -1.316388e+01 0.000000e+00
      vertex   1.332745e+01 -1.268618e+01 3.000000e+00
      vertex   1.285583e+01 -1.316388e+01 3.000000e+00
    endloop
  endfacet
  facet normal 6.855195e-01 -7.280543e-01 8.118181e-16
    outer loop
      vertex   1.285583e+01 -1.316388e+01 0.000000e+00
      vertex   1.285583e+01 -1.316388e+01 3.000000e+00
      vertex   1.236709e+01 -1.362406e+01 0.000000e+00
    endloop
  endfacet
  facet normal 6.855195e-01 -7.280543e-01 -4.310947e-16
    outer loop
      vertex   1.236709e+01 -1.362406e+01 0.000000e+00
      vertex   1.285583e+01 -1.316388e+01 3.000000e+00
      vertex   1.236709e+01 -1.362406e+01 3.000000e+00
    endloop
  endfacet
  facet normal 6.585060e-01 -7.525755e-01 -4.456142e-16
    outer loop
      vertex   1.236709e+01 -1.362406e+01 0.000000e+00
      vertex   1.236709e+01 -1.362406e+01 3.000000e+00
      vertex   1.186190e+01 -1.406611e+01 0.000000e+00
    endloop
  endfacet
  facet normal 6.585060e-01 -7.525755e-01 -5.570030e-17
    outer loop
      vertex   1.186190e+01 -1.406611e+01 0.000000e+00
      vertex   1.236709e+01 -1.362406e+01 3.000000e+00
      vertex   1.186190e+01 -1.406611e+01 3.000000e+00
    endloop
  endfacet
  facet normal 6.306161e-01 -7.760949e-01 -8.614077e-17
    outer loop
      vertex   1.186190e+01 -1.406611e+01 0.000000e+00
      vertex   1.186190e+01 -1.406611e+01 3.000000e+00
      vertex   1.134091e+01 -1.448943e+01 0.000000e+00
    endloop
  endfacet
  facet normal 6.306161e-01 -7.760949e-01 2.011182e-16
    outer loop
      vertex   1.134091e+01 -1.448943e+01 0.000000e+00
      vertex   1.186190e+01 -1.406611e+01 3.000000e+00
      vertex   1.134091e+01 -1.448943e+01 3.000000e+00
    endloop
  endfacet
  facet normal 6.018868e-01 -7.985814e-01 1.234554e-16
    outer loop
      vertex   1.134091e+01 -1.448943e+01 0.000000e+00
      vertex   1.134091e+01 -1.448943e+01 3.000000e+00
      vertex   1.080484e+01 -1.489347e+01 0.000000e+00
    endloop
  endfacet
  facet normal 6.018868e-01 -7.985814e-01 2.399220e-16
    outer loop
      vertex   1.080484e+01 -1.489347e+01 0.000000e+00
      vertex   1.134091e+01 -1.448943e+01 3.000000e+00
      vertex   1.080484e+01 -1.489347e+01 3.000000e+00
    endloop
  endfacet
  facet normal 5.723564e-01 -8.200050e-01 1.922657e-16
    outer loop
      vertex   1.080484e+01 -1.489347e+01 0.000000e+00
      vertex   1.080484e+01 -1.489347e+01 3.000000e+00
      vertex   1.025438e+01 -1.527769e+01 0.000000e+00
    endloop
  endfacet
  facet normal 5.723564e-01 -8.200050e-01 5.311688e-16
    outer loop
      vertex   1.025438e+01 -1.527769e+01 0.000000e+00
      vertex   1.080484e+01 -1.489347e+01 3.000000e+00
      vertex   1.025438e+01 -1.527769e+01 3.000000e+00
    endloop
  endfacet
  facet normal 5.420642e-01 -8.403371e-01 4.653200e-16
    outer loop
      vertex   1.025438e+01 -1.527769e+01 0.000000e+00
      vertex   1.025438e+01 -1.527769e+01 3.000000e+00
      vertex   9.690268e+00 -1.564157e+01 0.000000e+00
    endloop
  endfacet
  facet normal 5.420642e-01 -8.403371e-01 1.443535e-16
    outer loop
      vertex   9.690268e+00 -1.564157e+01 0.000000e+00
      vertex   1.025438e+01 -1.527769e+01 3.000000e+00
      vertex   9.690268e+00 -1.564157e+01 3.000000e+00
    endloop
  endfacet
  facet normal 5.110505e-01 -8.595507e-01 9.624913e-17
    outer loop
      vertex   9.690268e+00 -1.564157e+01 0.000000e+00
      vertex   9.690268e+00 -1.564157e+01 3.000000e+00
      vertex   9.113262e+00 -1.598463e+01 0.000000e+00
    endloop
  endfacet
  facet normal 5.110505e-01 -8.595507e-01 0.000000e+00
    outer loop
      vertex   9.113262e+00 -1.598463e+01 0.000000e+00
      vertex   9.690268e+00 -1.564157e+01 3.000000e+00
      vertex   9.113262e+00 -1.598463e+01 3.000000e+00
    endloop
  endfacet
  facet normal -1.821904e-16 -1.000000e+00 0.000000e+00
    outer loop
      vertex   -6.661338e-15 -2.750000e+01 0.000000e+00
      vertex   1.950000e+01 -2.750000e+01 0.000000e+00
      vertex   -6.661338e-15 -2.750000e+01 3.000000e+00
    endloop
  endfacet
  facet normal -1.821904e-16 -1.000000e+00 0.000000e+00
    outer loop
      vertex   -6.661338e-15 -2.750000e+01 3.000000e+00
      vertex   1.950000e+01 -2.750000e+01 0.000000e+00
      vertex   1.950000e+01 -2.750000e+01 3.000000e+00
    endloop
  endfacet
  facet normal 1.000000e+00 0.000000e+00 0.000000e+00
    outer loop
      vertex   1.950000e+01 -2.150000e+01 3.000000e+00
      vertex   1.950000e+01 -2.750000e+01 3.000000e+00
      vertex   1.950000e+01 -2.150000e+01 0.000000e+00
    endloop
  endfacet
  facet normal 1.000000e+00 0.000000e+00 0.000000e+00
    outer loop
      vertex   1.950000e+01 -2.150000e+01 0.000000e+00
      vertex   1.950000e+01 -2.750000e+01 3.000000e+00
      vertex   1.950000e+01 -2.750000e+01 0.000000e+00
    endloop
  endfacet
  facet normal 5.233596e-02 -9.986295e-01 0.000000e+00
    outer loop
      vertex   2.150000e+01 -1.950000e+01 0.000000e+00
      vertex   2.150000e+01 -1.950000e+01 3.000000e+00
      vertex   2.129094e+01 -1.951096e+01 0.000000e+00
    endloop
  endfacet
  facet normal 5.233596e-02 -9.986295e-01 0.000000e+00
    outer loop
      vertex   2.129094e+01 -1.951096e+01 0.000000e+00
      vertex   2.150000e+01 -1.950000e+01 3.000000e+00
      vertex   2.129094e+01 -1.951096e+01 3.000000e+00
    endloop
  endfacet
  facet normal 1.564345e-01 -9.876883e-01 0.000000e+00
    outer loop
      vertex   2.129094e+01 -1.951096e+01 0.000000e+00
      vertex   2.129094e+01 -1.951096e+01 3.000000e+00
      vertex   2.108418e+01 -1.954370e+01 0.000000e+00
    endloop
  endfacet
  facet normal 1.564345e-01 -9.876883e-01 0.000000e+00
    outer loop
      vertex   2.108418e+01 -1.954370e+01 0.000000e+00
      vertex   2.129094e+01 -1.951096e+01 3.000000e+00
      vertex   2.108418e+01 -1.954370e+01 3.000000e+00
    endloop
  endfacet
  facet normal 2.588190e-01 -9.659258e-01 0.000000e+00
    outer loop
      vertex   2.108418e+01 -1.954370e+01 0.000000e+00
      vertex   2.108418e+01 -1.954370e+01 3.000000e+00
      vertex   2.088197e+01 -1.959789e+01 0.000000e+00
    endloop
  endfacet
  facet normal 2.588190e-01 -9.659258e-01 0.000000e+00
    outer loop
      vertex   2.088197e+01 -1.959789e+01 0.000000e+00
      vertex   2.108418e+01 -1.954370e+01 3.000000e+00
      vertex   2.088197e+01 -1.959789e+01 3.000000e+00
    endloop
  endfacet
  facet normal 3.583679e-01 -9.335804e-01 0.000000e+00
    outer loop
      vertex   2.088197e+01 -1.959789e+01 0.000000e+00
      vertex   2.088197e+01 -1.959789e+01 3.000000e+00
      vertex   2.068653e+01 -1.967291e+01 0.000000e+00
    endloop
  endfacet
  facet normal 3.583679e-01 -9.335804e-01 0.000000e+00
    outer loop
      vertex   2.068653e+01 -1.967291e+01 0.000000e+00
      vertex   2.088197e+01 -1.959789e+01 3.000000e+00
      vertex   2.068653e+01 -1.967291e+01 3.000000e+00
    endloop
  endfacet
  facet normal 4.539905e-01 -8.910065e-01 0.000000e+00
    outer loop
      vertex   2.068653e+01 -1.967291e+01 0.000000e+00
      vertex   2.068653e+01 -1.967291e+01 3.000000e+00
      vertex   2.050000e+01 -1.976795e+01 0.000000e+00
    endloop
  endfacet
  facet normal 4.539905e-01 -8.910065e-01 0.000000e+00
    outer loop
      vertex   2.050000e+01 -1.976795e+01 0.000000e+00
      vertex   2.068653e+01 -1.967291e+01 3.000000e+00
      vertex   2.050000e+01 -1.976795e+01 3.000000e+00
    endloop
  endfacet
  facet normal 5.446390e-01 -8.386706e-01 0.000000e+00
    outer loop
      vertex   2.050000e+01 -1.976795e+01 0.000000e+00
      vertex   2.050000e+01 -1.976795e+01 3.000000e+00
      vertex   2.032443e+01 -1.988197e+01 0.000000e+00
    endloop
  endfacet
  facet normal 5.446390e-01 -8.386706e-01 0.000000e+00
    outer loop
      vertex   2.032443e+01 -1.988197e+01 0.000000e+00
      vertex   2.050000e+01 -1.976795e+01 3.000000e+00
      vertex   2.032443e+01 -1.988197e+01 3.000000e+00
    endloop
  endfacet
  facet normal 6.293204e-01 -7.771460e-01 0.000000e+00
    outer loop
      vertex   2.032443e+01 -1.988197e+01 0.000000e+00
      vertex   2.032443e+01 -1.988197e+01 3.000000e+00
      vertex   2.016174e+01 -2.001371e+01 0.000000e+00
    endloop
  endfacet
  facet normal 6.293204e-01 -7.771460e-01 0.000000e+00
    outer loop
      vertex   2.016174e+01 -2.001371e+01 0.000000e+00
      vertex   2.032443e+01 -1.988197e+01 3.000000e+00
      vertex   2.016174e+01 -2.001371e+01 3.000000e+00
    endloop
  endfacet
  facet normal 7.071068e-01 -7.071068e-01 0.000000e+00
    outer loop
      vertex   2.016174e+01 -2.001371e+01 0.000000e+00
      vertex   2.016174e+01 -2.001371e+01 3.000000e+00
      vertex   2.001371e+01 -2.016174e+01 0.000000e+00
    endloop
  endfacet
  facet normal 7.071068e-01 -7.071068e-01 0.000000e+00
    outer loop
      vertex   2.001371e+01 -2.016174e+01 0.000000e+00
      vertex   2.016174e+01 -2.001371e+01 3.000000e+00
      vertex   2.001371e+01 -2.016174e+01 3.000000e+00
    endloop
  endfacet
  facet normal 7.771460e-01 -6.293204e-01 0.000000e+00
    outer loop
      vertex   2.001371e+01 -2.016174e+01 0.000000e+00
      vertex   2.001371e+01 -2.016174e+01 3.000000e+00
      vertex   1.988197e+01 -2.032443e+01 0.000000e+00
    endloop
  endfacet
  facet normal 7.771460e-01 -6.293204e-01 0.000000e+00
    outer loop
      vertex   1.988197e+01 -2.032443e+01 0.000000e+00
      vertex   2.001371e+01 -2.016174e+01 3.000000e+00
      vertex   1.988197e+01 -2.032443e+01 3.000000e+00
    endloop
  endfacet
  facet normal 8.386706e-01 -5.446390e-01 0.000000e+00
    outer loop
      vertex   1.988197e+01 -2.032443e+01 0.000000e+00
      vertex   1.988197e+01 -2.032443e+01 3.000000e+00
      vertex   1.976795e+01 -2.050000e+01 0.000000e+00
    endloop
  endfacet
  facet normal 8.386706e-01 -5.446390e-01 0.000000e+00
    outer loop
      vertex   1.976795e+01 -2.050000e+01 0.000000e+00
      vertex   1.988197e+01 -2.032443e+01 3.000000e+00
      vertex   1.976795e+01 -2.050000e+01 3.000000e+00
    endloop
  endfacet
  facet normal 8.910065e-01 -4.539905e-01 0.000000e+00
    outer loop
      vertex   1.976795e+01 -2.050000e+01 0.000000e+00
      vertex   1.976795e+01 -2.050000e+01 3.000000e+00
      vertex   1.967291e+01 -2.068653e+01 0.000000e+00
    endloop
  endfacet
  facet normal 8.910065e-01 -4.539905e-01 0.000000e+00
    outer loop
      vertex   1.967291e+01 -2.068653e+01 0.000000e+00
      vertex   1.976795e+01 -2.050000e+01 3.000000e+00
      vertex   1.967291e+01 -2.068653e+01 3.000000e+00
    endloop
  endfacet
  facet normal 9.335804e-01 -3.583679e-01 0.000000e+00
    outer loop
      vertex   1.967291e+01 -2.068653e+01 0.000000e+00
      vertex   1.967291e+01 -2.068653e+01 3.000000e+00
      vertex   1.959789e+01 -2.088197e+01 0.000000e+00
    endloop
  endfacet
  facet normal 9.335804e-01 -3.583679e-01 0.000000e+00
    outer loop
      vertex   1.959789e+01 -2.088197e+01 0.000000e+00
      vertex   1.967291e+01 -2.068653e+01 3.000000e+00
      vertex   1.959789e+01 -2.088197e+01 3.000000e+00
    endloop
  endfacet
  facet normal 9.659258e-01 -2.588190e-01 0.000000e+00
    outer loop
      vertex   1.959789e+01 -2.088197e+01 0.000000e+00
      vertex   1.959789e+01 -2.088197e+01 3.000000e+00
      vertex   1.954370e+01 -2.108418e+01 0.000000e+00
    endloop
  endfacet
  facet normal 9.659258e-01 -2.588190e-01 0.000000e+00
    outer loop
      vertex   1.954370e+01 -2.108418e+01 0.000000e+00
      vertex   1.959789e+01 -2.088197e+01 3.000000e+00
      vertex   1.954370e+01 -2.108418e+01 3.000000e+00
    endloop
  endfacet
  facet normal 9.876883e-01 -1.564345e-01 0.000000e+00
    outer loop
      vertex   1.954370e+01 -2.108418e+01 0.000000e+00
      vertex   1.954370e+01 -2.108418e+01 3.000000e+00
      vertex   1.951096e+01 -2.129094e+01 0.000000e+00
    endloop
  endfacet
  facet normal 9.876883e-01 -1.564345e-01 0.000000e+00
    outer loop
      vertex   1.951096e+01 -2.129094e+01 0.000000e+00
      vertex   1.954370e+01 -2.108418e+01 3.000000e+00
      vertex   1.951096e+01 -2.129094e+01 3.000000e+00
    endloop
  endfacet
  facet normal 9.986295e-01 -5.233596e-02 0.000000e+00
    outer loop
      vertex   1.951096e+01 -2.129094e+01 0.000000e+00
      vertex   1.951096e+01 -2.129094e+01 3.000000e+00
      vertex   1.950000e+01 -2.150000e+01 0.000000e+00
    endloop
  endfacet
  facet normal 9.986295e-01 -5.233596e-02 0.000000e+00
    outer loop
      vertex   1.950000e+01 -2.150000e+01 0.000000e+00
      vertex   1.951096e+01 -2.129094e+01 3.000000e+00
      vertex   1.950000e+01 -2.150000e+01 3.000000e+00
    endloop
  endfacet
  facet normal 5.921189e-16 -1.000000e+00 0.000000e+00
    outer loop
      vertex   2.750000e+01 -1.950000e+01 3.000000e+00
      vertex   2.150000e+01 -1.950000e+01 3.000000e+00
      vertex   2.750000e+01 -1.950000e+01 0.000000e+00
    endloop
  endfacet
  facet normal 5.921189e-16 -1.000000e+00 0.000000e+00
    outer loop
      vertex   2.750000e+01 -1.950000e+01 0.000000e+00
      vertex   2.150000e+01 -1.950000e+01 3.000000e+00
      vertex   2.150000e+01 -1.950000e+01 0.000000e+00
    endloop
  endfacet
  facet normal 1.000000e+00 -1.821904e-16 0.000000e+00
    outer loop
      vertex   2.750000e+01 1.950000e+01 3.000000e+00
      vertex   2.750000e+01 -1.950000e+01 3.000000e+00
      vertex   2.750000e+01 1.950000e+01 0.000000e+00
    endloop
  endfacet
  facet normal 1.000000e+00 -1.821904e-16 0.000000e+00
    outer loop
      vertex   2.750000e+01 1.950000e+01 0.000000e+00
      vertex   2.750000e+01 -1.950000e+01 3.000000e+00
      vertex   2.750000e+01 -1.950000e+01 0.000000e+00
    endloop
  endfacet
  facet normal 5.921189e-16 1.000000e+00 0.000000e+00
    outer loop
      vertex   2.150000e+01 1.950000e+01 3.000000e+00
      vertex   2.750000e+01 1.950000e+01 3.000000e+00
      vertex   2.150000e+01 1.950000e+01 0.000000e+00
    endloop
  endfacet
  facet normal 5.921189e-16 1.000000e+00 0.000000e+00
    outer loop
      vertex   2.150000e+01 1.950000e+01 0.000000e+00
      vertex   2.750000e+01 1.950000e+01 3.000000e+00
      vertex   2.750000e+01 1.950000e+01 0.000000e+00
    endloop
  endfacet
  facet normal 9.986295e-01 5.233596e-02 -0.000000e+00
    outer loop
      vertex   1.950000e+01 2.150000e+01 0.000000e+00
      vertex   1.950000e+01 2.150000e+01 3.000000e+00
      vertex   1.951096e+01 2.129094e+01 0.000000e+00
    endloop
  endfacet
  facet normal 9.986295e-01 5.233596e-02 -0.000000e+00
    outer loop
      vertex   1.951096e+01 2.129094e+01 0.000000e+00
      vertex   1.950000e+01 2.150000e+01 3.000000e+00
      vertex   1.951096e+01 2.129094e+01 3.000000e+00
    endloop
  endfacet
  facet normal 9.876883e-01 1.564345e-01 -0.000000e+00
    outer loop
      vertex   1.951096e+01 2.129094e+01 0.000000e+00
      vertex   1.951096e+01 2.129094e+01 3.000000e+00
      vertex   1.954370e+01 2.108418e+01 0.000000e+00
    endloop
  endfacet
  facet normal 9.876883e-01 1.564345e-01 -0.000000e+00
    outer loop
      vertex   1.954370e+01 2.108418e+01 0.000000e+00
      vertex   1.951096e+01 2.129094e+01 3.000000e+00
      vertex   1.954370e+01 2.108418e+01 3.000000e+00
    endloop
  endfacet
  facet normal 9.659258e-01 2.588190e-01 -0.000000e+00
    outer loop
      vertex   1.954370e+01 2.108418e+01 0.000000e+00
      vertex   1.954370e+01 2.108418e+01 3.000000e+00
      vertex   1.959789e+01 2.088197e+01 0.000000e+00
    endloop
  endfacet
  facet normal 9.659258e-01 2.588190e-01 -0.000000e+00
    outer loop
      vertex   1.959789e+01 2.088197e+01 0.000000e+00
      vertex   1.954370e+01 2.108418e+01 3.000000e+00
      vertex   1.959789e+01 2.088197e+01 3.000000e+00
    endloop
  endfacet
  facet normal 9.335804e-01 3.583679e-01 -0.000000e+00
    outer loop
      vertex   1.959789e+01 2.088197e+01 0.000000e+00
      vertex   1.959789e+01 2.088197e+01 3.000000e+00
      vertex   1.967291e+01 2.068653e+01 0.000000e+00
    endloop
  endfacet
  facet normal 9.335804e-01 3.583679e-01 -0.000000e+00
    outer loop
      vertex   1.967291e+01 2.068653e+01 0.000000e+00
      vertex   1.959789e+01 2.088197e+01 3.000000e+00
      vertex   1.967291e+01 2.068653e+01 3.000000e+00
    endloop
  endfacet
  facet normal 8.910065e-01 4.539905e-01 -0.000000e+00
    outer loop
      vertex   1.967291e+01 2.068653e+01 0.000000e+00
      vertex   1.967291e+01 2.068653e+01 3.000000e+00
      vertex   1.976795e+01 2.050000e+01 0.000000e+00
    endloop
  endfacet
  facet normal 8.910065e-01 4.539905e-01 -0.000000e+00
    outer loop
      vertex   1.976795e+01 2.050000e+01 0.000000e+00
      vertex   1.967291e+01 2.068653e+01 3.000000e+00
      vertex   1.976795e+01 2.050000e+01 3.000000e+00
    endloop
  endfacet
  facet normal 8.386706e-01 5.446390e-01 -0.000000e+00
    outer loop
      vertex   1.976795e+01 2.050000e+01 0.000000e+00
      vertex   1.976795e+01 2.050000e+01 3.000000e+00
      vertex   1.988197e+01 2.032443e+01 0.000000e+00
    endloop
  endfacet
  facet normal 8.386706e-01 5.446390e-01 -0.000000e+00
    outer loop
      vertex   1.988197e+01 2.032443e+01 0.000000e+00
      vertex   1.976795e+01 2.050000e+01 3.000000e+00
      vertex   1.988197e+01 2.032443e+01 3.000000e+00
    endloop
  endfacet
  facet normal 7.771460e-01 6.293204e-01 -0.000000e+00
    outer loop
      vertex   1.988197e+01 2.032443e+01 0.000000e+00
      vertex   1.988197e+01 2.032443e+01 3.000000e+00
      vertex   2.001371e+01 2.016174e+01 0.000000e+00
    endloop
  endfacet
  facet normal 7.771460e-01 6.293204e-01 -0.000000e+00
    outer loop
      vertex   2.001371e+01 2.016174e+01 0.000000e+00
      vertex   1.988197e+01 2.032443e+01 3.000000e+00
      vertex   2.001371e+01 2.016174e+01 3.000000e+00
    endloop
  endfacet
  facet normal 7.071068e-01 7.071068e-01 -0.000000e+00
    outer loop
      vertex   2.001371e+01 2.016174e+01 0.000000e+00
      vertex   2.001371e+01 2.016174e+01 3.000000e+00
      vertex   2.016174e+01 2.001371e+01 0.000000e+00
    endloop
  endfacet
  facet normal 7.071068e-01 7.071068e-01 -0.000000e+00
    outer loop
      vertex   2.016174e+01 2.001371e+01 0.000000e+00
      vertex   2.001371e+01 2.016174e+01 3.000000e+00
      vertex   2.016174e+01 2.001371e+01 3.000000e+00
    endloop
  endfacet
  facet normal 6.293204e-01 7.771460e-01 -0.000000e+00
    outer loop
      vertex   2.016174e+01 2.001371e+01 0.000000e+00
      vertex   2.016174e+01 2.001371e+01 3.000000e+00
      vertex   2.032443e+01 1.988197e+01 0.000000e+00
    endloop
  endfacet
  facet normal 6.293204e-01 7.771460e-01 -0.000000e+00
    outer loop
      vertex   2.032443e+01 1.988197e+01 0.000000e+00
      vertex   2.016174e+01 2.001371e+01 3.000000e+00
      vertex   2.032443e+01 1.988197e+01 3.000000e+00
    endloop
  endfacet
  facet normal 5.446390e-01 8.386706e-01 -0.000000e+00
    outer loop
      vertex   2.032443e+01 1.988197e+01 0.000000e+00
      vertex   2.032443e+01 1.988197e+01 3.000000e+00
      vertex   2.050000e+01 1.976795e+01 0.000000e+00
    endloop
  endfacet
  facet normal 5.446390e-01 8.386706e-01 -0.000000e+00
    outer loop
      vertex   2.050000e+01 1.976795e+01 0.000000e+00
      vertex   2.032443e+01 1.988197e+01 3.000000e+00
      vertex   2.050000e+01 1.976795e+01 3.000000e+00
    endloop
  endfacet
  facet normal 4.539905e-01 8.910065e-01 -0.000000e+00
    outer loop
      vertex   2.050000e+01 1.976795e+01 0.000000e+00
      vertex   2.050000e+01 1.976795e+01 3.000000e+00
      vertex   2.068653e+01 1.967291e+01 0.000000e+00
    endloop
  endfacet
  facet normal 4.539905e-01 8.910065e-01 -0.000000e+00
    outer loop
      vertex   2.068653e+01 1.967291e+01 0.000000e+00
      vertex   2.050000e+01 1.976795e+01 3.000000e+00
      vertex   2.068653e+01 1.967291e+01 3.000000e+00
    endloop
  endfacet
  facet normal 3.583679e-01 9.335804e-01 -0.000000e+00
    outer loop
      vertex   2.068653e+01 1.967291e+01 0.000000e+00
      vertex   2.068653e+01 1.967291e+01 3.000000e+00
      vertex   2.088197e+01 1.959789e+01 0.000000e+00
    endloop
  endfacet
  facet normal 3.583679e-01 9.335804e-01 -0.000000e+00
    outer loop
      vertex   2.088197e+01 1.959789e+01 0.000000e+00
      vertex   2.068653e+01 1.967291e+01 3.000000e+00
      vertex   2.088197e+01 1.959789e+01 3.000000e+00
    endloop
  endfacet
  facet normal 2.588190e-01 9.659258e-01 -0.000000e+00
    outer loop
      vertex   2.088197e+01 1.959789e+01 0.000000e+00
      vertex   2.088197e+01 1.959789e+01 3.000000e+00
      vertex   2.108418e+01 1.954370e+01 0.000000e+00
    endloop
  endfacet
  facet normal 2.588190e-01 9.659258e-01 -0.000000e+00
    outer loop
      vertex   2.108418e+01 1.954370e+01 0.000000e+00
      vertex   2.088197e+01 1.959789e+01 3.000000e+00
      vertex   2.108418e+01 1.954370e+01 3.000000e+00
    endloop
  endfacet
  facet normal 1.564345e-01 9.876883e-01 -0.000000e+00
    outer loop
      vertex   2.108418e+01 1.954370e+01 0.000000e+00
      vertex   2.108418e+01 1.954370e+01 3.000000e+00
      vertex   2.129094e+01 1.951096e+01 0.000000e+00
    endloop
  endfacet
  facet normal 1.564345e-01 9.876883e-01 -0.000000e+00
    outer loop
      vertex   2.129094e+01 1.951096e+01 0.000000e+00
      vertex   2.108418e+01 1.954370e+01 3.000000e+00
      vertex   2.129094e+01 1.951096e+01 3.000000e+00
    endloop
  endfacet
  facet normal 5.233596e-02 9.986295e-01 -0.000000e+00
    outer loop
      vertex   2.129094e+01 1.951096e+01 0.000000e+00
      vertex   2.129094e+01 1.951096e+01 3.000000e+00
      vertex   2.150000e+01 1.950000e+01 0.000000e+00
    endloop
  endfacet
  facet normal 5.233596e-02 9.986295e-01 -0.000000e+00
    outer loop
      vertex   2.150000e+01 1.950000e+01 0.000000e+00
      vertex   2.129094e+01 1.951096e+01 3.000000e+00
      vertex   2.150000e+01 1.950000e+01 3.000000e+00
    endloop
  endfacet
  facet normal 1.000000e+00 0.000000e+00 0.000000e+00
    outer loop
      vertex   1.950000e+01 2.750000e+01 3.000000e+00
      vertex   1.950000e+01 2.150000e+01 3.000000e+00
      vertex   1.950000e+01 2.750000e+01 0.000000e+00
    endloop
  endfacet
  facet normal 1.000000e+00 0.000000e+00 0.000000e+00
    outer loop
      vertex   1.950000e+01 2.750000e+01 0.000000e+00
      vertex   1.950000e+01 2.150000e+01 3.000000e+00
      vertex   1.950000e+01 2.150000e+01 0.000000e+00
    endloop
  endfacet
  facet normal 9.979454e-01 -6.407022e-02 -7.587438e-17
    outer loop
      vertex   1.426231e+01 -2.530818e+01 0.000000e+00
      vertex   1.426231e+01 -2.530818e+01 3.000000e+00
      vertex   1.425000e+01 -2.550000e+01 0.000000e+00
    endloop
  endfacet
  facet normal 9.979454e-01 -6.407022e-02 7.587438e-17
    outer loop
      vertex   1.425000e+01 -2.550000e+01 0.000000e+00
      vertex   1.426231e+01 -2.530818e+01 3.000000e+00
      vertex   1.425000e+01 -2.550000e+01 3.000000e+00
    endloop
  endfacet
  facet normal 9.979454e-01 6.407022e-02 -7.587438e-17
    outer loop
      vertex   1.425000e+01 -2.550000e+01 0.000000e+00
      vertex   1.425000e+01 -2.550000e+01 3.000000e+00
      vertex   1.426231e+01 -2.569182e+01 0.000000e+00
    endloop
  endfacet
  facet normal 9.979454e-01 6.407022e-02 7.587438e-17
    outer loop
      vertex   1.426231e+01 -2.569182e+01 0.000000e+00
      vertex   1.425000e+01 -2.550000e+01 3.000000e+00
      vertex   1.426231e+01 -2.569182e+01 3.000000e+00
    endloop
  endfacet
  facet normal 9.815592e-01 1.911586e-01 2.263773e-16
    outer loop
      vertex   1.426231e+01 -2.569182e+01 0.000000e+00
      vertex   1.426231e+01 -2.569182e+01 3.000000e+00
      vertex   1.429906e+01 -2.588048e+01 0.000000e+00
    endloop
  endfacet
  facet normal 9.815592e-01 1.911586e-01 -0.000000e+00
    outer loop
      vertex   1.429906e+01 -2.588048e+01 0.000000e+00
      vertex   1.426231e+01 -2.569182e+01 3.000000e+00
      vertex   1.429906e+01 -2.588048e+01 3.000000e+00
    endloop
  endfacet
  facet normal 9.490557e-01 3.151082e-01 -0.000000e+00
    outer loop
      vertex   1.429906e+01 -2.588048e+01 0.000000e+00
      vertex   1.429906e+01 -2.588048e+01 3.000000e+00
      vertex   1.435962e+01 -2.606290e+01 0.000000e+00
    endloop
  endfacet
  facet normal 9.490557e-01 3.151082e-01 3.731631e-16
    outer loop
      vertex   1.435962e+01 -2.606290e+01 0.000000e+00
      vertex   1.429906e+01 -2.588048e+01 3.000000e+00
      vertex   1.435962e+01 -2.606290e+01 3.000000e+00
    endloop
  endfacet
  facet normal 9.009689e-01 4.338837e-01 5.138216e-16
    outer loop
      vertex   1.435962e+01 -2.606290e+01 0.000000e+00
      vertex   1.435962e+01 -2.606290e+01 3.000000e+00
      vertex   1.444302e+01 -2.623608e+01 0.000000e+00
    endloop
  endfacet
  facet normal 9.009689e-01 4.338837e-01 1.027643e-15
    outer loop
      vertex   1.444302e+01 -2.623608e+01 0.000000e+00
      vertex   1.435962e+01 -2.606290e+01 3.000000e+00
      vertex   1.444302e+01 -2.623608e+01 3.000000e+00
    endloop
  endfacet
  facet normal 8.380881e-01 5.455349e-01 1.292086e-15
    outer loop
      vertex   1.444302e+01 -2.623608e+01 0.000000e+00
      vertex   1.444302e+01 -2.623608e+01 3.000000e+00
      vertex   1.454788e+01 -2.639717e+01 0.000000e+00
    endloop
  endfacet
  facet normal 8.380881e-01 5.455349e-01 -0.000000e+00
    outer loop
      vertex   1.454788e+01 -2.639717e+01 0.000000e+00
      vertex   1.444302e+01 -2.623608e+01 3.000000e+00
      vertex   1.454788e+01 -2.639717e+01 3.000000e+00
    endloop
  endfacet
  facet normal 7.614460e-01 6.482284e-01 -0.000000e+00
    outer loop
      vertex   1.454788e+01 -2.639717e+01 0.000000e+00
      vertex   1.454788e+01 -2.639717e+01 3.000000e+00
      vertex   1.467248e+01 -2.654352e+01 0.000000e+00
    endloop
  endfacet
  facet normal 7.614460e-01 6.482284e-01 -0.000000e+00
    outer loop
      vertex   1.467248e+01 -2.654352e+01 0.000000e+00
      vertex   1.454788e+01 -2.639717e+01 3.000000e+00
      vertex   1.467248e+01 -2.654352e+01 3.000000e+00
    endloop
  endfacet
  facet normal 6.723009e-01 7.402780e-01 -0.000000e+00
    outer loop
      vertex   1.467248e+01 -2.654352e+01 0.000000e+00
      vertex   1.467248e+01 -2.654352e+01 3.000000e+00
      vertex   1.481477e+01 -2.667275e+01 0.000000e+00
    endloop
  endfacet
  facet normal 6.723009e-01 7.402780e-01 -0.000000e+00
    outer loop
      vertex   1.481477e+01 -2.667275e+01 0.000000e+00
      vertex   1.467248e+01 -2.654352e+01 3.000000e+00
      vertex   1.481477e+01 -2.667275e+01 3.000000e+00
    endloop
  endfacet
  facet normal 5.721167e-01 8.201723e-01 -0.000000e+00
    outer loop
      vertex   1.481477e+01 -2.667275e+01 0.000000e+00
      vertex   1.481477e+01 -2.667275e+01 3.000000e+00
      vertex   1.497241e+01 -2.678271e+01 0.000000e+00
    endloop
  endfacet
  facet normal 5.721167e-01 8.201723e-01 -3.387611e-16
    outer loop
      vertex   1.497241e+01 -2.678271e+01 0.000000e+00
      vertex   1.481477e+01 -2.667275e+01 3.000000e+00
      vertex   1.497241e+01 -2.678271e+01 3.000000e+00
    endloop
  endfacet
  facet normal 4.625383e-01 8.865993e-01 -2.738777e-16
    outer loop
      vertex   1.497241e+01 -2.678271e+01 0.000000e+00
      vertex   1.497241e+01 -2.678271e+01 3.000000e+00
      vertex   1.514282e+01 -2.687162e+01 0.000000e+00
    endloop
  endfacet
  facet normal 4.625383e-01 8.865993e-01 -5.477554e-16
    outer loop
      vertex   1.514282e+01 -2.687162e+01 0.000000e+00
      vertex   1.497241e+01 -2.678271e+01 3.000000e+00
      vertex   1.514282e+01 -2.687162e+01 3.000000e+00
    endloop
  endfacet
  facet normal 3.453651e-01 9.384684e-01 -4.089944e-16
    outer loop
      vertex   1.514282e+01 -2.687162e+01 0.000000e+00
      vertex   1.514282e+01 -2.687162e+01 3.000000e+00
      vertex   1.532321e+01 -2.693800e+01 0.000000e+00
    endloop
  endfacet
  facet normal 3.453651e-01 9.384684e-01 -0.000000e+00
    outer loop
      vertex   1.532321e+01 -2.693800e+01 0.000000e+00
      vertex   1.514282e+01 -2.687162e+01 3.000000e+00
      vertex   1.532321e+01 -2.693800e+01 3.000000e+00
    endloop
  endfacet
  facet normal 2.225209e-01 9.749279e-01 -0.000000e+00
    outer loop
      vertex   1.532321e+01 -2.693800e+01 0.000000e+00
      vertex   1.532321e+01 -2.693800e+01 3.000000e+00
      vertex   1.551060e+01 -2.698077e+01 0.000000e+00
    endloop
  endfacet
  facet normal 2.225209e-01 9.749279e-01 -1.317589e-16
    outer loop
      vertex   1.551060e+01 -2.698077e+01 0.000000e+00
      vertex   1.532321e+01 -2.693800e+01 3.000000e+00
      vertex   1.551060e+01 -2.698077e+01 3.000000e+00
    endloop
  endfacet
  facet normal 9.602303e-02 9.953791e-01 -5.685705e-17
    outer loop
      vertex   1.551060e+01 -2.698077e+01 0.000000e+00
      vertex   1.551060e+01 -2.698077e+01 3.000000e+00
      vertex   1.570192e+01 -2.699923e+01 0.000000e+00
    endloop
  endfacet
  facet normal 9.602303e-02 9.953791e-01 -0.000000e+00
    outer loop
      vertex   1.570192e+01 -2.699923e+01 0.000000e+00
      vertex   1.551060e+01 -2.698077e+01 3.000000e+00
      vertex   1.570192e+01 -2.699923e+01 3.000000e+00
    endloop
  endfacet
  facet normal -3.205158e-02 9.994862e-01 0.000000e+00
    outer loop
      vertex   1.570192e+01 -2.699923e+01 0.000000e+00
      vertex   1.570192e+01 -2.699923e+01 3.000000e+00
      vertex   1.589403e+01 -2.699307e+01 0.000000e+00
    endloop
  endfacet
  facet normal -3.205158e-02 9.994862e-01 1.897835e-17
    outer loop
      vertex   1.589403e+01 -2.699307e+01 0.000000e+00
      vertex   1.570192e+01 -2.699923e+01 3.000000e+00
      vertex   1.589403e+01 -2.699307e+01 3.000000e+00
    endloop
  endfacet
  facet normal -1.595999e-01 9.871818e-01 9.450212e-17
    outer loop
      vertex   1.589403e+01 -2.699307e+01 0.000000e+00
      vertex   1.589403e+01 -2.699307e+01 3.000000e+00
      vertex   1.608378e+01 -2.696239e+01 0.000000e+00
    endloop
  endfacet
  facet normal -1.595999e-01 9.871818e-01 0.000000e+00
    outer loop
      vertex   1.608378e+01 -2.696239e+01 0.000000e+00
      vertex   1.589403e+01 -2.699307e+01 3.000000e+00
      vertex   1.608378e+01 -2.696239e+01 3.000000e+00
    endloop
  endfacet
  facet normal -2.845276e-01 9.586679e-01 0.000000e+00
    outer loop
      vertex   1.608378e+01 -2.696239e+01 0.000000e+00
      vertex   1.608378e+01 -2.696239e+01 3.000000e+00
      vertex   1.626805e+01 -2.690770e+01 0.000000e+00
    endloop
  endfacet
  facet normal -2.845276e-01 9.586679e-01 0.000000e+00
    outer loop
      vertex   1.626805e+01 -2.690770e+01 0.000000e+00
      vertex   1.608378e+01 -2.696239e+01 3.000000e+00
      vertex   1.626805e+01 -2.690770e+01 3.000000e+00
    endloop
  endfacet
  facet normal -4.047833e-01 9.144126e-01 0.000000e+00
    outer loop
      vertex   1.626805e+01 -2.690770e+01 0.000000e+00
      vertex   1.626805e+01 -2.690770e+01 3.000000e+00
      vertex   1.644381e+01 -2.682990e+01 0.000000e+00
    endloop
  endfacet
  facet normal -4.047833e-01 9.144126e-01 0.000000e+00
    outer loop
      vertex   1.644381e+01 -2.682990e+01 0.000000e+00
      vertex   1.626805e+01 -2.690770e+01 3.000000e+00
      vertex   1.644381e+01 -2.682990e+01 3.000000e+00
    endloop
  endfacet
  facet normal -5.183926e-01 8.551428e-01 0.000000e+00
    outer loop
      vertex   1.644381e+01 -2.682990e+01 0.000000e+00
      vertex   1.644381e+01 -2.682990e+01 3.000000e+00
      vertex   1.660817e+01 -2.673026e+01 0.000000e+00
    endloop
  endfacet
  facet normal -5.183926e-01 8.551428e-01 -1.012692e-15
    outer loop
      vertex   1.660817e+01 -2.673026e+01 0.000000e+00
      vertex   1.644381e+01 -2.682990e+01 3.000000e+00
      vertex   1.660817e+01 -2.673026e+01 3.000000e+00
    endloop
  endfacet
  facet normal -6.234898e-01 7.818315e-01 -9.258745e-16
    outer loop
      vertex   1.660817e+01 -2.673026e+01 0.000000e+00
      vertex   1.660817e+01 -2.673026e+01 3.000000e+00
      vertex   1.675845e+01 -2.661042e+01 0.000000e+00
    endloop
  endfacet
  facet normal -6.234898e-01 7.818315e-01 0.000000e+00
    outer loop
      vertex   1.675845e+01 -2.661042e+01 0.000000e+00
      vertex   1.660817e+01 -2.673026e+01 3.000000e+00
      vertex   1.675845e+01 -2.661042e+01 3.000000e+00
    endloop
  endfacet
  facet normal -7.183494e-01 6.956826e-01 0.000000e+00
    outer loop
      vertex   1.675845e+01 -2.661042e+01 0.000000e+00
      vertex   1.675845e+01 -2.661042e+01 3.000000e+00
      vertex   1.689217e+01 -2.647234e+01 0.000000e+00
    endloop
  endfacet
  facet normal -7.183494e-01 6.956826e-01 0.000000e+00
    outer loop
      vertex   1.689217e+01 -2.647234e+01 0.000000e+00
      vertex   1.675845e+01 -2.661042e+01 3.000000e+00
      vertex   1.689217e+01 -2.647234e+01 3.000000e+00
    endloop
  endfacet
  facet normal -8.014136e-01 5.981105e-01 0.000000e+00
    outer loop
      vertex   1.689217e+01 -2.647234e+01 0.000000e+00
      vertex   1.689217e+01 -2.647234e+01 3.000000e+00
      vertex   1.700713e+01 -2.631830e+01 0.000000e+00
    endloop
  endfacet
  facet normal -8.014136e-01 5.981105e-01 0.000000e+00
    outer loop
      vertex   1.700713e+01 -2.631830e+01 0.000000e+00
      vertex   1.689217e+01 -2.647234e+01 3.000000e+00
      vertex   1.700713e+01 -2.631830e+01 3.000000e+00
    endloop
  endfacet
  facet normal -8.713187e-01 4.907176e-01 0.000000e+00
    outer loop
      vertex   1.700713e+01 -2.631830e+01 0.000000e+00
      vertex   1.700713e+01 -2.631830e+01 3.000000e+00
      vertex   1.710145e+01 -2.615083e+01 0.000000e+00
    endloop
  endfacet
  facet normal -8.713187e-01 4.907176e-01 0.000000e+00
    outer loop
      vertex   1.710145e+01 -2.615083e+01 0.000000e+00
      vertex   1.700713e+01 -2.631830e+01 3.000000e+00
      vertex   1.710145e+01 -2.615083e+01 3.000000e+00
    endloop
  endfacet
  facet normal -9.269168e-01 3.752670e-01 0.000000e+00
    outer loop
      vertex   1.710145e+01 -2.615083e+01 0.000000e+00
      vertex   1.710145e+01 -2.615083e+01 3.000000e+00
      vertex   1.717358e+01 -2.597266e+01 0.000000e+00
    endloop
  endfacet
  facet normal -9.269168e-01 3.752670e-01 0.000000e+00
    outer loop
      vertex   1.717358e+01 -2.597266e+01 0.000000e+00
      vertex   1.710145e+01 -2.615083e+01 3.000000e+00
      vertex   1.717358e+01 -2.597266e+01 3.000000e+00
    endloop
  endfacet
  facet normal -9.672949e-01 2.536546e-01 0.000000e+00
    outer loop
      vertex   1.717358e+01 -2.597266e+01 0.000000e+00
      vertex   1.717358e+01 -2.597266e+01 3.000000e+00
      vertex   1.722234e+01 -2.578674e+01 0.000000e+00
    endloop
  endfacet
  facet normal -9.672949e-01 2.536546e-01 0.000000e+00
    outer loop
      vertex   1.722234e+01 -2.578674e+01 0.000000e+00
      vertex   1.717358e+01 -2.597266e+01 3.000000e+00
      vertex   1.722234e+01 -2.578674e+01 3.000000e+00
    endloop
  endfacet
  facet normal -9.917900e-01 1.278772e-01 0.000000e+00
    outer loop
      vertex   1.722234e+01 -2.578674e+01 0.000000e+00
      vertex   1.722234e+01 -2.578674e+01 3.000000e+00
      vertex   1.724692e+01 -2.559611e+01 0.000000e+00
    endloop
  endfacet
  facet normal -9.917900e-01 1.278772e-01 0.000000e+00
    outer loop
      vertex   1.724692e+01 -2.559611e+01 0.000000e+00
      vertex   1.722234e+01 -2.578674e+01 3.000000e+00
      vertex   1.724692e+01 -2.559611e+01 3.000000e+00
    endloop
  endfacet
  facet normal -1.000000e+00 0.000000e+00 0.000000e+00
    outer loop
      vertex   1.724692e+01 -2.559611e+01 0.000000e+00
      vertex   1.724692e+01 -2.559611e+01 3.000000e+00
      vertex   1.724692e+01 -2.540389e+01 0.000000e+00
    endloop
  endfacet
  facet normal -1.000000e+00 0.000000e+00 0.000000e+00
    outer loop
      vertex   1.724692e+01 -2.540389e+01 0.000000e+00
      vertex   1.724692e+01 -2.559611e+01 3.000000e+00
      vertex   1.724692e+01 -2.540389e+01 3.000000e+00
    endloop
  endfacet
  facet normal -9.917900e-01 -1.278772e-01 0.000000e+00
    outer loop
      vertex   1.724692e+01 -2.540389e+01 0.000000e+00
      vertex   1.724692e+01 -2.540389e+01 3.000000e+00
      vertex   1.722234e+01 -2.521326e+01 0.000000e+00
    endloop
  endfacet
  facet normal -9.917900e-01 -1.278772e-01 0.000000e+00
    outer loop
      vertex   1.722234e+01 -2.521326e+01 0.000000e+00
      vertex   1.724692e+01 -2.540389e+01 3.000000e+00
      vertex   1.722234e+01 -2.521326e+01 3.000000e+00
    endloop
  endfacet
  facet normal -9.672949e-01 -2.536546e-01 0.000000e+00
    outer loop
      vertex   1.722234e+01 -2.521326e+01 0.000000e+00
      vertex   1.722234e+01 -2.521326e+01 3.000000e+00
      vertex   1.717358e+01 -2.502734e+01 0.000000e+00
    endloop
  endfacet
  facet normal -9.672949e-01 -2.536546e-01 0.000000e+00
    outer loop
      vertex   1.717358e+01 -2.502734e+01 0.000000e+00
      vertex   1.722234e+01 -2.521326e+01 3.000000e+00
      vertex   1.717358e+01 -2.502734e+01 3.000000e+00
    endloop
  endfacet
  facet normal -9.269168e-01 -3.752670e-01 0.000000e+00
    outer loop
      vertex   1.717358e+01 -2.502734e+01 0.000000e+00
      vertex   1.717358e+01 -2.502734e+01 3.000000e+00
      vertex   1.710145e+01 -2.484917e+01 0.000000e+00
    endloop
  endfacet
  facet normal -9.269168e-01 -3.752670e-01 0.000000e+00
    outer loop
      vertex   1.710145e+01 -2.484917e+01 0.000000e+00
      vertex   1.717358e+01 -2.502734e+01 3.000000e+00
      vertex   1.710145e+01 -2.484917e+01 3.000000e+00
    endloop
  endfacet
  facet normal -8.713187e-01 -4.907176e-01 0.000000e+00
    outer loop
      vertex   1.710145e+01 -2.484917e+01 0.000000e+00
      vertex   1.710145e+01 -2.484917e+01 3.000000e+00
      vertex   1.700713e+01 -2.468170e+01 0.000000e+00
    endloop
  endfacet
  facet normal -8.713187e-01 -4.907176e-01 0.000000e+00
    outer loop
      vertex   1.700713e+01 -2.468170e+01 0.000000e+00
      vertex   1.710145e+01 -2.484917e+01 3.000000e+00
      vertex   1.700713e+01 -2.468170e+01 3.000000e+00
    endloop
  endfacet
  facet normal -8.014136e-01 -5.981105e-01 0.000000e+00
    outer loop
      vertex   1.700713e+01 -2.468170e+01 0.000000e+00
      vertex   1.700713e+01 -2.468170e+01 3.000000e+00
      vertex   1.689217e+01 -2.452766e+01 0.000000e+00
    endloop
  endfacet
  facet normal -8.014136e-01 -5.981105e-01 0.000000e+00
    outer loop
      vertex   1.689217e+01 -2.452766e+01 0.000000e+00
      vertex   1.700713e+01 -2.468170e+01 3.000000e+00
      vertex   1.689217e+01 -2.452766e+01 3.000000e+00
    endloop
  endfacet
  facet normal -7.183494e-01 -6.956826e-01 0.000000e+00
    outer loop
      vertex   1.689217e+01 -2.452766e+01 0.000000e+00
      vertex   1.689217e+01 -2.452766e+01 3.000000e+00
      vertex   1.675845e+01 -2.438958e+01 0.000000e+00
    endloop
  endfacet
  facet normal -7.183494e-01 -6.956826e-01 0.000000e+00
    outer loop
      vertex   1.675845e+01 -2.438958e+01 0.000000e+00
      vertex   1.689217e+01 -2.452766e+01 3.000000e+00
      vertex   1.675845e+01 -2.438958e+01 3.000000e+00
    endloop
  endfacet
  facet normal -6.234898e-01 -7.818315e-01 0.000000e+00
    outer loop
      vertex   1.675845e+01 -2.438958e+01 0.000000e+00
      vertex   1.675845e+01 -2.438958e+01 3.000000e+00
      vertex   1.660817e+01 -2.426974e+01 0.000000e+00
    endloop
  endfacet
  facet normal -6.234898e-01 -7.818315e-01 9.258745e-16
    outer loop
      vertex   1.660817e+01 -2.426974e+01 0.000000e+00
      vertex   1.675845e+01 -2.438958e+01 3.000000e+00
      vertex   1.660817e+01 -2.426974e+01 3.000000e+00
    endloop
  endfacet
  facet normal -5.183926e-01 -8.551428e-01 1.012692e-15
    outer loop
      vertex   1.660817e+01 -2.426974e+01 0.000000e+00
      vertex   1.660817e+01 -2.426974e+01 3.000000e+00
      vertex   1.644381e+01 -2.417010e+01 0.000000e+00
    endloop
  endfacet
  facet normal -5.183926e-01 -8.551428e-01 0.000000e+00
    outer loop
      vertex   1.644381e+01 -2.417010e+01 0.000000e+00
      vertex   1.660817e+01 -2.426974e+01 3.000000e+00
      vertex   1.644381e+01 -2.417010e+01 3.000000e+00
    endloop
  endfacet
  facet normal -4.047833e-01 -9.144126e-01 0.000000e+00
    outer loop
      vertex   1.644381e+01 -2.417010e+01 0.000000e+00
      vertex   1.644381e+01 -2.417010e+01 3.000000e+00
      vertex   1.626805e+01 -2.409230e+01 0.000000e+00
    endloop
  endfacet
  facet normal -4.047833e-01 -9.144126e-01 0.000000e+00
    outer loop
      vertex   1.626805e+01 -2.409230e+01 0.000000e+00
      vertex   1.644381e+01 -2.417010e+01 3.000000e+00
      vertex   1.626805e+01 -2.409230e+01 3.000000e+00
    endloop
  endfacet
  facet normal -2.845276e-01 -9.586679e-01 0.000000e+00
    outer loop
      vertex   1.626805e+01 -2.409230e+01 0.000000e+00
      vertex   1.626805e+01 -2.409230e+01 3.000000e+00
      vertex   1.608378e+01 -2.403761e+01 0.000000e+00
    endloop
  endfacet
  facet normal -2.845276e-01 -9.586679e-01 0.000000e+00
    outer loop
      vertex   1.608378e+01 -2.403761e+01 0.000000e+00
      vertex   1.626805e+01 -2.409230e+01 3.000000e+00
      vertex   1.608378e+01 -2.403761e+01 3.000000e+00
    endloop
  endfacet
  facet normal -1.595999e-01 -9.871818e-01 0.000000e+00
    outer loop
      vertex   1.608378e+01 -2.403761e+01 0.000000e+00
      vertex   1.608378e+01 -2.403761e+01 3.000000e+00
      vertex   1.589403e+01 -2.400693e+01 0.000000e+00
    endloop
  endfacet
  facet normal -1.595999e-01 -9.871818e-01 -9.450212e-17
    outer loop
      vertex   1.589403e+01 -2.400693e+01 0.000000e+00
      vertex   1.608378e+01 -2.403761e+01 3.000000e+00
      vertex   1.589403e+01 -2.400693e+01 3.000000e+00
    endloop
  endfacet
  facet normal -3.205158e-02 -9.994862e-01 -1.897835e-17
    outer loop
      vertex   1.589403e+01 -2.400693e+01 0.000000e+00
      vertex   1.589403e+01 -2.400693e+01 3.000000e+00
      vertex   1.570192e+01 -2.400077e+01 0.000000e+00
    endloop
  endfacet
  facet normal -3.205158e-02 -9.994862e-01 0.000000e+00
    outer loop
      vertex   1.570192e+01 -2.400077e+01 0.000000e+00
      vertex   1.589403e+01 -2.400693e+01 3.000000e+00
      vertex   1.570192e+01 -2.400077e+01 3.000000e+00
    endloop
  endfacet
  facet normal 9.602303e-02 -9.953791e-01 0.000000e+00
    outer loop
      vertex   1.570192e+01 -2.400077e+01 0.000000e+00
      vertex   1.570192e+01 -2.400077e+01 3.000000e+00
      vertex   1.551060e+01 -2.401923e+01 0.000000e+00
    endloop
  endfacet
  facet normal 9.602303e-02 -9.953791e-01 5.685705e-17
    outer loop
      vertex   1.551060e+01 -2.401923e+01 0.000000e+00
      vertex   1.570192e+01 -2.400077e+01 3.000000e+00
      vertex   1.551060e+01 -2.401923e+01 3.000000e+00
    endloop
  endfacet
  facet normal 2.225209e-01 -9.749279e-01 1.317589e-16
    outer loop
      vertex   1.551060e+01 -2.401923e+01 0.000000e+00
      vertex   1.551060e+01 -2.401923e+01 3.000000e+00
      vertex   1.532321e+01 -2.406200e+01 0.000000e+00
    endloop
  endfacet
  facet normal 2.225209e-01 -9.749279e-01 0.000000e+00
    outer loop
      vertex   1.532321e+01 -2.406200e+01 0.000000e+00
      vertex   1.551060e+01 -2.401923e+01 3.000000e+00
      vertex   1.532321e+01 -2.406200e+01 3.000000e+00
    endloop
  endfacet
  facet normal 3.453651e-01 -9.384684e-01 0.000000e+00
    outer loop
      vertex   1.532321e+01 -2.406200e+01 0.000000e+00
      vertex   1.532321e+01 -2.406200e+01 3.000000e+00
      vertex   1.514282e+01 -2.412838e+01 0.000000e+00
    endloop
  endfacet
  facet normal 3.453651e-01 -9.384684e-01 4.089944e-16
    outer loop
      vertex   1.514282e+01 -2.412838e+01 0.000000e+00
      vertex   1.532321e+01 -2.406200e+01 3.000000e+00
      vertex   1.514282e+01 -2.412838e+01 3.000000e+00
    endloop
  endfacet
  facet normal 4.625383e-01 -8.865993e-01 5.477554e-16
    outer loop
      vertex   1.514282e+01 -2.412838e+01 0.000000e+00
      vertex   1.514282e+01 -2.412838e+01 3.000000e+00
      vertex   1.497241e+01 -2.421729e+01 0.000000e+00
    endloop
  endfacet
  facet normal 4.625383e-01 -8.865993e-01 2.738777e-16
    outer loop
      vertex   1.497241e+01 -2.421729e+01 0.000000e+00
      vertex   1.514282e+01 -2.412838e+01 3.000000e+00
      vertex   1.497241e+01 -2.421729e+01 3.000000e+00
    endloop
  endfacet
  facet normal 5.721167e-01 -8.201723e-01 3.387611e-16
    outer loop
      vertex   1.497241e+01 -2.421729e+01 0.000000e+00
      vertex   1.497241e+01 -2.421729e+01 3.000000e+00
      vertex   1.481477e+01 -2.432725e+01 0.000000e+00
    endloop
  endfacet
  facet normal 5.721167e-01 -8.201723e-01 0.000000e+00
    outer loop
      vertex   1.481477e+01 -2.432725e+01 0.000000e+00
      vertex   1.497241e+01 -2.421729e+01 3.000000e+00
      vertex   1.481477e+01 -2.432725e+01 3.000000e+00
    endloop
  endfacet
  facet normal 6.723009e-01 -7.402780e-01 0.000000e+00
    outer loop
      vertex   1.481477e+01 -2.432725e+01 0.000000e+00
      vertex   1.481477e+01 -2.432725e+01 3.000000e+00
      vertex   1.467248e+01 -2.445648e+01 0.000000e+00
    endloop
  endfacet
  facet normal 6.723009e-01 -7.402780e-01 0.000000e+00
    outer loop
      vertex   1.467248e+01 -2.445648e+01 0.000000e+00
      vertex   1.481477e+01 -2.432725e+01 3.000000e+00
      vertex   1.467248e+01 -2.445648e+01 3.000000e+00
    endloop
  endfacet
  facet normal 7.614460e-01 -6.482284e-01 0.000000e+00
    outer loop
      vertex   1.467248e+01 -2.445648e+01 0.000000e+00
      vertex   1.467248e+01 -2.445648e+01 3.000000e+00
      vertex   1.454788e+01 -2.460283e+01 0.000000e+00
    endloop
  endfacet
  facet normal 7.614460e-01 -6.482284e-01 0.000000e+00
    outer loop
      vertex   1.454788e+01 -2.460283e+01 0.000000e+00
      vertex   1.467248e+01 -2.445648e+01 3.000000e+00
      vertex   1.454788e+01 -2.460283e+01 3.000000e+00
    endloop
  endfacet
  facet normal 8.380881e-01 -5.455349e-01 0.000000e+00
    outer loop
      vertex   1.454788e+01 -2.460283e+01 0.000000e+00
      vertex   1.454788e+01 -2.460283e+01 3.000000e+00
      vertex   1.444302e+01 -2.476392e+01 0.000000e+00
    endloop
  endfacet
  facet normal 8.380881e-01 -5.455349e-01 -6.460431e-16
    outer loop
      vertex   1.444302e+01 -2.476392e+01 0.000000e+00
      vertex   1.454788e+01 -2.460283e+01 3.000000e+00
      vertex   1.444302e+01 -2.476392e+01 3.000000e+00
    endloop
  endfacet
  facet normal 9.009689e-01 -4.338837e-01 -5.138216e-16
    outer loop
      vertex   1.444302e+01 -2.476392e+01 0.000000e+00
      vertex   1.444302e+01 -2.476392e+01 3.000000e+00
      vertex   1.435962e+01 -2.493710e+01 0.000000e+00
    endloop
  endfacet
  facet normal 9.009689e-01 -4.338837e-01 -5.138216e-16
    outer loop
      vertex   1.435962e+01 -2.493710e+01 0.000000e+00
      vertex   1.444302e+01 -2.476392e+01 3.000000e+00
      vertex   1.435962e+01 -2.493710e+01 3.000000e+00
    endloop
  endfacet
  facet normal 9.490557e-01 -3.151082e-01 -3.731631e-16
    outer loop
      vertex   1.435962e+01 -2.493710e+01 0.000000e+00
      vertex   1.435962e+01 -2.493710e+01 3.000000e+00
      vertex   1.429906e+01 -2.511952e+01 0.000000e+00
    endloop
  endfacet
  facet normal 9.490557e-01 -3.151082e-01 0.000000e+00
    outer loop
      vertex   1.429906e+01 -2.511952e+01 0.000000e+00
      vertex   1.435962e+01 -2.493710e+01 3.000000e+00
      vertex   1.429906e+01 -2.511952e+01 3.000000e+00
    endloop
  endfacet
  facet normal 9.815592e-01 -1.911586e-01 0.000000e+00
    outer loop
      vertex   1.429906e+01 -2.511952e+01 0.000000e+00
      vertex   1.429906e+01 -2.511952e+01 3.000000e+00
      vertex   1.426231e+01 -2.530818e+01 0.000000e+00
    endloop
  endfacet
  facet normal 9.815592e-01 -1.911586e-01 -2.263773e-16
    outer loop
      vertex   1.426231e+01 -2.530818e+01 0.000000e+00
      vertex   1.429906e+01 -2.511952e+01 3.000000e+00
      vertex   1.426231e+01 -2.530818e+01 3.000000e+00
    endloop
  endfacet
  facet normal 9.979454e-01 -6.407022e-02 -1.517488e-16
    outer loop
      vertex   1.426231e+01 2.569182e+01 0.000000e+00
      vertex   1.426231e+01 2.569182e+01 3.000000e+00
      vertex   1.425000e+01 2.550000e+01 0.000000e+00
    endloop
  endfacet
  facet normal 9.979454e-01 -6.407022e-02 0.000000e+00
    outer loop
      vertex   1.425000e+01 2.550000e+01 0.000000e+00
      vertex   1.426231e+01 2.569182e+01 3.000000e+00
      vertex   1.425000e+01 2.550000e+01 3.000000e+00
    endloop
  endfacet
  facet normal 9.979454e-01 6.407022e-02 -0.000000e+00
    outer loop
      vertex   1.425000e+01 2.550000e+01 0.000000e+00
      vertex   1.425000e+01 2.550000e+01 3.000000e+00
      vertex   1.426231e+01 2.530818e+01 0.000000e+00
    endloop
  endfacet
  facet normal 9.979454e-01 6.407022e-02 7.587438e-17
    outer loop
      vertex   1.426231e+01 2.530818e+01 0.000000e+00
      vertex   1.425000e+01 2.550000e+01 3.000000e+00
      vertex   1.426231e+01 2.530818e+01 3.000000e+00
    endloop
  endfacet
  facet normal 9.815592e-01 1.911586e-01 2.263773e-16
    outer loop
      vertex   1.426231e+01 2.530818e+01 0.000000e+00
      vertex   1.426231e+01 2.530818e+01 3.000000e+00
      vertex   1.429906e+01 2.511952e+01 0.000000e+00
    endloop
  endfacet
  facet normal 9.815592e-01 1.911586e-01 -0.000000e+00
    outer loop
      vertex   1.429906e+01 2.511952e+01 0.000000e+00
      vertex   1.426231e+01 2.530818e+01 3.000000e+00
      vertex   1.429906e+01 2.511952e+01 3.000000e+00
    endloop
  endfacet
  facet normal 9.490557e-01 3.151082e-01 -0.000000e+00
    outer loop
      vertex   1.429906e+01 2.511952e+01 0.000000e+00
      vertex   1.429906e+01 2.511952e+01 3.000000e+00
      vertex   1.435962e+01 2.493710e+01 0.000000e+00
    endloop
  endfacet
  facet normal 9.490557e-01 3.151082e-01 7.463262e-16
    outer loop
      vertex   1.435962e+01 2.493710e+01 0.000000e+00
      vertex   1.429906e+01 2.511952e+01 3.000000e+00
      vertex   1.435962e+01 2.493710e+01 3.000000e+00
    endloop
  endfacet
  facet normal 9.009689e-01 4.338837e-01 1.027643e-15
    outer loop
      vertex   1.435962e+01 2.493710e+01 0.000000e+00
      vertex   1.435962e+01 2.493710e+01 3.000000e+00
      vertex   1.444302e+01 2.476392e+01 0.000000e+00
    endloop
  endfacet
  facet normal 9.009689e-01 4.338837e-01 -1.965917e-17
    outer loop
      vertex   1.444302e+01 2.476392e+01 0.000000e+00
      vertex   1.435962e+01 2.493710e+01 3.000000e+00
      vertex   1.444302e+01 2.476392e+01 3.000000e+00
    endloop
  endfacet
  facet normal 8.380881e-01 5.455349e-01 1.497953e-16
    outer loop
      vertex   1.444302e+01 2.476392e+01 0.000000e+00
      vertex   1.444302e+01 2.476392e+01 3.000000e+00
      vertex   1.454788e+01 2.460283e+01 0.000000e+00
    endloop
  endfacet
  facet normal 8.380881e-01 5.455349e-01 -0.000000e+00
    outer loop
      vertex   1.454788e+01 2.460283e+01 0.000000e+00
      vertex   1.444302e+01 2.476392e+01 3.000000e+00
      vertex   1.454788e+01 2.460283e+01 3.000000e+00
    endloop
  endfacet
  facet normal 7.614460e-01 6.482284e-01 -0.000000e+00
    outer loop
      vertex   1.454788e+01 2.460283e+01 0.000000e+00
      vertex   1.454788e+01 2.460283e+01 3.000000e+00
      vertex   1.467248e+01 2.445648e+01 0.000000e+00
    endloop
  endfacet
  facet normal 7.614460e-01 6.482284e-01 -0.000000e+00
    outer loop
      vertex   1.467248e+01 2.445648e+01 0.000000e+00
      vertex   1.454788e+01 2.460283e+01 3.000000e+00
      vertex   1.467248e+01 2.445648e+01 3.000000e+00
    endloop
  endfacet
  facet normal 6.723009e-01 7.402780e-01 -0.000000e+00
    outer loop
      vertex   1.467248e+01 2.445648e+01 0.000000e+00
      vertex   1.467248e+01 2.445648e+01 3.000000e+00
      vertex   1.481477e+01 2.432725e+01 0.000000e+00
    endloop
  endfacet
  facet normal 6.723009e-01 7.402780e-01 -0.000000e+00
    outer loop
      vertex   1.481477e+01 2.432725e+01 0.000000e+00
      vertex   1.467248e+01 2.445648e+01 3.000000e+00
      vertex   1.481477e+01 2.432725e+01 3.000000e+00
    endloop
  endfacet
  facet normal 5.721167e-01 8.201723e-01 -0.000000e+00
    outer loop
      vertex   1.481477e+01 2.432725e+01 0.000000e+00
      vertex   1.481477e+01 2.432725e+01 3.000000e+00
      vertex   1.497241e+01 2.421729e+01 0.000000e+00
    endloop
  endfacet
  facet normal 5.721167e-01 8.201723e-01 -0.000000e+00
    outer loop
      vertex   1.497241e+01 2.421729e+01 0.000000e+00
      vertex   1.481477e+01 2.432725e+01 3.000000e+00
      vertex   1.497241e+01 2.421729e+01 3.000000e+00
    endloop
  endfacet
  facet normal 4.625383e-01 8.865993e-01 -0.000000e+00
    outer loop
      vertex   1.497241e+01 2.421729e+01 0.000000e+00
      vertex   1.497241e+01 2.421729e+01 3.000000e+00
      vertex   1.514282e+01 2.412838e+01 0.000000e+00
    endloop
  endfacet
  facet normal 4.625383e-01 8.865993e-01 -2.738777e-16
    outer loop
      vertex   1.514282e+01 2.412838e+01 0.000000e+00
      vertex   1.497241e+01 2.421729e+01 3.000000e+00
      vertex   1.514282e+01 2.412838e+01 3.000000e+00
    endloop
  endfacet
  facet normal 3.453651e-01 9.384684e-01 -2.044972e-16
    outer loop
      vertex   1.514282e+01 2.412838e+01 0.000000e+00
      vertex   1.514282e+01 2.412838e+01 3.000000e+00
      vertex   1.532321e+01 2.406200e+01 0.000000e+00
    endloop
  endfacet
  facet normal 3.453651e-01 9.384684e-01 -0.000000e+00
    outer loop
      vertex   1.532321e+01 2.406200e+01 0.000000e+00
      vertex   1.514282e+01 2.412838e+01 3.000000e+00
      vertex   1.532321e+01 2.406200e+01 3.000000e+00
    endloop
  endfacet
  facet normal 2.225209e-01 9.749279e-01 -0.000000e+00
    outer loop
      vertex   1.532321e+01 2.406200e+01 0.000000e+00
      vertex   1.532321e+01 2.406200e+01 3.000000e+00
      vertex   1.551060e+01 2.401923e+01 0.000000e+00
    endloop
  endfacet
  facet normal 2.225209e-01 9.749279e-01 -1.317589e-16
    outer loop
      vertex   1.551060e+01 2.401923e+01 0.000000e+00
      vertex   1.532321e+01 2.406200e+01 3.000000e+00
      vertex   1.551060e+01 2.401923e+01 3.000000e+00
    endloop
  endfacet
  facet normal 9.602303e-02 9.953791e-01 -5.685705e-17
    outer loop
      vertex   1.551060e+01 2.401923e+01 0.000000e+00
      vertex   1.551060e+01 2.401923e+01 3.000000e+00
      vertex   1.570192e+01 2.400077e+01 0.000000e+00
    endloop
  endfacet
  facet normal 9.602303e-02 9.953791e-01 -0.000000e+00
    outer loop
      vertex   1.570192e+01 2.400077e+01 0.000000e+00
      vertex   1.551060e+01 2.401923e+01 3.000000e+00
      vertex   1.570192e+01 2.400077e+01 3.000000e+00
    endloop
  endfacet
  facet normal -3.205158e-02 9.994862e-01 0.000000e+00
    outer loop
      vertex   1.570192e+01 2.400077e+01 0.000000e+00
      vertex   1.570192e+01 2.400077e+01 3.000000e+00
      vertex   1.589403e+01 2.400693e+01 0.000000e+00
    endloop
  endfacet
  facet normal -3.205158e-02 9.994862e-01 1.897835e-17
    outer loop
      vertex   1.589403e+01 2.400693e+01 0.000000e+00
      vertex   1.570192e+01 2.400077e+01 3.000000e+00
      vertex   1.589403e+01 2.400693e+01 3.000000e+00
    endloop
  endfacet
  facet normal -1.595999e-01 9.871818e-01 9.450212e-17
    outer loop
      vertex   1.589403e+01 2.400693e+01 0.000000e+00
      vertex   1.589403e+01 2.400693e+01 3.000000e+00
      vertex   1.608378e+01 2.403761e+01 0.000000e+00
    endloop
  endfacet
  facet normal -1.595999e-01 9.871818e-01 0.000000e+00
    outer loop
      vertex   1.608378e+01 2.403761e+01 0.000000e+00
      vertex   1.589403e+01 2.400693e+01 3.000000e+00
      vertex   1.608378e+01 2.403761e+01 3.000000e+00
    endloop
  endfacet
  facet normal -2.845276e-01 9.586679e-01 0.000000e+00
    outer loop
      vertex   1.608378e+01 2.403761e+01 0.000000e+00
      vertex   1.608378e+01 2.403761e+01 3.000000e+00
      vertex   1.626805e+01 2.409230e+01 0.000000e+00
    endloop
  endfacet
  facet normal -2.845276e-01 9.586679e-01 0.000000e+00
    outer loop
      vertex   1.626805e+01 2.409230e+01 0.000000e+00
      vertex   1.608378e+01 2.403761e+01 3.000000e+00
      vertex   1.626805e+01 2.409230e+01 3.000000e+00
    endloop
  endfacet
  facet normal -4.047833e-01 9.144126e-01 0.000000e+00
    outer loop
      vertex   1.626805e+01 2.409230e+01 0.000000e+00
      vertex   1.626805e+01 2.409230e+01 3.000000e+00
      vertex   1.644381e+01 2.417010e+01 0.000000e+00
    endloop
  endfacet
  facet normal -4.047833e-01 9.144126e-01 0.000000e+00
    outer loop
      vertex   1.644381e+01 2.417010e+01 0.000000e+00
      vertex   1.626805e+01 2.409230e+01 3.000000e+00
      vertex   1.644381e+01 2.417010e+01 3.000000e+00
    endloop
  endfacet
  facet normal -5.183926e-01 8.551428e-01 0.000000e+00
    outer loop
      vertex   1.644381e+01 2.417010e+01 0.000000e+00
      vertex   1.644381e+01 2.417010e+01 3.000000e+00
      vertex   1.660817e+01 2.426974e+01 0.000000e+00
    endloop
  endfacet
  facet normal -5.183926e-01 8.551428e-01 -1.012692e-15
    outer loop
      vertex   1.660817e+01 2.426974e+01 0.000000e+00
      vertex   1.644381e+01 2.417010e+01 3.000000e+00
      vertex   1.660817e+01 2.426974e+01 3.000000e+00
    endloop
  endfacet
  facet normal -6.234898e-01 7.818315e-01 -9.258745e-16
    outer loop
      vertex   1.660817e+01 2.426974e+01 0.000000e+00
      vertex   1.660817e+01 2.426974e+01 3.000000e+00
      vertex   1.675845e+01 2.438958e+01 0.000000e+00
    endloop
  endfacet
  facet normal -6.234898e-01 7.818315e-01 0.000000e+00
    outer loop
      vertex   1.675845e+01 2.438958e+01 0.000000e+00
      vertex   1.660817e+01 2.426974e+01 3.000000e+00
      vertex   1.675845e+01 2.438958e+01 3.000000e+00
    endloop
  endfacet
  facet normal -7.183494e-01 6.956826e-01 0.000000e+00
    outer loop
      vertex   1.675845e+01 2.438958e+01 0.000000e+00
      vertex   1.675845e+01 2.438958e+01 3.000000e+00
      vertex   1.689217e+01 2.452766e+01 0.000000e+00
    endloop
  endfacet
  facet normal -7.183494e-01 6.956826e-01 0.000000e+00
    outer loop
      vertex   1.689217e+01 2.452766e+01 0.000000e+00
      vertex   1.675845e+01 2.438958e+01 3.000000e+00
      vertex   1.689217e+01 2.452766e+01 3.000000e+00
    endloop
  endfacet
  facet normal -8.014136e-01 5.981105e-01 0.000000e+00
    outer loop
      vertex   1.689217e+01 2.452766e+01 0.000000e+00
      vertex   1.689217e+01 2.452766e+01 3.000000e+00
      vertex   1.700713e+01 2.468170e+01 0.000000e+00
    endloop
  endfacet
  facet normal -8.014136e-01 5.981105e-01 0.000000e+00
    outer loop
      vertex   1.700713e+01 2.468170e+01 0.000000e+00
      vertex   1.689217e+01 2.452766e+01 3.000000e+00
      vertex   1.700713e+01 2.468170e+01 3.000000e+00
    endloop
  endfacet
  facet normal -8.713187e-01 4.907176e-01 0.000000e+00
    outer loop
      vertex   1.700713e+01 2.468170e+01 0.000000e+00
      vertex   1.700713e+01 2.468170e+01 3.000000e+00
      vertex   1.710145e+01 2.484917e+01 0.000000e+00
    endloop
  endfacet
  facet normal -8.713187e-01 4.907176e-01 0.000000e+00
    outer loop
      vertex   1.710145e+01 2.484917e+01 0.000000e+00
      vertex   1.700713e+01 2.468170e+01 3.000000e+00
      vertex   1.710145e+01 2.484917e+01 3.000000e+00
    endloop
  endfacet
  facet normal -9.269168e-01 3.752670e-01 0.000000e+00
    outer loop
      vertex   1.710145e+01 2.484917e+01 0.000000e+00
      vertex   1.710145e+01 2.484917e+01 3.000000e+00
      vertex   1.717358e+01 2.502734e+01 0.000000e+00
    endloop
  endfacet
  facet normal -9.269168e-01 3.752670e-01 0.000000e+00
    outer loop
      vertex   1.717358e+01 2.502734e+01 0.000000e+00
      vertex   1.710145e+01 2.484917e+01 3.000000e+00
      vertex   1.717358e+01 2.502734e+01 3.000000e+00
    endloop
  endfacet
  facet normal -9.672949e-01 2.536546e-01 0.000000e+00
    outer loop
      vertex   1.717358e+01 2.502734e+01 0.000000e+00
      vertex   1.717358e+01 2.502734e+01 3.000000e+00
      vertex   1.722234e+01 2.521326e+01 0.000000e+00
    endloop
  endfacet
  facet normal -9.672949e-01 2.536546e-01 0.000000e+00
    outer loop
      vertex   1.722234e+01 2.521326e+01 0.000000e+00
      vertex   1.717358e+01 2.502734e+01 3.000000e+00
      vertex   1.722234e+01 2.521326e+01 3.000000e+00
    endloop
  endfacet
  facet normal -9.917900e-01 1.278772e-01 0.000000e+00
    outer loop
      vertex   1.722234e+01 2.521326e+01 0.000000e+00
      vertex   1.722234e+01 2.521326e+01 3.000000e+00
      vertex   1.724692e+01 2.540389e+01 0.000000e+00
    endloop
  endfacet
  facet normal -9.917900e-01 1.278772e-01 0.000000e+00
    outer loop
      vertex   1.724692e+01 2.540389e+01 0.000000e+00
      vertex   1.722234e+01 2.521326e+01 3.000000e+00
      vertex   1.724692e+01 2.540389e+01 3.000000e+00
    endloop
  endfacet
  facet normal -1.000000e+00 0.000000e+00 0.000000e+00
    outer loop
      vertex   1.724692e+01 2.540389e+01 0.000000e+00
      vertex   1.724692e+01 2.540389e+01 3.000000e+00
      vertex   1.724692e+01 2.559611e+01 0.000000e+00
    endloop
  endfacet
  facet normal -1.000000e+00 0.000000e+00 0.000000e+00
    outer loop
      vertex   1.724692e+01 2.559611e+01 0.000000e+00
      vertex   1.724692e+01 2.540389e+01 3.000000e+00
      vertex   1.724692e+01 2.559611e+01 3.000000e+00
    endloop
  endfacet
  facet normal -9.917900e-01 -1.278772e-01 0.000000e+00
    outer loop
      vertex   1.724692e+01 2.559611e+01 0.000000e+00
      vertex   1.724692e+01 2.559611e+01 3.000000e+00
      vertex   1.722234e+01 2.578674e+01 0.000000e+00
    endloop
  endfacet
  facet normal -9.917900e-01 -1.278772e-01 0.000000e+00
    outer loop
      vertex   1.722234e+01 2.578674e+01 0.000000e+00
      vertex   1.724692e+01 2.559611e+01 3.000000e+00
      vertex   1.722234e+01 2.578674e+01 3.000000e+00
    endloop
  endfacet
  facet normal -9.672949e-01 -2.536546e-01 0.000000e+00
    outer loop
      vertex   1.722234e+01 2.578674e+01 0.000000e+00
      vertex   1.722234e+01 2.578674e+01 3.000000e+00
      vertex   1.717358e+01 2.597266e+01 0.000000e+00
    endloop
  endfacet
  facet normal -9.672949e-01 -2.536546e-01 0.000000e+00
    outer loop
      vertex   1.717358e+01 2.597266e+01 0.000000e+00
      vertex   1.722234e+01 2.578674e+01 3.000000e+00
      vertex   1.717358e+01 2.597266e+01 3.000000e+00
    endloop
  endfacet
  facet normal -9.269168e-01 -3.752670e-01 0.000000e+00
    outer loop
      vertex   1.717358e+01 2.597266e+01 0.000000e+00
      vertex   1.717358e+01 2.597266e+01 3.000000e+00
      vertex   1.710145e+01 2.615083e+01 0.000000e+00
    endloop
  endfacet
  facet normal -9.269168e-01 -3.752670e-01 0.000000e+00
    outer loop
      vertex   1.710145e+01 2.615083e+01 0.000000e+00
      vertex   1.717358e+01 2.597266e+01 3.000000e+00
      vertex   1.710145e+01 2.615083e+01 3.000000e+00
    endloop
  endfacet
  facet normal -8.713187e-01 -4.907176e-01 0.000000e+00
    outer loop
      vertex   1.710145e+01 2.615083e+01 0.000000e+00
      vertex   1.710145e+01 2.615083e+01 3.000000e+00
      vertex   1.700713e+01 2.631830e+01 0.000000e+00
    endloop
  endfacet
  facet normal -8.713187e-01 -4.907176e-01 0.000000e+00
    outer loop
      vertex   1.700713e+01 2.631830e+01 0.000000e+00
      vertex   1.710145e+01 2.615083e+01 3.000000e+00
      vertex   1.700713e+01 2.631830e+01 3.000000e+00
    endloop
  endfacet
  facet normal -8.014136e-01 -5.981105e-01 0.000000e+00
    outer loop
      vertex   1.700713e+01 2.631830e+01 0.000000e+00
      vertex   1.700713e+01 2.631830e+01 3.000000e+00
      vertex   1.689217e+01 2.647234e+01 0.000000e+00
    endloop
  endfacet
  facet normal -8.014136e-01 -5.981105e-01 0.000000e+00
    outer loop
      vertex   1.689217e+01 2.647234e+01 0.000000e+00
      vertex   1.700713e+01 2.631830e+01 3.000000e+00
      vertex   1.689217e+01 2.647234e+01 3.000000e+00
    endloop
  endfacet
  facet normal -7.183494e-01 -6.956826e-01 0.000000e+00
    outer loop
      vertex   1.689217e+01 2.647234e+01 0.000000e+00
      vertex   1.689217e+01 2.647234e+01 3.000000e+00
      vertex   1.675845e+01 2.661042e+01 0.000000e+00
    endloop
  endfacet
  facet normal -7.183494e-01 -6.956826e-01 0.000000e+00
    outer loop
      vertex   1.675845e+01 2.661042e+01 0.000000e+00
      vertex   1.689217e+01 2.647234e+01 3.000000e+00
      vertex   1.675845e+01 2.661042e+01 3.000000e+00
    endloop
  endfacet
  facet normal -6.234898e-01 -7.818315e-01 0.000000e+00
    outer loop
      vertex   1.675845e+01 2.661042e+01 0.000000e+00
      vertex   1.675845e+01 2.661042e+01 3.000000e+00
      vertex   1.660817e+01 2.673026e+01 0.000000e+00
    endloop
  endfacet
  facet normal -6.234898e-01 -7.818315e-01 1.851749e-15
    outer loop
      vertex   1.660817e+01 2.673026e+01 0.000000e+00
      vertex   1.675845e+01 2.661042e+01 3.000000e+00
      vertex   1.660817e+01 2.673026e+01 3.000000e+00
    endloop
  endfacet
  facet normal -5.183926e-01 -8.551428e-01 2.025385e-15
    outer loop
      vertex   1.660817e+01 2.673026e+01 0.000000e+00
      vertex   1.660817e+01 2.673026e+01 3.000000e+00
      vertex   1.644381e+01 2.682990e+01 0.000000e+00
    endloop
  endfacet
  facet normal -5.183926e-01 -8.551428e-01 0.000000e+00
    outer loop
      vertex   1.644381e+01 2.682990e+01 0.000000e+00
      vertex   1.660817e+01 2.673026e+01 3.000000e+00
      vertex   1.644381e+01 2.682990e+01 3.000000e+00
    endloop
  endfacet
  facet normal -4.047833e-01 -9.144126e-01 0.000000e+00
    outer loop
      vertex   1.644381e+01 2.682990e+01 0.000000e+00
      vertex   1.644381e+01 2.682990e+01 3.000000e+00
      vertex   1.626805e+01 2.690770e+01 0.000000e+00
    endloop
  endfacet
  facet normal -4.047833e-01 -9.144126e-01 0.000000e+00
    outer loop
      vertex   1.626805e+01 2.690770e+01 0.000000e+00
      vertex   1.644381e+01 2.682990e+01 3.000000e+00
      vertex   1.626805e+01 2.690770e+01 3.000000e+00
    endloop
  endfacet
  facet normal -2.845276e-01 -9.586679e-01 0.000000e+00
    outer loop
      vertex   1.626805e+01 2.690770e+01 0.000000e+00
      vertex   1.626805e+01 2.690770e+01 3.000000e+00
      vertex   1.608378e+01 2.696239e+01 0.000000e+00
    endloop
  endfacet
  facet normal -2.845276e-01 -9.586679e-01 0.000000e+00
    outer loop
      vertex   1.608378e+01 2.696239e+01 0.000000e+00
      vertex   1.626805e+01 2.690770e+01 3.000000e+00
      vertex   1.608378e+01 2.696239e+01 3.000000e+00
    endloop
  endfacet
  facet normal -1.595999e-01 -9.871818e-01 0.000000e+00
    outer loop
      vertex   1.608378e+01 2.696239e+01 0.000000e+00
      vertex   1.608378e+01 2.696239e+01 3.000000e+00
      vertex   1.589403e+01 2.699307e+01 0.000000e+00
    endloop
  endfacet
  facet normal -1.595999e-01 -9.871818e-01 -9.450212e-17
    outer loop
      vertex   1.589403e+01 2.699307e+01 0.000000e+00
      vertex   1.608378e+01 2.696239e+01 3.000000e+00
      vertex   1.589403e+01 2.699307e+01 3.000000e+00
    endloop
  endfacet
  facet normal -3.205158e-02 -9.994862e-01 -1.897835e-17
    outer loop
      vertex   1.589403e+01 2.699307e+01 0.000000e+00
      vertex   1.589403e+01 2.699307e+01 3.000000e+00
      vertex   1.570192e+01 2.699923e+01 0.000000e+00
    endloop
  endfacet
  facet normal -3.205158e-02 -9.994862e-01 0.000000e+00
    outer loop
      vertex   1.570192e+01 2.699923e+01 0.000000e+00
      vertex   1.589403e+01 2.699307e+01 3.000000e+00
      vertex   1.570192e+01 2.699923e+01 3.000000e+00
    endloop
  endfacet
  facet normal 9.602303e-02 -9.953791e-01 0.000000e+00
    outer loop
      vertex   1.570192e+01 2.699923e+01 0.000000e+00
      vertex   1.570192e+01 2.699923e+01 3.000000e+00
      vertex   1.551060e+01 2.698077e+01 0.000000e+00
    endloop
  endfacet
  facet normal 9.602303e-02 -9.953791e-01 5.685705e-17
    outer loop
      vertex   1.551060e+01 2.698077e+01 0.000000e+00
      vertex   1.570192e+01 2.699923e+01 3.000000e+00
      vertex   1.551060e+01 2.698077e+01 3.000000e+00
    endloop
  endfacet
  facet normal 2.225209e-01 -9.749279e-01 1.317589e-16
    outer loop
      vertex   1.551060e+01 2.698077e+01 0.000000e+00
      vertex   1.551060e+01 2.698077e+01 3.000000e+00
      vertex   1.532321e+01 2.693800e+01 0.000000e+00
    endloop
  endfacet
  facet normal 2.225209e-01 -9.749279e-01 0.000000e+00
    outer loop
      vertex   1.532321e+01 2.693800e+01 0.000000e+00
      vertex   1.551060e+01 2.698077e+01 3.000000e+00
      vertex   1.532321e+01 2.693800e+01 3.000000e+00
    endloop
  endfacet
  facet normal 3.453651e-01 -9.384684e-01 0.000000e+00
    outer loop
      vertex   1.532321e+01 2.693800e+01 0.000000e+00
      vertex   1.532321e+01 2.693800e+01 3.000000e+00
      vertex   1.514282e+01 2.687162e+01 0.000000e+00
    endloop
  endfacet
  facet normal 3.453651e-01 -9.384684e-01 2.044972e-16
    outer loop
      vertex   1.514282e+01 2.687162e+01 0.000000e+00
      vertex   1.532321e+01 2.693800e+01 3.000000e+00
      vertex   1.514282e+01 2.687162e+01 3.000000e+00
    endloop
  endfacet
  facet normal 4.625383e-01 -8.865993e-01 2.738777e-16
    outer loop
      vertex   1.514282e+01 2.687162e+01 0.000000e+00
      vertex   1.514282e+01 2.687162e+01 3.000000e+00
      vertex   1.497241e+01 2.678271e+01 0.000000e+00
    endloop
  endfacet
  facet normal 4.625383e-01 -8.865993e-01 0.000000e+00
    outer loop
      vertex   1.497241e+01 2.678271e+01 0.000000e+00
      vertex   1.514282e+01 2.687162e+01 3.000000e+00
      vertex   1.497241e+01 2.678271e+01 3.000000e+00
    endloop
  endfacet
  facet normal 5.721167e-01 -8.201723e-01 0.000000e+00
    outer loop
      vertex   1.497241e+01 2.678271e+01 0.000000e+00
      vertex   1.497241e+01 2.678271e+01 3.000000e+00
      vertex   1.481477e+01 2.667275e+01 0.000000e+00
    endloop
  endfacet
  facet normal 5.721167e-01 -8.201723e-01 0.000000e+00
    outer loop
      vertex   1.481477e+01 2.667275e+01 0.000000e+00
      vertex   1.497241e+01 2.678271e+01 3.000000e+00
      vertex   1.481477e+01 2.667275e+01 3.000000e+00
    endloop
  endfacet
  facet normal 6.723009e-01 -7.402780e-01 0.000000e+00
    outer loop
      vertex   1.481477e+01 2.667275e+01 0.000000e+00
      vertex   1.481477e+01 2.667275e+01 3.000000e+00
      vertex   1.467248e+01 2.654352e+01 0.000000e+00
    endloop
  endfacet
  facet normal 6.723009e-01 -7.402780e-01 0.000000e+00
    outer loop
      vertex   1.467248e+01 2.654352e+01 0.000000e+00
      vertex   1.481477e+01 2.667275e+01 3.000000e+00
      vertex   1.467248e+01 2.654352e+01 3.000000e+00
    endloop
  endfacet
  facet normal 7.614460e-01 -6.482284e-01 0.000000e+00
    outer loop
      vertex   1.467248e+01 2.654352e+01 0.000000e+00
      vertex   1.467248e+01 2.654352e+01 3.000000e+00
      vertex   1.454788e+01 2.639717e+01 0.000000e+00
    endloop
  endfacet
  facet normal 7.614460e-01 -6.482284e-01 0.000000e+00
    outer loop
      vertex   1.454788e+01 2.639717e+01 0.000000e+00
      vertex   1.467248e+01 2.654352e+01 3.000000e+00
      vertex   1.454788e+01 2.639717e+01 3.000000e+00
    endloop
  endfacet
  facet normal 8.380881e-01 -5.455349e-01 0.000000e+00
    outer loop
      vertex   1.454788e+01 2.639717e+01 0.000000e+00
      vertex   1.454788e+01 2.639717e+01 3.000000e+00
      vertex   1.444302e+01 2.623608e+01 0.000000e+00
    endloop
  endfacet
  facet normal 8.380881e-01 -5.455349e-01 -1.497953e-16
    outer loop
      vertex   1.444302e+01 2.623608e+01 0.000000e+00
      vertex   1.454788e+01 2.639717e+01 3.000000e+00
      vertex   1.444302e+01 2.623608e+01 3.000000e+00
    endloop
  endfacet
  facet normal 9.009689e-01 -4.338837e-01 1.965917e-17
    outer loop
      vertex   1.444302e+01 2.623608e+01 0.000000e+00
      vertex   1.444302e+01 2.623608e+01 3.000000e+00
      vertex   1.435962e+01 2.606290e+01 0.000000e+00
    endloop
  endfacet
  facet normal 9.009689e-01 -4.338837e-01 -5.138216e-16
    outer loop
      vertex   1.435962e+01 2.606290e+01 0.000000e+00
      vertex   1.444302e+01 2.623608e+01 3.000000e+00
      vertex   1.435962e+01 2.606290e+01 3.000000e+00
    endloop
  endfacet
  facet normal 9.490557e-01 -3.151082e-01 -3.731631e-16
    outer loop
      vertex   1.435962e+01 2.606290e+01 0.000000e+00
      vertex   1.435962e+01 2.606290e+01 3.000000e+00
      vertex   1.429906e+01 2.588048e+01 0.000000e+00
    endloop
  endfacet
  facet normal 9.490557e-01 -3.151082e-01 0.000000e+00
    outer loop
      vertex   1.429906e+01 2.588048e+01 0.000000e+00
      vertex   1.435962e+01 2.606290e+01 3.000000e+00
      vertex   1.429906e+01 2.588048e+01 3.000000e+00
    endloop
  endfacet
  facet normal 9.815592e-01 -1.911586e-01 0.000000e+00
    outer loop
      vertex   1.429906e+01 2.588048e+01 0.000000e+00
      vertex   1.429906e+01 2.588048e+01 3.000000e+00
      vertex   1.426231e+01 2.569182e+01 0.000000e+00
    endloop
  endfacet
  facet normal 9.815592e-01 -1.911586e-01 -4.527546e-16
    outer loop
      vertex   1.426231e+01 2.569182e+01 0.000000e+00
      vertex   1.429906e+01 2.588048e+01 3.000000e+00
      vertex   1.426231e+01 2.569182e+01 3.000000e+00
    endloop
  endfacet
  facet normal -3.489950e-02 -9.993908e-01 -0.000000e+00
    outer loop
      vertex   1.200241e-15 5.000000e+00 3.000000e+00
      vertex   1.200241e-15 5.000000e+00 0.000000e+00
      vertex   3.487824e-01 4.987820e+00 3.000000e+00
    endloop
  endfacet
  facet normal -3.489950e-02 -9.993908e-01 -0.000000e+00
    outer loop
      vertex   3.487824e-01 4.987820e+00 3.000000e+00
      vertex   1.200241e-15 5.000000e+00 0.000000e+00
      vertex   3.487824e-01 4.987820e+00 0.000000e+00
    endloop
  endfacet
  facet normal -1.045285e-01 -9.945219e-01 -0.000000e+00
    outer loop
      vertex   3.487824e-01 4.987820e+00 3.000000e+00
      vertex   3.487824e-01 4.987820e+00 0.000000e+00
      vertex   6.958655e-01 4.951340e+00 3.000000e+00
    endloop
  endfacet
  facet normal -1.045285e-01 -9.945219e-01 3.868330e-17
    outer loop
      vertex   6.958655e-01 4.951340e+00 3.000000e+00
      vertex   3.487824e-01 4.987820e+00 0.000000e+00
      vertex   6.958655e-01 4.951340e+00 0.000000e+00
    endloop
  endfacet
  facet normal -1.736482e-01 -9.848078e-01 6.426274e-17
    outer loop
      vertex   6.958655e-01 4.951340e+00 3.000000e+00
      vertex   6.958655e-01 4.951340e+00 0.000000e+00
      vertex   1.039558e+00 4.890738e+00 3.000000e+00
    endloop
  endfacet
  facet normal -1.736482e-01 -9.848078e-01 6.426274e-17
    outer loop
      vertex   1.039558e+00 4.890738e+00 3.000000e+00
      vertex   6.958655e-01 4.951340e+00 0.000000e+00
      vertex   1.039558e+00 4.890738e+00 0.000000e+00
    endloop
  endfacet
  facet normal -2.419219e-01 -9.702957e-01 8.952909e-17
    outer loop
      vertex   1.039558e+00 4.890738e+00 3.000000e+00
      vertex   1.039558e+00 4.890738e+00 0.000000e+00
      vertex   1.378187e+00 4.806308e+00 3.000000e+00
    endloop
  endfacet
  facet normal -2.419219e-01 -9.702957e-01 -0.000000e+00
    outer loop
      vertex   1.378187e+00 4.806308e+00 3.000000e+00
      vertex   1.039558e+00 4.890738e+00 0.000000e+00
      vertex   1.378187e+00 4.806308e+00 0.000000e+00
    endloop
  endfacet
  facet normal -3.090170e-01 -9.510565e-01 -0.000000e+00
    outer loop
      vertex   1.378187e+00 4.806308e+00 3.000000e+00
      vertex   1.378187e+00 4.806308e+00 0.000000e+00
      vertex   1.710101e+00 4.698463e+00 3.000000e+00
    endloop
  endfacet
  facet normal -3.090170e-01 -9.510565e-01 -0.000000e+00
    outer loop
      vertex   1.710101e+00 4.698463e+00 3.000000e+00
      vertex   1.378187e+00 4.806308e+00 0.000000e+00
      vertex   1.710101e+00 4.698463e+00 0.000000e+00
    endloop
  endfacet
  facet normal -3.746066e-01 -9.271839e-01 -0.000000e+00
    outer loop
      vertex   1.710101e+00 4.698463e+00 3.000000e+00
      vertex   1.710101e+00 4.698463e+00 0.000000e+00
      vertex   2.033683e+00 4.567727e+00 3.000000e+00
    endloop
  endfacet
  facet normal -3.746066e-01 -9.271839e-01 1.081428e-16
    outer loop
      vertex   2.033683e+00 4.567727e+00 3.000000e+00
      vertex   1.710101e+00 4.698463e+00 0.000000e+00
      vertex   2.033683e+00 4.567727e+00 0.000000e+00
    endloop
  endfacet
  facet normal -4.383711e-01 -8.987940e-01 7.142060e-17
    outer loop
      vertex   2.033683e+00 4.567727e+00 3.000000e+00
      vertex   2.033683e+00 4.567727e+00 0.000000e+00
      vertex   2.347358e+00 4.414738e+00 3.000000e+00
    endloop
  endfacet
  facet normal -4.383711e-01 -8.987940e-01 1.297839e-16
    outer loop
      vertex   2.347358e+00 4.414738e+00 3.000000e+00
      vertex   2.033683e+00 4.567727e+00 0.000000e+00
      vertex   2.347358e+00 4.414738e+00 0.000000e+00
    endloop
  endfacet
  facet normal -5.000000e-01 -8.660254e-01 1.480297e-16
    outer loop
      vertex   2.347358e+00 4.414738e+00 3.000000e+00
      vertex   2.347358e+00 4.414738e+00 0.000000e+00
      vertex   2.649596e+00 4.240240e+00 3.000000e+00
    endloop
  endfacet
  facet normal -5.000000e-01 -8.660254e-01 2.220446e-16
    outer loop
      vertex   2.649596e+00 4.240240e+00 3.000000e+00
      vertex   2.347358e+00 4.414738e+00 0.000000e+00
      vertex   2.649596e+00 4.240240e+00 0.000000e+00
    endloop
  endfacet
  facet normal -5.591929e-01 -8.290376e-01 2.483315e-16
    outer loop
      vertex   2.649596e+00 4.240240e+00 3.000000e+00
      vertex   2.649596e+00 4.240240e+00 0.000000e+00
      vertex   2.938926e+00 4.045085e+00 3.000000e+00
    endloop
  endfacet
  facet normal -5.591929e-01 -8.290376e-01 -0.000000e+00
    outer loop
      vertex   2.938926e+00 4.045085e+00 3.000000e+00
      vertex   2.649596e+00 4.240240e+00 0.000000e+00
      vertex   2.938926e+00 4.045085e+00 0.000000e+00
    endloop
  endfacet
  facet normal -6.156615e-01 -7.880108e-01 -0.000000e+00
    outer loop
      vertex   2.938926e+00 4.045085e+00 3.000000e+00
      vertex   2.938926e+00 4.045085e+00 0.000000e+00
      vertex   3.213938e+00 3.830222e+00 3.000000e+00
    endloop
  endfacet
  facet normal -6.156615e-01 -7.880108e-01 2.551282e-17
    outer loop
      vertex   3.213938e+00 3.830222e+00 3.000000e+00
      vertex   2.938926e+00 4.045085e+00 0.000000e+00
      vertex   3.213938e+00 3.830222e+00 0.000000e+00
    endloop
  endfacet
  facet normal -6.691306e-01 -7.431448e-01 1.095631e-17
    outer loop
      vertex   3.213938e+00 3.830222e+00 3.000000e+00
      vertex   3.213938e+00 3.830222e+00 0.000000e+00
      vertex   3.473292e+00 3.596699e+00 3.000000e+00
    endloop
  endfacet
  facet normal -6.691306e-01 -7.431448e-01 -1.095631e-17
    outer loop
      vertex   3.473292e+00 3.596699e+00 3.000000e+00
      vertex   3.213938e+00 3.830222e+00 0.000000e+00
      vertex   3.473292e+00 3.596699e+00 0.000000e+00
    endloop
  endfacet
  facet normal -7.193398e-01 -6.946584e-01 3.653586e-18
    outer loop
      vertex   3.473292e+00 3.596699e+00 3.000000e+00
      vertex   3.473292e+00 3.596699e+00 0.000000e+00
      vertex   3.715724e+00 3.345653e+00 3.000000e+00
    endloop
  endfacet
  facet normal -7.193398e-01 -6.946584e-01 3.653586e-18
    outer loop
      vertex   3.715724e+00 3.345653e+00 3.000000e+00
      vertex   3.473292e+00 3.596699e+00 0.000000e+00
      vertex   3.715724e+00 3.345653e+00 0.000000e+00
    endloop
  endfacet
  facet normal -7.660444e-01 -6.427876e-01 1.824568e-17
    outer loop
      vertex   3.715724e+00 3.345653e+00 3.000000e+00
      vertex   3.715724e+00 3.345653e+00 0.000000e+00
      vertex   3.940054e+00 3.078307e+00 3.000000e+00
    endloop
  endfacet
  facet normal -7.660444e-01 -6.427876e-01 -0.000000e+00
    outer loop
      vertex   3.940054e+00 3.078307e+00 3.000000e+00
      vertex   3.715724e+00 3.345653e+00 0.000000e+00
      vertex   3.940054e+00 3.078307e+00 0.000000e+00
    endloop
  endfacet
  facet normal -8.090170e-01 -5.877853e-01 -0.000000e+00
    outer loop
      vertex   3.940054e+00 3.078307e+00 3.000000e+00
      vertex   3.940054e+00 3.078307e+00 0.000000e+00
      vertex   4.145188e+00 2.795965e+00 3.000000e+00
    endloop
  endfacet
  facet normal -8.090170e-01 -5.877853e-01 -0.000000e+00
    outer loop
      vertex   4.145188e+00 2.795965e+00 3.000000e+00
      vertex   3.940054e+00 3.078307e+00 0.000000e+00
      vertex   4.145188e+00 2.795965e+00 0.000000e+00
    endloop
  endfacet
  facet normal -8.480481e-01 -5.299193e-01 -0.000000e+00
    outer loop
      vertex   4.145188e+00 2.795965e+00 3.000000e+00
      vertex   4.145188e+00 2.795965e+00 0.000000e+00
      vertex   4.330127e+00 2.500000e+00 3.000000e+00
    endloop
  endfacet
  facet normal -8.480481e-01 -5.299193e-01 -9.418505e-17
    outer loop
      vertex   4.330127e+00 2.500000e+00 3.000000e+00
      vertex   4.145188e+00 2.795965e+00 0.000000e+00
      vertex   4.330127e+00 2.500000e+00 0.000000e+00
    endloop
  endfacet
  facet normal -8.829476e-01 -4.694716e-01 -1.224135e-16
    outer loop
      vertex   4.330127e+00 2.500000e+00 3.000000e+00
      vertex   4.330127e+00 2.500000e+00 0.000000e+00
      vertex   4.493970e+00 2.191856e+00 3.000000e+00
    endloop
  endfacet
  facet normal -8.829476e-01 -4.694716e-01 5.291774e-17
    outer loop
      vertex   4.493970e+00 2.191856e+00 3.000000e+00
      vertex   4.330127e+00 2.500000e+00 0.000000e+00
      vertex   4.493970e+00 2.191856e+00 0.000000e+00
    endloop
  endfacet
  facet normal -9.135455e-01 -4.067366e-01 8.983643e-17
    outer loop
      vertex   4.493970e+00 2.191856e+00 3.000000e+00
      vertex   4.493970e+00 2.191856e+00 0.000000e+00
      vertex   4.635919e+00 1.873033e+00 3.000000e+00
    endloop
  endfacet
  facet normal -9.135455e-01 -4.067366e-01 1.199410e-16
    outer loop
      vertex   4.635919e+00 1.873033e+00 3.000000e+00
      vertex   4.493970e+00 2.191856e+00 0.000000e+00
      vertex   4.635919e+00 1.873033e+00 0.000000e+00
    endloop
  endfacet
  facet normal -9.396926e-01 -3.420201e-01 1.516320e-16
    outer loop
      vertex   4.635919e+00 1.873033e+00 3.000000e+00
      vertex   4.635919e+00 1.873033e+00 0.000000e+00
      vertex   4.755283e+00 1.545085e+00 3.000000e+00
    endloop
  endfacet
  facet normal -9.396926e-01 -3.420201e-01 -0.000000e+00
    outer loop
      vertex   4.755283e+00 1.545085e+00 3.000000e+00
      vertex   4.635919e+00 1.873033e+00 0.000000e+00
      vertex   4.755283e+00 1.545085e+00 0.000000e+00
    endloop
  endfacet
  facet normal -9.612617e-01 -2.756374e-01 -0.000000e+00
    outer loop
      vertex   4.755283e+00 1.545085e+00 3.000000e+00
      vertex   4.755283e+00 1.545085e+00 0.000000e+00
      vertex   4.851479e+00 1.209609e+00 3.000000e+00
    endloop
  endfacet
  facet normal -9.612617e-01 -2.756374e-01 1.825843e-16
    outer loop
      vertex   4.851479e+00 1.209609e+00 3.000000e+00
      vertex   4.755283e+00 1.545085e+00 0.000000e+00
      vertex   4.851479e+00 1.209609e+00 0.000000e+00
    endloop
  endfacet
  facet normal -9.781476e-01 -2.079117e-01 2.126471e-16
    outer loop
      vertex   4.851479e+00 1.209609e+00 3.000000e+00
      vertex   4.851479e+00 1.209609e+00 0.000000e+00
      vertex   4.924039e+00 8.682409e-01 3.000000e+00
    endloop
  endfacet
  facet normal -9.781476e-01 -2.079117e-01 -0.000000e+00
    outer loop
      vertex   4.924039e+00 8.682409e-01 3.000000e+00
      vertex   4.851479e+00 1.209609e+00 0.000000e+00
      vertex   4.924039e+00 8.682409e-01 0.000000e+00
    endloop
  endfacet
  facet normal -9.902681e-01 -1.391731e-01 -0.000000e+00
    outer loop
      vertex   4.924039e+00 8.682409e-01 3.000000e+00
      vertex   4.924039e+00 8.682409e-01 0.000000e+00
      vertex   4.972609e+00 5.226423e-01 3.000000e+00
    endloop
  endfacet
  facet normal -9.902681e-01 -1.391731e-01 -5.150439e-17
    outer loop
      vertex   4.972609e+00 5.226423e-01 3.000000e+00
      vertex   4.924039e+00 8.682409e-01 0.000000e+00
      vertex   4.972609e+00 5.226423e-01 0.000000e+00
    endloop
  endfacet
  facet normal -9.975641e-01 -6.975647e-02 -2.581508e-17
    outer loop
      vertex   4.972609e+00 5.226423e-01 3.000000e+00
      vertex   4.972609e+00 5.226423e-01 0.000000e+00
      vertex   4.996954e+00 1.744975e-01 3.000000e+00
    endloop
  endfacet
  facet normal -9.975641e-01 -6.975647e-02 -0.000000e+00
    outer loop
      vertex   4.996954e+00 1.744975e-01 3.000000e+00
      vertex   4.972609e+00 5.226423e-01 0.000000e+00
      vertex   4.996954e+00 1.744975e-01 0.000000e+00
    endloop
  endfacet
  facet normal -1.000000e+00 -0.000000e+00 -0.000000e+00
    outer loop
      vertex   4.996954e+00 1.744975e-01 3.000000e+00
      vertex   4.996954e+00 1.744975e-01 0.000000e+00
      vertex   4.996954e+00 -1.744975e-01 3.000000e+00
    endloop
  endfacet
  facet normal -1.000000e+00 0.000000e+00 0.000000e+00
    outer loop
      vertex   4.996954e+00 -1.744975e-01 3.000000e+00
      vertex   4.996954e+00 1.744975e-01 0.000000e+00
      vertex   4.996954e+00 -1.744975e-01 0.000000e+00
    endloop
  endfacet
  facet normal -9.975641e-01 6.975647e-02 0.000000e+00
    outer loop
      vertex   4.996954e+00 -1.744975e-01 3.000000e+00
      vertex   4.996954e+00 -1.744975e-01 0.000000e+00
      vertex   4.972609e+00 -5.226423e-01 3.000000e+00
    endloop
  endfacet
  facet normal -9.975641e-01 6.975647e-02 2.581508e-17
    outer loop
      vertex   4.972609e+00 -5.226423e-01 3.000000e+00
      vertex   4.996954e+00 -1.744975e-01 0.000000e+00
      vertex   4.972609e+00 -5.226423e-01 0.000000e+00
    endloop
  endfacet
  facet normal -9.902681e-01 1.391731e-01 5.150439e-17
    outer loop
      vertex   4.972609e+00 -5.226423e-01 3.000000e+00
      vertex   4.972609e+00 -5.226423e-01 0.000000e+00
      vertex   4.924039e+00 -8.682409e-01 3.000000e+00
    endloop
  endfacet
  facet normal -9.902681e-01 1.391731e-01 0.000000e+00
    outer loop
      vertex   4.924039e+00 -8.682409e-01 3.000000e+00
      vertex   4.972609e+00 -5.226423e-01 0.000000e+00
      vertex   4.924039e+00 -8.682409e-01 0.000000e+00
    endloop
  endfacet
  facet normal -9.781476e-01 2.079117e-01 0.000000e+00
    outer loop
      vertex   4.924039e+00 -8.682409e-01 3.000000e+00
      vertex   4.924039e+00 -8.682409e-01 0.000000e+00
      vertex   4.851479e+00 -1.209609e+00 3.000000e+00
    endloop
  endfacet
  facet normal -9.781476e-01 2.079117e-01 -2.280356e-16
    outer loop
      vertex   4.851479e+00 -1.209609e+00 3.000000e+00
      vertex   4.924039e+00 -8.682409e-01 0.000000e+00
      vertex   4.851479e+00 -1.209609e+00 0.000000e+00
    endloop
  endfacet
  facet normal -9.612617e-01 2.756374e-01 -2.029856e-16
    outer loop
      vertex   4.851479e+00 -1.209609e+00 3.000000e+00
      vertex   4.851479e+00 -1.209609e+00 0.000000e+00
      vertex   4.755283e+00 -1.545085e+00 3.000000e+00
    endloop
  endfacet
  facet normal -9.612617e-01 2.756374e-01 0.000000e+00
    outer loop
      vertex   4.755283e+00 -1.545085e+00 3.000000e+00
      vertex   4.851479e+00 -1.209609e+00 0.000000e+00
      vertex   4.755283e+00 -1.545085e+00 0.000000e+00
    endloop
  endfacet
  facet normal -9.396926e-01 3.420201e-01 0.000000e+00
    outer loop
      vertex   4.755283e+00 -1.545085e+00 3.000000e+00
      vertex   4.755283e+00 -1.545085e+00 0.000000e+00
      vertex   4.635919e+00 -1.873033e+00 3.000000e+00
    endloop
  endfacet
  facet normal -9.396926e-01 3.420201e-01 1.012583e-16
    outer loop
      vertex   4.635919e+00 -1.873033e+00 3.000000e+00
      vertex   4.755283e+00 -1.545085e+00 0.000000e+00
      vertex   4.635919e+00 -1.873033e+00 0.000000e+00
    endloop
  endfacet
  facet normal -9.135455e-01 4.067366e-01 1.204182e-16
    outer loop
      vertex   4.635919e+00 -1.873033e+00 3.000000e+00
      vertex   4.635919e+00 -1.873033e+00 0.000000e+00
      vertex   4.493970e+00 -2.191856e+00 3.000000e+00
    endloop
  endfacet
  facet normal -9.135455e-01 4.067366e-01 -1.500456e-16
    outer loop
      vertex   4.493970e+00 -2.191856e+00 3.000000e+00
      vertex   4.635919e+00 -1.873033e+00 0.000000e+00
      vertex   4.493970e+00 -2.191856e+00 0.000000e+00
    endloop
  endfacet
  facet normal -8.829476e-01 4.694716e-01 -1.224135e-16
    outer loop
      vertex   4.493970e+00 -2.191856e+00 3.000000e+00
      vertex   4.493970e+00 -2.191856e+00 0.000000e+00
      vertex   4.330127e+00 -2.500000e+00 3.000000e+00
    endloop
  endfacet
  facet normal -8.829476e-01 4.694716e-01 -1.389915e-16
    outer loop
      vertex   4.330127e+00 -2.500000e+00 3.000000e+00
      vertex   4.493970e+00 -2.191856e+00 0.000000e+00
      vertex   4.330127e+00 -2.500000e+00 0.000000e+00
    endloop
  endfacet
  facet normal -8.480481e-01 5.299193e-01 -1.568876e-16
    outer loop
      vertex   4.330127e+00 -2.500000e+00 3.000000e+00
      vertex   4.330127e+00 -2.500000e+00 0.000000e+00
      vertex   4.145188e+00 -2.795965e+00 3.000000e+00
    endloop
  endfacet
  facet normal -8.480481e-01 5.299193e-01 0.000000e+00
    outer loop
      vertex   4.145188e+00 -2.795965e+00 3.000000e+00
      vertex   4.330127e+00 -2.500000e+00 0.000000e+00
      vertex   4.145188e+00 -2.795965e+00 0.000000e+00
    endloop
  endfacet
  facet normal -8.090170e-01 5.877853e-01 0.000000e+00
    outer loop
      vertex   4.145188e+00 -2.795965e+00 3.000000e+00
      vertex   4.145188e+00 -2.795965e+00 0.000000e+00
      vertex   3.940054e+00 -3.078307e+00 3.000000e+00
    endloop
  endfacet
  facet normal -8.090170e-01 5.877853e-01 5.426082e-17
    outer loop
      vertex   3.940054e+00 -3.078307e+00 3.000000e+00
      vertex   4.145188e+00 -2.795965e+00 0.000000e+00
      vertex   3.940054e+00 -3.078307e+00 0.000000e+00
    endloop
  endfacet
  facet normal -7.660444e-01 6.427876e-01 7.690600e-17
    outer loop
      vertex   3.940054e+00 -3.078307e+00 3.000000e+00
      vertex   3.940054e+00 -3.078307e+00 0.000000e+00
      vertex   3.715724e+00 -3.345653e+00 3.000000e+00
    endloop
  endfacet
  facet normal -7.660444e-01 6.427876e-01 -1.824568e-17
    outer loop
      vertex   3.715724e+00 -3.345653e+00 3.000000e+00
      vertex   3.940054e+00 -3.078307e+00 0.000000e+00
      vertex   3.715724e+00 -3.345653e+00 0.000000e+00
    endloop
  endfacet
  facet normal -7.193398e-01 6.946584e-01 -3.653586e-18
    outer loop
      vertex   3.715724e+00 -3.345653e+00 3.000000e+00
      vertex   3.715724e+00 -3.345653e+00 0.000000e+00
      vertex   3.473292e+00 -3.596699e+00 3.000000e+00
    endloop
  endfacet
  facet normal -7.193398e-01 6.946584e-01 9.917651e-17
    outer loop
      vertex   3.473292e+00 -3.596699e+00 3.000000e+00
      vertex   3.715724e+00 -3.345653e+00 0.000000e+00
      vertex   3.473292e+00 -3.596699e+00 0.000000e+00
    endloop
  endfacet
  facet normal -6.691306e-01 7.431448e-01 1.209638e-16
    outer loop
      vertex   3.473292e+00 -3.596699e+00 3.000000e+00
      vertex   3.473292e+00 -3.596699e+00 0.000000e+00
      vertex   3.213938e+00 -3.830222e+00 3.000000e+00
    endloop
  endfacet
  facet normal -6.691306e-01 7.431448e-01 -1.100075e-16
    outer loop
      vertex   3.213938e+00 -3.830222e+00 3.000000e+00
      vertex   3.473292e+00 -3.596699e+00 0.000000e+00
      vertex   3.213938e+00 -3.830222e+00 0.000000e+00
    endloop
  endfacet
  facet normal -6.156615e-01 7.880108e-01 -1.166490e-16
    outer loop
      vertex   3.213938e+00 -3.830222e+00 3.000000e+00
      vertex   3.213938e+00 -3.830222e+00 0.000000e+00
      vertex   2.938926e+00 -4.045085e+00 3.000000e+00
    endloop
  endfacet
  facet normal -6.156615e-01 7.880108e-01 0.000000e+00
    outer loop
      vertex   2.938926e+00 -4.045085e+00 3.000000e+00
      vertex   3.213938e+00 -3.830222e+00 0.000000e+00
      vertex   2.938926e+00 -4.045085e+00 0.000000e+00
    endloop
  endfacet
  facet normal -5.591929e-01 8.290376e-01 0.000000e+00
    outer loop
      vertex   2.938926e+00 -4.045085e+00 3.000000e+00
      vertex   2.938926e+00 -4.045085e+00 0.000000e+00
      vertex   2.649596e+00 -4.240240e+00 3.000000e+00
    endloop
  endfacet
  facet normal -5.591929e-01 8.290376e-01 1.626672e-16
    outer loop
      vertex   2.649596e+00 -4.240240e+00 3.000000e+00
      vertex   2.938926e+00 -4.045085e+00 0.000000e+00
      vertex   2.649596e+00 -4.240240e+00 0.000000e+00
    endloop
  endfacet
  facet normal -5.000000e-01 8.660254e-01 1.823802e-16
    outer loop
      vertex   2.649596e+00 -4.240240e+00 3.000000e+00
      vertex   2.649596e+00 -4.240240e+00 0.000000e+00
      vertex   2.347358e+00 -4.414738e+00 3.000000e+00
    endloop
  endfacet
  facet normal -5.000000e-01 8.660254e-01 3.435042e-17
    outer loop
      vertex   2.347358e+00 -4.414738e+00 3.000000e+00
      vertex   2.649596e+00 -4.240240e+00 0.000000e+00
      vertex   2.347358e+00 -4.414738e+00 0.000000e+00
    endloop
  endfacet
  facet normal -4.383711e-01 8.987940e-01 7.142060e-17
    outer loop
      vertex   2.347358e+00 -4.414738e+00 3.000000e+00
      vertex   2.347358e+00 -4.414738e+00 0.000000e+00
      vertex   2.033683e+00 -4.567727e+00 3.000000e+00
    endloop
  endfacet
  facet normal -4.383711e-01 8.987940e-01 -1.363126e-16
    outer loop
      vertex   2.033683e+00 -4.567727e+00 3.000000e+00
      vertex   2.347358e+00 -4.414738e+00 0.000000e+00
      vertex   2.033683e+00 -4.567727e+00 0.000000e+00
    endloop
  endfacet
  facet normal -3.746066e-01 9.271839e-01 -1.635957e-16
    outer loop
      vertex   2.033683e+00 -4.567727e+00 3.000000e+00
      vertex   2.033683e+00 -4.567727e+00 0.000000e+00
      vertex   1.710101e+00 -4.698463e+00 3.000000e+00
    endloop
  endfacet
  facet normal -3.746066e-01 9.271839e-01 0.000000e+00
    outer loop
      vertex   1.710101e+00 -4.698463e+00 3.000000e+00
      vertex   2.033683e+00 -4.567727e+00 0.000000e+00
      vertex   1.710101e+00 -4.698463e+00 0.000000e+00
    endloop
  endfacet
  facet normal -3.090170e-01 9.510565e-01 0.000000e+00
    outer loop
      vertex   1.710101e+00 -4.698463e+00 3.000000e+00
      vertex   1.710101e+00 -4.698463e+00 0.000000e+00
      vertex   1.378187e+00 -4.806308e+00 3.000000e+00
    endloop
  endfacet
  facet normal -3.090170e-01 9.510565e-01 0.000000e+00
    outer loop
      vertex   1.378187e+00 -4.806308e+00 3.000000e+00
      vertex   1.710101e+00 -4.698463e+00 0.000000e+00
      vertex   1.378187e+00 -4.806308e+00 0.000000e+00
    endloop
  endfacet
  facet normal -2.419219e-01 9.702957e-01 0.000000e+00
    outer loop
      vertex   1.378187e+00 -4.806308e+00 3.000000e+00
      vertex   1.378187e+00 -4.806308e+00 0.000000e+00
      vertex   1.039558e+00 -4.890738e+00 3.000000e+00
    endloop
  endfacet
  facet normal -2.419219e-01 9.702957e-01 -8.952909e-17
    outer loop
      vertex   1.039558e+00 -4.890738e+00 3.000000e+00
      vertex   1.378187e+00 -4.806308e+00 0.000000e+00
      vertex   1.039558e+00 -4.890738e+00 0.000000e+00
    endloop
  endfacet
  facet normal -1.736482e-01 9.848078e-01 -6.426274e-17
    outer loop
      vertex   1.039558e+00 -4.890738e+00 3.000000e+00
      vertex   1.039558e+00 -4.890738e+00 0.000000e+00
      vertex   6.958655e-01 -4.951340e+00 3.000000e+00
    endloop
  endfacet
  facet normal -1.736482e-01 9.848078e-01 -6.426274e-17
    outer loop
      vertex   6.958655e-01 -4.951340e+00 3.000000e+00
      vertex   1.039558e+00 -4.890738e+00 0.000000e+00
      vertex   6.958655e-01 -4.951340e+00 0.000000e+00
    endloop
  endfacet
  facet normal -1.045285e-01 9.945219e-01 -3.868330e-17
    outer loop
      vertex   6.958655e-01 -4.951340e+00 3.000000e+00
      vertex   6.958655e-01 -4.951340e+00 0.000000e+00
      vertex   3.487824e-01 -4.987820e+00 3.000000e+00
    endloop
  endfacet
  facet normal -1.045285e-01 9.945219e-01 0.000000e+00
    outer loop
      vertex   3.487824e-01 -4.987820e+00 3.000000e+00
      vertex   6.958655e-01 -4.951340e+00 0.000000e+00
      vertex   3.487824e-01 -4.987820e+00 0.000000e+00
    endloop
  endfacet
  facet normal -3.489950e-02 9.993908e-01 0.000000e+00
    outer loop
      vertex   3.487824e-01 -4.987820e+00 3.000000e+00
      vertex   3.487824e-01 -4.987820e+00 0.000000e+00
      vertex   -1.200241e-15 -5.000000e+00 3.000000e+00
    endloop
  endfacet
  facet normal -3.489950e-02 9.993908e-01 0.000000e+00
    outer loop
      vertex   -1.200241e-15 -5.000000e+00 3.000000e+00
      vertex   3.487824e-01 -4.987820e+00 0.000000e+00
      vertex   -1.200241e-15 -5.000000e+00 0.000000e+00
    endloop
  endfacet
  facet normal -9.989931e-01 4.486483e-02 0.000000e+00
    outer loop
      vertex   1.554529e+01 -7.518918e+00 0.000000e+00
      vertex   1.554529e+01 -7.518918e+00 3.000000e+00
      vertex   1.555737e+01 -7.250000e+00 0.000000e+00
    endloop
  endfacet
  facet normal -9.989931e-01 4.486483e-02 0.000000e+00
    outer loop
      vertex   1.555737e+01 -7.250000e+00 0.000000e+00
      vertex   1.554529e+01 -7.518918e+00 3.000000e+00
      vertex   1.555737e+01 -7.250000e+00 3.000000e+00
    endloop
  endfacet
  facet normal -9.989931e-01 -4.486483e-02 0.000000e+00
    outer loop
      vertex   1.555737e+01 -7.250000e+00 0.000000e+00
      vertex   1.555737e+01 -7.250000e+00 3.000000e+00
      vertex   1.554529e+01 -6.981082e+00 0.000000e+00
    endloop
  endfacet
  facet normal -9.989931e-01 -4.486483e-02 0.000000e+00
    outer loop
      vertex   1.554529e+01 -6.981082e+00 0.000000e+00
      vertex   1.555737e+01 -7.250000e+00 3.000000e+00
      vertex   1.554529e+01 -6.981082e+00 3.000000e+00
    endloop
  endfacet
  facet normal -9.909498e-01 -1.342333e-01 0.000000e+00
    outer loop
      vertex   1.554529e+01 -6.981082e+00 0.000000e+00
      vertex   1.554529e+01 -6.981082e+00 3.000000e+00
      vertex   1.550916e+01 -6.714329e+00 0.000000e+00
    endloop
  endfacet
  facet normal -9.909498e-01 -1.342333e-01 0.000000e+00
    outer loop
      vertex   1.550916e+01 -6.714329e+00 0.000000e+00
      vertex   1.554529e+01 -6.981082e+00 3.000000e+00
      vertex   1.550916e+01 -6.714329e+00 3.000000e+00
    endloop
  endfacet
  facet normal -9.749279e-01 -2.225209e-01 0.000000e+00
    outer loop
      vertex   1.550916e+01 -6.714329e+00 0.000000e+00
      vertex   1.550916e+01 -6.714329e+00 3.000000e+00
      vertex   1.544926e+01 -6.451889e+00 0.000000e+00
    endloop
  endfacet
  facet normal -9.749279e-01 -2.225209e-01 0.000000e+00
    outer loop
      vertex   1.544926e+01 -6.451889e+00 0.000000e+00
      vertex   1.550916e+01 -6.714329e+00 3.000000e+00
      vertex   1.544926e+01 -6.451889e+00 3.000000e+00
    endloop
  endfacet
  facet normal -9.510565e-01 -3.090170e-01 0.000000e+00
    outer loop
      vertex   1.544926e+01 -6.451889e+00 0.000000e+00
      vertex   1.544926e+01 -6.451889e+00 3.000000e+00
      vertex   1.536607e+01 -6.195876e+00 0.000000e+00
    endloop
  endfacet
  facet normal -9.510565e-01 -3.090170e-01 0.000000e+00
    outer loop
      vertex   1.536607e+01 -6.195876e+00 0.000000e+00
      vertex   1.544926e+01 -6.451889e+00 3.000000e+00
      vertex   1.536607e+01 -6.195876e+00 3.000000e+00
    endloop
  endfacet
  facet normal -9.195278e-01 -3.930250e-01 0.000000e+00
    outer loop
      vertex   1.536607e+01 -6.195876e+00 0.000000e+00
      vertex   1.536607e+01 -6.195876e+00 3.000000e+00
      vertex   1.526027e+01 -5.948349e+00 0.000000e+00
    endloop
  endfacet
  facet normal -9.195278e-01 -3.930250e-01 0.000000e+00
    outer loop
      vertex   1.526027e+01 -5.948349e+00 0.000000e+00
      vertex   1.536607e+01 -6.195876e+00 3.000000e+00
      vertex   1.526027e+01 -5.948349e+00 3.000000e+00
    endloop
  endfacet
  facet normal -8.805955e-01 -4.738687e-01 0.000000e+00
    outer loop
      vertex   1.526027e+01 -5.948349e+00 0.000000e+00
      vertex   1.526027e+01 -5.948349e+00 3.000000e+00
      vertex   1.513271e+01 -5.711302e+00 0.000000e+00
    endloop
  endfacet
  facet normal -8.805955e-01 -4.738687e-01 0.000000e+00
    outer loop
      vertex   1.513271e+01 -5.711302e+00 0.000000e+00
      vertex   1.526027e+01 -5.948349e+00 3.000000e+00
      vertex   1.513271e+01 -5.711302e+00 3.000000e+00
    endloop
  endfacet
  facet normal -8.345733e-01 -5.508970e-01 0.000000e+00
    outer loop
      vertex   1.513271e+01 -5.711302e+00 0.000000e+00
      vertex   1.513271e+01 -5.711302e+00 3.000000e+00
      vertex   1.498442e+01 -5.486644e+00 0.000000e+00
    endloop
  endfacet
  facet normal -8.345733e-01 -5.508970e-01 0.000000e+00
    outer loop
      vertex   1.498442e+01 -5.486644e+00 0.000000e+00
      vertex   1.513271e+01 -5.711302e+00 3.000000e+00
      vertex   1.498442e+01 -5.486644e+00 3.000000e+00
    endloop
  endfacet
  facet normal -7.818315e-01 -6.234898e-01 0.000000e+00
    outer loop
      vertex   1.498442e+01 -5.486644e+00 0.000000e+00
      vertex   1.498442e+01 -5.486644e+00 3.000000e+00
      vertex   1.481658e+01 -5.276184e+00 0.000000e+00
    endloop
  endfacet
  facet normal -7.818315e-01 -6.234898e-01 0.000000e+00
    outer loop
      vertex   1.481658e+01 -5.276184e+00 0.000000e+00
      vertex   1.498442e+01 -5.486644e+00 3.000000e+00
      vertex   1.481658e+01 -5.276184e+00 3.000000e+00
    endloop
  endfacet
  facet normal -7.227949e-01 -6.910626e-01 0.000000e+00
    outer loop
      vertex   1.481658e+01 -5.276184e+00 0.000000e+00
      vertex   1.481658e+01 -5.276184e+00 3.000000e+00
      vertex   1.463056e+01 -5.081615e+00 0.000000e+00
    endloop
  endfacet
  facet normal -7.227949e-01 -6.910626e-01 0.000000e+00
    outer loop
      vertex   1.463056e+01 -5.081615e+00 0.000000e+00
      vertex   1.481658e+01 -5.276184e+00 3.000000e+00
      vertex   1.463056e+01 -5.081615e+00 3.000000e+00
    endloop
  endfacet
  facet normal -6.579387e-01 -7.530715e-01 0.000000e+00
    outer loop
      vertex   1.463056e+01 -5.081615e+00 0.000000e+00
      vertex   1.463056e+01 -5.081615e+00 3.000000e+00
      vertex   1.442784e+01 -4.904506e+00 0.000000e+00
    endloop
  endfacet
  facet normal -6.579387e-01 -7.530715e-01 0.000000e+00
    outer loop
      vertex   1.442784e+01 -4.904506e+00 0.000000e+00
      vertex   1.463056e+01 -5.081615e+00 3.000000e+00
      vertex   1.442784e+01 -4.904506e+00 3.000000e+00
    endloop
  endfacet
  facet normal -5.877853e-01 -8.090170e-01 0.000000e+00
    outer loop
      vertex   1.442784e+01 -4.904506e+00 0.000000e+00
      vertex   1.442784e+01 -4.904506e+00 3.000000e+00
      vertex   1.421006e+01 -4.746280e+00 0.000000e+00
    endloop
  endfacet
  facet normal -5.877853e-01 -8.090170e-01 0.000000e+00
    outer loop
      vertex   1.421006e+01 -4.746280e+00 0.000000e+00
      vertex   1.442784e+01 -4.904506e+00 3.000000e+00
      vertex   1.421006e+01 -4.746280e+00 3.000000e+00
    endloop
  endfacet
  facet normal -5.128993e-01 -8.584488e-01 0.000000e+00
    outer loop
      vertex   1.421006e+01 -4.746280e+00 0.000000e+00
      vertex   1.421006e+01 -4.746280e+00 3.000000e+00
      vertex   1.397897e+01 -4.608213e+00 0.000000e+00
    endloop
  endfacet
  facet normal -5.128993e-01 -8.584488e-01 0.000000e+00
    outer loop
      vertex   1.397897e+01 -4.608213e+00 0.000000e+00
      vertex   1.421006e+01 -4.746280e+00 3.000000e+00
      vertex   1.397897e+01 -4.608213e+00 3.000000e+00
    endloop
  endfacet
  facet normal -4.338837e-01 -9.009689e-01 0.000000e+00
    outer loop
      vertex   1.397897e+01 -4.608213e+00 0.000000e+00
      vertex   1.397897e+01 -4.608213e+00 3.000000e+00
      vertex   1.373644e+01 -4.491417e+00 0.000000e+00
    endloop
  endfacet
  facet normal -4.338837e-01 -9.009689e-01 0.000000e+00
    outer loop
      vertex   1.373644e+01 -4.491417e+00 0.000000e+00
      vertex   1.397897e+01 -4.608213e+00 3.000000e+00
      vertex   1.373644e+01 -4.491417e+00 3.000000e+00
    endloop
  endfacet
  facet normal -3.513748e-01 -9.362349e-01 0.000000e+00
    outer loop
      vertex   1.373644e+01 -4.491417e+00 0.000000e+00
      vertex   1.373644e+01 -4.491417e+00 3.000000e+00
      vertex   1.348442e+01 -4.396830e+00 0.000000e+00
    endloop
  endfacet
  facet normal -3.513748e-01 -9.362349e-01 0.000000e+00
    outer loop
      vertex   1.348442e+01 -4.396830e+00 0.000000e+00
      vertex   1.373644e+01 -4.491417e+00 3.000000e+00
      vertex   1.348442e+01 -4.396830e+00 3.000000e+00
    endloop
  endfacet
  facet normal -2.660368e-01 -9.639629e-01 0.000000e+00
    outer loop
      vertex   1.348442e+01 -4.396830e+00 0.000000e+00
      vertex   1.348442e+01 -4.396830e+00 3.000000e+00
      vertex   1.322493e+01 -4.325216e+00 0.000000e+00
    endloop
  endfacet
  facet normal -2.660368e-01 -9.639629e-01 0.000000e+00
    outer loop
      vertex   1.322493e+01 -4.325216e+00 0.000000e+00
      vertex   1.348442e+01 -4.396830e+00 3.000000e+00
      vertex   1.322493e+01 -4.325216e+00 3.000000e+00
    endloop
  endfacet
  facet normal -1.785569e-01 -9.839296e-01 0.000000e+00
    outer loop
      vertex   1.322493e+01 -4.325216e+00 0.000000e+00
      vertex   1.322493e+01 -4.325216e+00 3.000000e+00
      vertex   1.296007e+01 -4.277151e+00 0.000000e+00
    endloop
  endfacet
  facet normal -1.785569e-01 -9.839296e-01 0.000000e+00
    outer loop
      vertex   1.296007e+01 -4.277151e+00 0.000000e+00
      vertex   1.322493e+01 -4.325216e+00 3.000000e+00
      vertex   1.296007e+01 -4.277151e+00 3.000000e+00
    endloop
  endfacet
  facet normal -8.963931e-02 -9.959743e-01 0.000000e+00
    outer loop
      vertex   1.296007e+01 -4.277151e+00 0.000000e+00
      vertex   1.296007e+01 -4.277151e+00 3.000000e+00
      vertex   1.269196e+01 -4.253021e+00 0.000000e+00
    endloop
  endfacet
  facet normal -8.963931e-02 -9.959743e-01 0.000000e+00
    outer loop
      vertex   1.269196e+01 -4.253021e+00 0.000000e+00
      vertex   1.296007e+01 -4.277151e+00 3.000000e+00
      vertex   1.269196e+01 -4.253021e+00 3.000000e+00
    endloop
  endfacet
  facet normal 3.299461e-15 -1.000000e+00 0.000000e+00
    outer loop
      vertex   1.269196e+01 -4.253021e+00 0.000000e+00
      vertex   1.269196e+01 -4.253021e+00 3.000000e+00
      vertex   1.242277e+01 -4.253021e+00 0.000000e+00
    endloop
  endfacet
  facet normal 3.299461e-15 -1.000000e+00 0.000000e+00
    outer loop
      vertex   1.242277e+01 -4.253021e+00 0.000000e+00
      vertex   1.269196e+01 -4.253021e+00 3.000000e+00
      vertex   1.242277e+01 -4.253021e+00 3.000000e+00
    endloop
  endfacet
  facet normal 8.963931e-02 -9.959743e-01 0.000000e+00
    outer loop
      vertex   1.242277e+01 -4.253021e+00 0.000000e+00
      vertex   1.242277e+01 -4.253021e+00 3.000000e+00
      vertex   1.215467e+01 -4.277151e+00 0.000000e+00
    endloop
  endfacet
  facet normal 8.963931e-02 -9.959743e-01 0.000000e+00
    outer loop
      vertex   1.215467e+01 -4.277151e+00 0.000000e+00
      vertex   1.242277e+01 -4.253021e+00 3.000000e+00
      vertex   1.215467e+01 -4.277151e+00 3.000000e+00
    endloop
  endfacet
  facet normal 1.785569e-01 -9.839296e-01 0.000000e+00
    outer loop
      vertex   1.215467e+01 -4.277151e+00 0.000000e+00
      vertex   1.215467e+01 -4.277151e+00 3.000000e+00
      vertex   1.188981e+01 -4.325216e+00 0.000000e+00
    endloop
  endfacet
  facet normal 1.785569e-01 -9.839296e-01 0.000000e+00
    outer loop
      vertex   1.188981e+01 -4.325216e+00 0.000000e+00
      vertex   1.215467e+01 -4.277151e+00 3.000000e+00
      vertex   1.188981e+01 -4.325216e+00 3.000000e+00
    endloop
  endfacet
  facet normal 2.660368e-01 -9.639629e-01 0.000000e+00
    outer loop
      vertex   1.188981e+01 -4.325216e+00 0.000000e+00
      vertex   1.188981e+01 -4.325216e+00 3.000000e+00
      vertex   1.163032e+01 -4.396830e+00 0.000000e+00
    endloop
  endfacet
  facet normal 2.660368e-01 -9.639629e-01 0.000000e+00
    outer loop
      vertex   1.163032e+01 -4.396830e+00 0.000000e+00
      vertex   1.188981e+01 -4.325216e+00 3.000000e+00
      vertex   1.163032e+01 -4.396830e+00 3.000000e+00
    endloop
  endfacet
  facet normal 3.513748e-01 -9.362349e-01 0.000000e+00
    outer loop
      vertex   1.163032e+01 -4.396830e+00 0.000000e+00
      vertex   1.163032e+01 -4.396830e+00 3.000000e+00
      vertex   1.137829e+01 -4.491417e+00 0.000000e+00
    endloop
  endfacet
  facet normal 3.513748e-01 -9.362349e-01 0.000000e+00
    outer loop
      vertex   1.137829e+01 -4.491417e+00 0.000000e+00
      vertex   1.163032e+01 -4.396830e+00 3.000000e+00
      vertex   1.137829e+01 -4.491417e+00 3.000000e+00
    endloop
  endfacet
  facet normal 4.338837e-01 -9.009689e-01 0.000000e+00
    outer loop
      vertex   1.137829e+01 -4.491417e+00 0.000000e+00
      vertex   1.137829e+01 -4.491417e+00 3.000000e+00
      vertex   1.113576e+01 -4.608213e+00 0.000000e+00
    endloop
  endfacet
  facet normal 4.338837e-01 -9.009689e-01 0.000000e+00
    outer loop
      vertex   1.113576e+01 -4.608213e+00 0.000000e+00
      vertex   1.137829e+01 -4.491417e+00 3.000000e+00
      vertex   1.113576e+01 -4.608213e+00 3.000000e+00
    endloop
  endfacet
  facet normal 5.128993e-01 -8.584488e-01 0.000000e+00
    outer loop
      vertex   1.113576e+01 -4.608213e+00 0.000000e+00
      vertex   1.113576e+01 -4.608213e+00 3.000000e+00
      vertex   1.090468e+01 -4.746280e+00 0.000000e+00
    endloop
  endfacet
  facet normal 5.128993e-01 -8.584488e-01 0.000000e+00
    outer loop
      vertex   1.090468e+01 -4.746280e+00 0.000000e+00
      vertex   1.113576e+01 -4.608213e+00 3.000000e+00
      vertex   1.090468e+01 -4.746280e+00 3.000000e+00
    endloop
  endfacet
  facet normal 5.877853e-01 -8.090170e-01 0.000000e+00
    outer loop
      vertex   1.090468e+01 -4.746280e+00 0.000000e+00
      vertex   1.090468e+01 -4.746280e+00 3.000000e+00
      vertex   1.068690e+01 -4.904506e+00 0.000000e+00
    endloop
  endfacet
  facet normal 5.877853e-01 -8.090170e-01 0.000000e+00
    outer loop
      vertex   1.068690e+01 -4.904506e+00 0.000000e+00
      vertex   1.090468e+01 -4.746280e+00 3.000000e+00
      vertex   1.068690e+01 -4.904506e+00 3.000000e+00
    endloop
  endfacet
  facet normal 6.579387e-01 -7.530715e-01 0.000000e+00
    outer loop
      vertex   1.068690e+01 -4.904506e+00 0.000000e+00
      vertex   1.068690e+01 -4.904506e+00 3.000000e+00
      vertex   1.048418e+01 -5.081615e+00 0.000000e+00
    endloop
  endfacet
  facet normal 6.579387e-01 -7.530715e-01 0.000000e+00
    outer loop
      vertex   1.048418e+01 -5.081615e+00 0.000000e+00
      vertex   1.068690e+01 -4.904506e+00 3.000000e+00
      vertex   1.048418e+01 -5.081615e+00 3.000000e+00
    endloop
  endfacet
  facet normal 7.227949e-01 -6.910626e-01 0.000000e+00
    outer loop
      vertex   1.048418e+01 -5.081615e+00 0.000000e+00
      vertex   1.048418e+01 -5.081615e+00 3.000000e+00
      vertex   1.029815e+01 -5.276184e+00 0.000000e+00
    endloop
  endfacet
  facet normal 7.227949e-01 -6.910626e-01 0.000000e+00
    outer loop
      vertex   1.029815e+01 -5.276184e+00 0.000000e+00
      vertex   1.048418e+01 -5.081615e+00 3.000000e+00
      vertex   1.029815e+01 -5.276184e+00 3.000000e+00
    endloop
  endfacet
  facet normal 7.818315e-01 -6.234898e-01 0.000000e+00
    outer loop
      vertex   1.029815e+01 -5.276184e+00 0.000000e+00
      vertex   1.029815e+01 -5.276184e+00 3.000000e+00
      vertex   1.013032e+01 -5.486644e+00 0.000000e+00
    endloop
  endfacet
  facet normal 7.818315e-01 -6.234898e-01 0.000000e+00
    outer loop
      vertex   1.013032e+01 -5.486644e+00 0.000000e+00
      vertex   1.029815e+01 -5.276184e+00 3.000000e+00
      vertex   1.013032e+01 -5.486644e+00 3.000000e+00
    endloop
  endfacet
  facet normal 8.345733e-01 -5.508970e-01 0.000000e+00
    outer loop
      vertex   1.013032e+01 -5.486644e+00 0.000000e+00
      vertex   1.013032e+01 -5.486644e+00 3.000000e+00
      vertex   9.982022e+00 -5.711302e+00 0.000000e+00
    endloop
  endfacet
  facet normal 8.345733e-01 -5.508970e-01 0.000000e+00
    outer loop
      vertex   9.982022e+00 -5.711302e+00 0.000000e+00
      vertex   1.013032e+01 -5.486644e+00 3.000000e+00
      vertex   9.982022e+00 -5.711302e+00 3.000000e+00
    endloop
  endfacet
  facet normal 8.805955e-01 -4.738687e-01 0.000000e+00
    outer loop
      vertex   9.982022e+00 -5.711302e+00 0.000000e+00
      vertex   9.982022e+00 -5.711302e+00 3.000000e+00
      vertex   9.854462e+00 -5.948349e+00 0.000000e+00
    endloop
  endfacet
  facet normal 8.805955e-01 -4.738687e-01 0.000000e+00
    outer loop
      vertex   9.854462e+00 -5.948349e+00 0.000000e+00
      vertex   9.982022e+00 -5.711302e+00 3.000000e+00
      vertex   9.854462e+00 -5.948349e+00 3.000000e+00
    endloop
  endfacet
  facet normal 9.195278e-01 -3.930250e-01 0.000000e+00
    outer loop
      vertex   9.854462e+00 -5.948349e+00 0.000000e+00
      vertex   9.854462e+00 -5.948349e+00 3.000000e+00
      vertex   9.748664e+00 -6.195876e+00 0.000000e+00
    endloop
  endfacet
  facet normal 9.195278e-01 -3.930250e-01 0.000000e+00
    outer loop
      vertex   9.748664e+00 -6.195876e+00 0.000000e+00
      vertex   9.854462e+00 -5.948349e+00 3.000000e+00
      vertex   9.748664e+00 -6.195876e+00 3.000000e+00
    endloop
  endfacet
  facet normal 9.510565e-01 -3.090170e-01 0.000000e+00
    outer loop
      vertex   9.748664e+00 -6.195876e+00 0.000000e+00
      vertex   9.748664e+00 -6.195876e+00 3.000000e+00
      vertex   9.665480e+00 -6.451889e+00 0.000000e+00
    endloop
  endfacet
  facet normal 9.510565e-01 -3.090170e-01 0.000000e+00
    outer loop
      vertex   9.665480e+00 -6.451889e+00 0.000000e+00
      vertex   9.748664e+00 -6.195876e+00 3.000000e+00
      vertex   9.665480e+00 -6.451889e+00 3.000000e+00
    endloop
  endfacet
  facet normal 9.749279e-01 -2.225209e-01 0.000000e+00
    outer loop
      vertex   9.665480e+00 -6.451889e+00 0.000000e+00
      vertex   9.665480e+00 -6.451889e+00 3.000000e+00
      vertex   9.605580e+00 -6.714329e+00 0.000000e+00
    endloop
  endfacet
  facet normal 9.749279e-01 -2.225209e-01 0.000000e+00
    outer loop
      vertex   9.605580e+00 -6.714329e+00 0.000000e+00
      vertex   9.665480e+00 -6.451889e+00 3.000000e+00
      vertex   9.605580e+00 -6.714329e+00 3.000000e+00
    endloop
  endfacet
  facet normal 9.909498e-01 -1.342333e-01 0.000000e+00
    outer loop
      vertex   9.605580e+00 -6.714329e+00 0.000000e+00
      vertex   9.605580e+00 -6.714329e+00 3.000000e+00
      vertex   9.569445e+00 -6.981082e+00 0.000000e+00
    endloop
  endfacet
  facet normal 9.909498e-01 -1.342333e-01 0.000000e+00
    outer loop
      vertex   9.569445e+00 -6.981082e+00 0.000000e+00
      vertex   9.605580e+00 -6.714329e+00 3.000000e+00
      vertex   9.569445e+00 -6.981082e+00 3.000000e+00
    endloop
  endfacet
  facet normal 9.989931e-01 -4.486483e-02 0.000000e+00
    outer loop
      vertex   9.569445e+00 -6.981082e+00 0.000000e+00
      vertex   9.569445e+00 -6.981082e+00 3.000000e+00
      vertex   9.557368e+00 -7.250000e+00 0.000000e+00
    endloop
  endfacet
  facet normal 9.989931e-01 -4.486483e-02 0.000000e+00
    outer loop
      vertex   9.557368e+00 -7.250000e+00 0.000000e+00
      vertex   9.569445e+00 -6.981082e+00 3.000000e+00
      vertex   9.557368e+00 -7.250000e+00 3.000000e+00
    endloop
  endfacet
  facet normal 9.989931e-01 4.486483e-02 -0.000000e+00
    outer loop
      vertex   9.557368e+00 -7.250000e+00 0.000000e+00
      vertex   9.557368e+00 -7.250000e+00 3.000000e+00
      vertex   9.569445e+00 -7.518918e+00 0.000000e+00
    endloop
  endfacet
  facet normal 9.989931e-01 4.486483e-02 -0.000000e+00
    outer loop
      vertex   9.569445e+00 -7.518918e+00 0.000000e+00
      vertex   9.557368e+00 -7.250000e+00 3.000000e+00
      vertex   9.569445e+00 -7.518918e+00 3.000000e+00
    endloop
  endfacet
  facet normal 9.909498e-01 1.342333e-01 -0.000000e+00
    outer loop
      vertex   9.569445e+00 -7.518918e+00 0.000000e+00
      vertex   9.569445e+00 -7.518918e+00 3.000000e+00
      vertex   9.605580e+00 -7.785671e+00 0.000000e+00
    endloop
  endfacet
  facet normal 9.909498e-01 1.342333e-01 -0.000000e+00
    outer loop
      vertex   9.605580e+00 -7.785671e+00 0.000000e+00
      vertex   9.569445e+00 -7.518918e+00 3.000000e+00
      vertex   9.605580e+00 -7.785671e+00 3.000000e+00
    endloop
  endfacet
  facet normal 9.749279e-01 2.225209e-01 -0.000000e+00
    outer loop
      vertex   9.605580e+00 -7.785671e+00 0.000000e+00
      vertex   9.605580e+00 -7.785671e+00 3.000000e+00
      vertex   9.665480e+00 -8.048111e+00 0.000000e+00
    endloop
  endfacet
  facet normal 9.749279e-01 2.225209e-01 -0.000000e+00
    outer loop
      vertex   9.665480e+00 -8.048111e+00 0.000000e+00
      vertex   9.605580e+00 -7.785671e+00 3.000000e+00
      vertex   9.665480e+00 -8.048111e+00 3.000000e+00
    endloop
  endfacet
  facet normal 9.510565e-01 3.090170e-01 -0.000000e+00
    outer loop
      vertex   9.665480e+00 -8.048111e+00 0.000000e+00
      vertex   9.665480e+00 -8.048111e+00 3.000000e+00
      vertex   9.748664e+00 -8.304124e+00 0.000000e+00
    endloop
  endfacet
  facet normal 9.510565e-01 3.090170e-01 -0.000000e+00
    outer loop
      vertex   9.748664e+00 -8.304124e+00 0.000000e+00
      vertex   9.665480e+00 -8.048111e+00 3.000000e+00
      vertex   9.748664e+00 -8.304124e+00 3.000000e+00
    endloop
  endfacet
  facet normal 9.195278e-01 3.930250e-01 -0.000000e+00
    outer loop
      vertex   9.748664e+00 -8.304124e+00 0.000000e+00
      vertex   9.748664e+00 -8.304124e+00 3.000000e+00
      vertex   9.854462e+00 -8.551651e+00 0.000000e+00
    endloop
  endfacet
  facet normal 9.195278e-01 3.930250e-01 -0.000000e+00
    outer loop
      vertex   9.854462e+00 -8.551651e+00 0.000000e+00
      vertex   9.748664e+00 -8.304124e+00 3.000000e+00
      vertex   9.854462e+00 -8.551651e+00 3.000000e+00
    endloop
  endfacet
  facet normal 8.805955e-01 4.738687e-01 -0.000000e+00
    outer loop
      vertex   9.854462e+00 -8.551651e+00 0.000000e+00
      vertex   9.854462e+00 -8.551651e+00 3.000000e+00
      vertex   9.982022e+00 -8.788698e+00 0.000000e+00
    endloop
  endfacet
  facet normal 8.805955e-01 4.738687e-01 -0.000000e+00
    outer loop
      vertex   9.982022e+00 -8.788698e+00 0.000000e+00
      vertex   9.854462e+00 -8.551651e+00 3.000000e+00
      vertex   9.982022e+00 -8.788698e+00 3.000000e+00
    endloop
  endfacet
  facet normal 8.345733e-01 5.508970e-01 -0.000000e+00
    outer loop
      vertex   9.982022e+00 -8.788698e+00 0.000000e+00
      vertex   9.982022e+00 -8.788698e+00 3.000000e+00
      vertex   1.013032e+01 -9.013356e+00 0.000000e+00
    endloop
  endfacet
  facet normal 8.345733e-01 5.508970e-01 -0.000000e+00
    outer loop
      vertex   1.013032e+01 -9.013356e+00 0.000000e+00
      vertex   9.982022e+00 -8.788698e+00 3.000000e+00
      vertex   1.013032e+01 -9.013356e+00 3.000000e+00
    endloop
  endfacet
  facet normal 7.818315e-01 6.234898e-01 -0.000000e+00
    outer loop
      vertex   1.013032e+01 -9.013356e+00 0.000000e+00
      vertex   1.013032e+01 -9.013356e+00 3.000000e+00
      vertex   1.029815e+01 -9.223816e+00 0.000000e+00
    endloop
  endfacet
  facet normal 7.818315e-01 6.234898e-01 -0.000000e+00
    outer loop
      vertex   1.029815e+01 -9.223816e+00 0.000000e+00
      vertex   1.013032e+01 -9.013356e+00 3.000000e+00
      vertex   1.029815e+01 -9.223816e+00 3.000000e+00
    endloop
  endfacet
  facet normal 7.227949e-01 6.910626e-01 -0.000000e+00
    outer loop
      vertex   1.029815e+01 -9.223816e+00 0.000000e+00
      vertex   1.029815e+01 -9.223816e+00 3.000000e+00
      vertex   1.048418e+01 -9.418385e+00 0.000000e+00
    endloop
  endfacet
  facet normal 7.227949e-01 6.910626e-01 -0.000000e+00
    outer loop
      vertex   1.048418e+01 -9.418385e+00 0.000000e+00
      vertex   1.029815e+01 -9.223816e+00 3.000000e+00
      vertex   1.048418e+01 -9.418385e+00 3.000000e+00
    endloop
  endfacet
  facet normal 6.579387e-01 7.530715e-01 -0.000000e+00
    outer loop
      vertex   1.048418e+01 -9.418385e+00 0.000000e+00
      vertex   1.048418e+01 -9.418385e+00 3.000000e+00
      vertex   1.068690e+01 -9.595494e+00 0.000000e+00
    endloop
  endfacet
  facet normal 6.579387e-01 7.530715e-01 -0.000000e+00
    outer loop
      vertex   1.068690e+01 -9.595494e+00 0.000000e+00
      vertex   1.048418e+01 -9.418385e+00 3.000000e+00
      vertex   1.068690e+01 -9.595494e+00 3.000000e+00
    endloop
  endfacet
  facet normal 5.877853e-01 8.090170e-01 -0.000000e+00
    outer loop
      vertex   1.068690e+01 -9.595494e+00 0.000000e+00
      vertex   1.068690e+01 -9.595494e+00 3.000000e+00
      vertex   1.090468e+01 -9.753720e+00 0.000000e+00
    endloop
  endfacet
  facet normal 5.877853e-01 8.090170e-01 -0.000000e+00
    outer loop
      vertex   1.090468e+01 -9.753720e+00 0.000000e+00
      vertex   1.068690e+01 -9.595494e+00 3.000000e+00
      vertex   1.090468e+01 -9.753720e+00 3.000000e+00
    endloop
  endfacet
  facet normal 5.128993e-01 8.584488e-01 -0.000000e+00
    outer loop
      vertex   1.090468e+01 -9.753720e+00 0.000000e+00
      vertex   1.090468e+01 -9.753720e+00 3.000000e+00
      vertex   1.113576e+01 -9.891787e+00 0.000000e+00
    endloop
  endfacet
  facet normal 5.128993e-01 8.584488e-01 -0.000000e+00
    outer loop
      vertex   1.113576e+01 -9.891787e+00 0.000000e+00
      vertex   1.090468e+01 -9.753720e+00 3.000000e+00
      vertex   1.113576e+01 -9.891787e+00 3.000000e+00
    endloop
  endfacet
  facet normal 4.338837e-01 9.009689e-01 -0.000000e+00
    outer loop
      vertex   1.113576e+01 -9.891787e+00 0.000000e+00
      vertex   1.113576e+01 -9.891787e+00 3.000000e+00
      vertex   1.137829e+01 -1.000858e+01 0.000000e+00
    endloop
  endfacet
  facet normal 4.338837e-01 9.009689e-01 -0.000000e+00
    outer loop
      vertex   1.137829e+01 -1.000858e+01 0.000000e+00
      vertex   1.113576e+01 -9.891787e+00 3.000000e+00
      vertex   1.137829e+01 -1.000858e+01 3.000000e+00
    endloop
  endfacet
  facet normal 3.513748e-01 9.362349e-01 -0.000000e+00
    outer loop
      vertex   1.137829e+01 -1.000858e+01 0.000000e+00
      vertex   1.137829e+01 -1.000858e+01 3.000000e+00
      vertex   1.163032e+01 -1.010317e+01 0.000000e+00
    endloop
  endfacet
  facet normal 3.513748e-01 9.362349e-01 -0.000000e+00
    outer loop
      vertex   1.163032e+01 -1.010317e+01 0.000000e+00
      vertex   1.137829e+01 -1.000858e+01 3.000000e+00
      vertex   1.163032e+01 -1.010317e+01 3.000000e+00
    endloop
  endfacet
  facet normal 2.660368e-01 9.639629e-01 -0.000000e+00
    outer loop
      vertex   1.163032e+01 -1.010317e+01 0.000000e+00
      vertex   1.163032e+01 -1.010317e+01 3.000000e+00
      vertex   1.188981e+01 -1.017478e+01 0.000000e+00
    endloop
  endfacet
  facet normal 2.660368e-01 9.639629e-01 -0.000000e+00
    outer loop
      vertex   1.188981e+01 -1.017478e+01 0.000000e+00
      vertex   1.163032e+01 -1.010317e+01 3.000000e+00
      vertex   1.188981e+01 -1.017478e+01 3.000000e+00
    endloop
  endfacet
  facet normal 1.785569e-01 9.839296e-01 -0.000000e+00
    outer loop
      vertex   1.188981e+01 -1.017478e+01 0.000000e+00
      vertex   1.188981e+01 -1.017478e+01 3.000000e+00
      vertex   1.215467e+01 -1.022285e+01 0.000000e+00
    endloop
  endfacet
  facet normal 1.785569e-01 9.839296e-01 -0.000000e+00
    outer loop
      vertex   1.215467e+01 -1.022285e+01 0.000000e+00
      vertex   1.188981e+01 -1.017478e+01 3.000000e+00
      vertex   1.215467e+01 -1.022285e+01 3.000000e+00
    endloop
  endfacet
  facet normal 8.963931e-02 9.959743e-01 -0.000000e+00
    outer loop
      vertex   1.215467e+01 -1.022285e+01 0.000000e+00
      vertex   1.215467e+01 -1.022285e+01 3.000000e+00
      vertex   1.242277e+01 -1.024698e+01 0.000000e+00
    endloop
  endfacet
  facet normal 8.963931e-02 9.959743e-01 -0.000000e+00
    outer loop
      vertex   1.242277e+01 -1.024698e+01 0.000000e+00
      vertex   1.215467e+01 -1.022285e+01 3.000000e+00
      vertex   1.242277e+01 -1.024698e+01 3.000000e+00
    endloop
  endfacet
  facet normal 6.598921e-15 1.000000e+00 -0.000000e+00
    outer loop
      vertex   1.242277e+01 -1.024698e+01 0.000000e+00
      vertex   1.242277e+01 -1.024698e+01 3.000000e+00
      vertex   1.269196e+01 -1.024698e+01 0.000000e+00
    endloop
  endfacet
  facet normal 6.598921e-15 1.000000e+00 -0.000000e+00
    outer loop
      vertex   1.269196e+01 -1.024698e+01 0.000000e+00
      vertex   1.242277e+01 -1.024698e+01 3.000000e+00
      vertex   1.269196e+01 -1.024698e+01 3.000000e+00
    endloop
  endfacet
  facet normal -8.963931e-02 9.959743e-01 0.000000e+00
    outer loop
      vertex   1.269196e+01 -1.024698e+01 0.000000e+00
      vertex   1.269196e+01 -1.024698e+01 3.000000e+00
      vertex   1.296007e+01 -1.022285e+01 0.000000e+00
    endloop
  endfacet
  facet normal -8.963931e-02 9.959743e-01 0.000000e+00
    outer loop
      vertex   1.296007e+01 -1.022285e+01 0.000000e+00
      vertex   1.269196e+01 -1.024698e+01 3.000000e+00
      vertex   1.296007e+01 -1.022285e+01 3.000000e+00
    endloop
  endfacet
  facet normal -1.785569e-01 9.839296e-01 0.000000e+00
    outer loop
      vertex   1.296007e+01 -1.022285e+01 0.000000e+00
      vertex   1.296007e+01 -1.022285e+01 3.000000e+00
      vertex   1.322493e+01 -1.017478e+01 0.000000e+00
    endloop
  endfacet
  facet normal -1.785569e-01 9.839296e-01 0.000000e+00
    outer loop
      vertex   1.322493e+01 -1.017478e+01 0.000000e+00
      vertex   1.296007e+01 -1.022285e+01 3.000000e+00
      vertex   1.322493e+01 -1.017478e+01 3.000000e+00
    endloop
  endfacet
  facet normal -2.660368e-01 9.639629e-01 0.000000e+00
    outer loop
      vertex   1.322493e+01 -1.017478e+01 0.000000e+00
      vertex   1.322493e+01 -1.017478e+01 3.000000e+00
      vertex   1.348442e+01 -1.010317e+01 0.000000e+00
    endloop
  endfacet
  facet normal -2.660368e-01 9.639629e-01 0.000000e+00
    outer loop
      vertex   1.348442e+01 -1.010317e+01 0.000000e+00
      vertex   1.322493e+01 -1.017478e+01 3.000000e+00
      vertex   1.348442e+01 -1.010317e+01 3.000000e+00
    endloop
  endfacet
  facet normal -3.513748e-01 9.362349e-01 0.000000e+00
    outer loop
      vertex   1.348442e+01 -1.010317e+01 0.000000e+00
      vertex   1.348442e+01 -1.010317e+01 3.000000e+00
      vertex   1.373644e+01 -1.000858e+01 0.000000e+00
    endloop
  endfacet
  facet normal -3.513748e-01 9.362349e-01 0.000000e+00
    outer loop
      vertex   1.373644e+01 -1.000858e+01 0.000000e+00
      vertex   1.348442e+01 -1.010317e+01 3.000000e+00
      vertex   1.373644e+01 -1.000858e+01 3.000000e+00
    endloop
  endfacet
  facet normal -4.338837e-01 9.009689e-01 0.000000e+00
    outer loop
      vertex   1.373644e+01 -1.000858e+01 0.000000e+00
      vertex   1.373644e+01 -1.000858e+01 3.000000e+00
      vertex   1.397897e+01 -9.891787e+00 0.000000e+00
    endloop
  endfacet
  facet normal -4.338837e-01 9.009689e-01 0.000000e+00
    outer loop
      vertex   1.397897e+01 -9.891787e+00 0.000000e+00
      vertex   1.373644e+01 -1.000858e+01 3.000000e+00
      vertex   1.397897e+01 -9.891787e+00 3.000000e+00
    endloop
  endfacet
  facet normal -5.128993e-01 8.584488e-01 0.000000e+00
    outer loop
      vertex   1.397897e+01 -9.891787e+00 0.000000e+00
      vertex   1.397897e+01 -9.891787e+00 3.000000e+00
      vertex   1.421006e+01 -9.753720e+00 0.000000e+00
    endloop
  endfacet
  facet normal -5.128993e-01 8.584488e-01 0.000000e+00
    outer loop
      vertex   1.421006e+01 -9.753720e+00 0.000000e+00
      vertex   1.397897e+01 -9.891787e+00 3.000000e+00
      vertex   1.421006e+01 -9.753720e+00 3.000000e+00
    endloop
  endfacet
  facet normal -5.877853e-01 8.090170e-01 0.000000e+00
    outer loop
      vertex   1.421006e+01 -9.753720e+00 0.000000e+00
      vertex   1.421006e+01 -9.753720e+00 3.000000e+00
      vertex   1.442784e+01 -9.595494e+00 0.000000e+00
    endloop
  endfacet
  facet normal -5.877853e-01 8.090170e-01 0.000000e+00
    outer loop
      vertex   1.442784e+01 -9.595494e+00 0.000000e+00
      vertex   1.421006e+01 -9.753720e+00 3.000000e+00
      vertex   1.442784e+01 -9.595494e+00 3.000000e+00
    endloop
  endfacet
  facet normal -6.579387e-01 7.530715e-01 0.000000e+00
    outer loop
      vertex   1.442784e+01 -9.595494e+00 0.000000e+00
      vertex   1.442784e+01 -9.595494e+00 3.000000e+00
      vertex   1.463056e+01 -9.418385e+00 0.000000e+00
    endloop
  endfacet
  facet normal -6.579387e-01 7.530715e-01 0.000000e+00
    outer loop
      vertex   1.463056e+01 -9.418385e+00 0.000000e+00
      vertex   1.442784e+01 -9.595494e+00 3.000000e+00
      vertex   1.463056e+01 -9.418385e+00 3.000000e+00
    endloop
  endfacet
  facet normal -7.227949e-01 6.910626e-01 0.000000e+00
    outer loop
      vertex   1.463056e+01 -9.418385e+00 0.000000e+00
      vertex   1.463056e+01 -9.418385e+00 3.000000e+00
      vertex   1.481658e+01 -9.223816e+00 0.000000e+00
    endloop
  endfacet
  facet normal -7.227949e-01 6.910626e-01 0.000000e+00
    outer loop
      vertex   1.481658e+01 -9.223816e+00 0.000000e+00
      vertex   1.463056e+01 -9.418385e+00 3.000000e+00
      vertex   1.481658e+01 -9.223816e+00 3.000000e+00
    endloop
  endfacet
  facet normal -7.818315e-01 6.234898e-01 0.000000e+00
    outer loop
      vertex   1.481658e+01 -9.223816e+00 0.000000e+00
      vertex   1.481658e+01 -9.223816e+00 3.000000e+00
      vertex   1.498442e+01 -9.013356e+00 0.000000e+00
    endloop
  endfacet
  facet normal -7.818315e-01 6.234898e-01 0.000000e+00
    outer loop
      vertex   1.498442e+01 -9.013356e+00 0.000000e+00
      vertex   1.481658e+01 -9.223816e+00 3.000000e+00
      vertex   1.498442e+01 -9.013356e+00 3.000000e+00
    endloop
  endfacet
  facet normal -8.345733e-01 5.508970e-01 0.000000e+00
    outer loop
      vertex   1.498442e+01 -9.013356e+00 0.000000e+00
      vertex   1.498442e+01 -9.013356e+00 3.000000e+00
      vertex   1.513271e+01 -8.788698e+00 0.000000e+00
    endloop
  endfacet
  facet normal -8.345733e-01 5.508970e-01 0.000000e+00
    outer loop
      vertex   1.513271e+01 -8.788698e+00 0.000000e+00
      vertex   1.498442e+01 -9.013356e+00 3.000000e+00
      vertex   1.513271e+01 -8.788698e+00 3.000000e+00
    endloop
  endfacet
  facet normal -8.805955e-01 4.738687e-01 0.000000e+00
    outer loop
      vertex   1.513271e+01 -8.788698e+00 0.000000e+00
      vertex   1.513271e+01 -8.788698e+00 3.000000e+00
      vertex   1.526027e+01 -8.551651e+00 0.000000e+00
    endloop
  endfacet
  facet normal -8.805955e-01 4.738687e-01 0.000000e+00
    outer loop
      vertex   1.526027e+01 -8.551651e+00 0.000000e+00
      vertex   1.513271e+01 -8.788698e+00 3.000000e+00
      vertex   1.526027e+01 -8.551651e+00 3.000000e+00
    endloop
  endfacet
  facet normal -9.195278e-01 3.930250e-01 0.000000e+00
    outer loop
      vertex   1.526027e+01 -8.551651e+00 0.000000e+00
      vertex   1.526027e+01 -8.551651e+00 3.000000e+00
      vertex   1.536607e+01 -8.304124e+00 0.000000e+00
    endloop
  endfacet
  facet normal -9.195278e-01 3.930250e-01 0.000000e+00
    outer loop
      vertex   1.536607e+01 -8.304124e+00 0.000000e+00
      vertex   1.526027e+01 -8.551651e+00 3.000000e+00
      vertex   1.536607e+01 -8.304124e+00 3.000000e+00
    endloop
  endfacet
  facet normal -9.510565e-01 3.090170e-01 0.000000e+00
    outer loop
      vertex   1.536607e+01 -8.304124e+00 0.000000e+00
      vertex   1.536607e+01 -8.304124e+00 3.000000e+00
      vertex   1.544926e+01 -8.048111e+00 0.000000e+00
    endloop
  endfacet
  facet normal -9.510565e-01 3.090170e-01 0.000000e+00
    outer loop
      vertex   1.544926e+01 -8.048111e+00 0.000000e+00
      vertex   1.536607e+01 -8.304124e+00 3.000000e+00
      vertex   1.544926e+01 -8.048111e+00 3.000000e+00
    endloop
  endfacet
  facet normal -9.749279e-01 2.225209e-01 0.000000e+00
    outer loop
      vertex   1.544926e+01 -8.048111e+00 0.000000e+00
      vertex   1.544926e+01 -8.048111e+00 3.000000e+00
      vertex   1.550916e+01 -7.785671e+00 0.000000e+00
    endloop
  endfacet
  facet normal -9.749279e-01 2.225209e-01 0.000000e+00
    outer loop
      vertex   1.550916e+01 -7.785671e+00 0.000000e+00
      vertex   1.544926e+01 -8.048111e+00 3.000000e+00
      vertex   1.550916e+01 -7.785671e+00 3.000000e+00
    endloop
  endfacet
  facet normal -9.909498e-01 1.342333e-01 0.000000e+00
    outer loop
      vertex   1.550916e+01 -7.785671e+00 0.000000e+00
      vertex   1.550916e+01 -7.785671e+00 3.000000e+00
      vertex   1.554529e+01 -7.518918e+00 0.000000e+00
    endloop
  endfacet
  facet normal -9.909498e-01 1.342333e-01 0.000000e+00
    outer loop
      vertex   1.554529e+01 -7.518918e+00 0.000000e+00
      vertex   1.550916e+01 -7.785671e+00 3.000000e+00
      vertex   1.554529e+01 -7.518918e+00 3.000000e+00
    endloop
  endfacet
  facet normal 0.000000e+00 0.000000e+00 -1.000000e+00
    outer loop
      vertex   6.367973e-15 2.652789e+01 0.000000e+00
      vertex   6.661338e-15 2.750000e+01 0.000000e+00
      vertex   7.722793e-01 2.651583e+01 0.000000e+00
    endloop
  endfacet
  facet normal 0.000000e+00 0.000000e+00 -1.000000e+00
    outer loop
      vertex   7.722793e-01 2.651583e+01 0.000000e+00
      vertex   6.661338e-15 2.750000e+01 0.000000e+00
      vertex   1.543856e+00 2.647965e+01 0.000000e+00
    endloop
  endfacet
  facet normal 0.000000e+00 0.000000e+00 -1.000000e+00
    outer loop
      vertex   1.543856e+00 2.647965e+01 0.000000e+00
      vertex   6.661338e-15 2.750000e+01 0.000000e+00
      vertex   2.314027e+00 2.641940e+01 0.000000e+00
    endloop
  endfacet
  facet normal 0.000000e+00 0.000000e+00 -1.000000e+00
    outer loop
      vertex   2.314027e+00 2.641940e+01 0.000000e+00
      vertex   6.661338e-15 2.750000e+01 0.000000e+00
      vertex   3.082091e+00 2.633511e+01 0.000000e+00
    endloop
  endfacet
  facet normal 0.000000e+00 0.000000e+00 -1.000000e+00
    outer loop
      vertex   3.082091e+00 2.633511e+01 0.000000e+00
      vertex   6.661338e-15 2.750000e+01 0.000000e+00
      vertex   3.847350e+00 2.622688e+01 0.000000e+00
    endloop
  endfacet
  facet normal 0.000000e+00 0.000000e+00 -1.000000e+00
    outer loop
      vertex   3.847350e+00 2.622688e+01 0.000000e+00
      vertex   6.661338e-15 2.750000e+01 0.000000e+00
      vertex   4.609107e+00 2.609480e+01 0.000000e+00
    endloop
  endfacet
  facet normal 0.000000e+00 0.000000e+00 -1.000000e+00
    outer loop
      vertex   4.609107e+00 2.609480e+01 0.000000e+00
      vertex   6.661338e-15 2.750000e+01 0.000000e+00
      vertex   1.532321e+01 2.693800e+01 0.000000e+00
    endloop
  endfacet
  facet normal 0.000000e+00 0.000000e+00 -1.000000e+00
    outer loop
      vertex   4.609107e+00 2.609480e+01 0.000000e+00
      vertex   1.532321e+01 2.693800e+01 0.000000e+00
      vertex   1.514282e+01 2.687162e+01 0.000000e+00
    endloop
  endfacet
  facet normal 0.000000e+00 0.000000e+00 -1.000000e+00
    outer loop
      vertex   1.532321e+01 2.693800e+01 0.000000e+00
      vertex   6.661338e-15 2.750000e+01 0.000000e+00
      vertex   1.551060e+01 2.698077e+01 0.000000e+00
    endloop
  endfacet
  facet normal 0.000000e+00 0.000000e+00 -1.000000e+00
    outer loop
      vertex   1.551060e+01 2.698077e+01 0.000000e+00
      vertex   6.661338e-15 2.750000e+01 0.000000e+00
      vertex   1.950000e+01 2.750000e+01 0.000000e+00
    endloop
  endfacet
  facet normal 0.000000e+00 0.000000e+00 -1.000000e+00
    outer loop
      vertex   1.551060e+01 2.698077e+01 0.000000e+00
      vertex   1.950000e+01 2.750000e+01 0.000000e+00
      vertex   1.570192e+01 2.699923e+01 0.000000e+00
    endloop
  endfacet
  facet normal 0.000000e+00 0.000000e+00 -1.000000e+00
    outer loop
      vertex   1.570192e+01 2.699923e+01 0.000000e+00
      vertex   1.950000e+01 2.750000e+01 0.000000e+00
      vertex   1.589403e+01 2.699307e+01 0.000000e+00
    endloop
  endfacet
  facet normal 0.000000e+00 0.000000e+00 -1.000000e+00
    outer loop
      vertex   1.589403e+01 2.699307e+01 0.000000e+00
      vertex   1.950000e+01 2.750000e+01 0.000000e+00
      vertex   1.608378e+01 2.696239e+01 0.000000e+00
    endloop
  endfacet
  facet normal 0.000000e+00 0.000000e+00 -1.000000e+00
    outer loop
      vertex   1.608378e+01 2.696239e+01 0.000000e+00
      vertex   1.950000e+01 2.750000e+01 0.000000e+00
      vertex   1.626805e+01 2.690770e+01 0.000000e+00
    endloop
  endfacet
  facet normal 0.000000e+00 0.000000e+00 -1.000000e+00
    outer loop
      vertex   1.626805e+01 2.690770e+01 0.000000e+00
      vertex   1.950000e+01 2.750000e+01 0.000000e+00
      vertex   1.644381e+01 2.682990e+01 0.000000e+00
    endloop
  endfacet
  facet normal 0.000000e+00 0.000000e+00 -1.000000e+00
    outer loop
      vertex   1.644381e+01 2.682990e+01 0.000000e+00
      vertex   1.950000e+01 2.750000e+01 0.000000e+00
      vertex   1.660817e+01 2.673026e+01 0.000000e+00
    endloop
  endfacet
  facet normal 0.000000e+00 0.000000e+00 -1.000000e+00
    outer loop
      vertex   1.660817e+01 2.673026e+01 0.000000e+00
      vertex   1.950000e+01 2.750000e+01 0.000000e+00
      vertex   1.675845e+01 2.661042e+01 0.000000e+00
    endloop
  endfacet
  facet normal 0.000000e+00 0.000000e+00 -1.000000e+00
    outer loop
      vertex   1.675845e+01 2.661042e+01 0.000000e+00
      vertex   1.950000e+01 2.750000e+01 0.000000e+00
      vertex   1.689217e+01 2.647234e+01 0.000000e+00
    endloop
  endfacet
  facet normal 0.000000e+00 0.000000e+00 -1.000000e+00
    outer loop
      vertex   1.689217e+01 2.647234e+01 0.000000e+00
      vertex   1.950000e+01 2.750000e+01 0.000000e+00
      vertex   1.700713e+01 2.631830e+01 0.000000e+00
    endloop
  endfacet
  facet normal 0.000000e+00 0.000000e+00 -1.000000e+00
    outer loop
      vertex   1.700713e+01 2.631830e+01 0.000000e+00
      vertex   1.950000e+01 2.750000e+01 0.000000e+00
      vertex   1.710145e+01 2.615083e+01 0.000000e+00
    endloop
  endfacet
  facet normal 0.000000e+00 0.000000e+00 -1.000000e+00
    outer loop
      vertex   1.710145e+01 2.615083e+01 0.000000e+00
      vertex   1.950000e+01 2.750000e+01 0.000000e+00
      vertex   1.717358e+01 2.597266e+01 0.000000e+00
    endloop
  endfacet
  facet normal 0.000000e+00 0.000000e+00 -1.000000e+00
    outer loop
      vertex   1.717358e+01 2.597266e+01 0.000000e+00
      vertex   1.950000e+01 2.750000e+01 0.000000e+00
      vertex   1.722234e+01 2.578674e+01 0.000000e+00
    endloop
  endfacet
  facet normal 0.000000e+00 0.000000e+00 -1.000000e+00
    outer loop
      vertex   1.722234e+01 2.578674e+01 0.000000e+00
      vertex   1.950000e+01 2.750000e+01 0.000000e+00
      vertex   1.724692e+01 2.559611e+01 0.000000e+00
    endloop
  endfacet
  facet normal 0.000000e+00 0.000000e+00 -1.000000e+00
    outer loop
      vertex   1.724692e+01 2.559611e+01 0.000000e+00
      vertex   1.950000e+01 2.750000e+01 0.000000e+00
      vertex   1.724692e+01 2.540389e+01 0.000000e+00
    endloop
  endfacet
  facet normal 0.000000e+00 0.000000e+00 -1.000000e+00
    outer loop
      vertex   1.724692e+01 2.540389e+01 0.000000e+00
      vertex   1.950000e+01 2.750000e+01 0.000000e+00
      vertex   1.950000e+01 2.150000e+01 0.000000e+00
    endloop
  endfacet
  facet normal 0.000000e+00 -0.000000e+00 -1.000000e+00
    outer loop
      vertex   1.724692e+01 2.540389e+01 0.000000e+00
      vertex   1.950000e+01 2.150000e+01 0.000000e+00
      vertex   1.722234e+01 2.521326e+01 0.000000e+00
    endloop
  endfacet
  facet normal 0.000000e+00 -0.000000e+00 -1.000000e+00
    outer loop
      vertex   1.722234e+01 2.521326e+01 0.000000e+00
      vertex   1.950000e+01 2.150000e+01 0.000000e+00
      vertex   1.717358e+01 2.502734e+01 0.000000e+00
    endloop
  endfacet
  facet normal 0.000000e+00 -0.000000e+00 -1.000000e+00
    outer loop
      vertex   1.717358e+01 2.502734e+01 0.000000e+00
      vertex   1.950000e+01 2.150000e+01 0.000000e+00
      vertex   1.710145e+01 2.484917e+01 0.000000e+00
    endloop
  endfacet
  facet normal 0.000000e+00 -0.000000e+00 -1.000000e+00
    outer loop
      vertex   1.710145e+01 2.484917e+01 0.000000e+00
      vertex   1.950000e+01 2.150000e+01 0.000000e+00
      vertex   1.700713e+01 2.468170e+01 0.000000e+00
    endloop
  endfacet
  facet normal 0.000000e+00 -0.000000e+00 -1.000000e+00
    outer loop
      vertex   1.700713e+01 2.468170e+01 0.000000e+00
      vertex   1.950000e+01 2.150000e+01 0.000000e+00
      vertex   1.689217e+01 2.452766e+01 0.000000e+00
    endloop
  endfacet
  facet normal 0.000000e+00 -0.000000e+00 -1.000000e+00
    outer loop
      vertex   1.689217e+01 2.452766e+01 0.000000e+00
      vertex   1.950000e+01 2.150000e+01 0.000000e+00
      vertex   1.675845e+01 2.438958e+01 0.000000e+00
    endloop
  endfacet
  facet normal 0.000000e+00 0.000000e+00 -1.000000e+00
    outer loop
      vertex   1.675845e+01 2.438958e+01 0.000000e+00
      vertex   1.950000e+01 2.150000e+01 0.000000e+00
      vertex   1.951096e+01 2.129094e+01 0.000000e+00
    endloop
  endfacet
  facet normal 0.000000e+00 -0.000000e+00 -1.000000e+00
    outer loop
      vertex   1.675845e+01 2.438958e+01 0.000000e+00
      vertex   1.951096e+01 2.129094e+01 0.000000e+00
      vertex   1.660817e+01 2.426974e+01 0.000000e+00
    endloop
  endfacet
  facet normal 0.000000e+00 0.000000e+00 -1.000000e+00
    outer loop
      vertex   1.660817e+01 2.426974e+01 0.000000e+00
      vertex   1.951096e+01 2.129094e+01 0.000000e+00
      vertex   1.954370e+01 2.108418e+01 0.000000e+00
    endloop
  endfacet
  facet normal 0.000000e+00 -0.000000e+00 -1.000000e+00
    outer loop
      vertex   1.660817e+01 2.426974e+01 0.000000e+00
      vertex   1.954370e+01 2.108418e+01 0.000000e+00
      vertex   1.644381e+01 2.417010e+01 0.000000e+00
    endloop
  endfacet
  facet normal 0.000000e+00 -0.000000e+00 -1.000000e+00
    outer loop
      vertex   1.644381e+01 2.417010e+01 0.000000e+00
      vertex   1.954370e+01 2.108418e+01 0.000000e+00
      vertex   1.626805e+01 2.409230e+01 0.000000e+00
    endloop
  endfacet
  facet normal 0.000000e+00 0.000000e+00 -1.000000e+00
    outer loop
      vertex   1.626805e+01 2.409230e+01 0.000000e+00
      vertex   1.954370e+01 2.108418e+01 0.000000e+00
      vertex   1.959789e+01 2.088197e+01 0.000000e+00
    endloop
  endfacet
  facet normal 0.000000e+00 -0.000000e+00 -1.000000e+00
    outer loop
      vertex   1.626805e+01 2.409230e+01 0.000000e+00
      vertex   1.959789e+01 2.088197e+01 0.000000e+00
      vertex   1.608378e+01 2.403761e+01 0.000000e+00
    endloop
  endfacet
  facet normal 0.000000e+00 -0.000000e+00 -1.000000e+00
    outer loop
      vertex   1.608378e+01 2.403761e+01 0.000000e+00
      vertex   1.959789e+01 2.088197e+01 0.000000e+00
      vertex   1.589403e+01 2.400693e+01 0.000000e+00
    endloop
  endfacet
  facet normal 0.000000e+00 0.000000e+00 -1.000000e+00
    outer loop
      vertex   1.589403e+01 2.400693e+01 0.000000e+00
      vertex   1.959789e+01 2.088197e+01 0.000000e+00
      vertex   1.967291e+01 2.068653e+01 0.000000e+00
    endloop
  endfacet
  facet normal 0.000000e+00 -0.000000e+00 -1.000000e+00
    outer loop
      vertex   1.589403e+01 2.400693e+01 0.000000e+00
      vertex   1.967291e+01 2.068653e+01 0.000000e+00
      vertex   1.570192e+01 2.400077e+01 0.000000e+00
    endloop
  endfacet
  facet normal 4.610508e-17 5.524116e-17 -1.000000e+00
    outer loop
      vertex   1.570192e+01 2.400077e+01 0.000000e+00
      vertex   1.967291e+01 2.068653e+01 0.000000e+00
      vertex   1.322969e+01 2.271450e+01 -1.850372e-16
    endloop
  endfacet
  facet normal 1.170696e-17 1.213549e-16 -1.000000e+00
    outer loop
      vertex   1.570192e+01 2.400077e+01 0.000000e+00
      vertex   1.322969e+01 2.271450e+01 -1.850372e-16
      vertex   1.551060e+01 2.401923e+01 0.000000e+00
    endloop
  endfacet
  facet normal 2.313753e-17 1.013721e-16 -1.000000e+00
    outer loop
      vertex   1.551060e+01 2.401923e+01 0.000000e+00
      vertex   1.322969e+01 2.271450e+01 -1.850372e-16
      vertex   1.532321e+01 2.406200e+01 0.000000e+00
    endloop
  endfacet
  facet normal 3.215190e-17 8.736710e-17 -1.000000e+00
    outer loop
      vertex   1.532321e+01 2.406200e+01 0.000000e+00
      vertex   1.322969e+01 2.271450e+01 -1.850372e-16
      vertex   1.514282e+01 2.412838e+01 0.000000e+00
    endloop
  endfacet
  facet normal 4.002301e-17 7.671663e-17 -1.000000e+00
    outer loop
      vertex   1.514282e+01 2.412838e+01 0.000000e+00
      vertex   1.322969e+01 2.271450e+01 -1.850372e-16
      vertex   1.497241e+01 2.421729e+01 0.000000e+00
    endloop
  endfacet
  facet normal 4.748112e-17 6.806776e-17 -1.000000e+00
    outer loop
      vertex   1.497241e+01 2.421729e+01 0.000000e+00
      vertex   1.322969e+01 2.271450e+01 -1.850372e-16
      vertex   1.481477e+01 2.432725e+01 0.000000e+00
    endloop
  endfacet
  facet normal 5.505605e-17 6.062283e-17 -1.000000e+00
    outer loop
      vertex   1.481477e+01 2.432725e+01 0.000000e+00
      vertex   1.322969e+01 2.271450e+01 -1.850372e-16
      vertex   1.467248e+01 2.445648e+01 0.000000e+00
    endloop
  endfacet
  facet normal 6.324448e-17 5.384081e-17 -1.000000e+00
    outer loop
      vertex   1.467248e+01 2.445648e+01 0.000000e+00
      vertex   1.322969e+01 2.271450e+01 -1.850372e-16
      vertex   1.454788e+01 2.460283e+01 0.000000e+00
    endloop
  endfacet
  facet normal 7.263903e-17 4.728277e-17 -1.000000e+00
    outer loop
      vertex   1.454788e+01 2.460283e+01 0.000000e+00
      vertex   1.322969e+01 2.271450e+01 -1.850372e-16
      vertex   1.444302e+01 2.476392e+01 0.000000e+00
    endloop
  endfacet
  facet normal 8.409725e-17 4.049910e-17 -1.000000e+00
    outer loop
      vertex   1.444302e+01 2.476392e+01 0.000000e+00
      vertex   1.322969e+01 2.271450e+01 -1.850372e-16
      vertex   1.435962e+01 2.493710e+01 0.000000e+00
    endloop
  endfacet
  facet normal 9.906251e-17 3.289102e-17 -1.000000e+00
    outer loop
      vertex   1.435962e+01 2.493710e+01 0.000000e+00
      vertex   1.322969e+01 2.271450e+01 -1.850372e-16
      vertex   1.429906e+01 2.511952e+01 0.000000e+00
    endloop
  endfacet
  facet normal 1.203306e-16 2.343439e-17 -1.000000e+00
    outer loop
      vertex   1.429906e+01 2.511952e+01 0.000000e+00
      vertex   1.322969e+01 2.271450e+01 -1.850372e-16
      vertex   1.426231e+01 2.530818e+01 0.000000e+00
    endloop
  endfacet
  facet normal -1.888626e-16 1.465333e-16 -1.000000e+00
    outer loop
      vertex   1.426231e+01 2.530818e+01 0.000000e+00
      vertex   1.322969e+01 2.271450e+01 -1.850372e-16
      vertex   1.256251e+01 2.311736e+01 0.000000e+00
    endloop
  endfacet
  facet normal -0.000000e+00 0.000000e+00 -1.000000e+00
    outer loop
      vertex   1.426231e+01 2.530818e+01 0.000000e+00
      vertex   1.256251e+01 2.311736e+01 0.000000e+00
      vertex   1.425000e+01 2.550000e+01 0.000000e+00
    endloop
  endfacet
  facet normal -0.000000e+00 0.000000e+00 -1.000000e+00
    outer loop
      vertex   1.425000e+01 2.550000e+01 0.000000e+00
      vertex   1.256251e+01 2.311736e+01 0.000000e+00
      vertex   1.426231e+01 2.569182e+01 0.000000e+00
    endloop
  endfacet
  facet normal 0.000000e+00 0.000000e+00 -1.000000e+00
    outer loop
      vertex   1.426231e+01 2.569182e+01 0.000000e+00
      vertex   1.256251e+01 2.311736e+01 0.000000e+00
      vertex   1.188390e+01 2.349919e+01 0.000000e+00
    endloop
  endfacet
  facet normal -0.000000e+00 0.000000e+00 -1.000000e+00
    outer loop
      vertex   1.426231e+01 2.569182e+01 0.000000e+00
      vertex   1.188390e+01 2.349919e+01 0.000000e+00
      vertex   1.429906e+01 2.588048e+01 0.000000e+00
    endloop
  endfacet
  facet normal 0.000000e+00 0.000000e+00 -1.000000e+00
    outer loop
      vertex   1.429906e+01 2.588048e+01 0.000000e+00
      vertex   1.188390e+01 2.349919e+01 0.000000e+00
      vertex   1.119446e+01 2.385966e+01 0.000000e+00
    endloop
  endfacet
  facet normal -0.000000e+00 0.000000e+00 -1.000000e+00
    outer loop
      vertex   1.429906e+01 2.588048e+01 0.000000e+00
      vertex   1.119446e+01 2.385966e+01 0.000000e+00
      vertex   1.435962e+01 2.606290e+01 0.000000e+00
    endloop
  endfacet
  facet normal 0.000000e+00 0.000000e+00 -1.000000e+00
    outer loop
      vertex   1.435962e+01 2.606290e+01 0.000000e+00
      vertex   1.119446e+01 2.385966e+01 0.000000e+00
      vertex   1.049484e+01 2.419843e+01 0.000000e+00
    endloop
  endfacet
  facet normal -0.000000e+00 0.000000e+00 -1.000000e+00
    outer loop
      vertex   1.435962e+01 2.606290e+01 0.000000e+00
      vertex   1.049484e+01 2.419843e+01 0.000000e+00
      vertex   1.444302e+01 2.623608e+01 0.000000e+00
    endloop
  endfacet
  facet normal 0.000000e+00 0.000000e+00 -1.000000e+00
    outer loop
      vertex   1.444302e+01 2.623608e+01 0.000000e+00
      vertex   1.049484e+01 2.419843e+01 0.000000e+00
      vertex   9.785662e+00 2.451519e+01 0.000000e+00
    endloop
  endfacet
  facet normal -0.000000e+00 0.000000e+00 -1.000000e+00
    outer loop
      vertex   1.444302e+01 2.623608e+01 0.000000e+00
      vertex   9.785662e+00 2.451519e+01 0.000000e+00
      vertex   1.454788e+01 2.639717e+01 0.000000e+00
    endloop
  endfacet
  facet normal 0.000000e+00 0.000000e+00 -1.000000e+00
    outer loop
      vertex   1.454788e+01 2.639717e+01 0.000000e+00
      vertex   9.785662e+00 2.451519e+01 0.000000e+00
      vertex   9.067577e+00 2.480967e+01 0.000000e+00
    endloop
  endfacet
  facet normal -0.000000e+00 0.000000e+00 -1.000000e+00
    outer loop
      vertex   1.454788e+01 2.639717e+01 0.000000e+00
      vertex   9.067577e+00 2.480967e+01 0.000000e+00
      vertex   1.467248e+01 2.654352e+01 0.000000e+00
    endloop
  endfacet
  facet normal 0.000000e+00 0.000000e+00 -1.000000e+00
    outer loop
      vertex   1.467248e+01 2.654352e+01 0.000000e+00
      vertex   9.067577e+00 2.480967e+01 0.000000e+00
      vertex   8.341239e+00 2.508158e+01 0.000000e+00
    endloop
  endfacet
  facet normal -0.000000e+00 0.000000e+00 -1.000000e+00
    outer loop
      vertex   1.467248e+01 2.654352e+01 0.000000e+00
      vertex   8.341239e+00 2.508158e+01 0.000000e+00
      vertex   1.481477e+01 2.667275e+01 0.000000e+00
    endloop
  endfacet
  facet normal 0.000000e+00 0.000000e+00 -1.000000e+00
    outer loop
      vertex   1.481477e+01 2.667275e+01 0.000000e+00
      vertex   8.341239e+00 2.508158e+01 0.000000e+00
      vertex   7.607307e+00 2.533068e+01 0.000000e+00
    endloop
  endfacet
  facet normal -0.000000e+00 0.000000e+00 -1.000000e+00
    outer loop
      vertex   1.481477e+01 2.667275e+01 0.000000e+00
      vertex   7.607307e+00 2.533068e+01 0.000000e+00
      vertex   1.497241e+01 2.678271e+01 0.000000e+00
    endloop
  endfacet
  facet normal 0.000000e+00 0.000000e+00 -1.000000e+00
    outer loop
      vertex   1.497241e+01 2.678271e+01 0.000000e+00
      vertex   7.607307e+00 2.533068e+01 0.000000e+00
      vertex   6.866451e+00 2.555675e+01 0.000000e+00
    endloop
  endfacet
  facet normal 0.000000e+00 0.000000e+00 -1.000000e+00
    outer loop
      vertex   1.497241e+01 2.678271e+01 0.000000e+00
      vertex   6.866451e+00 2.555675e+01 0.000000e+00
      vertex   6.119345e+00 2.575958e+01 0.000000e+00
    endloop
  endfacet
  facet normal 3.420338e-17 1.742749e-17 -1.000000e+00
    outer loop
      vertex   1.967291e+01 2.068653e+01 0.000000e+00
      vertex   1.976795e+01 2.050000e+01 0.000000e+00
      vertex   1.322969e+01 2.271450e+01 -1.850372e-16
    endloop
  endfacet
  facet normal 2.767209e-17 -1.855957e-18 -1.000000e+00
    outer loop
      vertex   1.322969e+01 2.271450e+01 -1.850372e-16
      vertex   1.976795e+01 2.050000e+01 0.000000e+00
      vertex   1.839973e+01 1.000000e-01 0.000000e+00
    endloop
  endfacet
  facet normal -2.346265e-17 -1.354617e-17 -1.000000e+00
    outer loop
      vertex   1.322969e+01 2.271450e+01 -1.850372e-16
      vertex   1.839973e+01 1.000000e-01 0.000000e+00
      vertex   9.286467e+00 1.588463e+01 0.000000e+00
    endloop
  endfacet
  facet normal 0.000000e+00 0.000000e+00 -1.000000e+00
    outer loop
      vertex   9.286467e+00 1.588463e+01 0.000000e+00
      vertex   1.839973e+01 1.000000e-01 0.000000e+00
      vertex   1.322493e+01 -4.325216e+00 0.000000e+00
    endloop
  endfacet
  facet normal 0.000000e+00 0.000000e+00 -1.000000e+00
    outer loop
      vertex   9.286467e+00 1.588463e+01 0.000000e+00
      vertex   1.322493e+01 -4.325216e+00 0.000000e+00
      vertex   1.296007e+01 -4.277151e+00 0.000000e+00
    endloop
  endfacet
  facet normal 0.000000e+00 -0.000000e+00 -1.000000e+00
    outer loop
      vertex   1.976795e+01 2.050000e+01 0.000000e+00
      vertex   1.988197e+01 2.032443e+01 0.000000e+00
      vertex   1.839973e+01 1.000000e-01 0.000000e+00
    endloop
  endfacet
  facet normal 0.000000e+00 0.000000e+00 -1.000000e+00
    outer loop
      vertex   1.839973e+01 1.000000e-01 0.000000e+00
      vertex   1.988197e+01 2.032443e+01 0.000000e+00
      vertex   2.001371e+01 2.016174e+01 0.000000e+00
    endloop
  endfacet
  facet normal 0.000000e+00 0.000000e+00 -1.000000e+00
    outer loop
      vertex   1.839973e+01 1.000000e-01 0.000000e+00
      vertex   2.001371e+01 2.016174e+01 0.000000e+00
      vertex   2.016174e+01 2.001371e+01 0.000000e+00
    endloop
  endfacet
  facet normal 0.000000e+00 -0.000000e+00 -1.000000e+00
    outer loop
      vertex   2.016174e+01 2.001371e+01 0.000000e+00
      vertex   2.032443e+01 1.988197e+01 0.000000e+00
      vertex   1.839973e+01 1.000000e-01 0.000000e+00
    endloop
  endfacet
  facet normal 0.000000e+00 0.000000e+00 -1.000000e+00
    outer loop
      vertex   1.839973e+01 1.000000e-01 0.000000e+00
      vertex   2.032443e+01 1.988197e+01 0.000000e+00
      vertex   2.050000e+01 1.976795e+01 0.000000e+00
    endloop
  endfacet
  facet normal 0.000000e+00 0.000000e+00 -1.000000e+00
    outer loop
      vertex   1.839973e+01 1.000000e-01 0.000000e+00
      vertex   2.050000e+01 1.976795e+01 0.000000e+00
      vertex   2.068653e+01 1.967291e+01 0.000000e+00
    endloop
  endfacet
  facet normal 0.000000e+00 -0.000000e+00 -1.000000e+00
    outer loop
      vertex   2.068653e+01 1.967291e+01 0.000000e+00
      vertex   2.088197e+01 1.959789e+01 0.000000e+00
      vertex   1.839973e+01 1.000000e-01 0.000000e+00
    endloop
  endfacet
  facet normal 0.000000e+00 0.000000e+00 -1.000000e+00
    outer loop
      vertex   1.839973e+01 1.000000e-01 0.000000e+00
      vertex   2.088197e+01 1.959789e+01 0.000000e+00
      vertex   2.108418e+01 1.954370e+01 0.000000e+00
    endloop
  endfacet
  facet normal 0.000000e+00 0.000000e+00 -1.000000e+00
    outer loop
      vertex   1.839973e+01 1.000000e-01 0.000000e+00
      vertex   2.108418e+01 1.954370e+01 0.000000e+00
      vertex   2.129094e+01 1.951096e+01 0.000000e+00
    endloop
  endfacet
  facet normal 0.000000e+00 -0.000000e+00 -1.000000e+00
    outer loop
      vertex   2.129094e+01 1.951096e+01 0.000000e+00
      vertex   2.150000e+01 1.950000e+01 0.000000e+00
      vertex   1.839973e+01 1.000000e-01 0.000000e+00
    endloop
  endfacet
  facet normal -7.038796e-17 1.124855e-17 -1.000000e+00
    outer loop
      vertex   1.839973e+01 1.000000e-01 0.000000e+00
      vertex   2.150000e+01 1.950000e+01 0.000000e+00
      vertex   2.628618e+01 1.000000e-01 -5.551115e-16
    endloop
  endfacet
  facet normal 1.355431e-32 2.861400e-17 -1.000000e+00
    outer loop
      vertex   2.628618e+01 1.000000e-01 -5.551115e-16
      vertex   2.150000e+01 1.950000e+01 0.000000e+00
      vertex   2.750000e+01 1.950000e+01 0.000000e+00
    endloop
  endfacet
  facet normal 9.015567e-15 -5.354704e-16 -1.000000e+00
    outer loop
      vertex   2.628618e+01 1.000000e-01 -5.551115e-16
      vertex   2.750000e+01 1.950000e+01 0.000000e+00
      vertex   2.630148e+01 -6.792232e-01 0.000000e+00
    endloop
  endfacet
  facet normal 0.000000e+00 0.000000e+00 -1.000000e+00
    outer loop
      vertex   2.630148e+01 -6.792232e-01 0.000000e+00
      vertex   2.750000e+01 1.950000e+01 0.000000e+00
      vertex   2.750000e+01 -1.950000e+01 0.000000e+00
    endloop
  endfacet
  facet normal 0.000000e+00 -0.000000e+00 -1.000000e+00
    outer loop
      vertex   2.630148e+01 -6.792232e-01 0.000000e+00
      vertex   2.750000e+01 -1.950000e+01 0.000000e+00
      vertex   2.629285e+01 -1.457839e+00 0.000000e+00
    endloop
  endfacet
  facet normal 0.000000e+00 -0.000000e+00 -1.000000e+00
    outer loop
      vertex   2.629285e+01 -1.457839e+00 0.000000e+00
      vertex   2.750000e+01 -1.950000e+01 0.000000e+00
      vertex   2.626030e+01 -2.235140e+00 0.000000e+00
    endloop
  endfacet
  facet normal 0.000000e+00 -0.000000e+00 -1.000000e+00
    outer loop
      vertex   2.626030e+01 -2.235140e+00 0.000000e+00
      vertex   2.750000e+01 -1.950000e+01 0.000000e+00
      vertex   2.620387e+01 -3.010417e+00 0.000000e+00
    endloop
  endfacet
  facet normal 0.000000e+00 -0.000000e+00 -1.000000e+00
    outer loop
      vertex   2.620387e+01 -3.010417e+00 0.000000e+00
      vertex   2.750000e+01 -1.950000e+01 0.000000e+00
      vertex   2.612361e+01 -3.782965e+00 0.000000e+00
    endloop
  endfacet
  facet normal 0.000000e+00 -0.000000e+00 -1.000000e+00
    outer loop
      vertex   2.612361e+01 -3.782965e+00 0.000000e+00
      vertex   2.750000e+01 -1.950000e+01 0.000000e+00
      vertex   2.601959e+01 -4.552081e+00 0.000000e+00
    endloop
  endfacet
  facet normal 0.000000e+00 -0.000000e+00 -1.000000e+00
    outer loop
      vertex   2.601959e+01 -4.552081e+00 0.000000e+00
      vertex   2.750000e+01 -1.950000e+01 0.000000e+00
      vertex   2.589190e+01 -5.317065e+00 0.000000e+00
    endloop
  endfacet
  facet normal 0.000000e+00 -0.000000e+00 -1.000000e+00
    outer loop
      vertex   2.589190e+01 -5.317065e+00 0.000000e+00
      vertex   2.750000e+01 -1.950000e+01 0.000000e+00
      vertex   2.574067e+01 -6.077220e+00 0.000000e+00
    endloop
  endfacet
  facet normal 0.000000e+00 -0.000000e+00 -1.000000e+00
    outer loop
      vertex   2.574067e+01 -6.077220e+00 0.000000e+00
      vertex   2.750000e+01 -1.950000e+01 0.000000e+00
      vertex   2.556602e+01 -6.831854e+00 0.000000e+00
    endloop
  endfacet
  facet normal 0.000000e+00 -0.000000e+00 -1.000000e+00
    outer loop
      vertex   2.556602e+01 -6.831854e+00 0.000000e+00
      vertex   2.750000e+01 -1.950000e+01 0.000000e+00
      vertex   2.536812e+01 -7.580281e+00 0.000000e+00
    endloop
  endfacet
  facet normal 0.000000e+00 -0.000000e+00 -1.000000e+00
    outer loop
      vertex   2.536812e+01 -7.580281e+00 0.000000e+00
      vertex   2.750000e+01 -1.950000e+01 0.000000e+00
      vertex   2.514715e+01 -8.321820e+00 0.000000e+00
    endloop
  endfacet
  facet normal 0.000000e+00 -0.000000e+00 -1.000000e+00
    outer loop
      vertex   2.514715e+01 -8.321820e+00 0.000000e+00
      vertex   2.750000e+01 -1.950000e+01 0.000000e+00
      vertex   2.490331e+01 -9.055794e+00 0.000000e+00
    endloop
  endfacet
  facet normal 0.000000e+00 -0.000000e+00 -1.000000e+00
    outer loop
      vertex   2.490331e+01 -9.055794e+00 0.000000e+00
      vertex   2.750000e+01 -1.950000e+01 0.000000e+00
      vertex   2.463682e+01 -9.781537e+00 0.000000e+00
    endloop
  endfacet
  facet normal 0.000000e+00 -0.000000e+00 -1.000000e+00
    outer loop
      vertex   2.463682e+01 -9.781537e+00 0.000000e+00
      vertex   2.750000e+01 -1.950000e+01 0.000000e+00
      vertex   2.434792e+01 -1.049839e+01 0.000000e+00
    endloop
  endfacet
  facet normal 0.000000e+00 -0.000000e+00 -1.000000e+00
    outer loop
      vertex   2.434792e+01 -1.049839e+01 0.000000e+00
      vertex   2.750000e+01 -1.950000e+01 0.000000e+00
      vertex   2.403688e+01 -1.120569e+01 0.000000e+00
    endloop
  endfacet
  facet normal 0.000000e+00 -0.000000e+00 -1.000000e+00
    outer loop
      vertex   2.403688e+01 -1.120569e+01 0.000000e+00
      vertex   2.750000e+01 -1.950000e+01 0.000000e+00
      vertex   2.370398e+01 -1.190281e+01 0.000000e+00
    endloop
  endfacet
  facet normal 0.000000e+00 -0.000000e+00 -1.000000e+00
    outer loop
      vertex   2.370398e+01 -1.190281e+01 0.000000e+00
      vertex   2.750000e+01 -1.950000e+01 0.000000e+00
      vertex   2.334952e+01 -1.258910e+01 0.000000e+00
    endloop
  endfacet
  facet normal 0.000000e+00 -0.000000e+00 -1.000000e+00
    outer loop
      vertex   2.334952e+01 -1.258910e+01 0.000000e+00
      vertex   2.750000e+01 -1.950000e+01 0.000000e+00
      vertex   2.297383e+01 -1.326395e+01 0.000000e+00
    endloop
  endfacet
  facet normal 0.000000e+00 -0.000000e+00 -1.000000e+00
    outer loop
      vertex   2.297383e+01 -1.326395e+01 0.000000e+00
      vertex   2.750000e+01 -1.950000e+01 0.000000e+00
      vertex   2.257724e+01 -1.392673e+01 0.000000e+00
    endloop
  endfacet
  facet normal 0.000000e+00 -0.000000e+00 -1.000000e+00
    outer loop
      vertex   2.257724e+01 -1.392673e+01 0.000000e+00
      vertex   2.750000e+01 -1.950000e+01 0.000000e+00
      vertex   2.150000e+01 -1.950000e+01 0.000000e+00
    endloop
  endfacet
  facet normal 0.000000e+00 0.000000e+00 -1.000000e+00
    outer loop
      vertex   2.257724e+01 -1.392673e+01 0.000000e+00
      vertex   2.150000e+01 -1.950000e+01 0.000000e+00
      vertex   2.216012e+01 -1.457684e+01 0.000000e+00
    endloop
  endfacet
  facet normal 0.000000e+00 0.000000e+00 -1.000000e+00
    outer loop
      vertex   2.216012e+01 -1.457684e+01 0.000000e+00
      vertex   2.150000e+01 -1.950000e+01 0.000000e+00
      vertex   2.172285e+01 -1.521370e+01 0.000000e+00
    endloop
  endfacet
  facet normal 0.000000e+00 0.000000e+00 -1.000000e+00
    outer loop
      vertex   2.172285e+01 -1.521370e+01 0.000000e+00
      vertex   2.150000e+01 -1.950000e+01 0.000000e+00
      vertex   2.126583e+01 -1.583673e+01 0.000000e+00
    endloop
  endfacet
  facet normal 0.000000e+00 -0.000000e+00 -1.000000e+00
    outer loop
      vertex   2.126583e+01 -1.583673e+01 0.000000e+00
      vertex   2.150000e+01 -1.950000e+01 0.000000e+00
      vertex   2.078947e+01 -1.644534e+01 0.000000e+00
    endloop
  endfacet
  facet normal 0.000000e+00 0.000000e+00 -1.000000e+00
    outer loop
      vertex   2.078947e+01 -1.644534e+01 0.000000e+00
      vertex   2.150000e+01 -1.950000e+01 0.000000e+00
      vertex   2.129094e+01 -1.951096e+01 0.000000e+00
    endloop
  endfacet
  facet normal 0.000000e+00 0.000000e+00 -1.000000e+00
    outer loop
      vertex   2.078947e+01 -1.644534e+01 0.000000e+00
      vertex   2.129094e+01 -1.951096e+01 0.000000e+00
      vertex   2.108418e+01 -1.954370e+01 0.000000e+00
    endloop
  endfacet
  facet normal 0.000000e+00 -0.000000e+00 -1.000000e+00
    outer loop
      vertex   2.078947e+01 -1.644534e+01 0.000000e+00
      vertex   2.108418e+01 -1.954370e+01 0.000000e+00
      vertex   2.029420e+01 -1.703900e+01 0.000000e+00
    endloop
  endfacet
  facet normal 0.000000e+00 0.000000e+00 -1.000000e+00
    outer loop
      vertex   2.029420e+01 -1.703900e+01 0.000000e+00
      vertex   2.108418e+01 -1.954370e+01 0.000000e+00
      vertex   2.088197e+01 -1.959789e+01 0.000000e+00
    endloop
  endfacet
  facet normal 0.000000e+00 0.000000e+00 -1.000000e+00
    outer loop
      vertex   2.029420e+01 -1.703900e+01 0.000000e+00
      vertex   2.088197e+01 -1.959789e+01 0.000000e+00
      vertex   2.068653e+01 -1.967291e+01 0.000000e+00
    endloop
  endfacet
  facet normal -0.000000e+00 0.000000e+00 -1.000000e+00
    outer loop
      vertex   2.068653e+01 -1.967291e+01 0.000000e+00
      vertex   2.050000e+01 -1.976795e+01 0.000000e+00
      vertex   2.029420e+01 -1.703900e+01 0.000000e+00
    endloop
  endfacet
  facet normal 0.000000e+00 -0.000000e+00 -1.000000e+00
    outer loop
      vertex   2.029420e+01 -1.703900e+01 0.000000e+00
      vertex   2.050000e+01 -1.976795e+01 0.000000e+00
      vertex   1.978048e+01 -1.761716e+01 0.000000e+00
    endloop
  endfacet
  facet normal 0.000000e+00 0.000000e+00 -1.000000e+00
    outer loop
      vertex   1.978048e+01 -1.761716e+01 0.000000e+00
      vertex   2.050000e+01 -1.976795e+01 0.000000e+00
      vertex   2.032443e+01 -1.988197e+01 0.000000e+00
    endloop
  endfacet
  facet normal 0.000000e+00 0.000000e+00 -1.000000e+00
    outer loop
      vertex   1.978048e+01 -1.761716e+01 0.000000e+00
      vertex   2.032443e+01 -1.988197e+01 0.000000e+00
      vertex   2.016174e+01 -2.001371e+01 0.000000e+00
    endloop
  endfacet
  facet normal -0.000000e+00 0.000000e+00 -1.000000e+00
    outer loop
      vertex   2.016174e+01 -2.001371e+01 0.000000e+00
      vertex   2.001371e+01 -2.016174e+01 0.000000e+00
      vertex   1.978048e+01 -1.761716e+01 0.000000e+00
    endloop
  endfacet
  facet normal 0.000000e+00 -0.000000e+00 -1.000000e+00
    outer loop
      vertex   1.978048e+01 -1.761716e+01 0.000000e+00
      vertex   2.001371e+01 -2.016174e+01 0.000000e+00
      vertex   1.924878e+01 -1.817930e+01 0.000000e+00
    endloop
  endfacet
  facet normal 0.000000e+00 0.000000e+00 -1.000000e+00
    outer loop
      vertex   1.924878e+01 -1.817930e+01 0.000000e+00
      vertex   2.001371e+01 -2.016174e+01 0.000000e+00
      vertex   1.988197e+01 -2.032443e+01 0.000000e+00
    endloop
  endfacet
  facet normal 0.000000e+00 0.000000e+00 -1.000000e+00
    outer loop
      vertex   1.924878e+01 -1.817930e+01 0.000000e+00
      vertex   1.988197e+01 -2.032443e+01 0.000000e+00
      vertex   1.976795e+01 -2.050000e+01 0.000000e+00
    endloop
  endfacet
  facet normal 0.000000e+00 -0.000000e+00 -1.000000e+00
    outer loop
      vertex   1.924878e+01 -1.817930e+01 0.000000e+00
      vertex   1.976795e+01 -2.050000e+01 0.000000e+00
      vertex   1.869957e+01 -1.872490e+01 0.000000e+00
    endloop
  endfacet
  facet normal 0.000000e+00 0.000000e+00 -1.000000e+00
    outer loop
      vertex   1.869957e+01 -1.872490e+01 0.000000e+00
      vertex   1.976795e+01 -2.050000e+01 0.000000e+00
      vertex   1.967291e+01 -2.068653e+01 0.000000e+00
    endloop
  endfacet
  facet normal 0.000000e+00 0.000000e+00 -1.000000e+00
    outer loop
      vertex   1.869957e+01 -1.872490e+01 0.000000e+00
      vertex   1.967291e+01 -2.068653e+01 0.000000e+00
      vertex   1.959789e+01 -2.088197e+01 0.000000e+00
    endloop
  endfacet
  facet normal -0.000000e+00 0.000000e+00 -1.000000e+00
    outer loop
      vertex   1.959789e+01 -2.088197e+01 0.000000e+00
      vertex   1.954370e+01 -2.108418e+01 0.000000e+00
      vertex   1.869957e+01 -1.872490e+01 0.000000e+00
    endloop
  endfacet
  facet normal 0.000000e+00 -0.000000e+00 -1.000000e+00
    outer loop
      vertex   1.869957e+01 -1.872490e+01 0.000000e+00
      vertex   1.954370e+01 -2.108418e+01 0.000000e+00
      vertex   1.813336e+01 -1.925346e+01 0.000000e+00
    endloop
  endfacet
  facet normal 0.000000e+00 0.000000e+00 -1.000000e+00
    outer loop
      vertex   1.813336e+01 -1.925346e+01 0.000000e+00
      vertex   1.954370e+01 -2.108418e+01 0.000000e+00
      vertex   1.951096e+01 -2.129094e+01 0.000000e+00
    endloop
  endfacet
  facet normal 0.000000e+00 0.000000e+00 -1.000000e+00
    outer loop
      vertex   1.813336e+01 -1.925346e+01 0.000000e+00
      vertex   1.951096e+01 -2.129094e+01 0.000000e+00
      vertex   1.950000e+01 -2.150000e+01 0.000000e+00
    endloop
  endfacet
  facet normal 0.000000e+00 0.000000e+00 -1.000000e+00
    outer loop
      vertex   1.950000e+01 -2.750000e+01 0.000000e+00
      vertex   1.724692e+01 -2.540389e+01 0.000000e+00
      vertex   1.950000e+01 -2.150000e+01 0.000000e+00
    endloop
  endfacet
  facet normal 0.000000e+00 0.000000e+00 -1.000000e+00
    outer loop
      vertex   1.950000e+01 -2.150000e+01 0.000000e+00
      vertex   1.724692e+01 -2.540389e+01 0.000000e+00
      vertex   1.722234e+01 -2.521326e+01 0.000000e+00
    endloop
  endfacet
  facet normal 0.000000e+00 0.000000e+00 -1.000000e+00
    outer loop
      vertex   1.950000e+01 -2.150000e+01 0.000000e+00
      vertex   1.722234e+01 -2.521326e+01 0.000000e+00
      vertex   1.717358e+01 -2.502734e+01 0.000000e+00
    endloop
  endfacet
  facet normal 0.000000e+00 0.000000e+00 -1.000000e+00
    outer loop
      vertex   -6.661338e-15 -2.750000e+01 0.000000e+00
      vertex   1.551060e+01 -2.698077e+01 0.000000e+00
      vertex   1.950000e+01 -2.750000e+01 0.000000e+00
    endloop
  endfacet
  facet normal 0.000000e+00 0.000000e+00 -1.000000e+00
    outer loop
      vertex   1.950000e+01 -2.750000e+01 0.000000e+00
      vertex   1.551060e+01 -2.698077e+01 0.000000e+00
      vertex   1.570192e+01 -2.699923e+01 0.000000e+00
    endloop
  endfacet
  facet normal 0.000000e+00 0.000000e+00 -1.000000e+00
    outer loop
      vertex   1.950000e+01 -2.750000e+01 0.000000e+00
      vertex   1.570192e+01 -2.699923e+01 0.000000e+00
      vertex   1.589403e+01 -2.699307e+01 0.000000e+00
    endloop
  endfacet
  facet normal 0.000000e+00 -0.000000e+00 -1.000000e+00
    outer loop
      vertex   -1.200241e-15 -5.000000e+00 0.000000e+00
      vertex   3.487824e-01 -4.987820e+00 0.000000e+00
      vertex   -6.661338e-15 -2.750000e+01 0.000000e+00
    endloop
  endfacet
  facet normal 0.000000e+00 0.000000e+00 -1.000000e+00
    outer loop
      vertex   -6.661338e-15 -2.750000e+01 0.000000e+00
      vertex   3.487824e-01 -4.987820e+00 0.000000e+00
      vertex   6.958655e-01 -4.951340e+00 0.000000e+00
    endloop
  endfacet
  facet normal 0.000000e+00 0.000000e+00 -1.000000e+00
    outer loop
      vertex   -6.661338e-15 -2.750000e+01 0.000000e+00
      vertex   6.958655e-01 -4.951340e+00 0.000000e+00
      vertex   1.039558e+00 -4.890738e+00 0.000000e+00
    endloop
  endfacet
  facet normal 0.000000e+00 -0.000000e+00 -1.000000e+00
    outer loop
      vertex   1.039558e+00 -4.890738e+00 0.000000e+00
      vertex   1.378187e+00 -4.806308e+00 0.000000e+00
      vertex   -6.661338e-15 -2.750000e+01 0.000000e+00
    endloop
  endfacet
  facet normal 0.000000e+00 0.000000e+00 -1.000000e+00
    outer loop
      vertex   -6.661338e-15 -2.750000e+01 0.000000e+00
      vertex   1.378187e+00 -4.806308e+00 0.000000e+00
      vertex   1.710101e+00 -4.698463e+00 0.000000e+00
    endloop
  endfacet
  facet normal 0.000000e+00 0.000000e+00 -1.000000e+00
    outer loop
      vertex   -6.661338e-15 -2.750000e+01 0.000000e+00
      vertex   1.710101e+00 -4.698463e+00 0.000000e+00
      vertex   9.113262e+00 -1.598463e+01 0.000000e+00
    endloop
  endfacet
  facet normal 0.000000e+00 0.000000e+00 -1.000000e+00
    outer loop
      vertex   9.113262e+00 -1.598463e+01 0.000000e+00
      vertex   1.710101e+00 -4.698463e+00 0.000000e+00
      vertex   2.033683e+00 -4.567727e+00 0.000000e+00
    endloop
  endfacet
  facet normal 0.000000e+00 0.000000e+00 -1.000000e+00
    outer loop
      vertex   9.113262e+00 -1.598463e+01 0.000000e+00
      vertex   2.033683e+00 -4.567727e+00 0.000000e+00
      vertex   2.347358e+00 -4.414738e+00 0.000000e+00
    endloop
  endfacet
  facet normal 0.000000e+00 0.000000e+00 -1.000000e+00
    outer loop
      vertex   2.347358e+00 -4.414738e+00 0.000000e+00
      vertex   2.649596e+00 -4.240240e+00 0.000000e+00
      vertex   9.113262e+00 -1.598463e+01 0.000000e+00
    endloop
  endfacet
  facet normal 0.000000e+00 0.000000e+00 -1.000000e+00
    outer loop
      vertex   9.113262e+00 -1.598463e+01 0.000000e+00
      vertex   2.649596e+00 -4.240240e+00 0.000000e+00
      vertex   2.938926e+00 -4.045085e+00 0.000000e+00
    endloop
  endfacet
  facet normal 0.000000e+00 0.000000e+00 -1.000000e+00
    outer loop
      vertex   9.113262e+00 -1.598463e+01 0.000000e+00
      vertex   2.938926e+00 -4.045085e+00 0.000000e+00
      vertex   3.213938e+00 -3.830222e+00 0.000000e+00
    endloop
  endfacet
  facet normal 0.000000e+00 0.000000e+00 -1.000000e+00
    outer loop
      vertex   3.213938e+00 -3.830222e+00 0.000000e+00
      vertex   3.473292e+00 -3.596699e+00 0.000000e+00
      vertex   9.113262e+00 -1.598463e+01 0.000000e+00
    endloop
  endfacet
  facet normal 0.000000e+00 0.000000e+00 -1.000000e+00
    outer loop
      vertex   9.113262e+00 -1.598463e+01 0.000000e+00
      vertex   3.473292e+00 -3.596699e+00 0.000000e+00
      vertex   3.715724e+00 -3.345653e+00 0.000000e+00
    endloop
  endfacet
  facet normal 0.000000e+00 0.000000e+00 -1.000000e+00
    outer loop
      vertex   9.113262e+00 -1.598463e+01 0.000000e+00
      vertex   3.715724e+00 -3.345653e+00 0.000000e+00
      vertex   9.605580e+00 -7.785671e+00 0.000000e+00
    endloop
  endfacet
  facet normal 0.000000e+00 0.000000e+00 -1.000000e+00
    outer loop
      vertex   9.605580e+00 -7.785671e+00 0.000000e+00
      vertex   3.715724e+00 -3.345653e+00 0.000000e+00
      vertex   3.940054e+00 -3.078307e+00 0.000000e+00
    endloop
  endfacet
  facet normal 0.000000e+00 0.000000e+00 -1.000000e+00
    outer loop
      vertex   9.605580e+00 -7.785671e+00 0.000000e+00
      vertex   3.940054e+00 -3.078307e+00 0.000000e+00
      vertex   9.569445e+00 -7.518918e+00 0.000000e+00
    endloop
  endfacet
  facet normal 0.000000e+00 0.000000e+00 -1.000000e+00
    outer loop
      vertex   9.569445e+00 -7.518918e+00 0.000000e+00
      vertex   3.940054e+00 -3.078307e+00 0.000000e+00
      vertex   4.145188e+00 -2.795965e+00 0.000000e+00
    endloop
  endfacet
  facet normal 0.000000e+00 0.000000e+00 -1.000000e+00
    outer loop
      vertex   9.569445e+00 -7.518918e+00 0.000000e+00
      vertex   4.145188e+00 -2.795965e+00 0.000000e+00
      vertex   9.557368e+00 -7.250000e+00 0.000000e+00
    endloop
  endfacet
  facet normal 0.000000e+00 0.000000e+00 -1.000000e+00
    outer loop
      vertex   9.557368e+00 -7.250000e+00 0.000000e+00
      vertex   4.145188e+00 -2.795965e+00 0.000000e+00
      vertex   4.330127e+00 -2.500000e+00 0.000000e+00
    endloop
  endfacet
  facet normal 0.000000e+00 0.000000e+00 -1.000000e+00
    outer loop
      vertex   9.557368e+00 -7.250000e+00 0.000000e+00
      vertex   4.330127e+00 -2.500000e+00 0.000000e+00
      vertex   4.493970e+00 -2.191856e+00 0.000000e+00
    endloop
  endfacet
  facet normal 0.000000e+00 0.000000e+00 -1.000000e+00
    outer loop
      vertex   9.557368e+00 -7.250000e+00 0.000000e+00
      vertex   4.493970e+00 -2.191856e+00 0.000000e+00
      vertex   9.569445e+00 -6.981082e+00 0.000000e+00
    endloop
  endfacet
  facet normal 0.000000e+00 0.000000e+00 -1.000000e+00
    outer loop
      vertex   9.569445e+00 -6.981082e+00 0.000000e+00
      vertex   4.493970e+00 -2.191856e+00 0.000000e+00
      vertex   4.635919e+00 -1.873033e+00 0.000000e+00
    endloop
  endfacet
  facet normal 0.000000e+00 0.000000e+00 -1.000000e+00
    outer loop
      vertex   9.569445e+00 -6.981082e+00 0.000000e+00
      vertex   4.635919e+00 -1.873033e+00 0.000000e+00
      vertex   9.605580e+00 -6.714329e+00 0.000000e+00
    endloop
  endfacet
  facet normal 0.000000e+00 0.000000e+00 -1.000000e+00
    outer loop
      vertex   9.605580e+00 -6.714329e+00 0.000000e+00
      vertex   4.635919e+00 -1.873033e+00 0.000000e+00
      vertex   4.755283e+00 -1.545085e+00 0.000000e+00
    endloop
  endfacet
  facet normal 0.000000e+00 0.000000e+00 -1.000000e+00
    outer loop
      vertex   9.605580e+00 -6.714329e+00 0.000000e+00
      vertex   4.755283e+00 -1.545085e+00 0.000000e+00
      vertex   9.665480e+00 -6.451889e+00 0.000000e+00
    endloop
  endfacet
  facet normal 0.000000e+00 0.000000e+00 -1.000000e+00
    outer loop
      vertex   9.665480e+00 -6.451889e+00 0.000000e+00
      vertex   4.755283e+00 -1.545085e+00 0.000000e+00
      vertex   4.851479e+00 -1.209609e+00 0.000000e+00
    endloop
  endfacet
  facet normal 0.000000e+00 0.000000e+00 -1.000000e+00
    outer loop
      vertex   9.665480e+00 -6.451889e+00 0.000000e+00
      vertex   4.851479e+00 -1.209609e+00 0.000000e+00
      vertex   9.748664e+00 -6.195876e+00 0.000000e+00
    endloop
  endfacet
  facet normal 0.000000e+00 0.000000e+00 -1.000000e+00
    outer loop
      vertex   9.748664e+00 -6.195876e+00 0.000000e+00
      vertex   4.851479e+00 -1.209609e+00 0.000000e+00
      vertex   4.924039e+00 -8.682409e-01 0.000000e+00
    endloop
  endfacet
  facet normal 0.000000e+00 0.000000e+00 -1.000000e+00
    outer loop
      vertex   9.748664e+00 -6.195876e+00 0.000000e+00
      vertex   4.924039e+00 -8.682409e-01 0.000000e+00
      vertex   9.854462e+00 -5.948349e+00 0.000000e+00
    endloop
  endfacet
  facet normal 0.000000e+00 0.000000e+00 -1.000000e+00
    outer loop
      vertex   9.854462e+00 -5.948349e+00 0.000000e+00
      vertex   4.924039e+00 -8.682409e-01 0.000000e+00
      vertex   4.972609e+00 -5.226423e-01 0.000000e+00
    endloop
  endfacet
  facet normal 0.000000e+00 0.000000e+00 -1.000000e+00
    outer loop
      vertex   9.854462e+00 -5.948349e+00 0.000000e+00
      vertex   4.972609e+00 -5.226423e-01 0.000000e+00
      vertex   9.982022e+00 -5.711302e+00 0.000000e+00
    endloop
  endfacet
  facet normal 0.000000e+00 0.000000e+00 -1.000000e+00
    outer loop
      vertex   9.982022e+00 -5.711302e+00 0.000000e+00
      vertex   4.972609e+00 -5.226423e-01 0.000000e+00
      vertex   4.996954e+00 -1.744975e-01 0.000000e+00
    endloop
  endfacet
  facet normal 0.000000e+00 0.000000e+00 -1.000000e+00
    outer loop
      vertex   9.982022e+00 -5.711302e+00 0.000000e+00
      vertex   4.996954e+00 -1.744975e-01 0.000000e+00
      vertex   1.013032e+01 -5.486644e+00 0.000000e+00
    endloop
  endfacet
  facet normal 0.000000e+00 0.000000e+00 -1.000000e+00
    outer loop
      vertex   1.013032e+01 -5.486644e+00 0.000000e+00
      vertex   4.996954e+00 -1.744975e-01 0.000000e+00
      vertex   4.996954e+00 1.744975e-01 0.000000e+00
    endloop
  endfacet
  facet normal 0.000000e+00 0.000000e+00 -1.000000e+00
    outer loop
      vertex   1.013032e+01 -5.486644e+00 0.000000e+00
      vertex   4.996954e+00 1.744975e-01 0.000000e+00
      vertex   1.029815e+01 -5.276184e+00 0.000000e+00
    endloop
  endfacet
  facet normal 0.000000e+00 0.000000e+00 -1.000000e+00
    outer loop
      vertex   1.029815e+01 -5.276184e+00 0.000000e+00
      vertex   4.996954e+00 1.744975e-01 0.000000e+00
      vertex   4.972609e+00 5.226423e-01 0.000000e+00
    endloop
  endfacet
  facet normal 0.000000e+00 0.000000e+00 -1.000000e+00
    outer loop
      vertex   1.029815e+01 -5.276184e+00 0.000000e+00
      vertex   4.972609e+00 5.226423e-01 0.000000e+00
      vertex   1.048418e+01 -5.081615e+00 0.000000e+00
    endloop
  endfacet
  facet normal 0.000000e+00 0.000000e+00 -1.000000e+00
    outer loop
      vertex   1.048418e+01 -5.081615e+00 0.000000e+00
      vertex   4.972609e+00 5.226423e-01 0.000000e+00
      vertex   1.068690e+01 -4.904506e+00 0.000000e+00
    endloop
  endfacet
  facet normal 0.000000e+00 0.000000e+00 -1.000000e+00
    outer loop
      vertex   1.068690e+01 -4.904506e+00 0.000000e+00
      vertex   4.972609e+00 5.226423e-01 0.000000e+00
      vertex   4.924039e+00 8.682409e-01 0.000000e+00
    endloop
  endfacet
  facet normal 0.000000e+00 0.000000e+00 -1.000000e+00
    outer loop
      vertex   1.068690e+01 -4.904506e+00 0.000000e+00
      vertex   4.924039e+00 8.682409e-01 0.000000e+00
      vertex   1.090468e+01 -4.746280e+00 0.000000e+00
    endloop
  endfacet
  facet normal 0.000000e+00 0.000000e+00 -1.000000e+00
    outer loop
      vertex   1.090468e+01 -4.746280e+00 0.000000e+00
      vertex   4.924039e+00 8.682409e-01 0.000000e+00
      vertex   4.851479e+00 1.209609e+00 0.000000e+00
    endloop
  endfacet
  facet normal 0.000000e+00 0.000000e+00 -1.000000e+00
    outer loop
      vertex   1.090468e+01 -4.746280e+00 0.000000e+00
      vertex   4.851479e+00 1.209609e+00 0.000000e+00
      vertex   1.113576e+01 -4.608213e+00 0.000000e+00
    endloop
  endfacet
  facet normal 0.000000e+00 0.000000e+00 -1.000000e+00
    outer loop
      vertex   1.113576e+01 -4.608213e+00 0.000000e+00
      vertex   4.851479e+00 1.209609e+00 0.000000e+00
      vertex   9.286467e+00 1.588463e+01 0.000000e+00
    endloop
  endfacet
  facet normal 0.000000e+00 0.000000e+00 -1.000000e+00
    outer loop
      vertex   1.113576e+01 -4.608213e+00 0.000000e+00
      vertex   9.286467e+00 1.588463e+01 0.000000e+00
      vertex   1.137829e+01 -4.491417e+00 0.000000e+00
    endloop
  endfacet
  facet normal 0.000000e+00 0.000000e+00 -1.000000e+00
    outer loop
      vertex   1.137829e+01 -4.491417e+00 0.000000e+00
      vertex   9.286467e+00 1.588463e+01 0.000000e+00
      vertex   1.163032e+01 -4.396830e+00 0.000000e+00
    endloop
  endfacet
  facet normal 0.000000e+00 0.000000e+00 -1.000000e+00
    outer loop
      vertex   1.163032e+01 -4.396830e+00 0.000000e+00
      vertex   9.286467e+00 1.588463e+01 0.000000e+00
      vertex   1.188981e+01 -4.325216e+00 0.000000e+00
    endloop
  endfacet
  facet normal 0.000000e+00 0.000000e+00 -1.000000e+00
    outer loop
      vertex   1.188981e+01 -4.325216e+00 0.000000e+00
      vertex   9.286467e+00 1.588463e+01 0.000000e+00
      vertex   1.215467e+01 -4.277151e+00 0.000000e+00
    endloop
  endfacet
  facet normal 0.000000e+00 0.000000e+00 -1.000000e+00
    outer loop
      vertex   1.215467e+01 -4.277151e+00 0.000000e+00
      vertex   9.286467e+00 1.588463e+01 0.000000e+00
      vertex   1.242277e+01 -4.253021e+00 0.000000e+00
    endloop
  endfacet
  facet normal 0.000000e+00 0.000000e+00 -1.000000e+00
    outer loop
      vertex   1.242277e+01 -4.253021e+00 0.000000e+00
      vertex   9.286467e+00 1.588463e+01 0.000000e+00
      vertex   1.269196e+01 -4.253021e+00 0.000000e+00
    endloop
  endfacet
  facet normal 0.000000e+00 0.000000e+00 -1.000000e+00
    outer loop
      vertex   1.269196e+01 -4.253021e+00 0.000000e+00
      vertex   9.286467e+00 1.588463e+01 0.000000e+00
      vertex   1.296007e+01 -4.277151e+00 0.000000e+00
    endloop
  endfacet
  facet normal 0.000000e+00 0.000000e+00 -1.000000e+00
    outer loop
      vertex   4.851479e+00 1.209609e+00 0.000000e+00
      vertex   4.755283e+00 1.545085e+00 0.000000e+00
      vertex   9.286467e+00 1.588463e+01 0.000000e+00
    endloop
  endfacet
  facet normal 0.000000e+00 0.000000e+00 -1.000000e+00
    outer loop
      vertex   9.286467e+00 1.588463e+01 0.000000e+00
      vertex   4.755283e+00 1.545085e+00 0.000000e+00
      vertex   4.635919e+00 1.873033e+00 0.000000e+00
    endloop
  endfacet
  facet normal -0.000000e+00 0.000000e+00 -1.000000e+00
    outer loop
      vertex   9.286467e+00 1.588463e+01 0.000000e+00
      vertex   4.635919e+00 1.873033e+00 0.000000e+00
      vertex   8.720574e+00 1.620221e+01 0.000000e+00
    endloop
  endfacet
  facet normal 0.000000e+00 0.000000e+00 -1.000000e+00
    outer loop
      vertex   8.720574e+00 1.620221e+01 0.000000e+00
      vertex   4.635919e+00 1.873033e+00 0.000000e+00
      vertex   4.493970e+00 2.191856e+00 0.000000e+00
    endloop
  endfacet
  facet normal -0.000000e+00 0.000000e+00 -1.000000e+00
    outer loop
      vertex   8.720574e+00 1.620221e+01 0.000000e+00
      vertex   4.493970e+00 2.191856e+00 0.000000e+00
      vertex   8.143835e+00 1.649963e+01 0.000000e+00
    endloop
  endfacet
  facet normal 0.000000e+00 0.000000e+00 -1.000000e+00
    outer loop
      vertex   8.143835e+00 1.649963e+01 0.000000e+00
      vertex   4.493970e+00 2.191856e+00 0.000000e+00
      vertex   4.330127e+00 2.500000e+00 0.000000e+00
    endloop
  endfacet
  facet normal -0.000000e+00 0.000000e+00 -1.000000e+00
    outer loop
      vertex   8.143835e+00 1.649963e+01 0.000000e+00
      vertex   4.330127e+00 2.500000e+00 0.000000e+00
      vertex   7.556967e+00 1.677654e+01 0.000000e+00
    endloop
  endfacet
  facet normal 0.000000e+00 0.000000e+00 -1.000000e+00
    outer loop
      vertex   7.556967e+00 1.677654e+01 0.000000e+00
      vertex   4.330127e+00 2.500000e+00 0.000000e+00
      vertex   4.145188e+00 2.795965e+00 0.000000e+00
    endloop
  endfacet
  facet normal -0.000000e+00 0.000000e+00 -1.000000e+00
    outer loop
      vertex   7.556967e+00 1.677654e+01 0.000000e+00
      vertex   4.145188e+00 2.795965e+00 0.000000e+00
      vertex   6.960700e+00 1.703258e+01 0.000000e+00
    endloop
  endfacet
  facet normal 0.000000e+00 0.000000e+00 -1.000000e+00
    outer loop
      vertex   6.960700e+00 1.703258e+01 0.000000e+00
      vertex   4.145188e+00 2.795965e+00 0.000000e+00
      vertex   3.940054e+00 3.078307e+00 0.000000e+00
    endloop
  endfacet
  facet normal 0.000000e+00 0.000000e+00 -1.000000e+00
    outer loop
      vertex   6.960700e+00 1.703258e+01 0.000000e+00
      vertex   3.940054e+00 3.078307e+00 0.000000e+00
      vertex   2.853170e+00 1.357295e+01 0.000000e+00
    endloop
  endfacet
  facet normal 0.000000e+00 0.000000e+00 -1.000000e+00
    outer loop
      vertex   2.853170e+00 1.357295e+01 0.000000e+00
      vertex   3.940054e+00 3.078307e+00 0.000000e+00
      vertex   3.715724e+00 3.345653e+00 0.000000e+00
    endloop
  endfacet
  facet normal 0.000000e+00 -0.000000e+00 -1.000000e+00
    outer loop
      vertex   2.853170e+00 1.357295e+01 0.000000e+00
      vertex   3.715724e+00 3.345653e+00 0.000000e+00
      vertex   2.758583e+00 1.332092e+01 0.000000e+00
    endloop
  endfacet
  facet normal 0.000000e+00 0.000000e+00 -1.000000e+00
    outer loop
      vertex   2.758583e+00 1.332092e+01 0.000000e+00
      vertex   3.715724e+00 3.345653e+00 0.000000e+00
      vertex   3.473292e+00 3.596699e+00 0.000000e+00
    endloop
  endfacet
  facet normal 0.000000e+00 -0.000000e+00 -1.000000e+00
    outer loop
      vertex   2.758583e+00 1.332092e+01 0.000000e+00
      vertex   3.473292e+00 3.596699e+00 0.000000e+00
      vertex   2.641787e+00 1.307839e+01 0.000000e+00
    endloop
  endfacet
  facet normal 0.000000e+00 0.000000e+00 -1.000000e+00
    outer loop
      vertex   2.641787e+00 1.307839e+01 0.000000e+00
      vertex   3.473292e+00 3.596699e+00 0.000000e+00
      vertex   3.213938e+00 3.830222e+00 0.000000e+00
    endloop
  endfacet
  facet normal 0.000000e+00 -0.000000e+00 -1.000000e+00
    outer loop
      vertex   2.641787e+00 1.307839e+01 0.000000e+00
      vertex   3.213938e+00 3.830222e+00 0.000000e+00
      vertex   2.503720e+00 1.284731e+01 0.000000e+00
    endloop
  endfacet
  facet normal 0.000000e+00 0.000000e+00 -1.000000e+00
    outer loop
      vertex   2.503720e+00 1.284731e+01 0.000000e+00
      vertex   3.213938e+00 3.830222e+00 0.000000e+00
      vertex   2.938926e+00 4.045085e+00 0.000000e+00
    endloop
  endfacet
  facet normal 0.000000e+00 -0.000000e+00 -1.000000e+00
    outer loop
      vertex   2.503720e+00 1.284731e+01 0.000000e+00
      vertex   2.938926e+00 4.045085e+00 0.000000e+00
      vertex   2.345494e+00 1.262953e+01 0.000000e+00
    endloop
  endfacet
  facet normal 0.000000e+00 0.000000e+00 -1.000000e+00
    outer loop
      vertex   2.345494e+00 1.262953e+01 0.000000e+00
      vertex   2.938926e+00 4.045085e+00 0.000000e+00
      vertex   2.649596e+00 4.240240e+00 0.000000e+00
    endloop
  endfacet
  facet normal 0.000000e+00 -0.000000e+00 -1.000000e+00
    outer loop
      vertex   2.345494e+00 1.262953e+01 0.000000e+00
      vertex   2.649596e+00 4.240240e+00 0.000000e+00
      vertex   2.168385e+00 1.242681e+01 0.000000e+00
    endloop
  endfacet
  facet normal 0.000000e+00 0.000000e+00 -1.000000e+00
    outer loop
      vertex   2.168385e+00 1.242681e+01 0.000000e+00
      vertex   2.649596e+00 4.240240e+00 0.000000e+00
      vertex   2.347358e+00 4.414738e+00 0.000000e+00
    endloop
  endfacet
  facet normal 0.000000e+00 -0.000000e+00 -1.000000e+00
    outer loop
      vertex   2.168385e+00 1.242681e+01 0.000000e+00
      vertex   2.347358e+00 4.414738e+00 0.000000e+00
      vertex   1.973816e+00 1.224079e+01 0.000000e+00
    endloop
  endfacet
  facet normal 0.000000e+00 0.000000e+00 -1.000000e+00
    outer loop
      vertex   1.973816e+00 1.224079e+01 0.000000e+00
      vertex   2.347358e+00 4.414738e+00 0.000000e+00
      vertex   2.033683e+00 4.567727e+00 0.000000e+00
    endloop
  endfacet
  facet normal 0.000000e+00 -0.000000e+00 -1.000000e+00
    outer loop
      vertex   1.973816e+00 1.224079e+01 0.000000e+00
      vertex   2.033683e+00 4.567727e+00 0.000000e+00
      vertex   1.763356e+00 1.207295e+01 0.000000e+00
    endloop
  endfacet
  facet normal 0.000000e+00 -0.000000e+00 -1.000000e+00
    outer loop
      vertex   1.763356e+00 1.207295e+01 0.000000e+00
      vertex   2.033683e+00 4.567727e+00 0.000000e+00
      vertex   1.538698e+00 1.192465e+01 0.000000e+00
    endloop
  endfacet
  facet normal 0.000000e+00 0.000000e+00 -1.000000e+00
    outer loop
      vertex   1.538698e+00 1.192465e+01 0.000000e+00
      vertex   2.033683e+00 4.567727e+00 0.000000e+00
      vertex   1.710101e+00 4.698463e+00 0.000000e+00
    endloop
  endfacet
  facet normal 0.000000e+00 -0.000000e+00 -1.000000e+00
    outer loop
      vertex   1.538698e+00 1.192465e+01 0.000000e+00
      vertex   1.710101e+00 4.698463e+00 0.000000e+00
      vertex   1.301651e+00 1.179709e+01 0.000000e+00
    endloop
  endfacet
  facet normal 0.000000e+00 0.000000e+00 -1.000000e+00
    outer loop
      vertex   1.301651e+00 1.179709e+01 0.000000e+00
      vertex   1.710101e+00 4.698463e+00 0.000000e+00
      vertex   1.378187e+00 4.806308e+00 0.000000e+00
    endloop
  endfacet
  facet normal 0.000000e+00 -0.000000e+00 -1.000000e+00
    outer loop
      vertex   1.301651e+00 1.179709e+01 0.000000e+00
      vertex   1.378187e+00 4.806308e+00 0.000000e+00
      vertex   1.054124e+00 1.169130e+01 0.000000e+00
    endloop
  endfacet
  facet normal 0.000000e+00 -0.000000e+00 -1.000000e+00
    outer loop
      vertex   1.054124e+00 1.169130e+01 0.000000e+00
      vertex   1.378187e+00 4.806308e+00 0.000000e+00
      vertex   1.039558e+00 4.890738e+00 0.000000e+00
    endloop
  endfacet
  facet normal 0.000000e+00 0.000000e+00 -1.000000e+00
    outer loop
      vertex   1.054124e+00 1.169130e+01 0.000000e+00
      vertex   1.039558e+00 4.890738e+00 0.000000e+00
      vertex   7.981105e-01 1.160811e+01 0.000000e+00
    endloop
  endfacet
  facet normal 0.000000e+00 -0.000000e+00 -1.000000e+00
    outer loop
      vertex   7.981105e-01 1.160811e+01 0.000000e+00
      vertex   1.039558e+00 4.890738e+00 0.000000e+00
      vertex   6.958655e-01 4.951340e+00 0.000000e+00
    endloop
  endfacet
  facet normal 0.000000e+00 0.000000e+00 -1.000000e+00
    outer loop
      vertex   7.981105e-01 1.160811e+01 0.000000e+00
      vertex   6.958655e-01 4.951340e+00 0.000000e+00
      vertex   5.356707e-01 1.154821e+01 0.000000e+00
    endloop
  endfacet
  facet normal 0.000000e+00 -0.000000e+00 -1.000000e+00
    outer loop
      vertex   5.356707e-01 1.154821e+01 0.000000e+00
      vertex   6.958655e-01 4.951340e+00 0.000000e+00
      vertex   3.487824e-01 4.987820e+00 0.000000e+00
    endloop
  endfacet
  facet normal 0.000000e+00 0.000000e+00 -1.000000e+00
    outer loop
      vertex   5.356707e-01 1.154821e+01 0.000000e+00
      vertex   3.487824e-01 4.987820e+00 0.000000e+00
      vertex   2.689179e-01 1.151208e+01 0.000000e+00
    endloop
  endfacet
  facet normal 0.000000e+00 -0.000000e+00 -1.000000e+00
    outer loop
      vertex   2.689179e-01 1.151208e+01 0.000000e+00
      vertex   3.487824e-01 4.987820e+00 0.000000e+00
      vertex   1.200241e-15 5.000000e+00 0.000000e+00
    endloop
  endfacet
  facet normal 0.000000e+00 0.000000e+00 -1.000000e+00
    outer loop
      vertex   2.689179e-01 1.151208e+01 0.000000e+00
      vertex   1.200241e-15 5.000000e+00 0.000000e+00
      vertex   2.760555e-15 1.150000e+01 0.000000e+00
    endloop
  endfacet
  facet normal -0.000000e+00 0.000000e+00 -1.000000e+00
    outer loop
      vertex   6.960700e+00 1.703258e+01 0.000000e+00
      vertex   2.853170e+00 1.357295e+01 0.000000e+00
      vertex   6.355776e+00 1.726743e+01 0.000000e+00
    endloop
  endfacet
  facet normal 0.000000e+00 0.000000e+00 -1.000000e+00
    outer loop
      vertex   6.355776e+00 1.726743e+01 0.000000e+00
      vertex   2.853170e+00 1.357295e+01 0.000000e+00
      vertex   2.924784e+00 1.383244e+01 0.000000e+00
    endloop
  endfacet
  facet normal -0.000000e+00 0.000000e+00 -1.000000e+00
    outer loop
      vertex   6.355776e+00 1.726743e+01 0.000000e+00
      vertex   2.924784e+00 1.383244e+01 0.000000e+00
      vertex   5.742946e+00 1.748081e+01 0.000000e+00
    endloop
  endfacet
  facet normal 0.000000e+00 0.000000e+00 -1.000000e+00
    outer loop
      vertex   5.742946e+00 1.748081e+01 0.000000e+00
      vertex   2.924784e+00 1.383244e+01 0.000000e+00
      vertex   2.972849e+00 1.409730e+01 0.000000e+00
    endloop
  endfacet
  facet normal -0.000000e+00 0.000000e+00 -1.000000e+00
    outer loop
      vertex   5.742946e+00 1.748081e+01 0.000000e+00
      vertex   2.972849e+00 1.409730e+01 0.000000e+00
      vertex   5.122974e+00 1.767244e+01 0.000000e+00
    endloop
  endfacet
  facet normal 0.000000e+00 0.000000e+00 -1.000000e+00
    outer loop
      vertex   5.122974e+00 1.767244e+01 0.000000e+00
      vertex   2.972849e+00 1.409730e+01 0.000000e+00
      vertex   2.996979e+00 1.436541e+01 0.000000e+00
    endloop
  endfacet
  facet normal 0.000000e+00 0.000000e+00 -1.000000e+00
    outer loop
      vertex   5.122974e+00 1.767244e+01 0.000000e+00
      vertex   2.996979e+00 1.436541e+01 0.000000e+00
      vertex   2.996979e+00 1.463459e+01 0.000000e+00
    endloop
  endfacet
  facet normal -0.000000e+00 0.000000e+00 -1.000000e+00
    outer loop
      vertex   5.122974e+00 1.767244e+01 0.000000e+00
      vertex   2.996979e+00 1.463459e+01 0.000000e+00
      vertex   4.496629e+00 1.784209e+01 0.000000e+00
    endloop
  endfacet
  facet normal 0.000000e+00 0.000000e+00 -1.000000e+00
    outer loop
      vertex   4.496629e+00 1.784209e+01 0.000000e+00
      vertex   2.996979e+00 1.463459e+01 0.000000e+00
      vertex   2.972849e+00 1.490270e+01 0.000000e+00
    endloop
  endfacet
  facet normal -0.000000e+00 0.000000e+00 -1.000000e+00
    outer loop
      vertex   4.496629e+00 1.784209e+01 0.000000e+00
      vertex   2.972849e+00 1.490270e+01 0.000000e+00
      vertex   3.864692e+00 1.798956e+01 0.000000e+00
    endloop
  endfacet
  facet normal 0.000000e+00 0.000000e+00 -1.000000e+00
    outer loop
      vertex   3.864692e+00 1.798956e+01 0.000000e+00
      vertex   2.972849e+00 1.490270e+01 0.000000e+00
      vertex   2.924784e+00 1.516756e+01 0.000000e+00
    endloop
  endfacet
  facet normal 0.000000e+00 0.000000e+00 -1.000000e+00
    outer loop
      vertex   3.864692e+00 1.798956e+01 0.000000e+00
      vertex   2.924784e+00 1.516756e+01 0.000000e+00
      vertex   2.853170e+00 1.542705e+01 0.000000e+00
    endloop
  endfacet
  facet normal -0.000000e+00 0.000000e+00 -1.000000e+00
    outer loop
      vertex   3.864692e+00 1.798956e+01 0.000000e+00
      vertex   2.853170e+00 1.542705e+01 0.000000e+00
      vertex   3.227948e+00 1.811464e+01 0.000000e+00
    endloop
  endfacet
  facet normal 0.000000e+00 0.000000e+00 -1.000000e+00
    outer loop
      vertex   3.227948e+00 1.811464e+01 0.000000e+00
      vertex   2.853170e+00 1.542705e+01 0.000000e+00
      vertex   2.758583e+00 1.567908e+01 0.000000e+00
    endloop
  endfacet
  facet normal 0.000000e+00 0.000000e+00 -1.000000e+00
    outer loop
      vertex   3.227948e+00 1.811464e+01 0.000000e+00
      vertex   2.758583e+00 1.567908e+01 0.000000e+00
      vertex   2.641787e+00 1.592161e+01 0.000000e+00
    endloop
  endfacet
  facet normal 0.000000e+00 0.000000e+00 -1.000000e+00
    outer loop
      vertex   2.641787e+00 1.592161e+01 0.000000e+00
      vertex   2.503720e+00 1.615269e+01 0.000000e+00
      vertex   3.227948e+00 1.811464e+01 0.000000e+00
    endloop
  endfacet
  facet normal -0.000000e+00 0.000000e+00 -1.000000e+00
    outer loop
      vertex   3.227948e+00 1.811464e+01 0.000000e+00
      vertex   2.503720e+00 1.615269e+01 0.000000e+00
      vertex   2.587190e+00 1.821720e+01 0.000000e+00
    endloop
  endfacet
  facet normal 0.000000e+00 0.000000e+00 -1.000000e+00
    outer loop
      vertex   2.587190e+00 1.821720e+01 0.000000e+00
      vertex   2.503720e+00 1.615269e+01 0.000000e+00
      vertex   2.345494e+00 1.637047e+01 0.000000e+00
    endloop
  endfacet
  facet normal 0.000000e+00 0.000000e+00 -1.000000e+00
    outer loop
      vertex   2.587190e+00 1.821720e+01 0.000000e+00
      vertex   2.345494e+00 1.637047e+01 0.000000e+00
      vertex   2.168385e+00 1.657319e+01 0.000000e+00
    endloop
  endfacet
  facet normal 0.000000e+00 0.000000e+00 -1.000000e+00
    outer loop
      vertex   2.168385e+00 1.657319e+01 0.000000e+00
      vertex   1.973816e+00 1.675921e+01 0.000000e+00
      vertex   2.587190e+00 1.821720e+01 0.000000e+00
    endloop
  endfacet
  facet normal -0.000000e+00 0.000000e+00 -1.000000e+00
    outer loop
      vertex   2.587190e+00 1.821720e+01 0.000000e+00
      vertex   1.973816e+00 1.675921e+01 0.000000e+00
      vertex   1.943213e+00 1.829710e+01 0.000000e+00
    endloop
  endfacet
  facet normal 0.000000e+00 -0.000000e+00 -1.000000e+00
    outer loop
      vertex   1.943213e+00 1.829710e+01 0.000000e+00
      vertex   1.973816e+00 1.675921e+01 0.000000e+00
      vertex   1.763356e+00 1.692705e+01 0.000000e+00
    endloop
  endfacet
  facet normal 0.000000e+00 0.000000e+00 -1.000000e+00
    outer loop
      vertex   1.943213e+00 1.829710e+01 0.000000e+00
      vertex   1.763356e+00 1.692705e+01 0.000000e+00
      vertex   1.538698e+00 1.707535e+01 0.000000e+00
    endloop
  endfacet
  facet normal -0.000000e+00 0.000000e+00 -1.000000e+00
    outer loop
      vertex   1.943213e+00 1.829710e+01 0.000000e+00
      vertex   1.538698e+00 1.707535e+01 0.000000e+00
      vertex   1.296820e+00 1.835424e+01 0.000000e+00
    endloop
  endfacet
  facet normal 0.000000e+00 0.000000e+00 -1.000000e+00
    outer loop
      vertex   1.296820e+00 1.835424e+01 0.000000e+00
      vertex   1.538698e+00 1.707535e+01 0.000000e+00
      vertex   1.301651e+00 1.720291e+01 0.000000e+00
    endloop
  endfacet
  facet normal 0.000000e+00 -0.000000e+00 -1.000000e+00
    outer loop
      vertex   1.296820e+00 1.835424e+01 0.000000e+00
      vertex   1.301651e+00 1.720291e+01 0.000000e+00
      vertex   1.054124e+00 1.730870e+01 0.000000e+00
    endloop
  endfacet
  facet normal 0.000000e+00 0.000000e+00 -1.000000e+00
    outer loop
      vertex   1.054124e+00 1.730870e+01 0.000000e+00
      vertex   7.981105e-01 1.739189e+01 0.000000e+00
      vertex   1.296820e+00 1.835424e+01 0.000000e+00
    endloop
  endfacet
  facet normal -0.000000e+00 0.000000e+00 -1.000000e+00
    outer loop
      vertex   1.296820e+00 1.835424e+01 0.000000e+00
      vertex   7.981105e-01 1.739189e+01 0.000000e+00
      vertex   6.488133e-01 1.838856e+01 0.000000e+00
    endloop
  endfacet
  facet normal 0.000000e+00 -0.000000e+00 -1.000000e+00
    outer loop
      vertex   6.488133e-01 1.838856e+01 0.000000e+00
      vertex   7.981105e-01 1.739189e+01 0.000000e+00
      vertex   5.356707e-01 1.745179e+01 0.000000e+00
    endloop
  endfacet
  facet normal 0.000000e+00 0.000000e+00 -1.000000e+00
    outer loop
      vertex   6.488133e-01 1.838856e+01 0.000000e+00
      vertex   5.356707e-01 1.745179e+01 0.000000e+00
      vertex   2.689179e-01 1.748792e+01 0.000000e+00
    endloop
  endfacet
  facet normal 0.000000e+00 0.000000e+00 -1.000000e+00
    outer loop
      vertex   4.200844e-15 1.750000e+01 0.000000e+00
      vertex   4.416887e-15 1.840000e+01 0.000000e+00
      vertex   2.689179e-01 1.748792e+01 0.000000e+00
    endloop
  endfacet
  facet normal 0.000000e+00 0.000000e+00 -1.000000e+00
    outer loop
      vertex   2.689179e-01 1.748792e+01 0.000000e+00
      vertex   4.416887e-15 1.840000e+01 0.000000e+00
      vertex   6.488133e-01 1.838856e+01 0.000000e+00
    endloop
  endfacet
  facet normal -0.000000e+00 0.000000e+00 -1.000000e+00
    outer loop
      vertex   1.497241e+01 2.678271e+01 0.000000e+00
      vertex   6.119345e+00 2.575958e+01 0.000000e+00
      vertex   1.514282e+01 2.687162e+01 0.000000e+00
    endloop
  endfacet
  facet normal 0.000000e+00 0.000000e+00 -1.000000e+00
    outer loop
      vertex   1.514282e+01 2.687162e+01 0.000000e+00
      vertex   6.119345e+00 2.575958e+01 0.000000e+00
      vertex   5.366669e+00 2.593898e+01 0.000000e+00
    endloop
  endfacet
  facet normal 0.000000e+00 0.000000e+00 -1.000000e+00
    outer loop
      vertex   1.514282e+01 2.687162e+01 0.000000e+00
      vertex   5.366669e+00 2.593898e+01 0.000000e+00
      vertex   4.609107e+00 2.609480e+01 0.000000e+00
    endloop
  endfacet
  facet normal 2.431213e-16 5.078391e-17 -1.000000e+00
    outer loop
      vertex   1.373896e+01 -2.243813e+01 0.000000e+00
      vertex   1.429906e+01 -2.511952e+01 0.000000e+00
      vertex   1.305649e+01 -2.281450e+01 -1.850372e-16
    endloop
  endfacet
  facet normal 1.093943e-16 -2.130454e-17 -1.000000e+00
    outer loop
      vertex   1.305649e+01 -2.281450e+01 -1.850372e-16
      vertex   1.429906e+01 -2.511952e+01 0.000000e+00
      vertex   1.426231e+01 -2.530818e+01 0.000000e+00
    endloop
  endfacet
  facet normal 1.354666e-16 -8.697242e-18 -1.000000e+00
    outer loop
      vertex   1.305649e+01 -2.281450e+01 -1.850372e-16
      vertex   1.426231e+01 -2.530818e+01 0.000000e+00
      vertex   1.425000e+01 -2.550000e+01 0.000000e+00
    endloop
  endfacet
  facet normal 0.000000e+00 -0.000000e+00 -1.000000e+00
    outer loop
      vertex   1.440895e+01 -2.204135e+01 0.000000e+00
      vertex   1.454788e+01 -2.460283e+01 0.000000e+00
      vertex   1.373896e+01 -2.243813e+01 0.000000e+00
    endloop
  endfacet
  facet normal 0.000000e+00 0.000000e+00 -1.000000e+00
    outer loop
      vertex   1.373896e+01 -2.243813e+01 0.000000e+00
      vertex   1.454788e+01 -2.460283e+01 0.000000e+00
      vertex   1.444302e+01 -2.476392e+01 0.000000e+00
    endloop
  endfacet
  facet normal 0.000000e+00 0.000000e+00 -1.000000e+00
    outer loop
      vertex   1.373896e+01 -2.243813e+01 0.000000e+00
      vertex   1.444302e+01 -2.476392e+01 0.000000e+00
      vertex   1.435962e+01 -2.493710e+01 0.000000e+00
    endloop
  endfacet
  facet normal 0.000000e+00 -0.000000e+00 -1.000000e+00
    outer loop
      vertex   1.506584e+01 -2.162452e+01 0.000000e+00
      vertex   1.514282e+01 -2.412838e+01 0.000000e+00
      vertex   1.440895e+01 -2.204135e+01 0.000000e+00
    endloop
  endfacet
  facet normal 0.000000e+00 0.000000e+00 -1.000000e+00
    outer loop
      vertex   1.440895e+01 -2.204135e+01 0.000000e+00
      vertex   1.514282e+01 -2.412838e+01 0.000000e+00
      vertex   1.497241e+01 -2.421729e+01 0.000000e+00
    endloop
  endfacet
  facet normal 0.000000e+00 0.000000e+00 -1.000000e+00
    outer loop
      vertex   1.440895e+01 -2.204135e+01 0.000000e+00
      vertex   1.497241e+01 -2.421729e+01 0.000000e+00
      vertex   1.481477e+01 -2.432725e+01 0.000000e+00
    endloop
  endfacet
  facet normal 0.000000e+00 0.000000e+00 -1.000000e+00
    outer loop
      vertex   1.570903e+01 -2.118801e+01 0.000000e+00
      vertex   1.570192e+01 -2.400077e+01 0.000000e+00
      vertex   1.506584e+01 -2.162452e+01 0.000000e+00
    endloop
  endfacet
  facet normal 0.000000e+00 0.000000e+00 -1.000000e+00
    outer loop
      vertex   1.506584e+01 -2.162452e+01 0.000000e+00
      vertex   1.570192e+01 -2.400077e+01 0.000000e+00
      vertex   1.551060e+01 -2.401923e+01 0.000000e+00
    endloop
  endfacet
  facet normal 0.000000e+00 0.000000e+00 -1.000000e+00
    outer loop
      vertex   1.506584e+01 -2.162452e+01 0.000000e+00
      vertex   1.551060e+01 -2.401923e+01 0.000000e+00
      vertex   1.532321e+01 -2.406200e+01 0.000000e+00
    endloop
  endfacet
  facet normal 0.000000e+00 0.000000e+00 -1.000000e+00
    outer loop
      vertex   1.633795e+01 -2.073223e+01 0.000000e+00
      vertex   1.608378e+01 -2.403761e+01 0.000000e+00
      vertex   1.570903e+01 -2.118801e+01 0.000000e+00
    endloop
  endfacet
  facet normal 0.000000e+00 0.000000e+00 -1.000000e+00
    outer loop
      vertex   1.570903e+01 -2.118801e+01 0.000000e+00
      vertex   1.608378e+01 -2.403761e+01 0.000000e+00
      vertex   1.589403e+01 -2.400693e+01 0.000000e+00
    endloop
  endfacet
  facet normal 0.000000e+00 -0.000000e+00 -1.000000e+00
    outer loop
      vertex   1.570903e+01 -2.118801e+01 0.000000e+00
      vertex   1.589403e+01 -2.400693e+01 0.000000e+00
      vertex   1.570192e+01 -2.400077e+01 0.000000e+00
    endloop
  endfacet
  facet normal 0.000000e+00 0.000000e+00 -1.000000e+00
    outer loop
      vertex   1.695201e+01 -2.025759e+01 0.000000e+00
      vertex   1.660817e+01 -2.426974e+01 0.000000e+00
      vertex   1.633795e+01 -2.073223e+01 0.000000e+00
    endloop
  endfacet
  facet normal 0.000000e+00 0.000000e+00 -1.000000e+00
    outer loop
      vertex   1.633795e+01 -2.073223e+01 0.000000e+00
      vertex   1.660817e+01 -2.426974e+01 0.000000e+00
      vertex   1.644381e+01 -2.417010e+01 0.000000e+00
    endloop
  endfacet
  facet normal 0.000000e+00 -0.000000e+00 -1.000000e+00
    outer loop
      vertex   1.633795e+01 -2.073223e+01 0.000000e+00
      vertex   1.644381e+01 -2.417010e+01 0.000000e+00
      vertex   1.626805e+01 -2.409230e+01 0.000000e+00
    endloop
  endfacet
  facet normal 0.000000e+00 0.000000e+00 -1.000000e+00
    outer loop
      vertex   1.755067e+01 -1.976451e+01 0.000000e+00
      vertex   1.700713e+01 -2.468170e+01 0.000000e+00
      vertex   1.695201e+01 -2.025759e+01 0.000000e+00
    endloop
  endfacet
  facet normal 0.000000e+00 -0.000000e+00 -1.000000e+00
    outer loop
      vertex   1.695201e+01 -2.025759e+01 0.000000e+00
      vertex   1.700713e+01 -2.468170e+01 0.000000e+00
      vertex   1.689217e+01 -2.452766e+01 0.000000e+00
    endloop
  endfacet
  facet normal 0.000000e+00 0.000000e+00 -1.000000e+00
    outer loop
      vertex   1.695201e+01 -2.025759e+01 0.000000e+00
      vertex   1.689217e+01 -2.452766e+01 0.000000e+00
      vertex   1.675845e+01 -2.438958e+01 0.000000e+00
    endloop
  endfacet
  facet normal 0.000000e+00 -0.000000e+00 -1.000000e+00
    outer loop
      vertex   1.813336e+01 -1.925346e+01 0.000000e+00
      vertex   1.950000e+01 -2.150000e+01 0.000000e+00
      vertex   1.755067e+01 -1.976451e+01 0.000000e+00
    endloop
  endfacet
  facet normal 0.000000e+00 -0.000000e+00 -1.000000e+00
    outer loop
      vertex   1.755067e+01 -1.976451e+01 0.000000e+00
      vertex   1.950000e+01 -2.150000e+01 0.000000e+00
      vertex   1.710145e+01 -2.484917e+01 0.000000e+00
    endloop
  endfacet
  facet normal 0.000000e+00 0.000000e+00 -1.000000e+00
    outer loop
      vertex   1.755067e+01 -1.976451e+01 0.000000e+00
      vertex   1.710145e+01 -2.484917e+01 0.000000e+00
      vertex   1.700713e+01 -2.468170e+01 0.000000e+00
    endloop
  endfacet
  facet normal -0.000000e+00 0.000000e+00 -1.000000e+00
    outer loop
      vertex   1.839113e+01 -5.712331e-01 0.000000e+00
      vertex   1.463056e+01 -5.081615e+00 0.000000e+00
      vertex   1.839973e+01 1.000000e-01 0.000000e+00
    endloop
  endfacet
  facet normal 0.000000e+00 0.000000e+00 -1.000000e+00
    outer loop
      vertex   1.839973e+01 1.000000e-01 0.000000e+00
      vertex   1.463056e+01 -5.081615e+00 0.000000e+00
      vertex   1.442784e+01 -4.904506e+00 0.000000e+00
    endloop
  endfacet
  facet normal 0.000000e+00 0.000000e+00 -1.000000e+00
    outer loop
      vertex   1.839973e+01 1.000000e-01 0.000000e+00
      vertex   1.442784e+01 -4.904506e+00 0.000000e+00
      vertex   1.421006e+01 -4.746280e+00 0.000000e+00
    endloop
  endfacet
  facet normal 0.000000e+00 0.000000e+00 -1.000000e+00
    outer loop
      vertex   1.839113e+01 -5.712331e-01 0.000000e+00
      vertex   1.835805e+01 -1.241706e+00 0.000000e+00
      vertex   1.463056e+01 -5.081615e+00 0.000000e+00
    endloop
  endfacet
  facet normal 0.000000e+00 0.000000e+00 -1.000000e+00
    outer loop
      vertex   1.463056e+01 -5.081615e+00 0.000000e+00
      vertex   1.835805e+01 -1.241706e+00 0.000000e+00
      vertex   1.830054e+01 -1.910526e+00 0.000000e+00
    endloop
  endfacet
  facet normal 0.000000e+00 0.000000e+00 -1.000000e+00
    outer loop
      vertex   1.463056e+01 -5.081615e+00 0.000000e+00
      vertex   1.830054e+01 -1.910526e+00 0.000000e+00
      vertex   1.481658e+01 -5.276184e+00 0.000000e+00
    endloop
  endfacet
  facet normal 0.000000e+00 0.000000e+00 -1.000000e+00
    outer loop
      vertex   1.481658e+01 -5.276184e+00 0.000000e+00
      vertex   1.830054e+01 -1.910526e+00 0.000000e+00
      vertex   1.821867e+01 -2.576803e+00 0.000000e+00
    endloop
  endfacet
  facet normal 0.000000e+00 0.000000e+00 -1.000000e+00
    outer loop
      vertex   1.481658e+01 -5.276184e+00 0.000000e+00
      vertex   1.821867e+01 -2.576803e+00 0.000000e+00
      vertex   1.811256e+01 -3.239650e+00 0.000000e+00
    endloop
  endfacet
  facet normal 0.000000e+00 0.000000e+00 -1.000000e+00
    outer loop
      vertex   1.481658e+01 -5.276184e+00 0.000000e+00
      vertex   1.811256e+01 -3.239650e+00 0.000000e+00
      vertex   1.498442e+01 -5.486644e+00 0.000000e+00
    endloop
  endfacet
  facet normal 0.000000e+00 0.000000e+00 -1.000000e+00
    outer loop
      vertex   1.498442e+01 -5.486644e+00 0.000000e+00
      vertex   1.811256e+01 -3.239650e+00 0.000000e+00
      vertex   1.798233e+01 -3.898186e+00 0.000000e+00
    endloop
  endfacet
  facet normal 0.000000e+00 0.000000e+00 -1.000000e+00
    outer loop
      vertex   1.498442e+01 -5.486644e+00 0.000000e+00
      vertex   1.798233e+01 -3.898186e+00 0.000000e+00
      vertex   1.513271e+01 -5.711302e+00 0.000000e+00
    endloop
  endfacet
  facet normal 0.000000e+00 0.000000e+00 -1.000000e+00
    outer loop
      vertex   1.513271e+01 -5.711302e+00 0.000000e+00
      vertex   1.798233e+01 -3.898186e+00 0.000000e+00
      vertex   1.782817e+01 -4.551532e+00 0.000000e+00
    endloop
  endfacet
  facet normal 0.000000e+00 0.000000e+00 -1.000000e+00
    outer loop
      vertex   1.513271e+01 -5.711302e+00 0.000000e+00
      vertex   1.782817e+01 -4.551532e+00 0.000000e+00
      vertex   1.765028e+01 -5.198821e+00 0.000000e+00
    endloop
  endfacet
  facet normal 0.000000e+00 0.000000e+00 -1.000000e+00
    outer loop
      vertex   1.513271e+01 -5.711302e+00 0.000000e+00
      vertex   1.765028e+01 -5.198821e+00 0.000000e+00
      vertex   1.526027e+01 -5.948349e+00 0.000000e+00
    endloop
  endfacet
  facet normal 0.000000e+00 0.000000e+00 -1.000000e+00
    outer loop
      vertex   1.526027e+01 -5.948349e+00 0.000000e+00
      vertex   1.765028e+01 -5.198821e+00 0.000000e+00
      vertex   1.744889e+01 -5.839190e+00 0.000000e+00
    endloop
  endfacet
  facet normal 0.000000e+00 0.000000e+00 -1.000000e+00
    outer loop
      vertex   1.526027e+01 -5.948349e+00 0.000000e+00
      vertex   1.744889e+01 -5.839190e+00 0.000000e+00
      vertex   1.536607e+01 -6.195876e+00 0.000000e+00
    endloop
  endfacet
  facet normal 0.000000e+00 0.000000e+00 -1.000000e+00
    outer loop
      vertex   1.536607e+01 -6.195876e+00 0.000000e+00
      vertex   1.744889e+01 -5.839190e+00 0.000000e+00
      vertex   1.722428e+01 -6.471787e+00 0.000000e+00
    endloop
  endfacet
  facet normal 0.000000e+00 0.000000e+00 -1.000000e+00
    outer loop
      vertex   1.536607e+01 -6.195876e+00 0.000000e+00
      vertex   1.722428e+01 -6.471787e+00 0.000000e+00
      vertex   1.544926e+01 -6.451889e+00 0.000000e+00
    endloop
  endfacet
  facet normal 0.000000e+00 0.000000e+00 -1.000000e+00
    outer loop
      vertex   1.544926e+01 -6.451889e+00 0.000000e+00
      vertex   1.722428e+01 -6.471787e+00 0.000000e+00
      vertex   1.697675e+01 -7.095770e+00 0.000000e+00
    endloop
  endfacet
  facet normal 0.000000e+00 0.000000e+00 -1.000000e+00
    outer loop
      vertex   1.544926e+01 -6.451889e+00 0.000000e+00
      vertex   1.697675e+01 -7.095770e+00 0.000000e+00
      vertex   1.550916e+01 -6.714329e+00 0.000000e+00
    endloop
  endfacet
  facet normal 0.000000e+00 0.000000e+00 -1.000000e+00
    outer loop
      vertex   1.550916e+01 -6.714329e+00 0.000000e+00
      vertex   1.697675e+01 -7.095770e+00 0.000000e+00
      vertex   1.670662e+01 -7.710308e+00 0.000000e+00
    endloop
  endfacet
  facet normal 0.000000e+00 0.000000e+00 -1.000000e+00
    outer loop
      vertex   1.550916e+01 -6.714329e+00 0.000000e+00
      vertex   1.670662e+01 -7.710308e+00 0.000000e+00
      vertex   1.554529e+01 -6.981082e+00 0.000000e+00
    endloop
  endfacet
  facet normal 0.000000e+00 0.000000e+00 -1.000000e+00
    outer loop
      vertex   1.554529e+01 -6.981082e+00 0.000000e+00
      vertex   1.670662e+01 -7.710308e+00 0.000000e+00
      vertex   1.555737e+01 -7.250000e+00 0.000000e+00
    endloop
  endfacet
  facet normal 0.000000e+00 0.000000e+00 -1.000000e+00
    outer loop
      vertex   1.555737e+01 -7.250000e+00 0.000000e+00
      vertex   1.670662e+01 -7.710308e+00 0.000000e+00
      vertex   1.641425e+01 -8.314584e+00 0.000000e+00
    endloop
  endfacet
  facet normal 0.000000e+00 -0.000000e+00 -1.000000e+00
    outer loop
      vertex   1.555737e+01 -7.250000e+00 0.000000e+00
      vertex   1.641425e+01 -8.314584e+00 0.000000e+00
      vertex   1.554529e+01 -7.518918e+00 0.000000e+00
    endloop
  endfacet
  facet normal 0.000000e+00 -0.000000e+00 -1.000000e+00
    outer loop
      vertex   1.554529e+01 -7.518918e+00 0.000000e+00
      vertex   1.641425e+01 -8.314584e+00 0.000000e+00
      vertex   1.550916e+01 -7.785671e+00 0.000000e+00
    endloop
  endfacet
  facet normal 0.000000e+00 0.000000e+00 -1.000000e+00
    outer loop
      vertex   1.550916e+01 -7.785671e+00 0.000000e+00
      vertex   1.641425e+01 -8.314584e+00 0.000000e+00
      vertex   1.610004e+01 -8.907793e+00 0.000000e+00
    endloop
  endfacet
  facet normal 0.000000e+00 -0.000000e+00 -1.000000e+00
    outer loop
      vertex   1.550916e+01 -7.785671e+00 0.000000e+00
      vertex   1.610004e+01 -8.907793e+00 0.000000e+00
      vertex   1.544926e+01 -8.048111e+00 0.000000e+00
    endloop
  endfacet
  facet normal 0.000000e+00 -0.000000e+00 -1.000000e+00
    outer loop
      vertex   1.544926e+01 -8.048111e+00 0.000000e+00
      vertex   1.610004e+01 -8.907793e+00 0.000000e+00
      vertex   1.536607e+01 -8.304124e+00 0.000000e+00
    endloop
  endfacet
  facet normal 0.000000e+00 0.000000e+00 -1.000000e+00
    outer loop
      vertex   1.536607e+01 -8.304124e+00 0.000000e+00
      vertex   1.610004e+01 -8.907793e+00 0.000000e+00
      vertex   1.576439e+01 -9.489145e+00 0.000000e+00
    endloop
  endfacet
  facet normal 0.000000e+00 -0.000000e+00 -1.000000e+00
    outer loop
      vertex   1.536607e+01 -8.304124e+00 0.000000e+00
      vertex   1.576439e+01 -9.489145e+00 0.000000e+00
      vertex   1.526027e+01 -8.551651e+00 0.000000e+00
    endloop
  endfacet
  facet normal 0.000000e+00 -0.000000e+00 -1.000000e+00
    outer loop
      vertex   1.526027e+01 -8.551651e+00 0.000000e+00
      vertex   1.576439e+01 -9.489145e+00 0.000000e+00
      vertex   1.513271e+01 -8.788698e+00 0.000000e+00
    endloop
  endfacet
  facet normal 0.000000e+00 0.000000e+00 -1.000000e+00
    outer loop
      vertex   1.513271e+01 -8.788698e+00 0.000000e+00
      vertex   1.576439e+01 -9.489145e+00 0.000000e+00
      vertex   1.540777e+01 -1.005787e+01 0.000000e+00
    endloop
  endfacet
  facet normal 0.000000e+00 -0.000000e+00 -1.000000e+00
    outer loop
      vertex   1.513271e+01 -8.788698e+00 0.000000e+00
      vertex   1.540777e+01 -1.005787e+01 0.000000e+00
      vertex   1.498442e+01 -9.013356e+00 0.000000e+00
    endloop
  endfacet
  facet normal 0.000000e+00 -0.000000e+00 -1.000000e+00
    outer loop
      vertex   1.498442e+01 -9.013356e+00 0.000000e+00
      vertex   1.540777e+01 -1.005787e+01 0.000000e+00
      vertex   1.481658e+01 -9.223816e+00 0.000000e+00
    endloop
  endfacet
  facet normal 0.000000e+00 0.000000e+00 -1.000000e+00
    outer loop
      vertex   1.481658e+01 -9.223816e+00 0.000000e+00
      vertex   1.540777e+01 -1.005787e+01 0.000000e+00
      vertex   1.503063e+01 -1.061320e+01 0.000000e+00
    endloop
  endfacet
  facet normal 0.000000e+00 -0.000000e+00 -1.000000e+00
    outer loop
      vertex   1.481658e+01 -9.223816e+00 0.000000e+00
      vertex   1.503063e+01 -1.061320e+01 0.000000e+00
      vertex   1.463056e+01 -9.418385e+00 0.000000e+00
    endloop
  endfacet
  facet normal 0.000000e+00 -0.000000e+00 -1.000000e+00
    outer loop
      vertex   1.463056e+01 -9.418385e+00 0.000000e+00
      vertex   1.503063e+01 -1.061320e+01 0.000000e+00
      vertex   1.442784e+01 -9.595494e+00 0.000000e+00
    endloop
  endfacet
  facet normal 0.000000e+00 0.000000e+00 -1.000000e+00
    outer loop
      vertex   1.442784e+01 -9.595494e+00 0.000000e+00
      vertex   1.503063e+01 -1.061320e+01 0.000000e+00
      vertex   1.463349e+01 -1.115441e+01 0.000000e+00
    endloop
  endfacet
  facet normal 0.000000e+00 -0.000000e+00 -1.000000e+00
    outer loop
      vertex   1.442784e+01 -9.595494e+00 0.000000e+00
      vertex   1.463349e+01 -1.115441e+01 0.000000e+00
      vertex   1.421006e+01 -9.753720e+00 0.000000e+00
    endloop
  endfacet
  facet normal 0.000000e+00 -0.000000e+00 -1.000000e+00
    outer loop
      vertex   1.421006e+01 -9.753720e+00 0.000000e+00
      vertex   1.463349e+01 -1.115441e+01 0.000000e+00
      vertex   1.397897e+01 -9.891787e+00 0.000000e+00
    endloop
  endfacet
  facet normal 0.000000e+00 0.000000e+00 -1.000000e+00
    outer loop
      vertex   1.397897e+01 -9.891787e+00 0.000000e+00
      vertex   1.463349e+01 -1.115441e+01 0.000000e+00
      vertex   1.421687e+01 -1.168077e+01 0.000000e+00
    endloop
  endfacet
  facet normal 0.000000e+00 -0.000000e+00 -1.000000e+00
    outer loop
      vertex   1.397897e+01 -9.891787e+00 0.000000e+00
      vertex   1.421687e+01 -1.168077e+01 0.000000e+00
      vertex   1.373644e+01 -1.000858e+01 0.000000e+00
    endloop
  endfacet
  facet normal 0.000000e+00 0.000000e+00 -1.000000e+00
    outer loop
      vertex   1.373644e+01 -1.000858e+01 0.000000e+00
      vertex   1.421687e+01 -1.168077e+01 0.000000e+00
      vertex   1.378133e+01 -1.219159e+01 0.000000e+00
    endloop
  endfacet
  facet normal 0.000000e+00 -0.000000e+00 -1.000000e+00
    outer loop
      vertex   1.373644e+01 -1.000858e+01 0.000000e+00
      vertex   1.378133e+01 -1.219159e+01 0.000000e+00
      vertex   1.348442e+01 -1.010317e+01 0.000000e+00
    endloop
  endfacet
  facet normal 0.000000e+00 -0.000000e+00 -1.000000e+00
    outer loop
      vertex   1.348442e+01 -1.010317e+01 0.000000e+00
      vertex   1.378133e+01 -1.219159e+01 0.000000e+00
      vertex   1.322493e+01 -1.017478e+01 0.000000e+00
    endloop
  endfacet
  facet normal 0.000000e+00 0.000000e+00 -1.000000e+00
    outer loop
      vertex   1.322493e+01 -1.017478e+01 0.000000e+00
      vertex   1.378133e+01 -1.219159e+01 0.000000e+00
      vertex   1.332745e+01 -1.268618e+01 0.000000e+00
    endloop
  endfacet
  facet normal 0.000000e+00 -0.000000e+00 -1.000000e+00
    outer loop
      vertex   1.322493e+01 -1.017478e+01 0.000000e+00
      vertex   1.332745e+01 -1.268618e+01 0.000000e+00
      vertex   1.296007e+01 -1.022285e+01 0.000000e+00
    endloop
  endfacet
  facet normal 0.000000e+00 -0.000000e+00 -1.000000e+00
    outer loop
      vertex   1.296007e+01 -1.022285e+01 0.000000e+00
      vertex   1.332745e+01 -1.268618e+01 0.000000e+00
      vertex   1.269196e+01 -1.024698e+01 0.000000e+00
    endloop
  endfacet
  facet normal 0.000000e+00 0.000000e+00 -1.000000e+00
    outer loop
      vertex   1.269196e+01 -1.024698e+01 0.000000e+00
      vertex   1.332745e+01 -1.268618e+01 0.000000e+00
      vertex   1.285583e+01 -1.316388e+01 0.000000e+00
    endloop
  endfacet
  facet normal -0.000000e+00 -0.000000e+00 -1.000000e+00
    outer loop
      vertex   1.269196e+01 -1.024698e+01 0.000000e+00
      vertex   1.285583e+01 -1.316388e+01 0.000000e+00
      vertex   1.242277e+01 -1.024698e+01 0.000000e+00
    endloop
  endfacet
  facet normal 0.000000e+00 -0.000000e+00 -1.000000e+00
    outer loop
      vertex   1.242277e+01 -1.024698e+01 0.000000e+00
      vertex   1.285583e+01 -1.316388e+01 0.000000e+00
      vertex   1.236709e+01 -1.362406e+01 0.000000e+00
    endloop
  endfacet
  facet normal -0.000000e+00 0.000000e+00 -1.000000e+00
    outer loop
      vertex   1.242277e+01 -1.024698e+01 0.000000e+00
      vertex   1.236709e+01 -1.362406e+01 0.000000e+00
      vertex   1.215467e+01 -1.022285e+01 0.000000e+00
    endloop
  endfacet
  facet normal -0.000000e+00 -0.000000e+00 -1.000000e+00
    outer loop
      vertex   1.215467e+01 -1.022285e+01 0.000000e+00
      vertex   1.236709e+01 -1.362406e+01 0.000000e+00
      vertex   1.188981e+01 -1.017478e+01 0.000000e+00
    endloop
  endfacet
  facet normal 0.000000e+00 -0.000000e+00 -1.000000e+00
    outer loop
      vertex   1.188981e+01 -1.017478e+01 0.000000e+00
      vertex   1.236709e+01 -1.362406e+01 0.000000e+00
      vertex   1.186190e+01 -1.406611e+01 0.000000e+00
    endloop
  endfacet
  facet normal -0.000000e+00 0.000000e+00 -1.000000e+00
    outer loop
      vertex   1.188981e+01 -1.017478e+01 0.000000e+00
      vertex   1.186190e+01 -1.406611e+01 0.000000e+00
      vertex   1.163032e+01 -1.010317e+01 0.000000e+00
    endloop
  endfacet
  facet normal -0.000000e+00 -0.000000e+00 -1.000000e+00
    outer loop
      vertex   1.163032e+01 -1.010317e+01 0.000000e+00
      vertex   1.186190e+01 -1.406611e+01 0.000000e+00
      vertex   1.137829e+01 -1.000858e+01 0.000000e+00
    endloop
  endfacet
  facet normal 0.000000e+00 -0.000000e+00 -1.000000e+00
    outer loop
      vertex   1.137829e+01 -1.000858e+01 0.000000e+00
      vertex   1.186190e+01 -1.406611e+01 0.000000e+00
      vertex   1.134091e+01 -1.448943e+01 0.000000e+00
    endloop
  endfacet
  facet normal -0.000000e+00 0.000000e+00 -1.000000e+00
    outer loop
      vertex   1.137829e+01 -1.000858e+01 0.000000e+00
      vertex   1.134091e+01 -1.448943e+01 0.000000e+00
      vertex   1.113576e+01 -9.891787e+00 0.000000e+00
    endloop
  endfacet
  facet normal -0.000000e+00 -0.000000e+00 -1.000000e+00
    outer loop
      vertex   1.113576e+01 -9.891787e+00 0.000000e+00
      vertex   1.134091e+01 -1.448943e+01 0.000000e+00
      vertex   1.090468e+01 -9.753720e+00 0.000000e+00
    endloop
  endfacet
  facet normal 0.000000e+00 -0.000000e+00 -1.000000e+00
    outer loop
      vertex   1.090468e+01 -9.753720e+00 0.000000e+00
      vertex   1.134091e+01 -1.448943e+01 0.000000e+00
      vertex   1.080484e+01 -1.489347e+01 0.000000e+00
    endloop
  endfacet
  facet normal -0.000000e+00 0.000000e+00 -1.000000e+00
    outer loop
      vertex   1.090468e+01 -9.753720e+00 0.000000e+00
      vertex   1.080484e+01 -1.489347e+01 0.000000e+00
      vertex   1.068690e+01 -9.595494e+00 0.000000e+00
    endloop
  endfacet
  facet normal 0.000000e+00 -0.000000e+00 -1.000000e+00
    outer loop
      vertex   1.068690e+01 -9.595494e+00 0.000000e+00
      vertex   1.080484e+01 -1.489347e+01 0.000000e+00
      vertex   1.025438e+01 -1.527769e+01 0.000000e+00
    endloop
  endfacet
  facet normal -0.000000e+00 0.000000e+00 -1.000000e+00
    outer loop
      vertex   1.068690e+01 -9.595494e+00 0.000000e+00
      vertex   1.025438e+01 -1.527769e+01 0.000000e+00
      vertex   1.048418e+01 -9.418385e+00 0.000000e+00
    endloop
  endfacet
  facet normal -0.000000e+00 0.000000e+00 -1.000000e+00
    outer loop
      vertex   1.048418e+01 -9.418385e+00 0.000000e+00
      vertex   1.025438e+01 -1.527769e+01 0.000000e+00
      vertex   1.029815e+01 -9.223816e+00 0.000000e+00
    endloop
  endfacet
  facet normal 0.000000e+00 0.000000e+00 -1.000000e+00
    outer loop
      vertex   1.029815e+01 -9.223816e+00 0.000000e+00
      vertex   1.025438e+01 -1.527769e+01 0.000000e+00
      vertex   9.690268e+00 -1.564157e+01 0.000000e+00
    endloop
  endfacet
  facet normal -0.000000e+00 0.000000e+00 -1.000000e+00
    outer loop
      vertex   1.029815e+01 -9.223816e+00 0.000000e+00
      vertex   9.690268e+00 -1.564157e+01 0.000000e+00
      vertex   1.013032e+01 -9.013356e+00 0.000000e+00
    endloop
  endfacet
  facet normal -0.000000e+00 0.000000e+00 -1.000000e+00
    outer loop
      vertex   1.013032e+01 -9.013356e+00 0.000000e+00
      vertex   9.690268e+00 -1.564157e+01 0.000000e+00
      vertex   9.982022e+00 -8.788698e+00 0.000000e+00
    endloop
  endfacet
  facet normal 0.000000e+00 0.000000e+00 -1.000000e+00
    outer loop
      vertex   9.982022e+00 -8.788698e+00 0.000000e+00
      vertex   9.690268e+00 -1.564157e+01 0.000000e+00
      vertex   9.113262e+00 -1.598463e+01 0.000000e+00
    endloop
  endfacet
  facet normal -0.000000e+00 0.000000e+00 -1.000000e+00
    outer loop
      vertex   9.982022e+00 -8.788698e+00 0.000000e+00
      vertex   9.113262e+00 -1.598463e+01 0.000000e+00
      vertex   9.854462e+00 -8.551651e+00 0.000000e+00
    endloop
  endfacet
  facet normal -0.000000e+00 0.000000e+00 -1.000000e+00
    outer loop
      vertex   9.854462e+00 -8.551651e+00 0.000000e+00
      vertex   9.113262e+00 -1.598463e+01 0.000000e+00
      vertex   9.748664e+00 -8.304124e+00 0.000000e+00
    endloop
  endfacet
  facet normal -0.000000e+00 0.000000e+00 -1.000000e+00
    outer loop
      vertex   9.748664e+00 -8.304124e+00 0.000000e+00
      vertex   9.113262e+00 -1.598463e+01 0.000000e+00
      vertex   9.665480e+00 -8.048111e+00 0.000000e+00
    endloop
  endfacet
  facet normal -0.000000e+00 0.000000e+00 -1.000000e+00
    outer loop
      vertex   9.665480e+00 -8.048111e+00 0.000000e+00
      vertex   9.113262e+00 -1.598463e+01 0.000000e+00
      vertex   9.605580e+00 -7.785671e+00 0.000000e+00
    endloop
  endfacet
  facet normal -1.979348e-17 1.566456e-17 -1.000000e+00
    outer loop
      vertex   9.113262e+00 -1.598463e+01 0.000000e+00
      vertex   1.305649e+01 -2.281450e+01 -1.850372e-16
      vertex   -6.661338e-15 -2.750000e+01 0.000000e+00
    endloop
  endfacet
  facet normal 6.535478e-18 -5.770308e-17 -1.000000e+00
    outer loop
      vertex   -6.661338e-15 -2.750000e+01 0.000000e+00
      vertex   1.305649e+01 -2.281450e+01 -1.850372e-16
      vertex   1.429906e+01 -2.588048e+01 0.000000e+00
    endloop
  endfacet
  facet normal 0.000000e+00 0.000000e+00 -1.000000e+00
    outer loop
      vertex   -6.661338e-15 -2.750000e+01 0.000000e+00
      vertex   1.429906e+01 -2.588048e+01 0.000000e+00
      vertex   1.435962e+01 -2.606290e+01 0.000000e+00
    endloop
  endfacet
  facet normal 0.000000e+00 0.000000e+00 -1.000000e+00
    outer loop
      vertex   1.421006e+01 -4.746280e+00 0.000000e+00
      vertex   1.397897e+01 -4.608213e+00 0.000000e+00
      vertex   1.839973e+01 1.000000e-01 0.000000e+00
    endloop
  endfacet
  facet normal 0.000000e+00 0.000000e+00 -1.000000e+00
    outer loop
      vertex   1.839973e+01 1.000000e-01 0.000000e+00
      vertex   1.397897e+01 -4.608213e+00 0.000000e+00
      vertex   1.373644e+01 -4.491417e+00 0.000000e+00
    endloop
  endfacet
  facet normal 0.000000e+00 0.000000e+00 -1.000000e+00
    outer loop
      vertex   1.839973e+01 1.000000e-01 0.000000e+00
      vertex   1.373644e+01 -4.491417e+00 0.000000e+00
      vertex   1.348442e+01 -4.396830e+00 0.000000e+00
    endloop
  endfacet
  facet normal 0.000000e+00 0.000000e+00 -1.000000e+00
    outer loop
      vertex   1.348442e+01 -4.396830e+00 0.000000e+00
      vertex   1.322493e+01 -4.325216e+00 0.000000e+00
      vertex   1.839973e+01 1.000000e-01 0.000000e+00
    endloop
  endfacet
  facet normal 1.812143e-16 1.163434e-17 -1.000000e+00
    outer loop
      vertex   1.425000e+01 -2.550000e+01 0.000000e+00
      vertex   1.426231e+01 -2.569182e+01 0.000000e+00
      vertex   1.305649e+01 -2.281450e+01 -1.850372e-16
    endloop
  endfacet
  facet normal 2.866710e-16 5.582916e-17 -1.000000e+00
    outer loop
      vertex   1.305649e+01 -2.281450e+01 -1.850372e-16
      vertex   1.426231e+01 -2.569182e+01 0.000000e+00
      vertex   1.429906e+01 -2.588048e+01 0.000000e+00
    endloop
  endfacet
  facet normal 0.000000e+00 -0.000000e+00 -1.000000e+00
    outer loop
      vertex   1.435962e+01 -2.606290e+01 0.000000e+00
      vertex   1.444302e+01 -2.623608e+01 0.000000e+00
      vertex   -6.661338e-15 -2.750000e+01 0.000000e+00
    endloop
  endfacet
  facet normal 0.000000e+00 0.000000e+00 -1.000000e+00
    outer loop
      vertex   -6.661338e-15 -2.750000e+01 0.000000e+00
      vertex   1.444302e+01 -2.623608e+01 0.000000e+00
      vertex   1.454788e+01 -2.639717e+01 0.000000e+00
    endloop
  endfacet
  facet normal 0.000000e+00 0.000000e+00 -1.000000e+00
    outer loop
      vertex   -6.661338e-15 -2.750000e+01 0.000000e+00
      vertex   1.454788e+01 -2.639717e+01 0.000000e+00
      vertex   1.467248e+01 -2.654352e+01 0.000000e+00
    endloop
  endfacet
  facet normal 0.000000e+00 -0.000000e+00 -1.000000e+00
    outer loop
      vertex   1.467248e+01 -2.654352e+01 0.000000e+00
      vertex   1.481477e+01 -2.667275e+01 0.000000e+00
      vertex   -6.661338e-15 -2.750000e+01 0.000000e+00
    endloop
  endfacet
  facet normal 0.000000e+00 0.000000e+00 -1.000000e+00
    outer loop
      vertex   -6.661338e-15 -2.750000e+01 0.000000e+00
      vertex   1.481477e+01 -2.667275e+01 0.000000e+00
      vertex   1.497241e+01 -2.678271e+01 0.000000e+00
    endloop
  endfacet
  facet normal 0.000000e+00 0.000000e+00 -1.000000e+00
    outer loop
      vertex   -6.661338e-15 -2.750000e+01 0.000000e+00
      vertex   1.497241e+01 -2.678271e+01 0.000000e+00
      vertex   1.514282e+01 -2.687162e+01 0.000000e+00
    endloop
  endfacet
  facet normal 0.000000e+00 -0.000000e+00 -1.000000e+00
    outer loop
      vertex   1.514282e+01 -2.687162e+01 0.000000e+00
      vertex   1.532321e+01 -2.693800e+01 0.000000e+00
      vertex   -6.661338e-15 -2.750000e+01 0.000000e+00
    endloop
  endfacet
  facet normal 0.000000e+00 0.000000e+00 -1.000000e+00
    outer loop
      vertex   -6.661338e-15 -2.750000e+01 0.000000e+00
      vertex   1.532321e+01 -2.693800e+01 0.000000e+00
      vertex   1.551060e+01 -2.698077e+01 0.000000e+00
    endloop
  endfacet
  facet normal 0.000000e+00 0.000000e+00 -1.000000e+00
    outer loop
      vertex   1.589403e+01 -2.699307e+01 0.000000e+00
      vertex   1.608378e+01 -2.696239e+01 0.000000e+00
      vertex   1.950000e+01 -2.750000e+01 0.000000e+00
    endloop
  endfacet
  facet normal 0.000000e+00 0.000000e+00 -1.000000e+00
    outer loop
      vertex   1.950000e+01 -2.750000e+01 0.000000e+00
      vertex   1.608378e+01 -2.696239e+01 0.000000e+00
      vertex   1.626805e+01 -2.690770e+01 0.000000e+00
    endloop
  endfacet
  facet normal 0.000000e+00 0.000000e+00 -1.000000e+00
    outer loop
      vertex   1.950000e+01 -2.750000e+01 0.000000e+00
      vertex   1.626805e+01 -2.690770e+01 0.000000e+00
      vertex   1.644381e+01 -2.682990e+01 0.000000e+00
    endloop
  endfacet
  facet normal 0.000000e+00 0.000000e+00 -1.000000e+00
    outer loop
      vertex   1.644381e+01 -2.682990e+01 0.000000e+00
      vertex   1.660817e+01 -2.673026e+01 0.000000e+00
      vertex   1.950000e+01 -2.750000e+01 0.000000e+00
    endloop
  endfacet
  facet normal 0.000000e+00 0.000000e+00 -1.000000e+00
    outer loop
      vertex   1.950000e+01 -2.750000e+01 0.000000e+00
      vertex   1.660817e+01 -2.673026e+01 0.000000e+00
      vertex   1.675845e+01 -2.661042e+01 0.000000e+00
    endloop
  endfacet
  facet normal 0.000000e+00 0.000000e+00 -1.000000e+00
    outer loop
      vertex   1.950000e+01 -2.750000e+01 0.000000e+00
      vertex   1.675845e+01 -2.661042e+01 0.000000e+00
      vertex   1.689217e+01 -2.647234e+01 0.000000e+00
    endloop
  endfacet
  facet normal 0.000000e+00 0.000000e+00 -1.000000e+00
    outer loop
      vertex   1.689217e+01 -2.647234e+01 0.000000e+00
      vertex   1.700713e+01 -2.631830e+01 0.000000e+00
      vertex   1.950000e+01 -2.750000e+01 0.000000e+00
    endloop
  endfacet
  facet normal 0.000000e+00 0.000000e+00 -1.000000e+00
    outer loop
      vertex   1.950000e+01 -2.750000e+01 0.000000e+00
      vertex   1.700713e+01 -2.631830e+01 0.000000e+00
      vertex   1.710145e+01 -2.615083e+01 0.000000e+00
    endloop
  endfacet
  facet normal 0.000000e+00 0.000000e+00 -1.000000e+00
    outer loop
      vertex   1.950000e+01 -2.750000e+01 0.000000e+00
      vertex   1.710145e+01 -2.615083e+01 0.000000e+00
      vertex   1.717358e+01 -2.597266e+01 0.000000e+00
    endloop
  endfacet
  facet normal 0.000000e+00 0.000000e+00 -1.000000e+00
    outer loop
      vertex   1.717358e+01 -2.597266e+01 0.000000e+00
      vertex   1.722234e+01 -2.578674e+01 0.000000e+00
      vertex   1.950000e+01 -2.750000e+01 0.000000e+00
    endloop
  endfacet
  facet normal 0.000000e+00 0.000000e+00 -1.000000e+00
    outer loop
      vertex   1.950000e+01 -2.750000e+01 0.000000e+00
      vertex   1.722234e+01 -2.578674e+01 0.000000e+00
      vertex   1.724692e+01 -2.559611e+01 0.000000e+00
    endloop
  endfacet
  facet normal 0.000000e+00 0.000000e+00 -1.000000e+00
    outer loop
      vertex   1.950000e+01 -2.750000e+01 0.000000e+00
      vertex   1.724692e+01 -2.559611e+01 0.000000e+00
      vertex   1.724692e+01 -2.540389e+01 0.000000e+00
    endloop
  endfacet
  facet normal 0.000000e+00 0.000000e+00 -1.000000e+00
    outer loop
      vertex   1.717358e+01 -2.502734e+01 0.000000e+00
      vertex   1.710145e+01 -2.484917e+01 0.000000e+00
      vertex   1.950000e+01 -2.150000e+01 0.000000e+00
    endloop
  endfacet
  facet normal 0.000000e+00 0.000000e+00 -1.000000e+00
    outer loop
      vertex   1.675845e+01 -2.438958e+01 0.000000e+00
      vertex   1.660817e+01 -2.426974e+01 0.000000e+00
      vertex   1.695201e+01 -2.025759e+01 0.000000e+00
    endloop
  endfacet
  facet normal 0.000000e+00 0.000000e+00 -1.000000e+00
    outer loop
      vertex   1.626805e+01 -2.409230e+01 0.000000e+00
      vertex   1.608378e+01 -2.403761e+01 0.000000e+00
      vertex   1.633795e+01 -2.073223e+01 0.000000e+00
    endloop
  endfacet
  facet normal -0.000000e+00 0.000000e+00 -1.000000e+00
    outer loop
      vertex   1.532321e+01 -2.406200e+01 0.000000e+00
      vertex   1.514282e+01 -2.412838e+01 0.000000e+00
      vertex   1.506584e+01 -2.162452e+01 0.000000e+00
    endloop
  endfacet
  facet normal -0.000000e+00 0.000000e+00 -1.000000e+00
    outer loop
      vertex   1.481477e+01 -2.432725e+01 0.000000e+00
      vertex   1.467248e+01 -2.445648e+01 0.000000e+00
      vertex   1.440895e+01 -2.204135e+01 0.000000e+00
    endloop
  endfacet
  facet normal 0.000000e+00 0.000000e+00 -1.000000e+00
    outer loop
      vertex   1.440895e+01 -2.204135e+01 0.000000e+00
      vertex   1.467248e+01 -2.445648e+01 0.000000e+00
      vertex   1.454788e+01 -2.460283e+01 0.000000e+00
    endloop
  endfacet
  facet normal -0.000000e+00 0.000000e+00 -1.000000e+00
    outer loop
      vertex   1.435962e+01 -2.493710e+01 0.000000e+00
      vertex   1.429906e+01 -2.511952e+01 0.000000e+00
      vertex   1.373896e+01 -2.243813e+01 0.000000e+00
    endloop
  endfacet
endsolid
