solid ASCII
  facet normal -1.000000e+00 -2.923287e-15 -1.363151e-15
    outer loop
      vertex   5.000000e+00 -1.499562e+01 6.707891e+02
      vertex   5.000000e+00 -1.613669e+01 6.732361e+02
      vertex   5.000000e+00 2.224229e+00 6.788188e+02
    endloop
  endfacet
  facet normal -1.000000e+00 -3.309910e-15 -9.158995e-17
    outer loop
      vertex   5.000000e+00 2.224229e+00 6.788188e+02
      vertex   5.000000e+00 -1.613669e+01 6.732361e+02
      vertex   5.000000e+00 1.083160e+00 6.812659e+02
    endloop
  endfacet
  facet normal -3.029135e-14 4.226183e-01 -9.063078e-01
    outer loop
      vertex   5.000000e+00 -1.499562e+01 6.707891e+02
      vertex   2.762520e+00 -2.603058e+01 6.656434e+02
      vertex   -5.000000e+00 -1.499562e+01 6.707891e+02
    endloop
  endfacet
  facet normal 3.168698e-16 4.226183e-01 -9.063078e-01
    outer loop
      vertex   -5.000000e+00 -1.499562e+01 6.707891e+02
      vertex   2.762520e+00 -2.603058e+01 6.656434e+02
      vertex   -2.762520e+00 -2.603058e+01 6.656434e+02
    endloop
  endfacet
  facet normal -2.447312e-15 4.226183e-01 -9.063078e-01
    outer loop
      vertex   -5.000000e+00 -1.499562e+01 6.707891e+02
      vertex   -2.762520e+00 -2.603058e+01 6.656434e+02
      vertex   -1.085223e+01 -2.376604e+01 6.666994e+02
    endloop
  endfacet
  facet normal -3.442399e-14 4.226183e-01 -9.063078e-01
    outer loop
      vertex   -1.085223e+01 -2.376604e+01 6.666994e+02
      vertex   -2.762520e+00 -2.603058e+01 6.656434e+02
      vertex   -1.084455e+01 -2.385237e+01 6.666591e+02
    endloop
  endfacet
  facet normal -3.469083e-13 4.226183e-01 -9.063078e-01
    outer loop
      vertex   -1.084455e+01 -2.385237e+01 6.666591e+02
      vertex   -2.762520e+00 -2.603058e+01 6.656434e+02
      vertex   -1.085223e+01 -2.393871e+01 6.666189e+02
    endloop
  endfacet
  facet normal 2.772813e-13 4.226183e-01 -9.063078e-01
    outer loop
      vertex   -1.085223e+01 -2.393871e+01 6.666189e+02
      vertex   -2.762520e+00 -2.603058e+01 6.656434e+02
      vertex   -1.087500e+01 -2.402173e+01 6.665801e+02
    endloop
  endfacet
  facet normal 8.815628e-14 4.226183e-01 -9.063078e-01
    outer loop
      vertex   -1.087500e+01 -2.402173e+01 6.665801e+02
      vertex   -2.762520e+00 -2.603058e+01 6.656434e+02
      vertex   -1.091196e+01 -2.409825e+01 6.665445e+02
    endloop
  endfacet
  facet normal -9.234586e-14 4.226183e-01 -9.063078e-01
    outer loop
      vertex   -1.091196e+01 -2.409825e+01 6.665445e+02
      vertex   -2.762520e+00 -2.603058e+01 6.656434e+02
      vertex   -1.093534e+01 -2.413313e+01 6.665282e+02
    endloop
  endfacet
  facet normal 9.251709e-15 4.226183e-01 -9.063078e-01
    outer loop
      vertex   -1.093534e+01 -2.413313e+01 6.665282e+02
      vertex   -2.762520e+00 -2.603058e+01 6.656434e+02
      vertex   -1.096171e+01 -2.416531e+01 6.665132e+02
    endloop
  endfacet
  facet normal -1.969159e-14 4.226183e-01 -9.063078e-01
    outer loop
      vertex   -1.096171e+01 -2.416531e+01 6.665132e+02
      vertex   -2.762520e+00 -2.603058e+01 6.656434e+02
      vertex   -2.762520e+00 -3.976114e+01 6.592407e+02
    endloop
  endfacet
  facet normal -2.497533e-13 4.226183e-01 -9.063078e-01
    outer loop
      vertex   -1.096171e+01 -2.416531e+01 6.665132e+02
      vertex   -2.762520e+00 -3.976114e+01 6.592407e+02
      vertex   -1.099079e+01 -2.419448e+01 6.664996e+02
    endloop
  endfacet
  facet normal 9.079925e-13 4.226183e-01 -9.063078e-01
    outer loop
      vertex   -1.099079e+01 -2.419448e+01 6.664996e+02
      vertex   -2.762520e+00 -3.976114e+01 6.592407e+02
      vertex   -1.102232e+01 -2.422035e+01 6.664875e+02
    endloop
  endfacet
  facet normal -1.540325e-12 4.226183e-01 -9.063078e-01
    outer loop
      vertex   -1.102232e+01 -2.422035e+01 6.664875e+02
      vertex   -2.762520e+00 -3.976114e+01 6.592407e+02
      vertex   -1.105599e+01 -2.424268e+01 6.664771e+02
    endloop
  endfacet
  facet normal 6.567503e-15 4.226183e-01 -9.063078e-01
    outer loop
      vertex   -1.105599e+01 -2.424268e+01 6.664771e+02
      vertex   -2.762520e+00 -3.976114e+01 6.592407e+02
      vertex   -1.500000e+01 -3.045928e+01 6.635783e+02
    endloop
  endfacet
  facet normal -1.469199e-12 4.226183e-01 -9.063078e-01
    outer loop
      vertex   -1.105599e+01 -2.424268e+01 6.664771e+02
      vertex   -1.500000e+01 -3.045928e+01 6.635783e+02
      vertex   -1.109147e+01 -2.426125e+01 6.664685e+02
    endloop
  endfacet
  facet normal -1.175735e-12 4.226183e-01 -9.063078e-01
    outer loop
      vertex   -1.109147e+01 -2.426125e+01 6.664685e+02
      vertex   -1.500000e+01 -3.045928e+01 6.635783e+02
      vertex   -1.112843e+01 -2.427588e+01 6.664616e+02
    endloop
  endfacet
  facet normal 4.324521e-12 4.226183e-01 -9.063078e-01
    outer loop
      vertex   -1.112843e+01 -2.427588e+01 6.664616e+02
      vertex   -1.500000e+01 -3.045928e+01 6.635783e+02
      vertex   -1.116651e+01 -2.428643e+01 6.664567e+02
    endloop
  endfacet
  facet normal -1.583939e-12 4.226183e-01 -9.063078e-01
    outer loop
      vertex   -1.116651e+01 -2.428643e+01 6.664567e+02
      vertex   -1.500000e+01 -3.045928e+01 6.635783e+02
      vertex   -1.120534e+01 -2.429280e+01 6.664537e+02
    endloop
  endfacet
  facet normal 1.452968e-12 4.226183e-01 -9.063078e-01
    outer loop
      vertex   -1.120534e+01 -2.429280e+01 6.664537e+02
      vertex   -1.500000e+01 -3.045928e+01 6.635783e+02
      vertex   -1.124455e+01 -2.429493e+01 6.664527e+02
    endloop
  endfacet
  facet normal -1.285690e-12 4.226183e-01 -9.063078e-01
    outer loop
      vertex   -1.124455e+01 -2.429493e+01 6.664527e+02
      vertex   -1.500000e+01 -3.045928e+01 6.635783e+02
      vertex   -1.128375e+01 -2.429280e+01 6.664537e+02
    endloop
  endfacet
  facet normal 1.295736e-12 4.226183e-01 -9.063078e-01
    outer loop
      vertex   -1.128375e+01 -2.429280e+01 6.664537e+02
      vertex   -1.500000e+01 -3.045928e+01 6.635783e+02
      vertex   -1.132258e+01 -2.428643e+01 6.664567e+02
    endloop
  endfacet
  facet normal -8.623403e-13 4.226183e-01 -9.063078e-01
    outer loop
      vertex   -1.132258e+01 -2.428643e+01 6.664567e+02
      vertex   -1.500000e+01 -3.045928e+01 6.635783e+02
      vertex   -1.501919e+01 -2.992695e+01 6.638265e+02
    endloop
  endfacet
  facet normal -2.941977e-12 4.226183e-01 -9.063078e-01
    outer loop
      vertex   -1.132258e+01 -2.428643e+01 6.664567e+02
      vertex   -1.501919e+01 -2.992695e+01 6.638265e+02
      vertex   -1.136066e+01 -2.427588e+01 6.664616e+02
    endloop
  endfacet
  facet normal 7.526683e-13 4.226183e-01 -9.063078e-01
    outer loop
      vertex   -1.136066e+01 -2.427588e+01 6.664616e+02
      vertex   -1.501919e+01 -2.992695e+01 6.638265e+02
      vertex   -1.139762e+01 -2.426125e+01 6.664685e+02
    endloop
  endfacet
  facet normal 7.491965e-13 4.226183e-01 -9.063078e-01
    outer loop
      vertex   -1.139762e+01 -2.426125e+01 6.664685e+02
      vertex   -1.501919e+01 -2.992695e+01 6.638265e+02
      vertex   -1.143311e+01 -2.424268e+01 6.664771e+02
    endloop
  endfacet
  facet normal -7.227352e-15 4.226183e-01 -9.063078e-01
    outer loop
      vertex   -1.143311e+01 -2.424268e+01 6.664771e+02
      vertex   -1.501919e+01 -2.992695e+01 6.638265e+02
      vertex   -1.507666e+01 -2.939689e+01 6.640737e+02
    endloop
  endfacet
  facet normal 1.460847e-12 4.226183e-01 -9.063078e-01
    outer loop
      vertex   -1.143311e+01 -2.424268e+01 6.664771e+02
      vertex   -1.507666e+01 -2.939689e+01 6.640737e+02
      vertex   -1.146678e+01 -2.422035e+01 6.664875e+02
    endloop
  endfacet
  facet normal -7.971800e-13 4.226183e-01 -9.063078e-01
    outer loop
      vertex   -1.146678e+01 -2.422035e+01 6.664875e+02
      vertex   -1.507666e+01 -2.939689e+01 6.640737e+02
      vertex   -1.149831e+01 -2.419448e+01 6.664996e+02
    endloop
  endfacet
  facet normal -2.884686e-13 4.226183e-01 -9.063078e-01
    outer loop
      vertex   -1.149831e+01 -2.419448e+01 6.664996e+02
      vertex   -1.507666e+01 -2.939689e+01 6.640737e+02
      vertex   -1.517219e+01 -2.887136e+01 6.643187e+02
    endloop
  endfacet
  facet normal 1.990726e-13 4.226183e-01 -9.063078e-01
    outer loop
      vertex   -1.149831e+01 -2.419448e+01 6.664996e+02
      vertex   -1.517219e+01 -2.887136e+01 6.643187e+02
      vertex   -1.152739e+01 -2.416531e+01 6.665132e+02
    endloop
  endfacet
  facet normal -6.920701e-14 4.226183e-01 -9.063078e-01
    outer loop
      vertex   -1.152739e+01 -2.416531e+01 6.665132e+02
      vertex   -1.517219e+01 -2.887136e+01 6.643187e+02
      vertex   -1.155375e+01 -2.413313e+01 6.665282e+02
    endloop
  endfacet
  facet normal 1.989904e-13 4.226183e-01 -9.063078e-01
    outer loop
      vertex   -1.155375e+01 -2.413313e+01 6.665282e+02
      vertex   -1.517219e+01 -2.887136e+01 6.643187e+02
      vertex   -1.530535e+01 -2.835261e+01 6.645606e+02
    endloop
  endfacet
  facet normal 2.111262e-13 4.226183e-01 -9.063078e-01
    outer loop
      vertex   -1.155375e+01 -2.413313e+01 6.665282e+02
      vertex   -1.530535e+01 -2.835261e+01 6.645606e+02
      vertex   -1.157714e+01 -2.409825e+01 6.665445e+02
    endloop
  endfacet
  facet normal -3.533543e-13 4.226183e-01 -9.063078e-01
    outer loop
      vertex   -1.157714e+01 -2.409825e+01 6.665445e+02
      vertex   -1.530535e+01 -2.835261e+01 6.645606e+02
      vertex   -1.161410e+01 -2.402173e+01 6.665801e+02
    endloop
  endfacet
  facet normal -9.343707e-14 4.226183e-01 -9.063078e-01
    outer loop
      vertex   -1.161410e+01 -2.402173e+01 6.665801e+02
      vertex   -1.530535e+01 -2.835261e+01 6.645606e+02
      vertex   -1.547558e+01 -2.784283e+01 6.647983e+02
    endloop
  endfacet
  facet normal -1.045122e-12 4.226183e-01 -9.063078e-01
    outer loop
      vertex   -1.161410e+01 -2.402173e+01 6.665801e+02
      vertex   -1.547558e+01 -2.784283e+01 6.647983e+02
      vertex   -1.163686e+01 -2.393871e+01 6.666189e+02
    endloop
  endfacet
  facet normal 1.145056e-13 4.226183e-01 -9.063078e-01
    outer loop
      vertex   -1.163686e+01 -2.393871e+01 6.666189e+02
      vertex   -1.547558e+01 -2.784283e+01 6.647983e+02
      vertex   -1.568216e+01 -2.734421e+01 6.650308e+02
    endloop
  endfacet
  facet normal -1.056876e-13 4.226183e-01 -9.063078e-01
    outer loop
      vertex   -1.163686e+01 -2.393871e+01 6.666189e+02
      vertex   -1.568216e+01 -2.734421e+01 6.650308e+02
      vertex   -1.592421e+01 -2.685888e+01 6.652572e+02
    endloop
  endfacet
  facet normal 1.568093e-14 4.226183e-01 -9.063078e-01
    outer loop
      vertex   5.000000e+00 2.224229e+00 6.788188e+02
      vertex   1.036596e+01 2.641421e-01 6.779048e+02
      vertex   5.000000e+00 -1.499562e+01 6.707891e+02
    endloop
  endfacet
  facet normal -9.806175e-15 4.226183e-01 -9.063078e-01
    outer loop
      vertex   5.000000e+00 -1.499562e+01 6.707891e+02
      vertex   1.036596e+01 2.641421e-01 6.779048e+02
      vertex   1.036596e+01 -1.772607e+01 6.695159e+02
    endloop
  endfacet
  facet normal 2.913011e-15 4.226183e-01 -9.063078e-01
    outer loop
      vertex   5.000000e+00 -1.499562e+01 6.707891e+02
      vertex   1.036596e+01 -1.772607e+01 6.695159e+02
      vertex   1.013060e+01 -2.368301e+01 6.667381e+02
    endloop
  endfacet
  facet normal 4.072778e-12 4.226183e-01 -9.063078e-01
    outer loop
      vertex   1.013060e+01 -2.368301e+01 6.667381e+02
      vertex   1.036596e+01 -1.772607e+01 6.695159e+02
      vertex   1.016756e+01 -2.360650e+01 6.667738e+02
    endloop
  endfacet
  facet normal -5.240305e-12 4.226183e-01 -9.063078e-01
    outer loop
      vertex   1.016756e+01 -2.360650e+01 6.667738e+02
      vertex   1.036596e+01 -1.772607e+01 6.695159e+02
      vertex   1.019095e+01 -2.357162e+01 6.667900e+02
    endloop
  endfacet
  facet normal 4.071670e-12 4.226183e-01 -9.063078e-01
    outer loop
      vertex   1.019095e+01 -2.357162e+01 6.667900e+02
      vertex   1.036596e+01 -1.772607e+01 6.695159e+02
      vertex   1.021731e+01 -2.353944e+01 6.668050e+02
    endloop
  endfacet
  facet normal -3.975989e-12 4.226183e-01 -9.063078e-01
    outer loop
      vertex   1.021731e+01 -2.353944e+01 6.668050e+02
      vertex   1.036596e+01 -1.772607e+01 6.695159e+02
      vertex   1.024639e+01 -2.351027e+01 6.668186e+02
    endloop
  endfacet
  facet normal 1.258750e-12 4.226183e-01 -9.063078e-01
    outer loop
      vertex   1.024639e+01 -2.351027e+01 6.668186e+02
      vertex   1.036596e+01 -1.772607e+01 6.695159e+02
      vertex   1.027792e+01 -2.348440e+01 6.668307e+02
    endloop
  endfacet
  facet normal -2.070492e-12 4.226183e-01 -9.063078e-01
    outer loop
      vertex   1.027792e+01 -2.348440e+01 6.668307e+02
      vertex   1.036596e+01 -1.772607e+01 6.695159e+02
      vertex   1.031159e+01 -2.346207e+01 6.668411e+02
    endloop
  endfacet
  facet normal -1.037363e-12 4.226183e-01 -9.063078e-01
    outer loop
      vertex   1.031159e+01 -2.346207e+01 6.668411e+02
      vertex   1.036596e+01 -1.772607e+01 6.695159e+02
      vertex   1.034708e+01 -2.344350e+01 6.668498e+02
    endloop
  endfacet
  facet normal 1.941994e-12 4.226183e-01 -9.063078e-01
    outer loop
      vertex   1.034708e+01 -2.344350e+01 6.668498e+02
      vertex   1.036596e+01 -1.772607e+01 6.695159e+02
      vertex   1.038404e+01 -2.342887e+01 6.668566e+02
    endloop
  endfacet
  facet normal 8.282816e-13 4.226183e-01 -9.063078e-01
    outer loop
      vertex   1.038404e+01 -2.342887e+01 6.668566e+02
      vertex   1.036596e+01 -1.772607e+01 6.695159e+02
      vertex   1.042211e+01 -2.341832e+01 6.668615e+02
    endloop
  endfacet
  facet normal -1.422747e-12 4.226183e-01 -9.063078e-01
    outer loop
      vertex   1.042211e+01 -2.341832e+01 6.668615e+02
      vertex   1.036596e+01 -1.772607e+01 6.695159e+02
      vertex   1.046094e+01 -2.341195e+01 6.668645e+02
    endloop
  endfacet
  facet normal 1.363945e-12 4.226183e-01 -9.063078e-01
    outer loop
      vertex   1.046094e+01 -2.341195e+01 6.668645e+02
      vertex   1.036596e+01 -1.772607e+01 6.695159e+02
      vertex   1.050015e+01 -2.340982e+01 6.668655e+02
    endloop
  endfacet
  facet normal -1.252416e-12 4.226183e-01 -9.063078e-01
    outer loop
      vertex   1.050015e+01 -2.340982e+01 6.668655e+02
      vertex   1.036596e+01 -1.772607e+01 6.695159e+02
      vertex   1.053936e+01 -2.341195e+01 6.668645e+02
    endloop
  endfacet
  facet normal 1.433695e-12 4.226183e-01 -9.063078e-01
    outer loop
      vertex   1.053936e+01 -2.341195e+01 6.668645e+02
      vertex   1.036596e+01 -1.772607e+01 6.695159e+02
      vertex   1.057819e+01 -2.341832e+01 6.668615e+02
    endloop
  endfacet
  facet normal -7.597535e-13 4.226183e-01 -9.063078e-01
    outer loop
      vertex   1.057819e+01 -2.341832e+01 6.668615e+02
      vertex   1.036596e+01 -1.772607e+01 6.695159e+02
      vertex   1.061626e+01 -2.342887e+01 6.668566e+02
    endloop
  endfacet
  facet normal -1.896678e-12 4.226183e-01 -9.063078e-01
    outer loop
      vertex   1.061626e+01 -2.342887e+01 6.668566e+02
      vertex   1.036596e+01 -1.772607e+01 6.695159e+02
      vertex   1.065322e+01 -2.344350e+01 6.668498e+02
    endloop
  endfacet
  facet normal 1.105998e-12 4.226183e-01 -9.063078e-01
    outer loop
      vertex   1.065322e+01 -2.344350e+01 6.668498e+02
      vertex   1.036596e+01 -1.772607e+01 6.695159e+02
      vertex   1.068871e+01 -2.346207e+01 6.668411e+02
    endloop
  endfacet
  facet normal 2.228451e-12 4.226183e-01 -9.063078e-01
    outer loop
      vertex   1.068871e+01 -2.346207e+01 6.668411e+02
      vertex   1.036596e+01 -1.772607e+01 6.695159e+02
      vertex   1.072238e+01 -2.348440e+01 6.668307e+02
    endloop
  endfacet
  facet normal -1.211377e-12 4.226183e-01 -9.063078e-01
    outer loop
      vertex   1.072238e+01 -2.348440e+01 6.668307e+02
      vertex   1.036596e+01 -1.772607e+01 6.695159e+02
      vertex   1.075391e+01 -2.351027e+01 6.668186e+02
    endloop
  endfacet
  facet normal 4.226264e-12 4.226183e-01 -9.063078e-01
    outer loop
      vertex   1.075391e+01 -2.351027e+01 6.668186e+02
      vertex   1.036596e+01 -1.772607e+01 6.695159e+02
      vertex   1.078299e+01 -2.353944e+01 6.668050e+02
    endloop
  endfacet
  facet normal 8.266718e-16 4.226183e-01 -9.063078e-01
    outer loop
      vertex   1.078299e+01 -2.353944e+01 6.668050e+02
      vertex   1.036596e+01 -1.772607e+01 6.695159e+02
      vertex   1.371596e+01 -1.772607e+01 6.695159e+02
    endloop
  endfacet
  facet normal -2.408016e-12 4.226183e-01 -9.063078e-01
    outer loop
      vertex   1.078299e+01 -2.353944e+01 6.668050e+02
      vertex   1.371596e+01 -1.772607e+01 6.695159e+02
      vertex   1.080935e+01 -2.357162e+01 6.667900e+02
    endloop
  endfacet
  facet normal 2.908457e-12 4.226183e-01 -9.063078e-01
    outer loop
      vertex   1.080935e+01 -2.357162e+01 6.667900e+02
      vertex   1.371596e+01 -1.772607e+01 6.695159e+02
      vertex   1.083274e+01 -2.360650e+01 6.667738e+02
    endloop
  endfacet
  facet normal -1.843295e-12 4.226183e-01 -9.063078e-01
    outer loop
      vertex   1.083274e+01 -2.360650e+01 6.667738e+02
      vertex   1.371596e+01 -1.772607e+01 6.695159e+02
      vertex   1.086970e+01 -2.368301e+01 6.667381e+02
    endloop
  endfacet
  facet normal 2.164502e-14 4.226183e-01 -9.063078e-01
    outer loop
      vertex   1.086970e+01 -2.368301e+01 6.667381e+02
      vertex   1.371596e+01 -1.772607e+01 6.695159e+02
      vertex   1.089246e+01 -2.376604e+01 6.666994e+02
    endloop
  endfacet
  facet normal -5.384494e-15 4.226183e-01 -9.063078e-01
    outer loop
      vertex   1.089246e+01 -2.376604e+01 6.666994e+02
      vertex   1.371596e+01 -1.772607e+01 6.695159e+02
      vertex   1.620068e+01 -2.638889e+01 6.654763e+02
    endloop
  endfacet
  facet normal 3.274901e-14 4.226183e-01 -9.063078e-01
    outer loop
      vertex   1.089246e+01 -2.376604e+01 6.666994e+02
      vertex   1.620068e+01 -2.638889e+01 6.654763e+02
      vertex   1.592421e+01 -2.685888e+01 6.652572e+02
    endloop
  endfacet
  facet normal 2.346003e-15 4.226183e-01 -9.063078e-01
    outer loop
      vertex   1.036596e+01 2.641421e-01 6.779048e+02
      vertex   5.000000e+00 2.224229e+00 6.788188e+02
      vertex   1.371596e+01 2.641421e-01 6.779048e+02
    endloop
  endfacet
  facet normal -2.430424e-13 4.226183e-01 -9.063078e-01
    outer loop
      vertex   1.371596e+01 2.641421e-01 6.779048e+02
      vertex   5.000000e+00 2.224229e+00 6.788188e+02
      vertex   2.200000e+01 2.224229e+00 6.788188e+02
    endloop
  endfacet
  facet normal -5.120639e-13 4.226183e-01 -9.063078e-01
    outer loop
      vertex   1.371596e+01 2.641421e-01 6.779048e+02
      vertex   2.200000e+01 2.224229e+00 6.788188e+02
      vertex   1.371596e+01 -1.772607e+01 6.695159e+02
    endloop
  endfacet
  facet normal -6.063488e-13 4.226183e-01 -9.063078e-01
    outer loop
      vertex   1.371596e+01 -1.772607e+01 6.695159e+02
      vertex   2.200000e+01 2.224229e+00 6.788188e+02
      vertex   2.000000e+01 -2.315239e+01 6.669855e+02
    endloop
  endfacet
  facet normal -5.025682e-12 4.226183e-01 -9.063078e-01
    outer loop
      vertex   1.371596e+01 -1.772607e+01 6.695159e+02
      vertex   2.000000e+01 -2.315239e+01 6.669855e+02
      vertex   1.948237e+01 -2.340456e+01 6.668679e+02
    endloop
  endfacet
  facet normal 0.000000e+00 4.226183e-01 -9.063078e-01
    outer loop
      vertex   2.200000e+01 2.224229e+00 6.788188e+02
      vertex   2.200000e+01 -2.315239e+01 6.669855e+02
      vertex   2.000000e+01 -2.315239e+01 6.669855e+02
    endloop
  endfacet
  facet normal 7.652287e-15 4.226183e-01 -9.063078e-01
    outer loop
      vertex   1.948237e+01 -2.340456e+01 6.668679e+02
      vertex   1.898400e+01 -2.368680e+01 6.667363e+02
      vertex   1.371596e+01 -1.772607e+01 6.695159e+02
    endloop
  endfacet
  facet normal 1.702535e-13 4.226183e-01 -9.063078e-01
    outer loop
      vertex   1.371596e+01 -1.772607e+01 6.695159e+02
      vertex   1.898400e+01 -2.368680e+01 6.667363e+02
      vertex   1.850702e+01 -2.399792e+01 6.665912e+02
    endloop
  endfacet
  facet normal -2.724492e-13 4.226183e-01 -9.063078e-01
    outer loop
      vertex   1.371596e+01 -1.772607e+01 6.695159e+02
      vertex   1.850702e+01 -2.399792e+01 6.665912e+02
      vertex   1.805345e+01 -2.433659e+01 6.664333e+02
    endloop
  endfacet
  facet normal 2.057146e-13 4.226183e-01 -9.063078e-01
    outer loop
      vertex   1.805345e+01 -2.433659e+01 6.664333e+02
      vertex   1.762524e+01 -2.470137e+01 6.662632e+02
      vertex   1.371596e+01 -1.772607e+01 6.695159e+02
    endloop
  endfacet
  facet normal -1.118190e-13 4.226183e-01 -9.063078e-01
    outer loop
      vertex   1.371596e+01 -1.772607e+01 6.695159e+02
      vertex   1.762524e+01 -2.470137e+01 6.662632e+02
      vertex   1.722422e+01 -2.509069e+01 6.660817e+02
    endloop
  endfacet
  facet normal 6.921399e-15 4.226183e-01 -9.063078e-01
    outer loop
      vertex   1.371596e+01 -1.772607e+01 6.695159e+02
      vertex   1.722422e+01 -2.509069e+01 6.660817e+02
      vertex   1.685208e+01 -2.550291e+01 6.658895e+02
    endloop
  endfacet
  facet normal 5.231346e-14 4.226183e-01 -9.063078e-01
    outer loop
      vertex   1.685208e+01 -2.550291e+01 6.658895e+02
      vertex   1.651041e+01 -2.593626e+01 6.656874e+02
      vertex   1.371596e+01 -1.772607e+01 6.695159e+02
    endloop
  endfacet
  facet normal -1.133096e-13 4.226183e-01 -9.063078e-01
    outer loop
      vertex   1.371596e+01 -1.772607e+01 6.695159e+02
      vertex   1.651041e+01 -2.593626e+01 6.656874e+02
      vertex   1.620068e+01 -2.638889e+01 6.654763e+02
    endloop
  endfacet
  facet normal -6.018269e-14 4.226183e-01 -9.063078e-01
    outer loop
      vertex   1.089246e+01 -2.376604e+01 6.666994e+02
      vertex   1.592421e+01 -2.685888e+01 6.652572e+02
      vertex   1.090015e+01 -2.385237e+01 6.666591e+02
    endloop
  endfacet
  facet normal -1.446665e-13 4.226183e-01 -9.063078e-01
    outer loop
      vertex   1.090015e+01 -2.385237e+01 6.666591e+02
      vertex   1.592421e+01 -2.685888e+01 6.652572e+02
      vertex   1.568216e+01 -2.734421e+01 6.650308e+02
    endloop
  endfacet
  facet normal -8.536023e-13 4.226183e-01 -9.063078e-01
    outer loop
      vertex   1.090015e+01 -2.385237e+01 6.666591e+02
      vertex   1.568216e+01 -2.734421e+01 6.650308e+02
      vertex   1.089246e+01 -2.393871e+01 6.666189e+02
    endloop
  endfacet
  facet normal 8.722029e-14 4.226183e-01 -9.063078e-01
    outer loop
      vertex   1.089246e+01 -2.393871e+01 6.666189e+02
      vertex   1.568216e+01 -2.734421e+01 6.650308e+02
      vertex   1.547558e+01 -2.784283e+01 6.647983e+02
    endloop
  endfacet
  facet normal 8.452346e-13 4.226183e-01 -9.063078e-01
    outer loop
      vertex   1.089246e+01 -2.393871e+01 6.666189e+02
      vertex   1.547558e+01 -2.784283e+01 6.647983e+02
      vertex   1.086970e+01 -2.402173e+01 6.665801e+02
    endloop
  endfacet
  facet normal 1.610762e-14 4.226183e-01 -9.063078e-01
    outer loop
      vertex   1.086970e+01 -2.402173e+01 6.665801e+02
      vertex   1.547558e+01 -2.784283e+01 6.647983e+02
      vertex   1.530535e+01 -2.835261e+01 6.645606e+02
    endloop
  endfacet
  facet normal 2.858641e-13 4.226183e-01 -9.063078e-01
    outer loop
      vertex   1.086970e+01 -2.402173e+01 6.665801e+02
      vertex   1.530535e+01 -2.835261e+01 6.645606e+02
      vertex   1.083274e+01 -2.409825e+01 6.665445e+02
    endloop
  endfacet
  facet normal -9.536678e-14 4.226183e-01 -9.063078e-01
    outer loop
      vertex   1.083274e+01 -2.409825e+01 6.665445e+02
      vertex   1.530535e+01 -2.835261e+01 6.645606e+02
      vertex   1.517219e+01 -2.887136e+01 6.643187e+02
    endloop
  endfacet
  facet normal -2.494087e-13 4.226183e-01 -9.063078e-01
    outer loop
      vertex   1.083274e+01 -2.409825e+01 6.665445e+02
      vertex   1.517219e+01 -2.887136e+01 6.643187e+02
      vertex   1.080935e+01 -2.413313e+01 6.665282e+02
    endloop
  endfacet
  facet normal 1.477748e-13 4.226183e-01 -9.063078e-01
    outer loop
      vertex   1.080935e+01 -2.413313e+01 6.665282e+02
      vertex   1.517219e+01 -2.887136e+01 6.643187e+02
      vertex   1.507666e+01 -2.939689e+01 6.640737e+02
    endloop
  endfacet
  facet normal 2.906549e-14 4.226183e-01 -9.063078e-01
    outer loop
      vertex   1.080935e+01 -2.413313e+01 6.665282e+02
      vertex   1.507666e+01 -2.939689e+01 6.640737e+02
      vertex   1.078299e+01 -2.416531e+01 6.665132e+02
    endloop
  endfacet
  facet normal -2.258484e-13 4.226183e-01 -9.063078e-01
    outer loop
      vertex   1.078299e+01 -2.416531e+01 6.665132e+02
      vertex   1.507666e+01 -2.939689e+01 6.640737e+02
      vertex   1.075391e+01 -2.419448e+01 6.664996e+02
    endloop
  endfacet
  facet normal -2.983266e-13 4.226183e-01 -9.063078e-01
    outer loop
      vertex   1.075391e+01 -2.419448e+01 6.664996e+02
      vertex   1.507666e+01 -2.939689e+01 6.640737e+02
      vertex   1.501919e+01 -2.992695e+01 6.638265e+02
    endloop
  endfacet
  facet normal 8.053621e-13 4.226183e-01 -9.063078e-01
    outer loop
      vertex   1.075391e+01 -2.419448e+01 6.664996e+02
      vertex   1.501919e+01 -2.992695e+01 6.638265e+02
      vertex   1.072238e+01 -2.422035e+01 6.664875e+02
    endloop
  endfacet
  facet normal -1.390041e-12 4.226183e-01 -9.063078e-01
    outer loop
      vertex   1.072238e+01 -2.422035e+01 6.664875e+02
      vertex   1.501919e+01 -2.992695e+01 6.638265e+02
      vertex   1.068871e+01 -2.424268e+01 6.664771e+02
    endloop
  endfacet
  facet normal -7.022575e-13 4.226183e-01 -9.063078e-01
    outer loop
      vertex   1.068871e+01 -2.424268e+01 6.664771e+02
      vertex   1.501919e+01 -2.992695e+01 6.638265e+02
      vertex   1.065322e+01 -2.426125e+01 6.664685e+02
    endloop
  endfacet
  facet normal -2.686713e-13 4.226183e-01 -9.063078e-01
    outer loop
      vertex   1.065322e+01 -2.426125e+01 6.664685e+02
      vertex   1.501919e+01 -2.992695e+01 6.638265e+02
      vertex   1.500000e+01 -3.045928e+01 6.635783e+02
    endloop
  endfacet
  facet normal -6.853772e-13 4.226183e-01 -9.063078e-01
    outer loop
      vertex   1.065322e+01 -2.426125e+01 6.664685e+02
      vertex   1.500000e+01 -3.045928e+01 6.635783e+02
      vertex   1.061626e+01 -2.427588e+01 6.664616e+02
    endloop
  endfacet
  facet normal 2.991040e-12 4.226183e-01 -9.063078e-01
    outer loop
      vertex   1.061626e+01 -2.427588e+01 6.664616e+02
      vertex   1.500000e+01 -3.045928e+01 6.635783e+02
      vertex   1.057819e+01 -2.428643e+01 6.664567e+02
    endloop
  endfacet
  facet normal -1.270406e-12 4.226183e-01 -9.063078e-01
    outer loop
      vertex   1.057819e+01 -2.428643e+01 6.664567e+02
      vertex   1.500000e+01 -3.045928e+01 6.635783e+02
      vertex   1.053936e+01 -2.429280e+01 6.664537e+02
    endloop
  endfacet
  facet normal 1.315264e-12 4.226183e-01 -9.063078e-01
    outer loop
      vertex   1.053936e+01 -2.429280e+01 6.664537e+02
      vertex   1.500000e+01 -3.045928e+01 6.635783e+02
      vertex   1.050015e+01 -2.429493e+01 6.664527e+02
    endloop
  endfacet
  facet normal -1.344196e-12 4.226183e-01 -9.063078e-01
    outer loop
      vertex   1.050015e+01 -2.429493e+01 6.664527e+02
      vertex   1.500000e+01 -3.045928e+01 6.635783e+02
      vertex   1.046094e+01 -2.429280e+01 6.664537e+02
    endloop
  endfacet
  facet normal 1.616420e-12 4.226183e-01 -9.063078e-01
    outer loop
      vertex   1.046094e+01 -2.429280e+01 6.664537e+02
      vertex   1.500000e+01 -3.045928e+01 6.635783e+02
      vertex   1.042211e+01 -2.428643e+01 6.664567e+02
    endloop
  endfacet
  facet normal -4.363514e-12 4.226183e-01 -9.063078e-01
    outer loop
      vertex   1.042211e+01 -2.428643e+01 6.664567e+02
      vertex   1.500000e+01 -3.045928e+01 6.635783e+02
      vertex   1.038404e+01 -2.427588e+01 6.664616e+02
    endloop
  endfacet
  facet normal 7.329797e-15 4.226183e-01 -9.063078e-01
    outer loop
      vertex   1.038404e+01 -2.427588e+01 6.664616e+02
      vertex   1.500000e+01 -3.045928e+01 6.635783e+02
      vertex   2.762520e+00 -3.976114e+01 6.592407e+02
    endloop
  endfacet
  facet normal 8.052055e-13 4.226183e-01 -9.063078e-01
    outer loop
      vertex   1.038404e+01 -2.427588e+01 6.664616e+02
      vertex   2.762520e+00 -3.976114e+01 6.592407e+02
      vertex   1.034708e+01 -2.426125e+01 6.664685e+02
    endloop
  endfacet
  facet normal 8.149976e-13 4.226183e-01 -9.063078e-01
    outer loop
      vertex   1.034708e+01 -2.426125e+01 6.664685e+02
      vertex   2.762520e+00 -3.976114e+01 6.592407e+02
      vertex   1.031159e+01 -2.424268e+01 6.664771e+02
    endloop
  endfacet
  facet normal 1.647444e-12 4.226183e-01 -9.063078e-01
    outer loop
      vertex   1.031159e+01 -2.424268e+01 6.664771e+02
      vertex   2.762520e+00 -3.976114e+01 6.592407e+02
      vertex   1.027792e+01 -2.422035e+01 6.664875e+02
    endloop
  endfacet
  facet normal -8.624606e-13 4.226183e-01 -9.063078e-01
    outer loop
      vertex   1.027792e+01 -2.422035e+01 6.664875e+02
      vertex   2.762520e+00 -3.976114e+01 6.592407e+02
      vertex   1.024639e+01 -2.419448e+01 6.664996e+02
    endloop
  endfacet
  facet normal 3.180440e-14 4.226183e-01 -9.063078e-01
    outer loop
      vertex   1.024639e+01 -2.419448e+01 6.664996e+02
      vertex   2.762520e+00 -3.976114e+01 6.592407e+02
      vertex   2.762520e+00 -2.603058e+01 6.656434e+02
    endloop
  endfacet
  facet normal 1.087478e-13 4.226183e-01 -9.063078e-01
    outer loop
      vertex   1.024639e+01 -2.419448e+01 6.664996e+02
      vertex   2.762520e+00 -2.603058e+01 6.656434e+02
      vertex   1.021731e+01 -2.416531e+01 6.665132e+02
    endloop
  endfacet
  facet normal 2.631323e-14 4.226183e-01 -9.063078e-01
    outer loop
      vertex   1.021731e+01 -2.416531e+01 6.665132e+02
      vertex   2.762520e+00 -2.603058e+01 6.656434e+02
      vertex   1.019095e+01 -2.413313e+01 6.665282e+02
    endloop
  endfacet
  facet normal 1.072402e-13 4.226183e-01 -9.063078e-01
    outer loop
      vertex   1.019095e+01 -2.413313e+01 6.665282e+02
      vertex   2.762520e+00 -2.603058e+01 6.656434e+02
      vertex   1.016756e+01 -2.409825e+01 6.665445e+02
    endloop
  endfacet
  facet normal -7.509003e-14 4.226183e-01 -9.063078e-01
    outer loop
      vertex   1.016756e+01 -2.409825e+01 6.665445e+02
      vertex   2.762520e+00 -2.603058e+01 6.656434e+02
      vertex   1.013060e+01 -2.402173e+01 6.665801e+02
    endloop
  endfacet
  facet normal -2.916574e-13 4.226183e-01 -9.063078e-01
    outer loop
      vertex   1.013060e+01 -2.402173e+01 6.665801e+02
      vertex   2.762520e+00 -2.603058e+01 6.656434e+02
      vertex   1.010784e+01 -2.393871e+01 6.666189e+02
    endloop
  endfacet
  facet normal 3.884685e-13 4.226183e-01 -9.063078e-01
    outer loop
      vertex   1.010784e+01 -2.393871e+01 6.666189e+02
      vertex   2.762520e+00 -2.603058e+01 6.656434e+02
      vertex   1.010015e+01 -2.385237e+01 6.666591e+02
    endloop
  endfacet
  facet normal 4.567854e-14 4.226183e-01 -9.063078e-01
    outer loop
      vertex   1.010015e+01 -2.385237e+01 6.666591e+02
      vertex   2.762520e+00 -2.603058e+01 6.656434e+02
      vertex   1.010784e+01 -2.376604e+01 6.666994e+02
    endloop
  endfacet
  facet normal 1.978816e-14 4.226183e-01 -9.063078e-01
    outer loop
      vertex   1.010784e+01 -2.376604e+01 6.666994e+02
      vertex   2.762520e+00 -2.603058e+01 6.656434e+02
      vertex   5.000000e+00 -1.499562e+01 6.707891e+02
    endloop
  endfacet
  facet normal -1.613301e-16 4.226183e-01 -9.063078e-01
    outer loop
      vertex   1.010784e+01 -2.376604e+01 6.666994e+02
      vertex   5.000000e+00 -1.499562e+01 6.707891e+02
      vertex   1.013060e+01 -2.368301e+01 6.667381e+02
    endloop
  endfacet
  facet normal 1.471946e-14 4.226183e-01 -9.063078e-01
    outer loop
      vertex   2.762520e+00 -3.976114e+01 6.592407e+02
      vertex   1.500000e+01 -3.045928e+01 6.635783e+02
      vertex   1.007768e+01 -4.853675e+01 6.551486e+02
    endloop
  endfacet
  facet normal -4.130440e-15 4.226183e-01 -9.063078e-01
    outer loop
      vertex   1.007768e+01 -4.853675e+01 6.551486e+02
      vertex   1.500000e+01 -3.045928e+01 6.635783e+02
      vertex   1.500000e+01 -6.846778e+01 6.458546e+02
    endloop
  endfacet
  facet normal 6.120894e-16 4.226183e-01 -9.063078e-01
    outer loop
      vertex   1.007768e+01 -4.853675e+01 6.551486e+02
      vertex   1.500000e+01 -6.846778e+01 6.458546e+02
      vertex   1.007768e+01 -6.136101e+01 6.491686e+02
    endloop
  endfacet
  facet normal 1.053643e-15 4.226183e-01 -9.063078e-01
    outer loop
      vertex   1.007768e+01 -6.136101e+01 6.491686e+02
      vertex   1.500000e+01 -6.846778e+01 6.458546e+02
      vertex   7.227677e+00 -6.136101e+01 6.491686e+02
    endloop
  endfacet
  facet normal 3.926590e-16 4.226183e-01 -9.063078e-01
    outer loop
      vertex   7.227677e+00 -6.136101e+01 6.491686e+02
      vertex   1.500000e+01 -6.846778e+01 6.458546e+02
      vertex   0.000000e+00 -6.846778e+01 6.458546e+02
    endloop
  endfacet
  facet normal 1.389520e-16 4.226183e-01 -9.063078e-01
    outer loop
      vertex   7.227677e+00 -6.136101e+01 6.491686e+02
      vertex   0.000000e+00 -6.846778e+01 6.458546e+02
      vertex   7.227677e+00 -4.853675e+01 6.551486e+02
    endloop
  endfacet
  facet normal 7.834669e-15 4.226183e-01 -9.063078e-01
    outer loop
      vertex   7.227677e+00 -4.853675e+01 6.551486e+02
      vertex   0.000000e+00 -6.846778e+01 6.458546e+02
      vertex   0.000000e+00 -4.071948e+01 6.587939e+02
    endloop
  endfacet
  facet normal -1.840115e-14 4.226183e-01 -9.063078e-01
    outer loop
      vertex   7.227677e+00 -4.853675e+01 6.551486e+02
      vertex   0.000000e+00 -4.071948e+01 6.587939e+02
      vertex   2.762520e+00 -3.976114e+01 6.592407e+02
    endloop
  endfacet
  facet normal -1.087009e-15 4.226183e-01 -9.063078e-01
    outer loop
      vertex   2.762520e+00 -3.976114e+01 6.592407e+02
      vertex   0.000000e+00 -4.071948e+01 6.587939e+02
      vertex   -2.762520e+00 -3.976114e+01 6.592407e+02
    endloop
  endfacet
  facet normal 0.000000e+00 4.226183e-01 -9.063078e-01
    outer loop
      vertex   -2.762520e+00 -3.976114e+01 6.592407e+02
      vertex   0.000000e+00 -4.071948e+01 6.587939e+02
      vertex   -6.000000e-01 -4.071948e+01 6.587939e+02
    endloop
  endfacet
  facet normal 2.474558e-14 4.226183e-01 -9.063078e-01
    outer loop
      vertex   -2.762520e+00 -3.976114e+01 6.592407e+02
      vertex   -6.000000e-01 -4.071948e+01 6.587939e+02
      vertex   -6.941338e+00 -4.853675e+01 6.551486e+02
    endloop
  endfacet
  facet normal 6.367924e-15 4.226183e-01 -9.063078e-01
    outer loop
      vertex   -6.941338e+00 -4.853675e+01 6.551486e+02
      vertex   -6.000000e-01 -4.071948e+01 6.587939e+02
      vertex   -6.000000e-01 -6.846778e+01 6.458546e+02
    endloop
  endfacet
  facet normal 1.647085e-14 4.226183e-01 -9.063078e-01
    outer loop
      vertex   -6.941338e+00 -4.853675e+01 6.551486e+02
      vertex   -6.000000e-01 -6.846778e+01 6.458546e+02
      vertex   -6.941338e+00 -6.136101e+01 6.491686e+02
    endloop
  endfacet
  facet normal 2.894602e-15 4.226183e-01 -9.063078e-01
    outer loop
      vertex   -6.941338e+00 -6.136101e+01 6.491686e+02
      vertex   -6.000000e-01 -6.846778e+01 6.458546e+02
      vertex   -1.500000e+01 -6.846778e+01 6.458546e+02
    endloop
  endfacet
  facet normal 0.000000e+00 4.226183e-01 -9.063078e-01
    outer loop
      vertex   -6.941338e+00 -6.136101e+01 6.491686e+02
      vertex   -1.500000e+01 -6.846778e+01 6.458546e+02
      vertex   -9.791338e+00 -6.136101e+01 6.491686e+02
    endloop
  endfacet
  facet normal -1.147241e-14 4.226183e-01 -9.063078e-01
    outer loop
      vertex   -9.791338e+00 -6.136101e+01 6.491686e+02
      vertex   -1.500000e+01 -6.846778e+01 6.458546e+02
      vertex   -9.791338e+00 -4.853675e+01 6.551486e+02
    endloop
  endfacet
  facet normal 6.245400e-15 4.226183e-01 -9.063078e-01
    outer loop
      vertex   -9.791338e+00 -4.853675e+01 6.551486e+02
      vertex   -1.500000e+01 -6.846778e+01 6.458546e+02
      vertex   -1.500000e+01 -3.045928e+01 6.635783e+02
    endloop
  endfacet
  facet normal 1.192728e-15 4.226183e-01 -9.063078e-01
    outer loop
      vertex   -9.791338e+00 -4.853675e+01 6.551486e+02
      vertex   -1.500000e+01 -3.045928e+01 6.635783e+02
      vertex   -2.762520e+00 -3.976114e+01 6.592407e+02
    endloop
  endfacet
  facet normal 7.709096e-13 4.226183e-01 -9.063078e-01
    outer loop
      vertex   -1.163686e+01 -2.393871e+01 6.666189e+02
      vertex   -1.592421e+01 -2.685888e+01 6.652572e+02
      vertex   -1.164455e+01 -2.385237e+01 6.666591e+02
    endloop
  endfacet
  facet normal -1.050589e-13 4.226183e-01 -9.063078e-01
    outer loop
      vertex   -1.164455e+01 -2.385237e+01 6.666591e+02
      vertex   -1.592421e+01 -2.685888e+01 6.652572e+02
      vertex   -1.620068e+01 -2.638889e+01 6.654763e+02
    endloop
  endfacet
  facet normal -3.902344e-14 4.226183e-01 -9.063078e-01
    outer loop
      vertex   -1.164455e+01 -2.385237e+01 6.666591e+02
      vertex   -1.620068e+01 -2.638889e+01 6.654763e+02
      vertex   -1.163686e+01 -2.376604e+01 6.666994e+02
    endloop
  endfacet
  facet normal -6.066504e-14 4.226183e-01 -9.063078e-01
    outer loop
      vertex   -1.163686e+01 -2.376604e+01 6.666994e+02
      vertex   -1.620068e+01 -2.638889e+01 6.654763e+02
      vertex   -1.427043e+01 -1.772607e+01 6.695159e+02
    endloop
  endfacet
  facet normal 5.184647e-14 4.226183e-01 -9.063078e-01
    outer loop
      vertex   -1.163686e+01 -2.376604e+01 6.666994e+02
      vertex   -1.427043e+01 -1.772607e+01 6.695159e+02
      vertex   -1.161410e+01 -2.368301e+01 6.667381e+02
    endloop
  endfacet
  facet normal 1.926931e-12 4.226183e-01 -9.063078e-01
    outer loop
      vertex   -1.161410e+01 -2.368301e+01 6.667381e+02
      vertex   -1.427043e+01 -1.772607e+01 6.695159e+02
      vertex   -1.157714e+01 -2.360650e+01 6.667738e+02
    endloop
  endfacet
  facet normal -2.953888e-12 4.226183e-01 -9.063078e-01
    outer loop
      vertex   -1.157714e+01 -2.360650e+01 6.667738e+02
      vertex   -1.427043e+01 -1.772607e+01 6.695159e+02
      vertex   -1.155375e+01 -2.357162e+01 6.667900e+02
    endloop
  endfacet
  facet normal 2.614193e-12 4.226183e-01 -9.063078e-01
    outer loop
      vertex   -1.155375e+01 -2.357162e+01 6.667900e+02
      vertex   -1.427043e+01 -1.772607e+01 6.695159e+02
      vertex   -1.152739e+01 -2.353944e+01 6.668050e+02
    endloop
  endfacet
  facet normal -2.697254e-12 4.226183e-01 -9.063078e-01
    outer loop
      vertex   -1.152739e+01 -2.353944e+01 6.668050e+02
      vertex   -1.427043e+01 -1.772607e+01 6.695159e+02
      vertex   -1.149831e+01 -2.351027e+01 6.668186e+02
    endloop
  endfacet
  facet normal 1.329344e-15 4.226183e-01 -9.063078e-01
    outer loop
      vertex   -1.149831e+01 -2.351027e+01 6.668186e+02
      vertex   -1.427043e+01 -1.772607e+01 6.695159e+02
      vertex   -1.092043e+01 -1.772607e+01 6.695159e+02
    endloop
  endfacet
  facet normal 1.453900e-12 4.226183e-01 -9.063078e-01
    outer loop
      vertex   -1.149831e+01 -2.351027e+01 6.668186e+02
      vertex   -1.092043e+01 -1.772607e+01 6.695159e+02
      vertex   -1.146678e+01 -2.348440e+01 6.668307e+02
    endloop
  endfacet
  facet normal -2.232593e-12 4.226183e-01 -9.063078e-01
    outer loop
      vertex   -1.146678e+01 -2.348440e+01 6.668307e+02
      vertex   -1.092043e+01 -1.772607e+01 6.695159e+02
      vertex   -1.143311e+01 -2.346207e+01 6.668411e+02
    endloop
  endfacet
  facet normal -1.081340e-12 4.226183e-01 -9.063078e-01
    outer loop
      vertex   -1.143311e+01 -2.346207e+01 6.668411e+02
      vertex   -1.092043e+01 -1.772607e+01 6.695159e+02
      vertex   -1.139762e+01 -2.344350e+01 6.668498e+02
    endloop
  endfacet
  facet normal 2.006864e-12 4.226183e-01 -9.063078e-01
    outer loop
      vertex   -1.139762e+01 -2.344350e+01 6.668498e+02
      vertex   -1.092043e+01 -1.772607e+01 6.695159e+02
      vertex   -1.136066e+01 -2.342887e+01 6.668566e+02
    endloop
  endfacet
  facet normal 8.479168e-13 4.226183e-01 -9.063078e-01
    outer loop
      vertex   -1.136066e+01 -2.342887e+01 6.668566e+02
      vertex   -1.092043e+01 -1.772607e+01 6.695159e+02
      vertex   -1.132258e+01 -2.341832e+01 6.668615e+02
    endloop
  endfacet
  facet normal -1.441322e-12 4.226183e-01 -9.063078e-01
    outer loop
      vertex   -1.132258e+01 -2.341832e+01 6.668615e+02
      vertex   -1.092043e+01 -1.772607e+01 6.695159e+02
      vertex   -1.128375e+01 -2.341195e+01 6.668645e+02
    endloop
  endfacet
  facet normal 1.446952e-12 4.226183e-01 -9.063078e-01
    outer loop
      vertex   -1.128375e+01 -2.341195e+01 6.668645e+02
      vertex   -1.092043e+01 -1.772607e+01 6.695159e+02
      vertex   -1.124455e+01 -2.340982e+01 6.668655e+02
    endloop
  endfacet
  facet normal -1.323478e-12 4.226183e-01 -9.063078e-01
    outer loop
      vertex   -1.124455e+01 -2.340982e+01 6.668655e+02
      vertex   -1.092043e+01 -1.772607e+01 6.695159e+02
      vertex   -1.120534e+01 -2.341195e+01 6.668645e+02
    endloop
  endfacet
  facet normal 1.414446e-12 4.226183e-01 -9.063078e-01
    outer loop
      vertex   -1.120534e+01 -2.341195e+01 6.668645e+02
      vertex   -1.092043e+01 -1.772607e+01 6.695159e+02
      vertex   -1.116651e+01 -2.341832e+01 6.668615e+02
    endloop
  endfacet
  facet normal -7.437612e-13 4.226183e-01 -9.063078e-01
    outer loop
      vertex   -1.116651e+01 -2.341832e+01 6.668615e+02
      vertex   -1.092043e+01 -1.772607e+01 6.695159e+02
      vertex   -1.112843e+01 -2.342887e+01 6.668566e+02
    endloop
  endfacet
  facet normal -1.798224e-12 4.226183e-01 -9.063078e-01
    outer loop
      vertex   -1.112843e+01 -2.342887e+01 6.668566e+02
      vertex   -1.092043e+01 -1.772607e+01 6.695159e+02
      vertex   -1.109147e+01 -2.344350e+01 6.668498e+02
    endloop
  endfacet
  facet normal 9.754169e-13 4.226183e-01 -9.063078e-01
    outer loop
      vertex   -1.109147e+01 -2.344350e+01 6.668498e+02
      vertex   -1.092043e+01 -1.772607e+01 6.695159e+02
      vertex   -1.105599e+01 -2.346207e+01 6.668411e+02
    endloop
  endfacet
  facet normal 2.198375e-12 4.226183e-01 -9.063078e-01
    outer loop
      vertex   -1.105599e+01 -2.346207e+01 6.668411e+02
      vertex   -1.092043e+01 -1.772607e+01 6.695159e+02
      vertex   -1.102232e+01 -2.348440e+01 6.668307e+02
    endloop
  endfacet
  facet normal -1.182766e-12 4.226183e-01 -9.063078e-01
    outer loop
      vertex   -1.102232e+01 -2.348440e+01 6.668307e+02
      vertex   -1.092043e+01 -1.772607e+01 6.695159e+02
      vertex   -1.099079e+01 -2.351027e+01 6.668186e+02
    endloop
  endfacet
  facet normal 3.891929e-12 4.226183e-01 -9.063078e-01
    outer loop
      vertex   -1.099079e+01 -2.351027e+01 6.668186e+02
      vertex   -1.092043e+01 -1.772607e+01 6.695159e+02
      vertex   -1.096171e+01 -2.353944e+01 6.668050e+02
    endloop
  endfacet
  facet normal -3.917924e-12 4.226183e-01 -9.063078e-01
    outer loop
      vertex   -1.096171e+01 -2.353944e+01 6.668050e+02
      vertex   -1.092043e+01 -1.772607e+01 6.695159e+02
      vertex   -1.093534e+01 -2.357162e+01 6.667900e+02
    endloop
  endfacet
  facet normal 5.042274e-12 4.226183e-01 -9.063078e-01
    outer loop
      vertex   -1.093534e+01 -2.357162e+01 6.667900e+02
      vertex   -1.092043e+01 -1.772607e+01 6.695159e+02
      vertex   -1.091196e+01 -2.360650e+01 6.667738e+02
    endloop
  endfacet
  facet normal -3.731085e-12 4.226183e-01 -9.063078e-01
    outer loop
      vertex   -1.091196e+01 -2.360650e+01 6.667738e+02
      vertex   -1.092043e+01 -1.772607e+01 6.695159e+02
      vertex   -1.087500e+01 -2.368301e+01 6.667381e+02
    endloop
  endfacet
  facet normal 6.723233e-14 4.226183e-01 -9.063078e-01
    outer loop
      vertex   -1.087500e+01 -2.368301e+01 6.667381e+02
      vertex   -1.092043e+01 -1.772607e+01 6.695159e+02
      vertex   -5.000000e+00 -1.499562e+01 6.707891e+02
    endloop
  endfacet
  facet normal 2.443976e-14 4.226183e-01 -9.063078e-01
    outer loop
      vertex   -1.087500e+01 -2.368301e+01 6.667381e+02
      vertex   -5.000000e+00 -1.499562e+01 6.707891e+02
      vertex   -1.085223e+01 -2.376604e+01 6.666994e+02
    endloop
  endfacet
  facet normal 6.840369e-14 4.226183e-01 -9.063078e-01
    outer loop
      vertex   -1.620068e+01 -2.638889e+01 6.654763e+02
      vertex   -1.651041e+01 -2.593626e+01 6.656874e+02
      vertex   -1.427043e+01 -1.772607e+01 6.695159e+02
    endloop
  endfacet
  facet normal 3.436618e-13 4.226183e-01 -9.063078e-01
    outer loop
      vertex   -1.427043e+01 -1.772607e+01 6.695159e+02
      vertex   -1.651041e+01 -2.593626e+01 6.656874e+02
      vertex   -1.685208e+01 -2.550291e+01 6.658895e+02
    endloop
  endfacet
  facet normal -2.391547e-13 4.226183e-01 -9.063078e-01
    outer loop
      vertex   -1.427043e+01 -1.772607e+01 6.695159e+02
      vertex   -1.685208e+01 -2.550291e+01 6.658895e+02
      vertex   -1.722422e+01 -2.509069e+01 6.660817e+02
    endloop
  endfacet
  facet normal -9.636815e-14 4.226183e-01 -9.063078e-01
    outer loop
      vertex   -1.722422e+01 -2.509069e+01 6.660817e+02
      vertex   -1.762524e+01 -2.470137e+01 6.662632e+02
      vertex   -1.427043e+01 -1.772607e+01 6.695159e+02
    endloop
  endfacet
  facet normal -7.799885e-14 4.226183e-01 -9.063078e-01
    outer loop
      vertex   -1.427043e+01 -1.772607e+01 6.695159e+02
      vertex   -1.762524e+01 -2.470137e+01 6.662632e+02
      vertex   -1.805345e+01 -2.433659e+01 6.664333e+02
    endloop
  endfacet
  facet normal 1.083445e-13 4.226183e-01 -9.063078e-01
    outer loop
      vertex   -1.427043e+01 -1.772607e+01 6.695159e+02
      vertex   -1.805345e+01 -2.433659e+01 6.664333e+02
      vertex   -1.850702e+01 -2.399792e+01 6.665912e+02
    endloop
  endfacet
  facet normal -2.046420e-13 4.226183e-01 -9.063078e-01
    outer loop
      vertex   -1.850702e+01 -2.399792e+01 6.665912e+02
      vertex   -1.898400e+01 -2.368680e+01 6.667363e+02
      vertex   -1.427043e+01 -1.772607e+01 6.695159e+02
    endloop
  endfacet
  facet normal 1.119191e-13 4.226183e-01 -9.063078e-01
    outer loop
      vertex   -1.427043e+01 -1.772607e+01 6.695159e+02
      vertex   -1.898400e+01 -2.368680e+01 6.667363e+02
      vertex   -1.948237e+01 -2.340456e+01 6.668679e+02
    endloop
  endfacet
  facet normal 3.343131e-12 4.226183e-01 -9.063078e-01
    outer loop
      vertex   -1.427043e+01 -1.772607e+01 6.695159e+02
      vertex   -1.948237e+01 -2.340456e+01 6.668679e+02
      vertex   -2.000000e+01 -2.315239e+01 6.669855e+02
    endloop
  endfacet
  facet normal 3.415682e-13 4.226183e-01 -9.063078e-01
    outer loop
      vertex   -2.000000e+01 -2.315239e+01 6.669855e+02
      vertex   -2.000000e+01 2.224229e+00 6.788188e+02
      vertex   -1.427043e+01 -1.772607e+01 6.695159e+02
    endloop
  endfacet
  facet normal 7.147166e-14 4.226183e-01 -9.063078e-01
    outer loop
      vertex   -1.427043e+01 -1.772607e+01 6.695159e+02
      vertex   -2.000000e+01 2.224229e+00 6.788188e+02
      vertex   -1.427043e+01 2.641421e-01 6.779048e+02
    endloop
  endfacet
  facet normal 1.708730e-15 4.226183e-01 -9.063078e-01
    outer loop
      vertex   -1.427043e+01 2.641421e-01 6.779048e+02
      vertex   -2.000000e+01 2.224229e+00 6.788188e+02
      vertex   -1.092043e+01 2.641421e-01 6.779048e+02
    endloop
  endfacet
  facet normal 7.433257e-15 4.226183e-01 -9.063078e-01
    outer loop
      vertex   -1.092043e+01 2.641421e-01 6.779048e+02
      vertex   -2.000000e+01 2.224229e+00 6.788188e+02
      vertex   -5.000000e+00 2.224229e+00 6.788188e+02
    endloop
  endfacet
  facet normal -3.693630e-14 4.226183e-01 -9.063078e-01
    outer loop
      vertex   -1.092043e+01 2.641421e-01 6.779048e+02
      vertex   -5.000000e+00 2.224229e+00 6.788188e+02
      vertex   -5.000000e+00 -1.499562e+01 6.707891e+02
    endloop
  endfacet
  facet normal 2.107287e-15 4.226183e-01 -9.063078e-01
    outer loop
      vertex   -6.941338e+00 -4.853675e+01 6.551486e+02
      vertex   -9.791338e+00 -4.853675e+01 6.551486e+02
      vertex   -2.762520e+00 -3.976114e+01 6.592407e+02
    endloop
  endfacet
  facet normal 2.107287e-15 4.226183e-01 -9.063078e-01
    outer loop
      vertex   1.007768e+01 -4.853675e+01 6.551486e+02
      vertex   7.227677e+00 -4.853675e+01 6.551486e+02
      vertex   2.762520e+00 -3.976114e+01 6.592407e+02
    endloop
  endfacet
  facet normal 7.599964e-14 4.226183e-01 -9.063078e-01
    outer loop
      vertex   -1.092043e+01 -1.772607e+01 6.695159e+02
      vertex   -1.092043e+01 2.641421e-01 6.779048e+02
      vertex   -5.000000e+00 -1.499562e+01 6.707891e+02
    endloop
  endfacet
  facet normal 0.000000e+00 -9.063078e-01 -4.226183e-01
    outer loop
      vertex   2.000000e+01 -2.429346e+01 6.694326e+02
      vertex   2.000000e+01 -2.315239e+01 6.669855e+02
      vertex   2.200000e+01 -2.429346e+01 6.694326e+02
    endloop
  endfacet
  facet normal 0.000000e+00 -9.063078e-01 -4.226183e-01
    outer loop
      vertex   2.200000e+01 -2.429346e+01 6.694326e+02
      vertex   2.000000e+01 -2.315239e+01 6.669855e+02
      vertex   2.200000e+01 -2.315239e+01 6.669855e+02
    endloop
  endfacet
  facet normal 1.000000e+00 0.000000e+00 -0.000000e+00
    outer loop
      vertex   2.200000e+01 -2.315239e+01 6.669855e+02
      vertex   2.200000e+01 2.224229e+00 6.788188e+02
      vertex   2.200000e+01 -2.429346e+01 6.694326e+02
    endloop
  endfacet
  facet normal 1.000000e+00 -6.175327e-15 1.744625e-14
    outer loop
      vertex   2.200000e+01 -2.429346e+01 6.694326e+02
      vertex   2.200000e+01 2.224229e+00 6.788188e+02
      vertex   2.200000e+01 1.083160e+00 6.812659e+02
    endloop
  endfacet
  facet normal 2.883450e-15 9.063078e-01 4.226183e-01
    outer loop
      vertex   -1.092043e+01 -1.772607e+01 6.695159e+02
      vertex   -1.427043e+01 -1.772607e+01 6.695159e+02
      vertex   -1.092043e+01 -1.815297e+01 6.704314e+02
    endloop
  endfacet
  facet normal 2.883450e-15 9.063078e-01 4.226183e-01
    outer loop
      vertex   -1.092043e+01 -1.815297e+01 6.704314e+02
      vertex   -1.427043e+01 -1.772607e+01 6.695159e+02
      vertex   -1.427043e+01 -1.815297e+01 6.704314e+02
    endloop
  endfacet
  facet normal -1.000000e+00 4.973858e-15 -1.561265e-15
    outer loop
      vertex   -1.092043e+01 2.641421e-01 6.779048e+02
      vertex   -1.092043e+01 -1.772607e+01 6.695159e+02
      vertex   -1.092043e+01 -1.627640e-01 6.788203e+02
    endloop
  endfacet
  facet normal -1.000000e+00 4.149573e-15 -5.329054e-18
    outer loop
      vertex   -1.092043e+01 -1.627640e-01 6.788203e+02
      vertex   -1.092043e+01 -1.772607e+01 6.695159e+02
      vertex   -1.092043e+01 -1.815297e+01 6.704314e+02
    endloop
  endfacet
  facet normal -3.664384e-15 -9.063078e-01 -4.226183e-01
    outer loop
      vertex   -1.427043e+01 2.641421e-01 6.779048e+02
      vertex   -1.092043e+01 2.641421e-01 6.779048e+02
      vertex   -1.427043e+01 -1.627640e-01 6.788203e+02
    endloop
  endfacet
  facet normal -3.057652e-14 -9.063078e-01 -4.226183e-01
    outer loop
      vertex   -1.427043e+01 -1.627640e-01 6.788203e+02
      vertex   -1.092043e+01 2.641421e-01 6.779048e+02
      vertex   -1.092043e+01 -1.627640e-01 6.788203e+02
    endloop
  endfacet
  facet normal 1.000000e+00 -3.406393e-15 -1.588427e-15
    outer loop
      vertex   -1.427043e+01 -1.772607e+01 6.695159e+02
      vertex   -1.427043e+01 2.641421e-01 6.779048e+02
      vertex   -1.427043e+01 -1.815297e+01 6.704314e+02
    endloop
  endfacet
  facet normal 1.000000e+00 -3.406393e-15 -1.588427e-15
    outer loop
      vertex   -1.427043e+01 -1.815297e+01 6.704314e+02
      vertex   -1.427043e+01 2.641421e-01 6.779048e+02
      vertex   -1.427043e+01 -1.627640e-01 6.788203e+02
    endloop
  endfacet
  facet normal -6.063121e-14 4.226183e-01 -9.063078e-01
    outer loop
      vertex   -1.092043e+01 -1.627640e-01 6.788203e+02
      vertex   -1.092043e+01 -1.815297e+01 6.704314e+02
      vertex   -1.427043e+01 -1.627640e-01 6.788203e+02
    endloop
  endfacet
  facet normal 1.709641e-15 4.226183e-01 -9.063078e-01
    outer loop
      vertex   -1.427043e+01 -1.627640e-01 6.788203e+02
      vertex   -1.092043e+01 -1.815297e+01 6.704314e+02
      vertex   -1.427043e+01 -1.815297e+01 6.704314e+02
    endloop
  endfacet
  facet normal 1.922300e-15 9.063078e-01 4.226183e-01
    outer loop
      vertex   1.371596e+01 -1.772607e+01 6.695159e+02
      vertex   1.036596e+01 -1.772607e+01 6.695159e+02
      vertex   1.371596e+01 -1.815297e+01 6.704314e+02
    endloop
  endfacet
  facet normal 2.883450e-15 9.063078e-01 4.226183e-01
    outer loop
      vertex   1.371596e+01 -1.815297e+01 6.704314e+02
      vertex   1.036596e+01 -1.772607e+01 6.695159e+02
      vertex   1.036596e+01 -1.815297e+01 6.704314e+02
    endloop
  endfacet
  facet normal -1.000000e+00 4.973858e-15 -1.561265e-15
    outer loop
      vertex   1.371596e+01 2.641421e-01 6.779048e+02
      vertex   1.371596e+01 -1.772607e+01 6.695159e+02
      vertex   1.371596e+01 -1.627640e-01 6.788203e+02
    endloop
  endfacet
  facet normal -1.000000e+00 5.798144e-15 -3.117202e-15
    outer loop
      vertex   1.371596e+01 -1.627640e-01 6.788203e+02
      vertex   1.371596e+01 -1.772607e+01 6.695159e+02
      vertex   1.371596e+01 -1.815297e+01 6.704314e+02
    endloop
  endfacet
  facet normal -5.031019e-15 -9.063078e-01 -4.226183e-01
    outer loop
      vertex   1.036596e+01 2.641421e-01 6.779048e+02
      vertex   1.371596e+01 2.641421e-01 6.779048e+02
      vertex   1.036596e+01 -1.627640e-01 6.788203e+02
    endloop
  endfacet
  facet normal -3.053147e-14 -9.063078e-01 -4.226183e-01
    outer loop
      vertex   1.036596e+01 -1.627640e-01 6.788203e+02
      vertex   1.371596e+01 2.641421e-01 6.779048e+02
      vertex   1.371596e+01 -1.627640e-01 6.788203e+02
    endloop
  endfacet
  facet normal 1.000000e+00 -4.892754e-15 1.599085e-15
    outer loop
      vertex   1.036596e+01 -1.772607e+01 6.695159e+02
      vertex   1.036596e+01 2.641421e-01 6.779048e+02
      vertex   1.036596e+01 -1.815297e+01 6.704314e+02
    endloop
  endfacet
  facet normal 1.000000e+00 -3.568602e-15 -1.664066e-15
    outer loop
      vertex   1.036596e+01 -1.815297e+01 6.704314e+02
      vertex   1.036596e+01 2.641421e-01 6.779048e+02
      vertex   1.036596e+01 -1.627640e-01 6.788203e+02
    endloop
  endfacet
  facet normal -6.065222e-14 4.226183e-01 -9.063078e-01
    outer loop
      vertex   1.371596e+01 -1.627640e-01 6.788203e+02
      vertex   1.371596e+01 -1.815297e+01 6.704314e+02
      vertex   1.036596e+01 -1.627640e-01 6.788203e+02
    endloop
  endfacet
  facet normal 1.709641e-15 4.226183e-01 -9.063078e-01
    outer loop
      vertex   1.036596e+01 -1.627640e-01 6.788203e+02
      vertex   1.371596e+01 -1.815297e+01 6.704314e+02
      vertex   1.036596e+01 -1.815297e+01 6.704314e+02
    endloop
  endfacet
  facet normal -4.520267e-15 -9.065437e-01 -4.221119e-01
    outer loop
      vertex   7.227677e+00 -4.853675e+01 6.551486e+02
      vertex   1.007768e+01 -4.853675e+01 6.551486e+02
      vertex   7.227677e+00 -4.892361e+01 6.559794e+02
    endloop
  endfacet
  facet normal -2.260134e-15 -9.065437e-01 -4.221119e-01
    outer loop
      vertex   7.227677e+00 -4.892361e+01 6.559794e+02
      vertex   1.007768e+01 -4.853675e+01 6.551486e+02
      vertex   1.007768e+01 -4.892361e+01 6.559794e+02
    endloop
  endfacet
  facet normal 1.000000e+00 -2.276106e-15 -1.059818e-15
    outer loop
      vertex   7.227677e+00 -6.136101e+01 6.491686e+02
      vertex   7.227677e+00 -4.853675e+01 6.551486e+02
      vertex   7.227677e+00 -6.175121e+01 6.500066e+02
    endloop
  endfacet
  facet normal 1.000000e+00 -1.219605e-15 -3.774906e-15
    outer loop
      vertex   7.227677e+00 -6.175121e+01 6.500066e+02
      vertex   7.227677e+00 -4.853675e+01 6.551486e+02
      vertex   7.227677e+00 -4.892361e+01 6.559794e+02
    endloop
  endfacet
  facet normal 2.260134e-15 9.065437e-01 4.221119e-01
    outer loop
      vertex   1.007768e+01 -6.136101e+01 6.491686e+02
      vertex   7.227677e+00 -6.136101e+01 6.491686e+02
      vertex   1.007768e+01 -6.175121e+01 6.500066e+02
    endloop
  endfacet
  facet normal 0.000000e+00 9.065437e-01 4.221119e-01
    outer loop
      vertex   1.007768e+01 -6.175121e+01 6.500066e+02
      vertex   7.227677e+00 -6.136101e+01 6.491686e+02
      vertex   7.227677e+00 -6.175121e+01 6.500066e+02
    endloop
  endfacet
  facet normal -1.000000e+00 2.276106e-15 1.059818e-15
    outer loop
      vertex   1.007768e+01 -6.136101e+01 6.491686e+02
      vertex   1.007768e+01 -6.175121e+01 6.500066e+02
      vertex   1.007768e+01 -4.853675e+01 6.551486e+02
    endloop
  endfacet
  facet normal -1.000000e+00 2.276106e-15 1.059818e-15
    outer loop
      vertex   1.007768e+01 -4.853675e+01 6.551486e+02
      vertex   1.007768e+01 -6.175121e+01 6.500066e+02
      vertex   1.007768e+01 -4.892361e+01 6.559794e+02
    endloop
  endfacet
  facet normal 1.052381e-15 4.221119e-01 -9.065437e-01
    outer loop
      vertex   1.007768e+01 -4.892361e+01 6.559794e+02
      vertex   1.007768e+01 -6.175121e+01 6.500066e+02
      vertex   7.227677e+00 -4.892361e+01 6.559794e+02
    endloop
  endfacet
  facet normal 0.000000e+00 4.221119e-01 -9.065437e-01
    outer loop
      vertex   7.227677e+00 -4.892361e+01 6.559794e+02
      vertex   1.007768e+01 -6.175121e+01 6.500066e+02
      vertex   7.227677e+00 -6.175121e+01 6.500066e+02
    endloop
  endfacet
  facet normal -4.520267e-15 -9.065437e-01 -4.221119e-01
    outer loop
      vertex   -9.791338e+00 -4.853675e+01 6.551486e+02
      vertex   -6.941338e+00 -4.853675e+01 6.551486e+02
      vertex   -9.791338e+00 -4.892361e+01 6.559794e+02
    endloop
  endfacet
  facet normal 0.000000e+00 -9.065437e-01 -4.221119e-01
    outer loop
      vertex   -9.791338e+00 -4.892361e+01 6.559794e+02
      vertex   -6.941338e+00 -4.853675e+01 6.551486e+02
      vertex   -6.941338e+00 -4.892361e+01 6.559794e+02
    endloop
  endfacet
  facet normal 1.000000e+00 -2.276106e-15 -1.059818e-15
    outer loop
      vertex   -9.791338e+00 -6.136101e+01 6.491686e+02
      vertex   -9.791338e+00 -4.853675e+01 6.551486e+02
      vertex   -9.791338e+00 -6.175121e+01 6.500066e+02
    endloop
  endfacet
  facet normal 1.000000e+00 -2.276106e-15 -1.059818e-15
    outer loop
      vertex   -9.791338e+00 -6.175121e+01 6.500066e+02
      vertex   -9.791338e+00 -4.853675e+01 6.551486e+02
      vertex   -9.791338e+00 -4.892361e+01 6.559794e+02
    endloop
  endfacet
  facet normal 0.000000e+00 9.065437e-01 4.221119e-01
    outer loop
      vertex   -6.941338e+00 -6.136101e+01 6.491686e+02
      vertex   -9.791338e+00 -6.136101e+01 6.491686e+02
      vertex   -6.941338e+00 -6.175121e+01 6.500066e+02
    endloop
  endfacet
  facet normal 0.000000e+00 9.065437e-01 4.221119e-01
    outer loop
      vertex   -6.941338e+00 -6.175121e+01 6.500066e+02
      vertex   -9.791338e+00 -6.136101e+01 6.491686e+02
      vertex   -9.791338e+00 -6.175121e+01 6.500066e+02
    endloop
  endfacet
  facet normal -1.000000e+00 2.276106e-15 1.059818e-15
    outer loop
      vertex   -6.941338e+00 -6.136101e+01 6.491686e+02
      vertex   -6.941338e+00 -6.175121e+01 6.500066e+02
      vertex   -6.941338e+00 -4.853675e+01 6.551486e+02
    endloop
  endfacet
  facet normal -1.000000e+00 2.276106e-15 1.059818e-15
    outer loop
      vertex   -6.941338e+00 -4.853675e+01 6.551486e+02
      vertex   -6.941338e+00 -6.175121e+01 6.500066e+02
      vertex   -6.941338e+00 -4.892361e+01 6.559794e+02
    endloop
  endfacet
  facet normal 0.000000e+00 4.221119e-01 -9.065437e-01
    outer loop
      vertex   -6.941338e+00 -4.892361e+01 6.559794e+02
      vertex   -6.941338e+00 -6.175121e+01 6.500066e+02
      vertex   -9.791338e+00 -4.892361e+01 6.559794e+02
    endloop
  endfacet
  facet normal 0.000000e+00 4.221119e-01 -9.065437e-01
    outer loop
      vertex   -9.791338e+00 -4.892361e+01 6.559794e+02
      vertex   -6.941338e+00 -6.175121e+01 6.500066e+02
      vertex   -9.791338e+00 -6.175121e+01 6.500066e+02
    endloop
  endfacet
  facet normal -1.995631e-15 9.063078e-01 4.226183e-01
    outer loop
      vertex   -2.000000e+01 2.224229e+00 6.788188e+02
      vertex   -2.000000e+01 1.083160e+00 6.812659e+02
      vertex   -5.000000e+00 2.224229e+00 6.788188e+02
    endloop
  endfacet
  facet normal -1.842148e-15 9.063078e-01 4.226183e-01
    outer loop
      vertex   -5.000000e+00 2.224229e+00 6.788188e+02
      vertex   -2.000000e+01 1.083160e+00 6.812659e+02
      vertex   -5.000000e+00 1.083160e+00 6.812659e+02
    endloop
  endfacet
  facet normal 9.793818e-16 9.063078e-01 4.226183e-01
    outer loop
      vertex   5.000000e+00 2.224229e+00 6.788188e+02
      vertex   5.000000e+00 1.083160e+00 6.812659e+02
      vertex   2.200000e+01 2.224229e+00 6.788188e+02
    endloop
  endfacet
  facet normal -5.321330e-15 9.063078e-01 4.226183e-01
    outer loop
      vertex   2.200000e+01 2.224229e+00 6.788188e+02
      vertex   5.000000e+00 1.083160e+00 6.812659e+02
      vertex   2.200000e+01 1.083160e+00 6.812659e+02
    endloop
  endfacet
  facet normal 1.000000e+00 -2.085336e-15 4.472017e-15
    outer loop
      vertex   -5.000000e+00 -1.499562e+01 6.707891e+02
      vertex   -5.000000e+00 2.224229e+00 6.788188e+02
      vertex   -5.000000e+00 -1.613669e+01 6.732361e+02
    endloop
  endfacet
  facet normal 1.000000e+00 -8.271313e-15 2.481699e-14
    outer loop
      vertex   -5.000000e+00 -1.613669e+01 6.732361e+02
      vertex   -5.000000e+00 2.224229e+00 6.788188e+02
      vertex   -5.000000e+00 1.083160e+00 6.812659e+02
    endloop
  endfacet
  facet normal 4.906767e-02 4.993977e-01 8.649822e-01
    outer loop
      vertex   -1.128375e+01 -2.714730e+01 6.681018e+02
      vertex   -1.124455e+01 -2.714943e+01 6.681008e+02
      vertex   -1.124455e+01 -2.603623e+01 6.674581e+02
    endloop
  endfacet
  facet normal -4.906767e-02 4.993977e-01 8.649822e-01
    outer loop
      vertex   -1.124455e+01 -2.603623e+01 6.674581e+02
      vertex   -1.124455e+01 -2.714943e+01 6.681008e+02
      vertex   -1.120534e+01 -2.714730e+01 6.681018e+02
    endloop
  endfacet
  facet normal -8.715568e-02 4.970865e-01 8.633128e-01
    outer loop
      vertex   -1.124455e+01 -2.603623e+01 6.674581e+02
      vertex   -1.120534e+01 -2.714730e+01 6.681018e+02
      vertex   -1.117509e+01 -2.603319e+01 6.674633e+02
    endloop
  endfacet
  facet normal -1.467569e-01 4.948115e-01 8.565185e-01
    outer loop
      vertex   -1.117509e+01 -2.603319e+01 6.674633e+02
      vertex   -1.120534e+01 -2.714730e+01 6.681018e+02
      vertex   -1.116651e+01 -2.714093e+01 6.681048e+02
    endloop
  endfacet
  facet normal -2.429128e-01 4.846704e-01 8.402904e-01
    outer loop
      vertex   -1.117509e+01 -2.603319e+01 6.674633e+02
      vertex   -1.116651e+01 -2.714093e+01 6.681048e+02
      vertex   -1.112843e+01 -2.713038e+01 6.681097e+02
    endloop
  endfacet
  facet normal -2.588189e-01 4.820731e-01 8.370294e-01
    outer loop
      vertex   -1.117509e+01 -2.603319e+01 6.674633e+02
      vertex   -1.112843e+01 -2.713038e+01 6.681097e+02
      vertex   -1.110774e+01 -2.602416e+01 6.674790e+02
    endloop
  endfacet
  facet normal -3.369732e-01 4.710820e-01 8.151876e-01
    outer loop
      vertex   -1.110774e+01 -2.602416e+01 6.674790e+02
      vertex   -1.112843e+01 -2.713038e+01 6.681097e+02
      vertex   -1.109147e+01 -2.711574e+01 6.681165e+02
    endloop
  endfacet
  facet normal -4.226181e-01 4.523717e-01 7.853367e-01
    outer loop
      vertex   -1.110774e+01 -2.602416e+01 6.674790e+02
      vertex   -1.109147e+01 -2.711574e+01 6.681165e+02
      vertex   -1.104455e+01 -2.600943e+01 6.675045e+02
    endloop
  endfacet
  facet normal -4.273694e-01 4.514446e-01 7.832964e-01
    outer loop
      vertex   -1.104455e+01 -2.600943e+01 6.675045e+02
      vertex   -1.109147e+01 -2.711574e+01 6.681165e+02
      vertex   -1.105599e+01 -2.709718e+01 6.681252e+02
    endloop
  endfacet
  facet normal -5.142087e-01 4.291298e-01 7.425881e-01
    outer loop
      vertex   -1.104455e+01 -2.600943e+01 6.675045e+02
      vertex   -1.105599e+01 -2.709718e+01 6.681252e+02
      vertex   -1.102232e+01 -2.707485e+01 6.681356e+02
    endloop
  endfacet
  facet normal -5.735761e-01 4.085777e-01 7.099822e-01
    outer loop
      vertex   -1.104455e+01 -2.600943e+01 6.675045e+02
      vertex   -1.102232e+01 -2.707485e+01 6.681356e+02
      vertex   -1.098743e+01 -2.598944e+01 6.675391e+02
    endloop
  endfacet
  facet normal -5.956340e-01 4.014591e-01 6.957375e-01
    outer loop
      vertex   -1.098743e+01 -2.598944e+01 6.675391e+02
      vertex   -1.102232e+01 -2.707485e+01 6.681356e+02
      vertex   -1.099079e+01 -2.704898e+01 6.681476e+02
    endloop
  endfacet
  facet normal -6.716133e-01 3.705860e-01 6.415618e-01
    outer loop
      vertex   -1.098743e+01 -2.598944e+01 6.675391e+02
      vertex   -1.099079e+01 -2.704898e+01 6.681476e+02
      vertex   -1.096171e+01 -2.701981e+01 6.681612e+02
    endloop
  endfacet
  facet normal -7.071062e-01 3.524577e-01 6.130044e-01
    outer loop
      vertex   -1.098743e+01 -2.598944e+01 6.675391e+02
      vertex   -1.096171e+01 -2.701981e+01 6.681612e+02
      vertex   -1.093813e+01 -2.596478e+01 6.675818e+02
    endloop
  endfacet
  facet normal -7.410071e-01 3.358877e-01 5.814534e-01
    outer loop
      vertex   -1.093813e+01 -2.596478e+01 6.675818e+02
      vertex   -1.096171e+01 -2.701981e+01 6.681612e+02
      vertex   -1.093534e+01 -2.698763e+01 6.681762e+02
    endloop
  endfacet
  facet normal -8.031403e-01 2.977212e-01 5.160695e-01
    outer loop
      vertex   -1.093813e+01 -2.596478e+01 6.675818e+02
      vertex   -1.093534e+01 -2.698763e+01 6.681762e+02
      vertex   -1.091196e+01 -2.695275e+01 6.681925e+02
    endloop
  endfacet
  facet normal -8.191514e-01 2.857236e-01 4.973459e-01
    outer loop
      vertex   -1.093813e+01 -2.596478e+01 6.675818e+02
      vertex   -1.091196e+01 -2.695275e+01 6.681925e+02
      vertex   -1.089814e+01 -2.593623e+01 6.676313e+02
    endloop
  endfacet
  facet normal -8.823552e-01 2.365858e-01 4.067879e-01
    outer loop
      vertex   -1.089814e+01 -2.593623e+01 6.676313e+02
      vertex   -1.091196e+01 -2.695275e+01 6.681925e+02
      vertex   -1.087500e+01 -2.687623e+01 6.682282e+02
    endloop
  endfacet
  facet normal -9.063073e-01 2.104205e-01 3.665109e-01
    outer loop
      vertex   -1.089814e+01 -2.593623e+01 6.676313e+02
      vertex   -1.087500e+01 -2.687623e+01 6.682282e+02
      vertex   -1.086867e+01 -2.590463e+01 6.676860e+02
    endloop
  endfacet
  facet normal -9.571745e-01 1.458018e-01 2.501174e-01
    outer loop
      vertex   -1.086867e+01 -2.590463e+01 6.676860e+02
      vertex   -1.087500e+01 -2.687623e+01 6.682282e+02
      vertex   -1.085223e+01 -2.679321e+01 6.682669e+02
    endloop
  endfacet
  facet normal -9.659256e-01 1.288656e-01 2.244578e-01
    outer loop
      vertex   -1.086867e+01 -2.590463e+01 6.676860e+02
      vertex   -1.085223e+01 -2.679321e+01 6.682669e+02
      vertex   -1.085062e+01 -2.587096e+01 6.677443e+02
    endloop
  endfacet
  facet normal -9.952336e-01 4.938329e-02 8.409107e-02
    outer loop
      vertex   -1.085062e+01 -2.587096e+01 6.677443e+02
      vertex   -1.085223e+01 -2.679321e+01 6.682669e+02
      vertex   -1.084455e+01 -2.670687e+01 6.683072e+02
    endloop
  endfacet
  facet normal -9.961947e-01 4.357787e-02 7.547909e-02
    outer loop
      vertex   -1.085062e+01 -2.587096e+01 6.677443e+02
      vertex   -1.084455e+01 -2.670687e+01 6.683072e+02
      vertex   -1.084455e+01 -2.583623e+01 6.678045e+02
    endloop
  endfacet
  facet normal -9.961947e-01 -4.357787e-02 -7.547909e-02
    outer loop
      vertex   -1.084455e+01 -2.583623e+01 6.678045e+02
      vertex   -1.084455e+01 -2.670687e+01 6.683072e+02
      vertex   -1.085062e+01 -2.580150e+01 6.678646e+02
    endloop
  endfacet
  facet normal -9.961947e-01 -4.357787e-02 -7.547909e-02
    outer loop
      vertex   -1.084455e+01 -2.583623e+01 6.678045e+02
      vertex   -1.085062e+01 -2.580150e+01 6.678646e+02
      vertex   -1.085062e+01 -2.468829e+01 6.672219e+02
    endloop
  endfacet
  facet normal -9.659258e-01 -1.294095e-01 -2.241439e-01
    outer loop
      vertex   -1.085062e+01 -2.468829e+01 6.672219e+02
      vertex   -1.085062e+01 -2.580150e+01 6.678646e+02
      vertex   -1.086867e+01 -2.465462e+01 6.672803e+02
    endloop
  endfacet
  facet normal -9.659256e-01 -1.288656e-01 -2.244578e-01
    outer loop
      vertex   -1.085062e+01 -2.468829e+01 6.672219e+02
      vertex   -1.086867e+01 -2.465462e+01 6.672803e+02
      vertex   -1.085223e+01 -2.376604e+01 6.666994e+02
    endloop
  endfacet
  facet normal -9.571745e-01 -1.458018e-01 -2.501174e-01
    outer loop
      vertex   -1.085223e+01 -2.376604e+01 6.666994e+02
      vertex   -1.086867e+01 -2.465462e+01 6.672803e+02
      vertex   -1.087500e+01 -2.368301e+01 6.667381e+02
    endloop
  endfacet
  facet normal -9.063073e-01 -2.104205e-01 -3.665109e-01
    outer loop
      vertex   -1.087500e+01 -2.368301e+01 6.667381e+02
      vertex   -1.086867e+01 -2.465462e+01 6.672803e+02
      vertex   -1.089814e+01 -2.462302e+01 6.673350e+02
    endloop
  endfacet
  facet normal -8.823552e-01 -2.365858e-01 -4.067879e-01
    outer loop
      vertex   -1.087500e+01 -2.368301e+01 6.667381e+02
      vertex   -1.089814e+01 -2.462302e+01 6.673350e+02
      vertex   -1.091196e+01 -2.360650e+01 6.667738e+02
    endloop
  endfacet
  facet normal -8.191514e-01 -2.857236e-01 -4.973459e-01
    outer loop
      vertex   -1.091196e+01 -2.360650e+01 6.667738e+02
      vertex   -1.089814e+01 -2.462302e+01 6.673350e+02
      vertex   -1.093813e+01 -2.459446e+01 6.673845e+02
    endloop
  endfacet
  facet normal -8.031403e-01 -2.977212e-01 -5.160695e-01
    outer loop
      vertex   -1.091196e+01 -2.360650e+01 6.667738e+02
      vertex   -1.093813e+01 -2.459446e+01 6.673845e+02
      vertex   -1.093534e+01 -2.357162e+01 6.667900e+02
    endloop
  endfacet
  facet normal -7.410071e-01 -3.358877e-01 -5.814534e-01
    outer loop
      vertex   -1.093534e+01 -2.357162e+01 6.667900e+02
      vertex   -1.093813e+01 -2.459446e+01 6.673845e+02
      vertex   -1.096171e+01 -2.353944e+01 6.668050e+02
    endloop
  endfacet
  facet normal -7.071062e-01 -3.524577e-01 -6.130044e-01
    outer loop
      vertex   -1.096171e+01 -2.353944e+01 6.668050e+02
      vertex   -1.093813e+01 -2.459446e+01 6.673845e+02
      vertex   -1.098743e+01 -2.456981e+01 6.674271e+02
    endloop
  endfacet
  facet normal -6.716133e-01 -3.705860e-01 -6.415618e-01
    outer loop
      vertex   -1.096171e+01 -2.353944e+01 6.668050e+02
      vertex   -1.098743e+01 -2.456981e+01 6.674271e+02
      vertex   -1.099079e+01 -2.351027e+01 6.668186e+02
    endloop
  endfacet
  facet normal -5.956340e-01 -4.014591e-01 -6.957375e-01
    outer loop
      vertex   -1.099079e+01 -2.351027e+01 6.668186e+02
      vertex   -1.098743e+01 -2.456981e+01 6.674271e+02
      vertex   -1.102232e+01 -2.348440e+01 6.668307e+02
    endloop
  endfacet
  facet normal -5.735761e-01 -4.085777e-01 -7.099822e-01
    outer loop
      vertex   -1.102232e+01 -2.348440e+01 6.668307e+02
      vertex   -1.098743e+01 -2.456981e+01 6.674271e+02
      vertex   -1.104455e+01 -2.454982e+01 6.674618e+02
    endloop
  endfacet
  facet normal -5.142087e-01 -4.291298e-01 -7.425881e-01
    outer loop
      vertex   -1.102232e+01 -2.348440e+01 6.668307e+02
      vertex   -1.104455e+01 -2.454982e+01 6.674618e+02
      vertex   -1.105599e+01 -2.346207e+01 6.668411e+02
    endloop
  endfacet
  facet normal -4.273694e-01 -4.514446e-01 -7.832964e-01
    outer loop
      vertex   -1.105599e+01 -2.346207e+01 6.668411e+02
      vertex   -1.104455e+01 -2.454982e+01 6.674618e+02
      vertex   -1.109147e+01 -2.344350e+01 6.668498e+02
    endloop
  endfacet
  facet normal -4.226181e-01 -4.523717e-01 -7.853367e-01
    outer loop
      vertex   -1.109147e+01 -2.344350e+01 6.668498e+02
      vertex   -1.104455e+01 -2.454982e+01 6.674618e+02
      vertex   -1.110774e+01 -2.453508e+01 6.674873e+02
    endloop
  endfacet
  facet normal -3.369732e-01 -4.710820e-01 -8.151876e-01
    outer loop
      vertex   -1.109147e+01 -2.344350e+01 6.668498e+02
      vertex   -1.110774e+01 -2.453508e+01 6.674873e+02
      vertex   -1.112843e+01 -2.342887e+01 6.668566e+02
    endloop
  endfacet
  facet normal -2.588189e-01 -4.820731e-01 -8.370294e-01
    outer loop
      vertex   -1.112843e+01 -2.342887e+01 6.668566e+02
      vertex   -1.110774e+01 -2.453508e+01 6.674873e+02
      vertex   -1.117509e+01 -2.452606e+01 6.675029e+02
    endloop
  endfacet
  facet normal -2.429128e-01 -4.846704e-01 -8.402904e-01
    outer loop
      vertex   -1.112843e+01 -2.342887e+01 6.668566e+02
      vertex   -1.117509e+01 -2.452606e+01 6.675029e+02
      vertex   -1.116651e+01 -2.341832e+01 6.668615e+02
    endloop
  endfacet
  facet normal -1.467569e-01 -4.948115e-01 -8.565185e-01
    outer loop
      vertex   -1.116651e+01 -2.341832e+01 6.668615e+02
      vertex   -1.117509e+01 -2.452606e+01 6.675029e+02
      vertex   -1.120534e+01 -2.341195e+01 6.668645e+02
    endloop
  endfacet
  facet normal -8.715568e-02 -4.970865e-01 -8.633128e-01
    outer loop
      vertex   -1.120534e+01 -2.341195e+01 6.668645e+02
      vertex   -1.117509e+01 -2.452606e+01 6.675029e+02
      vertex   -1.124455e+01 -2.452302e+01 6.675082e+02
    endloop
  endfacet
  facet normal -4.906767e-02 -4.993977e-01 -8.649822e-01
    outer loop
      vertex   -1.120534e+01 -2.341195e+01 6.668645e+02
      vertex   -1.124455e+01 -2.452302e+01 6.675082e+02
      vertex   -1.124455e+01 -2.340982e+01 6.668655e+02
    endloop
  endfacet
  facet normal 4.906767e-02 -4.993977e-01 -8.649822e-01
    outer loop
      vertex   -1.124455e+01 -2.340982e+01 6.668655e+02
      vertex   -1.124455e+01 -2.452302e+01 6.675082e+02
      vertex   -1.128375e+01 -2.341195e+01 6.668645e+02
    endloop
  endfacet
  facet normal 8.715568e-02 -4.970865e-01 -8.633128e-01
    outer loop
      vertex   -1.128375e+01 -2.341195e+01 6.668645e+02
      vertex   -1.124455e+01 -2.452302e+01 6.675082e+02
      vertex   -1.131401e+01 -2.452606e+01 6.675029e+02
    endloop
  endfacet
  facet normal 1.467569e-01 -4.948115e-01 -8.565185e-01
    outer loop
      vertex   -1.128375e+01 -2.341195e+01 6.668645e+02
      vertex   -1.131401e+01 -2.452606e+01 6.675029e+02
      vertex   -1.132258e+01 -2.341832e+01 6.668615e+02
    endloop
  endfacet
  facet normal 2.429128e-01 -4.846704e-01 -8.402904e-01
    outer loop
      vertex   -1.132258e+01 -2.341832e+01 6.668615e+02
      vertex   -1.131401e+01 -2.452606e+01 6.675029e+02
      vertex   -1.136066e+01 -2.342887e+01 6.668566e+02
    endloop
  endfacet
  facet normal 2.588189e-01 -4.820731e-01 -8.370294e-01
    outer loop
      vertex   -1.136066e+01 -2.342887e+01 6.668566e+02
      vertex   -1.131401e+01 -2.452606e+01 6.675029e+02
      vertex   -1.138136e+01 -2.453508e+01 6.674873e+02
    endloop
  endfacet
  facet normal 3.369732e-01 -4.710820e-01 -8.151876e-01
    outer loop
      vertex   -1.136066e+01 -2.342887e+01 6.668566e+02
      vertex   -1.138136e+01 -2.453508e+01 6.674873e+02
      vertex   -1.139762e+01 -2.344350e+01 6.668498e+02
    endloop
  endfacet
  facet normal 4.226181e-01 -4.523717e-01 -7.853367e-01
    outer loop
      vertex   -1.139762e+01 -2.344350e+01 6.668498e+02
      vertex   -1.138136e+01 -2.453508e+01 6.674873e+02
      vertex   -1.144455e+01 -2.454982e+01 6.674618e+02
    endloop
  endfacet
  facet normal 4.273694e-01 -4.514446e-01 -7.832964e-01
    outer loop
      vertex   -1.139762e+01 -2.344350e+01 6.668498e+02
      vertex   -1.144455e+01 -2.454982e+01 6.674618e+02
      vertex   -1.143311e+01 -2.346207e+01 6.668411e+02
    endloop
  endfacet
  facet normal 5.142087e-01 -4.291298e-01 -7.425881e-01
    outer loop
      vertex   -1.143311e+01 -2.346207e+01 6.668411e+02
      vertex   -1.144455e+01 -2.454982e+01 6.674618e+02
      vertex   -1.146678e+01 -2.348440e+01 6.668307e+02
    endloop
  endfacet
  facet normal 5.735761e-01 -4.085777e-01 -7.099822e-01
    outer loop
      vertex   -1.146678e+01 -2.348440e+01 6.668307e+02
      vertex   -1.144455e+01 -2.454982e+01 6.674618e+02
      vertex   -1.150166e+01 -2.456981e+01 6.674271e+02
    endloop
  endfacet
  facet normal 5.956340e-01 -4.014591e-01 -6.957375e-01
    outer loop
      vertex   -1.146678e+01 -2.348440e+01 6.668307e+02
      vertex   -1.150166e+01 -2.456981e+01 6.674271e+02
      vertex   -1.149831e+01 -2.351027e+01 6.668186e+02
    endloop
  endfacet
  facet normal 6.716133e-01 -3.705860e-01 -6.415618e-01
    outer loop
      vertex   -1.149831e+01 -2.351027e+01 6.668186e+02
      vertex   -1.150166e+01 -2.456981e+01 6.674271e+02
      vertex   -1.152739e+01 -2.353944e+01 6.668050e+02
    endloop
  endfacet
  facet normal 7.071062e-01 -3.524577e-01 -6.130044e-01
    outer loop
      vertex   -1.152739e+01 -2.353944e+01 6.668050e+02
      vertex   -1.150166e+01 -2.456981e+01 6.674271e+02
      vertex   -1.155097e+01 -2.459446e+01 6.673845e+02
    endloop
  endfacet
  facet normal 7.410071e-01 -3.358877e-01 -5.814534e-01
    outer loop
      vertex   -1.152739e+01 -2.353944e+01 6.668050e+02
      vertex   -1.155097e+01 -2.459446e+01 6.673845e+02
      vertex   -1.155375e+01 -2.357162e+01 6.667900e+02
    endloop
  endfacet
  facet normal 8.031403e-01 -2.977212e-01 -5.160695e-01
    outer loop
      vertex   -1.155375e+01 -2.357162e+01 6.667900e+02
      vertex   -1.155097e+01 -2.459446e+01 6.673845e+02
      vertex   -1.157714e+01 -2.360650e+01 6.667738e+02
    endloop
  endfacet
  facet normal 8.191514e-01 -2.857236e-01 -4.973459e-01
    outer loop
      vertex   -1.157714e+01 -2.360650e+01 6.667738e+02
      vertex   -1.155097e+01 -2.459446e+01 6.673845e+02
      vertex   -1.159096e+01 -2.462302e+01 6.673350e+02
    endloop
  endfacet
  facet normal 8.823552e-01 -2.365858e-01 -4.067879e-01
    outer loop
      vertex   -1.157714e+01 -2.360650e+01 6.667738e+02
      vertex   -1.159096e+01 -2.462302e+01 6.673350e+02
      vertex   -1.161410e+01 -2.368301e+01 6.667381e+02
    endloop
  endfacet
  facet normal 9.063073e-01 -2.104205e-01 -3.665109e-01
    outer loop
      vertex   -1.161410e+01 -2.368301e+01 6.667381e+02
      vertex   -1.159096e+01 -2.462302e+01 6.673350e+02
      vertex   -1.162042e+01 -2.465462e+01 6.672803e+02
    endloop
  endfacet
  facet normal 9.571745e-01 -1.458018e-01 -2.501174e-01
    outer loop
      vertex   -1.161410e+01 -2.368301e+01 6.667381e+02
      vertex   -1.162042e+01 -2.465462e+01 6.672803e+02
      vertex   -1.163686e+01 -2.376604e+01 6.666994e+02
    endloop
  endfacet
  facet normal 9.659256e-01 -1.288656e-01 -2.244578e-01
    outer loop
      vertex   -1.163686e+01 -2.376604e+01 6.666994e+02
      vertex   -1.162042e+01 -2.465462e+01 6.672803e+02
      vertex   -1.163847e+01 -2.468829e+01 6.672219e+02
    endloop
  endfacet
  facet normal 9.952336e-01 -4.938329e-02 -8.409107e-02
    outer loop
      vertex   -1.163686e+01 -2.376604e+01 6.666994e+02
      vertex   -1.163847e+01 -2.468829e+01 6.672219e+02
      vertex   -1.164455e+01 -2.385237e+01 6.666591e+02
    endloop
  endfacet
  facet normal 9.961947e-01 -4.357787e-02 -7.547909e-02
    outer loop
      vertex   -1.164455e+01 -2.385237e+01 6.666591e+02
      vertex   -1.163847e+01 -2.468829e+01 6.672219e+02
      vertex   -1.164455e+01 -2.472302e+01 6.671618e+02
    endloop
  endfacet
  facet normal 9.961947e-01 4.357787e-02 7.547909e-02
    outer loop
      vertex   -1.164455e+01 -2.385237e+01 6.666591e+02
      vertex   -1.164455e+01 -2.472302e+01 6.671618e+02
      vertex   -1.163847e+01 -2.475775e+01 6.671016e+02
    endloop
  endfacet
  facet normal 9.961947e-01 4.357787e-02 7.547909e-02
    outer loop
      vertex   -1.163847e+01 -2.475775e+01 6.671016e+02
      vertex   -1.164455e+01 -2.472302e+01 6.671618e+02
      vertex   -1.164455e+01 -2.583623e+01 6.678045e+02
    endloop
  endfacet
  facet normal 9.961947e-01 4.357787e-02 7.547909e-02
    outer loop
      vertex   -1.163847e+01 -2.475775e+01 6.671016e+02
      vertex   -1.164455e+01 -2.583623e+01 6.678045e+02
      vertex   -1.163847e+01 -2.587096e+01 6.677443e+02
    endloop
  endfacet
  facet normal 9.961947e-01 4.357787e-02 7.547909e-02
    outer loop
      vertex   -1.163847e+01 -2.587096e+01 6.677443e+02
      vertex   -1.164455e+01 -2.583623e+01 6.678045e+02
      vertex   -1.164455e+01 -2.670687e+01 6.683072e+02
    endloop
  endfacet
  facet normal 9.952336e-01 4.938329e-02 8.409107e-02
    outer loop
      vertex   -1.163847e+01 -2.587096e+01 6.677443e+02
      vertex   -1.164455e+01 -2.670687e+01 6.683072e+02
      vertex   -1.163686e+01 -2.679321e+01 6.682669e+02
    endloop
  endfacet
  facet normal -9.951300e-01 -4.859575e-02 -8.576018e-02
    outer loop
      vertex   -1.084455e+01 -2.670687e+01 6.683072e+02
      vertex   -1.085223e+01 -2.662053e+01 6.683474e+02
      vertex   -1.085062e+01 -2.580150e+01 6.678646e+02
    endloop
  endfacet
  facet normal -9.659256e-01 -1.300159e-01 -2.237937e-01
    outer loop
      vertex   -1.085062e+01 -2.580150e+01 6.678646e+02
      vertex   -1.085223e+01 -2.662053e+01 6.683474e+02
      vertex   -1.086867e+01 -2.576782e+01 6.679230e+02
    endloop
  endfacet
  facet normal -9.659258e-01 -1.294095e-01 -2.241439e-01
    outer loop
      vertex   -1.085062e+01 -2.580150e+01 6.678646e+02
      vertex   -1.086867e+01 -2.576782e+01 6.679230e+02
      vertex   -1.086867e+01 -2.465462e+01 6.672803e+02
    endloop
  endfacet
  facet normal -9.063078e-01 -2.113091e-01 -3.659982e-01
    outer loop
      vertex   -1.086867e+01 -2.465462e+01 6.672803e+02
      vertex   -1.086867e+01 -2.576782e+01 6.679230e+02
      vertex   -1.089814e+01 -2.462302e+01 6.673350e+02
    endloop
  endfacet
  facet normal -9.566542e-01 -1.443440e-01 -2.529377e-01
    outer loop
      vertex   -1.085223e+01 -2.662053e+01 6.683474e+02
      vertex   -1.087500e+01 -2.653751e+01 6.683861e+02
      vertex   -1.086867e+01 -2.576782e+01 6.679230e+02
    endloop
  endfacet
  facet normal -9.063071e-01 -2.124095e-01 -3.653624e-01
    outer loop
      vertex   -1.086867e+01 -2.576782e+01 6.679230e+02
      vertex   -1.087500e+01 -2.653751e+01 6.683861e+02
      vertex   -1.089814e+01 -2.573623e+01 6.679777e+02
    endloop
  endfacet
  facet normal -9.063078e-01 -2.113091e-01 -3.659982e-01
    outer loop
      vertex   -1.086867e+01 -2.576782e+01 6.679230e+02
      vertex   -1.089814e+01 -2.573623e+01 6.679777e+02
      vertex   -1.089814e+01 -2.462302e+01 6.673350e+02
    endloop
  endfacet
  facet normal -8.191520e-01 -2.867882e-01 -4.967318e-01
    outer loop
      vertex   -1.089814e+01 -2.462302e+01 6.673350e+02
      vertex   -1.089814e+01 -2.573623e+01 6.679777e+02
      vertex   -1.093813e+01 -2.459446e+01 6.673845e+02
    endloop
  endfacet
  facet normal -8.813433e-01 -2.345239e-01 -4.101615e-01
    outer loop
      vertex   -1.087500e+01 -2.653751e+01 6.683861e+02
      vertex   -1.091196e+01 -2.646100e+01 6.684218e+02
      vertex   -1.089814e+01 -2.573623e+01 6.679777e+02
    endloop
  endfacet
  facet normal -8.191509e-01 -2.882421e-01 -4.958914e-01
    outer loop
      vertex   -1.089814e+01 -2.573623e+01 6.679777e+02
      vertex   -1.091196e+01 -2.646100e+01 6.684218e+02
      vertex   -1.093813e+01 -2.570767e+01 6.680272e+02
    endloop
  endfacet
  facet normal -8.191520e-01 -2.867882e-01 -4.967318e-01
    outer loop
      vertex   -1.089814e+01 -2.573623e+01 6.679777e+02
      vertex   -1.093813e+01 -2.570767e+01 6.680272e+02
      vertex   -1.093813e+01 -2.459446e+01 6.673845e+02
    endloop
  endfacet
  facet normal -7.071068e-01 -3.535534e-01 -6.123724e-01
    outer loop
      vertex   -1.093813e+01 -2.459446e+01 6.673845e+02
      vertex   -1.093813e+01 -2.570767e+01 6.680272e+02
      vertex   -1.098743e+01 -2.456981e+01 6.674271e+02
    endloop
  endfacet
  facet normal -8.033041e-01 -2.980342e-01 -5.156338e-01
    outer loop
      vertex   -1.091196e+01 -2.646100e+01 6.684218e+02
      vertex   -1.093534e+01 -2.642612e+01 6.684381e+02
      vertex   -1.093813e+01 -2.570767e+01 6.680272e+02
    endloop
  endfacet
  facet normal -7.408708e-01 -3.356241e-01 -5.817792e-01
    outer loop
      vertex   -1.093813e+01 -2.570767e+01 6.680272e+02
      vertex   -1.093534e+01 -2.642612e+01 6.684381e+02
      vertex   -1.096171e+01 -2.639394e+01 6.684531e+02
    endloop
  endfacet
  facet normal -7.071055e-01 -3.551856e-01 -6.114286e-01
    outer loop
      vertex   -1.093813e+01 -2.570767e+01 6.680272e+02
      vertex   -1.096171e+01 -2.639394e+01 6.684531e+02
      vertex   -1.098743e+01 -2.568302e+01 6.680699e+02
    endloop
  endfacet
  facet normal -6.714751e-01 -3.703051e-01 -6.418686e-01
    outer loop
      vertex   -1.098743e+01 -2.568302e+01 6.680699e+02
      vertex   -1.096171e+01 -2.639394e+01 6.684531e+02
      vertex   -1.099079e+01 -2.636477e+01 6.684667e+02
    endloop
  endfacet
  facet normal -5.958001e-01 -4.018269e-01 -6.953829e-01
    outer loop
      vertex   -1.098743e+01 -2.568302e+01 6.680699e+02
      vertex   -1.099079e+01 -2.636477e+01 6.684667e+02
      vertex   -1.102232e+01 -2.633890e+01 6.684787e+02
    endloop
  endfacet
  facet normal -5.735755e-01 -4.111751e-01 -7.084816e-01
    outer loop
      vertex   -1.098743e+01 -2.568302e+01 6.680699e+02
      vertex   -1.102232e+01 -2.633890e+01 6.684787e+02
      vertex   -1.104455e+01 -2.566302e+01 6.681045e+02
    endloop
  endfacet
  facet normal -5.139294e-01 -4.284301e-01 -7.431852e-01
    outer loop
      vertex   -1.104455e+01 -2.566302e+01 6.681045e+02
      vertex   -1.102232e+01 -2.633890e+01 6.684787e+02
      vertex   -1.105599e+01 -2.631657e+01 6.684892e+02
    endloop
  endfacet
  facet normal -4.278588e-01 -4.528951e-01 -7.821911e-01
    outer loop
      vertex   -1.104455e+01 -2.566302e+01 6.681045e+02
      vertex   -1.105599e+01 -2.631657e+01 6.684892e+02
      vertex   -1.109147e+01 -2.629800e+01 6.684978e+02
    endloop
  endfacet
  facet normal -4.226178e-01 -4.544774e-01 -7.841202e-01
    outer loop
      vertex   -1.104455e+01 -2.566302e+01 6.681045e+02
      vertex   -1.109147e+01 -2.629800e+01 6.684978e+02
      vertex   -1.110774e+01 -2.564829e+01 6.681300e+02
    endloop
  endfacet
  facet normal -3.367474e-01 -4.702423e-01 -8.157655e-01
    outer loop
      vertex   -1.110774e+01 -2.564829e+01 6.681300e+02
      vertex   -1.109147e+01 -2.629800e+01 6.684978e+02
      vertex   -1.112843e+01 -2.628337e+01 6.685046e+02
    endloop
  endfacet
  facet normal -2.588186e-01 -4.844984e-01 -8.356280e-01
    outer loop
      vertex   -1.110774e+01 -2.564829e+01 6.681300e+02
      vertex   -1.112843e+01 -2.628337e+01 6.685046e+02
      vertex   -1.117509e+01 -2.563926e+01 6.681456e+02
    endloop
  endfacet
  facet normal -2.430985e-01 -4.856221e-01 -8.396870e-01
    outer loop
      vertex   -1.117509e+01 -2.563926e+01 6.681456e+02
      vertex   -1.112843e+01 -2.628337e+01 6.685046e+02
      vertex   -1.116651e+01 -2.627282e+01 6.685096e+02
    endloop
  endfacet
  facet normal -1.466841e-01 -4.941963e-01 -8.568861e-01
    outer loop
      vertex   -1.117509e+01 -2.563926e+01 6.681456e+02
      vertex   -1.116651e+01 -2.627282e+01 6.685096e+02
      vertex   -1.120534e+01 -2.626645e+01 6.685125e+02
    endloop
  endfacet
  facet normal -8.715556e-02 -4.998821e-01 -8.616970e-01
    outer loop
      vertex   -1.117509e+01 -2.563926e+01 6.681456e+02
      vertex   -1.120534e+01 -2.626645e+01 6.685125e+02
      vertex   -1.124455e+01 -2.563623e+01 6.681509e+02
    endloop
  endfacet
  facet normal -4.906767e-02 -4.993977e-01 -8.649822e-01
    outer loop
      vertex   -1.124455e+01 -2.563623e+01 6.681509e+02
      vertex   -1.120534e+01 -2.626645e+01 6.685125e+02
      vertex   -1.124455e+01 -2.626431e+01 6.685135e+02
    endloop
  endfacet
  facet normal 4.906767e-02 -4.993977e-01 -8.649822e-01
    outer loop
      vertex   -1.124455e+01 -2.563623e+01 6.681509e+02
      vertex   -1.124455e+01 -2.626431e+01 6.685135e+02
      vertex   -1.128375e+01 -2.626645e+01 6.685125e+02
    endloop
  endfacet
  facet normal 8.715556e-02 -4.998821e-01 -8.616970e-01
    outer loop
      vertex   -1.124455e+01 -2.563623e+01 6.681509e+02
      vertex   -1.128375e+01 -2.626645e+01 6.685125e+02
      vertex   -1.131401e+01 -2.563926e+01 6.681456e+02
    endloop
  endfacet
  facet normal 1.466841e-01 -4.941963e-01 -8.568861e-01
    outer loop
      vertex   -1.131401e+01 -2.563926e+01 6.681456e+02
      vertex   -1.128375e+01 -2.626645e+01 6.685125e+02
      vertex   -1.132258e+01 -2.627282e+01 6.685096e+02
    endloop
  endfacet
  facet normal 2.430985e-01 -4.856221e-01 -8.396870e-01
    outer loop
      vertex   -1.131401e+01 -2.563926e+01 6.681456e+02
      vertex   -1.132258e+01 -2.627282e+01 6.685096e+02
      vertex   -1.136066e+01 -2.628337e+01 6.685046e+02
    endloop
  endfacet
  facet normal 2.588186e-01 -4.844984e-01 -8.356280e-01
    outer loop
      vertex   -1.131401e+01 -2.563926e+01 6.681456e+02
      vertex   -1.136066e+01 -2.628337e+01 6.685046e+02
      vertex   -1.138136e+01 -2.564829e+01 6.681300e+02
    endloop
  endfacet
  facet normal 3.367474e-01 -4.702423e-01 -8.157655e-01
    outer loop
      vertex   -1.138136e+01 -2.564829e+01 6.681300e+02
      vertex   -1.136066e+01 -2.628337e+01 6.685046e+02
      vertex   -1.139762e+01 -2.629800e+01 6.684978e+02
    endloop
  endfacet
  facet normal 4.226178e-01 -4.544774e-01 -7.841202e-01
    outer loop
      vertex   -1.138136e+01 -2.564829e+01 6.681300e+02
      vertex   -1.139762e+01 -2.629800e+01 6.684978e+02
      vertex   -1.144455e+01 -2.566302e+01 6.681045e+02
    endloop
  endfacet
  facet normal 4.278588e-01 -4.528951e-01 -7.821911e-01
    outer loop
      vertex   -1.144455e+01 -2.566302e+01 6.681045e+02
      vertex   -1.139762e+01 -2.629800e+01 6.684978e+02
      vertex   -1.143311e+01 -2.631657e+01 6.684892e+02
    endloop
  endfacet
  facet normal 5.139294e-01 -4.284301e-01 -7.431852e-01
    outer loop
      vertex   -1.144455e+01 -2.566302e+01 6.681045e+02
      vertex   -1.143311e+01 -2.631657e+01 6.684892e+02
      vertex   -1.146678e+01 -2.633890e+01 6.684787e+02
    endloop
  endfacet
  facet normal 5.735755e-01 -4.111751e-01 -7.084816e-01
    outer loop
      vertex   -1.144455e+01 -2.566302e+01 6.681045e+02
      vertex   -1.146678e+01 -2.633890e+01 6.684787e+02
      vertex   -1.150166e+01 -2.568302e+01 6.680699e+02
    endloop
  endfacet
  facet normal 5.958001e-01 -4.018269e-01 -6.953829e-01
    outer loop
      vertex   -1.150166e+01 -2.568302e+01 6.680699e+02
      vertex   -1.146678e+01 -2.633890e+01 6.684787e+02
      vertex   -1.149831e+01 -2.636477e+01 6.684667e+02
    endloop
  endfacet
  facet normal 6.714751e-01 -3.703051e-01 -6.418686e-01
    outer loop
      vertex   -1.150166e+01 -2.568302e+01 6.680699e+02
      vertex   -1.149831e+01 -2.636477e+01 6.684667e+02
      vertex   -1.152739e+01 -2.639394e+01 6.684531e+02
    endloop
  endfacet
  facet normal 7.071055e-01 -3.551856e-01 -6.114286e-01
    outer loop
      vertex   -1.150166e+01 -2.568302e+01 6.680699e+02
      vertex   -1.152739e+01 -2.639394e+01 6.684531e+02
      vertex   -1.155097e+01 -2.570767e+01 6.680272e+02
    endloop
  endfacet
  facet normal 7.408708e-01 -3.356241e-01 -5.817792e-01
    outer loop
      vertex   -1.155097e+01 -2.570767e+01 6.680272e+02
      vertex   -1.152739e+01 -2.639394e+01 6.684531e+02
      vertex   -1.155375e+01 -2.642612e+01 6.684381e+02
    endloop
  endfacet
  facet normal 8.033041e-01 -2.980342e-01 -5.156338e-01
    outer loop
      vertex   -1.155097e+01 -2.570767e+01 6.680272e+02
      vertex   -1.155375e+01 -2.642612e+01 6.684381e+02
      vertex   -1.157714e+01 -2.646100e+01 6.684218e+02
    endloop
  endfacet
  facet normal 8.191509e-01 -2.882421e-01 -4.958914e-01
    outer loop
      vertex   -1.155097e+01 -2.570767e+01 6.680272e+02
      vertex   -1.157714e+01 -2.646100e+01 6.684218e+02
      vertex   -1.159096e+01 -2.573623e+01 6.679777e+02
    endloop
  endfacet
  facet normal 8.813433e-01 -2.345239e-01 -4.101615e-01
    outer loop
      vertex   -1.159096e+01 -2.573623e+01 6.679777e+02
      vertex   -1.157714e+01 -2.646100e+01 6.684218e+02
      vertex   -1.161410e+01 -2.653751e+01 6.683861e+02
    endloop
  endfacet
  facet normal 9.063071e-01 -2.124095e-01 -3.653624e-01
    outer loop
      vertex   -1.159096e+01 -2.573623e+01 6.679777e+02
      vertex   -1.161410e+01 -2.653751e+01 6.683861e+02
      vertex   -1.162042e+01 -2.576782e+01 6.679230e+02
    endloop
  endfacet
  facet normal 9.566542e-01 -1.443440e-01 -2.529377e-01
    outer loop
      vertex   -1.162042e+01 -2.576782e+01 6.679230e+02
      vertex   -1.161410e+01 -2.653751e+01 6.683861e+02
      vertex   -1.163686e+01 -2.662053e+01 6.683474e+02
    endloop
  endfacet
  facet normal 9.659256e-01 -1.300159e-01 -2.237937e-01
    outer loop
      vertex   -1.162042e+01 -2.576782e+01 6.679230e+02
      vertex   -1.163686e+01 -2.662053e+01 6.683474e+02
      vertex   -1.163847e+01 -2.580150e+01 6.678646e+02
    endloop
  endfacet
  facet normal 9.951300e-01 -4.859575e-02 -8.576018e-02
    outer loop
      vertex   -1.163847e+01 -2.580150e+01 6.678646e+02
      vertex   -1.163686e+01 -2.662053e+01 6.683474e+02
      vertex   -1.164455e+01 -2.670687e+01 6.683072e+02
    endloop
  endfacet
  facet normal 9.961947e-01 -4.357787e-02 -7.547909e-02
    outer loop
      vertex   -1.163847e+01 -2.580150e+01 6.678646e+02
      vertex   -1.164455e+01 -2.670687e+01 6.683072e+02
      vertex   -1.164455e+01 -2.583623e+01 6.678045e+02
    endloop
  endfacet
  facet normal 9.659256e-01 1.288656e-01 2.244578e-01
    outer loop
      vertex   -1.163847e+01 -2.587096e+01 6.677443e+02
      vertex   -1.163686e+01 -2.679321e+01 6.682669e+02
      vertex   -1.162042e+01 -2.590463e+01 6.676860e+02
    endloop
  endfacet
  facet normal 9.571745e-01 1.458018e-01 2.501174e-01
    outer loop
      vertex   -1.162042e+01 -2.590463e+01 6.676860e+02
      vertex   -1.163686e+01 -2.679321e+01 6.682669e+02
      vertex   -1.161410e+01 -2.687623e+01 6.682282e+02
    endloop
  endfacet
  facet normal 9.063073e-01 2.104205e-01 3.665109e-01
    outer loop
      vertex   -1.162042e+01 -2.590463e+01 6.676860e+02
      vertex   -1.161410e+01 -2.687623e+01 6.682282e+02
      vertex   -1.159096e+01 -2.593623e+01 6.676313e+02
    endloop
  endfacet
  facet normal 8.823552e-01 2.365858e-01 4.067879e-01
    outer loop
      vertex   -1.159096e+01 -2.593623e+01 6.676313e+02
      vertex   -1.161410e+01 -2.687623e+01 6.682282e+02
      vertex   -1.157714e+01 -2.695275e+01 6.681925e+02
    endloop
  endfacet
  facet normal 8.191514e-01 2.857236e-01 4.973459e-01
    outer loop
      vertex   -1.159096e+01 -2.593623e+01 6.676313e+02
      vertex   -1.157714e+01 -2.695275e+01 6.681925e+02
      vertex   -1.155097e+01 -2.596478e+01 6.675818e+02
    endloop
  endfacet
  facet normal 8.031403e-01 2.977212e-01 5.160695e-01
    outer loop
      vertex   -1.155097e+01 -2.596478e+01 6.675818e+02
      vertex   -1.157714e+01 -2.695275e+01 6.681925e+02
      vertex   -1.155375e+01 -2.698763e+01 6.681762e+02
    endloop
  endfacet
  facet normal 7.410071e-01 3.358877e-01 5.814534e-01
    outer loop
      vertex   -1.155097e+01 -2.596478e+01 6.675818e+02
      vertex   -1.155375e+01 -2.698763e+01 6.681762e+02
      vertex   -1.152739e+01 -2.701981e+01 6.681612e+02
    endloop
  endfacet
  facet normal 7.071062e-01 3.524577e-01 6.130044e-01
    outer loop
      vertex   -1.155097e+01 -2.596478e+01 6.675818e+02
      vertex   -1.152739e+01 -2.701981e+01 6.681612e+02
      vertex   -1.150166e+01 -2.598944e+01 6.675391e+02
    endloop
  endfacet
  facet normal 6.716133e-01 3.705860e-01 6.415618e-01
    outer loop
      vertex   -1.150166e+01 -2.598944e+01 6.675391e+02
      vertex   -1.152739e+01 -2.701981e+01 6.681612e+02
      vertex   -1.149831e+01 -2.704898e+01 6.681476e+02
    endloop
  endfacet
  facet normal 5.956340e-01 4.014591e-01 6.957375e-01
    outer loop
      vertex   -1.150166e+01 -2.598944e+01 6.675391e+02
      vertex   -1.149831e+01 -2.704898e+01 6.681476e+02
      vertex   -1.146678e+01 -2.707485e+01 6.681356e+02
    endloop
  endfacet
  facet normal 5.735761e-01 4.085777e-01 7.099822e-01
    outer loop
      vertex   -1.150166e+01 -2.598944e+01 6.675391e+02
      vertex   -1.146678e+01 -2.707485e+01 6.681356e+02
      vertex   -1.144455e+01 -2.600943e+01 6.675045e+02
    endloop
  endfacet
  facet normal 5.142087e-01 4.291298e-01 7.425881e-01
    outer loop
      vertex   -1.144455e+01 -2.600943e+01 6.675045e+02
      vertex   -1.146678e+01 -2.707485e+01 6.681356e+02
      vertex   -1.143311e+01 -2.709718e+01 6.681252e+02
    endloop
  endfacet
  facet normal 4.273694e-01 4.514446e-01 7.832964e-01
    outer loop
      vertex   -1.144455e+01 -2.600943e+01 6.675045e+02
      vertex   -1.143311e+01 -2.709718e+01 6.681252e+02
      vertex   -1.139762e+01 -2.711574e+01 6.681165e+02
    endloop
  endfacet
  facet normal 4.226181e-01 4.523717e-01 7.853367e-01
    outer loop
      vertex   -1.144455e+01 -2.600943e+01 6.675045e+02
      vertex   -1.139762e+01 -2.711574e+01 6.681165e+02
      vertex   -1.138136e+01 -2.602416e+01 6.674790e+02
    endloop
  endfacet
  facet normal 3.369732e-01 4.710820e-01 8.151876e-01
    outer loop
      vertex   -1.138136e+01 -2.602416e+01 6.674790e+02
      vertex   -1.139762e+01 -2.711574e+01 6.681165e+02
      vertex   -1.136066e+01 -2.713038e+01 6.681097e+02
    endloop
  endfacet
  facet normal 2.588189e-01 4.820731e-01 8.370294e-01
    outer loop
      vertex   -1.138136e+01 -2.602416e+01 6.674790e+02
      vertex   -1.136066e+01 -2.713038e+01 6.681097e+02
      vertex   -1.131401e+01 -2.603319e+01 6.674633e+02
    endloop
  endfacet
  facet normal 2.429128e-01 4.846704e-01 8.402904e-01
    outer loop
      vertex   -1.131401e+01 -2.603319e+01 6.674633e+02
      vertex   -1.136066e+01 -2.713038e+01 6.681097e+02
      vertex   -1.132258e+01 -2.714093e+01 6.681048e+02
    endloop
  endfacet
  facet normal 1.467569e-01 4.948115e-01 8.565185e-01
    outer loop
      vertex   -1.131401e+01 -2.603319e+01 6.674633e+02
      vertex   -1.132258e+01 -2.714093e+01 6.681048e+02
      vertex   -1.128375e+01 -2.714730e+01 6.681018e+02
    endloop
  endfacet
  facet normal 8.715568e-02 4.970865e-01 8.633128e-01
    outer loop
      vertex   -1.131401e+01 -2.603319e+01 6.674633e+02
      vertex   -1.128375e+01 -2.714730e+01 6.681018e+02
      vertex   -1.124455e+01 -2.603623e+01 6.674581e+02
    endloop
  endfacet
  facet normal -4.906767e-02 4.993977e-01 8.649822e-01
    outer loop
      vertex   -1.120534e+01 -2.429280e+01 6.664537e+02
      vertex   -1.124455e+01 -2.429493e+01 6.664527e+02
      vertex   -1.124455e+01 -2.492302e+01 6.668154e+02
    endloop
  endfacet
  facet normal 4.906767e-02 4.993977e-01 8.649822e-01
    outer loop
      vertex   -1.124455e+01 -2.492302e+01 6.668154e+02
      vertex   -1.124455e+01 -2.429493e+01 6.664527e+02
      vertex   -1.128375e+01 -2.429280e+01 6.664537e+02
    endloop
  endfacet
  facet normal 8.715556e-02 4.998821e-01 8.616970e-01
    outer loop
      vertex   -1.124455e+01 -2.492302e+01 6.668154e+02
      vertex   -1.128375e+01 -2.429280e+01 6.664537e+02
      vertex   -1.131401e+01 -2.491998e+01 6.668206e+02
    endloop
  endfacet
  facet normal 1.466841e-01 4.941963e-01 8.568861e-01
    outer loop
      vertex   -1.131401e+01 -2.491998e+01 6.668206e+02
      vertex   -1.128375e+01 -2.429280e+01 6.664537e+02
      vertex   -1.132258e+01 -2.428643e+01 6.664567e+02
    endloop
  endfacet
  facet normal 2.430985e-01 4.856221e-01 8.396870e-01
    outer loop
      vertex   -1.131401e+01 -2.491998e+01 6.668206e+02
      vertex   -1.132258e+01 -2.428643e+01 6.664567e+02
      vertex   -1.136066e+01 -2.427588e+01 6.664616e+02
    endloop
  endfacet
  facet normal 2.588186e-01 4.844984e-01 8.356280e-01
    outer loop
      vertex   -1.131401e+01 -2.491998e+01 6.668206e+02
      vertex   -1.136066e+01 -2.427588e+01 6.664616e+02
      vertex   -1.138136e+01 -2.491096e+01 6.668363e+02
    endloop
  endfacet
  facet normal 3.367474e-01 4.702423e-01 8.157655e-01
    outer loop
      vertex   -1.138136e+01 -2.491096e+01 6.668363e+02
      vertex   -1.136066e+01 -2.427588e+01 6.664616e+02
      vertex   -1.139762e+01 -2.426125e+01 6.664685e+02
    endloop
  endfacet
  facet normal 4.226178e-01 4.544774e-01 7.841202e-01
    outer loop
      vertex   -1.138136e+01 -2.491096e+01 6.668363e+02
      vertex   -1.139762e+01 -2.426125e+01 6.664685e+02
      vertex   -1.144455e+01 -2.489623e+01 6.668618e+02
    endloop
  endfacet
  facet normal 4.278588e-01 4.528951e-01 7.821911e-01
    outer loop
      vertex   -1.144455e+01 -2.489623e+01 6.668618e+02
      vertex   -1.139762e+01 -2.426125e+01 6.664685e+02
      vertex   -1.143311e+01 -2.424268e+01 6.664771e+02
    endloop
  endfacet
  facet normal 5.139294e-01 4.284301e-01 7.431852e-01
    outer loop
      vertex   -1.144455e+01 -2.489623e+01 6.668618e+02
      vertex   -1.143311e+01 -2.424268e+01 6.664771e+02
      vertex   -1.146678e+01 -2.422035e+01 6.664875e+02
    endloop
  endfacet
  facet normal 5.735755e-01 4.111751e-01 7.084816e-01
    outer loop
      vertex   -1.144455e+01 -2.489623e+01 6.668618e+02
      vertex   -1.146678e+01 -2.422035e+01 6.664875e+02
      vertex   -1.150166e+01 -2.487623e+01 6.668964e+02
    endloop
  endfacet
  facet normal 5.958001e-01 4.018269e-01 6.953829e-01
    outer loop
      vertex   -1.150166e+01 -2.487623e+01 6.668964e+02
      vertex   -1.146678e+01 -2.422035e+01 6.664875e+02
      vertex   -1.149831e+01 -2.419448e+01 6.664996e+02
    endloop
  endfacet
  facet normal 6.714751e-01 3.703051e-01 6.418686e-01
    outer loop
      vertex   -1.150166e+01 -2.487623e+01 6.668964e+02
      vertex   -1.149831e+01 -2.419448e+01 6.664996e+02
      vertex   -1.152739e+01 -2.416531e+01 6.665132e+02
    endloop
  endfacet
  facet normal 7.071055e-01 3.551856e-01 6.114286e-01
    outer loop
      vertex   -1.150166e+01 -2.487623e+01 6.668964e+02
      vertex   -1.152739e+01 -2.416531e+01 6.665132e+02
      vertex   -1.155097e+01 -2.485158e+01 6.669391e+02
    endloop
  endfacet
  facet normal 7.408708e-01 3.356241e-01 5.817792e-01
    outer loop
      vertex   -1.155097e+01 -2.485158e+01 6.669391e+02
      vertex   -1.152739e+01 -2.416531e+01 6.665132e+02
      vertex   -1.155375e+01 -2.413313e+01 6.665282e+02
    endloop
  endfacet
  facet normal 8.033041e-01 2.980342e-01 5.156338e-01
    outer loop
      vertex   -1.155097e+01 -2.485158e+01 6.669391e+02
      vertex   -1.155375e+01 -2.413313e+01 6.665282e+02
      vertex   -1.157714e+01 -2.409825e+01 6.665445e+02
    endloop
  endfacet
  facet normal 8.191509e-01 2.882421e-01 4.958914e-01
    outer loop
      vertex   -1.155097e+01 -2.485158e+01 6.669391e+02
      vertex   -1.157714e+01 -2.409825e+01 6.665445e+02
      vertex   -1.159096e+01 -2.482302e+01 6.669886e+02
    endloop
  endfacet
  facet normal 8.813433e-01 2.345239e-01 4.101615e-01
    outer loop
      vertex   -1.159096e+01 -2.482302e+01 6.669886e+02
      vertex   -1.157714e+01 -2.409825e+01 6.665445e+02
      vertex   -1.161410e+01 -2.402173e+01 6.665801e+02
    endloop
  endfacet
  facet normal 9.063071e-01 2.124095e-01 3.653624e-01
    outer loop
      vertex   -1.159096e+01 -2.482302e+01 6.669886e+02
      vertex   -1.161410e+01 -2.402173e+01 6.665801e+02
      vertex   -1.162042e+01 -2.479142e+01 6.670433e+02
    endloop
  endfacet
  facet normal 9.566542e-01 1.443440e-01 2.529377e-01
    outer loop
      vertex   -1.162042e+01 -2.479142e+01 6.670433e+02
      vertex   -1.161410e+01 -2.402173e+01 6.665801e+02
      vertex   -1.163686e+01 -2.393871e+01 6.666189e+02
    endloop
  endfacet
  facet normal 9.659256e-01 1.300159e-01 2.237937e-01
    outer loop
      vertex   -1.162042e+01 -2.479142e+01 6.670433e+02
      vertex   -1.163686e+01 -2.393871e+01 6.666189e+02
      vertex   -1.163847e+01 -2.475775e+01 6.671016e+02
    endloop
  endfacet
  facet normal 9.951300e-01 4.859575e-02 8.576018e-02
    outer loop
      vertex   -1.163847e+01 -2.475775e+01 6.671016e+02
      vertex   -1.163686e+01 -2.393871e+01 6.666189e+02
      vertex   -1.164455e+01 -2.385237e+01 6.666591e+02
    endloop
  endfacet
  facet normal -9.952336e-01 -4.938329e-02 -8.409107e-02
    outer loop
      vertex   -1.085223e+01 -2.376604e+01 6.666994e+02
      vertex   -1.084455e+01 -2.385237e+01 6.666591e+02
      vertex   -1.085062e+01 -2.468829e+01 6.672219e+02
    endloop
  endfacet
  facet normal -9.961947e-01 -4.357787e-02 -7.547909e-02
    outer loop
      vertex   -1.085062e+01 -2.468829e+01 6.672219e+02
      vertex   -1.084455e+01 -2.385237e+01 6.666591e+02
      vertex   -1.084455e+01 -2.472302e+01 6.671618e+02
    endloop
  endfacet
  facet normal -9.961947e-01 -4.357787e-02 -7.547909e-02
    outer loop
      vertex   -1.085062e+01 -2.468829e+01 6.672219e+02
      vertex   -1.084455e+01 -2.472302e+01 6.671618e+02
      vertex   -1.084455e+01 -2.583623e+01 6.678045e+02
    endloop
  endfacet
  facet normal -9.961947e-01 4.357787e-02 7.547909e-02
    outer loop
      vertex   -1.084455e+01 -2.583623e+01 6.678045e+02
      vertex   -1.084455e+01 -2.472302e+01 6.671618e+02
      vertex   -1.085062e+01 -2.587096e+01 6.677443e+02
    endloop
  endfacet
  facet normal -9.961947e-01 4.357787e-02 7.547909e-02
    outer loop
      vertex   -1.084455e+01 -2.472302e+01 6.671618e+02
      vertex   -1.084455e+01 -2.385237e+01 6.666591e+02
      vertex   -1.085062e+01 -2.475775e+01 6.671016e+02
    endloop
  endfacet
  facet normal -9.951300e-01 4.859575e-02 8.576018e-02
    outer loop
      vertex   -1.085062e+01 -2.475775e+01 6.671016e+02
      vertex   -1.084455e+01 -2.385237e+01 6.666591e+02
      vertex   -1.085223e+01 -2.393871e+01 6.666189e+02
    endloop
  endfacet
  facet normal -9.659256e-01 1.300159e-01 2.237937e-01
    outer loop
      vertex   -1.085062e+01 -2.475775e+01 6.671016e+02
      vertex   -1.085223e+01 -2.393871e+01 6.666189e+02
      vertex   -1.086867e+01 -2.479142e+01 6.670433e+02
    endloop
  endfacet
  facet normal -9.566542e-01 1.443440e-01 2.529377e-01
    outer loop
      vertex   -1.086867e+01 -2.479142e+01 6.670433e+02
      vertex   -1.085223e+01 -2.393871e+01 6.666189e+02
      vertex   -1.087500e+01 -2.402173e+01 6.665801e+02
    endloop
  endfacet
  facet normal -9.063071e-01 2.124095e-01 3.653624e-01
    outer loop
      vertex   -1.086867e+01 -2.479142e+01 6.670433e+02
      vertex   -1.087500e+01 -2.402173e+01 6.665801e+02
      vertex   -1.089814e+01 -2.482302e+01 6.669886e+02
    endloop
  endfacet
  facet normal -8.813433e-01 2.345239e-01 4.101615e-01
    outer loop
      vertex   -1.089814e+01 -2.482302e+01 6.669886e+02
      vertex   -1.087500e+01 -2.402173e+01 6.665801e+02
      vertex   -1.091196e+01 -2.409825e+01 6.665445e+02
    endloop
  endfacet
  facet normal -8.191509e-01 2.882421e-01 4.958914e-01
    outer loop
      vertex   -1.089814e+01 -2.482302e+01 6.669886e+02
      vertex   -1.091196e+01 -2.409825e+01 6.665445e+02
      vertex   -1.093813e+01 -2.485158e+01 6.669391e+02
    endloop
  endfacet
  facet normal -8.033041e-01 2.980342e-01 5.156338e-01
    outer loop
      vertex   -1.093813e+01 -2.485158e+01 6.669391e+02
      vertex   -1.091196e+01 -2.409825e+01 6.665445e+02
      vertex   -1.093534e+01 -2.413313e+01 6.665282e+02
    endloop
  endfacet
  facet normal -7.408708e-01 3.356241e-01 5.817792e-01
    outer loop
      vertex   -1.093813e+01 -2.485158e+01 6.669391e+02
      vertex   -1.093534e+01 -2.413313e+01 6.665282e+02
      vertex   -1.096171e+01 -2.416531e+01 6.665132e+02
    endloop
  endfacet
  facet normal -7.071055e-01 3.551856e-01 6.114286e-01
    outer loop
      vertex   -1.093813e+01 -2.485158e+01 6.669391e+02
      vertex   -1.096171e+01 -2.416531e+01 6.665132e+02
      vertex   -1.098743e+01 -2.487623e+01 6.668964e+02
    endloop
  endfacet
  facet normal -6.714751e-01 3.703051e-01 6.418686e-01
    outer loop
      vertex   -1.098743e+01 -2.487623e+01 6.668964e+02
      vertex   -1.096171e+01 -2.416531e+01 6.665132e+02
      vertex   -1.099079e+01 -2.419448e+01 6.664996e+02
    endloop
  endfacet
  facet normal -5.958001e-01 4.018269e-01 6.953829e-01
    outer loop
      vertex   -1.098743e+01 -2.487623e+01 6.668964e+02
      vertex   -1.099079e+01 -2.419448e+01 6.664996e+02
      vertex   -1.102232e+01 -2.422035e+01 6.664875e+02
    endloop
  endfacet
  facet normal -5.735755e-01 4.111751e-01 7.084816e-01
    outer loop
      vertex   -1.098743e+01 -2.487623e+01 6.668964e+02
      vertex   -1.102232e+01 -2.422035e+01 6.664875e+02
      vertex   -1.104455e+01 -2.489623e+01 6.668618e+02
    endloop
  endfacet
  facet normal -5.139294e-01 4.284301e-01 7.431852e-01
    outer loop
      vertex   -1.104455e+01 -2.489623e+01 6.668618e+02
      vertex   -1.102232e+01 -2.422035e+01 6.664875e+02
      vertex   -1.105599e+01 -2.424268e+01 6.664771e+02
    endloop
  endfacet
  facet normal -4.278588e-01 4.528951e-01 7.821911e-01
    outer loop
      vertex   -1.104455e+01 -2.489623e+01 6.668618e+02
      vertex   -1.105599e+01 -2.424268e+01 6.664771e+02
      vertex   -1.109147e+01 -2.426125e+01 6.664685e+02
    endloop
  endfacet
  facet normal -4.226178e-01 4.544774e-01 7.841202e-01
    outer loop
      vertex   -1.104455e+01 -2.489623e+01 6.668618e+02
      vertex   -1.109147e+01 -2.426125e+01 6.664685e+02
      vertex   -1.110774e+01 -2.491096e+01 6.668363e+02
    endloop
  endfacet
  facet normal -3.367474e-01 4.702423e-01 8.157655e-01
    outer loop
      vertex   -1.110774e+01 -2.491096e+01 6.668363e+02
      vertex   -1.109147e+01 -2.426125e+01 6.664685e+02
      vertex   -1.112843e+01 -2.427588e+01 6.664616e+02
    endloop
  endfacet
  facet normal -2.588186e-01 4.844984e-01 8.356280e-01
    outer loop
      vertex   -1.110774e+01 -2.491096e+01 6.668363e+02
      vertex   -1.112843e+01 -2.427588e+01 6.664616e+02
      vertex   -1.117509e+01 -2.491998e+01 6.668206e+02
    endloop
  endfacet
  facet normal -2.430985e-01 4.856221e-01 8.396870e-01
    outer loop
      vertex   -1.117509e+01 -2.491998e+01 6.668206e+02
      vertex   -1.112843e+01 -2.427588e+01 6.664616e+02
      vertex   -1.116651e+01 -2.428643e+01 6.664567e+02
    endloop
  endfacet
  facet normal -1.466841e-01 4.941963e-01 8.568861e-01
    outer loop
      vertex   -1.117509e+01 -2.491998e+01 6.668206e+02
      vertex   -1.116651e+01 -2.428643e+01 6.664567e+02
      vertex   -1.120534e+01 -2.429280e+01 6.664537e+02
    endloop
  endfacet
  facet normal -8.715556e-02 4.998821e-01 8.616970e-01
    outer loop
      vertex   -1.117509e+01 -2.491998e+01 6.668206e+02
      vertex   -1.120534e+01 -2.429280e+01 6.664537e+02
      vertex   -1.124455e+01 -2.492302e+01 6.668154e+02
    endloop
  endfacet
  facet normal 9.961947e-01 -4.357787e-02 -7.547909e-02
    outer loop
      vertex   -1.164455e+01 -2.583623e+01 6.678045e+02
      vertex   -1.164455e+01 -2.472302e+01 6.671618e+02
      vertex   -1.163847e+01 -2.580150e+01 6.678646e+02
    endloop
  endfacet
  facet normal 9.961947e-01 -4.357787e-02 -7.547909e-02
    outer loop
      vertex   -1.163847e+01 -2.580150e+01 6.678646e+02
      vertex   -1.164455e+01 -2.472302e+01 6.671618e+02
      vertex   -1.163847e+01 -2.468829e+01 6.672219e+02
    endloop
  endfacet
  facet normal 9.659258e-01 -1.294095e-01 -2.241439e-01
    outer loop
      vertex   -1.163847e+01 -2.580150e+01 6.678646e+02
      vertex   -1.163847e+01 -2.468829e+01 6.672219e+02
      vertex   -1.162042e+01 -2.576782e+01 6.679230e+02
    endloop
  endfacet
  facet normal 9.659258e-01 -1.294095e-01 -2.241439e-01
    outer loop
      vertex   -1.162042e+01 -2.576782e+01 6.679230e+02
      vertex   -1.163847e+01 -2.468829e+01 6.672219e+02
      vertex   -1.162042e+01 -2.465462e+01 6.672803e+02
    endloop
  endfacet
  facet normal 9.063078e-01 -2.113091e-01 -3.659982e-01
    outer loop
      vertex   -1.162042e+01 -2.576782e+01 6.679230e+02
      vertex   -1.162042e+01 -2.465462e+01 6.672803e+02
      vertex   -1.159096e+01 -2.573623e+01 6.679777e+02
    endloop
  endfacet
  facet normal 9.063078e-01 -2.113091e-01 -3.659982e-01
    outer loop
      vertex   -1.159096e+01 -2.573623e+01 6.679777e+02
      vertex   -1.162042e+01 -2.465462e+01 6.672803e+02
      vertex   -1.159096e+01 -2.462302e+01 6.673350e+02
    endloop
  endfacet
  facet normal 8.191520e-01 -2.867882e-01 -4.967318e-01
    outer loop
      vertex   -1.159096e+01 -2.573623e+01 6.679777e+02
      vertex   -1.159096e+01 -2.462302e+01 6.673350e+02
      vertex   -1.155097e+01 -2.570767e+01 6.680272e+02
    endloop
  endfacet
  facet normal 8.191520e-01 -2.867882e-01 -4.967318e-01
    outer loop
      vertex   -1.155097e+01 -2.570767e+01 6.680272e+02
      vertex   -1.159096e+01 -2.462302e+01 6.673350e+02
      vertex   -1.155097e+01 -2.459446e+01 6.673845e+02
    endloop
  endfacet
  facet normal 7.071068e-01 -3.535534e-01 -6.123724e-01
    outer loop
      vertex   -1.155097e+01 -2.570767e+01 6.680272e+02
      vertex   -1.155097e+01 -2.459446e+01 6.673845e+02
      vertex   -1.150166e+01 -2.568302e+01 6.680699e+02
    endloop
  endfacet
  facet normal 7.071068e-01 -3.535534e-01 -6.123724e-01
    outer loop
      vertex   -1.150166e+01 -2.568302e+01 6.680699e+02
      vertex   -1.155097e+01 -2.459446e+01 6.673845e+02
      vertex   -1.150166e+01 -2.456981e+01 6.674271e+02
    endloop
  endfacet
  facet normal 5.735764e-01 -4.095760e-01 -7.094065e-01
    outer loop
      vertex   -1.150166e+01 -2.568302e+01 6.680699e+02
      vertex   -1.150166e+01 -2.456981e+01 6.674271e+02
      vertex   -1.144455e+01 -2.566302e+01 6.681045e+02
    endloop
  endfacet
  facet normal 5.735764e-01 -4.095760e-01 -7.094065e-01
    outer loop
      vertex   -1.144455e+01 -2.566302e+01 6.681045e+02
      vertex   -1.150166e+01 -2.456981e+01 6.674271e+02
      vertex   -1.144455e+01 -2.454982e+01 6.674618e+02
    endloop
  endfacet
  facet normal 4.226183e-01 -4.531539e-01 -7.848856e-01
    outer loop
      vertex   -1.144455e+01 -2.566302e+01 6.681045e+02
      vertex   -1.144455e+01 -2.454982e+01 6.674618e+02
      vertex   -1.138136e+01 -2.564829e+01 6.681300e+02
    endloop
  endfacet
  facet normal 4.226183e-01 -4.531539e-01 -7.848856e-01
    outer loop
      vertex   -1.138136e+01 -2.564829e+01 6.681300e+02
      vertex   -1.144455e+01 -2.454982e+01 6.674618e+02
      vertex   -1.138136e+01 -2.453508e+01 6.674873e+02
    endloop
  endfacet
  facet normal 2.588190e-01 -4.829629e-01 -8.365163e-01
    outer loop
      vertex   -1.138136e+01 -2.564829e+01 6.681300e+02
      vertex   -1.138136e+01 -2.453508e+01 6.674873e+02
      vertex   -1.131401e+01 -2.563926e+01 6.681456e+02
    endloop
  endfacet
  facet normal 2.588190e-01 -4.829629e-01 -8.365163e-01
    outer loop
      vertex   -1.131401e+01 -2.563926e+01 6.681456e+02
      vertex   -1.138136e+01 -2.453508e+01 6.674873e+02
      vertex   -1.131401e+01 -2.452606e+01 6.675029e+02
    endloop
  endfacet
  facet normal 8.715574e-02 -4.980973e-01 -8.627299e-01
    outer loop
      vertex   -1.131401e+01 -2.563926e+01 6.681456e+02
      vertex   -1.131401e+01 -2.452606e+01 6.675029e+02
      vertex   -1.124455e+01 -2.563623e+01 6.681509e+02
    endloop
  endfacet
  facet normal 8.715574e-02 -4.980973e-01 -8.627299e-01
    outer loop
      vertex   -1.124455e+01 -2.563623e+01 6.681509e+02
      vertex   -1.131401e+01 -2.452606e+01 6.675029e+02
      vertex   -1.124455e+01 -2.452302e+01 6.675082e+02
    endloop
  endfacet
  facet normal -8.715574e-02 -4.980973e-01 -8.627299e-01
    outer loop
      vertex   -1.124455e+01 -2.563623e+01 6.681509e+02
      vertex   -1.124455e+01 -2.452302e+01 6.675082e+02
      vertex   -1.117509e+01 -2.563926e+01 6.681456e+02
    endloop
  endfacet
  facet normal -8.715574e-02 -4.980973e-01 -8.627299e-01
    outer loop
      vertex   -1.117509e+01 -2.563926e+01 6.681456e+02
      vertex   -1.124455e+01 -2.452302e+01 6.675082e+02
      vertex   -1.117509e+01 -2.452606e+01 6.675029e+02
    endloop
  endfacet
  facet normal -2.588190e-01 -4.829629e-01 -8.365163e-01
    outer loop
      vertex   -1.117509e+01 -2.563926e+01 6.681456e+02
      vertex   -1.117509e+01 -2.452606e+01 6.675029e+02
      vertex   -1.110774e+01 -2.564829e+01 6.681300e+02
    endloop
  endfacet
  facet normal -2.588190e-01 -4.829629e-01 -8.365163e-01
    outer loop
      vertex   -1.110774e+01 -2.564829e+01 6.681300e+02
      vertex   -1.117509e+01 -2.452606e+01 6.675029e+02
      vertex   -1.110774e+01 -2.453508e+01 6.674873e+02
    endloop
  endfacet
  facet normal -4.226183e-01 -4.531539e-01 -7.848856e-01
    outer loop
      vertex   -1.110774e+01 -2.564829e+01 6.681300e+02
      vertex   -1.110774e+01 -2.453508e+01 6.674873e+02
      vertex   -1.104455e+01 -2.566302e+01 6.681045e+02
    endloop
  endfacet
  facet normal -4.226183e-01 -4.531539e-01 -7.848856e-01
    outer loop
      vertex   -1.104455e+01 -2.566302e+01 6.681045e+02
      vertex   -1.110774e+01 -2.453508e+01 6.674873e+02
      vertex   -1.104455e+01 -2.454982e+01 6.674618e+02
    endloop
  endfacet
  facet normal -5.735764e-01 -4.095760e-01 -7.094065e-01
    outer loop
      vertex   -1.104455e+01 -2.566302e+01 6.681045e+02
      vertex   -1.104455e+01 -2.454982e+01 6.674618e+02
      vertex   -1.098743e+01 -2.568302e+01 6.680699e+02
    endloop
  endfacet
  facet normal -5.735764e-01 -4.095760e-01 -7.094065e-01
    outer loop
      vertex   -1.098743e+01 -2.568302e+01 6.680699e+02
      vertex   -1.104455e+01 -2.454982e+01 6.674618e+02
      vertex   -1.098743e+01 -2.456981e+01 6.674271e+02
    endloop
  endfacet
  facet normal -7.071068e-01 -3.535534e-01 -6.123724e-01
    outer loop
      vertex   -1.098743e+01 -2.568302e+01 6.680699e+02
      vertex   -1.098743e+01 -2.456981e+01 6.674271e+02
      vertex   -1.093813e+01 -2.570767e+01 6.680272e+02
    endloop
  endfacet
  facet normal -8.715574e-02 4.980973e-01 8.627299e-01
    outer loop
      vertex   -1.124455e+01 -2.492302e+01 6.668154e+02
      vertex   -1.124455e+01 -2.603623e+01 6.674581e+02
      vertex   -1.117509e+01 -2.491998e+01 6.668206e+02
    endloop
  endfacet
  facet normal -8.715574e-02 4.980973e-01 8.627299e-01
    outer loop
      vertex   -1.117509e+01 -2.491998e+01 6.668206e+02
      vertex   -1.124455e+01 -2.603623e+01 6.674581e+02
      vertex   -1.117509e+01 -2.603319e+01 6.674633e+02
    endloop
  endfacet
  facet normal -2.588190e-01 4.829629e-01 8.365163e-01
    outer loop
      vertex   -1.117509e+01 -2.491998e+01 6.668206e+02
      vertex   -1.117509e+01 -2.603319e+01 6.674633e+02
      vertex   -1.110774e+01 -2.491096e+01 6.668363e+02
    endloop
  endfacet
  facet normal -2.588190e-01 4.829629e-01 8.365163e-01
    outer loop
      vertex   -1.110774e+01 -2.491096e+01 6.668363e+02
      vertex   -1.117509e+01 -2.603319e+01 6.674633e+02
      vertex   -1.110774e+01 -2.602416e+01 6.674790e+02
    endloop
  endfacet
  facet normal -4.226183e-01 4.531539e-01 7.848856e-01
    outer loop
      vertex   -1.110774e+01 -2.491096e+01 6.668363e+02
      vertex   -1.110774e+01 -2.602416e+01 6.674790e+02
      vertex   -1.104455e+01 -2.489623e+01 6.668618e+02
    endloop
  endfacet
  facet normal -4.226183e-01 4.531539e-01 7.848856e-01
    outer loop
      vertex   -1.104455e+01 -2.489623e+01 6.668618e+02
      vertex   -1.110774e+01 -2.602416e+01 6.674790e+02
      vertex   -1.104455e+01 -2.600943e+01 6.675045e+02
    endloop
  endfacet
  facet normal -5.735764e-01 4.095760e-01 7.094065e-01
    outer loop
      vertex   -1.104455e+01 -2.489623e+01 6.668618e+02
      vertex   -1.104455e+01 -2.600943e+01 6.675045e+02
      vertex   -1.098743e+01 -2.487623e+01 6.668964e+02
    endloop
  endfacet
  facet normal -5.735764e-01 4.095760e-01 7.094065e-01
    outer loop
      vertex   -1.098743e+01 -2.487623e+01 6.668964e+02
      vertex   -1.104455e+01 -2.600943e+01 6.675045e+02
      vertex   -1.098743e+01 -2.598944e+01 6.675391e+02
    endloop
  endfacet
  facet normal -7.071068e-01 3.535534e-01 6.123724e-01
    outer loop
      vertex   -1.098743e+01 -2.487623e+01 6.668964e+02
      vertex   -1.098743e+01 -2.598944e+01 6.675391e+02
      vertex   -1.093813e+01 -2.485158e+01 6.669391e+02
    endloop
  endfacet
  facet normal -7.071068e-01 3.535534e-01 6.123724e-01
    outer loop
      vertex   -1.093813e+01 -2.485158e+01 6.669391e+02
      vertex   -1.098743e+01 -2.598944e+01 6.675391e+02
      vertex   -1.093813e+01 -2.596478e+01 6.675818e+02
    endloop
  endfacet
  facet normal -8.191520e-01 2.867882e-01 4.967318e-01
    outer loop
      vertex   -1.093813e+01 -2.485158e+01 6.669391e+02
      vertex   -1.093813e+01 -2.596478e+01 6.675818e+02
      vertex   -1.089814e+01 -2.482302e+01 6.669886e+02
    endloop
  endfacet
  facet normal -8.191520e-01 2.867882e-01 4.967318e-01
    outer loop
      vertex   -1.089814e+01 -2.482302e+01 6.669886e+02
      vertex   -1.093813e+01 -2.596478e+01 6.675818e+02
      vertex   -1.089814e+01 -2.593623e+01 6.676313e+02
    endloop
  endfacet
  facet normal -9.063078e-01 2.113091e-01 3.659982e-01
    outer loop
      vertex   -1.089814e+01 -2.482302e+01 6.669886e+02
      vertex   -1.089814e+01 -2.593623e+01 6.676313e+02
      vertex   -1.086867e+01 -2.479142e+01 6.670433e+02
    endloop
  endfacet
  facet normal -9.063078e-01 2.113091e-01 3.659982e-01
    outer loop
      vertex   -1.086867e+01 -2.479142e+01 6.670433e+02
      vertex   -1.089814e+01 -2.593623e+01 6.676313e+02
      vertex   -1.086867e+01 -2.590463e+01 6.676860e+02
    endloop
  endfacet
  facet normal -9.659258e-01 1.294095e-01 2.241439e-01
    outer loop
      vertex   -1.086867e+01 -2.479142e+01 6.670433e+02
      vertex   -1.086867e+01 -2.590463e+01 6.676860e+02
      vertex   -1.085062e+01 -2.475775e+01 6.671016e+02
    endloop
  endfacet
  facet normal -9.659258e-01 1.294095e-01 2.241439e-01
    outer loop
      vertex   -1.085062e+01 -2.475775e+01 6.671016e+02
      vertex   -1.086867e+01 -2.590463e+01 6.676860e+02
      vertex   -1.085062e+01 -2.587096e+01 6.677443e+02
    endloop
  endfacet
  facet normal -9.961947e-01 4.357787e-02 7.547909e-02
    outer loop
      vertex   -1.085062e+01 -2.475775e+01 6.671016e+02
      vertex   -1.085062e+01 -2.587096e+01 6.677443e+02
      vertex   -1.084455e+01 -2.472302e+01 6.671618e+02
    endloop
  endfacet
  facet normal 8.715574e-02 4.980973e-01 8.627299e-01
    outer loop
      vertex   -1.124455e+01 -2.603623e+01 6.674581e+02
      vertex   -1.124455e+01 -2.492302e+01 6.668154e+02
      vertex   -1.131401e+01 -2.603319e+01 6.674633e+02
    endloop
  endfacet
  facet normal 8.715574e-02 4.980973e-01 8.627299e-01
    outer loop
      vertex   -1.131401e+01 -2.603319e+01 6.674633e+02
      vertex   -1.124455e+01 -2.492302e+01 6.668154e+02
      vertex   -1.131401e+01 -2.491998e+01 6.668206e+02
    endloop
  endfacet
  facet normal 2.588190e-01 4.829629e-01 8.365163e-01
    outer loop
      vertex   -1.131401e+01 -2.603319e+01 6.674633e+02
      vertex   -1.131401e+01 -2.491998e+01 6.668206e+02
      vertex   -1.138136e+01 -2.602416e+01 6.674790e+02
    endloop
  endfacet
  facet normal 2.588190e-01 4.829629e-01 8.365163e-01
    outer loop
      vertex   -1.138136e+01 -2.602416e+01 6.674790e+02
      vertex   -1.131401e+01 -2.491998e+01 6.668206e+02
      vertex   -1.138136e+01 -2.491096e+01 6.668363e+02
    endloop
  endfacet
  facet normal 4.226183e-01 4.531539e-01 7.848856e-01
    outer loop
      vertex   -1.138136e+01 -2.602416e+01 6.674790e+02
      vertex   -1.138136e+01 -2.491096e+01 6.668363e+02
      vertex   -1.144455e+01 -2.600943e+01 6.675045e+02
    endloop
  endfacet
  facet normal 4.226183e-01 4.531539e-01 7.848856e-01
    outer loop
      vertex   -1.144455e+01 -2.600943e+01 6.675045e+02
      vertex   -1.138136e+01 -2.491096e+01 6.668363e+02
      vertex   -1.144455e+01 -2.489623e+01 6.668618e+02
    endloop
  endfacet
  facet normal 5.735764e-01 4.095760e-01 7.094065e-01
    outer loop
      vertex   -1.144455e+01 -2.600943e+01 6.675045e+02
      vertex   -1.144455e+01 -2.489623e+01 6.668618e+02
      vertex   -1.150166e+01 -2.598944e+01 6.675391e+02
    endloop
  endfacet
  facet normal 5.735764e-01 4.095760e-01 7.094065e-01
    outer loop
      vertex   -1.150166e+01 -2.598944e+01 6.675391e+02
      vertex   -1.144455e+01 -2.489623e+01 6.668618e+02
      vertex   -1.150166e+01 -2.487623e+01 6.668964e+02
    endloop
  endfacet
  facet normal 7.071068e-01 3.535534e-01 6.123724e-01
    outer loop
      vertex   -1.150166e+01 -2.598944e+01 6.675391e+02
      vertex   -1.150166e+01 -2.487623e+01 6.668964e+02
      vertex   -1.155097e+01 -2.596478e+01 6.675818e+02
    endloop
  endfacet
  facet normal 7.071068e-01 3.535534e-01 6.123724e-01
    outer loop
      vertex   -1.155097e+01 -2.596478e+01 6.675818e+02
      vertex   -1.150166e+01 -2.487623e+01 6.668964e+02
      vertex   -1.155097e+01 -2.485158e+01 6.669391e+02
    endloop
  endfacet
  facet normal 8.191520e-01 2.867882e-01 4.967318e-01
    outer loop
      vertex   -1.155097e+01 -2.596478e+01 6.675818e+02
      vertex   -1.155097e+01 -2.485158e+01 6.669391e+02
      vertex   -1.159096e+01 -2.593623e+01 6.676313e+02
    endloop
  endfacet
  facet normal 8.191520e-01 2.867882e-01 4.967318e-01
    outer loop
      vertex   -1.159096e+01 -2.593623e+01 6.676313e+02
      vertex   -1.155097e+01 -2.485158e+01 6.669391e+02
      vertex   -1.159096e+01 -2.482302e+01 6.669886e+02
    endloop
  endfacet
  facet normal 9.063078e-01 2.113091e-01 3.659982e-01
    outer loop
      vertex   -1.159096e+01 -2.593623e+01 6.676313e+02
      vertex   -1.159096e+01 -2.482302e+01 6.669886e+02
      vertex   -1.162042e+01 -2.590463e+01 6.676860e+02
    endloop
  endfacet
  facet normal 9.063078e-01 2.113091e-01 3.659982e-01
    outer loop
      vertex   -1.162042e+01 -2.590463e+01 6.676860e+02
      vertex   -1.159096e+01 -2.482302e+01 6.669886e+02
      vertex   -1.162042e+01 -2.479142e+01 6.670433e+02
    endloop
  endfacet
  facet normal 9.659258e-01 1.294095e-01 2.241439e-01
    outer loop
      vertex   -1.162042e+01 -2.590463e+01 6.676860e+02
      vertex   -1.162042e+01 -2.479142e+01 6.670433e+02
      vertex   -1.163847e+01 -2.587096e+01 6.677443e+02
    endloop
  endfacet
  facet normal 9.659258e-01 1.294095e-01 2.241439e-01
    outer loop
      vertex   -1.163847e+01 -2.587096e+01 6.677443e+02
      vertex   -1.162042e+01 -2.479142e+01 6.670433e+02
      vertex   -1.163847e+01 -2.475775e+01 6.671016e+02
    endloop
  endfacet
  facet normal 4.906767e-02 4.993977e-01 8.649822e-01
    outer loop
      vertex   1.046094e+01 -2.714730e+01 6.681018e+02
      vertex   1.050015e+01 -2.714943e+01 6.681008e+02
      vertex   1.050015e+01 -2.603623e+01 6.674581e+02
    endloop
  endfacet
  facet normal -4.906767e-02 4.993977e-01 8.649822e-01
    outer loop
      vertex   1.050015e+01 -2.603623e+01 6.674581e+02
      vertex   1.050015e+01 -2.714943e+01 6.681008e+02
      vertex   1.053936e+01 -2.714730e+01 6.681018e+02
    endloop
  endfacet
  facet normal -8.715568e-02 4.970865e-01 8.633128e-01
    outer loop
      vertex   1.050015e+01 -2.603623e+01 6.674581e+02
      vertex   1.053936e+01 -2.714730e+01 6.681018e+02
      vertex   1.056961e+01 -2.603319e+01 6.674633e+02
    endloop
  endfacet
  facet normal -1.467569e-01 4.948115e-01 8.565185e-01
    outer loop
      vertex   1.056961e+01 -2.603319e+01 6.674633e+02
      vertex   1.053936e+01 -2.714730e+01 6.681018e+02
      vertex   1.057819e+01 -2.714093e+01 6.681048e+02
    endloop
  endfacet
  facet normal -2.429128e-01 4.846704e-01 8.402904e-01
    outer loop
      vertex   1.056961e+01 -2.603319e+01 6.674633e+02
      vertex   1.057819e+01 -2.714093e+01 6.681048e+02
      vertex   1.061626e+01 -2.713038e+01 6.681097e+02
    endloop
  endfacet
  facet normal -2.588189e-01 4.820731e-01 8.370294e-01
    outer loop
      vertex   1.056961e+01 -2.603319e+01 6.674633e+02
      vertex   1.061626e+01 -2.713038e+01 6.681097e+02
      vertex   1.063696e+01 -2.602416e+01 6.674790e+02
    endloop
  endfacet
  facet normal -3.369732e-01 4.710820e-01 8.151876e-01
    outer loop
      vertex   1.063696e+01 -2.602416e+01 6.674790e+02
      vertex   1.061626e+01 -2.713038e+01 6.681097e+02
      vertex   1.065322e+01 -2.711574e+01 6.681165e+02
    endloop
  endfacet
  facet normal -4.226181e-01 4.523717e-01 7.853367e-01
    outer loop
      vertex   1.063696e+01 -2.602416e+01 6.674790e+02
      vertex   1.065322e+01 -2.711574e+01 6.681165e+02
      vertex   1.070015e+01 -2.600943e+01 6.675045e+02
    endloop
  endfacet
  facet normal -4.273694e-01 4.514446e-01 7.832964e-01
    outer loop
      vertex   1.070015e+01 -2.600943e+01 6.675045e+02
      vertex   1.065322e+01 -2.711574e+01 6.681165e+02
      vertex   1.068871e+01 -2.709718e+01 6.681252e+02
    endloop
  endfacet
  facet normal -5.142087e-01 4.291298e-01 7.425881e-01
    outer loop
      vertex   1.070015e+01 -2.600943e+01 6.675045e+02
      vertex   1.068871e+01 -2.709718e+01 6.681252e+02
      vertex   1.072238e+01 -2.707485e+01 6.681356e+02
    endloop
  endfacet
  facet normal -5.735761e-01 4.085777e-01 7.099822e-01
    outer loop
      vertex   1.070015e+01 -2.600943e+01 6.675045e+02
      vertex   1.072238e+01 -2.707485e+01 6.681356e+02
      vertex   1.075727e+01 -2.598944e+01 6.675391e+02
    endloop
  endfacet
  facet normal -5.956340e-01 4.014591e-01 6.957375e-01
    outer loop
      vertex   1.075727e+01 -2.598944e+01 6.675391e+02
      vertex   1.072238e+01 -2.707485e+01 6.681356e+02
      vertex   1.075391e+01 -2.704898e+01 6.681476e+02
    endloop
  endfacet
  facet normal -6.716133e-01 3.705860e-01 6.415618e-01
    outer loop
      vertex   1.075727e+01 -2.598944e+01 6.675391e+02
      vertex   1.075391e+01 -2.704898e+01 6.681476e+02
      vertex   1.078299e+01 -2.701981e+01 6.681612e+02
    endloop
  endfacet
  facet normal -7.071062e-01 3.524577e-01 6.130044e-01
    outer loop
      vertex   1.075727e+01 -2.598944e+01 6.675391e+02
      vertex   1.078299e+01 -2.701981e+01 6.681612e+02
      vertex   1.080657e+01 -2.596478e+01 6.675818e+02
    endloop
  endfacet
  facet normal -7.410071e-01 3.358877e-01 5.814534e-01
    outer loop
      vertex   1.080657e+01 -2.596478e+01 6.675818e+02
      vertex   1.078299e+01 -2.701981e+01 6.681612e+02
      vertex   1.080935e+01 -2.698763e+01 6.681762e+02
    endloop
  endfacet
  facet normal -8.031403e-01 2.977212e-01 5.160695e-01
    outer loop
      vertex   1.080657e+01 -2.596478e+01 6.675818e+02
      vertex   1.080935e+01 -2.698763e+01 6.681762e+02
      vertex   1.083274e+01 -2.695275e+01 6.681925e+02
    endloop
  endfacet
  facet normal -8.191514e-01 2.857236e-01 4.973459e-01
    outer loop
      vertex   1.080657e+01 -2.596478e+01 6.675818e+02
      vertex   1.083274e+01 -2.695275e+01 6.681925e+02
      vertex   1.084656e+01 -2.593623e+01 6.676313e+02
    endloop
  endfacet
  facet normal -8.823552e-01 2.365858e-01 4.067879e-01
    outer loop
      vertex   1.084656e+01 -2.593623e+01 6.676313e+02
      vertex   1.083274e+01 -2.695275e+01 6.681925e+02
      vertex   1.086970e+01 -2.687623e+01 6.682282e+02
    endloop
  endfacet
  facet normal -9.063073e-01 2.104205e-01 3.665109e-01
    outer loop
      vertex   1.084656e+01 -2.593623e+01 6.676313e+02
      vertex   1.086970e+01 -2.687623e+01 6.682282e+02
      vertex   1.087603e+01 -2.590463e+01 6.676860e+02
    endloop
  endfacet
  facet normal -9.571745e-01 1.458018e-01 2.501174e-01
    outer loop
      vertex   1.087603e+01 -2.590463e+01 6.676860e+02
      vertex   1.086970e+01 -2.687623e+01 6.682282e+02
      vertex   1.089246e+01 -2.679321e+01 6.682669e+02
    endloop
  endfacet
  facet normal -9.659256e-01 1.288656e-01 2.244578e-01
    outer loop
      vertex   1.087603e+01 -2.590463e+01 6.676860e+02
      vertex   1.089246e+01 -2.679321e+01 6.682669e+02
      vertex   1.089407e+01 -2.587096e+01 6.677443e+02
    endloop
  endfacet
  facet normal -9.952336e-01 4.938329e-02 8.409107e-02
    outer loop
      vertex   1.089407e+01 -2.587096e+01 6.677443e+02
      vertex   1.089246e+01 -2.679321e+01 6.682669e+02
      vertex   1.090015e+01 -2.670687e+01 6.683072e+02
    endloop
  endfacet
  facet normal -9.961947e-01 4.357787e-02 7.547909e-02
    outer loop
      vertex   1.089407e+01 -2.587096e+01 6.677443e+02
      vertex   1.090015e+01 -2.670687e+01 6.683072e+02
      vertex   1.090015e+01 -2.583623e+01 6.678045e+02
    endloop
  endfacet
  facet normal -9.961947e-01 -4.357787e-02 -7.547909e-02
    outer loop
      vertex   1.090015e+01 -2.583623e+01 6.678045e+02
      vertex   1.090015e+01 -2.670687e+01 6.683072e+02
      vertex   1.089407e+01 -2.580150e+01 6.678646e+02
    endloop
  endfacet
  facet normal -9.961947e-01 -4.357787e-02 -7.547909e-02
    outer loop
      vertex   1.090015e+01 -2.583623e+01 6.678045e+02
      vertex   1.089407e+01 -2.580150e+01 6.678646e+02
      vertex   1.089407e+01 -2.468829e+01 6.672219e+02
    endloop
  endfacet
  facet normal -9.659258e-01 -1.294095e-01 -2.241439e-01
    outer loop
      vertex   1.089407e+01 -2.468829e+01 6.672219e+02
      vertex   1.089407e+01 -2.580150e+01 6.678646e+02
      vertex   1.087603e+01 -2.465462e+01 6.672803e+02
    endloop
  endfacet
  facet normal -9.659256e-01 -1.288656e-01 -2.244578e-01
    outer loop
      vertex   1.089407e+01 -2.468829e+01 6.672219e+02
      vertex   1.087603e+01 -2.465462e+01 6.672803e+02
      vertex   1.089246e+01 -2.376604e+01 6.666994e+02
    endloop
  endfacet
  facet normal -9.571745e-01 -1.458018e-01 -2.501174e-01
    outer loop
      vertex   1.089246e+01 -2.376604e+01 6.666994e+02
      vertex   1.087603e+01 -2.465462e+01 6.672803e+02
      vertex   1.086970e+01 -2.368301e+01 6.667381e+02
    endloop
  endfacet
  facet normal -9.063073e-01 -2.104205e-01 -3.665109e-01
    outer loop
      vertex   1.086970e+01 -2.368301e+01 6.667381e+02
      vertex   1.087603e+01 -2.465462e+01 6.672803e+02
      vertex   1.084656e+01 -2.462302e+01 6.673350e+02
    endloop
  endfacet
  facet normal -8.823552e-01 -2.365858e-01 -4.067879e-01
    outer loop
      vertex   1.086970e+01 -2.368301e+01 6.667381e+02
      vertex   1.084656e+01 -2.462302e+01 6.673350e+02
      vertex   1.083274e+01 -2.360650e+01 6.667738e+02
    endloop
  endfacet
  facet normal -8.191514e-01 -2.857236e-01 -4.973459e-01
    outer loop
      vertex   1.083274e+01 -2.360650e+01 6.667738e+02
      vertex   1.084656e+01 -2.462302e+01 6.673350e+02
      vertex   1.080657e+01 -2.459446e+01 6.673845e+02
    endloop
  endfacet
  facet normal -8.031403e-01 -2.977212e-01 -5.160695e-01
    outer loop
      vertex   1.083274e+01 -2.360650e+01 6.667738e+02
      vertex   1.080657e+01 -2.459446e+01 6.673845e+02
      vertex   1.080935e+01 -2.357162e+01 6.667900e+02
    endloop
  endfacet
  facet normal -7.410071e-01 -3.358877e-01 -5.814534e-01
    outer loop
      vertex   1.080935e+01 -2.357162e+01 6.667900e+02
      vertex   1.080657e+01 -2.459446e+01 6.673845e+02
      vertex   1.078299e+01 -2.353944e+01 6.668050e+02
    endloop
  endfacet
  facet normal -7.071062e-01 -3.524577e-01 -6.130044e-01
    outer loop
      vertex   1.078299e+01 -2.353944e+01 6.668050e+02
      vertex   1.080657e+01 -2.459446e+01 6.673845e+02
      vertex   1.075727e+01 -2.456981e+01 6.674271e+02
    endloop
  endfacet
  facet normal -6.716133e-01 -3.705860e-01 -6.415618e-01
    outer loop
      vertex   1.078299e+01 -2.353944e+01 6.668050e+02
      vertex   1.075727e+01 -2.456981e+01 6.674271e+02
      vertex   1.075391e+01 -2.351027e+01 6.668186e+02
    endloop
  endfacet
  facet normal -5.956340e-01 -4.014591e-01 -6.957375e-01
    outer loop
      vertex   1.075391e+01 -2.351027e+01 6.668186e+02
      vertex   1.075727e+01 -2.456981e+01 6.674271e+02
      vertex   1.072238e+01 -2.348440e+01 6.668307e+02
    endloop
  endfacet
  facet normal -5.735761e-01 -4.085777e-01 -7.099822e-01
    outer loop
      vertex   1.072238e+01 -2.348440e+01 6.668307e+02
      vertex   1.075727e+01 -2.456981e+01 6.674271e+02
      vertex   1.070015e+01 -2.454982e+01 6.674618e+02
    endloop
  endfacet
  facet normal -5.142087e-01 -4.291298e-01 -7.425881e-01
    outer loop
      vertex   1.072238e+01 -2.348440e+01 6.668307e+02
      vertex   1.070015e+01 -2.454982e+01 6.674618e+02
      vertex   1.068871e+01 -2.346207e+01 6.668411e+02
    endloop
  endfacet
  facet normal -4.273694e-01 -4.514446e-01 -7.832964e-01
    outer loop
      vertex   1.068871e+01 -2.346207e+01 6.668411e+02
      vertex   1.070015e+01 -2.454982e+01 6.674618e+02
      vertex   1.065322e+01 -2.344350e+01 6.668498e+02
    endloop
  endfacet
  facet normal -4.226181e-01 -4.523717e-01 -7.853367e-01
    outer loop
      vertex   1.065322e+01 -2.344350e+01 6.668498e+02
      vertex   1.070015e+01 -2.454982e+01 6.674618e+02
      vertex   1.063696e+01 -2.453508e+01 6.674873e+02
    endloop
  endfacet
  facet normal -3.369732e-01 -4.710820e-01 -8.151876e-01
    outer loop
      vertex   1.065322e+01 -2.344350e+01 6.668498e+02
      vertex   1.063696e+01 -2.453508e+01 6.674873e+02
      vertex   1.061626e+01 -2.342887e+01 6.668566e+02
    endloop
  endfacet
  facet normal -2.588189e-01 -4.820731e-01 -8.370294e-01
    outer loop
      vertex   1.061626e+01 -2.342887e+01 6.668566e+02
      vertex   1.063696e+01 -2.453508e+01 6.674873e+02
      vertex   1.056961e+01 -2.452606e+01 6.675029e+02
    endloop
  endfacet
  facet normal -2.429128e-01 -4.846704e-01 -8.402904e-01
    outer loop
      vertex   1.061626e+01 -2.342887e+01 6.668566e+02
      vertex   1.056961e+01 -2.452606e+01 6.675029e+02
      vertex   1.057819e+01 -2.341832e+01 6.668615e+02
    endloop
  endfacet
  facet normal -1.467569e-01 -4.948115e-01 -8.565185e-01
    outer loop
      vertex   1.057819e+01 -2.341832e+01 6.668615e+02
      vertex   1.056961e+01 -2.452606e+01 6.675029e+02
      vertex   1.053936e+01 -2.341195e+01 6.668645e+02
    endloop
  endfacet
  facet normal -8.715568e-02 -4.970865e-01 -8.633128e-01
    outer loop
      vertex   1.053936e+01 -2.341195e+01 6.668645e+02
      vertex   1.056961e+01 -2.452606e+01 6.675029e+02
      vertex   1.050015e+01 -2.452302e+01 6.675082e+02
    endloop
  endfacet
  facet normal -4.906767e-02 -4.993977e-01 -8.649822e-01
    outer loop
      vertex   1.053936e+01 -2.341195e+01 6.668645e+02
      vertex   1.050015e+01 -2.452302e+01 6.675082e+02
      vertex   1.050015e+01 -2.340982e+01 6.668655e+02
    endloop
  endfacet
  facet normal 4.906767e-02 -4.993977e-01 -8.649822e-01
    outer loop
      vertex   1.050015e+01 -2.340982e+01 6.668655e+02
      vertex   1.050015e+01 -2.452302e+01 6.675082e+02
      vertex   1.046094e+01 -2.341195e+01 6.668645e+02
    endloop
  endfacet
  facet normal 8.715568e-02 -4.970865e-01 -8.633128e-01
    outer loop
      vertex   1.046094e+01 -2.341195e+01 6.668645e+02
      vertex   1.050015e+01 -2.452302e+01 6.675082e+02
      vertex   1.043069e+01 -2.452606e+01 6.675029e+02
    endloop
  endfacet
  facet normal 1.467569e-01 -4.948115e-01 -8.565185e-01
    outer loop
      vertex   1.046094e+01 -2.341195e+01 6.668645e+02
      vertex   1.043069e+01 -2.452606e+01 6.675029e+02
      vertex   1.042211e+01 -2.341832e+01 6.668615e+02
    endloop
  endfacet
  facet normal 2.429128e-01 -4.846704e-01 -8.402904e-01
    outer loop
      vertex   1.042211e+01 -2.341832e+01 6.668615e+02
      vertex   1.043069e+01 -2.452606e+01 6.675029e+02
      vertex   1.038404e+01 -2.342887e+01 6.668566e+02
    endloop
  endfacet
  facet normal 2.588189e-01 -4.820731e-01 -8.370294e-01
    outer loop
      vertex   1.038404e+01 -2.342887e+01 6.668566e+02
      vertex   1.043069e+01 -2.452606e+01 6.675029e+02
      vertex   1.036334e+01 -2.453508e+01 6.674873e+02
    endloop
  endfacet
  facet normal 3.369732e-01 -4.710820e-01 -8.151876e-01
    outer loop
      vertex   1.038404e+01 -2.342887e+01 6.668566e+02
      vertex   1.036334e+01 -2.453508e+01 6.674873e+02
      vertex   1.034708e+01 -2.344350e+01 6.668498e+02
    endloop
  endfacet
  facet normal 4.226181e-01 -4.523717e-01 -7.853367e-01
    outer loop
      vertex   1.034708e+01 -2.344350e+01 6.668498e+02
      vertex   1.036334e+01 -2.453508e+01 6.674873e+02
      vertex   1.030015e+01 -2.454982e+01 6.674618e+02
    endloop
  endfacet
  facet normal 4.273694e-01 -4.514446e-01 -7.832964e-01
    outer loop
      vertex   1.034708e+01 -2.344350e+01 6.668498e+02
      vertex   1.030015e+01 -2.454982e+01 6.674618e+02
      vertex   1.031159e+01 -2.346207e+01 6.668411e+02
    endloop
  endfacet
  facet normal 5.142087e-01 -4.291298e-01 -7.425881e-01
    outer loop
      vertex   1.031159e+01 -2.346207e+01 6.668411e+02
      vertex   1.030015e+01 -2.454982e+01 6.674618e+02
      vertex   1.027792e+01 -2.348440e+01 6.668307e+02
    endloop
  endfacet
  facet normal 5.735761e-01 -4.085777e-01 -7.099822e-01
    outer loop
      vertex   1.027792e+01 -2.348440e+01 6.668307e+02
      vertex   1.030015e+01 -2.454982e+01 6.674618e+02
      vertex   1.024304e+01 -2.456981e+01 6.674271e+02
    endloop
  endfacet
  facet normal 5.956340e-01 -4.014591e-01 -6.957375e-01
    outer loop
      vertex   1.027792e+01 -2.348440e+01 6.668307e+02
      vertex   1.024304e+01 -2.456981e+01 6.674271e+02
      vertex   1.024639e+01 -2.351027e+01 6.668186e+02
    endloop
  endfacet
  facet normal 6.716133e-01 -3.705860e-01 -6.415618e-01
    outer loop
      vertex   1.024639e+01 -2.351027e+01 6.668186e+02
      vertex   1.024304e+01 -2.456981e+01 6.674271e+02
      vertex   1.021731e+01 -2.353944e+01 6.668050e+02
    endloop
  endfacet
  facet normal 7.071062e-01 -3.524577e-01 -6.130044e-01
    outer loop
      vertex   1.021731e+01 -2.353944e+01 6.668050e+02
      vertex   1.024304e+01 -2.456981e+01 6.674271e+02
      vertex   1.019373e+01 -2.459446e+01 6.673845e+02
    endloop
  endfacet
  facet normal 7.410071e-01 -3.358877e-01 -5.814534e-01
    outer loop
      vertex   1.021731e+01 -2.353944e+01 6.668050e+02
      vertex   1.019373e+01 -2.459446e+01 6.673845e+02
      vertex   1.019095e+01 -2.357162e+01 6.667900e+02
    endloop
  endfacet
  facet normal 8.031403e-01 -2.977212e-01 -5.160695e-01
    outer loop
      vertex   1.019095e+01 -2.357162e+01 6.667900e+02
      vertex   1.019373e+01 -2.459446e+01 6.673845e+02
      vertex   1.016756e+01 -2.360650e+01 6.667738e+02
    endloop
  endfacet
  facet normal 8.191514e-01 -2.857236e-01 -4.973459e-01
    outer loop
      vertex   1.016756e+01 -2.360650e+01 6.667738e+02
      vertex   1.019373e+01 -2.459446e+01 6.673845e+02
      vertex   1.015374e+01 -2.462302e+01 6.673350e+02
    endloop
  endfacet
  facet normal 8.823552e-01 -2.365858e-01 -4.067879e-01
    outer loop
      vertex   1.016756e+01 -2.360650e+01 6.667738e+02
      vertex   1.015374e+01 -2.462302e+01 6.673350e+02
      vertex   1.013060e+01 -2.368301e+01 6.667381e+02
    endloop
  endfacet
  facet normal 9.063073e-01 -2.104205e-01 -3.665109e-01
    outer loop
      vertex   1.013060e+01 -2.368301e+01 6.667381e+02
      vertex   1.015374e+01 -2.462302e+01 6.673350e+02
      vertex   1.012427e+01 -2.465462e+01 6.672803e+02
    endloop
  endfacet
  facet normal 9.571745e-01 -1.458018e-01 -2.501174e-01
    outer loop
      vertex   1.013060e+01 -2.368301e+01 6.667381e+02
      vertex   1.012427e+01 -2.465462e+01 6.672803e+02
      vertex   1.010784e+01 -2.376604e+01 6.666994e+02
    endloop
  endfacet
  facet normal 9.659256e-01 -1.288656e-01 -2.244578e-01
    outer loop
      vertex   1.010784e+01 -2.376604e+01 6.666994e+02
      vertex   1.012427e+01 -2.465462e+01 6.672803e+02
      vertex   1.010623e+01 -2.468829e+01 6.672219e+02
    endloop
  endfacet
  facet normal 9.952336e-01 -4.938329e-02 -8.409107e-02
    outer loop
      vertex   1.010784e+01 -2.376604e+01 6.666994e+02
      vertex   1.010623e+01 -2.468829e+01 6.672219e+02
      vertex   1.010015e+01 -2.385237e+01 6.666591e+02
    endloop
  endfacet
  facet normal 9.961947e-01 -4.357787e-02 -7.547909e-02
    outer loop
      vertex   1.010015e+01 -2.385237e+01 6.666591e+02
      vertex   1.010623e+01 -2.468829e+01 6.672219e+02
      vertex   1.010015e+01 -2.472302e+01 6.671618e+02
    endloop
  endfacet
  facet normal 9.961947e-01 4.357787e-02 7.547909e-02
    outer loop
      vertex   1.010015e+01 -2.385237e+01 6.666591e+02
      vertex   1.010015e+01 -2.472302e+01 6.671618e+02
      vertex   1.010623e+01 -2.475775e+01 6.671016e+02
    endloop
  endfacet
  facet normal 9.961947e-01 4.357787e-02 7.547909e-02
    outer loop
      vertex   1.010623e+01 -2.475775e+01 6.671016e+02
      vertex   1.010015e+01 -2.472302e+01 6.671618e+02
      vertex   1.010015e+01 -2.583623e+01 6.678045e+02
    endloop
  endfacet
  facet normal 9.961947e-01 4.357787e-02 7.547909e-02
    outer loop
      vertex   1.010623e+01 -2.475775e+01 6.671016e+02
      vertex   1.010015e+01 -2.583623e+01 6.678045e+02
      vertex   1.010623e+01 -2.587096e+01 6.677443e+02
    endloop
  endfacet
  facet normal 9.961947e-01 4.357787e-02 7.547909e-02
    outer loop
      vertex   1.010623e+01 -2.587096e+01 6.677443e+02
      vertex   1.010015e+01 -2.583623e+01 6.678045e+02
      vertex   1.010015e+01 -2.670687e+01 6.683072e+02
    endloop
  endfacet
  facet normal 9.952336e-01 4.938329e-02 8.409107e-02
    outer loop
      vertex   1.010623e+01 -2.587096e+01 6.677443e+02
      vertex   1.010015e+01 -2.670687e+01 6.683072e+02
      vertex   1.010784e+01 -2.679321e+01 6.682669e+02
    endloop
  endfacet
  facet normal -9.951300e-01 -4.859575e-02 -8.576018e-02
    outer loop
      vertex   1.090015e+01 -2.670687e+01 6.683072e+02
      vertex   1.089246e+01 -2.662053e+01 6.683474e+02
      vertex   1.089407e+01 -2.580150e+01 6.678646e+02
    endloop
  endfacet
  facet normal -9.659256e-01 -1.300159e-01 -2.237937e-01
    outer loop
      vertex   1.089407e+01 -2.580150e+01 6.678646e+02
      vertex   1.089246e+01 -2.662053e+01 6.683474e+02
      vertex   1.087603e+01 -2.576782e+01 6.679230e+02
    endloop
  endfacet
  facet normal -9.659258e-01 -1.294095e-01 -2.241439e-01
    outer loop
      vertex   1.089407e+01 -2.580150e+01 6.678646e+02
      vertex   1.087603e+01 -2.576782e+01 6.679230e+02
      vertex   1.087603e+01 -2.465462e+01 6.672803e+02
    endloop
  endfacet
  facet normal -9.063078e-01 -2.113091e-01 -3.659982e-01
    outer loop
      vertex   1.087603e+01 -2.465462e+01 6.672803e+02
      vertex   1.087603e+01 -2.576782e+01 6.679230e+02
      vertex   1.084656e+01 -2.462302e+01 6.673350e+02
    endloop
  endfacet
  facet normal -9.566542e-01 -1.443440e-01 -2.529377e-01
    outer loop
      vertex   1.089246e+01 -2.662053e+01 6.683474e+02
      vertex   1.086970e+01 -2.653751e+01 6.683861e+02
      vertex   1.087603e+01 -2.576782e+01 6.679230e+02
    endloop
  endfacet
  facet normal -9.063071e-01 -2.124095e-01 -3.653624e-01
    outer loop
      vertex   1.087603e+01 -2.576782e+01 6.679230e+02
      vertex   1.086970e+01 -2.653751e+01 6.683861e+02
      vertex   1.084656e+01 -2.573623e+01 6.679777e+02
    endloop
  endfacet
  facet normal -9.063078e-01 -2.113091e-01 -3.659982e-01
    outer loop
      vertex   1.087603e+01 -2.576782e+01 6.679230e+02
      vertex   1.084656e+01 -2.573623e+01 6.679777e+02
      vertex   1.084656e+01 -2.462302e+01 6.673350e+02
    endloop
  endfacet
  facet normal -8.191520e-01 -2.867882e-01 -4.967318e-01
    outer loop
      vertex   1.084656e+01 -2.462302e+01 6.673350e+02
      vertex   1.084656e+01 -2.573623e+01 6.679777e+02
      vertex   1.080657e+01 -2.459446e+01 6.673845e+02
    endloop
  endfacet
  facet normal -8.813433e-01 -2.345239e-01 -4.101615e-01
    outer loop
      vertex   1.086970e+01 -2.653751e+01 6.683861e+02
      vertex   1.083274e+01 -2.646100e+01 6.684218e+02
      vertex   1.084656e+01 -2.573623e+01 6.679777e+02
    endloop
  endfacet
  facet normal -8.191509e-01 -2.882421e-01 -4.958914e-01
    outer loop
      vertex   1.084656e+01 -2.573623e+01 6.679777e+02
      vertex   1.083274e+01 -2.646100e+01 6.684218e+02
      vertex   1.080657e+01 -2.570767e+01 6.680272e+02
    endloop
  endfacet
  facet normal -8.191520e-01 -2.867882e-01 -4.967318e-01
    outer loop
      vertex   1.084656e+01 -2.573623e+01 6.679777e+02
      vertex   1.080657e+01 -2.570767e+01 6.680272e+02
      vertex   1.080657e+01 -2.459446e+01 6.673845e+02
    endloop
  endfacet
  facet normal -7.071068e-01 -3.535534e-01 -6.123724e-01
    outer loop
      vertex   1.080657e+01 -2.459446e+01 6.673845e+02
      vertex   1.080657e+01 -2.570767e+01 6.680272e+02
      vertex   1.075727e+01 -2.456981e+01 6.674271e+02
    endloop
  endfacet
  facet normal -8.033041e-01 -2.980342e-01 -5.156338e-01
    outer loop
      vertex   1.083274e+01 -2.646100e+01 6.684218e+02
      vertex   1.080935e+01 -2.642612e+01 6.684381e+02
      vertex   1.080657e+01 -2.570767e+01 6.680272e+02
    endloop
  endfacet
  facet normal -7.408708e-01 -3.356241e-01 -5.817792e-01
    outer loop
      vertex   1.080657e+01 -2.570767e+01 6.680272e+02
      vertex   1.080935e+01 -2.642612e+01 6.684381e+02
      vertex   1.078299e+01 -2.639394e+01 6.684531e+02
    endloop
  endfacet
  facet normal -7.071055e-01 -3.551856e-01 -6.114286e-01
    outer loop
      vertex   1.080657e+01 -2.570767e+01 6.680272e+02
      vertex   1.078299e+01 -2.639394e+01 6.684531e+02
      vertex   1.075727e+01 -2.568302e+01 6.680699e+02
    endloop
  endfacet
  facet normal -6.714751e-01 -3.703051e-01 -6.418686e-01
    outer loop
      vertex   1.075727e+01 -2.568302e+01 6.680699e+02
      vertex   1.078299e+01 -2.639394e+01 6.684531e+02
      vertex   1.075391e+01 -2.636477e+01 6.684667e+02
    endloop
  endfacet
  facet normal -5.958001e-01 -4.018269e-01 -6.953829e-01
    outer loop
      vertex   1.075727e+01 -2.568302e+01 6.680699e+02
      vertex   1.075391e+01 -2.636477e+01 6.684667e+02
      vertex   1.072238e+01 -2.633890e+01 6.684787e+02
    endloop
  endfacet
  facet normal -5.735755e-01 -4.111751e-01 -7.084816e-01
    outer loop
      vertex   1.075727e+01 -2.568302e+01 6.680699e+02
      vertex   1.072238e+01 -2.633890e+01 6.684787e+02
      vertex   1.070015e+01 -2.566302e+01 6.681045e+02
    endloop
  endfacet
  facet normal -5.139294e-01 -4.284301e-01 -7.431852e-01
    outer loop
      vertex   1.070015e+01 -2.566302e+01 6.681045e+02
      vertex   1.072238e+01 -2.633890e+01 6.684787e+02
      vertex   1.068871e+01 -2.631657e+01 6.684892e+02
    endloop
  endfacet
  facet normal -4.278588e-01 -4.528951e-01 -7.821911e-01
    outer loop
      vertex   1.070015e+01 -2.566302e+01 6.681045e+02
      vertex   1.068871e+01 -2.631657e+01 6.684892e+02
      vertex   1.065322e+01 -2.629800e+01 6.684978e+02
    endloop
  endfacet
  facet normal -4.226178e-01 -4.544774e-01 -7.841202e-01
    outer loop
      vertex   1.070015e+01 -2.566302e+01 6.681045e+02
      vertex   1.065322e+01 -2.629800e+01 6.684978e+02
      vertex   1.063696e+01 -2.564829e+01 6.681300e+02
    endloop
  endfacet
  facet normal -3.367474e-01 -4.702423e-01 -8.157655e-01
    outer loop
      vertex   1.063696e+01 -2.564829e+01 6.681300e+02
      vertex   1.065322e+01 -2.629800e+01 6.684978e+02
      vertex   1.061626e+01 -2.628337e+01 6.685046e+02
    endloop
  endfacet
  facet normal -2.588186e-01 -4.844984e-01 -8.356280e-01
    outer loop
      vertex   1.063696e+01 -2.564829e+01 6.681300e+02
      vertex   1.061626e+01 -2.628337e+01 6.685046e+02
      vertex   1.056961e+01 -2.563926e+01 6.681456e+02
    endloop
  endfacet
  facet normal -2.430985e-01 -4.856221e-01 -8.396870e-01
    outer loop
      vertex   1.056961e+01 -2.563926e+01 6.681456e+02
      vertex   1.061626e+01 -2.628337e+01 6.685046e+02
      vertex   1.057819e+01 -2.627282e+01 6.685096e+02
    endloop
  endfacet
  facet normal -1.466841e-01 -4.941963e-01 -8.568861e-01
    outer loop
      vertex   1.056961e+01 -2.563926e+01 6.681456e+02
      vertex   1.057819e+01 -2.627282e+01 6.685096e+02
      vertex   1.053936e+01 -2.626645e+01 6.685125e+02
    endloop
  endfacet
  facet normal -8.715556e-02 -4.998821e-01 -8.616970e-01
    outer loop
      vertex   1.056961e+01 -2.563926e+01 6.681456e+02
      vertex   1.053936e+01 -2.626645e+01 6.685125e+02
      vertex   1.050015e+01 -2.563623e+01 6.681509e+02
    endloop
  endfacet
  facet normal -4.906767e-02 -4.993977e-01 -8.649822e-01
    outer loop
      vertex   1.050015e+01 -2.563623e+01 6.681509e+02
      vertex   1.053936e+01 -2.626645e+01 6.685125e+02
      vertex   1.050015e+01 -2.626431e+01 6.685135e+02
    endloop
  endfacet
  facet normal 4.906767e-02 -4.993977e-01 -8.649822e-01
    outer loop
      vertex   1.050015e+01 -2.563623e+01 6.681509e+02
      vertex   1.050015e+01 -2.626431e+01 6.685135e+02
      vertex   1.046094e+01 -2.626645e+01 6.685125e+02
    endloop
  endfacet
  facet normal 8.715556e-02 -4.998821e-01 -8.616970e-01
    outer loop
      vertex   1.050015e+01 -2.563623e+01 6.681509e+02
      vertex   1.046094e+01 -2.626645e+01 6.685125e+02
      vertex   1.043069e+01 -2.563926e+01 6.681456e+02
    endloop
  endfacet
  facet normal 1.466841e-01 -4.941963e-01 -8.568861e-01
    outer loop
      vertex   1.043069e+01 -2.563926e+01 6.681456e+02
      vertex   1.046094e+01 -2.626645e+01 6.685125e+02
      vertex   1.042211e+01 -2.627282e+01 6.685096e+02
    endloop
  endfacet
  facet normal 2.430985e-01 -4.856221e-01 -8.396870e-01
    outer loop
      vertex   1.043069e+01 -2.563926e+01 6.681456e+02
      vertex   1.042211e+01 -2.627282e+01 6.685096e+02
      vertex   1.038404e+01 -2.628337e+01 6.685046e+02
    endloop
  endfacet
  facet normal 2.588186e-01 -4.844984e-01 -8.356280e-01
    outer loop
      vertex   1.043069e+01 -2.563926e+01 6.681456e+02
      vertex   1.038404e+01 -2.628337e+01 6.685046e+02
      vertex   1.036334e+01 -2.564829e+01 6.681300e+02
    endloop
  endfacet
  facet normal 3.367474e-01 -4.702423e-01 -8.157655e-01
    outer loop
      vertex   1.036334e+01 -2.564829e+01 6.681300e+02
      vertex   1.038404e+01 -2.628337e+01 6.685046e+02
      vertex   1.034708e+01 -2.629800e+01 6.684978e+02
    endloop
  endfacet
  facet normal 4.226178e-01 -4.544774e-01 -7.841202e-01
    outer loop
      vertex   1.036334e+01 -2.564829e+01 6.681300e+02
      vertex   1.034708e+01 -2.629800e+01 6.684978e+02
      vertex   1.030015e+01 -2.566302e+01 6.681045e+02
    endloop
  endfacet
  facet normal 4.278588e-01 -4.528951e-01 -7.821911e-01
    outer loop
      vertex   1.030015e+01 -2.566302e+01 6.681045e+02
      vertex   1.034708e+01 -2.629800e+01 6.684978e+02
      vertex   1.031159e+01 -2.631657e+01 6.684892e+02
    endloop
  endfacet
  facet normal 5.139294e-01 -4.284301e-01 -7.431852e-01
    outer loop
      vertex   1.030015e+01 -2.566302e+01 6.681045e+02
      vertex   1.031159e+01 -2.631657e+01 6.684892e+02
      vertex   1.027792e+01 -2.633890e+01 6.684787e+02
    endloop
  endfacet
  facet normal 5.735755e-01 -4.111751e-01 -7.084816e-01
    outer loop
      vertex   1.030015e+01 -2.566302e+01 6.681045e+02
      vertex   1.027792e+01 -2.633890e+01 6.684787e+02
      vertex   1.024304e+01 -2.568302e+01 6.680699e+02
    endloop
  endfacet
  facet normal 5.958001e-01 -4.018269e-01 -6.953829e-01
    outer loop
      vertex   1.024304e+01 -2.568302e+01 6.680699e+02
      vertex   1.027792e+01 -2.633890e+01 6.684787e+02
      vertex   1.024639e+01 -2.636477e+01 6.684667e+02
    endloop
  endfacet
  facet normal 6.714751e-01 -3.703051e-01 -6.418686e-01
    outer loop
      vertex   1.024304e+01 -2.568302e+01 6.680699e+02
      vertex   1.024639e+01 -2.636477e+01 6.684667e+02
      vertex   1.021731e+01 -2.639394e+01 6.684531e+02
    endloop
  endfacet
  facet normal 7.071055e-01 -3.551856e-01 -6.114286e-01
    outer loop
      vertex   1.024304e+01 -2.568302e+01 6.680699e+02
      vertex   1.021731e+01 -2.639394e+01 6.684531e+02
      vertex   1.019373e+01 -2.570767e+01 6.680272e+02
    endloop
  endfacet
  facet normal 7.408708e-01 -3.356241e-01 -5.817792e-01
    outer loop
      vertex   1.019373e+01 -2.570767e+01 6.680272e+02
      vertex   1.021731e+01 -2.639394e+01 6.684531e+02
      vertex   1.019095e+01 -2.642612e+01 6.684381e+02
    endloop
  endfacet
  facet normal 8.033041e-01 -2.980342e-01 -5.156338e-01
    outer loop
      vertex   1.019373e+01 -2.570767e+01 6.680272e+02
      vertex   1.019095e+01 -2.642612e+01 6.684381e+02
      vertex   1.016756e+01 -2.646100e+01 6.684218e+02
    endloop
  endfacet
  facet normal 8.191509e-01 -2.882421e-01 -4.958914e-01
    outer loop
      vertex   1.019373e+01 -2.570767e+01 6.680272e+02
      vertex   1.016756e+01 -2.646100e+01 6.684218e+02
      vertex   1.015374e+01 -2.573623e+01 6.679777e+02
    endloop
  endfacet
  facet normal 8.813433e-01 -2.345239e-01 -4.101615e-01
    outer loop
      vertex   1.015374e+01 -2.573623e+01 6.679777e+02
      vertex   1.016756e+01 -2.646100e+01 6.684218e+02
      vertex   1.013060e+01 -2.653751e+01 6.683861e+02
    endloop
  endfacet
  facet normal 9.063071e-01 -2.124095e-01 -3.653624e-01
    outer loop
      vertex   1.015374e+01 -2.573623e+01 6.679777e+02
      vertex   1.013060e+01 -2.653751e+01 6.683861e+02
      vertex   1.012427e+01 -2.576782e+01 6.679230e+02
    endloop
  endfacet
  facet normal 9.566542e-01 -1.443440e-01 -2.529377e-01
    outer loop
      vertex   1.012427e+01 -2.576782e+01 6.679230e+02
      vertex   1.013060e+01 -2.653751e+01 6.683861e+02
      vertex   1.010784e+01 -2.662053e+01 6.683474e+02
    endloop
  endfacet
  facet normal 9.659256e-01 -1.300159e-01 -2.237937e-01
    outer loop
      vertex   1.012427e+01 -2.576782e+01 6.679230e+02
      vertex   1.010784e+01 -2.662053e+01 6.683474e+02
      vertex   1.010623e+01 -2.580150e+01 6.678646e+02
    endloop
  endfacet
  facet normal 9.951300e-01 -4.859575e-02 -8.576018e-02
    outer loop
      vertex   1.010623e+01 -2.580150e+01 6.678646e+02
      vertex   1.010784e+01 -2.662053e+01 6.683474e+02
      vertex   1.010015e+01 -2.670687e+01 6.683072e+02
    endloop
  endfacet
  facet normal 9.961947e-01 -4.357787e-02 -7.547909e-02
    outer loop
      vertex   1.010623e+01 -2.580150e+01 6.678646e+02
      vertex   1.010015e+01 -2.670687e+01 6.683072e+02
      vertex   1.010015e+01 -2.583623e+01 6.678045e+02
    endloop
  endfacet
  facet normal 9.659256e-01 1.288656e-01 2.244578e-01
    outer loop
      vertex   1.010623e+01 -2.587096e+01 6.677443e+02
      vertex   1.010784e+01 -2.679321e+01 6.682669e+02
      vertex   1.012427e+01 -2.590463e+01 6.676860e+02
    endloop
  endfacet
  facet normal 9.571745e-01 1.458018e-01 2.501174e-01
    outer loop
      vertex   1.012427e+01 -2.590463e+01 6.676860e+02
      vertex   1.010784e+01 -2.679321e+01 6.682669e+02
      vertex   1.013060e+01 -2.687623e+01 6.682282e+02
    endloop
  endfacet
  facet normal 9.063073e-01 2.104205e-01 3.665109e-01
    outer loop
      vertex   1.012427e+01 -2.590463e+01 6.676860e+02
      vertex   1.013060e+01 -2.687623e+01 6.682282e+02
      vertex   1.015374e+01 -2.593623e+01 6.676313e+02
    endloop
  endfacet
  facet normal 8.823552e-01 2.365858e-01 4.067879e-01
    outer loop
      vertex   1.015374e+01 -2.593623e+01 6.676313e+02
      vertex   1.013060e+01 -2.687623e+01 6.682282e+02
      vertex   1.016756e+01 -2.695275e+01 6.681925e+02
    endloop
  endfacet
  facet normal 8.191514e-01 2.857236e-01 4.973459e-01
    outer loop
      vertex   1.015374e+01 -2.593623e+01 6.676313e+02
      vertex   1.016756e+01 -2.695275e+01 6.681925e+02
      vertex   1.019373e+01 -2.596478e+01 6.675818e+02
    endloop
  endfacet
  facet normal 8.031403e-01 2.977212e-01 5.160695e-01
    outer loop
      vertex   1.019373e+01 -2.596478e+01 6.675818e+02
      vertex   1.016756e+01 -2.695275e+01 6.681925e+02
      vertex   1.019095e+01 -2.698763e+01 6.681762e+02
    endloop
  endfacet
  facet normal 7.410071e-01 3.358877e-01 5.814534e-01
    outer loop
      vertex   1.019373e+01 -2.596478e+01 6.675818e+02
      vertex   1.019095e+01 -2.698763e+01 6.681762e+02
      vertex   1.021731e+01 -2.701981e+01 6.681612e+02
    endloop
  endfacet
  facet normal 7.071062e-01 3.524577e-01 6.130044e-01
    outer loop
      vertex   1.019373e+01 -2.596478e+01 6.675818e+02
      vertex   1.021731e+01 -2.701981e+01 6.681612e+02
      vertex   1.024304e+01 -2.598944e+01 6.675391e+02
    endloop
  endfacet
  facet normal 6.716133e-01 3.705860e-01 6.415618e-01
    outer loop
      vertex   1.024304e+01 -2.598944e+01 6.675391e+02
      vertex   1.021731e+01 -2.701981e+01 6.681612e+02
      vertex   1.024639e+01 -2.704898e+01 6.681476e+02
    endloop
  endfacet
  facet normal 5.956340e-01 4.014591e-01 6.957375e-01
    outer loop
      vertex   1.024304e+01 -2.598944e+01 6.675391e+02
      vertex   1.024639e+01 -2.704898e+01 6.681476e+02
      vertex   1.027792e+01 -2.707485e+01 6.681356e+02
    endloop
  endfacet
  facet normal 5.735761e-01 4.085777e-01 7.099822e-01
    outer loop
      vertex   1.024304e+01 -2.598944e+01 6.675391e+02
      vertex   1.027792e+01 -2.707485e+01 6.681356e+02
      vertex   1.030015e+01 -2.600943e+01 6.675045e+02
    endloop
  endfacet
  facet normal 5.142087e-01 4.291298e-01 7.425881e-01
    outer loop
      vertex   1.030015e+01 -2.600943e+01 6.675045e+02
      vertex   1.027792e+01 -2.707485e+01 6.681356e+02
      vertex   1.031159e+01 -2.709718e+01 6.681252e+02
    endloop
  endfacet
  facet normal 4.273694e-01 4.514446e-01 7.832964e-01
    outer loop
      vertex   1.030015e+01 -2.600943e+01 6.675045e+02
      vertex   1.031159e+01 -2.709718e+01 6.681252e+02
      vertex   1.034708e+01 -2.711574e+01 6.681165e+02
    endloop
  endfacet
  facet normal 4.226181e-01 4.523717e-01 7.853367e-01
    outer loop
      vertex   1.030015e+01 -2.600943e+01 6.675045e+02
      vertex   1.034708e+01 -2.711574e+01 6.681165e+02
      vertex   1.036334e+01 -2.602416e+01 6.674790e+02
    endloop
  endfacet
  facet normal 3.369732e-01 4.710820e-01 8.151876e-01
    outer loop
      vertex   1.036334e+01 -2.602416e+01 6.674790e+02
      vertex   1.034708e+01 -2.711574e+01 6.681165e+02
      vertex   1.038404e+01 -2.713038e+01 6.681097e+02
    endloop
  endfacet
  facet normal 2.588189e-01 4.820731e-01 8.370294e-01
    outer loop
      vertex   1.036334e+01 -2.602416e+01 6.674790e+02
      vertex   1.038404e+01 -2.713038e+01 6.681097e+02
      vertex   1.043069e+01 -2.603319e+01 6.674633e+02
    endloop
  endfacet
  facet normal 2.429128e-01 4.846704e-01 8.402904e-01
    outer loop
      vertex   1.043069e+01 -2.603319e+01 6.674633e+02
      vertex   1.038404e+01 -2.713038e+01 6.681097e+02
      vertex   1.042211e+01 -2.714093e+01 6.681048e+02
    endloop
  endfacet
  facet normal 1.467569e-01 4.948115e-01 8.565185e-01
    outer loop
      vertex   1.043069e+01 -2.603319e+01 6.674633e+02
      vertex   1.042211e+01 -2.714093e+01 6.681048e+02
      vertex   1.046094e+01 -2.714730e+01 6.681018e+02
    endloop
  endfacet
  facet normal 8.715568e-02 4.970865e-01 8.633128e-01
    outer loop
      vertex   1.043069e+01 -2.603319e+01 6.674633e+02
      vertex   1.046094e+01 -2.714730e+01 6.681018e+02
      vertex   1.050015e+01 -2.603623e+01 6.674581e+02
    endloop
  endfacet
  facet normal -4.906767e-02 4.993977e-01 8.649822e-01
    outer loop
      vertex   1.053936e+01 -2.429280e+01 6.664537e+02
      vertex   1.050015e+01 -2.429493e+01 6.664527e+02
      vertex   1.050015e+01 -2.492302e+01 6.668154e+02
    endloop
  endfacet
  facet normal 4.906767e-02 4.993977e-01 8.649822e-01
    outer loop
      vertex   1.050015e+01 -2.492302e+01 6.668154e+02
      vertex   1.050015e+01 -2.429493e+01 6.664527e+02
      vertex   1.046094e+01 -2.429280e+01 6.664537e+02
    endloop
  endfacet
  facet normal 8.715556e-02 4.998821e-01 8.616970e-01
    outer loop
      vertex   1.050015e+01 -2.492302e+01 6.668154e+02
      vertex   1.046094e+01 -2.429280e+01 6.664537e+02
      vertex   1.043069e+01 -2.491998e+01 6.668206e+02
    endloop
  endfacet
  facet normal 1.466841e-01 4.941963e-01 8.568861e-01
    outer loop
      vertex   1.043069e+01 -2.491998e+01 6.668206e+02
      vertex   1.046094e+01 -2.429280e+01 6.664537e+02
      vertex   1.042211e+01 -2.428643e+01 6.664567e+02
    endloop
  endfacet
  facet normal 2.430985e-01 4.856221e-01 8.396870e-01
    outer loop
      vertex   1.043069e+01 -2.491998e+01 6.668206e+02
      vertex   1.042211e+01 -2.428643e+01 6.664567e+02
      vertex   1.038404e+01 -2.427588e+01 6.664616e+02
    endloop
  endfacet
  facet normal 2.588186e-01 4.844984e-01 8.356280e-01
    outer loop
      vertex   1.043069e+01 -2.491998e+01 6.668206e+02
      vertex   1.038404e+01 -2.427588e+01 6.664616e+02
      vertex   1.036334e+01 -2.491096e+01 6.668363e+02
    endloop
  endfacet
  facet normal 3.367474e-01 4.702423e-01 8.157655e-01
    outer loop
      vertex   1.036334e+01 -2.491096e+01 6.668363e+02
      vertex   1.038404e+01 -2.427588e+01 6.664616e+02
      vertex   1.034708e+01 -2.426125e+01 6.664685e+02
    endloop
  endfacet
  facet normal 4.226178e-01 4.544774e-01 7.841202e-01
    outer loop
      vertex   1.036334e+01 -2.491096e+01 6.668363e+02
      vertex   1.034708e+01 -2.426125e+01 6.664685e+02
      vertex   1.030015e+01 -2.489623e+01 6.668618e+02
    endloop
  endfacet
  facet normal 4.278588e-01 4.528951e-01 7.821911e-01
    outer loop
      vertex   1.030015e+01 -2.489623e+01 6.668618e+02
      vertex   1.034708e+01 -2.426125e+01 6.664685e+02
      vertex   1.031159e+01 -2.424268e+01 6.664771e+02
    endloop
  endfacet
  facet normal 5.139294e-01 4.284301e-01 7.431852e-01
    outer loop
      vertex   1.030015e+01 -2.489623e+01 6.668618e+02
      vertex   1.031159e+01 -2.424268e+01 6.664771e+02
      vertex   1.027792e+01 -2.422035e+01 6.664875e+02
    endloop
  endfacet
  facet normal 5.735755e-01 4.111751e-01 7.084816e-01
    outer loop
      vertex   1.030015e+01 -2.489623e+01 6.668618e+02
      vertex   1.027792e+01 -2.422035e+01 6.664875e+02
      vertex   1.024304e+01 -2.487623e+01 6.668964e+02
    endloop
  endfacet
  facet normal 5.958001e-01 4.018269e-01 6.953829e-01
    outer loop
      vertex   1.024304e+01 -2.487623e+01 6.668964e+02
      vertex   1.027792e+01 -2.422035e+01 6.664875e+02
      vertex   1.024639e+01 -2.419448e+01 6.664996e+02
    endloop
  endfacet
  facet normal 6.714751e-01 3.703051e-01 6.418686e-01
    outer loop
      vertex   1.024304e+01 -2.487623e+01 6.668964e+02
      vertex   1.024639e+01 -2.419448e+01 6.664996e+02
      vertex   1.021731e+01 -2.416531e+01 6.665132e+02
    endloop
  endfacet
  facet normal 7.071055e-01 3.551856e-01 6.114286e-01
    outer loop
      vertex   1.024304e+01 -2.487623e+01 6.668964e+02
      vertex   1.021731e+01 -2.416531e+01 6.665132e+02
      vertex   1.019373e+01 -2.485158e+01 6.669391e+02
    endloop
  endfacet
  facet normal 7.408708e-01 3.356241e-01 5.817792e-01
    outer loop
      vertex   1.019373e+01 -2.485158e+01 6.669391e+02
      vertex   1.021731e+01 -2.416531e+01 6.665132e+02
      vertex   1.019095e+01 -2.413313e+01 6.665282e+02
    endloop
  endfacet
  facet normal 8.033041e-01 2.980342e-01 5.156338e-01
    outer loop
      vertex   1.019373e+01 -2.485158e+01 6.669391e+02
      vertex   1.019095e+01 -2.413313e+01 6.665282e+02
      vertex   1.016756e+01 -2.409825e+01 6.665445e+02
    endloop
  endfacet
  facet normal 8.191509e-01 2.882421e-01 4.958914e-01
    outer loop
      vertex   1.019373e+01 -2.485158e+01 6.669391e+02
      vertex   1.016756e+01 -2.409825e+01 6.665445e+02
      vertex   1.015374e+01 -2.482302e+01 6.669886e+02
    endloop
  endfacet
  facet normal 8.813433e-01 2.345239e-01 4.101615e-01
    outer loop
      vertex   1.015374e+01 -2.482302e+01 6.669886e+02
      vertex   1.016756e+01 -2.409825e+01 6.665445e+02
      vertex   1.013060e+01 -2.402173e+01 6.665801e+02
    endloop
  endfacet
  facet normal 9.063071e-01 2.124095e-01 3.653624e-01
    outer loop
      vertex   1.015374e+01 -2.482302e+01 6.669886e+02
      vertex   1.013060e+01 -2.402173e+01 6.665801e+02
      vertex   1.012427e+01 -2.479142e+01 6.670433e+02
    endloop
  endfacet
  facet normal 9.566542e-01 1.443440e-01 2.529377e-01
    outer loop
      vertex   1.012427e+01 -2.479142e+01 6.670433e+02
      vertex   1.013060e+01 -2.402173e+01 6.665801e+02
      vertex   1.010784e+01 -2.393871e+01 6.666189e+02
    endloop
  endfacet
  facet normal 9.659256e-01 1.300159e-01 2.237937e-01
    outer loop
      vertex   1.012427e+01 -2.479142e+01 6.670433e+02
      vertex   1.010784e+01 -2.393871e+01 6.666189e+02
      vertex   1.010623e+01 -2.475775e+01 6.671016e+02
    endloop
  endfacet
  facet normal 9.951300e-01 4.859575e-02 8.576018e-02
    outer loop
      vertex   1.010623e+01 -2.475775e+01 6.671016e+02
      vertex   1.010784e+01 -2.393871e+01 6.666189e+02
      vertex   1.010015e+01 -2.385237e+01 6.666591e+02
    endloop
  endfacet
  facet normal -9.952336e-01 -4.938329e-02 -8.409107e-02
    outer loop
      vertex   1.089246e+01 -2.376604e+01 6.666994e+02
      vertex   1.090015e+01 -2.385237e+01 6.666591e+02
      vertex   1.089407e+01 -2.468829e+01 6.672219e+02
    endloop
  endfacet
  facet normal -9.961947e-01 -4.357787e-02 -7.547909e-02
    outer loop
      vertex   1.089407e+01 -2.468829e+01 6.672219e+02
      vertex   1.090015e+01 -2.385237e+01 6.666591e+02
      vertex   1.090015e+01 -2.472302e+01 6.671618e+02
    endloop
  endfacet
  facet normal -9.961947e-01 -4.357787e-02 -7.547909e-02
    outer loop
      vertex   1.089407e+01 -2.468829e+01 6.672219e+02
      vertex   1.090015e+01 -2.472302e+01 6.671618e+02
      vertex   1.090015e+01 -2.583623e+01 6.678045e+02
    endloop
  endfacet
  facet normal -9.961947e-01 4.357787e-02 7.547909e-02
    outer loop
      vertex   1.090015e+01 -2.583623e+01 6.678045e+02
      vertex   1.090015e+01 -2.472302e+01 6.671618e+02
      vertex   1.089407e+01 -2.587096e+01 6.677443e+02
    endloop
  endfacet
  facet normal -9.961947e-01 4.357787e-02 7.547909e-02
    outer loop
      vertex   1.090015e+01 -2.472302e+01 6.671618e+02
      vertex   1.090015e+01 -2.385237e+01 6.666591e+02
      vertex   1.089407e+01 -2.475775e+01 6.671016e+02
    endloop
  endfacet
  facet normal -9.951300e-01 4.859575e-02 8.576018e-02
    outer loop
      vertex   1.089407e+01 -2.475775e+01 6.671016e+02
      vertex   1.090015e+01 -2.385237e+01 6.666591e+02
      vertex   1.089246e+01 -2.393871e+01 6.666189e+02
    endloop
  endfacet
  facet normal -9.659256e-01 1.300159e-01 2.237937e-01
    outer loop
      vertex   1.089407e+01 -2.475775e+01 6.671016e+02
      vertex   1.089246e+01 -2.393871e+01 6.666189e+02
      vertex   1.087603e+01 -2.479142e+01 6.670433e+02
    endloop
  endfacet
  facet normal -9.566542e-01 1.443440e-01 2.529377e-01
    outer loop
      vertex   1.087603e+01 -2.479142e+01 6.670433e+02
      vertex   1.089246e+01 -2.393871e+01 6.666189e+02
      vertex   1.086970e+01 -2.402173e+01 6.665801e+02
    endloop
  endfacet
  facet normal -9.063071e-01 2.124095e-01 3.653624e-01
    outer loop
      vertex   1.087603e+01 -2.479142e+01 6.670433e+02
      vertex   1.086970e+01 -2.402173e+01 6.665801e+02
      vertex   1.084656e+01 -2.482302e+01 6.669886e+02
    endloop
  endfacet
  facet normal -8.813433e-01 2.345239e-01 4.101615e-01
    outer loop
      vertex   1.084656e+01 -2.482302e+01 6.669886e+02
      vertex   1.086970e+01 -2.402173e+01 6.665801e+02
      vertex   1.083274e+01 -2.409825e+01 6.665445e+02
    endloop
  endfacet
  facet normal -8.191509e-01 2.882421e-01 4.958914e-01
    outer loop
      vertex   1.084656e+01 -2.482302e+01 6.669886e+02
      vertex   1.083274e+01 -2.409825e+01 6.665445e+02
      vertex   1.080657e+01 -2.485158e+01 6.669391e+02
    endloop
  endfacet
  facet normal -8.033041e-01 2.980342e-01 5.156338e-01
    outer loop
      vertex   1.080657e+01 -2.485158e+01 6.669391e+02
      vertex   1.083274e+01 -2.409825e+01 6.665445e+02
      vertex   1.080935e+01 -2.413313e+01 6.665282e+02
    endloop
  endfacet
  facet normal -7.408708e-01 3.356241e-01 5.817792e-01
    outer loop
      vertex   1.080657e+01 -2.485158e+01 6.669391e+02
      vertex   1.080935e+01 -2.413313e+01 6.665282e+02
      vertex   1.078299e+01 -2.416531e+01 6.665132e+02
    endloop
  endfacet
  facet normal -7.071055e-01 3.551856e-01 6.114286e-01
    outer loop
      vertex   1.080657e+01 -2.485158e+01 6.669391e+02
      vertex   1.078299e+01 -2.416531e+01 6.665132e+02
      vertex   1.075727e+01 -2.487623e+01 6.668964e+02
    endloop
  endfacet
  facet normal -6.714751e-01 3.703051e-01 6.418686e-01
    outer loop
      vertex   1.075727e+01 -2.487623e+01 6.668964e+02
      vertex   1.078299e+01 -2.416531e+01 6.665132e+02
      vertex   1.075391e+01 -2.419448e+01 6.664996e+02
    endloop
  endfacet
  facet normal -5.958001e-01 4.018269e-01 6.953829e-01
    outer loop
      vertex   1.075727e+01 -2.487623e+01 6.668964e+02
      vertex   1.075391e+01 -2.419448e+01 6.664996e+02
      vertex   1.072238e+01 -2.422035e+01 6.664875e+02
    endloop
  endfacet
  facet normal -5.735755e-01 4.111751e-01 7.084816e-01
    outer loop
      vertex   1.075727e+01 -2.487623e+01 6.668964e+02
      vertex   1.072238e+01 -2.422035e+01 6.664875e+02
      vertex   1.070015e+01 -2.489623e+01 6.668618e+02
    endloop
  endfacet
  facet normal -5.139294e-01 4.284301e-01 7.431852e-01
    outer loop
      vertex   1.070015e+01 -2.489623e+01 6.668618e+02
      vertex   1.072238e+01 -2.422035e+01 6.664875e+02
      vertex   1.068871e+01 -2.424268e+01 6.664771e+02
    endloop
  endfacet
  facet normal -4.278588e-01 4.528951e-01 7.821911e-01
    outer loop
      vertex   1.070015e+01 -2.489623e+01 6.668618e+02
      vertex   1.068871e+01 -2.424268e+01 6.664771e+02
      vertex   1.065322e+01 -2.426125e+01 6.664685e+02
    endloop
  endfacet
  facet normal -4.226178e-01 4.544774e-01 7.841202e-01
    outer loop
      vertex   1.070015e+01 -2.489623e+01 6.668618e+02
      vertex   1.065322e+01 -2.426125e+01 6.664685e+02
      vertex   1.063696e+01 -2.491096e+01 6.668363e+02
    endloop
  endfacet
  facet normal -3.367474e-01 4.702423e-01 8.157655e-01
    outer loop
      vertex   1.063696e+01 -2.491096e+01 6.668363e+02
      vertex   1.065322e+01 -2.426125e+01 6.664685e+02
      vertex   1.061626e+01 -2.427588e+01 6.664616e+02
    endloop
  endfacet
  facet normal -2.588186e-01 4.844984e-01 8.356280e-01
    outer loop
      vertex   1.063696e+01 -2.491096e+01 6.668363e+02
      vertex   1.061626e+01 -2.427588e+01 6.664616e+02
      vertex   1.056961e+01 -2.491998e+01 6.668206e+02
    endloop
  endfacet
  facet normal -2.430985e-01 4.856221e-01 8.396870e-01
    outer loop
      vertex   1.056961e+01 -2.491998e+01 6.668206e+02
      vertex   1.061626e+01 -2.427588e+01 6.664616e+02
      vertex   1.057819e+01 -2.428643e+01 6.664567e+02
    endloop
  endfacet
  facet normal -1.466841e-01 4.941963e-01 8.568861e-01
    outer loop
      vertex   1.056961e+01 -2.491998e+01 6.668206e+02
      vertex   1.057819e+01 -2.428643e+01 6.664567e+02
      vertex   1.053936e+01 -2.429280e+01 6.664537e+02
    endloop
  endfacet
  facet normal -8.715556e-02 4.998821e-01 8.616970e-01
    outer loop
      vertex   1.056961e+01 -2.491998e+01 6.668206e+02
      vertex   1.053936e+01 -2.429280e+01 6.664537e+02
      vertex   1.050015e+01 -2.492302e+01 6.668154e+02
    endloop
  endfacet
  facet normal 9.961947e-01 -4.357787e-02 -7.547909e-02
    outer loop
      vertex   1.010015e+01 -2.583623e+01 6.678045e+02
      vertex   1.010015e+01 -2.472302e+01 6.671618e+02
      vertex   1.010623e+01 -2.580150e+01 6.678646e+02
    endloop
  endfacet
  facet normal 9.961947e-01 -4.357787e-02 -7.547909e-02
    outer loop
      vertex   1.010623e+01 -2.580150e+01 6.678646e+02
      vertex   1.010015e+01 -2.472302e+01 6.671618e+02
      vertex   1.010623e+01 -2.468829e+01 6.672219e+02
    endloop
  endfacet
  facet normal 9.659258e-01 -1.294095e-01 -2.241439e-01
    outer loop
      vertex   1.010623e+01 -2.580150e+01 6.678646e+02
      vertex   1.010623e+01 -2.468829e+01 6.672219e+02
      vertex   1.012427e+01 -2.576782e+01 6.679230e+02
    endloop
  endfacet
  facet normal 9.659258e-01 -1.294095e-01 -2.241439e-01
    outer loop
      vertex   1.012427e+01 -2.576782e+01 6.679230e+02
      vertex   1.010623e+01 -2.468829e+01 6.672219e+02
      vertex   1.012427e+01 -2.465462e+01 6.672803e+02
    endloop
  endfacet
  facet normal 9.063078e-01 -2.113091e-01 -3.659982e-01
    outer loop
      vertex   1.012427e+01 -2.576782e+01 6.679230e+02
      vertex   1.012427e+01 -2.465462e+01 6.672803e+02
      vertex   1.015374e+01 -2.573623e+01 6.679777e+02
    endloop
  endfacet
  facet normal 9.063078e-01 -2.113091e-01 -3.659982e-01
    outer loop
      vertex   1.015374e+01 -2.573623e+01 6.679777e+02
      vertex   1.012427e+01 -2.465462e+01 6.672803e+02
      vertex   1.015374e+01 -2.462302e+01 6.673350e+02
    endloop
  endfacet
  facet normal 8.191520e-01 -2.867882e-01 -4.967318e-01
    outer loop
      vertex   1.015374e+01 -2.573623e+01 6.679777e+02
      vertex   1.015374e+01 -2.462302e+01 6.673350e+02
      vertex   1.019373e+01 -2.570767e+01 6.680272e+02
    endloop
  endfacet
  facet normal 8.191520e-01 -2.867882e-01 -4.967318e-01
    outer loop
      vertex   1.019373e+01 -2.570767e+01 6.680272e+02
      vertex   1.015374e+01 -2.462302e+01 6.673350e+02
      vertex   1.019373e+01 -2.459446e+01 6.673845e+02
    endloop
  endfacet
  facet normal 7.071068e-01 -3.535534e-01 -6.123724e-01
    outer loop
      vertex   1.019373e+01 -2.570767e+01 6.680272e+02
      vertex   1.019373e+01 -2.459446e+01 6.673845e+02
      vertex   1.024304e+01 -2.568302e+01 6.680699e+02
    endloop
  endfacet
  facet normal 7.071068e-01 -3.535534e-01 -6.123724e-01
    outer loop
      vertex   1.024304e+01 -2.568302e+01 6.680699e+02
      vertex   1.019373e+01 -2.459446e+01 6.673845e+02
      vertex   1.024304e+01 -2.456981e+01 6.674271e+02
    endloop
  endfacet
  facet normal 5.735764e-01 -4.095760e-01 -7.094065e-01
    outer loop
      vertex   1.024304e+01 -2.568302e+01 6.680699e+02
      vertex   1.024304e+01 -2.456981e+01 6.674271e+02
      vertex   1.030015e+01 -2.566302e+01 6.681045e+02
    endloop
  endfacet
  facet normal 5.735764e-01 -4.095760e-01 -7.094065e-01
    outer loop
      vertex   1.030015e+01 -2.566302e+01 6.681045e+02
      vertex   1.024304e+01 -2.456981e+01 6.674271e+02
      vertex   1.030015e+01 -2.454982e+01 6.674618e+02
    endloop
  endfacet
  facet normal 4.226183e-01 -4.531539e-01 -7.848856e-01
    outer loop
      vertex   1.030015e+01 -2.566302e+01 6.681045e+02
      vertex   1.030015e+01 -2.454982e+01 6.674618e+02
      vertex   1.036334e+01 -2.564829e+01 6.681300e+02
    endloop
  endfacet
  facet normal 4.226183e-01 -4.531539e-01 -7.848856e-01
    outer loop
      vertex   1.036334e+01 -2.564829e+01 6.681300e+02
      vertex   1.030015e+01 -2.454982e+01 6.674618e+02
      vertex   1.036334e+01 -2.453508e+01 6.674873e+02
    endloop
  endfacet
  facet normal 2.588190e-01 -4.829629e-01 -8.365163e-01
    outer loop
      vertex   1.036334e+01 -2.564829e+01 6.681300e+02
      vertex   1.036334e+01 -2.453508e+01 6.674873e+02
      vertex   1.043069e+01 -2.563926e+01 6.681456e+02
    endloop
  endfacet
  facet normal 2.588190e-01 -4.829629e-01 -8.365163e-01
    outer loop
      vertex   1.043069e+01 -2.563926e+01 6.681456e+02
      vertex   1.036334e+01 -2.453508e+01 6.674873e+02
      vertex   1.043069e+01 -2.452606e+01 6.675029e+02
    endloop
  endfacet
  facet normal 8.715574e-02 -4.980973e-01 -8.627299e-01
    outer loop
      vertex   1.043069e+01 -2.563926e+01 6.681456e+02
      vertex   1.043069e+01 -2.452606e+01 6.675029e+02
      vertex   1.050015e+01 -2.563623e+01 6.681509e+02
    endloop
  endfacet
  facet normal 8.715574e-02 -4.980973e-01 -8.627299e-01
    outer loop
      vertex   1.050015e+01 -2.563623e+01 6.681509e+02
      vertex   1.043069e+01 -2.452606e+01 6.675029e+02
      vertex   1.050015e+01 -2.452302e+01 6.675082e+02
    endloop
  endfacet
  facet normal -8.715574e-02 -4.980973e-01 -8.627299e-01
    outer loop
      vertex   1.050015e+01 -2.563623e+01 6.681509e+02
      vertex   1.050015e+01 -2.452302e+01 6.675082e+02
      vertex   1.056961e+01 -2.563926e+01 6.681456e+02
    endloop
  endfacet
  facet normal -8.715574e-02 -4.980973e-01 -8.627299e-01
    outer loop
      vertex   1.056961e+01 -2.563926e+01 6.681456e+02
      vertex   1.050015e+01 -2.452302e+01 6.675082e+02
      vertex   1.056961e+01 -2.452606e+01 6.675029e+02
    endloop
  endfacet
  facet normal -2.588190e-01 -4.829629e-01 -8.365163e-01
    outer loop
      vertex   1.056961e+01 -2.563926e+01 6.681456e+02
      vertex   1.056961e+01 -2.452606e+01 6.675029e+02
      vertex   1.063696e+01 -2.564829e+01 6.681300e+02
    endloop
  endfacet
  facet normal -2.588190e-01 -4.829629e-01 -8.365163e-01
    outer loop
      vertex   1.063696e+01 -2.564829e+01 6.681300e+02
      vertex   1.056961e+01 -2.452606e+01 6.675029e+02
      vertex   1.063696e+01 -2.453508e+01 6.674873e+02
    endloop
  endfacet
  facet normal -4.226183e-01 -4.531539e-01 -7.848856e-01
    outer loop
      vertex   1.063696e+01 -2.564829e+01 6.681300e+02
      vertex   1.063696e+01 -2.453508e+01 6.674873e+02
      vertex   1.070015e+01 -2.566302e+01 6.681045e+02
    endloop
  endfacet
  facet normal -4.226183e-01 -4.531539e-01 -7.848856e-01
    outer loop
      vertex   1.070015e+01 -2.566302e+01 6.681045e+02
      vertex   1.063696e+01 -2.453508e+01 6.674873e+02
      vertex   1.070015e+01 -2.454982e+01 6.674618e+02
    endloop
  endfacet
  facet normal -5.735764e-01 -4.095760e-01 -7.094065e-01
    outer loop
      vertex   1.070015e+01 -2.566302e+01 6.681045e+02
      vertex   1.070015e+01 -2.454982e+01 6.674618e+02
      vertex   1.075727e+01 -2.568302e+01 6.680699e+02
    endloop
  endfacet
  facet normal -5.735764e-01 -4.095760e-01 -7.094065e-01
    outer loop
      vertex   1.075727e+01 -2.568302e+01 6.680699e+02
      vertex   1.070015e+01 -2.454982e+01 6.674618e+02
      vertex   1.075727e+01 -2.456981e+01 6.674271e+02
    endloop
  endfacet
  facet normal -7.071068e-01 -3.535534e-01 -6.123724e-01
    outer loop
      vertex   1.075727e+01 -2.568302e+01 6.680699e+02
      vertex   1.075727e+01 -2.456981e+01 6.674271e+02
      vertex   1.080657e+01 -2.570767e+01 6.680272e+02
    endloop
  endfacet
  facet normal -8.715574e-02 4.980973e-01 8.627299e-01
    outer loop
      vertex   1.050015e+01 -2.492302e+01 6.668154e+02
      vertex   1.050015e+01 -2.603623e+01 6.674581e+02
      vertex   1.056961e+01 -2.491998e+01 6.668206e+02
    endloop
  endfacet
  facet normal -8.715574e-02 4.980973e-01 8.627299e-01
    outer loop
      vertex   1.056961e+01 -2.491998e+01 6.668206e+02
      vertex   1.050015e+01 -2.603623e+01 6.674581e+02
      vertex   1.056961e+01 -2.603319e+01 6.674633e+02
    endloop
  endfacet
  facet normal -2.588190e-01 4.829629e-01 8.365163e-01
    outer loop
      vertex   1.056961e+01 -2.491998e+01 6.668206e+02
      vertex   1.056961e+01 -2.603319e+01 6.674633e+02
      vertex   1.063696e+01 -2.491096e+01 6.668363e+02
    endloop
  endfacet
  facet normal -2.588190e-01 4.829629e-01 8.365163e-01
    outer loop
      vertex   1.063696e+01 -2.491096e+01 6.668363e+02
      vertex   1.056961e+01 -2.603319e+01 6.674633e+02
      vertex   1.063696e+01 -2.602416e+01 6.674790e+02
    endloop
  endfacet
  facet normal -4.226183e-01 4.531539e-01 7.848856e-01
    outer loop
      vertex   1.063696e+01 -2.491096e+01 6.668363e+02
      vertex   1.063696e+01 -2.602416e+01 6.674790e+02
      vertex   1.070015e+01 -2.489623e+01 6.668618e+02
    endloop
  endfacet
  facet normal -4.226183e-01 4.531539e-01 7.848856e-01
    outer loop
      vertex   1.070015e+01 -2.489623e+01 6.668618e+02
      vertex   1.063696e+01 -2.602416e+01 6.674790e+02
      vertex   1.070015e+01 -2.600943e+01 6.675045e+02
    endloop
  endfacet
  facet normal -5.735764e-01 4.095760e-01 7.094065e-01
    outer loop
      vertex   1.070015e+01 -2.489623e+01 6.668618e+02
      vertex   1.070015e+01 -2.600943e+01 6.675045e+02
      vertex   1.075727e+01 -2.487623e+01 6.668964e+02
    endloop
  endfacet
  facet normal -5.735764e-01 4.095760e-01 7.094065e-01
    outer loop
      vertex   1.075727e+01 -2.487623e+01 6.668964e+02
      vertex   1.070015e+01 -2.600943e+01 6.675045e+02
      vertex   1.075727e+01 -2.598944e+01 6.675391e+02
    endloop
  endfacet
  facet normal -7.071068e-01 3.535534e-01 6.123724e-01
    outer loop
      vertex   1.075727e+01 -2.487623e+01 6.668964e+02
      vertex   1.075727e+01 -2.598944e+01 6.675391e+02
      vertex   1.080657e+01 -2.485158e+01 6.669391e+02
    endloop
  endfacet
  facet normal -7.071068e-01 3.535534e-01 6.123724e-01
    outer loop
      vertex   1.080657e+01 -2.485158e+01 6.669391e+02
      vertex   1.075727e+01 -2.598944e+01 6.675391e+02
      vertex   1.080657e+01 -2.596478e+01 6.675818e+02
    endloop
  endfacet
  facet normal -8.191520e-01 2.867882e-01 4.967318e-01
    outer loop
      vertex   1.080657e+01 -2.485158e+01 6.669391e+02
      vertex   1.080657e+01 -2.596478e+01 6.675818e+02
      vertex   1.084656e+01 -2.482302e+01 6.669886e+02
    endloop
  endfacet
  facet normal -8.191520e-01 2.867882e-01 4.967318e-01
    outer loop
      vertex   1.084656e+01 -2.482302e+01 6.669886e+02
      vertex   1.080657e+01 -2.596478e+01 6.675818e+02
      vertex   1.084656e+01 -2.593623e+01 6.676313e+02
    endloop
  endfacet
  facet normal -9.063078e-01 2.113091e-01 3.659982e-01
    outer loop
      vertex   1.084656e+01 -2.482302e+01 6.669886e+02
      vertex   1.084656e+01 -2.593623e+01 6.676313e+02
      vertex   1.087603e+01 -2.479142e+01 6.670433e+02
    endloop
  endfacet
  facet normal -9.063078e-01 2.113091e-01 3.659982e-01
    outer loop
      vertex   1.087603e+01 -2.479142e+01 6.670433e+02
      vertex   1.084656e+01 -2.593623e+01 6.676313e+02
      vertex   1.087603e+01 -2.590463e+01 6.676860e+02
    endloop
  endfacet
  facet normal -9.659258e-01 1.294095e-01 2.241439e-01
    outer loop
      vertex   1.087603e+01 -2.479142e+01 6.670433e+02
      vertex   1.087603e+01 -2.590463e+01 6.676860e+02
      vertex   1.089407e+01 -2.475775e+01 6.671016e+02
    endloop
  endfacet
  facet normal -9.659258e-01 1.294095e-01 2.241439e-01
    outer loop
      vertex   1.089407e+01 -2.475775e+01 6.671016e+02
      vertex   1.087603e+01 -2.590463e+01 6.676860e+02
      vertex   1.089407e+01 -2.587096e+01 6.677443e+02
    endloop
  endfacet
  facet normal -9.961947e-01 4.357787e-02 7.547909e-02
    outer loop
      vertex   1.089407e+01 -2.475775e+01 6.671016e+02
      vertex   1.089407e+01 -2.587096e+01 6.677443e+02
      vertex   1.090015e+01 -2.472302e+01 6.671618e+02
    endloop
  endfacet
  facet normal 8.715574e-02 4.980973e-01 8.627299e-01
    outer loop
      vertex   1.050015e+01 -2.603623e+01 6.674581e+02
      vertex   1.050015e+01 -2.492302e+01 6.668154e+02
      vertex   1.043069e+01 -2.603319e+01 6.674633e+02
    endloop
  endfacet
  facet normal 8.715574e-02 4.980973e-01 8.627299e-01
    outer loop
      vertex   1.043069e+01 -2.603319e+01 6.674633e+02
      vertex   1.050015e+01 -2.492302e+01 6.668154e+02
      vertex   1.043069e+01 -2.491998e+01 6.668206e+02
    endloop
  endfacet
  facet normal 2.588190e-01 4.829629e-01 8.365163e-01
    outer loop
      vertex   1.043069e+01 -2.603319e+01 6.674633e+02
      vertex   1.043069e+01 -2.491998e+01 6.668206e+02
      vertex   1.036334e+01 -2.602416e+01 6.674790e+02
    endloop
  endfacet
  facet normal 2.588190e-01 4.829629e-01 8.365163e-01
    outer loop
      vertex   1.036334e+01 -2.602416e+01 6.674790e+02
      vertex   1.043069e+01 -2.491998e+01 6.668206e+02
      vertex   1.036334e+01 -2.491096e+01 6.668363e+02
    endloop
  endfacet
  facet normal 4.226183e-01 4.531539e-01 7.848856e-01
    outer loop
      vertex   1.036334e+01 -2.602416e+01 6.674790e+02
      vertex   1.036334e+01 -2.491096e+01 6.668363e+02
      vertex   1.030015e+01 -2.600943e+01 6.675045e+02
    endloop
  endfacet
  facet normal 4.226183e-01 4.531539e-01 7.848856e-01
    outer loop
      vertex   1.030015e+01 -2.600943e+01 6.675045e+02
      vertex   1.036334e+01 -2.491096e+01 6.668363e+02
      vertex   1.030015e+01 -2.489623e+01 6.668618e+02
    endloop
  endfacet
  facet normal 5.735764e-01 4.095760e-01 7.094065e-01
    outer loop
      vertex   1.030015e+01 -2.600943e+01 6.675045e+02
      vertex   1.030015e+01 -2.489623e+01 6.668618e+02
      vertex   1.024304e+01 -2.598944e+01 6.675391e+02
    endloop
  endfacet
  facet normal 5.735764e-01 4.095760e-01 7.094065e-01
    outer loop
      vertex   1.024304e+01 -2.598944e+01 6.675391e+02
      vertex   1.030015e+01 -2.489623e+01 6.668618e+02
      vertex   1.024304e+01 -2.487623e+01 6.668964e+02
    endloop
  endfacet
  facet normal 7.071068e-01 3.535534e-01 6.123724e-01
    outer loop
      vertex   1.024304e+01 -2.598944e+01 6.675391e+02
      vertex   1.024304e+01 -2.487623e+01 6.668964e+02
      vertex   1.019373e+01 -2.596478e+01 6.675818e+02
    endloop
  endfacet
  facet normal 7.071068e-01 3.535534e-01 6.123724e-01
    outer loop
      vertex   1.019373e+01 -2.596478e+01 6.675818e+02
      vertex   1.024304e+01 -2.487623e+01 6.668964e+02
      vertex   1.019373e+01 -2.485158e+01 6.669391e+02
    endloop
  endfacet
  facet normal 8.191520e-01 2.867882e-01 4.967318e-01
    outer loop
      vertex   1.019373e+01 -2.596478e+01 6.675818e+02
      vertex   1.019373e+01 -2.485158e+01 6.669391e+02
      vertex   1.015374e+01 -2.593623e+01 6.676313e+02
    endloop
  endfacet
  facet normal 8.191520e-01 2.867882e-01 4.967318e-01
    outer loop
      vertex   1.015374e+01 -2.593623e+01 6.676313e+02
      vertex   1.019373e+01 -2.485158e+01 6.669391e+02
      vertex   1.015374e+01 -2.482302e+01 6.669886e+02
    endloop
  endfacet
  facet normal 9.063078e-01 2.113091e-01 3.659982e-01
    outer loop
      vertex   1.015374e+01 -2.593623e+01 6.676313e+02
      vertex   1.015374e+01 -2.482302e+01 6.669886e+02
      vertex   1.012427e+01 -2.590463e+01 6.676860e+02
    endloop
  endfacet
  facet normal 9.063078e-01 2.113091e-01 3.659982e-01
    outer loop
      vertex   1.012427e+01 -2.590463e+01 6.676860e+02
      vertex   1.015374e+01 -2.482302e+01 6.669886e+02
      vertex   1.012427e+01 -2.479142e+01 6.670433e+02
    endloop
  endfacet
  facet normal 9.659258e-01 1.294095e-01 2.241439e-01
    outer loop
      vertex   1.012427e+01 -2.590463e+01 6.676860e+02
      vertex   1.012427e+01 -2.479142e+01 6.670433e+02
      vertex   1.010623e+01 -2.587096e+01 6.677443e+02
    endloop
  endfacet
  facet normal 9.659258e-01 1.294095e-01 2.241439e-01
    outer loop
      vertex   1.010623e+01 -2.587096e+01 6.677443e+02
      vertex   1.012427e+01 -2.479142e+01 6.670433e+02
      vertex   1.010623e+01 -2.475775e+01 6.671016e+02
    endloop
  endfacet
  facet normal 4.734541e-01 -7.982926e-01 -3.722500e-01
    outer loop
      vertex   2.000000e+01 -2.315239e+01 6.669855e+02
      vertex   2.000000e+01 -2.429346e+01 6.694326e+02
      vertex   1.948237e+01 -2.340456e+01 6.668679e+02
    endloop
  endfacet
  facet normal 4.734541e-01 -7.982926e-01 -3.722500e-01
    outer loop
      vertex   1.948237e+01 -2.340456e+01 6.668679e+02
      vertex   2.000000e+01 -2.429346e+01 6.694326e+02
      vertex   1.948237e+01 -2.454563e+01 6.693150e+02
    endloop
  endfacet
  facet normal 5.299288e-01 -7.685872e-01 -3.583981e-01
    outer loop
      vertex   1.948237e+01 -2.340456e+01 6.668679e+02
      vertex   1.948237e+01 -2.454563e+01 6.693150e+02
      vertex   1.898400e+01 -2.368680e+01 6.667363e+02
    endloop
  endfacet
  facet normal 5.299288e-01 -7.685872e-01 -3.583981e-01
    outer loop
      vertex   1.898400e+01 -2.368680e+01 6.667363e+02
      vertex   1.948237e+01 -2.454563e+01 6.693150e+02
      vertex   1.898400e+01 -2.482787e+01 6.691834e+02
    endloop
  endfacet
  facet normal 5.841439e-01 -7.356048e-01 -3.430182e-01
    outer loop
      vertex   1.898400e+01 -2.368680e+01 6.667363e+02
      vertex   1.898400e+01 -2.482787e+01 6.691834e+02
      vertex   1.850702e+01 -2.399792e+01 6.665912e+02
    endloop
  endfacet
  facet normal 5.841439e-01 -7.356048e-01 -3.430182e-01
    outer loop
      vertex   1.850702e+01 -2.399792e+01 6.665912e+02
      vertex   1.898400e+01 -2.482787e+01 6.691834e+02
      vertex   1.850702e+01 -2.513899e+01 6.690383e+02
    endloop
  endfacet
  facet normal 6.358685e-01 -6.994860e-01 -3.261757e-01
    outer loop
      vertex   1.850702e+01 -2.399792e+01 6.665912e+02
      vertex   1.850702e+01 -2.513899e+01 6.690383e+02
      vertex   1.805345e+01 -2.433659e+01 6.664333e+02
    endloop
  endfacet
  facet normal 6.358685e-01 -6.994860e-01 -3.261757e-01
    outer loop
      vertex   1.805345e+01 -2.433659e+01 6.664333e+02
      vertex   1.850702e+01 -2.513899e+01 6.690383e+02
      vertex   1.805345e+01 -2.547766e+01 6.688803e+02
    endloop
  endfacet
  facet normal 6.848819e-01 -6.603848e-01 -3.079425e-01
    outer loop
      vertex   1.805345e+01 -2.433659e+01 6.664333e+02
      vertex   1.805345e+01 -2.547766e+01 6.688803e+02
      vertex   1.762524e+01 -2.470137e+01 6.662632e+02
    endloop
  endfacet
  facet normal 6.848819e-01 -6.603848e-01 -3.079425e-01
    outer loop
      vertex   1.762524e+01 -2.470137e+01 6.662632e+02
      vertex   1.805345e+01 -2.547766e+01 6.688803e+02
      vertex   1.762524e+01 -2.584244e+01 6.687103e+02
    endloop
  endfacet
  facet normal 7.309753e-01 -6.184680e-01 -2.883964e-01
    outer loop
      vertex   1.762524e+01 -2.470137e+01 6.662632e+02
      vertex   1.762524e+01 -2.584244e+01 6.687103e+02
      vertex   1.722422e+01 -2.509069e+01 6.660817e+02
    endloop
  endfacet
  facet normal 7.309753e-01 -6.184680e-01 -2.883964e-01
    outer loop
      vertex   1.722422e+01 -2.509069e+01 6.660817e+02
      vertex   1.762524e+01 -2.584244e+01 6.687103e+02
      vertex   1.722422e+01 -2.623176e+01 6.685287e+02
    endloop
  endfacet
  facet normal 7.739520e-01 -5.739142e-01 -2.676206e-01
    outer loop
      vertex   1.722422e+01 -2.509069e+01 6.660817e+02
      vertex   1.722422e+01 -2.623176e+01 6.685287e+02
      vertex   1.685208e+01 -2.550291e+01 6.658895e+02
    endloop
  endfacet
  facet normal 7.739520e-01 -5.739142e-01 -2.676206e-01
    outer loop
      vertex   1.685208e+01 -2.550291e+01 6.658895e+02
      vertex   1.722422e+01 -2.623176e+01 6.685287e+02
      vertex   1.685208e+01 -2.664398e+01 6.683365e+02
    endloop
  endfacet
  facet normal 8.136288e-01 -5.269135e-01 -2.457038e-01
    outer loop
      vertex   1.685208e+01 -2.550291e+01 6.658895e+02
      vertex   1.685208e+01 -2.664398e+01 6.683365e+02
      vertex   1.651041e+01 -2.593626e+01 6.656874e+02
    endloop
  endfacet
  facet normal 8.136288e-01 -5.269135e-01 -2.457038e-01
    outer loop
      vertex   1.651041e+01 -2.593626e+01 6.656874e+02
      vertex   1.685208e+01 -2.664398e+01 6.683365e+02
      vertex   1.651041e+01 -2.707733e+01 6.681344e+02
    endloop
  endfacet
  facet normal 8.498366e-01 -4.776661e-01 -2.227394e-01
    outer loop
      vertex   1.651041e+01 -2.593626e+01 6.656874e+02
      vertex   1.651041e+01 -2.707733e+01 6.681344e+02
      vertex   1.620068e+01 -2.638889e+01 6.654763e+02
    endloop
  endfacet
  facet normal 8.498366e-01 -4.776661e-01 -2.227394e-01
    outer loop
      vertex   1.620068e+01 -2.638889e+01 6.654763e+02
      vertex   1.651041e+01 -2.707733e+01 6.681344e+02
      vertex   1.620068e+01 -2.752996e+01 6.679233e+02
    endloop
  endfacet
  facet normal 8.824209e-01 -4.263822e-01 -1.988253e-01
    outer loop
      vertex   1.620068e+01 -2.638889e+01 6.654763e+02
      vertex   1.620068e+01 -2.752996e+01 6.679233e+02
      vertex   1.592421e+01 -2.685888e+01 6.652572e+02
    endloop
  endfacet
  facet normal 8.824209e-01 -4.263822e-01 -1.988253e-01
    outer loop
      vertex   1.592421e+01 -2.685888e+01 6.652572e+02
      vertex   1.620068e+01 -2.752996e+01 6.679233e+02
      vertex   1.592421e+01 -2.799994e+01 6.677042e+02
    endloop
  endfacet
  facet normal 9.112430e-01 -3.732803e-01 -1.740635e-01
    outer loop
      vertex   1.592421e+01 -2.685888e+01 6.652572e+02
      vertex   1.592421e+01 -2.799994e+01 6.677042e+02
      vertex   1.568216e+01 -2.734421e+01 6.650308e+02
    endloop
  endfacet
  facet normal 9.112430e-01 -3.732803e-01 -1.740635e-01
    outer loop
      vertex   1.568216e+01 -2.734421e+01 6.650308e+02
      vertex   1.592421e+01 -2.799994e+01 6.677042e+02
      vertex   1.568216e+01 -2.848528e+01 6.674779e+02
    endloop
  endfacet
  facet normal 9.361797e-01 -3.185869e-01 -1.485595e-01
    outer loop
      vertex   1.568216e+01 -2.734421e+01 6.650308e+02
      vertex   1.568216e+01 -2.848528e+01 6.674779e+02
      vertex   1.547558e+01 -2.784283e+01 6.647983e+02
    endloop
  endfacet
  facet normal 9.361797e-01 -3.185869e-01 -1.485595e-01
    outer loop
      vertex   1.547558e+01 -2.784283e+01 6.647983e+02
      vertex   1.568216e+01 -2.848528e+01 6.674779e+02
      vertex   1.547558e+01 -2.898390e+01 6.672454e+02
    endloop
  endfacet
  facet normal 9.571249e-01 -2.625351e-01 -1.224221e-01
    outer loop
      vertex   1.547558e+01 -2.784283e+01 6.647983e+02
      vertex   1.547558e+01 -2.898390e+01 6.672454e+02
      vertex   1.530535e+01 -2.835261e+01 6.645606e+02
    endloop
  endfacet
  facet normal 9.571249e-01 -2.625351e-01 -1.224221e-01
    outer loop
      vertex   1.530535e+01 -2.835261e+01 6.645606e+02
      vertex   1.547558e+01 -2.898390e+01 6.672454e+02
      vertex   1.530535e+01 -2.949368e+01 6.670077e+02
    endloop
  endfacet
  facet normal 9.739893e-01 -2.053639e-01 -9.576277e-02
    outer loop
      vertex   1.530535e+01 -2.835261e+01 6.645606e+02
      vertex   1.530535e+01 -2.949368e+01 6.670077e+02
      vertex   1.517219e+01 -2.887136e+01 6.643187e+02
    endloop
  endfacet
  facet normal 9.739893e-01 -2.053639e-01 -9.576277e-02
    outer loop
      vertex   1.517219e+01 -2.887136e+01 6.643187e+02
      vertex   1.530535e+01 -2.949368e+01 6.670077e+02
      vertex   1.517219e+01 -3.001243e+01 6.667658e+02
    endloop
  endfacet
  facet normal 9.867009e-01 -1.473172e-01 -6.869512e-02
    outer loop
      vertex   1.517219e+01 -2.887136e+01 6.643187e+02
      vertex   1.517219e+01 -3.001243e+01 6.667658e+02
      vertex   1.507666e+01 -2.939689e+01 6.640737e+02
    endloop
  endfacet
  facet normal 9.867009e-01 -1.473172e-01 -6.869512e-02
    outer loop
      vertex   1.507666e+01 -2.939689e+01 6.640737e+02
      vertex   1.517219e+01 -3.001243e+01 6.667658e+02
      vertex   1.507666e+01 -3.053796e+01 6.665207e+02
    endloop
  endfacet
  facet normal 9.952055e-01 -8.864229e-02 -4.133458e-02
    outer loop
      vertex   1.507666e+01 -2.939689e+01 6.640737e+02
      vertex   1.507666e+01 -3.053796e+01 6.665207e+02
      vertex   1.501919e+01 -2.992695e+01 6.638265e+02
    endloop
  endfacet
  facet normal 9.952055e-01 -8.864229e-02 -4.133458e-02
    outer loop
      vertex   1.501919e+01 -2.992695e+01 6.638265e+02
      vertex   1.507666e+01 -3.053796e+01 6.665207e+02
      vertex   1.501919e+01 -3.106802e+01 6.662735e+02
    endloop
  endfacet
  facet normal 9.994669e-01 -2.958948e-02 -1.379780e-02
    outer loop
      vertex   1.501919e+01 -2.992695e+01 6.638265e+02
      vertex   1.501919e+01 -3.106802e+01 6.662735e+02
      vertex   1.500000e+01 -3.045928e+01 6.635783e+02
    endloop
  endfacet
  facet normal 9.994669e-01 -2.958948e-02 -1.379780e-02
    outer loop
      vertex   1.500000e+01 -3.045928e+01 6.635783e+02
      vertex   1.501919e+01 -3.106802e+01 6.662735e+02
      vertex   1.500000e+01 -3.160035e+01 6.660253e+02
    endloop
  endfacet
  facet normal 1.000000e+00 0.000000e+00 0.000000e+00
    outer loop
      vertex   1.500000e+01 -3.160035e+01 6.660253e+02
      vertex   1.500000e+01 -6.054577e+01 6.525278e+02
      vertex   1.500000e+01 -3.045928e+01 6.635783e+02
    endloop
  endfacet
  facet normal 1.000000e+00 0.000000e+00 0.000000e+00
    outer loop
      vertex   1.500000e+01 -3.045928e+01 6.635783e+02
      vertex   1.500000e+01 -6.054577e+01 6.525278e+02
      vertex   1.500000e+01 -6.846778e+01 6.458546e+02
    endloop
  endfacet
  facet normal 1.000000e+00 2.997565e-15 -3.558516e-15
    outer loop
      vertex   1.500000e+01 -6.846778e+01 6.458546e+02
      vertex   1.500000e+01 -6.054577e+01 6.525278e+02
      vertex   1.500000e+01 -7.214456e+01 6.537395e+02
    endloop
  endfacet
  facet normal 1.000000e+00 -2.041067e-15 -5.179138e-14
    outer loop
      vertex   1.500000e+01 -7.214456e+01 6.537395e+02
      vertex   1.500000e+01 -6.054577e+01 6.525278e+02
      vertex   1.500000e+01 -7.223938e+01 6.539833e+02
    endloop
  endfacet
  facet normal 1.000000e+00 3.646319e-15 -6.098111e-15
    outer loop
      vertex   1.500000e+01 -7.223938e+01 6.539833e+02
      vertex   1.500000e+01 -6.054577e+01 6.525278e+02
      vertex   1.500000e+01 -7.230156e+01 6.542374e+02
    endloop
  endfacet
  facet normal 1.000000e+00 4.606513e-15 5.044953e-16
    outer loop
      vertex   1.500000e+01 -7.230156e+01 6.542374e+02
      vertex   1.500000e+01 -6.054577e+01 6.525278e+02
      vertex   1.500000e+01 -7.233004e+01 6.544975e+02
    endloop
  endfacet
  facet normal 1.000000e+00 4.505758e-15 -9.831598e-17
    outer loop
      vertex   1.500000e+01 -7.233004e+01 6.544975e+02
      vertex   1.500000e+01 -6.054577e+01 6.525278e+02
      vertex   1.500000e+01 -7.232433e+01 6.547590e+02
    endloop
  endfacet
  facet normal 1.000000e+00 4.357223e-15 -8.824291e-16
    outer loop
      vertex   1.500000e+01 -7.232433e+01 6.547590e+02
      vertex   1.500000e+01 -6.054577e+01 6.525278e+02
      vertex   1.500000e+01 -7.117718e+01 6.563973e+02
    endloop
  endfacet
  facet normal 1.000000e+00 3.969540e-15 -6.109707e-16
    outer loop
      vertex   1.500000e+01 -7.232433e+01 6.547590e+02
      vertex   1.500000e+01 -7.117718e+01 6.563973e+02
      vertex   1.500000e+01 -7.228453e+01 6.550176e+02
    endloop
  endfacet
  facet normal 1.000000e+00 5.037888e-15 -1.468410e-15
    outer loop
      vertex   1.500000e+01 -7.228453e+01 6.550176e+02
      vertex   1.500000e+01 -7.117718e+01 6.563973e+02
      vertex   1.500000e+01 -7.221133e+01 6.552688e+02
    endloop
  endfacet
  facet normal 1.000000e+00 6.608917e-15 -2.907993e-15
    outer loop
      vertex   1.500000e+01 -7.221133e+01 6.552688e+02
      vertex   1.500000e+01 -7.117718e+01 6.563973e+02
      vertex   1.500000e+01 -7.210596e+01 6.555082e+02
    endloop
  endfacet
  facet normal 1.000000e+00 9.126960e-15 -5.538375e-15
    outer loop
      vertex   1.500000e+01 -7.210596e+01 6.555082e+02
      vertex   1.500000e+01 -7.117718e+01 6.563973e+02
      vertex   1.500000e+01 -7.197025e+01 6.557319e+02
    endloop
  endfacet
  facet normal 1.000000e+00 1.371824e-14 -1.101006e-14
    outer loop
      vertex   1.500000e+01 -7.197025e+01 6.557319e+02
      vertex   1.500000e+01 -7.117718e+01 6.563973e+02
      vertex   1.500000e+01 -7.180650e+01 6.559359e+02
    endloop
  endfacet
  facet normal 1.000000e+00 2.411944e-14 -2.519549e-14
    outer loop
      vertex   1.500000e+01 -7.180650e+01 6.559359e+02
      vertex   1.500000e+01 -7.117718e+01 6.563973e+02
      vertex   1.500000e+01 -7.161752e+01 6.561168e+02
    endloop
  endfacet
  facet normal 1.000000e+00 5.738941e-15 3.656108e-15
    outer loop
      vertex   1.500000e+01 -7.161752e+01 6.561168e+02
      vertex   1.500000e+01 -7.117718e+01 6.563973e+02
      vertex   1.500000e+01 -7.140654e+01 6.562715e+02
    endloop
  endfacet
  facet normal 1.000000e+00 5.634741e-15 2.627523e-15
    outer loop
      vertex   1.500000e+01 -6.054577e+01 6.525278e+02
      vertex   1.500000e+01 -6.308148e+01 6.579657e+02
      vertex   1.500000e+01 -7.117718e+01 6.563973e+02
    endloop
  endfacet
  facet normal 1.000000e+00 1.051009e-14 -2.253896e-14
    outer loop
      vertex   1.500000e+01 -7.117718e+01 6.563973e+02
      vertex   1.500000e+01 -6.308148e+01 6.579657e+02
      vertex   1.500000e+01 -6.573933e+01 6.589330e+02
    endloop
  endfacet
  facet normal 1.000000e+00 -7.876021e-14 -2.678071e-13
    outer loop
      vertex   1.500000e+01 -6.573933e+01 6.589330e+02
      vertex   1.500000e+01 -6.308148e+01 6.579657e+02
      vertex   1.500000e+01 -6.320731e+01 6.581950e+02
    endloop
  endfacet
  facet normal 1.000000e+00 -4.013415e-15 -1.136247e-14
    outer loop
      vertex   1.500000e+01 -6.573933e+01 6.589330e+02
      vertex   1.500000e+01 -6.320731e+01 6.581950e+02
      vertex   1.500000e+01 -6.336201e+01 6.584060e+02
    endloop
  endfacet
  facet normal 1.000000e+00 -1.897012e-15 -1.815994e-15
    outer loop
      vertex   1.500000e+01 -6.336201e+01 6.584060e+02
      vertex   1.500000e+01 -6.354291e+01 6.585950e+02
      vertex   1.500000e+01 -6.573933e+01 6.589330e+02
    endloop
  endfacet
  facet normal 1.000000e+00 -2.001301e-15 -2.493570e-15
    outer loop
      vertex   1.500000e+01 -6.573933e+01 6.589330e+02
      vertex   1.500000e+01 -6.354291e+01 6.585950e+02
      vertex   1.500000e+01 -6.374694e+01 6.587587e+02
    endloop
  endfacet
  facet normal 1.000000e+00 -2.083541e-15 -3.433569e-15
    outer loop
      vertex   1.500000e+01 -6.573933e+01 6.589330e+02
      vertex   1.500000e+01 -6.374694e+01 6.587587e+02
      vertex   1.500000e+01 -6.397060e+01 6.588945e+02
    endloop
  endfacet
  facet normal 1.000000e+00 -2.113424e-15 -4.803122e-15
    outer loop
      vertex   1.500000e+01 -6.397060e+01 6.588945e+02
      vertex   1.500000e+01 -6.421005e+01 6.589998e+02
      vertex   1.500000e+01 -6.573933e+01 6.589330e+02
    endloop
  endfacet
  facet normal 1.000000e+00 -1.695540e-15 -1.437425e-14
    outer loop
      vertex   1.500000e+01 -6.573933e+01 6.589330e+02
      vertex   1.500000e+01 -6.421005e+01 6.589998e+02
      vertex   1.500000e+01 -6.549551e+01 6.590279e+02
    endloop
  endfacet
  facet normal 1.000000e+00 -1.493714e-15 -5.124702e-15
    outer loop
      vertex   1.500000e+01 -6.549551e+01 6.590279e+02
      vertex   1.500000e+01 -6.421005e+01 6.589998e+02
      vertex   1.500000e+01 -6.446122e+01 6.590730e+02
    endloop
  endfacet
  facet normal 1.000000e+00 -5.723061e-16 -2.622842e-14
    outer loop
      vertex   1.500000e+01 -6.549551e+01 6.590279e+02
      vertex   1.500000e+01 -6.446122e+01 6.590730e+02
      vertex   1.500000e+01 -6.524139e+01 6.590900e+02
    endloop
  endfacet
  facet normal 1.000000e+00 -0.000000e+00 0.000000e+00
    outer loop
      vertex   1.500000e+01 -6.524139e+01 6.590900e+02
      vertex   1.500000e+01 -6.446122e+01 6.590730e+02
      vertex   1.500000e+01 -6.471978e+01 6.591128e+02
    endloop
  endfacet
  facet normal 1.000000e+00 0.000000e+00 0.000000e+00
    outer loop
      vertex   1.500000e+01 -6.524139e+01 6.590900e+02
      vertex   1.500000e+01 -6.471978e+01 6.591128e+02
      vertex   1.500000e+01 -6.498133e+01 6.591185e+02
    endloop
  endfacet
  facet normal -4.734541e-01 -7.982926e-01 -3.722500e-01
    outer loop
      vertex   -2.000000e+01 -2.429346e+01 6.694326e+02
      vertex   -2.000000e+01 -2.315239e+01 6.669855e+02
      vertex   -1.948237e+01 -2.454563e+01 6.693150e+02
    endloop
  endfacet
  facet normal -4.734541e-01 -7.982926e-01 -3.722500e-01
    outer loop
      vertex   -1.948237e+01 -2.454563e+01 6.693150e+02
      vertex   -2.000000e+01 -2.315239e+01 6.669855e+02
      vertex   -1.948237e+01 -2.340456e+01 6.668679e+02
    endloop
  endfacet
  facet normal -5.299288e-01 -7.685872e-01 -3.583981e-01
    outer loop
      vertex   -1.948237e+01 -2.454563e+01 6.693150e+02
      vertex   -1.948237e+01 -2.340456e+01 6.668679e+02
      vertex   -1.898400e+01 -2.482787e+01 6.691834e+02
    endloop
  endfacet
  facet normal -5.299288e-01 -7.685872e-01 -3.583981e-01
    outer loop
      vertex   -1.898400e+01 -2.482787e+01 6.691834e+02
      vertex   -1.948237e+01 -2.340456e+01 6.668679e+02
      vertex   -1.898400e+01 -2.368680e+01 6.667363e+02
    endloop
  endfacet
  facet normal -5.841439e-01 -7.356048e-01 -3.430182e-01
    outer loop
      vertex   -1.898400e+01 -2.482787e+01 6.691834e+02
      vertex   -1.898400e+01 -2.368680e+01 6.667363e+02
      vertex   -1.850702e+01 -2.513899e+01 6.690383e+02
    endloop
  endfacet
  facet normal -5.841439e-01 -7.356048e-01 -3.430182e-01
    outer loop
      vertex   -1.850702e+01 -2.513899e+01 6.690383e+02
      vertex   -1.898400e+01 -2.368680e+01 6.667363e+02
      vertex   -1.850702e+01 -2.399792e+01 6.665912e+02
    endloop
  endfacet
  facet normal -6.358685e-01 -6.994860e-01 -3.261757e-01
    outer loop
      vertex   -1.850702e+01 -2.513899e+01 6.690383e+02
      vertex   -1.850702e+01 -2.399792e+01 6.665912e+02
      vertex   -1.805345e+01 -2.547766e+01 6.688803e+02
    endloop
  endfacet
  facet normal -6.358685e-01 -6.994860e-01 -3.261757e-01
    outer loop
      vertex   -1.805345e+01 -2.547766e+01 6.688803e+02
      vertex   -1.850702e+01 -2.399792e+01 6.665912e+02
      vertex   -1.805345e+01 -2.433659e+01 6.664333e+02
    endloop
  endfacet
  facet normal -6.848819e-01 -6.603848e-01 -3.079425e-01
    outer loop
      vertex   -1.805345e+01 -2.547766e+01 6.688803e+02
      vertex   -1.805345e+01 -2.433659e+01 6.664333e+02
      vertex   -1.762524e+01 -2.584244e+01 6.687103e+02
    endloop
  endfacet
  facet normal -6.848819e-01 -6.603848e-01 -3.079425e-01
    outer loop
      vertex   -1.762524e+01 -2.584244e+01 6.687103e+02
      vertex   -1.805345e+01 -2.433659e+01 6.664333e+02
      vertex   -1.762524e+01 -2.470137e+01 6.662632e+02
    endloop
  endfacet
  facet normal -7.309753e-01 -6.184680e-01 -2.883964e-01
    outer loop
      vertex   -1.762524e+01 -2.584244e+01 6.687103e+02
      vertex   -1.762524e+01 -2.470137e+01 6.662632e+02
      vertex   -1.722422e+01 -2.623176e+01 6.685287e+02
    endloop
  endfacet
  facet normal -7.309753e-01 -6.184680e-01 -2.883964e-01
    outer loop
      vertex   -1.722422e+01 -2.623176e+01 6.685287e+02
      vertex   -1.762524e+01 -2.470137e+01 6.662632e+02
      vertex   -1.722422e+01 -2.509069e+01 6.660817e+02
    endloop
  endfacet
  facet normal -7.739520e-01 -5.739142e-01 -2.676206e-01
    outer loop
      vertex   -1.722422e+01 -2.623176e+01 6.685287e+02
      vertex   -1.722422e+01 -2.509069e+01 6.660817e+02
      vertex   -1.685208e+01 -2.664398e+01 6.683365e+02
    endloop
  endfacet
  facet normal -7.739520e-01 -5.739142e-01 -2.676206e-01
    outer loop
      vertex   -1.685208e+01 -2.664398e+01 6.683365e+02
      vertex   -1.722422e+01 -2.509069e+01 6.660817e+02
      vertex   -1.685208e+01 -2.550291e+01 6.658895e+02
    endloop
  endfacet
  facet normal -8.136288e-01 -5.269135e-01 -2.457038e-01
    outer loop
      vertex   -1.685208e+01 -2.664398e+01 6.683365e+02
      vertex   -1.685208e+01 -2.550291e+01 6.658895e+02
      vertex   -1.651041e+01 -2.707733e+01 6.681344e+02
    endloop
  endfacet
  facet normal -8.136288e-01 -5.269135e-01 -2.457038e-01
    outer loop
      vertex   -1.651041e+01 -2.707733e+01 6.681344e+02
      vertex   -1.685208e+01 -2.550291e+01 6.658895e+02
      vertex   -1.651041e+01 -2.593626e+01 6.656874e+02
    endloop
  endfacet
  facet normal -8.498366e-01 -4.776661e-01 -2.227394e-01
    outer loop
      vertex   -1.651041e+01 -2.707733e+01 6.681344e+02
      vertex   -1.651041e+01 -2.593626e+01 6.656874e+02
      vertex   -1.620068e+01 -2.752996e+01 6.679233e+02
    endloop
  endfacet
  facet normal -8.498366e-01 -4.776661e-01 -2.227394e-01
    outer loop
      vertex   -1.620068e+01 -2.752996e+01 6.679233e+02
      vertex   -1.651041e+01 -2.593626e+01 6.656874e+02
      vertex   -1.620068e+01 -2.638889e+01 6.654763e+02
    endloop
  endfacet
  facet normal -8.824209e-01 -4.263822e-01 -1.988253e-01
    outer loop
      vertex   -1.620068e+01 -2.752996e+01 6.679233e+02
      vertex   -1.620068e+01 -2.638889e+01 6.654763e+02
      vertex   -1.592421e+01 -2.799994e+01 6.677042e+02
    endloop
  endfacet
  facet normal -8.824209e-01 -4.263822e-01 -1.988253e-01
    outer loop
      vertex   -1.592421e+01 -2.799994e+01 6.677042e+02
      vertex   -1.620068e+01 -2.638889e+01 6.654763e+02
      vertex   -1.592421e+01 -2.685888e+01 6.652572e+02
    endloop
  endfacet
  facet normal -9.112430e-01 -3.732803e-01 -1.740635e-01
    outer loop
      vertex   -1.592421e+01 -2.799994e+01 6.677042e+02
      vertex   -1.592421e+01 -2.685888e+01 6.652572e+02
      vertex   -1.568216e+01 -2.848528e+01 6.674779e+02
    endloop
  endfacet
  facet normal -9.112430e-01 -3.732803e-01 -1.740635e-01
    outer loop
      vertex   -1.568216e+01 -2.848528e+01 6.674779e+02
      vertex   -1.592421e+01 -2.685888e+01 6.652572e+02
      vertex   -1.568216e+01 -2.734421e+01 6.650308e+02
    endloop
  endfacet
  facet normal -9.361797e-01 -3.185869e-01 -1.485595e-01
    outer loop
      vertex   -1.568216e+01 -2.848528e+01 6.674779e+02
      vertex   -1.568216e+01 -2.734421e+01 6.650308e+02
      vertex   -1.547558e+01 -2.898390e+01 6.672454e+02
    endloop
  endfacet
  facet normal -9.361797e-01 -3.185869e-01 -1.485595e-01
    outer loop
      vertex   -1.547558e+01 -2.898390e+01 6.672454e+02
      vertex   -1.568216e+01 -2.734421e+01 6.650308e+02
      vertex   -1.547558e+01 -2.784283e+01 6.647983e+02
    endloop
  endfacet
  facet normal -9.571249e-01 -2.625351e-01 -1.224221e-01
    outer loop
      vertex   -1.547558e+01 -2.898390e+01 6.672454e+02
      vertex   -1.547558e+01 -2.784283e+01 6.647983e+02
      vertex   -1.530535e+01 -2.949368e+01 6.670077e+02
    endloop
  endfacet
  facet normal -9.571249e-01 -2.625351e-01 -1.224221e-01
    outer loop
      vertex   -1.530535e+01 -2.949368e+01 6.670077e+02
      vertex   -1.547558e+01 -2.784283e+01 6.647983e+02
      vertex   -1.530535e+01 -2.835261e+01 6.645606e+02
    endloop
  endfacet
  facet normal -9.739893e-01 -2.053639e-01 -9.576277e-02
    outer loop
      vertex   -1.530535e+01 -2.949368e+01 6.670077e+02
      vertex   -1.530535e+01 -2.835261e+01 6.645606e+02
      vertex   -1.517219e+01 -3.001243e+01 6.667658e+02
    endloop
  endfacet
  facet normal -9.739893e-01 -2.053639e-01 -9.576277e-02
    outer loop
      vertex   -1.517219e+01 -3.001243e+01 6.667658e+02
      vertex   -1.530535e+01 -2.835261e+01 6.645606e+02
      vertex   -1.517219e+01 -2.887136e+01 6.643187e+02
    endloop
  endfacet
  facet normal -9.867009e-01 -1.473172e-01 -6.869512e-02
    outer loop
      vertex   -1.517219e+01 -3.001243e+01 6.667658e+02
      vertex   -1.517219e+01 -2.887136e+01 6.643187e+02
      vertex   -1.507666e+01 -3.053796e+01 6.665207e+02
    endloop
  endfacet
  facet normal -9.867009e-01 -1.473172e-01 -6.869512e-02
    outer loop
      vertex   -1.507666e+01 -3.053796e+01 6.665207e+02
      vertex   -1.517219e+01 -2.887136e+01 6.643187e+02
      vertex   -1.507666e+01 -2.939689e+01 6.640737e+02
    endloop
  endfacet
  facet normal -9.952055e-01 -8.864229e-02 -4.133458e-02
    outer loop
      vertex   -1.507666e+01 -3.053796e+01 6.665207e+02
      vertex   -1.507666e+01 -2.939689e+01 6.640737e+02
      vertex   -1.501919e+01 -3.106802e+01 6.662735e+02
    endloop
  endfacet
  facet normal -9.952055e-01 -8.864229e-02 -4.133458e-02
    outer loop
      vertex   -1.501919e+01 -3.106802e+01 6.662735e+02
      vertex   -1.507666e+01 -2.939689e+01 6.640737e+02
      vertex   -1.501919e+01 -2.992695e+01 6.638265e+02
    endloop
  endfacet
  facet normal -9.994669e-01 -2.958948e-02 -1.379780e-02
    outer loop
      vertex   -1.501919e+01 -3.106802e+01 6.662735e+02
      vertex   -1.501919e+01 -2.992695e+01 6.638265e+02
      vertex   -1.500000e+01 -3.160035e+01 6.660253e+02
    endloop
  endfacet
  facet normal -9.994669e-01 -2.958948e-02 -1.379780e-02
    outer loop
      vertex   -1.500000e+01 -3.160035e+01 6.660253e+02
      vertex   -1.501919e+01 -2.992695e+01 6.638265e+02
      vertex   -1.500000e+01 -3.045928e+01 6.635783e+02
    endloop
  endfacet
  facet normal -6.439704e-15 9.063078e-01 4.226183e-01
    outer loop
      vertex   -1.300000e+01 -6.054577e+01 6.525278e+02
      vertex   -1.500000e+01 -6.054577e+01 6.525278e+02
      vertex   -1.300000e+01 -6.308148e+01 6.579657e+02
    endloop
  endfacet
  facet normal -6.439704e-15 9.063078e-01 4.226183e-01
    outer loop
      vertex   -1.300000e+01 -6.308148e+01 6.579657e+02
      vertex   -1.500000e+01 -6.054577e+01 6.525278e+02
      vertex   -1.500000e+01 -6.308148e+01 6.579657e+02
    endloop
  endfacet
  facet normal -1.616748e-14 -4.226183e-01 9.063078e-01
    outer loop
      vertex   -2.000000e+00 -1.613669e+01 6.732361e+02
      vertex   -2.000000e+00 -2.429346e+01 6.694326e+02
      vertex   5.000000e+00 -1.613669e+01 6.732361e+02
    endloop
  endfacet
  facet normal 6.145008e-16 -4.226183e-01 9.063078e-01
    outer loop
      vertex   5.000000e+00 -1.613669e+01 6.732361e+02
      vertex   -2.000000e+00 -2.429346e+01 6.694326e+02
      vertex   3.238603e+00 -2.717165e+01 6.680904e+02
    endloop
  endfacet
  facet normal -2.062467e-15 -4.226183e-01 9.063078e-01
    outer loop
      vertex   5.000000e+00 -1.613669e+01 6.732361e+02
      vertex   3.238603e+00 -2.717165e+01 6.680904e+02
      vertex   1.013060e+01 -2.653751e+01 6.683861e+02
    endloop
  endfacet
  facet normal 1.170718e-13 -4.226183e-01 9.063078e-01
    outer loop
      vertex   1.013060e+01 -2.653751e+01 6.683861e+02
      vertex   3.238603e+00 -2.717165e+01 6.680904e+02
      vertex   1.010784e+01 -2.662053e+01 6.683474e+02
    endloop
  endfacet
  facet normal -8.685358e-14 -4.226183e-01 9.063078e-01
    outer loop
      vertex   1.010784e+01 -2.662053e+01 6.683474e+02
      vertex   3.238603e+00 -2.717165e+01 6.680904e+02
      vertex   1.010015e+01 -2.670687e+01 6.683072e+02
    endloop
  endfacet
  facet normal -6.637075e-15 -4.226183e-01 9.063078e-01
    outer loop
      vertex   1.010015e+01 -2.670687e+01 6.683072e+02
      vertex   3.238603e+00 -2.717165e+01 6.680904e+02
      vertex   1.010784e+01 -2.679321e+01 6.682669e+02
    endloop
  endfacet
  facet normal -1.960812e-15 -4.226183e-01 9.063078e-01
    outer loop
      vertex   1.010784e+01 -2.679321e+01 6.682669e+02
      vertex   3.238603e+00 -2.717165e+01 6.680904e+02
      vertex   1.013060e+01 -2.687623e+01 6.682282e+02
    endloop
  endfacet
  facet normal 7.311762e-14 -4.226183e-01 9.063078e-01
    outer loop
      vertex   1.013060e+01 -2.687623e+01 6.682282e+02
      vertex   3.238603e+00 -2.717165e+01 6.680904e+02
      vertex   1.016756e+01 -2.695275e+01 6.681925e+02
    endloop
  endfacet
  facet normal -8.857887e-14 -4.226183e-01 9.063078e-01
    outer loop
      vertex   1.016756e+01 -2.695275e+01 6.681925e+02
      vertex   3.238603e+00 -2.717165e+01 6.680904e+02
      vertex   1.019095e+01 -2.698763e+01 6.681762e+02
    endloop
  endfacet
  facet normal -1.981638e-16 -4.226183e-01 9.063078e-01
    outer loop
      vertex   1.019095e+01 -2.698763e+01 6.681762e+02
      vertex   3.238603e+00 -2.717165e+01 6.680904e+02
      vertex   3.238603e+00 -4.090221e+01 6.616878e+02
    endloop
  endfacet
  facet normal 2.434169e-12 -4.226183e-01 9.063078e-01
    outer loop
      vertex   1.019095e+01 -2.698763e+01 6.681762e+02
      vertex   3.238603e+00 -4.090221e+01 6.616878e+02
      vertex   1.021731e+01 -2.701981e+01 6.681612e+02
    endloop
  endfacet
  facet normal -2.553624e-12 -4.226183e-01 9.063078e-01
    outer loop
      vertex   1.021731e+01 -2.701981e+01 6.681612e+02
      vertex   3.238603e+00 -4.090221e+01 6.616878e+02
      vertex   1.024639e+01 -2.704898e+01 6.681476e+02
    endloop
  endfacet
  facet normal 7.992770e-13 -4.226183e-01 9.063078e-01
    outer loop
      vertex   1.024639e+01 -2.704898e+01 6.681476e+02
      vertex   3.238603e+00 -4.090221e+01 6.616878e+02
      vertex   1.027792e+01 -2.707485e+01 6.681356e+02
    endloop
  endfacet
  facet normal -1.645642e-12 -4.226183e-01 9.063078e-01
    outer loop
      vertex   1.027792e+01 -2.707485e+01 6.681356e+02
      vertex   3.238603e+00 -4.090221e+01 6.616878e+02
      vertex   1.031159e+01 -2.709718e+01 6.681252e+02
    endloop
  endfacet
  facet normal -7.612558e-13 -4.226183e-01 9.063078e-01
    outer loop
      vertex   1.031159e+01 -2.709718e+01 6.681252e+02
      vertex   3.238603e+00 -4.090221e+01 6.616878e+02
      vertex   1.034708e+01 -2.711574e+01 6.681165e+02
    endloop
  endfacet
  facet normal 1.492461e-12 -4.226183e-01 9.063078e-01
    outer loop
      vertex   1.034708e+01 -2.711574e+01 6.681165e+02
      vertex   3.238603e+00 -4.090221e+01 6.616878e+02
      vertex   1.038404e+01 -2.713038e+01 6.681097e+02
    endloop
  endfacet
  facet normal 6.662818e-13 -4.226183e-01 9.063078e-01
    outer loop
      vertex   1.038404e+01 -2.713038e+01 6.681097e+02
      vertex   3.238603e+00 -4.090221e+01 6.616878e+02
      vertex   1.042211e+01 -2.714093e+01 6.681048e+02
    endloop
  endfacet
  facet normal -4.302991e-15 -4.226183e-01 9.063078e-01
    outer loop
      vertex   1.042211e+01 -2.714093e+01 6.681048e+02
      vertex   3.238603e+00 -4.090221e+01 6.616878e+02
      vertex   1.500000e+01 -3.160035e+01 6.660253e+02
    endloop
  endfacet
  facet normal -1.704668e-12 -4.226183e-01 9.063078e-01
    outer loop
      vertex   1.042211e+01 -2.714093e+01 6.681048e+02
      vertex   1.500000e+01 -3.160035e+01 6.660253e+02
      vertex   1.046094e+01 -2.714730e+01 6.681018e+02
    endloop
  endfacet
  facet normal 1.407226e-12 -4.226183e-01 9.063078e-01
    outer loop
      vertex   1.046094e+01 -2.714730e+01 6.681018e+02
      vertex   1.500000e+01 -3.160035e+01 6.660253e+02
      vertex   1.050015e+01 -2.714943e+01 6.681008e+02
    endloop
  endfacet
  facet normal -1.369527e-12 -4.226183e-01 9.063078e-01
    outer loop
      vertex   1.050015e+01 -2.714943e+01 6.681008e+02
      vertex   1.500000e+01 -3.160035e+01 6.660253e+02
      vertex   1.053936e+01 -2.714730e+01 6.681018e+02
    endloop
  endfacet
  facet normal 1.219222e-12 -4.226183e-01 9.063078e-01
    outer loop
      vertex   1.053936e+01 -2.714730e+01 6.681018e+02
      vertex   1.500000e+01 -3.160035e+01 6.660253e+02
      vertex   1.057819e+01 -2.714093e+01 6.681048e+02
    endloop
  endfacet
  facet normal -6.613515e-13 -4.226183e-01 9.063078e-01
    outer loop
      vertex   1.057819e+01 -2.714093e+01 6.681048e+02
      vertex   1.500000e+01 -3.160035e+01 6.660253e+02
      vertex   1.061626e+01 -2.713038e+01 6.681097e+02
    endloop
  endfacet
  facet normal -1.354587e-12 -4.226183e-01 9.063078e-01
    outer loop
      vertex   1.061626e+01 -2.713038e+01 6.681097e+02
      vertex   1.500000e+01 -3.160035e+01 6.660253e+02
      vertex   1.065322e+01 -2.711574e+01 6.681165e+02
    endloop
  endfacet
  facet normal 6.167828e-13 -4.226183e-01 9.063078e-01
    outer loop
      vertex   1.065322e+01 -2.711574e+01 6.681165e+02
      vertex   1.500000e+01 -3.160035e+01 6.660253e+02
      vertex   1.068871e+01 -2.709718e+01 6.681252e+02
    endloop
  endfacet
  facet normal 1.296161e-12 -4.226183e-01 9.063078e-01
    outer loop
      vertex   1.068871e+01 -2.709718e+01 6.681252e+02
      vertex   1.500000e+01 -3.160035e+01 6.660253e+02
      vertex   1.072238e+01 -2.707485e+01 6.681356e+02
    endloop
  endfacet
  facet normal -7.209809e-13 -4.226183e-01 9.063078e-01
    outer loop
      vertex   1.072238e+01 -2.707485e+01 6.681356e+02
      vertex   1.500000e+01 -3.160035e+01 6.660253e+02
      vertex   1.075391e+01 -2.704898e+01 6.681476e+02
    endloop
  endfacet
  facet normal 1.878998e-13 -4.226183e-01 9.063078e-01
    outer loop
      vertex   1.075391e+01 -2.704898e+01 6.681476e+02
      vertex   1.500000e+01 -3.160035e+01 6.660253e+02
      vertex   1.501919e+01 -3.106802e+01 6.662735e+02
    endloop
  endfacet
  facet normal 1.876903e-12 -4.226183e-01 9.063078e-01
    outer loop
      vertex   1.075391e+01 -2.704898e+01 6.681476e+02
      vertex   1.501919e+01 -3.106802e+01 6.662735e+02
      vertex   1.078299e+01 -2.701981e+01 6.681612e+02
    endloop
  endfacet
  facet normal -1.771763e-12 -4.226183e-01 9.063078e-01
    outer loop
      vertex   1.078299e+01 -2.701981e+01 6.681612e+02
      vertex   1.501919e+01 -3.106802e+01 6.662735e+02
      vertex   1.080935e+01 -2.698763e+01 6.681762e+02
    endloop
  endfacet
  facet normal 1.985612e-12 -4.226183e-01 9.063078e-01
    outer loop
      vertex   1.080935e+01 -2.698763e+01 6.681762e+02
      vertex   1.501919e+01 -3.106802e+01 6.662735e+02
      vertex   1.083274e+01 -2.695275e+01 6.681925e+02
    endloop
  endfacet
  facet normal 2.196314e-14 -4.226183e-01 9.063078e-01
    outer loop
      vertex   1.083274e+01 -2.695275e+01 6.681925e+02
      vertex   1.501919e+01 -3.106802e+01 6.662735e+02
      vertex   1.507666e+01 -3.053796e+01 6.665207e+02
    endloop
  endfacet
  facet normal -1.100802e-12 -4.226183e-01 9.063078e-01
    outer loop
      vertex   1.083274e+01 -2.695275e+01 6.681925e+02
      vertex   1.507666e+01 -3.053796e+01 6.665207e+02
      vertex   1.086970e+01 -2.687623e+01 6.682282e+02
    endloop
  endfacet
  facet normal -1.288868e-13 -4.226183e-01 9.063078e-01
    outer loop
      vertex   1.086970e+01 -2.687623e+01 6.682282e+02
      vertex   1.507666e+01 -3.053796e+01 6.665207e+02
      vertex   1.517219e+01 -3.001243e+01 6.667658e+02
    endloop
  endfacet
  facet normal -1.109307e-14 -4.226183e-01 9.063078e-01
    outer loop
      vertex   1.086970e+01 -2.687623e+01 6.682282e+02
      vertex   1.517219e+01 -3.001243e+01 6.667658e+02
      vertex   1.089246e+01 -2.679321e+01 6.682669e+02
    endloop
  endfacet
  facet normal 5.591673e-14 -4.226183e-01 9.063078e-01
    outer loop
      vertex   1.089246e+01 -2.679321e+01 6.682669e+02
      vertex   1.517219e+01 -3.001243e+01 6.667658e+02
      vertex   1.530535e+01 -2.949368e+01 6.670077e+02
    endloop
  endfacet
  facet normal 3.872572e-14 -4.226183e-01 9.063078e-01
    outer loop
      vertex   1.089246e+01 -2.679321e+01 6.682669e+02
      vertex   1.530535e+01 -2.949368e+01 6.670077e+02
      vertex   1.090015e+01 -2.670687e+01 6.683072e+02
    endloop
  endfacet
  facet normal 7.723898e-14 -4.226183e-01 9.063078e-01
    outer loop
      vertex   1.090015e+01 -2.670687e+01 6.683072e+02
      vertex   1.530535e+01 -2.949368e+01 6.670077e+02
      vertex   1.547558e+01 -2.898390e+01 6.672454e+02
    endloop
  endfacet
  facet normal 1.733204e-14 -4.226183e-01 9.063078e-01
    outer loop
      vertex   1.090015e+01 -2.670687e+01 6.683072e+02
      vertex   1.547558e+01 -2.898390e+01 6.672454e+02
      vertex   1.568216e+01 -2.848528e+01 6.674779e+02
    endloop
  endfacet
  facet normal 2.318039e-15 -4.226183e-01 9.063078e-01
    outer loop
      vertex   3.238603e+00 -2.717165e+01 6.680904e+02
      vertex   -2.000000e+00 -2.429346e+01 6.694326e+02
      vertex   -3.238603e+00 -2.717165e+01 6.680904e+02
    endloop
  endfacet
  facet normal 0.000000e+00 -4.226183e-01 9.063078e-01
    outer loop
      vertex   -3.238603e+00 -2.717165e+01 6.680904e+02
      vertex   -2.000000e+00 -2.429346e+01 6.694326e+02
      vertex   -5.000000e+00 -2.429346e+01 6.694326e+02
    endloop
  endfacet
  facet normal 6.477902e-15 -4.226183e-01 9.063078e-01
    outer loop
      vertex   -3.238603e+00 -2.717165e+01 6.680904e+02
      vertex   -5.000000e+00 -2.429346e+01 6.694326e+02
      vertex   -1.087500e+01 -2.687623e+01 6.682282e+02
    endloop
  endfacet
  facet normal 3.096313e-14 -4.226183e-01 9.063078e-01
    outer loop
      vertex   -1.087500e+01 -2.687623e+01 6.682282e+02
      vertex   -5.000000e+00 -2.429346e+01 6.694326e+02
      vertex   -1.085223e+01 -2.679321e+01 6.682669e+02
    endloop
  endfacet
  facet normal -9.600133e-15 -4.226183e-01 9.063078e-01
    outer loop
      vertex   -1.085223e+01 -2.679321e+01 6.682669e+02
      vertex   -5.000000e+00 -2.429346e+01 6.694326e+02
      vertex   -1.084455e+01 -2.670687e+01 6.683072e+02
    endloop
  endfacet
  facet normal -8.919368e-15 -4.226183e-01 9.063078e-01
    outer loop
      vertex   -1.084455e+01 -2.670687e+01 6.683072e+02
      vertex   -5.000000e+00 -2.429346e+01 6.694326e+02
      vertex   -1.085223e+01 -2.662053e+01 6.683474e+02
    endloop
  endfacet
  facet normal 2.238538e-14 -4.226183e-01 9.063078e-01
    outer loop
      vertex   -1.085223e+01 -2.662053e+01 6.683474e+02
      vertex   -5.000000e+00 -2.429346e+01 6.694326e+02
      vertex   -1.087500e+01 -2.653751e+01 6.683861e+02
    endloop
  endfacet
  facet normal -2.833879e-13 -4.226183e-01 9.063078e-01
    outer loop
      vertex   -1.087500e+01 -2.653751e+01 6.683861e+02
      vertex   -5.000000e+00 -2.429346e+01 6.694326e+02
      vertex   -1.091196e+01 -2.646100e+01 6.684218e+02
    endloop
  endfacet
  facet normal 7.603552e-13 -4.226183e-01 9.063078e-01
    outer loop
      vertex   -1.091196e+01 -2.646100e+01 6.684218e+02
      vertex   -5.000000e+00 -2.429346e+01 6.694326e+02
      vertex   -1.093534e+01 -2.642612e+01 6.684381e+02
    endloop
  endfacet
  facet normal -2.035042e-15 -4.226183e-01 9.063078e-01
    outer loop
      vertex   -1.093534e+01 -2.642612e+01 6.684381e+02
      vertex   -5.000000e+00 -2.429346e+01 6.694326e+02
      vertex   -1.096171e+01 -2.639394e+01 6.684531e+02
    endloop
  endfacet
  facet normal 7.813205e-15 -4.226183e-01 9.063078e-01
    outer loop
      vertex   -1.096171e+01 -2.639394e+01 6.684531e+02
      vertex   -5.000000e+00 -2.429346e+01 6.694326e+02
      vertex   -5.000000e+00 -1.613669e+01 6.732361e+02
    endloop
  endfacet
  facet normal -2.175023e-13 -4.226183e-01 9.063078e-01
    outer loop
      vertex   -1.096171e+01 -2.639394e+01 6.684531e+02
      vertex   -5.000000e+00 -1.613669e+01 6.732361e+02
      vertex   -1.099079e+01 -2.636477e+01 6.684667e+02
    endloop
  endfacet
  facet normal 8.353246e-13 -4.226183e-01 9.063078e-01
    outer loop
      vertex   -1.099079e+01 -2.636477e+01 6.684667e+02
      vertex   -5.000000e+00 -1.613669e+01 6.732361e+02
      vertex   -1.102232e+01 -2.633890e+01 6.684787e+02
    endloop
  endfacet
  facet normal -1.607272e-12 -4.226183e-01 9.063078e-01
    outer loop
      vertex   -1.102232e+01 -2.633890e+01 6.684787e+02
      vertex   -5.000000e+00 -1.613669e+01 6.732361e+02
      vertex   -1.105599e+01 -2.631657e+01 6.684892e+02
    endloop
  endfacet
  facet normal -6.991212e-13 -4.226183e-01 9.063078e-01
    outer loop
      vertex   -1.105599e+01 -2.631657e+01 6.684892e+02
      vertex   -5.000000e+00 -1.613669e+01 6.732361e+02
      vertex   -1.109147e+01 -2.629800e+01 6.684978e+02
    endloop
  endfacet
  facet normal 1.456037e-12 -4.226183e-01 9.063078e-01
    outer loop
      vertex   -1.109147e+01 -2.629800e+01 6.684978e+02
      vertex   -5.000000e+00 -1.613669e+01 6.732361e+02
      vertex   -1.112843e+01 -2.628337e+01 6.685046e+02
    endloop
  endfacet
  facet normal 6.559060e-13 -4.226183e-01 9.063078e-01
    outer loop
      vertex   -1.112843e+01 -2.628337e+01 6.685046e+02
      vertex   -5.000000e+00 -1.613669e+01 6.732361e+02
      vertex   -1.116651e+01 -2.627282e+01 6.685096e+02
    endloop
  endfacet
  facet normal -1.287718e-12 -4.226183e-01 9.063078e-01
    outer loop
      vertex   -1.116651e+01 -2.627282e+01 6.685096e+02
      vertex   -5.000000e+00 -1.613669e+01 6.732361e+02
      vertex   -1.120534e+01 -2.626645e+01 6.685125e+02
    endloop
  endfacet
  facet normal 1.287170e-12 -4.226183e-01 9.063078e-01
    outer loop
      vertex   -1.120534e+01 -2.626645e+01 6.685125e+02
      vertex   -5.000000e+00 -1.613669e+01 6.732361e+02
      vertex   -1.124455e+01 -2.626431e+01 6.685135e+02
    endloop
  endfacet
  facet normal -1.495306e-12 -4.226183e-01 9.063078e-01
    outer loop
      vertex   -1.124455e+01 -2.626431e+01 6.685135e+02
      vertex   -5.000000e+00 -1.613669e+01 6.732361e+02
      vertex   -1.128375e+01 -2.626645e+01 6.685125e+02
    endloop
  endfacet
  facet normal 1.577893e-12 -4.226183e-01 9.063078e-01
    outer loop
      vertex   -1.128375e+01 -2.626645e+01 6.685125e+02
      vertex   -5.000000e+00 -1.613669e+01 6.732361e+02
      vertex   -1.132258e+01 -2.627282e+01 6.685096e+02
    endloop
  endfacet
  facet normal -1.021896e-12 -4.226183e-01 9.063078e-01
    outer loop
      vertex   -1.132258e+01 -2.627282e+01 6.685096e+02
      vertex   -5.000000e+00 -1.613669e+01 6.732361e+02
      vertex   -1.136066e+01 -2.628337e+01 6.685046e+02
    endloop
  endfacet
  facet normal -2.561401e-12 -4.226183e-01 9.063078e-01
    outer loop
      vertex   -1.136066e+01 -2.628337e+01 6.685046e+02
      vertex   -5.000000e+00 -1.613669e+01 6.732361e+02
      vertex   -1.139762e+01 -2.629800e+01 6.684978e+02
    endloop
  endfacet
  facet normal -4.420241e-13 -4.226183e-01 9.063078e-01
    outer loop
      vertex   -1.139762e+01 -2.629800e+01 6.684978e+02
      vertex   -5.000000e+00 -1.613669e+01 6.732361e+02
      vertex   -2.000000e+01 1.083160e+00 6.812659e+02
    endloop
  endfacet
  facet normal 4.427612e-14 -4.226183e-01 9.063078e-01
    outer loop
      vertex   -1.139762e+01 -2.629800e+01 6.684978e+02
      vertex   -2.000000e+01 1.083160e+00 6.812659e+02
      vertex   -1.805345e+01 -2.547766e+01 6.688803e+02
    endloop
  endfacet
  facet normal 1.718393e-13 -4.226183e-01 9.063078e-01
    outer loop
      vertex   -1.805345e+01 -2.547766e+01 6.688803e+02
      vertex   -2.000000e+01 1.083160e+00 6.812659e+02
      vertex   -1.850702e+01 -2.513899e+01 6.690383e+02
    endloop
  endfacet
  facet normal 3.785517e-13 -4.226183e-01 9.063078e-01
    outer loop
      vertex   -1.850702e+01 -2.513899e+01 6.690383e+02
      vertex   -2.000000e+01 1.083160e+00 6.812659e+02
      vertex   -1.898400e+01 -2.482787e+01 6.691834e+02
    endloop
  endfacet
  facet normal 2.892101e-13 -4.226183e-01 9.063078e-01
    outer loop
      vertex   -1.898400e+01 -2.482787e+01 6.691834e+02
      vertex   -2.000000e+01 1.083160e+00 6.812659e+02
      vertex   -1.948237e+01 -2.454563e+01 6.693150e+02
    endloop
  endfacet
  facet normal 1.096778e-11 -4.226183e-01 9.063078e-01
    outer loop
      vertex   -1.948237e+01 -2.454563e+01 6.693150e+02
      vertex   -2.000000e+01 1.083160e+00 6.812659e+02
      vertex   -2.000000e+01 -2.429346e+01 6.694326e+02
    endloop
  endfacet
  facet normal -7.603057e-13 -4.226183e-01 9.063078e-01
    outer loop
      vertex   -5.000000e+00 -1.613669e+01 6.732361e+02
      vertex   -5.000000e+00 1.083160e+00 6.812659e+02
      vertex   -2.000000e+01 1.083160e+00 6.812659e+02
    endloop
  endfacet
  facet normal 1.760944e-13 -4.226183e-01 9.063078e-01
    outer loop
      vertex   -1.139762e+01 -2.629800e+01 6.684978e+02
      vertex   -1.805345e+01 -2.547766e+01 6.688803e+02
      vertex   -1.143311e+01 -2.631657e+01 6.684892e+02
    endloop
  endfacet
  facet normal -3.816621e-14 -4.226183e-01 9.063078e-01
    outer loop
      vertex   -1.143311e+01 -2.631657e+01 6.684892e+02
      vertex   -1.805345e+01 -2.547766e+01 6.688803e+02
      vertex   -1.762524e+01 -2.584244e+01 6.687103e+02
    endloop
  endfacet
  facet normal 1.973081e-13 -4.226183e-01 9.063078e-01
    outer loop
      vertex   -1.143311e+01 -2.631657e+01 6.684892e+02
      vertex   -1.762524e+01 -2.584244e+01 6.687103e+02
      vertex   -1.146678e+01 -2.633890e+01 6.684787e+02
    endloop
  endfacet
  facet normal -1.506850e-13 -4.226183e-01 9.063078e-01
    outer loop
      vertex   -1.146678e+01 -2.633890e+01 6.684787e+02
      vertex   -1.762524e+01 -2.584244e+01 6.687103e+02
      vertex   -1.149831e+01 -2.636477e+01 6.684667e+02
    endloop
  endfacet
  facet normal -2.065042e-14 -4.226183e-01 9.063078e-01
    outer loop
      vertex   -1.149831e+01 -2.636477e+01 6.684667e+02
      vertex   -1.762524e+01 -2.584244e+01 6.687103e+02
      vertex   -1.722422e+01 -2.623176e+01 6.685287e+02
    endloop
  endfacet
  facet normal -1.430871e-14 -4.226183e-01 9.063078e-01
    outer loop
      vertex   -1.149831e+01 -2.636477e+01 6.684667e+02
      vertex   -1.722422e+01 -2.623176e+01 6.685287e+02
      vertex   -1.152739e+01 -2.639394e+01 6.684531e+02
    endloop
  endfacet
  facet normal -2.768558e-14 -4.226183e-01 9.063078e-01
    outer loop
      vertex   -1.152739e+01 -2.639394e+01 6.684531e+02
      vertex   -1.722422e+01 -2.623176e+01 6.685287e+02
      vertex   -1.685208e+01 -2.664398e+01 6.683365e+02
    endloop
  endfacet
  facet normal -2.867044e-14 -4.226183e-01 9.063078e-01
    outer loop
      vertex   -1.152739e+01 -2.639394e+01 6.684531e+02
      vertex   -1.685208e+01 -2.664398e+01 6.683365e+02
      vertex   -1.155375e+01 -2.642612e+01 6.684381e+02
    endloop
  endfacet
  facet normal 7.693605e-14 -4.226183e-01 9.063078e-01
    outer loop
      vertex   -1.155375e+01 -2.642612e+01 6.684381e+02
      vertex   -1.685208e+01 -2.664398e+01 6.683365e+02
      vertex   -1.157714e+01 -2.646100e+01 6.684218e+02
    endloop
  endfacet
  facet normal -1.847482e-14 -4.226183e-01 9.063078e-01
    outer loop
      vertex   -1.157714e+01 -2.646100e+01 6.684218e+02
      vertex   -1.685208e+01 -2.664398e+01 6.683365e+02
      vertex   -1.651041e+01 -2.707733e+01 6.681344e+02
    endloop
  endfacet
  facet normal -1.174681e-13 -4.226183e-01 9.063078e-01
    outer loop
      vertex   -1.157714e+01 -2.646100e+01 6.684218e+02
      vertex   -1.651041e+01 -2.707733e+01 6.681344e+02
      vertex   -1.161410e+01 -2.653751e+01 6.683861e+02
    endloop
  endfacet
  facet normal 4.327214e-16 -4.226183e-01 9.063078e-01
    outer loop
      vertex   -1.161410e+01 -2.653751e+01 6.683861e+02
      vertex   -1.651041e+01 -2.707733e+01 6.681344e+02
      vertex   -1.620068e+01 -2.752996e+01 6.679233e+02
    endloop
  endfacet
  facet normal -4.463696e-14 -4.226183e-01 9.063078e-01
    outer loop
      vertex   -1.161410e+01 -2.653751e+01 6.683861e+02
      vertex   -1.620068e+01 -2.752996e+01 6.679233e+02
      vertex   -1.592421e+01 -2.799994e+01 6.677042e+02
    endloop
  endfacet
  facet normal -1.918365e-14 -4.226183e-01 9.063078e-01
    outer loop
      vertex   -1.161410e+01 -2.653751e+01 6.683861e+02
      vertex   -1.592421e+01 -2.799994e+01 6.677042e+02
      vertex   -1.163686e+01 -2.662053e+01 6.683474e+02
    endloop
  endfacet
  facet normal 2.650221e-14 -4.226183e-01 9.063078e-01
    outer loop
      vertex   -1.163686e+01 -2.662053e+01 6.683474e+02
      vertex   -1.592421e+01 -2.799994e+01 6.677042e+02
      vertex   -1.568216e+01 -2.848528e+01 6.674779e+02
    endloop
  endfacet
  facet normal -8.760930e-14 -4.226183e-01 9.063078e-01
    outer loop
      vertex   -1.163686e+01 -2.662053e+01 6.683474e+02
      vertex   -1.568216e+01 -2.848528e+01 6.674779e+02
      vertex   -1.164455e+01 -2.670687e+01 6.683072e+02
    endloop
  endfacet
  facet normal -1.152186e-13 -4.226183e-01 9.063078e-01
    outer loop
      vertex   -1.164455e+01 -2.670687e+01 6.683072e+02
      vertex   -1.568216e+01 -2.848528e+01 6.674779e+02
      vertex   -1.547558e+01 -2.898390e+01 6.672454e+02
    endloop
  endfacet
  facet normal -5.980558e-14 -4.226183e-01 9.063078e-01
    outer loop
      vertex   -1.164455e+01 -2.670687e+01 6.683072e+02
      vertex   -1.547558e+01 -2.898390e+01 6.672454e+02
      vertex   -1.163686e+01 -2.679321e+01 6.682669e+02
    endloop
  endfacet
  facet normal 1.278369e-14 -4.226183e-01 9.063078e-01
    outer loop
      vertex   -1.163686e+01 -2.679321e+01 6.682669e+02
      vertex   -1.547558e+01 -2.898390e+01 6.672454e+02
      vertex   -1.530535e+01 -2.949368e+01 6.670077e+02
    endloop
  endfacet
  facet normal -1.807442e-14 -4.226183e-01 9.063078e-01
    outer loop
      vertex   -1.163686e+01 -2.679321e+01 6.682669e+02
      vertex   -1.530535e+01 -2.949368e+01 6.670077e+02
      vertex   -1.161410e+01 -2.687623e+01 6.682282e+02
    endloop
  endfacet
  facet normal -2.014711e-13 -4.226183e-01 9.063078e-01
    outer loop
      vertex   -1.161410e+01 -2.687623e+01 6.682282e+02
      vertex   -1.530535e+01 -2.949368e+01 6.670077e+02
      vertex   -1.517219e+01 -3.001243e+01 6.667658e+02
    endloop
  endfacet
  facet normal -5.556069e-13 -4.226183e-01 9.063078e-01
    outer loop
      vertex   -1.161410e+01 -2.687623e+01 6.682282e+02
      vertex   -1.517219e+01 -3.001243e+01 6.667658e+02
      vertex   -1.157714e+01 -2.695275e+01 6.681925e+02
    endloop
  endfacet
  facet normal 1.357858e-13 -4.226183e-01 9.063078e-01
    outer loop
      vertex   -1.157714e+01 -2.695275e+01 6.681925e+02
      vertex   -1.517219e+01 -3.001243e+01 6.667658e+02
      vertex   -1.507666e+01 -3.053796e+01 6.665207e+02
    endloop
  endfacet
  facet normal 1.507779e-12 -4.226183e-01 9.063078e-01
    outer loop
      vertex   -1.157714e+01 -2.695275e+01 6.681925e+02
      vertex   -1.507666e+01 -3.053796e+01 6.665207e+02
      vertex   -1.155375e+01 -2.698763e+01 6.681762e+02
    endloop
  endfacet
  facet normal -2.020704e-14 -4.226183e-01 9.063078e-01
    outer loop
      vertex   -1.155375e+01 -2.698763e+01 6.681762e+02
      vertex   -1.507666e+01 -3.053796e+01 6.665207e+02
      vertex   -1.152739e+01 -2.701981e+01 6.681612e+02
    endloop
  endfacet
  facet normal -5.138391e-14 -4.226183e-01 9.063078e-01
    outer loop
      vertex   -1.152739e+01 -2.701981e+01 6.681612e+02
      vertex   -1.507666e+01 -3.053796e+01 6.665207e+02
      vertex   -1.501919e+01 -3.106802e+01 6.662735e+02
    endloop
  endfacet
  facet normal -2.119872e-13 -4.226183e-01 9.063078e-01
    outer loop
      vertex   -1.152739e+01 -2.701981e+01 6.681612e+02
      vertex   -1.501919e+01 -3.106802e+01 6.662735e+02
      vertex   -1.149831e+01 -2.704898e+01 6.681476e+02
    endloop
  endfacet
  facet normal 6.666195e-13 -4.226183e-01 9.063078e-01
    outer loop
      vertex   -1.149831e+01 -2.704898e+01 6.681476e+02
      vertex   -1.501919e+01 -3.106802e+01 6.662735e+02
      vertex   -1.146678e+01 -2.707485e+01 6.681356e+02
    endloop
  endfacet
  facet normal -4.320064e-13 -4.226183e-01 9.063078e-01
    outer loop
      vertex   -1.146678e+01 -2.707485e+01 6.681356e+02
      vertex   -1.501919e+01 -3.106802e+01 6.662735e+02
      vertex   -1.500000e+01 -3.160035e+01 6.660253e+02
    endloop
  endfacet
  facet normal -1.444384e-12 -4.226183e-01 9.063078e-01
    outer loop
      vertex   -1.146678e+01 -2.707485e+01 6.681356e+02
      vertex   -1.500000e+01 -3.160035e+01 6.660253e+02
      vertex   -1.143311e+01 -2.709718e+01 6.681252e+02
    endloop
  endfacet
  facet normal -6.815454e-13 -4.226183e-01 9.063078e-01
    outer loop
      vertex   -1.143311e+01 -2.709718e+01 6.681252e+02
      vertex   -1.500000e+01 -3.160035e+01 6.660253e+02
      vertex   -1.139762e+01 -2.711574e+01 6.681165e+02
    endloop
  endfacet
  facet normal 1.362720e-12 -4.226183e-01 9.063078e-01
    outer loop
      vertex   -1.139762e+01 -2.711574e+01 6.681165e+02
      vertex   -1.500000e+01 -3.160035e+01 6.660253e+02
      vertex   -1.136066e+01 -2.713038e+01 6.681097e+02
    endloop
  endfacet
  facet normal 6.234465e-13 -4.226183e-01 9.063078e-01
    outer loop
      vertex   -1.136066e+01 -2.713038e+01 6.681097e+02
      vertex   -1.500000e+01 -3.160035e+01 6.660253e+02
      vertex   -1.132258e+01 -2.714093e+01 6.681048e+02
    endloop
  endfacet
  facet normal -1.247754e-12 -4.226183e-01 9.063078e-01
    outer loop
      vertex   -1.132258e+01 -2.714093e+01 6.681048e+02
      vertex   -1.500000e+01 -3.160035e+01 6.660253e+02
      vertex   -1.128375e+01 -2.714730e+01 6.681018e+02
    endloop
  endfacet
  facet normal 1.271848e-12 -4.226183e-01 9.063078e-01
    outer loop
      vertex   -1.128375e+01 -2.714730e+01 6.681018e+02
      vertex   -1.500000e+01 -3.160035e+01 6.660253e+02
      vertex   -1.124455e+01 -2.714943e+01 6.681008e+02
    endloop
  endfacet
  facet normal -1.474386e-12 -4.226183e-01 9.063078e-01
    outer loop
      vertex   -1.124455e+01 -2.714943e+01 6.681008e+02
      vertex   -1.500000e+01 -3.160035e+01 6.660253e+02
      vertex   -1.120534e+01 -2.714730e+01 6.681018e+02
    endloop
  endfacet
  facet normal 1.649440e-12 -4.226183e-01 9.063078e-01
    outer loop
      vertex   -1.120534e+01 -2.714730e+01 6.681018e+02
      vertex   -1.500000e+01 -3.160035e+01 6.660253e+02
      vertex   -1.116651e+01 -2.714093e+01 6.681048e+02
    endloop
  endfacet
  facet normal -1.160514e-12 -4.226183e-01 9.063078e-01
    outer loop
      vertex   -1.116651e+01 -2.714093e+01 6.681048e+02
      vertex   -1.500000e+01 -3.160035e+01 6.660253e+02
      vertex   -1.112843e+01 -2.713038e+01 6.681097e+02
    endloop
  endfacet
  facet normal -2.864779e-12 -4.226183e-01 9.063078e-01
    outer loop
      vertex   -1.112843e+01 -2.713038e+01 6.681097e+02
      vertex   -1.500000e+01 -3.160035e+01 6.660253e+02
      vertex   -1.109147e+01 -2.711574e+01 6.681165e+02
    endloop
  endfacet
  facet normal -1.734566e-15 -4.226183e-01 9.063078e-01
    outer loop
      vertex   -1.109147e+01 -2.711574e+01 6.681165e+02
      vertex   -1.500000e+01 -3.160035e+01 6.660253e+02
      vertex   -3.238603e+00 -4.090221e+01 6.616878e+02
    endloop
  endfacet
  facet normal 7.131149e-13 -4.226183e-01 9.063078e-01
    outer loop
      vertex   -1.109147e+01 -2.711574e+01 6.681165e+02
      vertex   -3.238603e+00 -4.090221e+01 6.616878e+02
      vertex   -1.105599e+01 -2.709718e+01 6.681252e+02
    endloop
  endfacet
  facet normal 1.539241e-12 -4.226183e-01 9.063078e-01
    outer loop
      vertex   -1.105599e+01 -2.709718e+01 6.681252e+02
      vertex   -3.238603e+00 -4.090221e+01 6.616878e+02
      vertex   -1.102232e+01 -2.707485e+01 6.681356e+02
    endloop
  endfacet
  facet normal -9.037929e-13 -4.226183e-01 9.063078e-01
    outer loop
      vertex   -1.102232e+01 -2.707485e+01 6.681356e+02
      vertex   -3.238603e+00 -4.090221e+01 6.616878e+02
      vertex   -1.099079e+01 -2.704898e+01 6.681476e+02
    endloop
  endfacet
  facet normal 2.315041e-13 -4.226183e-01 9.063078e-01
    outer loop
      vertex   -1.099079e+01 -2.704898e+01 6.681476e+02
      vertex   -3.238603e+00 -4.090221e+01 6.616878e+02
      vertex   -1.096171e+01 -2.701981e+01 6.681612e+02
    endloop
  endfacet
  facet normal -7.167988e-14 -4.226183e-01 9.063078e-01
    outer loop
      vertex   -1.096171e+01 -2.701981e+01 6.681612e+02
      vertex   -3.238603e+00 -4.090221e+01 6.616878e+02
      vertex   -1.093534e+01 -2.698763e+01 6.681762e+02
    endloop
  endfacet
  facet normal 3.084862e-15 -4.226183e-01 9.063078e-01
    outer loop
      vertex   -1.093534e+01 -2.698763e+01 6.681762e+02
      vertex   -3.238603e+00 -4.090221e+01 6.616878e+02
      vertex   -3.238603e+00 -2.717165e+01 6.680904e+02
    endloop
  endfacet
  facet normal -5.798722e-14 -4.226183e-01 9.063078e-01
    outer loop
      vertex   -1.093534e+01 -2.698763e+01 6.681762e+02
      vertex   -3.238603e+00 -2.717165e+01 6.680904e+02
      vertex   -1.091196e+01 -2.695275e+01 6.681925e+02
    endloop
  endfacet
  facet normal 3.890597e-14 -4.226183e-01 9.063078e-01
    outer loop
      vertex   -1.091196e+01 -2.695275e+01 6.681925e+02
      vertex   -3.238603e+00 -2.717165e+01 6.680904e+02
      vertex   -1.087500e+01 -2.687623e+01 6.682282e+02
    endloop
  endfacet
  facet normal 3.002883e-15 -4.226183e-01 9.063078e-01
    outer loop
      vertex   -1.500000e+01 -6.054577e+01 6.525278e+02
      vertex   -1.300000e+01 -6.054577e+01 6.525278e+02
      vertex   -1.500000e+01 -3.160035e+01 6.660253e+02
    endloop
  endfacet
  facet normal 1.412660e-14 -4.226183e-01 9.063078e-01
    outer loop
      vertex   -1.500000e+01 -3.160035e+01 6.660253e+02
      vertex   -1.300000e+01 -6.054577e+01 6.525278e+02
      vertex   -3.238603e+00 -4.090221e+01 6.616878e+02
    endloop
  endfacet
  facet normal -4.233210e-15 -4.226183e-01 9.063078e-01
    outer loop
      vertex   -3.238603e+00 -4.090221e+01 6.616878e+02
      vertex   -1.300000e+01 -6.054577e+01 6.525278e+02
      vertex   -4.946044e+00 -6.054577e+01 6.525278e+02
    endloop
  endfacet
  facet normal -4.101303e-15 -4.226183e-01 9.063078e-01
    outer loop
      vertex   -4.946044e+00 -6.054577e+01 6.525278e+02
      vertex   -1.300000e+01 -6.054577e+01 6.525278e+02
      vertex   -1.300000e+01 -6.870254e+01 6.487243e+02
    endloop
  endfacet
  facet normal -2.558462e-14 -4.226183e-01 9.063078e-01
    outer loop
      vertex   -4.946044e+00 -6.054577e+01 6.525278e+02
      vertex   -1.300000e+01 -6.870254e+01 6.487243e+02
      vertex   -4.946044e+00 -6.870254e+01 6.487243e+02
    endloop
  endfacet
  facet normal 0.000000e+00 -4.226183e-01 9.063078e-01
    outer loop
      vertex   -4.946044e+00 -6.054577e+01 6.525278e+02
      vertex   -1.946044e+00 -6.054577e+01 6.525278e+02
      vertex   -3.238603e+00 -4.090221e+01 6.616878e+02
    endloop
  endfacet
  facet normal -8.238513e-14 -4.226183e-01 9.063078e-01
    outer loop
      vertex   -3.238603e+00 -4.090221e+01 6.616878e+02
      vertex   -1.946044e+00 -6.054577e+01 6.525278e+02
      vertex   -6.000000e-01 -4.186055e+01 6.612409e+02
    endloop
  endfacet
  facet normal 0.000000e+00 -4.226183e-01 9.063078e-01
    outer loop
      vertex   -3.238603e+00 -4.090221e+01 6.616878e+02
      vertex   -6.000000e-01 -4.186055e+01 6.612409e+02
      vertex   0.000000e+00 -4.186055e+01 6.612409e+02
    endloop
  endfacet
  facet normal 1.575553e-13 -4.226183e-01 9.063078e-01
    outer loop
      vertex   -1.946044e+00 -6.870254e+01 6.487243e+02
      vertex   -6.000000e-01 -6.870254e+01 6.487243e+02
      vertex   -1.946044e+00 -6.054577e+01 6.525278e+02
    endloop
  endfacet
  facet normal 2.816107e-14 -4.226183e-01 9.063078e-01
    outer loop
      vertex   -1.946044e+00 -6.054577e+01 6.525278e+02
      vertex   -6.000000e-01 -6.870254e+01 6.487243e+02
      vertex   -6.000000e-01 -4.186055e+01 6.612409e+02
    endloop
  endfacet
  facet normal -1.332611e-12 -4.226183e-01 9.063078e-01
    outer loop
      vertex   1.638148e-13 -6.235839e+01 6.516826e+02
      vertex   2.000000e+00 -6.235839e+01 6.516826e+02
      vertex   0.000000e+00 -4.186055e+01 6.612409e+02
    endloop
  endfacet
  facet normal -1.778822e-11 -4.226183e-01 9.063078e-01
    outer loop
      vertex   0.000000e+00 -4.186055e+01 6.612409e+02
      vertex   2.000000e+00 -6.235839e+01 6.516826e+02
      vertex   2.173648e+00 -6.237215e+01 6.516762e+02
    endloop
  endfacet
  facet normal 2.220603e-14 -4.226183e-01 9.063078e-01
    outer loop
      vertex   0.000000e+00 -4.186055e+01 6.612409e+02
      vertex   2.173648e+00 -6.237215e+01 6.516762e+02
      vertex   3.238603e+00 -4.090221e+01 6.616878e+02
    endloop
  endfacet
  facet normal -6.407175e-13 -4.226183e-01 9.063078e-01
    outer loop
      vertex   3.238603e+00 -4.090221e+01 6.616878e+02
      vertex   2.173648e+00 -6.237215e+01 6.516762e+02
      vertex   2.342020e+00 -6.241304e+01 6.516571e+02
    endloop
  endfacet
  facet normal 3.351939e-13 -4.226183e-01 9.063078e-01
    outer loop
      vertex   3.238603e+00 -4.090221e+01 6.616878e+02
      vertex   2.342020e+00 -6.241304e+01 6.516571e+02
      vertex   2.500000e+00 -6.247981e+01 6.516260e+02
    endloop
  endfacet
  facet normal 5.260295e-13 -4.226183e-01 9.063078e-01
    outer loop
      vertex   2.500000e+00 -6.247981e+01 6.516260e+02
      vertex   2.642788e+00 -6.257042e+01 6.515837e+02
      vertex   3.238603e+00 -4.090221e+01 6.616878e+02
    endloop
  endfacet
  facet normal 2.823077e-14 -4.226183e-01 9.063078e-01
    outer loop
      vertex   3.238603e+00 -4.090221e+01 6.616878e+02
      vertex   2.642788e+00 -6.257042e+01 6.515837e+02
      vertex   2.766044e+00 -6.268213e+01 6.515316e+02
    endloop
  endfacet
  facet normal 2.721168e-13 -4.226183e-01 9.063078e-01
    outer loop
      vertex   3.238603e+00 -4.090221e+01 6.616878e+02
      vertex   2.766044e+00 -6.268213e+01 6.515316e+02
      vertex   1.300000e+01 -6.054577e+01 6.525278e+02
    endloop
  endfacet
  facet normal 1.368676e-13 -4.226183e-01 9.063078e-01
    outer loop
      vertex   1.300000e+01 -6.054577e+01 6.525278e+02
      vertex   2.766044e+00 -6.268213e+01 6.515316e+02
      vertex   2.866025e+00 -6.281154e+01 6.514713e+02
    endloop
  endfacet
  facet normal 2.450395e-13 -4.226183e-01 9.063078e-01
    outer loop
      vertex   1.300000e+01 -6.054577e+01 6.525278e+02
      vertex   2.866025e+00 -6.281154e+01 6.514713e+02
      vertex   2.939693e+00 -6.295472e+01 6.514045e+02
    endloop
  endfacet
  facet normal 2.540834e-13 -4.226183e-01 9.063078e-01
    outer loop
      vertex   2.939693e+00 -6.295472e+01 6.514045e+02
      vertex   2.984808e+00 -6.310731e+01 6.513334e+02
      vertex   1.300000e+01 -6.054577e+01 6.525278e+02
    endloop
  endfacet
  facet normal 5.243669e-12 -4.226183e-01 9.063078e-01
    outer loop
      vertex   1.300000e+01 -6.054577e+01 6.525278e+02
      vertex   2.984808e+00 -6.310731e+01 6.513334e+02
      vertex   3.000000e+00 -6.326469e+01 6.512600e+02
    endloop
  endfacet
  facet normal 4.440892e-15 -4.226183e-01 9.063078e-01
    outer loop
      vertex   1.300000e+01 -6.054577e+01 6.525278e+02
      vertex   3.000000e+00 -6.326469e+01 6.512600e+02
      vertex   1.300000e+01 -6.870254e+01 6.487243e+02
    endloop
  endfacet
  facet normal 1.801730e-15 -4.226183e-01 9.063078e-01
    outer loop
      vertex   1.300000e+01 -6.870254e+01 6.487243e+02
      vertex   3.000000e+00 -6.326469e+01 6.512600e+02
      vertex   3.000000e+00 -6.870254e+01 6.487243e+02
    endloop
  endfacet
  facet normal -1.501442e-14 -4.226183e-01 9.063078e-01
    outer loop
      vertex   1.500000e+01 -6.054577e+01 6.525278e+02
      vertex   1.500000e+01 -3.160035e+01 6.660253e+02
      vertex   1.300000e+01 -6.054577e+01 6.525278e+02
    endloop
  endfacet
  facet normal -9.764559e-15 -4.226183e-01 9.063078e-01
    outer loop
      vertex   1.300000e+01 -6.054577e+01 6.525278e+02
      vertex   1.500000e+01 -3.160035e+01 6.660253e+02
      vertex   3.238603e+00 -4.090221e+01 6.616878e+02
    endloop
  endfacet
  facet normal 5.078525e-13 -4.226183e-01 9.063078e-01
    outer loop
      vertex   1.090015e+01 -2.670687e+01 6.683072e+02
      vertex   1.568216e+01 -2.848528e+01 6.674779e+02
      vertex   1.089246e+01 -2.662053e+01 6.683474e+02
    endloop
  endfacet
  facet normal -5.596521e-14 -4.226183e-01 9.063078e-01
    outer loop
      vertex   1.089246e+01 -2.662053e+01 6.683474e+02
      vertex   1.568216e+01 -2.848528e+01 6.674779e+02
      vertex   1.592421e+01 -2.799994e+01 6.677042e+02
    endloop
  endfacet
  facet normal -3.914472e-13 -4.226183e-01 9.063078e-01
    outer loop
      vertex   1.089246e+01 -2.662053e+01 6.683474e+02
      vertex   1.592421e+01 -2.799994e+01 6.677042e+02
      vertex   1.086970e+01 -2.653751e+01 6.683861e+02
    endloop
  endfacet
  facet normal 2.392553e-14 -4.226183e-01 9.063078e-01
    outer loop
      vertex   1.086970e+01 -2.653751e+01 6.683861e+02
      vertex   1.592421e+01 -2.799994e+01 6.677042e+02
      vertex   1.620068e+01 -2.752996e+01 6.679233e+02
    endloop
  endfacet
  facet normal 2.186907e-14 -4.226183e-01 9.063078e-01
    outer loop
      vertex   1.086970e+01 -2.653751e+01 6.683861e+02
      vertex   1.620068e+01 -2.752996e+01 6.679233e+02
      vertex   1.651041e+01 -2.707733e+01 6.681344e+02
    endloop
  endfacet
  facet normal -2.895117e-14 -4.226183e-01 9.063078e-01
    outer loop
      vertex   1.086970e+01 -2.653751e+01 6.683861e+02
      vertex   1.651041e+01 -2.707733e+01 6.681344e+02
      vertex   1.083274e+01 -2.646100e+01 6.684218e+02
    endloop
  endfacet
  facet normal 1.027495e-14 -4.226183e-01 9.063078e-01
    outer loop
      vertex   1.083274e+01 -2.646100e+01 6.684218e+02
      vertex   1.651041e+01 -2.707733e+01 6.681344e+02
      vertex   1.685208e+01 -2.664398e+01 6.683365e+02
    endloop
  endfacet
  facet normal 2.802944e-14 -4.226183e-01 9.063078e-01
    outer loop
      vertex   1.083274e+01 -2.646100e+01 6.684218e+02
      vertex   1.685208e+01 -2.664398e+01 6.683365e+02
      vertex   1.080935e+01 -2.642612e+01 6.684381e+02
    endloop
  endfacet
  facet normal 1.134500e-14 -4.226183e-01 9.063078e-01
    outer loop
      vertex   1.080935e+01 -2.642612e+01 6.684381e+02
      vertex   1.685208e+01 -2.664398e+01 6.683365e+02
      vertex   1.078299e+01 -2.639394e+01 6.684531e+02
    endloop
  endfacet
  facet normal 1.831991e-14 -4.226183e-01 9.063078e-01
    outer loop
      vertex   1.078299e+01 -2.639394e+01 6.684531e+02
      vertex   1.685208e+01 -2.664398e+01 6.683365e+02
      vertex   1.722422e+01 -2.623176e+01 6.685287e+02
    endloop
  endfacet
  facet normal 1.455997e-14 -4.226183e-01 9.063078e-01
    outer loop
      vertex   1.078299e+01 -2.639394e+01 6.684531e+02
      vertex   1.722422e+01 -2.623176e+01 6.685287e+02
      vertex   1.075391e+01 -2.636477e+01 6.684667e+02
    endloop
  endfacet
  facet normal 2.448213e-14 -4.226183e-01 9.063078e-01
    outer loop
      vertex   1.075391e+01 -2.636477e+01 6.684667e+02
      vertex   1.722422e+01 -2.623176e+01 6.685287e+02
      vertex   1.762524e+01 -2.584244e+01 6.687103e+02
    endloop
  endfacet
  facet normal 1.069989e-13 -4.226183e-01 9.063078e-01
    outer loop
      vertex   1.075391e+01 -2.636477e+01 6.684667e+02
      vertex   1.762524e+01 -2.584244e+01 6.687103e+02
      vertex   1.072238e+01 -2.633890e+01 6.684787e+02
    endloop
  endfacet
  facet normal -1.999780e-13 -4.226183e-01 9.063078e-01
    outer loop
      vertex   1.072238e+01 -2.633890e+01 6.684787e+02
      vertex   1.762524e+01 -2.584244e+01 6.687103e+02
      vertex   1.068871e+01 -2.631657e+01 6.684892e+02
    endloop
  endfacet
  facet normal 1.717540e-14 -4.226183e-01 9.063078e-01
    outer loop
      vertex   1.068871e+01 -2.631657e+01 6.684892e+02
      vertex   1.762524e+01 -2.584244e+01 6.687103e+02
      vertex   1.805345e+01 -2.547766e+01 6.688803e+02
    endloop
  endfacet
  facet normal -1.728635e-13 -4.226183e-01 9.063078e-01
    outer loop
      vertex   1.068871e+01 -2.631657e+01 6.684892e+02
      vertex   1.805345e+01 -2.547766e+01 6.688803e+02
      vertex   1.065322e+01 -2.629800e+01 6.684978e+02
    endloop
  endfacet
  facet normal -2.315971e-14 -4.226183e-01 9.063078e-01
    outer loop
      vertex   1.065322e+01 -2.629800e+01 6.684978e+02
      vertex   1.805345e+01 -2.547766e+01 6.688803e+02
      vertex   2.200000e+01 1.083160e+00 6.812659e+02
    endloop
  endfacet
  facet normal 1.637524e-13 -4.226183e-01 9.063078e-01
    outer loop
      vertex   1.065322e+01 -2.629800e+01 6.684978e+02
      vertex   2.200000e+01 1.083160e+00 6.812659e+02
      vertex   5.000000e+00 -1.613669e+01 6.732361e+02
    endloop
  endfacet
  facet normal 2.238540e-13 -4.226183e-01 9.063078e-01
    outer loop
      vertex   5.000000e+00 -1.613669e+01 6.732361e+02
      vertex   2.200000e+01 1.083160e+00 6.812659e+02
      vertex   5.000000e+00 1.083160e+00 6.812659e+02
    endloop
  endfacet
  facet normal 4.081023e-14 -4.226183e-01 9.063078e-01
    outer loop
      vertex   1.805345e+01 -2.547766e+01 6.688803e+02
      vertex   1.850702e+01 -2.513899e+01 6.690383e+02
      vertex   2.200000e+01 1.083160e+00 6.812659e+02
    endloop
  endfacet
  facet normal -4.420650e-13 -4.226183e-01 9.063078e-01
    outer loop
      vertex   2.200000e+01 1.083160e+00 6.812659e+02
      vertex   1.850702e+01 -2.513899e+01 6.690383e+02
      vertex   1.898400e+01 -2.482787e+01 6.691834e+02
    endloop
  endfacet
  facet normal 8.542124e-14 -4.226183e-01 9.063078e-01
    outer loop
      vertex   2.200000e+01 1.083160e+00 6.812659e+02
      vertex   1.898400e+01 -2.482787e+01 6.691834e+02
      vertex   1.948237e+01 -2.454563e+01 6.693150e+02
    endloop
  endfacet
  facet normal 7.825055e-12 -4.226183e-01 9.063078e-01
    outer loop
      vertex   1.948237e+01 -2.454563e+01 6.693150e+02
      vertex   2.000000e+01 -2.429346e+01 6.694326e+02
      vertex   2.200000e+01 1.083160e+00 6.812659e+02
    endloop
  endfacet
  facet normal 0.000000e+00 -4.226183e-01 9.063078e-01
    outer loop
      vertex   2.200000e+01 1.083160e+00 6.812659e+02
      vertex   2.000000e+01 -2.429346e+01 6.694326e+02
      vertex   2.200000e+01 -2.429346e+01 6.694326e+02
    endloop
  endfacet
  facet normal -4.946773e-13 -4.226183e-01 9.063078e-01
    outer loop
      vertex   1.013060e+01 -2.653751e+01 6.683861e+02
      vertex   1.016756e+01 -2.646100e+01 6.684218e+02
      vertex   5.000000e+00 -1.613669e+01 6.732361e+02
    endloop
  endfacet
  facet normal 3.359702e-13 -4.226183e-01 9.063078e-01
    outer loop
      vertex   5.000000e+00 -1.613669e+01 6.732361e+02
      vertex   1.016756e+01 -2.646100e+01 6.684218e+02
      vertex   1.019095e+01 -2.642612e+01 6.684381e+02
    endloop
  endfacet
  facet normal -7.346410e-14 -4.226183e-01 9.063078e-01
    outer loop
      vertex   5.000000e+00 -1.613669e+01 6.732361e+02
      vertex   1.019095e+01 -2.642612e+01 6.684381e+02
      vertex   1.021731e+01 -2.639394e+01 6.684531e+02
    endloop
  endfacet
  facet normal 2.037510e-13 -4.226183e-01 9.063078e-01
    outer loop
      vertex   1.021731e+01 -2.639394e+01 6.684531e+02
      vertex   1.024639e+01 -2.636477e+01 6.684667e+02
      vertex   5.000000e+00 -1.613669e+01 6.732361e+02
    endloop
  endfacet
  facet normal -8.994468e-13 -4.226183e-01 9.063078e-01
    outer loop
      vertex   5.000000e+00 -1.613669e+01 6.732361e+02
      vertex   1.024639e+01 -2.636477e+01 6.684667e+02
      vertex   1.027792e+01 -2.633890e+01 6.684787e+02
    endloop
  endfacet
  facet normal 1.577309e-12 -4.226183e-01 9.063078e-01
    outer loop
      vertex   5.000000e+00 -1.613669e+01 6.732361e+02
      vertex   1.027792e+01 -2.633890e+01 6.684787e+02
      vertex   1.031159e+01 -2.631657e+01 6.684892e+02
    endloop
  endfacet
  facet normal 7.260158e-13 -4.226183e-01 9.063078e-01
    outer loop
      vertex   1.031159e+01 -2.631657e+01 6.684892e+02
      vertex   1.034708e+01 -2.629800e+01 6.684978e+02
      vertex   5.000000e+00 -1.613669e+01 6.732361e+02
    endloop
  endfacet
  facet normal 7.521161e-13 -4.226183e-01 9.063078e-01
    outer loop
      vertex   5.000000e+00 -1.613669e+01 6.732361e+02
      vertex   1.034708e+01 -2.629800e+01 6.684978e+02
      vertex   1.038404e+01 -2.628337e+01 6.685046e+02
    endloop
  endfacet
  facet normal -3.095038e-12 -4.226183e-01 9.063078e-01
    outer loop
      vertex   5.000000e+00 -1.613669e+01 6.732361e+02
      vertex   1.038404e+01 -2.628337e+01 6.685046e+02
      vertex   1.042211e+01 -2.627282e+01 6.685096e+02
    endloop
  endfacet
  facet normal 1.304072e-12 -4.226183e-01 9.063078e-01
    outer loop
      vertex   1.042211e+01 -2.627282e+01 6.685096e+02
      vertex   1.046094e+01 -2.626645e+01 6.685125e+02
      vertex   5.000000e+00 -1.613669e+01 6.732361e+02
    endloop
  endfacet
  facet normal -1.402013e-12 -4.226183e-01 9.063078e-01
    outer loop
      vertex   5.000000e+00 -1.613669e+01 6.732361e+02
      vertex   1.046094e+01 -2.626645e+01 6.685125e+02
      vertex   1.050015e+01 -2.626431e+01 6.685135e+02
    endloop
  endfacet
  facet normal 1.370323e-12 -4.226183e-01 9.063078e-01
    outer loop
      vertex   5.000000e+00 -1.613669e+01 6.732361e+02
      vertex   1.050015e+01 -2.626431e+01 6.685135e+02
      vertex   1.053936e+01 -2.626645e+01 6.685125e+02
    endloop
  endfacet
  facet normal -1.559323e-12 -4.226183e-01 9.063078e-01
    outer loop
      vertex   1.053936e+01 -2.626645e+01 6.685125e+02
      vertex   1.057819e+01 -2.627282e+01 6.685096e+02
      vertex   5.000000e+00 -1.613669e+01 6.732361e+02
    endloop
  endfacet
  facet normal 4.095008e-12 -4.226183e-01 9.063078e-01
    outer loop
      vertex   5.000000e+00 -1.613669e+01 6.732361e+02
      vertex   1.057819e+01 -2.627282e+01 6.685096e+02
      vertex   1.061626e+01 -2.628337e+01 6.685046e+02
    endloop
  endfacet
  facet normal -1.275438e-12 -4.226183e-01 9.063078e-01
    outer loop
      vertex   5.000000e+00 -1.613669e+01 6.732361e+02
      vertex   1.061626e+01 -2.628337e+01 6.685046e+02
      vertex   1.065322e+01 -2.629800e+01 6.684978e+02
    endloop
  endfacet
  facet normal -1.390823e-15 -4.226183e-01 9.063078e-01
    outer loop
      vertex   3.238603e+00 -4.090221e+01 6.616878e+02
      vertex   -3.238603e+00 -4.090221e+01 6.616878e+02
      vertex   0.000000e+00 -4.186055e+01 6.612409e+02
    endloop
  endfacet
  facet normal 3.219852e-14 9.063078e-01 4.226183e-01
    outer loop
      vertex   1.300000e+01 -6.054577e+01 6.525278e+02
      vertex   1.300000e+01 -6.308148e+01 6.579657e+02
      vertex   1.500000e+01 -6.054577e+01 6.525278e+02
    endloop
  endfacet
  facet normal 1.110223e-13 9.063078e-01 4.226183e-01
    outer loop
      vertex   1.500000e+01 -6.054577e+01 6.525278e+02
      vertex   1.300000e+01 -6.308148e+01 6.579657e+02
      vertex   1.500000e+01 -6.308148e+01 6.579657e+02
    endloop
  endfacet
  facet normal 8.715574e-02 9.028590e-01 4.210101e-01
    outer loop
      vertex   2.000000e+00 -6.235839e+01 6.516826e+02
      vertex   2.000000e+00 -6.320362e+01 6.534952e+02
      vertex   2.173648e+00 -6.237215e+01 6.516762e+02
    endloop
  endfacet
  facet normal 8.715574e-02 9.028590e-01 4.210101e-01
    outer loop
      vertex   2.173648e+00 -6.237215e+01 6.516762e+02
      vertex   2.000000e+00 -6.320362e+01 6.534952e+02
      vertex   2.173648e+00 -6.321739e+01 6.534888e+02
    endloop
  endfacet
  facet normal 2.588190e-01 8.754261e-01 4.082179e-01
    outer loop
      vertex   2.173648e+00 -6.237215e+01 6.516762e+02
      vertex   2.173648e+00 -6.321739e+01 6.534888e+02
      vertex   2.342020e+00 -6.241304e+01 6.516571e+02
    endloop
  endfacet
  facet normal 2.588190e-01 8.754261e-01 4.082179e-01
    outer loop
      vertex   2.342020e+00 -6.241304e+01 6.516571e+02
      vertex   2.173648e+00 -6.321739e+01 6.534888e+02
      vertex   2.342020e+00 -6.325828e+01 6.534697e+02
    endloop
  endfacet
  facet normal 4.226183e-01 8.213938e-01 3.830222e-01
    outer loop
      vertex   2.342020e+00 -6.241304e+01 6.516571e+02
      vertex   2.342020e+00 -6.325828e+01 6.534697e+02
      vertex   2.500000e+00 -6.247981e+01 6.516260e+02
    endloop
  endfacet
  facet normal 4.226183e-01 8.213938e-01 3.830222e-01
    outer loop
      vertex   2.500000e+00 -6.247981e+01 6.516260e+02
      vertex   2.342020e+00 -6.325828e+01 6.534697e+02
      vertex   2.500000e+00 -6.332504e+01 6.534386e+02
    endloop
  endfacet
  facet normal 5.735764e-01 7.424039e-01 3.461886e-01
    outer loop
      vertex   2.500000e+00 -6.247981e+01 6.516260e+02
      vertex   2.500000e+00 -6.332504e+01 6.534386e+02
      vertex   2.642788e+00 -6.257042e+01 6.515837e+02
    endloop
  endfacet
  facet normal 5.735764e-01 7.424039e-01 3.461886e-01
    outer loop
      vertex   2.642788e+00 -6.257042e+01 6.515837e+02
      vertex   2.500000e+00 -6.332504e+01 6.534386e+02
      vertex   2.642788e+00 -6.341566e+01 6.533963e+02
    endloop
  endfacet
  facet normal 7.071068e-01 6.408564e-01 2.988362e-01
    outer loop
      vertex   2.642788e+00 -6.257042e+01 6.515837e+02
      vertex   2.642788e+00 -6.341566e+01 6.533963e+02
      vertex   2.766044e+00 -6.268213e+01 6.515316e+02
    endloop
  endfacet
  facet normal 7.071068e-01 6.408564e-01 2.988362e-01
    outer loop
      vertex   2.766044e+00 -6.268213e+01 6.515316e+02
      vertex   2.642788e+00 -6.341566e+01 6.533963e+02
      vertex   2.766044e+00 -6.352737e+01 6.533442e+02
    endloop
  endfacet
  facet normal 8.191520e-01 5.198368e-01 2.424039e-01
    outer loop
      vertex   2.766044e+00 -6.268213e+01 6.515316e+02
      vertex   2.766044e+00 -6.352737e+01 6.533442e+02
      vertex   2.866025e+00 -6.281154e+01 6.514713e+02
    endloop
  endfacet
  facet normal 8.191520e-01 5.198368e-01 2.424039e-01
    outer loop
      vertex   2.866025e+00 -6.281154e+01 6.514713e+02
      vertex   2.766044e+00 -6.352737e+01 6.533442e+02
      vertex   2.866025e+00 -6.365678e+01 6.532839e+02
    endloop
  endfacet
  facet normal 9.063078e-01 3.830222e-01 1.786062e-01
    outer loop
      vertex   2.866025e+00 -6.281154e+01 6.514713e+02
      vertex   2.866025e+00 -6.365678e+01 6.532839e+02
      vertex   2.939693e+00 -6.295472e+01 6.514045e+02
    endloop
  endfacet
  facet normal 9.063078e-01 3.830222e-01 1.786062e-01
    outer loop
      vertex   2.939693e+00 -6.295472e+01 6.514045e+02
      vertex   2.866025e+00 -6.365678e+01 6.532839e+02
      vertex   2.939693e+00 -6.379995e+01 6.532171e+02
    endloop
  endfacet
  facet normal 9.659258e-01 2.345697e-01 1.093817e-01
    outer loop
      vertex   2.939693e+00 -6.295472e+01 6.514045e+02
      vertex   2.939693e+00 -6.379995e+01 6.532171e+02
      vertex   2.984808e+00 -6.310731e+01 6.513334e+02
    endloop
  endfacet
  facet normal 9.659258e-01 2.345697e-01 1.093817e-01
    outer loop
      vertex   2.984808e+00 -6.310731e+01 6.513334e+02
      vertex   2.939693e+00 -6.379995e+01 6.532171e+02
      vertex   2.984808e+00 -6.395255e+01 6.531460e+02
    endloop
  endfacet
  facet normal 9.961947e-01 7.898993e-02 3.683361e-02
    outer loop
      vertex   2.984808e+00 -6.310731e+01 6.513334e+02
      vertex   2.984808e+00 -6.395255e+01 6.531460e+02
      vertex   3.000000e+00 -6.326469e+01 6.512600e+02
    endloop
  endfacet
  facet normal 9.961947e-01 7.898993e-02 3.683361e-02
    outer loop
      vertex   3.000000e+00 -6.326469e+01 6.512600e+02
      vertex   2.984808e+00 -6.395255e+01 6.531460e+02
      vertex   3.000000e+00 -6.410993e+01 6.530726e+02
    endloop
  endfacet
  facet normal 0.000000e+00 8.660254e-01 5.000000e-01
    outer loop
      vertex   2.000000e+00 -6.320362e+01 6.534952e+02
      vertex   -7.260728e-15 -6.320362e+01 6.534952e+02
      vertex   2.000000e+00 -6.329078e+01 6.536462e+02
    endloop
  endfacet
  facet normal 2.345694e-15 8.660254e-01 5.000000e-01
    outer loop
      vertex   2.000000e+00 -6.329078e+01 6.536462e+02
      vertex   -7.260728e-15 -6.320362e+01 6.534952e+02
      vertex   2.355332e-13 -6.329078e+01 6.536462e+02
    endloop
  endfacet
  facet normal -9.322880e-15 7.660444e-01 6.427876e-01
    outer loop
      vertex   2.000000e+00 -6.329078e+01 6.536462e+02
      vertex   2.355332e-13 -6.329078e+01 6.536462e+02
      vertex   2.000000e+00 -6.340282e+01 6.537797e+02
    endloop
  endfacet
  facet normal -4.858266e-14 7.660444e-01 6.427876e-01
    outer loop
      vertex   2.000000e+00 -6.340282e+01 6.537797e+02
      vertex   2.355332e-13 -6.329078e+01 6.536462e+02
      vertex   2.302648e-13 -6.340282e+01 6.537797e+02
    endloop
  endfacet
  facet normal -6.653641e-14 6.427876e-01 7.660444e-01
    outer loop
      vertex   2.000000e+00 -6.340282e+01 6.537797e+02
      vertex   2.302648e-13 -6.340282e+01 6.537797e+02
      vertex   2.000000e+00 -6.353635e+01 6.538917e+02
    endloop
  endfacet
  facet normal -2.299182e-14 6.427876e-01 7.660444e-01
    outer loop
      vertex   2.000000e+00 -6.353635e+01 6.538917e+02
      vertex   2.302648e-13 -6.340282e+01 6.537797e+02
      vertex   2.266609e-13 -6.353635e+01 6.538917e+02
    endloop
  endfacet
  facet normal -3.324063e-14 5.000000e-01 8.660254e-01
    outer loop
      vertex   2.000000e+00 -6.353635e+01 6.538917e+02
      vertex   2.266609e-13 -6.353635e+01 6.538917e+02
      vertex   2.000000e+00 -6.368731e+01 6.539789e+02
    endloop
  endfacet
  facet normal 1.598721e-14 5.000000e-01 8.660254e-01
    outer loop
      vertex   2.000000e+00 -6.368731e+01 6.539789e+02
      vertex   2.266609e-13 -6.353635e+01 6.538917e+02
      vertex   2.248312e-13 -6.368731e+01 6.539789e+02
    endloop
  endfacet
  facet normal 1.093590e-14 3.420201e-01 9.396926e-01
    outer loop
      vertex   2.000000e+00 -6.368731e+01 6.539789e+02
      vertex   2.248312e-13 -6.368731e+01 6.539789e+02
      vertex   2.000000e+00 -6.385111e+01 6.540385e+02
    endloop
  endfacet
  facet normal -4.247944e-14 3.420201e-01 9.396926e-01
    outer loop
      vertex   2.000000e+00 -6.385111e+01 6.540385e+02
      vertex   2.248312e-13 -6.368731e+01 6.539789e+02
      vertex   2.248312e-13 -6.385111e+01 6.540385e+02
    endloop
  endfacet
  facet normal -5.042754e-14 1.736482e-01 9.848078e-01
    outer loop
      vertex   2.000000e+00 -6.385111e+01 6.540385e+02
      vertex   2.248312e-13 -6.385111e+01 6.540385e+02
      vertex   2.000000e+00 -6.402277e+01 6.540688e+02
    endloop
  endfacet
  facet normal -1.630041e-13 1.736482e-01 9.848078e-01
    outer loop
      vertex   2.000000e+00 -6.402277e+01 6.540688e+02
      vertex   2.248312e-13 -6.385111e+01 6.540385e+02
      vertex   2.266609e-13 -6.402277e+01 6.540688e+02
    endloop
  endfacet
  facet normal -1.705303e-13 6.082382e-27 1.000000e+00
    outer loop
      vertex   2.000000e+00 -6.402277e+01 6.540688e+02
      vertex   2.266609e-13 -6.402277e+01 6.540688e+02
      vertex   2.000000e+00 -6.419709e+01 6.540688e+02
    endloop
  endfacet
  facet normal -5.684342e-14 1.304410e-12 1.000000e+00
    outer loop
      vertex   2.000000e+00 -6.419709e+01 6.540688e+02
      vertex   2.266609e-13 -6.402277e+01 6.540688e+02
      vertex   2.302648e-13 -6.419709e+01 6.540688e+02
    endloop
  endfacet
  facet normal -6.214906e-14 -1.736482e-01 9.848078e-01
    outer loop
      vertex   2.000000e+00 -6.419709e+01 6.540688e+02
      vertex   2.302648e-13 -6.419709e+01 6.540688e+02
      vertex   2.000000e+00 -6.436875e+01 6.540385e+02
    endloop
  endfacet
  facet normal -4.935378e-15 -1.736482e-01 9.848078e-01
    outer loop
      vertex   2.000000e+00 -6.436875e+01 6.540385e+02
      vertex   2.302648e-13 -6.419709e+01 6.540688e+02
      vertex   2.355332e-13 -6.436875e+01 6.540385e+02
    endloop
  endfacet
  facet normal -9.720797e-15 -3.420201e-01 9.396926e-01
    outer loop
      vertex   2.000000e+00 -6.436875e+01 6.540385e+02
      vertex   2.355332e-13 -6.436875e+01 6.540385e+02
      vertex   2.000000e+00 -6.453255e+01 6.539789e+02
    endloop
  endfacet
  facet normal -1.821178e-13 -3.420201e-01 9.396926e-01
    outer loop
      vertex   2.000000e+00 -6.453255e+01 6.539789e+02
      vertex   2.355332e-13 -6.436875e+01 6.540385e+02
      vertex   -9.268073e-14 -6.453255e+01 6.539789e+02
    endloop
  endfacet
  facet normal 1.123760e-02 8.659707e-01 4.999684e-01
    outer loop
      vertex   2.000000e+00 -6.329078e+01 6.536462e+02
      vertex   2.046020e+00 -6.328799e+01 6.536403e+02
      vertex   2.000000e+00 -6.320362e+01 6.534952e+02
    endloop
  endfacet
  facet normal 7.965536e-02 8.725057e-01 4.820672e-01
    outer loop
      vertex   2.000000e+00 -6.320362e+01 6.534952e+02
      vertex   2.046020e+00 -6.328799e+01 6.536403e+02
      vertex   2.166162e+00 -6.327644e+01 6.535995e+02
    endloop
  endfacet
  facet normal 8.700689e-02 8.766278e-01 4.732373e-01
    outer loop
      vertex   2.000000e+00 -6.320362e+01 6.534952e+02
      vertex   2.166162e+00 -6.327644e+01 6.535995e+02
      vertex   2.173648e+00 -6.321739e+01 6.534888e+02
    endloop
  endfacet
  facet normal 2.079902e-01 8.572244e-01 4.710694e-01
    outer loop
      vertex   2.173648e+00 -6.321739e+01 6.534888e+02
      vertex   2.166162e+00 -6.327644e+01 6.535995e+02
      vertex   2.279356e+00 -6.327070e+01 6.535391e+02
    endloop
  endfacet
  facet normal 2.587762e-01 8.829685e-01 3.916650e-01
    outer loop
      vertex   2.173648e+00 -6.321739e+01 6.534888e+02
      vertex   2.279356e+00 -6.327070e+01 6.535391e+02
      vertex   2.342020e+00 -6.325828e+01 6.534697e+02
    endloop
  endfacet
  facet normal 3.799713e-01 7.881778e-01 4.841462e-01
    outer loop
      vertex   2.342020e+00 -6.325828e+01 6.534697e+02
      vertex   2.279356e+00 -6.327070e+01 6.535391e+02
      vertex   2.355606e+00 -6.337760e+01 6.536533e+02
    endloop
  endfacet
  facet normal 3.747246e-01 7.898005e-01 4.855890e-01
    outer loop
      vertex   2.342020e+00 -6.325828e+01 6.534697e+02
      vertex   2.355606e+00 -6.337760e+01 6.536533e+02
      vertex   2.471325e+00 -6.337798e+01 6.535646e+02
    endloop
  endfacet
  facet normal 4.529617e-01 6.699810e-01 5.881762e-01
    outer loop
      vertex   2.471325e+00 -6.337798e+01 6.535646e+02
      vertex   2.355606e+00 -6.337760e+01 6.536533e+02
      vertex   2.421087e+00 -6.350669e+01 6.537499e+02
    endloop
  endfacet
  facet normal 4.529617e-01 6.699810e-01 5.881762e-01
    outer loop
      vertex   2.471325e+00 -6.337798e+01 6.535646e+02
      vertex   2.421087e+00 -6.350669e+01 6.537499e+02
      vertex   2.547072e+00 -6.350710e+01 6.536534e+02
    endloop
  endfacet
  facet normal 5.163466e-01 5.315290e-01 6.714634e-01
    outer loop
      vertex   2.547072e+00 -6.350710e+01 6.536534e+02
      vertex   2.421087e+00 -6.350669e+01 6.537499e+02
      vertex   2.473815e+00 -6.365405e+01 6.538260e+02
    endloop
  endfacet
  facet normal 5.163466e-01 5.315290e-01 6.714634e-01
    outer loop
      vertex   2.547072e+00 -6.350710e+01 6.536534e+02
      vertex   2.473815e+00 -6.365405e+01 6.538260e+02
      vertex   2.606250e+00 -6.365448e+01 6.537245e+02
    endloop
  endfacet
  facet normal 5.641514e-01 3.771716e-01 7.344895e-01
    outer loop
      vertex   2.606250e+00 -6.365448e+01 6.537245e+02
      vertex   2.473815e+00 -6.365405e+01 6.538260e+02
      vertex   2.512193e+00 -6.381521e+01 6.538793e+02
    endloop
  endfacet
  facet normal 5.641514e-01 3.771716e-01 7.344895e-01
    outer loop
      vertex   2.606250e+00 -6.365448e+01 6.537245e+02
      vertex   2.512193e+00 -6.381521e+01 6.538793e+02
      vertex   2.647068e+00 -6.381565e+01 6.537759e+02
    endloop
  endfacet
  facet normal 5.949787e-01 2.115112e-01 7.754118e-01
    outer loop
      vertex   2.647068e+00 -6.381565e+01 6.537759e+02
      vertex   2.512193e+00 -6.381521e+01 6.538793e+02
      vertex   2.535059e+00 -6.398530e+01 6.539082e+02
    endloop
  endfacet
  facet normal 5.949787e-01 2.115112e-01 7.754118e-01
    outer loop
      vertex   2.647068e+00 -6.381565e+01 6.537759e+02
      vertex   2.535059e+00 -6.398530e+01 6.539082e+02
      vertex   2.668289e+00 -6.398573e+01 6.538060e+02
    endloop
  endfacet
  facet normal 6.079166e-01 3.946073e-02 7.930197e-01
    outer loop
      vertex   2.668289e+00 -6.398573e+01 6.538060e+02
      vertex   2.535059e+00 -6.398530e+01 6.539082e+02
      vertex   2.541721e+00 -6.415916e+01 6.539117e+02
    endloop
  endfacet
  facet normal 6.079166e-01 3.946073e-02 7.930197e-01
    outer loop
      vertex   2.668289e+00 -6.398573e+01 6.538060e+02
      vertex   2.541721e+00 -6.415916e+01 6.539117e+02
      vertex   2.669271e+00 -6.415957e+01 6.538139e+02
    endloop
  endfacet
  facet normal 6.025607e-01 -1.338774e-01 7.867639e-01
    outer loop
      vertex   2.669271e+00 -6.415957e+01 6.538139e+02
      vertex   2.541721e+00 -6.415916e+01 6.539117e+02
      vertex   2.531977e+00 -6.433153e+01 6.538898e+02
    endloop
  endfacet
  facet normal 6.025607e-01 -1.338774e-01 7.867639e-01
    outer loop
      vertex   2.669271e+00 -6.415957e+01 6.538139e+02
      vertex   2.531977e+00 -6.433153e+01 6.538898e+02
      vertex   2.649983e+00 -6.433191e+01 6.537994e+02
    endloop
  endfacet
  facet normal 5.825753e-01 -2.845889e-01 7.613246e-01
    outer loop
      vertex   2.649983e+00 -6.433191e+01 6.537994e+02
      vertex   2.531977e+00 -6.433153e+01 6.538898e+02
      vertex   2.642788e+00 -6.443367e+01 6.537669e+02
    endloop
  endfacet
  facet normal 6.946608e-01 -2.631511e-01 6.694759e-01
    outer loop
      vertex   2.649983e+00 -6.433191e+01 6.537994e+02
      vertex   2.642788e+00 -6.443367e+01 6.537669e+02
      vertex   2.751564e+00 -6.433932e+01 6.536911e+02
    endloop
  endfacet
  facet normal 7.071038e-01 -3.014738e-01 6.396231e-01
    outer loop
      vertex   2.751564e+00 -6.433932e+01 6.536911e+02
      vertex   2.642788e+00 -6.443367e+01 6.537669e+02
      vertex   2.766044e+00 -6.438158e+01 6.536551e+02
    endloop
  endfacet
  facet normal 8.174731e-01 -1.839109e-01 5.458154e-01
    outer loop
      vertex   2.751564e+00 -6.433932e+01 6.536911e+02
      vertex   2.766044e+00 -6.438158e+01 6.536551e+02
      vertex   2.866025e+00 -6.432124e+01 6.535257e+02
    endloop
  endfacet
  facet normal 3.542017e-02 7.659329e-01 6.419440e-01
    outer loop
      vertex   2.046020e+00 -6.328799e+01 6.536403e+02
      vertex   2.000000e+00 -6.329078e+01 6.536462e+02
      vertex   2.090607e+00 -6.339725e+01 6.537682e+02
    endloop
  endfacet
  facet normal 3.439470e-02 7.655912e-01 6.424073e-01
    outer loop
      vertex   2.090607e+00 -6.339725e+01 6.537682e+02
      vertex   2.000000e+00 -6.329078e+01 6.536462e+02
      vertex   2.000000e+00 -6.340282e+01 6.537797e+02
    endloop
  endfacet
  facet normal 5.743622e-02 6.423862e-01 7.642258e-01
    outer loop
      vertex   2.090607e+00 -6.339725e+01 6.537682e+02
      vertex   2.000000e+00 -6.340282e+01 6.537797e+02
      vertex   2.132420e+00 -6.352809e+01 6.538750e+02
    endloop
  endfacet
  facet normal 5.641650e-02 6.417639e-01 7.648244e-01
    outer loop
      vertex   2.132420e+00 -6.352809e+01 6.538750e+02
      vertex   2.000000e+00 -6.340282e+01 6.537797e+02
      vertex   2.000000e+00 -6.353635e+01 6.538917e+02
    endloop
  endfacet
  facet normal 7.765051e-02 4.994808e-01 8.628380e-01
    outer loop
      vertex   2.132420e+00 -6.352809e+01 6.538750e+02
      vertex   2.000000e+00 -6.353635e+01 6.538917e+02
      vertex   2.170201e+00 -6.367657e+01 6.539576e+02
    endloop
  endfacet
  facet normal 7.661918e-02 4.985302e-01 8.634797e-01
    outer loop
      vertex   2.170201e+00 -6.367657e+01 6.539576e+02
      vertex   2.000000e+00 -6.353635e+01 6.538917e+02
      vertex   2.000000e+00 -6.368731e+01 6.539789e+02
    endloop
  endfacet
  facet normal 8.294870e-02 4.496068e-01 8.893668e-01
    outer loop
      vertex   2.170201e+00 -6.367657e+01 6.539576e+02
      vertex   2.000000e+00 -6.368731e+01 6.539789e+02
      vertex   2.006149e+00 -6.369906e+01 6.539843e+02
    endloop
  endfacet
  facet normal -1.641646e-01 3.373799e-01 9.269438e-01
    outer loop
      vertex   2.006149e+00 -6.369906e+01 6.539843e+02
      vertex   2.000000e+00 -6.368731e+01 6.539789e+02
      vertex   2.000000e+00 -6.385111e+01 6.540385e+02
    endloop
  endfacet
  facet normal 4.157794e-02 3.342745e-01 9.415582e-01
    outer loop
      vertex   2.006149e+00 -6.369906e+01 6.539843e+02
      vertex   2.000000e+00 -6.385111e+01 6.540385e+02
      vertex   2.035913e+00 -6.386105e+01 6.540405e+02
    endloop
  endfacet
  facet normal -5.202449e-03 1.736458e-01 9.847944e-01
    outer loop
      vertex   2.035913e+00 -6.386105e+01 6.540405e+02
      vertex   2.000000e+00 -6.385111e+01 6.540385e+02
      vertex   2.000000e+00 -6.402277e+01 6.540688e+02
    endloop
  endfacet
  facet normal 4.175406e-02 1.633739e-01 9.856803e-01
    outer loop
      vertex   2.035913e+00 -6.386105e+01 6.540405e+02
      vertex   2.000000e+00 -6.402277e+01 6.540688e+02
      vertex   2.064589e+00 -6.403058e+01 6.540673e+02
    endloop
  endfacet
  facet normal 2.233281e-02 -7.966849e-16 9.997506e-01
    outer loop
      vertex   2.064589e+00 -6.403058e+01 6.540673e+02
      vertex   2.000000e+00 -6.402277e+01 6.540688e+02
      vertex   2.000000e+00 -6.419709e+01 6.540688e+02
    endloop
  endfacet
  facet normal 5.058730e-02 -1.096936e-02 9.986594e-01
    outer loop
      vertex   2.064589e+00 -6.403058e+01 6.540673e+02
      vertex   2.000000e+00 -6.419709e+01 6.540688e+02
      vertex   2.091309e+00 -6.420251e+01 6.540641e+02
    endloop
  endfacet
  facet normal 4.018164e-02 -1.735079e-01 9.840124e-01
    outer loop
      vertex   2.091309e+00 -6.420251e+01 6.540641e+02
      vertex   2.000000e+00 -6.419709e+01 6.540688e+02
      vertex   2.000000e+00 -6.436875e+01 6.540385e+02
    endloop
  endfacet
  facet normal 6.079397e-02 -1.843622e-01 9.809764e-01
    outer loop
      vertex   2.091309e+00 -6.420251e+01 6.540641e+02
      vertex   2.000000e+00 -6.436875e+01 6.540385e+02
      vertex   2.115264e+00 -6.437164e+01 6.540308e+02
    endloop
  endfacet
  facet normal 5.401070e-02 -3.415209e-01 9.383210e-01
    outer loop
      vertex   2.115264e+00 -6.437164e+01 6.540308e+02
      vertex   2.000000e+00 -6.436875e+01 6.540385e+02
      vertex   2.000000e+00 -6.453255e+01 6.539789e+02
    endloop
  endfacet
  facet normal 8.697535e-02 -3.618572e-01 9.281674e-01
    outer loop
      vertex   2.115264e+00 -6.437164e+01 6.540308e+02
      vertex   2.000000e+00 -6.453255e+01 6.539789e+02
      vertex   2.173648e+00 -6.452613e+01 6.539651e+02
    endloop
  endfacet
  facet normal 1.943743e-01 -3.207716e-01 9.269974e-01
    outer loop
      vertex   2.115264e+00 -6.437164e+01 6.540308e+02
      vertex   2.173648e+00 -6.452613e+01 6.539651e+02
      vertex   2.260847e+00 -6.435167e+01 6.540072e+02
    endloop
  endfacet
  facet normal 2.582380e-01 -3.466051e-01 9.017638e-01
    outer loop
      vertex   2.260847e+00 -6.435167e+01 6.540072e+02
      vertex   2.173648e+00 -6.452613e+01 6.539651e+02
      vertex   2.342020e+00 -6.450706e+01 6.539242e+02
    endloop
  endfacet
  facet normal 3.315244e-01 -3.037552e-01 8.932101e-01
    outer loop
      vertex   2.260847e+00 -6.435167e+01 6.540072e+02
      vertex   2.342020e+00 -6.450706e+01 6.539242e+02
      vertex   2.400954e+00 -6.433819e+01 6.539598e+02
    endloop
  endfacet
  facet normal 4.217849e-01 -3.253781e-01 8.463017e-01
    outer loop
      vertex   2.400954e+00 -6.433819e+01 6.539598e+02
      vertex   2.342020e+00 -6.450706e+01 6.539242e+02
      vertex   2.500000e+00 -6.447593e+01 6.538575e+02
    endloop
  endfacet
  facet normal 4.621704e-01 -2.901551e-01 8.379788e-01
    outer loop
      vertex   2.400954e+00 -6.433819e+01 6.539598e+02
      vertex   2.500000e+00 -6.447593e+01 6.538575e+02
      vertex   2.531977e+00 -6.433153e+01 6.538898e+02
    endloop
  endfacet
  facet normal 5.727808e-01 -2.979868e-01 7.636269e-01
    outer loop
      vertex   2.531977e+00 -6.433153e+01 6.538898e+02
      vertex   2.500000e+00 -6.447593e+01 6.538575e+02
      vertex   2.642788e+00 -6.443367e+01 6.537669e+02
    endloop
  endfacet
  facet normal 9.062446e-01 -1.678907e-01 3.879864e-01
    outer loop
      vertex   2.939693e+00 -6.425447e+01 6.533826e+02
      vertex   2.933316e+00 -6.420524e+01 6.534188e+02
      vertex   2.866025e+00 -6.432124e+01 6.535257e+02
    endloop
  endfacet
  facet normal 8.964970e-01 -1.292216e-01 4.237864e-01
    outer loop
      vertex   2.866025e+00 -6.432124e+01 6.535257e+02
      vertex   2.933316e+00 -6.420524e+01 6.534188e+02
      vertex   2.867937e+00 -6.418295e+01 6.535639e+02
    endloop
  endfacet
  facet normal 8.194718e-01 -1.628145e-01 5.495065e-01
    outer loop
      vertex   2.866025e+00 -6.432124e+01 6.535257e+02
      vertex   2.867937e+00 -6.418295e+01 6.535639e+02
      vertex   2.751564e+00 -6.433932e+01 6.536911e+02
    endloop
  endfacet
  facet normal 8.141013e-01 -1.493032e-01 5.612020e-01
    outer loop
      vertex   2.751564e+00 -6.433932e+01 6.536911e+02
      vertex   2.867937e+00 -6.418295e+01 6.535639e+02
      vertex   2.779066e+00 -6.416758e+01 6.536969e+02
    endloop
  endfacet
  facet normal 7.177138e-01 -1.379623e-01 6.825345e-01
    outer loop
      vertex   2.751564e+00 -6.433932e+01 6.536911e+02
      vertex   2.779066e+00 -6.416758e+01 6.536969e+02
      vertex   2.649983e+00 -6.433191e+01 6.537994e+02
    endloop
  endfacet
  facet normal 7.177138e-01 -1.379623e-01 6.825345e-01
    outer loop
      vertex   2.649983e+00 -6.433191e+01 6.537994e+02
      vertex   2.779066e+00 -6.416758e+01 6.536969e+02
      vertex   2.669271e+00 -6.415957e+01 6.538139e+02
    endloop
  endfacet
  facet normal 9.646743e-01 -6.311882e-02 2.557724e-01
    outer loop
      vertex   2.939693e+00 -6.425447e+01 6.533826e+02
      vertex   2.984808e+00 -6.418332e+01 6.532300e+02
      vertex   2.933316e+00 -6.420524e+01 6.534188e+02
    endloop
  endfacet
  facet normal 9.651104e-01 -1.614472e-02 2.613450e-01
    outer loop
      vertex   2.933316e+00 -6.420524e+01 6.534188e+02
      vertex   2.984808e+00 -6.418332e+01 6.532300e+02
      vertex   2.985873e+00 -6.406326e+01 6.532334e+02
    endloop
  endfacet
  facet normal 9.662060e-01 -2.249871e-02 2.567876e-01
    outer loop
      vertex   2.933316e+00 -6.420524e+01 6.534188e+02
      vertex   2.985873e+00 -6.406326e+01 6.532334e+02
      vertex   2.944093e+00 -6.403342e+01 6.533933e+02
    endloop
  endfacet
  facet normal 9.632611e-01 1.478236e-01 2.242235e-01
    outer loop
      vertex   2.944093e+00 -6.403342e+01 6.533933e+02
      vertex   2.985873e+00 -6.406326e+01 6.532334e+02
      vertex   2.968573e+00 -6.389413e+01 6.531963e+02
    endloop
  endfacet
  facet normal 9.632611e-01 1.478236e-01 2.242235e-01
    outer loop
      vertex   2.944093e+00 -6.403342e+01 6.533933e+02
      vertex   2.968573e+00 -6.389413e+01 6.531963e+02
      vertex   2.926278e+00 -6.386393e+01 6.533581e+02
    endloop
  endfacet
  facet normal 9.480089e-01 2.459894e-01 2.019115e-01
    outer loop
      vertex   2.926278e+00 -6.386393e+01 6.533581e+02
      vertex   2.968573e+00 -6.389413e+01 6.531963e+02
      vertex   2.939693e+00 -6.379995e+01 6.532171e+02
    endloop
  endfacet
  facet normal 9.170876e-01 3.228822e-01 2.338749e-01
    outer loop
      vertex   2.926278e+00 -6.386393e+01 6.533581e+02
      vertex   2.939693e+00 -6.379995e+01 6.532171e+02
      vertex   2.880410e+00 -6.370189e+01 6.533142e+02
    endloop
  endfacet
  facet normal 9.060206e-01 3.935394e-01 1.557351e-01
    outer loop
      vertex   2.880410e+00 -6.370189e+01 6.533142e+02
      vertex   2.939693e+00 -6.379995e+01 6.532171e+02
      vertex   2.866025e+00 -6.365678e+01 6.532839e+02
    endloop
  endfacet
  facet normal 8.304556e-01 4.679222e-01 3.023117e-01
    outer loop
      vertex   2.880410e+00 -6.370189e+01 6.533142e+02
      vertex   2.866025e+00 -6.365678e+01 6.532839e+02
      vertex   2.812527e+00 -6.367875e+01 6.534649e+02
    endloop
  endfacet
  facet normal 8.173924e-01 4.910342e-01 3.012558e-01
    outer loop
      vertex   2.812527e+00 -6.367875e+01 6.534649e+02
      vertex   2.866025e+00 -6.365678e+01 6.532839e+02
      vertex   2.766044e+00 -6.352737e+01 6.533442e+02
    endloop
  endfacet
  facet normal 8.054250e-01 5.004039e-01 3.176263e-01
    outer loop
      vertex   2.812527e+00 -6.367875e+01 6.534649e+02
      vertex   2.766044e+00 -6.352737e+01 6.533442e+02
      vertex   2.743302e+00 -6.353019e+01 6.534064e+02
    endloop
  endfacet
  facet normal 7.070584e-01 6.457580e-01 2.882101e-01
    outer loop
      vertex   2.743302e+00 -6.353019e+01 6.534064e+02
      vertex   2.766044e+00 -6.352737e+01 6.533442e+02
      vertex   2.642788e+00 -6.341566e+01 6.533963e+02
    endloop
  endfacet
  facet normal 6.782750e-01 6.285792e-01 3.805671e-01
    outer loop
      vertex   2.743302e+00 -6.353019e+01 6.534064e+02
      vertex   2.642788e+00 -6.341566e+01 6.533963e+02
      vertex   2.655521e+00 -6.351501e+01 6.535377e+02
    endloop
  endfacet
  facet normal 6.311803e-01 6.602411e-01 4.070541e-01
    outer loop
      vertex   2.655521e+00 -6.351501e+01 6.535377e+02
      vertex   2.642788e+00 -6.341566e+01 6.533963e+02
      vertex   2.570938e+00 -6.338524e+01 6.534584e+02
    endloop
  endfacet
  facet normal 5.663192e-01 6.659598e-01 4.855720e-01
    outer loop
      vertex   2.655521e+00 -6.351501e+01 6.535377e+02
      vertex   2.570938e+00 -6.338524e+01 6.534584e+02
      vertex   2.547072e+00 -6.350710e+01 6.536534e+02
    endloop
  endfacet
  facet normal 5.663192e-01 6.659598e-01 4.855720e-01
    outer loop
      vertex   2.547072e+00 -6.350710e+01 6.536534e+02
      vertex   2.570938e+00 -6.338524e+01 6.534584e+02
      vertex   2.471325e+00 -6.337798e+01 6.535646e+02
    endloop
  endfacet
  facet normal 9.958049e-01 -1.146689e-02 9.078099e-02
    outer loop
      vertex   2.984808e+00 -6.418332e+01 6.532300e+02
      vertex   3.000000e+00 -6.410993e+01 6.530726e+02
      vertex   2.985873e+00 -6.406326e+01 6.532334e+02
    endloop
  endfacet
  facet normal 9.955713e-01 6.399229e-02 6.886711e-02
    outer loop
      vertex   2.985873e+00 -6.406326e+01 6.532334e+02
      vertex   3.000000e+00 -6.410993e+01 6.530726e+02
      vertex   2.984808e+00 -6.395255e+01 6.531460e+02
    endloop
  endfacet
  facet normal 9.780224e-01 1.349755e-01 1.589145e-01
    outer loop
      vertex   2.985873e+00 -6.406326e+01 6.532334e+02
      vertex   2.984808e+00 -6.395255e+01 6.531460e+02
      vertex   2.968573e+00 -6.389413e+01 6.531963e+02
    endloop
  endfacet
  facet normal 9.524771e-01 3.015810e-01 -4.285121e-02
    outer loop
      vertex   2.968573e+00 -6.389413e+01 6.531963e+02
      vertex   2.984808e+00 -6.395255e+01 6.531460e+02
      vertex   2.939693e+00 -6.379995e+01 6.532171e+02
    endloop
  endfacet
  facet normal 5.723359e-01 7.685790e-01 2.858637e-01
    outer loop
      vertex   2.642788e+00 -6.341566e+01 6.533963e+02
      vertex   2.500000e+00 -6.332504e+01 6.534386e+02
      vertex   2.570938e+00 -6.338524e+01 6.534584e+02
    endloop
  endfacet
  facet normal 5.117534e-01 7.443351e-01 4.290381e-01
    outer loop
      vertex   2.570938e+00 -6.338524e+01 6.534584e+02
      vertex   2.500000e+00 -6.332504e+01 6.534386e+02
      vertex   2.471325e+00 -6.337798e+01 6.535646e+02
    endloop
  endfacet
  facet normal 4.220123e-01 7.975928e-01 4.309888e-01
    outer loop
      vertex   2.500000e+00 -6.332504e+01 6.534386e+02
      vertex   2.342020e+00 -6.325828e+01 6.534697e+02
      vertex   2.471325e+00 -6.337798e+01 6.535646e+02
    endloop
  endfacet
  facet normal 1.593827e-01 6.154642e-03 9.871977e-01
    outer loop
      vertex   2.064589e+00 -6.403058e+01 6.540673e+02
      vertex   2.091309e+00 -6.420251e+01 6.540641e+02
      vertex   2.248826e+00 -6.418091e+01 6.540385e+02
    endloop
  endfacet
  facet normal 1.800400e-01 -1.651818e-01 9.696910e-01
    outer loop
      vertex   2.248826e+00 -6.418091e+01 6.540385e+02
      vertex   2.091309e+00 -6.420251e+01 6.540641e+02
      vertex   2.260847e+00 -6.435167e+01 6.540072e+02
    endloop
  endfacet
  facet normal 3.297869e-01 -1.478031e-01 9.324135e-01
    outer loop
      vertex   2.248826e+00 -6.418091e+01 6.540385e+02
      vertex   2.260847e+00 -6.435167e+01 6.540072e+02
      vertex   2.400954e+00 -6.433819e+01 6.539598e+02
    endloop
  endfacet
  facet normal 1.340208e-01 1.772859e-01 9.749913e-01
    outer loop
      vertex   2.035913e+00 -6.386105e+01 6.540405e+02
      vertex   2.064589e+00 -6.403058e+01 6.540673e+02
      vertex   2.229289e+00 -6.400799e+01 6.540406e+02
    endloop
  endfacet
  facet normal 1.594555e-01 6.246327e-03 9.871853e-01
    outer loop
      vertex   2.229289e+00 -6.400799e+01 6.540406e+02
      vertex   2.064589e+00 -6.403058e+01 6.540673e+02
      vertex   2.248826e+00 -6.418091e+01 6.540385e+02
    endloop
  endfacet
  facet normal 3.184297e-01 2.468037e-02 9.476251e-01
    outer loop
      vertex   2.229289e+00 -6.400799e+01 6.540406e+02
      vertex   2.248826e+00 -6.418091e+01 6.540385e+02
      vertex   2.400103e+00 -6.416635e+01 6.539873e+02
    endloop
  endfacet
  facet normal 3.298602e-01 -1.477253e-01 9.323998e-01
    outer loop
      vertex   2.400103e+00 -6.416635e+01 6.539873e+02
      vertex   2.248826e+00 -6.418091e+01 6.540385e+02
      vertex   2.400954e+00 -6.433819e+01 6.539598e+02
    endloop
  endfacet
  facet normal 4.719681e-01 -1.371665e-01 8.708797e-01
    outer loop
      vertex   2.400103e+00 -6.416635e+01 6.539873e+02
      vertex   2.400954e+00 -6.433819e+01 6.539598e+02
      vertex   2.541721e+00 -6.415916e+01 6.539117e+02
    endloop
  endfacet
  facet normal 4.719681e-01 -1.371665e-01 8.708797e-01
    outer loop
      vertex   2.541721e+00 -6.415916e+01 6.539117e+02
      vertex   2.400954e+00 -6.433819e+01 6.539598e+02
      vertex   2.531977e+00 -6.433153e+01 6.538898e+02
    endloop
  endfacet
  facet normal 1.046359e-01 3.430544e-01 9.334694e-01
    outer loop
      vertex   2.006149e+00 -6.369906e+01 6.539843e+02
      vertex   2.035913e+00 -6.386105e+01 6.540405e+02
      vertex   2.202817e+00 -6.383816e+01 6.540133e+02
    endloop
  endfacet
  facet normal 1.340932e-01 1.773812e-01 9.749641e-01
    outer loop
      vertex   2.202817e+00 -6.383816e+01 6.540133e+02
      vertex   2.035913e+00 -6.386105e+01 6.540405e+02
      vertex   2.229289e+00 -6.400799e+01 6.540406e+02
    endloop
  endfacet
  facet normal 2.975051e-01 1.963293e-01 9.343155e-01
    outer loop
      vertex   2.202817e+00 -6.383816e+01 6.540133e+02
      vertex   2.229289e+00 -6.400799e+01 6.540406e+02
      vertex   2.387134e+00 -6.399281e+01 6.539871e+02
    endloop
  endfacet
  facet normal 3.185028e-01 2.476829e-02 9.475983e-01
    outer loop
      vertex   2.387134e+00 -6.399281e+01 6.539871e+02
      vertex   2.229289e+00 -6.400799e+01 6.540406e+02
      vertex   2.400103e+00 -6.416635e+01 6.539873e+02
    endloop
  endfacet
  facet normal 4.692814e-01 3.596912e-02 8.823158e-01
    outer loop
      vertex   2.387134e+00 -6.399281e+01 6.539871e+02
      vertex   2.400103e+00 -6.416635e+01 6.539873e+02
      vertex   2.535059e+00 -6.398530e+01 6.539082e+02
    endloop
  endfacet
  facet normal 4.692814e-01 3.596912e-02 8.823158e-01
    outer loop
      vertex   2.535059e+00 -6.398530e+01 6.539082e+02
      vertex   2.400103e+00 -6.416635e+01 6.539873e+02
      vertex   2.541721e+00 -6.415916e+01 6.539117e+02
    endloop
  endfacet
  facet normal 1.047063e-01 3.431453e-01 9.334280e-01
    outer loop
      vertex   2.006149e+00 -6.369906e+01 6.539843e+02
      vertex   2.202817e+00 -6.383816e+01 6.540133e+02
      vertex   2.170201e+00 -6.367657e+01 6.539576e+02
    endloop
  endfacet
  facet normal 2.676385e-01 3.620524e-01 8.929097e-01
    outer loop
      vertex   2.170201e+00 -6.367657e+01 6.539576e+02
      vertex   2.202817e+00 -6.383816e+01 6.540133e+02
      vertex   2.362441e+00 -6.382281e+01 6.539593e+02
    endloop
  endfacet
  facet normal 2.677046e-01 3.621387e-01 8.928549e-01
    outer loop
      vertex   2.170201e+00 -6.367657e+01 6.539576e+02
      vertex   2.362441e+00 -6.382281e+01 6.539593e+02
      vertex   2.326771e+00 -6.366151e+01 6.539045e+02
    endloop
  endfacet
  facet normal 4.220686e-01 3.735932e-01 8.260062e-01
    outer loop
      vertex   2.326771e+00 -6.366151e+01 6.539045e+02
      vertex   2.362441e+00 -6.382281e+01 6.539593e+02
      vertex   2.473815e+00 -6.365405e+01 6.538260e+02
    endloop
  endfacet
  facet normal 3.789569e-01 5.280688e-01 7.599572e-01
    outer loop
      vertex   2.326771e+00 -6.366151e+01 6.539045e+02
      vertex   2.473815e+00 -6.365405e+01 6.538260e+02
      vertex   2.421087e+00 -6.350669e+01 6.537499e+02
    endloop
  endfacet
  facet normal 2.975755e-01 1.964203e-01 9.342740e-01
    outer loop
      vertex   2.362441e+00 -6.382281e+01 6.539593e+02
      vertex   2.202817e+00 -6.383816e+01 6.540133e+02
      vertex   2.387134e+00 -6.399281e+01 6.539871e+02
    endloop
  endfacet
  facet normal 2.297084e-01 5.169321e-01 8.246303e-01
    outer loop
      vertex   2.170201e+00 -6.367657e+01 6.539576e+02
      vertex   2.326771e+00 -6.366151e+01 6.539045e+02
      vertex   2.132420e+00 -6.352809e+01 6.538750e+02
    endloop
  endfacet
  facet normal 2.297695e-01 5.170069e-01 8.245664e-01
    outer loop
      vertex   2.132420e+00 -6.352809e+01 6.538750e+02
      vertex   2.326771e+00 -6.366151e+01 6.539045e+02
      vertex   2.281205e+00 -6.351379e+01 6.538246e+02
    endloop
  endfacet
  facet normal 1.848259e-01 6.563469e-01 7.314698e-01
    outer loop
      vertex   2.132420e+00 -6.352809e+01 6.538750e+02
      vertex   2.281205e+00 -6.351379e+01 6.538246e+02
      vertex   2.090607e+00 -6.339725e+01 6.537682e+02
    endloop
  endfacet
  facet normal 1.848817e-01 6.564057e-01 7.314029e-01
    outer loop
      vertex   2.090607e+00 -6.339725e+01 6.537682e+02
      vertex   2.281205e+00 -6.351379e+01 6.538246e+02
      vertex   2.227123e+00 -6.338413e+01 6.537219e+02
    endloop
  endfacet
  facet normal 1.343096e-01 7.760927e-01 6.161501e-01
    outer loop
      vertex   2.090607e+00 -6.339725e+01 6.537682e+02
      vertex   2.227123e+00 -6.338413e+01 6.537219e+02
      vertex   2.046020e+00 -6.328799e+01 6.536403e+02
    endloop
  endfacet
  facet normal 1.343600e-01 7.761341e-01 6.160870e-01
    outer loop
      vertex   2.046020e+00 -6.328799e+01 6.536403e+02
      vertex   2.227123e+00 -6.338413e+01 6.537219e+02
      vertex   2.166162e+00 -6.327644e+01 6.535995e+02
    endloop
  endfacet
  facet normal 1.799686e-01 -1.652627e-01 9.696904e-01
    outer loop
      vertex   2.091309e+00 -6.420251e+01 6.540641e+02
      vertex   2.115264e+00 -6.437164e+01 6.540308e+02
      vertex   2.260847e+00 -6.435167e+01 6.540072e+02
    endloop
  endfacet
  facet normal 4.524768e-01 2.079222e-01 8.671984e-01
    outer loop
      vertex   2.535059e+00 -6.398530e+01 6.539082e+02
      vertex   2.512193e+00 -6.381521e+01 6.538793e+02
      vertex   2.387134e+00 -6.399281e+01 6.539871e+02
    endloop
  endfacet
  facet normal 4.524768e-01 2.079222e-01 8.671984e-01
    outer loop
      vertex   2.387134e+00 -6.399281e+01 6.539871e+02
      vertex   2.512193e+00 -6.381521e+01 6.538793e+02
      vertex   2.362441e+00 -6.382281e+01 6.539593e+02
    endloop
  endfacet
  facet normal 4.220686e-01 3.735932e-01 8.260062e-01
    outer loop
      vertex   2.512193e+00 -6.381521e+01 6.538793e+02
      vertex   2.473815e+00 -6.365405e+01 6.538260e+02
      vertex   2.362441e+00 -6.382281e+01 6.539593e+02
    endloop
  endfacet
  facet normal 3.789569e-01 5.280688e-01 7.599572e-01
    outer loop
      vertex   2.326771e+00 -6.366151e+01 6.539045e+02
      vertex   2.421087e+00 -6.350669e+01 6.537499e+02
      vertex   2.281205e+00 -6.351379e+01 6.538246e+02
    endloop
  endfacet
  facet normal 3.244054e-01 6.667432e-01 6.709803e-01
    outer loop
      vertex   2.281205e+00 -6.351379e+01 6.538246e+02
      vertex   2.421087e+00 -6.350669e+01 6.537499e+02
      vertex   2.355606e+00 -6.337760e+01 6.536533e+02
    endloop
  endfacet
  facet normal 3.244054e-01 6.667432e-01 6.709803e-01
    outer loop
      vertex   2.281205e+00 -6.351379e+01 6.538246e+02
      vertex   2.355606e+00 -6.337760e+01 6.536533e+02
      vertex   2.227123e+00 -6.338413e+01 6.537219e+02
    endloop
  endfacet
  facet normal 2.600144e-01 7.854384e-01 5.616752e-01
    outer loop
      vertex   2.227123e+00 -6.338413e+01 6.537219e+02
      vertex   2.355606e+00 -6.337760e+01 6.536533e+02
      vertex   2.279356e+00 -6.327070e+01 6.535391e+02
    endloop
  endfacet
  facet normal 2.600144e-01 7.854384e-01 5.616752e-01
    outer loop
      vertex   2.227123e+00 -6.338413e+01 6.537219e+02
      vertex   2.279356e+00 -6.327070e+01 6.535391e+02
      vertex   2.166162e+00 -6.327644e+01 6.535995e+02
    endloop
  endfacet
  facet normal 6.374932e-01 5.272315e-01 5.618090e-01
    outer loop
      vertex   2.547072e+00 -6.350710e+01 6.536534e+02
      vertex   2.606250e+00 -6.365448e+01 6.537245e+02
      vertex   2.655521e+00 -6.351501e+01 6.535377e+02
    endloop
  endfacet
  facet normal 6.374932e-01 5.272315e-01 5.618090e-01
    outer loop
      vertex   2.655521e+00 -6.351501e+01 6.535377e+02
      vertex   2.606250e+00 -6.365448e+01 6.537245e+02
      vertex   2.720252e+00 -6.366279e+01 6.536030e+02
    endloop
  endfacet
  facet normal 7.388974e-01 5.153004e-01 4.341615e-01
    outer loop
      vertex   2.655521e+00 -6.351501e+01 6.535377e+02
      vertex   2.720252e+00 -6.366279e+01 6.536030e+02
      vertex   2.743302e+00 -6.353019e+01 6.534064e+02
    endloop
  endfacet
  facet normal 7.388974e-01 5.153004e-01 4.341615e-01
    outer loop
      vertex   2.743302e+00 -6.353019e+01 6.534064e+02
      vertex   2.720252e+00 -6.366279e+01 6.536030e+02
      vertex   2.812527e+00 -6.367875e+01 6.534649e+02
    endloop
  endfacet
  facet normal 6.894362e-01 3.727273e-01 6.210894e-01
    outer loop
      vertex   2.606250e+00 -6.365448e+01 6.537245e+02
      vertex   2.647068e+00 -6.381565e+01 6.537759e+02
      vertex   2.720252e+00 -6.366279e+01 6.536030e+02
    endloop
  endfacet
  facet normal 6.894362e-01 3.727273e-01 6.210894e-01
    outer loop
      vertex   2.720252e+00 -6.366279e+01 6.536030e+02
      vertex   2.647068e+00 -6.381565e+01 6.537759e+02
      vertex   2.763169e+00 -6.382411e+01 6.536521e+02
    endloop
  endfacet
  facet normal 7.943042e-01 3.603886e-01 4.890816e-01
    outer loop
      vertex   2.720252e+00 -6.366279e+01 6.536030e+02
      vertex   2.763169e+00 -6.382411e+01 6.536521e+02
      vertex   2.812527e+00 -6.367875e+01 6.534649e+02
    endloop
  endfacet
  facet normal 7.943042e-01 3.603886e-01 4.890816e-01
    outer loop
      vertex   2.812527e+00 -6.367875e+01 6.534649e+02
      vertex   2.763169e+00 -6.382411e+01 6.536521e+02
      vertex   2.857144e+00 -6.384036e+01 6.535115e+02
    endloop
  endfacet
  facet normal 8.757263e-01 3.405119e-01 3.422791e-01
    outer loop
      vertex   2.812527e+00 -6.367875e+01 6.534649e+02
      vertex   2.857144e+00 -6.384036e+01 6.535115e+02
      vertex   2.880410e+00 -6.370189e+01 6.533142e+02
    endloop
  endfacet
  facet normal 8.757263e-01 3.405119e-01 3.422791e-01
    outer loop
      vertex   2.880410e+00 -6.370189e+01 6.533142e+02
      vertex   2.857144e+00 -6.384036e+01 6.535115e+02
      vertex   2.926278e+00 -6.386393e+01 6.533581e+02
    endloop
  endfacet
  facet normal 7.206331e-01 2.070538e-01 6.616772e-01
    outer loop
      vertex   2.647068e+00 -6.381565e+01 6.537759e+02
      vertex   2.668289e+00 -6.398573e+01 6.538060e+02
      vertex   2.763169e+00 -6.382411e+01 6.536521e+02
    endloop
  endfacet
  facet normal 7.206331e-01 2.070538e-01 6.616772e-01
    outer loop
      vertex   2.763169e+00 -6.382411e+01 6.536521e+02
      vertex   2.668289e+00 -6.398573e+01 6.538060e+02
      vertex   2.782974e+00 -6.399409e+01 6.536838e+02
    endloop
  endfacet
  facet normal 8.258105e-01 1.946787e-01 5.292800e-01
    outer loop
      vertex   2.763169e+00 -6.382411e+01 6.536521e+02
      vertex   2.782974e+00 -6.399409e+01 6.536838e+02
      vertex   2.857144e+00 -6.384036e+01 6.535115e+02
    endloop
  endfacet
  facet normal 8.258105e-01 1.946787e-01 5.292800e-01
    outer loop
      vertex   2.857144e+00 -6.384036e+01 6.535115e+02
      vertex   2.782974e+00 -6.399409e+01 6.536838e+02
      vertex   2.875803e+00 -6.401015e+01 6.535448e+02
    endloop
  endfacet
  facet normal 9.074728e-01 1.747433e-01 3.820444e-01
    outer loop
      vertex   2.857144e+00 -6.384036e+01 6.535115e+02
      vertex   2.875803e+00 -6.401015e+01 6.535448e+02
      vertex   2.926278e+00 -6.386393e+01 6.533581e+02
    endloop
  endfacet
  facet normal 9.074728e-01 1.747433e-01 3.820444e-01
    outer loop
      vertex   2.926278e+00 -6.386393e+01 6.533581e+02
      vertex   2.875803e+00 -6.401015e+01 6.535448e+02
      vertex   2.944093e+00 -6.403342e+01 6.533933e+02
    endloop
  endfacet
  facet normal 7.301615e-01 3.512425e-02 6.823712e-01
    outer loop
      vertex   2.668289e+00 -6.398573e+01 6.538060e+02
      vertex   2.669271e+00 -6.415957e+01 6.538139e+02
      vertex   2.782974e+00 -6.399409e+01 6.536838e+02
    endloop
  endfacet
  facet normal 7.301615e-01 3.512425e-02 6.823712e-01
    outer loop
      vertex   2.782974e+00 -6.399409e+01 6.536838e+02
      vertex   2.669271e+00 -6.415957e+01 6.538139e+02
      vertex   2.779066e+00 -6.416758e+01 6.536969e+02
    endloop
  endfacet
  facet normal 8.324849e-01 2.308494e-02 5.535665e-01
    outer loop
      vertex   2.782974e+00 -6.399409e+01 6.536838e+02
      vertex   2.779066e+00 -6.416758e+01 6.536969e+02
      vertex   2.875803e+00 -6.401015e+01 6.535448e+02
    endloop
  endfacet
  facet normal 8.324849e-01 2.308494e-02 5.535665e-01
    outer loop
      vertex   2.875803e+00 -6.401015e+01 6.535448e+02
      vertex   2.779066e+00 -6.416758e+01 6.536969e+02
      vertex   2.867937e+00 -6.418295e+01 6.535639e+02
    endloop
  endfacet
  facet normal 9.119314e-01 3.690547e-03 4.103261e-01
    outer loop
      vertex   2.875803e+00 -6.401015e+01 6.535448e+02
      vertex   2.867937e+00 -6.418295e+01 6.535639e+02
      vertex   2.944093e+00 -6.403342e+01 6.533933e+02
    endloop
  endfacet
  facet normal 9.119314e-01 3.690547e-03 4.103261e-01
    outer loop
      vertex   2.944093e+00 -6.403342e+01 6.533933e+02
      vertex   2.867937e+00 -6.418295e+01 6.535639e+02
      vertex   2.933316e+00 -6.420524e+01 6.534188e+02
    endloop
  endfacet
  facet normal 1.000000e+00 -5.905777e-14 6.237558e-14
    outer loop
      vertex   3.000000e+00 -6.326469e+01 6.512600e+02
      vertex   3.000000e+00 -6.410993e+01 6.530726e+02
      vertex   3.000000e+00 -6.870254e+01 6.487243e+02
    endloop
  endfacet
  facet normal 1.000000e+00 -2.068976e-15 2.185209e-15
    outer loop
      vertex   3.000000e+00 -6.870254e+01 6.487243e+02
      vertex   3.000000e+00 -6.410993e+01 6.530726e+02
      vertex   3.000000e+00 -7.045408e+01 6.501143e+02
    endloop
  endfacet
  facet normal 1.000000e+00 -1.601633e-15 2.774111e-15
    outer loop
      vertex   3.000000e+00 -6.870254e+01 6.487243e+02
      vertex   3.000000e+00 -7.045408e+01 6.501143e+02
      vertex   3.000000e+00 -6.885350e+01 6.486371e+02
    endloop
  endfacet
  facet normal 1.000000e+00 -1.981958e-15 2.362006e-15
    outer loop
      vertex   3.000000e+00 -6.885350e+01 6.486371e+02
      vertex   3.000000e+00 -7.045408e+01 6.501143e+02
      vertex   3.000000e+00 -6.898703e+01 6.485251e+02
    endloop
  endfacet
  facet normal 1.000000e+00 -2.378581e-15 1.995866e-15
    outer loop
      vertex   3.000000e+00 -6.898703e+01 6.485251e+02
      vertex   3.000000e+00 -7.045408e+01 6.501143e+02
      vertex   3.000000e+00 -6.909907e+01 6.483915e+02
    endloop
  endfacet
  facet normal 1.000000e+00 -2.835060e-15 1.636823e-15
    outer loop
      vertex   3.000000e+00 -6.909907e+01 6.483915e+02
      vertex   3.000000e+00 -7.045408e+01 6.501143e+02
      vertex   3.000000e+00 -6.918623e+01 6.482406e+02
    endloop
  endfacet
  facet normal 1.000000e+00 -3.416384e-15 1.243462e-15
    outer loop
      vertex   3.000000e+00 -6.918623e+01 6.482406e+02
      vertex   3.000000e+00 -7.045408e+01 6.501143e+02
      vertex   3.000000e+00 -6.924585e+01 6.480768e+02
    endloop
  endfacet
  facet normal 1.000000e+00 -4.249656e-15 7.493290e-16
    outer loop
      vertex   3.000000e+00 -6.924585e+01 6.480768e+02
      vertex   3.000000e+00 -7.045408e+01 6.501143e+02
      vertex   3.000000e+00 -6.927612e+01 6.479051e+02
    endloop
  endfacet
  facet normal 1.000000e+00 -5.654940e-15 0.000000e+00
    outer loop
      vertex   3.000000e+00 -6.927612e+01 6.479051e+02
      vertex   3.000000e+00 -7.045408e+01 6.501143e+02
      vertex   3.000000e+00 -6.927612e+01 6.477308e+02
    endloop
  endfacet
  facet normal 1.000000e+00 -8.791531e-15 -1.550184e-15
    outer loop
      vertex   3.000000e+00 -6.927612e+01 6.477308e+02
      vertex   3.000000e+00 -7.045408e+01 6.501143e+02
      vertex   3.000000e+00 -6.924585e+01 6.475591e+02
    endloop
  endfacet
  facet normal 1.000000e+00 -2.394032e-14 -8.713566e-15
    outer loop
      vertex   3.000000e+00 -6.924585e+01 6.475591e+02
      vertex   3.000000e+00 -7.045408e+01 6.501143e+02
      vertex   3.000000e+00 -6.918623e+01 6.473953e+02
    endloop
  endfacet
  facet normal 9.961947e-01 -3.683361e-02 7.898993e-02
    outer loop
      vertex   3.000000e+00 -7.045408e+01 6.501143e+02
      vertex   3.000000e+00 -6.410993e+01 6.530726e+02
      vertex   2.984808e+00 -6.735539e+01 6.517508e+02
    endloop
  endfacet
  facet normal 9.961947e-01 -3.683361e-02 7.898993e-02
    outer loop
      vertex   2.984808e+00 -6.735539e+01 6.517508e+02
      vertex   3.000000e+00 -6.410993e+01 6.530726e+02
      vertex   2.984808e+00 -6.418332e+01 6.532300e+02
    endloop
  endfacet
  facet normal 9.659258e-01 -1.093817e-01 2.345697e-01
    outer loop
      vertex   2.984808e+00 -6.735539e+01 6.517508e+02
      vertex   2.984808e+00 -6.418332e+01 6.532300e+02
      vertex   2.939693e+00 -6.742655e+01 6.519034e+02
    endloop
  endfacet
  facet normal 9.659258e-01 -1.093817e-01 2.345697e-01
    outer loop
      vertex   2.939693e+00 -6.742655e+01 6.519034e+02
      vertex   2.984808e+00 -6.418332e+01 6.532300e+02
      vertex   2.939693e+00 -6.425447e+01 6.533826e+02
    endloop
  endfacet
  facet normal 9.063078e-01 -1.786062e-01 3.830222e-01
    outer loop
      vertex   2.939693e+00 -6.742655e+01 6.519034e+02
      vertex   2.939693e+00 -6.425447e+01 6.533826e+02
      vertex   2.866025e+00 -6.749332e+01 6.520466e+02
    endloop
  endfacet
  facet normal 9.063078e-01 -1.786062e-01 3.830222e-01
    outer loop
      vertex   2.866025e+00 -6.749332e+01 6.520466e+02
      vertex   2.939693e+00 -6.425447e+01 6.533826e+02
      vertex   2.866025e+00 -6.432124e+01 6.535257e+02
    endloop
  endfacet
  facet normal 8.191520e-01 -2.424039e-01 5.198368e-01
    outer loop
      vertex   2.866025e+00 -6.749332e+01 6.520466e+02
      vertex   2.866025e+00 -6.432124e+01 6.535257e+02
      vertex   2.766044e+00 -6.755366e+01 6.521760e+02
    endloop
  endfacet
  facet normal 8.191520e-01 -2.424039e-01 5.198368e-01
    outer loop
      vertex   2.766044e+00 -6.755366e+01 6.521760e+02
      vertex   2.866025e+00 -6.432124e+01 6.535257e+02
      vertex   2.766044e+00 -6.438158e+01 6.536551e+02
    endloop
  endfacet
  facet normal 7.071068e-01 -2.988362e-01 6.408564e-01
    outer loop
      vertex   2.766044e+00 -6.755366e+01 6.521760e+02
      vertex   2.766044e+00 -6.438158e+01 6.536551e+02
      vertex   2.642788e+00 -6.760575e+01 6.522877e+02
    endloop
  endfacet
  facet normal 7.071068e-01 -2.988362e-01 6.408564e-01
    outer loop
      vertex   2.642788e+00 -6.760575e+01 6.522877e+02
      vertex   2.766044e+00 -6.438158e+01 6.536551e+02
      vertex   2.642788e+00 -6.443367e+01 6.537669e+02
    endloop
  endfacet
  facet normal 5.735764e-01 -3.461886e-01 7.424039e-01
    outer loop
      vertex   2.642788e+00 -6.760575e+01 6.522877e+02
      vertex   2.642788e+00 -6.443367e+01 6.537669e+02
      vertex   2.500000e+00 -6.764801e+01 6.523783e+02
    endloop
  endfacet
  facet normal 5.735764e-01 -3.461886e-01 7.424039e-01
    outer loop
      vertex   2.500000e+00 -6.764801e+01 6.523783e+02
      vertex   2.642788e+00 -6.443367e+01 6.537669e+02
      vertex   2.500000e+00 -6.447593e+01 6.538575e+02
    endloop
  endfacet
  facet normal 4.226183e-01 -3.830222e-01 8.213938e-01
    outer loop
      vertex   2.500000e+00 -6.764801e+01 6.523783e+02
      vertex   2.500000e+00 -6.447593e+01 6.538575e+02
      vertex   2.342020e+00 -6.767914e+01 6.524451e+02
    endloop
  endfacet
  facet normal 4.226183e-01 -3.830222e-01 8.213938e-01
    outer loop
      vertex   2.342020e+00 -6.767914e+01 6.524451e+02
      vertex   2.500000e+00 -6.447593e+01 6.538575e+02
      vertex   2.342020e+00 -6.450706e+01 6.539242e+02
    endloop
  endfacet
  facet normal 2.588190e-01 -4.082179e-01 8.754261e-01
    outer loop
      vertex   2.342020e+00 -6.767914e+01 6.524451e+02
      vertex   2.342020e+00 -6.450706e+01 6.539242e+02
      vertex   2.173648e+00 -6.769820e+01 6.524860e+02
    endloop
  endfacet
  facet normal 2.588190e-01 -4.082179e-01 8.754261e-01
    outer loop
      vertex   2.173648e+00 -6.769820e+01 6.524860e+02
      vertex   2.342020e+00 -6.450706e+01 6.539242e+02
      vertex   2.173648e+00 -6.452613e+01 6.539651e+02
    endloop
  endfacet
  facet normal 8.715574e-02 -4.210101e-01 9.028590e-01
    outer loop
      vertex   2.173648e+00 -6.769820e+01 6.524860e+02
      vertex   2.173648e+00 -6.452613e+01 6.539651e+02
      vertex   2.000000e+00 -6.453255e+01 6.539789e+02
    endloop
  endfacet
  facet normal 8.715574e-02 -4.210101e-01 9.028590e-01
    outer loop
      vertex   2.000000e+00 -6.453255e+01 6.539789e+02
      vertex   2.000000e+00 -7.087670e+01 6.510206e+02
      vertex   2.173648e+00 -6.769820e+01 6.524860e+02
    endloop
  endfacet
  facet normal 8.715574e-02 -4.210101e-01 9.028590e-01
    outer loop
      vertex   2.173648e+00 -6.769820e+01 6.524860e+02
      vertex   2.000000e+00 -7.087670e+01 6.510206e+02
      vertex   2.173648e+00 -7.087028e+01 6.510068e+02
    endloop
  endfacet
  facet normal 2.588190e-01 -4.082179e-01 8.754261e-01
    outer loop
      vertex   2.173648e+00 -6.769820e+01 6.524860e+02
      vertex   2.173648e+00 -7.087028e+01 6.510068e+02
      vertex   2.342020e+00 -6.767914e+01 6.524451e+02
    endloop
  endfacet
  facet normal 2.588190e-01 -4.082179e-01 8.754261e-01
    outer loop
      vertex   2.342020e+00 -6.767914e+01 6.524451e+02
      vertex   2.173648e+00 -7.087028e+01 6.510068e+02
      vertex   2.342020e+00 -7.085122e+01 6.509659e+02
    endloop
  endfacet
  facet normal 4.226183e-01 -3.830222e-01 8.213938e-01
    outer loop
      vertex   2.342020e+00 -6.767914e+01 6.524451e+02
      vertex   2.342020e+00 -7.085122e+01 6.509659e+02
      vertex   2.500000e+00 -6.764801e+01 6.523783e+02
    endloop
  endfacet
  facet normal 4.226183e-01 -3.830222e-01 8.213938e-01
    outer loop
      vertex   2.500000e+00 -6.764801e+01 6.523783e+02
      vertex   2.342020e+00 -7.085122e+01 6.509659e+02
      vertex   2.500000e+00 -7.082008e+01 6.508991e+02
    endloop
  endfacet
  facet normal 5.735764e-01 -3.461886e-01 7.424039e-01
    outer loop
      vertex   2.500000e+00 -6.764801e+01 6.523783e+02
      vertex   2.500000e+00 -7.082008e+01 6.508991e+02
      vertex   2.642788e+00 -6.760575e+01 6.522877e+02
    endloop
  endfacet
  facet normal 5.735764e-01 -3.461886e-01 7.424039e-01
    outer loop
      vertex   2.642788e+00 -6.760575e+01 6.522877e+02
      vertex   2.500000e+00 -7.082008e+01 6.508991e+02
      vertex   2.642788e+00 -7.077783e+01 6.508085e+02
    endloop
  endfacet
  facet normal 7.071068e-01 -2.988362e-01 6.408564e-01
    outer loop
      vertex   2.642788e+00 -6.760575e+01 6.522877e+02
      vertex   2.642788e+00 -7.077783e+01 6.508085e+02
      vertex   2.766044e+00 -6.755366e+01 6.521760e+02
    endloop
  endfacet
  facet normal 7.071068e-01 -2.988362e-01 6.408564e-01
    outer loop
      vertex   2.766044e+00 -6.755366e+01 6.521760e+02
      vertex   2.642788e+00 -7.077783e+01 6.508085e+02
      vertex   2.766044e+00 -7.072574e+01 6.506968e+02
    endloop
  endfacet
  facet normal 8.191520e-01 -2.424039e-01 5.198368e-01
    outer loop
      vertex   2.766044e+00 -6.755366e+01 6.521760e+02
      vertex   2.766044e+00 -7.072574e+01 6.506968e+02
      vertex   2.866025e+00 -6.749332e+01 6.520466e+02
    endloop
  endfacet
  facet normal 8.191520e-01 -2.424039e-01 5.198368e-01
    outer loop
      vertex   2.866025e+00 -6.749332e+01 6.520466e+02
      vertex   2.766044e+00 -7.072574e+01 6.506968e+02
      vertex   2.866025e+00 -7.066539e+01 6.505674e+02
    endloop
  endfacet
  facet normal 9.063078e-01 -1.786062e-01 3.830222e-01
    outer loop
      vertex   2.866025e+00 -6.749332e+01 6.520466e+02
      vertex   2.866025e+00 -7.066539e+01 6.505674e+02
      vertex   2.939693e+00 -6.742655e+01 6.519034e+02
    endloop
  endfacet
  facet normal 9.063078e-01 -1.786062e-01 3.830222e-01
    outer loop
      vertex   2.939693e+00 -6.742655e+01 6.519034e+02
      vertex   2.866025e+00 -7.066539e+01 6.505674e+02
      vertex   2.939693e+00 -7.059863e+01 6.504242e+02
    endloop
  endfacet
  facet normal 9.659258e-01 -1.093817e-01 2.345697e-01
    outer loop
      vertex   2.939693e+00 -6.742655e+01 6.519034e+02
      vertex   2.939693e+00 -7.059863e+01 6.504242e+02
      vertex   2.984808e+00 -6.735539e+01 6.517508e+02
    endloop
  endfacet
  facet normal 9.659258e-01 -1.093817e-01 2.345697e-01
    outer loop
      vertex   2.984808e+00 -6.735539e+01 6.517508e+02
      vertex   2.939693e+00 -7.059863e+01 6.504242e+02
      vertex   2.984808e+00 -7.052747e+01 6.502716e+02
    endloop
  endfacet
  facet normal 9.961947e-01 -3.683361e-02 7.898993e-02
    outer loop
      vertex   2.984808e+00 -6.735539e+01 6.517508e+02
      vertex   2.984808e+00 -7.052747e+01 6.502716e+02
      vertex   3.000000e+00 -7.045408e+01 6.501143e+02
    endloop
  endfacet
  facet normal -1.815788e-13 -4.226183e-01 9.063078e-01
    outer loop
      vertex   2.000000e+00 -6.453255e+01 6.539789e+02
      vertex   -9.268073e-14 -6.453255e+01 6.539789e+02
      vertex   2.000000e+00 -7.087670e+01 6.510206e+02
    endloop
  endfacet
  facet normal -5.752340e-14 -4.226183e-01 9.063078e-01
    outer loop
      vertex   2.000000e+00 -7.087670e+01 6.510206e+02
      vertex   -9.268073e-14 -6.453255e+01 6.539789e+02
      vertex   -9.185646e-14 -7.087670e+01 6.510206e+02
    endloop
  endfacet
  facet normal 3.323089e-14 9.063078e-01 4.226183e-01
    outer loop
      vertex   2.000000e+00 -6.235839e+01 6.516826e+02
      vertex   1.638148e-13 -6.235839e+01 6.516826e+02
      vertex   2.000000e+00 -6.320362e+01 6.534952e+02
    endloop
  endfacet
  facet normal 0.000000e+00 9.063078e-01 4.226183e-01
    outer loop
      vertex   2.000000e+00 -6.320362e+01 6.534952e+02
      vertex   1.638148e-13 -6.235839e+01 6.516826e+02
      vertex   -7.260728e-15 -6.320362e+01 6.534952e+02
    endloop
  endfacet
  facet normal 0.000000e+00 4.226183e-01 -9.063078e-01
    outer loop
      vertex   -4.946044e+00 -6.870254e+01 6.487243e+02
      vertex   -1.946044e+00 -6.870254e+01 6.487243e+02
      vertex   -4.946044e+00 -6.960885e+01 6.483016e+02
    endloop
  endfacet
  facet normal 0.000000e+00 4.226183e-01 -9.063078e-01
    outer loop
      vertex   -4.946044e+00 -6.960885e+01 6.483016e+02
      vertex   -1.946044e+00 -6.870254e+01 6.487243e+02
      vertex   -1.946044e+00 -6.960885e+01 6.483016e+02
    endloop
  endfacet
  facet normal 0.000000e+00 9.063078e-01 4.226183e-01
    outer loop
      vertex   -1.946044e+00 -6.054577e+01 6.525278e+02
      vertex   -4.946044e+00 -6.054577e+01 6.525278e+02
      vertex   -1.946044e+00 -6.489874e+01 6.618628e+02
    endloop
  endfacet
  facet normal -2.175917e-14 9.063078e-01 4.226183e-01
    outer loop
      vertex   -1.946044e+00 -6.489874e+01 6.618628e+02
      vertex   -4.946044e+00 -6.054577e+01 6.525278e+02
      vertex   -4.946044e+00 -6.574397e+01 6.636754e+02
    endloop
  endfacet
  facet normal -5.764278e-14 9.063078e-01 4.226183e-01
    outer loop
      vertex   -1.946044e+00 -6.489874e+01 6.618628e+02
      vertex   -4.946044e+00 -6.574397e+01 6.636754e+02
      vertex   -3.946044e+00 -6.616659e+01 6.645817e+02
    endloop
  endfacet
  facet normal -3.817344e-13 9.063078e-01 4.226183e-01
    outer loop
      vertex   -3.946044e+00 -6.616659e+01 6.645817e+02
      vertex   -4.946044e+00 -6.574397e+01 6.636754e+02
      vertex   -4.119692e+00 -6.616017e+01 6.645679e+02
    endloop
  endfacet
  facet normal 2.596423e-13 9.063078e-01 4.226183e-01
    outer loop
      vertex   -4.119692e+00 -6.616017e+01 6.645679e+02
      vertex   -4.946044e+00 -6.574397e+01 6.636754e+02
      vertex   -4.288064e+00 -6.614111e+01 6.645271e+02
    endloop
  endfacet
  facet normal -2.360367e-13 9.063078e-01 4.226183e-01
    outer loop
      vertex   -4.288064e+00 -6.614111e+01 6.645271e+02
      vertex   -4.946044e+00 -6.574397e+01 6.636754e+02
      vertex   -4.446044e+00 -6.610997e+01 6.644603e+02
    endloop
  endfacet
  facet normal 3.304270e-13 9.063078e-01 4.226183e-01
    outer loop
      vertex   -4.446044e+00 -6.610997e+01 6.644603e+02
      vertex   -4.946044e+00 -6.574397e+01 6.636754e+02
      vertex   -4.588831e+00 -6.606772e+01 6.643697e+02
    endloop
  endfacet
  facet normal 1.795610e-13 9.063078e-01 4.226183e-01
    outer loop
      vertex   -4.588831e+00 -6.606772e+01 6.643697e+02
      vertex   -4.946044e+00 -6.574397e+01 6.636754e+02
      vertex   -4.712088e+00 -6.601563e+01 6.642580e+02
    endloop
  endfacet
  facet normal -1.472520e-12 9.063078e-01 4.226183e-01
    outer loop
      vertex   -4.712088e+00 -6.601563e+01 6.642580e+02
      vertex   -4.946044e+00 -6.574397e+01 6.636754e+02
      vertex   -4.812069e+00 -6.595528e+01 6.641286e+02
    endloop
  endfacet
  facet normal 8.232793e-13 9.063078e-01 4.226183e-01
    outer loop
      vertex   -4.812069e+00 -6.595528e+01 6.641286e+02
      vertex   -4.946044e+00 -6.574397e+01 6.636754e+02
      vertex   -4.885736e+00 -6.588852e+01 6.639854e+02
    endloop
  endfacet
  facet normal 2.571075e-12 9.063078e-01 4.226183e-01
    outer loop
      vertex   -4.885736e+00 -6.588852e+01 6.639854e+02
      vertex   -4.946044e+00 -6.574397e+01 6.636754e+02
      vertex   -4.930851e+00 -6.581736e+01 6.638328e+02
    endloop
  endfacet
  facet normal -0.000000e+00 9.063078e-01 4.226183e-01
    outer loop
      vertex   -3.946044e+00 -6.616659e+01 6.645817e+02
      vertex   2.000000e+00 -6.616659e+01 6.645817e+02
      vertex   -1.946044e+00 -6.489874e+01 6.618628e+02
    endloop
  endfacet
  facet normal 3.309126e-14 9.063078e-01 4.226183e-01
    outer loop
      vertex   -1.946044e+00 -6.489874e+01 6.618628e+02
      vertex   2.000000e+00 -6.616659e+01 6.645817e+02
      vertex   -8.326673e-16 -6.489874e+01 6.618628e+02
    endloop
  endfacet
  facet normal 2.959480e-13 9.063078e-01 4.226183e-01
    outer loop
      vertex   -8.326673e-16 -6.489874e+01 6.618628e+02
      vertex   2.000000e+00 -6.616659e+01 6.645817e+02
      vertex   1.453441e-01 -6.480681e+01 6.616657e+02
    endloop
  endfacet
  facet normal -4.791926e-14 9.063078e-01 4.226183e-01
    outer loop
      vertex   1.453441e-01 -6.480681e+01 6.616657e+02
      vertex   2.000000e+00 -6.616659e+01 6.645817e+02
      vertex   3.178372e-01 -6.472368e+01 6.614874e+02
    endloop
  endfacet
  facet normal 8.831400e-14 9.063078e-01 4.226183e-01
    outer loop
      vertex   3.178372e-01 -6.472368e+01 6.614874e+02
      vertex   2.000000e+00 -6.616659e+01 6.645817e+02
      vertex   5.145279e-01 -6.465078e+01 6.613311e+02
    endloop
  endfacet
  facet normal -9.120011e-14 9.063078e-01 4.226183e-01
    outer loop
      vertex   5.145279e-01 -6.465078e+01 6.613311e+02
      vertex   2.000000e+00 -6.616659e+01 6.645817e+02
      vertex   7.320508e-01 -6.458936e+01 6.611993e+02
    endloop
  endfacet
  facet normal -4.316554e-15 9.063078e-01 4.226183e-01
    outer loop
      vertex   7.320508e-01 -6.458936e+01 6.611993e+02
      vertex   2.000000e+00 -6.616659e+01 6.645817e+02
      vertex   9.666839e-01 -6.454046e+01 6.610945e+02
    endloop
  endfacet
  facet normal -1.362301e-14 9.063078e-01 4.226183e-01
    outer loop
      vertex   9.666839e-01 -6.454046e+01 6.610945e+02
      vertex   2.000000e+00 -6.616659e+01 6.645817e+02
      vertex   1.214413e+00 -6.450492e+01 6.610182e+02
    endloop
  endfacet
  facet normal -1.272608e-13 9.063078e-01 4.226183e-01
    outer loop
      vertex   1.214413e+00 -6.450492e+01 6.610182e+02
      vertex   2.000000e+00 -6.616659e+01 6.645817e+02
      vertex   1.470998e+00 -6.448335e+01 6.609720e+02
    endloop
  endfacet
  facet normal -2.954240e-13 9.063078e-01 4.226183e-01
    outer loop
      vertex   1.470998e+00 -6.448335e+01 6.609720e+02
      vertex   2.000000e+00 -6.616659e+01 6.645817e+02
      vertex   1.732051e+00 -6.447612e+01 6.609565e+02
    endloop
  endfacet
  facet normal -0.000000e+00 9.063078e-01 4.226183e-01
    outer loop
      vertex   1.732051e+00 -6.447612e+01 6.609565e+02
      vertex   2.000000e+00 -6.616659e+01 6.645817e+02
      vertex   2.000000e+00 -6.447612e+01 6.609565e+02
    endloop
  endfacet
  facet normal 4.679590e-14 9.063078e-01 4.226183e-01
    outer loop
      vertex   2.000000e+00 -6.447612e+01 6.609565e+02
      vertex   2.000000e+00 -6.616659e+01 6.645817e+02
      vertex   3.000000e+00 -6.489874e+01 6.618628e+02
    endloop
  endfacet
  facet normal 5.156627e-13 9.063078e-01 4.226183e-01
    outer loop
      vertex   2.000000e+00 -6.447612e+01 6.609565e+02
      vertex   3.000000e+00 -6.489874e+01 6.618628e+02
      vertex   2.173648e+00 -6.448254e+01 6.609703e+02
    endloop
  endfacet
  facet normal 2.654187e-13 9.063078e-01 4.226183e-01
    outer loop
      vertex   2.173648e+00 -6.448254e+01 6.609703e+02
      vertex   3.000000e+00 -6.489874e+01 6.618628e+02
      vertex   2.342020e+00 -6.450161e+01 6.610111e+02
    endloop
  endfacet
  facet normal -2.239607e-13 9.063078e-01 4.226183e-01
    outer loop
      vertex   2.342020e+00 -6.450161e+01 6.610111e+02
      vertex   3.000000e+00 -6.489874e+01 6.618628e+02
      vertex   2.500000e+00 -6.453274e+01 6.610779e+02
    endloop
  endfacet
  facet normal 5.040237e-13 9.063078e-01 4.226183e-01
    outer loop
      vertex   2.500000e+00 -6.453274e+01 6.610779e+02
      vertex   3.000000e+00 -6.489874e+01 6.618628e+02
      vertex   2.642788e+00 -6.457499e+01 6.611685e+02
    endloop
  endfacet
  facet normal 5.535545e-14 9.063078e-01 4.226183e-01
    outer loop
      vertex   2.642788e+00 -6.457499e+01 6.611685e+02
      vertex   3.000000e+00 -6.489874e+01 6.618628e+02
      vertex   2.766044e+00 -6.462708e+01 6.612802e+02
    endloop
  endfacet
  facet normal -1.279377e-13 9.063078e-01 4.226183e-01
    outer loop
      vertex   2.766044e+00 -6.462708e+01 6.612802e+02
      vertex   3.000000e+00 -6.489874e+01 6.618628e+02
      vertex   2.866025e+00 -6.468743e+01 6.614096e+02
    endloop
  endfacet
  facet normal 1.602494e-12 9.063078e-01 4.226183e-01
    outer loop
      vertex   2.866025e+00 -6.468743e+01 6.614096e+02
      vertex   3.000000e+00 -6.489874e+01 6.618628e+02
      vertex   2.939693e+00 -6.475419e+01 6.615528e+02
    endloop
  endfacet
  facet normal 1.087611e-12 9.063078e-01 4.226183e-01
    outer loop
      vertex   2.939693e+00 -6.475419e+01 6.615528e+02
      vertex   3.000000e+00 -6.489874e+01 6.618628e+02
      vertex   2.984808e+00 -6.482535e+01 6.617054e+02
    endloop
  endfacet
  facet normal 9.814372e-14 9.063078e-01 4.226183e-01
    outer loop
      vertex   3.000000e+00 -6.489874e+01 6.618628e+02
      vertex   2.000000e+00 -6.616659e+01 6.645817e+02
      vertex   3.000000e+00 -6.574397e+01 6.636754e+02
    endloop
  endfacet
  facet normal 3.818548e-13 9.063078e-01 4.226183e-01
    outer loop
      vertex   3.000000e+00 -6.574397e+01 6.636754e+02
      vertex   2.000000e+00 -6.616659e+01 6.645817e+02
      vertex   2.173648e+00 -6.616017e+01 6.645679e+02
    endloop
  endfacet
  facet normal -2.595613e-13 9.063078e-01 4.226183e-01
    outer loop
      vertex   3.000000e+00 -6.574397e+01 6.636754e+02
      vertex   2.173648e+00 -6.616017e+01 6.645679e+02
      vertex   2.342020e+00 -6.614111e+01 6.645271e+02
    endloop
  endfacet
  facet normal 2.360367e-13 9.063078e-01 4.226183e-01
    outer loop
      vertex   2.342020e+00 -6.614111e+01 6.645271e+02
      vertex   2.500000e+00 -6.610997e+01 6.644603e+02
      vertex   3.000000e+00 -6.574397e+01 6.636754e+02
    endloop
  endfacet
  facet normal -3.300503e-13 9.063078e-01 4.226183e-01
    outer loop
      vertex   3.000000e+00 -6.574397e+01 6.636754e+02
      vertex   2.500000e+00 -6.610997e+01 6.644603e+02
      vertex   2.642788e+00 -6.606772e+01 6.643697e+02
    endloop
  endfacet
  facet normal -1.795610e-13 9.063078e-01 4.226183e-01
    outer loop
      vertex   3.000000e+00 -6.574397e+01 6.636754e+02
      vertex   2.642788e+00 -6.606772e+01 6.643697e+02
      vertex   2.766044e+00 -6.601563e+01 6.642580e+02
    endloop
  endfacet
  facet normal 1.472520e-12 9.063078e-01 4.226183e-01
    outer loop
      vertex   2.766044e+00 -6.601563e+01 6.642580e+02
      vertex   2.866025e+00 -6.595528e+01 6.641286e+02
      vertex   3.000000e+00 -6.574397e+01 6.636754e+02
    endloop
  endfacet
  facet normal -8.237221e-13 9.063078e-01 4.226183e-01
    outer loop
      vertex   3.000000e+00 -6.574397e+01 6.636754e+02
      vertex   2.866025e+00 -6.595528e+01 6.641286e+02
      vertex   2.939693e+00 -6.588852e+01 6.639854e+02
    endloop
  endfacet
  facet normal -2.571733e-12 9.063078e-01 4.226183e-01
    outer loop
      vertex   3.000000e+00 -6.574397e+01 6.636754e+02
      vertex   2.939693e+00 -6.588852e+01 6.639854e+02
      vertex   2.984808e+00 -6.581736e+01 6.638328e+02
    endloop
  endfacet
  facet normal -1.000000e+00 -1.609926e-16 -7.507208e-17
    outer loop
      vertex   -4.946044e+00 -6.574397e+01 6.636754e+02
      vertex   -4.946044e+00 -6.054577e+01 6.525278e+02
      vertex   -4.946044e+00 -7.480705e+01 6.594492e+02
    endloop
  endfacet
  facet normal -1.000000e+00 -2.276315e-16 -2.123790e-16
    outer loop
      vertex   -4.946044e+00 -7.480705e+01 6.594492e+02
      vertex   -4.946044e+00 -6.054577e+01 6.525278e+02
      vertex   -4.946044e+00 -6.870254e+01 6.487243e+02
    endloop
  endfacet
  facet normal -1.000000e+00 8.049630e-16 3.753604e-16
    outer loop
      vertex   -4.946044e+00 -7.480705e+01 6.594492e+02
      vertex   -4.946044e+00 -6.870254e+01 6.487243e+02
      vertex   -4.946044e+00 -6.960885e+01 6.483016e+02
    endloop
  endfacet
  facet normal 8.148188e-13 -9.063078e-01 -4.226183e-01
    outer loop
      vertex   2.173648e+00 -7.354562e+01 6.567441e+02
      vertex   3.000000e+00 -7.396182e+01 6.576366e+02
      vertex   2.000000e+00 -7.353920e+01 6.567303e+02
    endloop
  endfacet
  facet normal 1.966205e-13 -9.063078e-01 -4.226183e-01
    outer loop
      vertex   2.000000e+00 -7.353920e+01 6.567303e+02
      vertex   3.000000e+00 -7.396182e+01 6.576366e+02
      vertex   3.000000e+00 -7.480705e+01 6.594492e+02
    endloop
  endfacet
  facet normal 1.199041e-14 -9.063078e-01 -4.226183e-01
    outer loop
      vertex   2.000000e+00 -7.353920e+01 6.567303e+02
      vertex   3.000000e+00 -7.480705e+01 6.594492e+02
      vertex   2.000000e+00 -7.522967e+01 6.603555e+02
    endloop
  endfacet
  facet normal -3.879088e-13 -9.063078e-01 -4.226183e-01
    outer loop
      vertex   2.000000e+00 -7.522967e+01 6.603555e+02
      vertex   3.000000e+00 -7.480705e+01 6.594492e+02
      vertex   2.173648e+00 -7.522325e+01 6.603418e+02
    endloop
  endfacet
  facet normal 2.370494e-13 -9.063078e-01 -4.226183e-01
    outer loop
      vertex   2.173648e+00 -7.522325e+01 6.603418e+02
      vertex   3.000000e+00 -7.480705e+01 6.594492e+02
      vertex   2.342020e+00 -7.520418e+01 6.603009e+02
    endloop
  endfacet
  facet normal -2.834731e-13 -9.063078e-01 -4.226183e-01
    outer loop
      vertex   2.342020e+00 -7.520418e+01 6.603009e+02
      vertex   3.000000e+00 -7.480705e+01 6.594492e+02
      vertex   2.500000e+00 -7.517305e+01 6.602341e+02
    endloop
  endfacet
  facet normal 9.164923e-14 -9.063078e-01 -4.226183e-01
    outer loop
      vertex   2.500000e+00 -7.517305e+01 6.602341e+02
      vertex   3.000000e+00 -7.480705e+01 6.594492e+02
      vertex   2.642788e+00 -7.513080e+01 6.601435e+02
    endloop
  endfacet
  facet normal -9.501308e-15 -9.063078e-01 -4.226183e-01
    outer loop
      vertex   2.642788e+00 -7.513080e+01 6.601435e+02
      vertex   3.000000e+00 -7.480705e+01 6.594492e+02
      vertex   2.766044e+00 -7.507871e+01 6.600318e+02
    endloop
  endfacet
  facet normal -1.561785e-12 -9.063078e-01 -4.226183e-01
    outer loop
      vertex   2.766044e+00 -7.507871e+01 6.600318e+02
      vertex   3.000000e+00 -7.480705e+01 6.594492e+02
      vertex   2.866025e+00 -7.501836e+01 6.599024e+02
    endloop
  endfacet
  facet normal 8.852799e-13 -9.063078e-01 -4.226183e-01
    outer loop
      vertex   2.866025e+00 -7.501836e+01 6.599024e+02
      vertex   3.000000e+00 -7.480705e+01 6.594492e+02
      vertex   2.939693e+00 -7.495160e+01 6.597592e+02
    endloop
  endfacet
  facet normal -1.886551e-12 -9.063078e-01 -4.226183e-01
    outer loop
      vertex   2.939693e+00 -7.495160e+01 6.597592e+02
      vertex   3.000000e+00 -7.480705e+01 6.594492e+02
      vertex   2.984808e+00 -7.488044e+01 6.596066e+02
    endloop
  endfacet
  facet normal -2.641770e-13 -9.063078e-01 -4.226183e-01
    outer loop
      vertex   2.173648e+00 -7.354562e+01 6.567441e+02
      vertex   2.342020e+00 -7.356468e+01 6.567850e+02
      vertex   3.000000e+00 -7.396182e+01 6.576366e+02
    endloop
  endfacet
  facet normal 3.475660e-13 -9.063078e-01 -4.226183e-01
    outer loop
      vertex   3.000000e+00 -7.396182e+01 6.576366e+02
      vertex   2.342020e+00 -7.356468e+01 6.567850e+02
      vertex   2.500000e+00 -7.359582e+01 6.568517e+02
    endloop
  endfacet
  facet normal -4.815117e-13 -9.063078e-01 -4.226183e-01
    outer loop
      vertex   3.000000e+00 -7.396182e+01 6.576366e+02
      vertex   2.500000e+00 -7.359582e+01 6.568517e+02
      vertex   2.642788e+00 -7.363807e+01 6.569423e+02
    endloop
  endfacet
  facet normal -1.528471e-14 -9.063078e-01 -4.226183e-01
    outer loop
      vertex   2.642788e+00 -7.363807e+01 6.569423e+02
      vertex   2.766044e+00 -7.369016e+01 6.570540e+02
      vertex   3.000000e+00 -7.396182e+01 6.576366e+02
    endloop
  endfacet
  facet normal 2.032613e-13 -9.063078e-01 -4.226183e-01
    outer loop
      vertex   3.000000e+00 -7.396182e+01 6.576366e+02
      vertex   2.766044e+00 -7.369016e+01 6.570540e+02
      vertex   2.866025e+00 -7.375051e+01 6.571835e+02
    endloop
  endfacet
  facet normal -1.026553e-12 -9.063078e-01 -4.226183e-01
    outer loop
      vertex   3.000000e+00 -7.396182e+01 6.576366e+02
      vertex   2.866025e+00 -7.375051e+01 6.571835e+02
      vertex   2.939693e+00 -7.381727e+01 6.573266e+02
    endloop
  endfacet
  facet normal -9.902913e-13 -9.063078e-01 -4.226183e-01
    outer loop
      vertex   2.939693e+00 -7.381727e+01 6.573266e+02
      vertex   2.984808e+00 -7.388843e+01 6.574792e+02
      vertex   3.000000e+00 -7.396182e+01 6.576366e+02
    endloop
  endfacet
  facet normal 0.000000e+00 -9.063078e-01 -4.226183e-01
    outer loop
      vertex   -3.946044e+00 -7.522967e+01 6.603555e+02
      vertex   -1.946044e+00 -7.396182e+01 6.576366e+02
      vertex   2.000000e+00 -7.522967e+01 6.603555e+02
    endloop
  endfacet
  facet normal 0.000000e+00 -9.063078e-01 -4.226183e-01
    outer loop
      vertex   2.000000e+00 -7.522967e+01 6.603555e+02
      vertex   -1.946044e+00 -7.396182e+01 6.576366e+02
      vertex   2.775558e-16 -7.396182e+01 6.576366e+02
    endloop
  endfacet
  facet normal -1.019631e-13 -9.063078e-01 -4.226183e-01
    outer loop
      vertex   2.000000e+00 -7.522967e+01 6.603555e+02
      vertex   2.775558e-16 -7.396182e+01 6.576366e+02
      vertex   1.453441e-01 -7.386989e+01 6.574395e+02
    endloop
  endfacet
  facet normal 5.764278e-14 -9.063078e-01 -4.226183e-01
    outer loop
      vertex   -1.946044e+00 -7.396182e+01 6.576366e+02
      vertex   -3.946044e+00 -7.522967e+01 6.603555e+02
      vertex   -4.946044e+00 -7.480705e+01 6.594492e+02
    endloop
  endfacet
  facet normal 1.194610e-12 -9.063078e-01 -4.226183e-01
    outer loop
      vertex   -4.946044e+00 -7.480705e+01 6.594492e+02
      vertex   -3.946044e+00 -7.522967e+01 6.603555e+02
      vertex   -4.119692e+00 -7.522325e+01 6.603418e+02
    endloop
  endfacet
  facet normal -3.131147e-13 -9.063078e-01 -4.226183e-01
    outer loop
      vertex   -4.946044e+00 -7.480705e+01 6.594492e+02
      vertex   -4.119692e+00 -7.522325e+01 6.603418e+02
      vertex   -4.288064e+00 -7.520418e+01 6.603009e+02
    endloop
  endfacet
  facet normal 4.424734e-13 -9.063078e-01 -4.226183e-01
    outer loop
      vertex   -4.288064e+00 -7.520418e+01 6.603009e+02
      vertex   -4.446044e+00 -7.517305e+01 6.602341e+02
      vertex   -4.946044e+00 -7.480705e+01 6.594492e+02
    endloop
  endfacet
  facet normal -1.559827e-13 -9.063078e-01 -4.226183e-01
    outer loop
      vertex   -4.946044e+00 -7.480705e+01 6.594492e+02
      vertex   -4.446044e+00 -7.517305e+01 6.602341e+02
      vertex   -4.588831e+00 -7.513080e+01 6.601435e+02
    endloop
  endfacet
  facet normal -6.003725e-14 -9.063078e-01 -4.226183e-01
    outer loop
      vertex   -4.946044e+00 -7.480705e+01 6.594492e+02
      vertex   -4.588831e+00 -7.513080e+01 6.601435e+02
      vertex   -4.712088e+00 -7.507871e+01 6.600318e+02
    endloop
  endfacet
  facet normal 1.740538e-12 -9.063078e-01 -4.226183e-01
    outer loop
      vertex   -4.712088e+00 -7.507871e+01 6.600318e+02
      vertex   -4.812069e+00 -7.501836e+01 6.599024e+02
      vertex   -4.946044e+00 -7.480705e+01 6.594492e+02
    endloop
  endfacet
  facet normal 2.161163e-13 -9.063078e-01 -4.226183e-01
    outer loop
      vertex   -4.946044e+00 -7.480705e+01 6.594492e+02
      vertex   -4.812069e+00 -7.501836e+01 6.599024e+02
      vertex   -4.885736e+00 -7.495160e+01 6.597592e+02
    endloop
  endfacet
  facet normal 7.160872e-13 -9.063078e-01 -4.226183e-01
    outer loop
      vertex   -4.946044e+00 -7.480705e+01 6.594492e+02
      vertex   -4.885736e+00 -7.495160e+01 6.597592e+02
      vertex   -4.930851e+00 -7.488044e+01 6.596066e+02
    endloop
  endfacet
  facet normal 3.220549e-14 -9.063078e-01 -4.226183e-01
    outer loop
      vertex   -4.946044e+00 -7.480705e+01 6.594492e+02
      vertex   -4.946044e+00 -6.960885e+01 6.483016e+02
      vertex   -1.946044e+00 -7.396182e+01 6.576366e+02
    endloop
  endfacet
  facet normal 0.000000e+00 -9.063078e-01 -4.226183e-01
    outer loop
      vertex   -1.946044e+00 -7.396182e+01 6.576366e+02
      vertex   -4.946044e+00 -6.960885e+01 6.483016e+02
      vertex   -1.946044e+00 -6.960885e+01 6.483016e+02
    endloop
  endfacet
  facet normal -2.392945e-14 -9.063078e-01 -4.226183e-01
    outer loop
      vertex   1.453441e-01 -7.386989e+01 6.574395e+02
      vertex   3.178372e-01 -7.378676e+01 6.572612e+02
      vertex   2.000000e+00 -7.522967e+01 6.603555e+02
    endloop
  endfacet
  facet normal 6.280106e-14 -9.063078e-01 -4.226183e-01
    outer loop
      vertex   2.000000e+00 -7.522967e+01 6.603555e+02
      vertex   3.178372e-01 -7.378676e+01 6.572612e+02
      vertex   5.145279e-01 -7.371386e+01 6.571049e+02
    endloop
  endfacet
  facet normal 2.139984e-14 -9.063078e-01 -4.226183e-01
    outer loop
      vertex   2.000000e+00 -7.522967e+01 6.603555e+02
      vertex   5.145279e-01 -7.371386e+01 6.571049e+02
      vertex   7.320508e-01 -7.365244e+01 6.569731e+02
    endloop
  endfacet
  facet normal -1.407359e-13 -9.063078e-01 -4.226183e-01
    outer loop
      vertex   7.320508e-01 -7.365244e+01 6.569731e+02
      vertex   9.666839e-01 -7.360354e+01 6.568683e+02
      vertex   2.000000e+00 -7.522967e+01 6.603555e+02
    endloop
  endfacet
  facet normal 5.123639e-15 -9.063078e-01 -4.226183e-01
    outer loop
      vertex   2.000000e+00 -7.522967e+01 6.603555e+02
      vertex   9.666839e-01 -7.360354e+01 6.568683e+02
      vertex   1.214413e+00 -7.356800e+01 6.567921e+02
    endloop
  endfacet
  facet normal 1.210823e-13 -9.063078e-01 -4.226183e-01
    outer loop
      vertex   2.000000e+00 -7.522967e+01 6.603555e+02
      vertex   1.214413e+00 -7.356800e+01 6.567921e+02
      vertex   1.470998e+00 -7.354643e+01 6.567458e+02
    endloop
  endfacet
  facet normal -5.680788e-13 -9.063078e-01 -4.226183e-01
    outer loop
      vertex   1.470998e+00 -7.354643e+01 6.567458e+02
      vertex   1.732051e+00 -7.353920e+01 6.567303e+02
      vertex   2.000000e+00 -7.522967e+01 6.603555e+02
    endloop
  endfacet
  facet normal 0.000000e+00 -9.063078e-01 -4.226183e-01
    outer loop
      vertex   2.000000e+00 -7.522967e+01 6.603555e+02
      vertex   1.732051e+00 -7.353920e+01 6.567303e+02
      vertex   2.000000e+00 -7.353920e+01 6.567303e+02
    endloop
  endfacet
  facet normal 1.000000e+00 -8.049630e-16 -3.753604e-16
    outer loop
      vertex   -1.946044e+00 -6.960885e+01 6.483016e+02
      vertex   -1.946044e+00 -6.870254e+01 6.487243e+02
      vertex   -1.946044e+00 -7.396182e+01 6.576366e+02
    endloop
  endfacet
  facet normal 1.000000e+00 5.962227e-17 1.348408e-16
    outer loop
      vertex   -1.946044e+00 -7.396182e+01 6.576366e+02
      vertex   -1.946044e+00 -6.870254e+01 6.487243e+02
      vertex   -1.946044e+00 -6.489874e+01 6.618628e+02
    endloop
  endfacet
  facet normal 1.000000e+00 2.012408e-16 9.384010e-17
    outer loop
      vertex   -1.946044e+00 -6.489874e+01 6.618628e+02
      vertex   -1.946044e+00 -6.870254e+01 6.487243e+02
      vertex   -1.946044e+00 -6.054577e+01 6.525278e+02
    endloop
  endfacet
  facet normal 1.543071e-14 4.226183e-01 -9.063078e-01
    outer loop
      vertex   -8.326673e-16 -6.489874e+01 6.618628e+02
      vertex   2.775558e-16 -7.396182e+01 6.576366e+02
      vertex   -1.946044e+00 -6.489874e+01 6.618628e+02
    endloop
  endfacet
  facet normal 0.000000e+00 4.226183e-01 -9.063078e-01
    outer loop
      vertex   -1.946044e+00 -6.489874e+01 6.618628e+02
      vertex   2.775558e-16 -7.396182e+01 6.576366e+02
      vertex   -1.946044e+00 -7.396182e+01 6.576366e+02
    endloop
  endfacet
  facet normal 0.000000e+00 4.226183e-01 -9.063078e-01
    outer loop
      vertex   2.000000e+00 -7.353920e+01 6.567303e+02
      vertex   1.732051e+00 -7.353920e+01 6.567303e+02
      vertex   2.000000e+00 -6.447612e+01 6.609565e+02
    endloop
  endfacet
  facet normal 0.000000e+00 4.226183e-01 -9.063078e-01
    outer loop
      vertex   2.000000e+00 -6.447612e+01 6.609565e+02
      vertex   1.732051e+00 -7.353920e+01 6.567303e+02
      vertex   1.732051e+00 -6.447612e+01 6.609565e+02
    endloop
  endfacet
  facet normal -8.314696e-01 2.347941e-01 -5.035176e-01
    outer loop
      vertex   2.775558e-16 -7.396182e+01 6.576366e+02
      vertex   -8.326673e-16 -6.489874e+01 6.618628e+02
      vertex   1.453441e-01 -6.933835e+01 6.595526e+02
    endloop
  endfacet
  facet normal -8.314696e-01 2.347941e-01 -5.035176e-01
    outer loop
      vertex   1.453441e-01 -6.933835e+01 6.595526e+02
      vertex   -8.326673e-16 -6.489874e+01 6.618628e+02
      vertex   1.453441e-01 -6.480681e+01 6.616657e+02
    endloop
  endfacet
  facet normal -7.518398e-01 2.786516e-01 -5.975702e-01
    outer loop
      vertex   1.453441e-01 -6.933835e+01 6.595526e+02
      vertex   1.453441e-01 -6.480681e+01 6.616657e+02
      vertex   3.178372e-01 -6.925522e+01 6.593743e+02
    endloop
  endfacet
  facet normal -7.518398e-01 2.786516e-01 -5.975702e-01
    outer loop
      vertex   3.178372e-01 -6.925522e+01 6.593743e+02
      vertex   1.453441e-01 -6.480681e+01 6.616657e+02
      vertex   3.178372e-01 -6.472368e+01 6.614874e+02
    endloop
  endfacet
  facet normal -6.593458e-01 3.177412e-01 -6.813983e-01
    outer loop
      vertex   3.178372e-01 -6.925522e+01 6.593743e+02
      vertex   3.178372e-01 -6.472368e+01 6.614874e+02
      vertex   5.145279e-01 -6.918232e+01 6.592180e+02
    endloop
  endfacet
  facet normal -6.593458e-01 3.177412e-01 -6.813983e-01
    outer loop
      vertex   5.145279e-01 -6.918232e+01 6.592180e+02
      vertex   3.178372e-01 -6.472368e+01 6.614874e+02
      vertex   5.145279e-01 -6.465078e+01 6.613311e+02
    endloop
  endfacet
  facet normal -5.555702e-01 3.513942e-01 -7.535674e-01
    outer loop
      vertex   5.145279e-01 -6.918232e+01 6.592180e+02
      vertex   5.145279e-01 -6.465078e+01 6.613311e+02
      vertex   7.320508e-01 -6.912090e+01 6.590862e+02
    endloop
  endfacet
  facet normal -5.555702e-01 3.513942e-01 -7.535674e-01
    outer loop
      vertex   7.320508e-01 -6.912090e+01 6.590862e+02
      vertex   5.145279e-01 -6.465078e+01 6.613311e+02
      vertex   7.320508e-01 -6.458936e+01 6.611993e+02
    endloop
  endfacet
  facet normal -4.422887e-01 3.790348e-01 -8.128427e-01
    outer loop
      vertex   7.320508e-01 -6.912090e+01 6.590862e+02
      vertex   7.320508e-01 -6.458936e+01 6.611993e+02
      vertex   9.666839e-01 -6.907200e+01 6.589814e+02
    endloop
  endfacet
  facet normal -4.422887e-01 3.790348e-01 -8.128427e-01
    outer loop
      vertex   9.666839e-01 -6.907200e+01 6.589814e+02
      vertex   7.320508e-01 -6.458936e+01 6.611993e+02
      vertex   9.666839e-01 -6.454046e+01 6.610945e+02
    endloop
  endfacet
  facet normal -3.214395e-01 4.001900e-01 -8.582102e-01
    outer loop
      vertex   9.666839e-01 -6.907200e+01 6.589814e+02
      vertex   9.666839e-01 -6.454046e+01 6.610945e+02
      vertex   1.214413e+00 -6.903646e+01 6.589052e+02
    endloop
  endfacet
  facet normal -3.214395e-01 4.001900e-01 -8.582102e-01
    outer loop
      vertex   1.214413e+00 -6.903646e+01 6.589052e+02
      vertex   9.666839e-01 -6.454046e+01 6.610945e+02
      vertex   1.214413e+00 -6.450492e+01 6.610182e+02
    endloop
  endfacet
  facet normal -1.950903e-01 4.144978e-01 -8.888933e-01
    outer loop
      vertex   1.214413e+00 -6.903646e+01 6.589052e+02
      vertex   1.214413e+00 -6.450492e+01 6.610182e+02
      vertex   1.470998e+00 -6.901489e+01 6.588589e+02
    endloop
  endfacet
  facet normal -1.950903e-01 4.144978e-01 -8.888933e-01
    outer loop
      vertex   1.470998e+00 -6.901489e+01 6.588589e+02
      vertex   1.214413e+00 -6.450492e+01 6.610182e+02
      vertex   1.470998e+00 -6.448335e+01 6.609720e+02
    endloop
  endfacet
  facet normal -6.540313e-02 4.217134e-01 -9.043673e-01
    outer loop
      vertex   1.470998e+00 -6.901489e+01 6.588589e+02
      vertex   1.470998e+00 -6.448335e+01 6.609720e+02
      vertex   1.732051e+00 -6.447612e+01 6.609565e+02
    endloop
  endfacet
  facet normal -6.540313e-02 4.217134e-01 -9.043673e-01
    outer loop
      vertex   1.732051e+00 -6.447612e+01 6.609565e+02
      vertex   1.732051e+00 -7.353920e+01 6.567303e+02
      vertex   1.470998e+00 -6.901489e+01 6.588589e+02
    endloop
  endfacet
  facet normal -6.540313e-02 4.217134e-01 -9.043673e-01
    outer loop
      vertex   1.470998e+00 -6.901489e+01 6.588589e+02
      vertex   1.732051e+00 -7.353920e+01 6.567303e+02
      vertex   1.470998e+00 -7.354643e+01 6.567458e+02
    endloop
  endfacet
  facet normal -1.950903e-01 4.144978e-01 -8.888933e-01
    outer loop
      vertex   1.470998e+00 -6.901489e+01 6.588589e+02
      vertex   1.470998e+00 -7.354643e+01 6.567458e+02
      vertex   1.214413e+00 -6.903646e+01 6.589052e+02
    endloop
  endfacet
  facet normal -1.950903e-01 4.144978e-01 -8.888933e-01
    outer loop
      vertex   1.214413e+00 -6.903646e+01 6.589052e+02
      vertex   1.470998e+00 -7.354643e+01 6.567458e+02
      vertex   1.214413e+00 -7.356800e+01 6.567921e+02
    endloop
  endfacet
  facet normal -3.214395e-01 4.001900e-01 -8.582102e-01
    outer loop
      vertex   1.214413e+00 -6.903646e+01 6.589052e+02
      vertex   1.214413e+00 -7.356800e+01 6.567921e+02
      vertex   9.666839e-01 -6.907200e+01 6.589814e+02
    endloop
  endfacet
  facet normal -3.214395e-01 4.001900e-01 -8.582102e-01
    outer loop
      vertex   9.666839e-01 -6.907200e+01 6.589814e+02
      vertex   1.214413e+00 -7.356800e+01 6.567921e+02
      vertex   9.666839e-01 -7.360354e+01 6.568683e+02
    endloop
  endfacet
  facet normal -4.422887e-01 3.790348e-01 -8.128427e-01
    outer loop
      vertex   9.666839e-01 -6.907200e+01 6.589814e+02
      vertex   9.666839e-01 -7.360354e+01 6.568683e+02
      vertex   7.320508e-01 -6.912090e+01 6.590862e+02
    endloop
  endfacet
  facet normal -4.422887e-01 3.790348e-01 -8.128427e-01
    outer loop
      vertex   7.320508e-01 -6.912090e+01 6.590862e+02
      vertex   9.666839e-01 -7.360354e+01 6.568683e+02
      vertex   7.320508e-01 -7.365244e+01 6.569731e+02
    endloop
  endfacet
  facet normal -5.555702e-01 3.513942e-01 -7.535674e-01
    outer loop
      vertex   7.320508e-01 -6.912090e+01 6.590862e+02
      vertex   7.320508e-01 -7.365244e+01 6.569731e+02
      vertex   5.145279e-01 -6.918232e+01 6.592180e+02
    endloop
  endfacet
  facet normal -5.555702e-01 3.513942e-01 -7.535674e-01
    outer loop
      vertex   5.145279e-01 -6.918232e+01 6.592180e+02
      vertex   7.320508e-01 -7.365244e+01 6.569731e+02
      vertex   5.145279e-01 -7.371386e+01 6.571049e+02
    endloop
  endfacet
  facet normal -6.593458e-01 3.177412e-01 -6.813983e-01
    outer loop
      vertex   5.145279e-01 -6.918232e+01 6.592180e+02
      vertex   5.145279e-01 -7.371386e+01 6.571049e+02
      vertex   3.178372e-01 -6.925522e+01 6.593743e+02
    endloop
  endfacet
  facet normal -6.593458e-01 3.177412e-01 -6.813983e-01
    outer loop
      vertex   3.178372e-01 -6.925522e+01 6.593743e+02
      vertex   5.145279e-01 -7.371386e+01 6.571049e+02
      vertex   3.178372e-01 -7.378676e+01 6.572612e+02
    endloop
  endfacet
  facet normal -7.518398e-01 2.786516e-01 -5.975702e-01
    outer loop
      vertex   3.178372e-01 -6.925522e+01 6.593743e+02
      vertex   3.178372e-01 -7.378676e+01 6.572612e+02
      vertex   1.453441e-01 -6.933835e+01 6.595526e+02
    endloop
  endfacet
  facet normal -7.518398e-01 2.786516e-01 -5.975702e-01
    outer loop
      vertex   1.453441e-01 -6.933835e+01 6.595526e+02
      vertex   3.178372e-01 -7.378676e+01 6.572612e+02
      vertex   1.453441e-01 -7.386989e+01 6.574395e+02
    endloop
  endfacet
  facet normal -8.314696e-01 2.347941e-01 -5.035176e-01
    outer loop
      vertex   1.453441e-01 -6.933835e+01 6.595526e+02
      vertex   1.453441e-01 -7.386989e+01 6.574395e+02
      vertex   2.775558e-16 -7.396182e+01 6.576366e+02
    endloop
  endfacet
  facet normal 9.961947e-01 -3.683361e-02 7.898993e-02
    outer loop
      vertex   2.984808e+00 -6.581736e+01 6.638328e+02
      vertex   2.984808e+00 -6.883839e+01 6.624241e+02
      vertex   3.000000e+00 -6.574397e+01 6.636754e+02
    endloop
  endfacet
  facet normal 9.961947e-01 -3.683361e-02 7.898993e-02
    outer loop
      vertex   3.000000e+00 -6.574397e+01 6.636754e+02
      vertex   2.984808e+00 -6.883839e+01 6.624241e+02
      vertex   2.984808e+00 -7.185941e+01 6.610153e+02
    endloop
  endfacet
  facet normal 9.961947e-01 -3.683361e-02 7.898993e-02
    outer loop
      vertex   3.000000e+00 -6.574397e+01 6.636754e+02
      vertex   2.984808e+00 -7.185941e+01 6.610153e+02
      vertex   3.000000e+00 -7.480705e+01 6.594492e+02
    endloop
  endfacet
  facet normal 9.961947e-01 -3.683361e-02 7.898993e-02
    outer loop
      vertex   3.000000e+00 -7.480705e+01 6.594492e+02
      vertex   2.984808e+00 -7.185941e+01 6.610153e+02
      vertex   2.984808e+00 -7.488044e+01 6.596066e+02
    endloop
  endfacet
  facet normal 9.659258e-01 -1.093817e-01 2.345697e-01
    outer loop
      vertex   2.984808e+00 -7.488044e+01 6.596066e+02
      vertex   2.984808e+00 -7.185941e+01 6.610153e+02
      vertex   2.939693e+00 -7.495160e+01 6.597592e+02
    endloop
  endfacet
  facet normal 9.659258e-01 -1.093817e-01 2.345697e-01
    outer loop
      vertex   2.939693e+00 -7.495160e+01 6.597592e+02
      vertex   2.984808e+00 -7.185941e+01 6.610153e+02
      vertex   2.939693e+00 -7.193057e+01 6.611679e+02
    endloop
  endfacet
  facet normal 9.063078e-01 -1.786062e-01 3.830222e-01
    outer loop
      vertex   2.939693e+00 -7.495160e+01 6.597592e+02
      vertex   2.939693e+00 -7.193057e+01 6.611679e+02
      vertex   2.866025e+00 -7.501836e+01 6.599024e+02
    endloop
  endfacet
  facet normal 9.063078e-01 -1.786062e-01 3.830222e-01
    outer loop
      vertex   2.866025e+00 -7.501836e+01 6.599024e+02
      vertex   2.939693e+00 -7.193057e+01 6.611679e+02
      vertex   2.866025e+00 -7.199734e+01 6.613111e+02
    endloop
  endfacet
  facet normal 8.191520e-01 -2.424039e-01 5.198368e-01
    outer loop
      vertex   2.866025e+00 -7.501836e+01 6.599024e+02
      vertex   2.866025e+00 -7.199734e+01 6.613111e+02
      vertex   2.766044e+00 -7.507871e+01 6.600318e+02
    endloop
  endfacet
  facet normal 8.191520e-01 -2.424039e-01 5.198368e-01
    outer loop
      vertex   2.766044e+00 -7.507871e+01 6.600318e+02
      vertex   2.866025e+00 -7.199734e+01 6.613111e+02
      vertex   2.766044e+00 -7.205768e+01 6.614405e+02
    endloop
  endfacet
  facet normal 7.071068e-01 -2.988362e-01 6.408564e-01
    outer loop
      vertex   2.766044e+00 -7.507871e+01 6.600318e+02
      vertex   2.766044e+00 -7.205768e+01 6.614405e+02
      vertex   2.642788e+00 -7.513080e+01 6.601435e+02
    endloop
  endfacet
  facet normal 7.071068e-01 -2.988362e-01 6.408564e-01
    outer loop
      vertex   2.642788e+00 -7.513080e+01 6.601435e+02
      vertex   2.766044e+00 -7.205768e+01 6.614405e+02
      vertex   2.642788e+00 -7.210977e+01 6.615522e+02
    endloop
  endfacet
  facet normal 5.735764e-01 -3.461886e-01 7.424039e-01
    outer loop
      vertex   2.642788e+00 -7.513080e+01 6.601435e+02
      vertex   2.642788e+00 -7.210977e+01 6.615522e+02
      vertex   2.500000e+00 -7.517305e+01 6.602341e+02
    endloop
  endfacet
  facet normal 5.735764e-01 -3.461886e-01 7.424039e-01
    outer loop
      vertex   2.500000e+00 -7.517305e+01 6.602341e+02
      vertex   2.642788e+00 -7.210977e+01 6.615522e+02
      vertex   2.500000e+00 -7.215202e+01 6.616428e+02
    endloop
  endfacet
  facet normal 4.226183e-01 -3.830222e-01 8.213938e-01
    outer loop
      vertex   2.500000e+00 -7.517305e+01 6.602341e+02
      vertex   2.500000e+00 -7.215202e+01 6.616428e+02
      vertex   2.342020e+00 -7.520418e+01 6.603009e+02
    endloop
  endfacet
  facet normal 4.226183e-01 -3.830222e-01 8.213938e-01
    outer loop
      vertex   2.342020e+00 -7.520418e+01 6.603009e+02
      vertex   2.500000e+00 -7.215202e+01 6.616428e+02
      vertex   2.342020e+00 -7.218316e+01 6.617096e+02
    endloop
  endfacet
  facet normal 2.588190e-01 -4.082179e-01 8.754261e-01
    outer loop
      vertex   2.342020e+00 -7.520418e+01 6.603009e+02
      vertex   2.342020e+00 -7.218316e+01 6.617096e+02
      vertex   2.173648e+00 -7.522325e+01 6.603418e+02
    endloop
  endfacet
  facet normal 2.588190e-01 -4.082179e-01 8.754261e-01
    outer loop
      vertex   2.173648e+00 -7.522325e+01 6.603418e+02
      vertex   2.342020e+00 -7.218316e+01 6.617096e+02
      vertex   2.173648e+00 -7.220222e+01 6.617505e+02
    endloop
  endfacet
  facet normal 8.715574e-02 -4.210101e-01 9.028590e-01
    outer loop
      vertex   2.173648e+00 -7.522325e+01 6.603418e+02
      vertex   2.173648e+00 -7.220222e+01 6.617505e+02
      vertex   2.000000e+00 -7.522967e+01 6.603555e+02
    endloop
  endfacet
  facet normal 8.715574e-02 -4.210101e-01 9.028590e-01
    outer loop
      vertex   2.000000e+00 -7.522967e+01 6.603555e+02
      vertex   2.173648e+00 -7.220222e+01 6.617505e+02
      vertex   2.173648e+00 -6.918120e+01 6.631592e+02
    endloop
  endfacet
  facet normal 8.715574e-02 -4.210101e-01 9.028590e-01
    outer loop
      vertex   2.000000e+00 -7.522967e+01 6.603555e+02
      vertex   2.173648e+00 -6.918120e+01 6.631592e+02
      vertex   2.000000e+00 -6.616659e+01 6.645817e+02
    endloop
  endfacet
  facet normal 8.715574e-02 -4.210101e-01 9.028590e-01
    outer loop
      vertex   2.000000e+00 -6.616659e+01 6.645817e+02
      vertex   2.173648e+00 -6.918120e+01 6.631592e+02
      vertex   2.173648e+00 -6.616017e+01 6.645679e+02
    endloop
  endfacet
  facet normal 2.588190e-01 -4.082179e-01 8.754261e-01
    outer loop
      vertex   2.173648e+00 -6.616017e+01 6.645679e+02
      vertex   2.173648e+00 -6.918120e+01 6.631592e+02
      vertex   2.342020e+00 -6.614111e+01 6.645271e+02
    endloop
  endfacet
  facet normal 2.588190e-01 -4.082179e-01 8.754261e-01
    outer loop
      vertex   2.342020e+00 -6.614111e+01 6.645271e+02
      vertex   2.173648e+00 -6.918120e+01 6.631592e+02
      vertex   2.342020e+00 -6.916213e+01 6.631183e+02
    endloop
  endfacet
  facet normal 4.226183e-01 -3.830222e-01 8.213938e-01
    outer loop
      vertex   2.342020e+00 -6.614111e+01 6.645271e+02
      vertex   2.342020e+00 -6.916213e+01 6.631183e+02
      vertex   2.500000e+00 -6.610997e+01 6.644603e+02
    endloop
  endfacet
  facet normal 4.226183e-01 -3.830222e-01 8.213938e-01
    outer loop
      vertex   2.500000e+00 -6.610997e+01 6.644603e+02
      vertex   2.342020e+00 -6.916213e+01 6.631183e+02
      vertex   2.500000e+00 -6.913100e+01 6.630516e+02
    endloop
  endfacet
  facet normal 5.735764e-01 -3.461886e-01 7.424039e-01
    outer loop
      vertex   2.500000e+00 -6.610997e+01 6.644603e+02
      vertex   2.500000e+00 -6.913100e+01 6.630516e+02
      vertex   2.642788e+00 -6.606772e+01 6.643697e+02
    endloop
  endfacet
  facet normal 5.735764e-01 -3.461886e-01 7.424039e-01
    outer loop
      vertex   2.642788e+00 -6.606772e+01 6.643697e+02
      vertex   2.500000e+00 -6.913100e+01 6.630516e+02
      vertex   2.642788e+00 -6.908874e+01 6.629610e+02
    endloop
  endfacet
  facet normal 7.071068e-01 -2.988362e-01 6.408564e-01
    outer loop
      vertex   2.642788e+00 -6.606772e+01 6.643697e+02
      vertex   2.642788e+00 -6.908874e+01 6.629610e+02
      vertex   2.766044e+00 -6.601563e+01 6.642580e+02
    endloop
  endfacet
  facet normal 7.071068e-01 -2.988362e-01 6.408564e-01
    outer loop
      vertex   2.766044e+00 -6.601563e+01 6.642580e+02
      vertex   2.642788e+00 -6.908874e+01 6.629610e+02
      vertex   2.766044e+00 -6.903665e+01 6.628492e+02
    endloop
  endfacet
  facet normal 8.191520e-01 -2.424039e-01 5.198368e-01
    outer loop
      vertex   2.766044e+00 -6.601563e+01 6.642580e+02
      vertex   2.766044e+00 -6.903665e+01 6.628492e+02
      vertex   2.866025e+00 -6.595528e+01 6.641286e+02
    endloop
  endfacet
  facet normal 8.191520e-01 -2.424039e-01 5.198368e-01
    outer loop
      vertex   2.866025e+00 -6.595528e+01 6.641286e+02
      vertex   2.766044e+00 -6.903665e+01 6.628492e+02
      vertex   2.866025e+00 -6.897631e+01 6.627198e+02
    endloop
  endfacet
  facet normal 9.063078e-01 -1.786062e-01 3.830222e-01
    outer loop
      vertex   2.866025e+00 -6.595528e+01 6.641286e+02
      vertex   2.866025e+00 -6.897631e+01 6.627198e+02
      vertex   2.939693e+00 -6.588852e+01 6.639854e+02
    endloop
  endfacet
  facet normal 9.063078e-01 -1.786062e-01 3.830222e-01
    outer loop
      vertex   2.939693e+00 -6.588852e+01 6.639854e+02
      vertex   2.866025e+00 -6.897631e+01 6.627198e+02
      vertex   2.939693e+00 -6.890954e+01 6.625767e+02
    endloop
  endfacet
  facet normal 9.659258e-01 -1.093817e-01 2.345697e-01
    outer loop
      vertex   2.939693e+00 -6.588852e+01 6.639854e+02
      vertex   2.939693e+00 -6.890954e+01 6.625767e+02
      vertex   2.984808e+00 -6.581736e+01 6.638328e+02
    endloop
  endfacet
  facet normal 9.659258e-01 -1.093817e-01 2.345697e-01
    outer loop
      vertex   2.984808e+00 -6.581736e+01 6.638328e+02
      vertex   2.939693e+00 -6.890954e+01 6.625767e+02
      vertex   2.984808e+00 -6.883839e+01 6.624241e+02
    endloop
  endfacet
  facet normal 9.659258e-01 -1.093817e-01 2.345697e-01
    outer loop
      vertex   2.939693e+00 -7.193057e+01 6.611679e+02
      vertex   2.984808e+00 -7.185941e+01 6.610153e+02
      vertex   2.984808e+00 -6.883839e+01 6.624241e+02
    endloop
  endfacet
  facet normal 9.659258e-01 -1.093817e-01 2.345697e-01
    outer loop
      vertex   2.939693e+00 -7.193057e+01 6.611679e+02
      vertex   2.984808e+00 -6.883839e+01 6.624241e+02
      vertex   2.939693e+00 -6.890954e+01 6.625767e+02
    endloop
  endfacet
  facet normal 9.063078e-01 -1.786062e-01 3.830222e-01
    outer loop
      vertex   2.866025e+00 -7.199734e+01 6.613111e+02
      vertex   2.939693e+00 -7.193057e+01 6.611679e+02
      vertex   2.939693e+00 -6.890954e+01 6.625767e+02
    endloop
  endfacet
  facet normal 9.063078e-01 -1.786062e-01 3.830222e-01
    outer loop
      vertex   2.866025e+00 -7.199734e+01 6.613111e+02
      vertex   2.939693e+00 -6.890954e+01 6.625767e+02
      vertex   2.866025e+00 -6.897631e+01 6.627198e+02
    endloop
  endfacet
  facet normal 8.191520e-01 -2.424039e-01 5.198368e-01
    outer loop
      vertex   2.766044e+00 -7.205768e+01 6.614405e+02
      vertex   2.866025e+00 -7.199734e+01 6.613111e+02
      vertex   2.866025e+00 -6.897631e+01 6.627198e+02
    endloop
  endfacet
  facet normal 8.191520e-01 -2.424039e-01 5.198368e-01
    outer loop
      vertex   2.766044e+00 -7.205768e+01 6.614405e+02
      vertex   2.866025e+00 -6.897631e+01 6.627198e+02
      vertex   2.766044e+00 -6.903665e+01 6.628492e+02
    endloop
  endfacet
  facet normal 7.071068e-01 -2.988362e-01 6.408564e-01
    outer loop
      vertex   2.642788e+00 -7.210977e+01 6.615522e+02
      vertex   2.766044e+00 -7.205768e+01 6.614405e+02
      vertex   2.766044e+00 -6.903665e+01 6.628492e+02
    endloop
  endfacet
  facet normal 7.071068e-01 -2.988362e-01 6.408564e-01
    outer loop
      vertex   2.642788e+00 -7.210977e+01 6.615522e+02
      vertex   2.766044e+00 -6.903665e+01 6.628492e+02
      vertex   2.642788e+00 -6.908874e+01 6.629610e+02
    endloop
  endfacet
  facet normal 5.735764e-01 -3.461886e-01 7.424039e-01
    outer loop
      vertex   2.500000e+00 -7.215202e+01 6.616428e+02
      vertex   2.642788e+00 -7.210977e+01 6.615522e+02
      vertex   2.642788e+00 -6.908874e+01 6.629610e+02
    endloop
  endfacet
  facet normal 5.735764e-01 -3.461886e-01 7.424039e-01
    outer loop
      vertex   2.500000e+00 -7.215202e+01 6.616428e+02
      vertex   2.642788e+00 -6.908874e+01 6.629610e+02
      vertex   2.500000e+00 -6.913100e+01 6.630516e+02
    endloop
  endfacet
  facet normal 4.226183e-01 -3.830222e-01 8.213938e-01
    outer loop
      vertex   2.342020e+00 -7.218316e+01 6.617096e+02
      vertex   2.500000e+00 -7.215202e+01 6.616428e+02
      vertex   2.500000e+00 -6.913100e+01 6.630516e+02
    endloop
  endfacet
  facet normal 4.226183e-01 -3.830222e-01 8.213938e-01
    outer loop
      vertex   2.342020e+00 -7.218316e+01 6.617096e+02
      vertex   2.500000e+00 -6.913100e+01 6.630516e+02
      vertex   2.342020e+00 -6.916213e+01 6.631183e+02
    endloop
  endfacet
  facet normal 2.588190e-01 -4.082179e-01 8.754261e-01
    outer loop
      vertex   2.173648e+00 -7.220222e+01 6.617505e+02
      vertex   2.342020e+00 -7.218316e+01 6.617096e+02
      vertex   2.342020e+00 -6.916213e+01 6.631183e+02
    endloop
  endfacet
  facet normal 2.588190e-01 -4.082179e-01 8.754261e-01
    outer loop
      vertex   2.173648e+00 -7.220222e+01 6.617505e+02
      vertex   2.342020e+00 -6.916213e+01 6.631183e+02
      vertex   2.173648e+00 -6.918120e+01 6.631592e+02
    endloop
  endfacet
  facet normal 0.000000e+00 -4.226183e-01 9.063078e-01
    outer loop
      vertex   -3.946044e+00 -6.616659e+01 6.645817e+02
      vertex   -3.946044e+00 -7.522967e+01 6.603555e+02
      vertex   2.000000e+00 -6.616659e+01 6.645817e+02
    endloop
  endfacet
  facet normal 0.000000e+00 -4.226183e-01 9.063078e-01
    outer loop
      vertex   2.000000e+00 -6.616659e+01 6.645817e+02
      vertex   -3.946044e+00 -7.522967e+01 6.603555e+02
      vertex   2.000000e+00 -7.522967e+01 6.603555e+02
    endloop
  endfacet
  facet normal -8.715574e-02 -4.210101e-01 9.028590e-01
    outer loop
      vertex   -4.119692e+00 -6.616017e+01 6.645679e+02
      vertex   -4.119692e+00 -6.918120e+01 6.631592e+02
      vertex   -3.946044e+00 -6.616659e+01 6.645817e+02
    endloop
  endfacet
  facet normal -8.715574e-02 -4.210101e-01 9.028590e-01
    outer loop
      vertex   -3.946044e+00 -6.616659e+01 6.645817e+02
      vertex   -4.119692e+00 -6.918120e+01 6.631592e+02
      vertex   -4.119692e+00 -7.220222e+01 6.617505e+02
    endloop
  endfacet
  facet normal -8.715574e-02 -4.210101e-01 9.028590e-01
    outer loop
      vertex   -3.946044e+00 -6.616659e+01 6.645817e+02
      vertex   -4.119692e+00 -7.220222e+01 6.617505e+02
      vertex   -3.946044e+00 -7.522967e+01 6.603555e+02
    endloop
  endfacet
  facet normal -8.715574e-02 -4.210101e-01 9.028590e-01
    outer loop
      vertex   -3.946044e+00 -7.522967e+01 6.603555e+02
      vertex   -4.119692e+00 -7.220222e+01 6.617505e+02
      vertex   -4.119692e+00 -7.522325e+01 6.603418e+02
    endloop
  endfacet
  facet normal -2.588190e-01 -4.082179e-01 8.754261e-01
    outer loop
      vertex   -4.119692e+00 -7.522325e+01 6.603418e+02
      vertex   -4.119692e+00 -7.220222e+01 6.617505e+02
      vertex   -4.288064e+00 -7.520418e+01 6.603009e+02
    endloop
  endfacet
  facet normal -2.588190e-01 -4.082179e-01 8.754261e-01
    outer loop
      vertex   -4.288064e+00 -7.520418e+01 6.603009e+02
      vertex   -4.119692e+00 -7.220222e+01 6.617505e+02
      vertex   -4.288064e+00 -7.218316e+01 6.617096e+02
    endloop
  endfacet
  facet normal -4.226183e-01 -3.830222e-01 8.213938e-01
    outer loop
      vertex   -4.288064e+00 -7.520418e+01 6.603009e+02
      vertex   -4.288064e+00 -7.218316e+01 6.617096e+02
      vertex   -4.446044e+00 -7.517305e+01 6.602341e+02
    endloop
  endfacet
  facet normal -4.226183e-01 -3.830222e-01 8.213938e-01
    outer loop
      vertex   -4.446044e+00 -7.517305e+01 6.602341e+02
      vertex   -4.288064e+00 -7.218316e+01 6.617096e+02
      vertex   -4.446044e+00 -7.215202e+01 6.616428e+02
    endloop
  endfacet
  facet normal -5.735764e-01 -3.461886e-01 7.424039e-01
    outer loop
      vertex   -4.446044e+00 -7.517305e+01 6.602341e+02
      vertex   -4.446044e+00 -7.215202e+01 6.616428e+02
      vertex   -4.588831e+00 -7.513080e+01 6.601435e+02
    endloop
  endfacet
  facet normal -5.735764e-01 -3.461886e-01 7.424039e-01
    outer loop
      vertex   -4.588831e+00 -7.513080e+01 6.601435e+02
      vertex   -4.446044e+00 -7.215202e+01 6.616428e+02
      vertex   -4.588831e+00 -7.210977e+01 6.615522e+02
    endloop
  endfacet
  facet normal -7.071068e-01 -2.988362e-01 6.408564e-01
    outer loop
      vertex   -4.588831e+00 -7.513080e+01 6.601435e+02
      vertex   -4.588831e+00 -7.210977e+01 6.615522e+02
      vertex   -4.712088e+00 -7.507871e+01 6.600318e+02
    endloop
  endfacet
  facet normal -7.071068e-01 -2.988362e-01 6.408564e-01
    outer loop
      vertex   -4.712088e+00 -7.507871e+01 6.600318e+02
      vertex   -4.588831e+00 -7.210977e+01 6.615522e+02
      vertex   -4.712088e+00 -7.205768e+01 6.614405e+02
    endloop
  endfacet
  facet normal -8.191520e-01 -2.424039e-01 5.198368e-01
    outer loop
      vertex   -4.712088e+00 -7.507871e+01 6.600318e+02
      vertex   -4.712088e+00 -7.205768e+01 6.614405e+02
      vertex   -4.812069e+00 -7.501836e+01 6.599024e+02
    endloop
  endfacet
  facet normal -8.191520e-01 -2.424039e-01 5.198368e-01
    outer loop
      vertex   -4.812069e+00 -7.501836e+01 6.599024e+02
      vertex   -4.712088e+00 -7.205768e+01 6.614405e+02
      vertex   -4.812069e+00 -7.199734e+01 6.613111e+02
    endloop
  endfacet
  facet normal -9.063078e-01 -1.786062e-01 3.830222e-01
    outer loop
      vertex   -4.812069e+00 -7.501836e+01 6.599024e+02
      vertex   -4.812069e+00 -7.199734e+01 6.613111e+02
      vertex   -4.885736e+00 -7.495160e+01 6.597592e+02
    endloop
  endfacet
  facet normal -9.063078e-01 -1.786062e-01 3.830222e-01
    outer loop
      vertex   -4.885736e+00 -7.495160e+01 6.597592e+02
      vertex   -4.812069e+00 -7.199734e+01 6.613111e+02
      vertex   -4.885736e+00 -7.193057e+01 6.611679e+02
    endloop
  endfacet
  facet normal -9.659258e-01 -1.093817e-01 2.345697e-01
    outer loop
      vertex   -4.885736e+00 -7.495160e+01 6.597592e+02
      vertex   -4.885736e+00 -7.193057e+01 6.611679e+02
      vertex   -4.930851e+00 -7.488044e+01 6.596066e+02
    endloop
  endfacet
  facet normal -9.659258e-01 -1.093817e-01 2.345697e-01
    outer loop
      vertex   -4.930851e+00 -7.488044e+01 6.596066e+02
      vertex   -4.885736e+00 -7.193057e+01 6.611679e+02
      vertex   -4.930851e+00 -7.185941e+01 6.610153e+02
    endloop
  endfacet
  facet normal -9.961947e-01 -3.683361e-02 7.898993e-02
    outer loop
      vertex   -4.930851e+00 -7.488044e+01 6.596066e+02
      vertex   -4.930851e+00 -7.185941e+01 6.610153e+02
      vertex   -4.946044e+00 -7.480705e+01 6.594492e+02
    endloop
  endfacet
  facet normal -9.961947e-01 -3.683361e-02 7.898993e-02
    outer loop
      vertex   -4.946044e+00 -7.480705e+01 6.594492e+02
      vertex   -4.930851e+00 -7.185941e+01 6.610153e+02
      vertex   -4.930851e+00 -6.883839e+01 6.624241e+02
    endloop
  endfacet
  facet normal -9.961947e-01 -3.683361e-02 7.898993e-02
    outer loop
      vertex   -4.946044e+00 -7.480705e+01 6.594492e+02
      vertex   -4.930851e+00 -6.883839e+01 6.624241e+02
      vertex   -4.946044e+00 -6.574397e+01 6.636754e+02
    endloop
  endfacet
  facet normal -9.961947e-01 -3.683361e-02 7.898993e-02
    outer loop
      vertex   -4.946044e+00 -6.574397e+01 6.636754e+02
      vertex   -4.930851e+00 -6.883839e+01 6.624241e+02
      vertex   -4.930851e+00 -6.581736e+01 6.638328e+02
    endloop
  endfacet
  facet normal -9.659258e-01 -1.093817e-01 2.345697e-01
    outer loop
      vertex   -4.930851e+00 -6.581736e+01 6.638328e+02
      vertex   -4.930851e+00 -6.883839e+01 6.624241e+02
      vertex   -4.885736e+00 -6.588852e+01 6.639854e+02
    endloop
  endfacet
  facet normal -9.659258e-01 -1.093817e-01 2.345697e-01
    outer loop
      vertex   -4.885736e+00 -6.588852e+01 6.639854e+02
      vertex   -4.930851e+00 -6.883839e+01 6.624241e+02
      vertex   -4.885736e+00 -6.890954e+01 6.625767e+02
    endloop
  endfacet
  facet normal -9.063078e-01 -1.786062e-01 3.830222e-01
    outer loop
      vertex   -4.885736e+00 -6.588852e+01 6.639854e+02
      vertex   -4.885736e+00 -6.890954e+01 6.625767e+02
      vertex   -4.812069e+00 -6.595528e+01 6.641286e+02
    endloop
  endfacet
  facet normal -9.063078e-01 -1.786062e-01 3.830222e-01
    outer loop
      vertex   -4.812069e+00 -6.595528e+01 6.641286e+02
      vertex   -4.885736e+00 -6.890954e+01 6.625767e+02
      vertex   -4.812069e+00 -6.897631e+01 6.627198e+02
    endloop
  endfacet
  facet normal -8.191520e-01 -2.424039e-01 5.198368e-01
    outer loop
      vertex   -4.812069e+00 -6.595528e+01 6.641286e+02
      vertex   -4.812069e+00 -6.897631e+01 6.627198e+02
      vertex   -4.712088e+00 -6.601563e+01 6.642580e+02
    endloop
  endfacet
  facet normal -8.191520e-01 -2.424039e-01 5.198368e-01
    outer loop
      vertex   -4.712088e+00 -6.601563e+01 6.642580e+02
      vertex   -4.812069e+00 -6.897631e+01 6.627198e+02
      vertex   -4.712088e+00 -6.903665e+01 6.628492e+02
    endloop
  endfacet
  facet normal -7.071068e-01 -2.988362e-01 6.408564e-01
    outer loop
      vertex   -4.712088e+00 -6.601563e+01 6.642580e+02
      vertex   -4.712088e+00 -6.903665e+01 6.628492e+02
      vertex   -4.588831e+00 -6.606772e+01 6.643697e+02
    endloop
  endfacet
  facet normal -7.071068e-01 -2.988362e-01 6.408564e-01
    outer loop
      vertex   -4.588831e+00 -6.606772e+01 6.643697e+02
      vertex   -4.712088e+00 -6.903665e+01 6.628492e+02
      vertex   -4.588831e+00 -6.908874e+01 6.629610e+02
    endloop
  endfacet
  facet normal -5.735764e-01 -3.461886e-01 7.424039e-01
    outer loop
      vertex   -4.588831e+00 -6.606772e+01 6.643697e+02
      vertex   -4.588831e+00 -6.908874e+01 6.629610e+02
      vertex   -4.446044e+00 -6.610997e+01 6.644603e+02
    endloop
  endfacet
  facet normal -5.735764e-01 -3.461886e-01 7.424039e-01
    outer loop
      vertex   -4.446044e+00 -6.610997e+01 6.644603e+02
      vertex   -4.588831e+00 -6.908874e+01 6.629610e+02
      vertex   -4.446044e+00 -6.913100e+01 6.630516e+02
    endloop
  endfacet
  facet normal -4.226183e-01 -3.830222e-01 8.213938e-01
    outer loop
      vertex   -4.446044e+00 -6.610997e+01 6.644603e+02
      vertex   -4.446044e+00 -6.913100e+01 6.630516e+02
      vertex   -4.288064e+00 -6.614111e+01 6.645271e+02
    endloop
  endfacet
  facet normal -4.226183e-01 -3.830222e-01 8.213938e-01
    outer loop
      vertex   -4.288064e+00 -6.614111e+01 6.645271e+02
      vertex   -4.446044e+00 -6.913100e+01 6.630516e+02
      vertex   -4.288064e+00 -6.916213e+01 6.631183e+02
    endloop
  endfacet
  facet normal -2.588190e-01 -4.082179e-01 8.754261e-01
    outer loop
      vertex   -4.288064e+00 -6.614111e+01 6.645271e+02
      vertex   -4.288064e+00 -6.916213e+01 6.631183e+02
      vertex   -4.119692e+00 -6.616017e+01 6.645679e+02
    endloop
  endfacet
  facet normal -2.588190e-01 -4.082179e-01 8.754261e-01
    outer loop
      vertex   -4.119692e+00 -6.616017e+01 6.645679e+02
      vertex   -4.288064e+00 -6.916213e+01 6.631183e+02
      vertex   -4.119692e+00 -6.918120e+01 6.631592e+02
    endloop
  endfacet
  facet normal -2.588190e-01 -4.082179e-01 8.754261e-01
    outer loop
      vertex   -4.288064e+00 -7.218316e+01 6.617096e+02
      vertex   -4.119692e+00 -7.220222e+01 6.617505e+02
      vertex   -4.119692e+00 -6.918120e+01 6.631592e+02
    endloop
  endfacet
  facet normal -2.588190e-01 -4.082179e-01 8.754261e-01
    outer loop
      vertex   -4.288064e+00 -7.218316e+01 6.617096e+02
      vertex   -4.119692e+00 -6.918120e+01 6.631592e+02
      vertex   -4.288064e+00 -6.916213e+01 6.631183e+02
    endloop
  endfacet
  facet normal -4.226183e-01 -3.830222e-01 8.213938e-01
    outer loop
      vertex   -4.446044e+00 -7.215202e+01 6.616428e+02
      vertex   -4.288064e+00 -7.218316e+01 6.617096e+02
      vertex   -4.288064e+00 -6.916213e+01 6.631183e+02
    endloop
  endfacet
  facet normal -4.226183e-01 -3.830222e-01 8.213938e-01
    outer loop
      vertex   -4.446044e+00 -7.215202e+01 6.616428e+02
      vertex   -4.288064e+00 -6.916213e+01 6.631183e+02
      vertex   -4.446044e+00 -6.913100e+01 6.630516e+02
    endloop
  endfacet
  facet normal -5.735764e-01 -3.461886e-01 7.424039e-01
    outer loop
      vertex   -4.588831e+00 -7.210977e+01 6.615522e+02
      vertex   -4.446044e+00 -7.215202e+01 6.616428e+02
      vertex   -4.446044e+00 -6.913100e+01 6.630516e+02
    endloop
  endfacet
  facet normal -5.735764e-01 -3.461886e-01 7.424039e-01
    outer loop
      vertex   -4.588831e+00 -7.210977e+01 6.615522e+02
      vertex   -4.446044e+00 -6.913100e+01 6.630516e+02
      vertex   -4.588831e+00 -6.908874e+01 6.629610e+02
    endloop
  endfacet
  facet normal -7.071068e-01 -2.988362e-01 6.408564e-01
    outer loop
      vertex   -4.712088e+00 -7.205768e+01 6.614405e+02
      vertex   -4.588831e+00 -7.210977e+01 6.615522e+02
      vertex   -4.588831e+00 -6.908874e+01 6.629610e+02
    endloop
  endfacet
  facet normal -7.071068e-01 -2.988362e-01 6.408564e-01
    outer loop
      vertex   -4.712088e+00 -7.205768e+01 6.614405e+02
      vertex   -4.588831e+00 -6.908874e+01 6.629610e+02
      vertex   -4.712088e+00 -6.903665e+01 6.628492e+02
    endloop
  endfacet
  facet normal -8.191520e-01 -2.424039e-01 5.198368e-01
    outer loop
      vertex   -4.812069e+00 -7.199734e+01 6.613111e+02
      vertex   -4.712088e+00 -7.205768e+01 6.614405e+02
      vertex   -4.712088e+00 -6.903665e+01 6.628492e+02
    endloop
  endfacet
  facet normal -8.191520e-01 -2.424039e-01 5.198368e-01
    outer loop
      vertex   -4.812069e+00 -7.199734e+01 6.613111e+02
      vertex   -4.712088e+00 -6.903665e+01 6.628492e+02
      vertex   -4.812069e+00 -6.897631e+01 6.627198e+02
    endloop
  endfacet
  facet normal -9.063078e-01 -1.786062e-01 3.830222e-01
    outer loop
      vertex   -4.885736e+00 -7.193057e+01 6.611679e+02
      vertex   -4.812069e+00 -7.199734e+01 6.613111e+02
      vertex   -4.812069e+00 -6.897631e+01 6.627198e+02
    endloop
  endfacet
  facet normal -9.063078e-01 -1.786062e-01 3.830222e-01
    outer loop
      vertex   -4.885736e+00 -7.193057e+01 6.611679e+02
      vertex   -4.812069e+00 -6.897631e+01 6.627198e+02
      vertex   -4.885736e+00 -6.890954e+01 6.625767e+02
    endloop
  endfacet
  facet normal -9.659258e-01 -1.093817e-01 2.345697e-01
    outer loop
      vertex   -4.930851e+00 -7.185941e+01 6.610153e+02
      vertex   -4.885736e+00 -7.193057e+01 6.611679e+02
      vertex   -4.885736e+00 -6.890954e+01 6.625767e+02
    endloop
  endfacet
  facet normal -9.659258e-01 -1.093817e-01 2.345697e-01
    outer loop
      vertex   -4.930851e+00 -7.185941e+01 6.610153e+02
      vertex   -4.885736e+00 -6.890954e+01 6.625767e+02
      vertex   -4.930851e+00 -6.883839e+01 6.624241e+02
    endloop
  endfacet
  facet normal 1.000000e+00 1.609926e-16 7.507208e-17
    outer loop
      vertex   3.000000e+00 -7.396182e+01 6.576366e+02
      vertex   3.000000e+00 -6.489874e+01 6.618628e+02
      vertex   3.000000e+00 -7.480705e+01 6.594492e+02
    endloop
  endfacet
  facet normal 1.000000e+00 1.609926e-16 7.507208e-17
    outer loop
      vertex   3.000000e+00 -7.480705e+01 6.594492e+02
      vertex   3.000000e+00 -6.489874e+01 6.618628e+02
      vertex   3.000000e+00 -6.574397e+01 6.636754e+02
    endloop
  endfacet
  facet normal 9.961947e-01 3.683361e-02 -7.898993e-02
    outer loop
      vertex   2.984808e+00 -7.388843e+01 6.574792e+02
      vertex   2.984808e+00 -7.086740e+01 6.588880e+02
      vertex   3.000000e+00 -7.396182e+01 6.576366e+02
    endloop
  endfacet
  facet normal 9.961947e-01 3.683361e-02 -7.898993e-02
    outer loop
      vertex   3.000000e+00 -7.396182e+01 6.576366e+02
      vertex   2.984808e+00 -7.086740e+01 6.588880e+02
      vertex   2.984808e+00 -6.784638e+01 6.602967e+02
    endloop
  endfacet
  facet normal 9.961947e-01 3.683361e-02 -7.898993e-02
    outer loop
      vertex   3.000000e+00 -7.396182e+01 6.576366e+02
      vertex   2.984808e+00 -6.784638e+01 6.602967e+02
      vertex   3.000000e+00 -6.489874e+01 6.618628e+02
    endloop
  endfacet
  facet normal 9.961947e-01 3.683361e-02 -7.898993e-02
    outer loop
      vertex   3.000000e+00 -6.489874e+01 6.618628e+02
      vertex   2.984808e+00 -6.784638e+01 6.602967e+02
      vertex   2.984808e+00 -6.482535e+01 6.617054e+02
    endloop
  endfacet
  facet normal 9.659258e-01 1.093817e-01 -2.345697e-01
    outer loop
      vertex   2.984808e+00 -6.482535e+01 6.617054e+02
      vertex   2.984808e+00 -6.784638e+01 6.602967e+02
      vertex   2.939693e+00 -6.475419e+01 6.615528e+02
    endloop
  endfacet
  facet normal 9.659258e-01 1.093817e-01 -2.345697e-01
    outer loop
      vertex   2.939693e+00 -6.475419e+01 6.615528e+02
      vertex   2.984808e+00 -6.784638e+01 6.602967e+02
      vertex   2.939693e+00 -6.777522e+01 6.601441e+02
    endloop
  endfacet
  facet normal 9.063078e-01 1.786062e-01 -3.830222e-01
    outer loop
      vertex   2.939693e+00 -6.475419e+01 6.615528e+02
      vertex   2.939693e+00 -6.777522e+01 6.601441e+02
      vertex   2.866025e+00 -6.468743e+01 6.614096e+02
    endloop
  endfacet
  facet normal 9.063078e-01 1.786062e-01 -3.830222e-01
    outer loop
      vertex   2.866025e+00 -6.468743e+01 6.614096e+02
      vertex   2.939693e+00 -6.777522e+01 6.601441e+02
      vertex   2.866025e+00 -6.770845e+01 6.600009e+02
    endloop
  endfacet
  facet normal 8.191520e-01 2.424039e-01 -5.198368e-01
    outer loop
      vertex   2.866025e+00 -6.468743e+01 6.614096e+02
      vertex   2.866025e+00 -6.770845e+01 6.600009e+02
      vertex   2.766044e+00 -6.462708e+01 6.612802e+02
    endloop
  endfacet
  facet normal 8.191520e-01 2.424039e-01 -5.198368e-01
    outer loop
      vertex   2.766044e+00 -6.462708e+01 6.612802e+02
      vertex   2.866025e+00 -6.770845e+01 6.600009e+02
      vertex   2.766044e+00 -6.764811e+01 6.598715e+02
    endloop
  endfacet
  facet normal 7.071068e-01 2.988362e-01 -6.408564e-01
    outer loop
      vertex   2.766044e+00 -6.462708e+01 6.612802e+02
      vertex   2.766044e+00 -6.764811e+01 6.598715e+02
      vertex   2.642788e+00 -6.457499e+01 6.611685e+02
    endloop
  endfacet
  facet normal 7.071068e-01 2.988362e-01 -6.408564e-01
    outer loop
      vertex   2.642788e+00 -6.457499e+01 6.611685e+02
      vertex   2.766044e+00 -6.764811e+01 6.598715e+02
      vertex   2.642788e+00 -6.759602e+01 6.597598e+02
    endloop
  endfacet
  facet normal 5.735764e-01 3.461886e-01 -7.424039e-01
    outer loop
      vertex   2.642788e+00 -6.457499e+01 6.611685e+02
      vertex   2.642788e+00 -6.759602e+01 6.597598e+02
      vertex   2.500000e+00 -6.453274e+01 6.610779e+02
    endloop
  endfacet
  facet normal 5.735764e-01 3.461886e-01 -7.424039e-01
    outer loop
      vertex   2.500000e+00 -6.453274e+01 6.610779e+02
      vertex   2.642788e+00 -6.759602e+01 6.597598e+02
      vertex   2.500000e+00 -6.755377e+01 6.596692e+02
    endloop
  endfacet
  facet normal 4.226183e-01 3.830222e-01 -8.213938e-01
    outer loop
      vertex   2.500000e+00 -6.453274e+01 6.610779e+02
      vertex   2.500000e+00 -6.755377e+01 6.596692e+02
      vertex   2.342020e+00 -6.450161e+01 6.610111e+02
    endloop
  endfacet
  facet normal 4.226183e-01 3.830222e-01 -8.213938e-01
    outer loop
      vertex   2.342020e+00 -6.450161e+01 6.610111e+02
      vertex   2.500000e+00 -6.755377e+01 6.596692e+02
      vertex   2.342020e+00 -6.752263e+01 6.596024e+02
    endloop
  endfacet
  facet normal 2.588190e-01 4.082179e-01 -8.754261e-01
    outer loop
      vertex   2.342020e+00 -6.450161e+01 6.610111e+02
      vertex   2.342020e+00 -6.752263e+01 6.596024e+02
      vertex   2.173648e+00 -6.448254e+01 6.609703e+02
    endloop
  endfacet
  facet normal 2.588190e-01 4.082179e-01 -8.754261e-01
    outer loop
      vertex   2.173648e+00 -6.448254e+01 6.609703e+02
      vertex   2.342020e+00 -6.752263e+01 6.596024e+02
      vertex   2.173648e+00 -6.750357e+01 6.595615e+02
    endloop
  endfacet
  facet normal 8.715574e-02 4.210101e-01 -9.028590e-01
    outer loop
      vertex   2.173648e+00 -6.448254e+01 6.609703e+02
      vertex   2.173648e+00 -6.750357e+01 6.595615e+02
      vertex   2.000000e+00 -6.447612e+01 6.609565e+02
    endloop
  endfacet
  facet normal 8.715574e-02 4.210101e-01 -9.028590e-01
    outer loop
      vertex   2.000000e+00 -6.447612e+01 6.609565e+02
      vertex   2.173648e+00 -6.750357e+01 6.595615e+02
      vertex   2.173648e+00 -7.052459e+01 6.581528e+02
    endloop
  endfacet
  facet normal 8.715574e-02 4.210101e-01 -9.028590e-01
    outer loop
      vertex   2.000000e+00 -6.447612e+01 6.609565e+02
      vertex   2.173648e+00 -7.052459e+01 6.581528e+02
      vertex   2.000000e+00 -7.353920e+01 6.567303e+02
    endloop
  endfacet
  facet normal 8.715574e-02 4.210101e-01 -9.028590e-01
    outer loop
      vertex   2.000000e+00 -7.353920e+01 6.567303e+02
      vertex   2.173648e+00 -7.052459e+01 6.581528e+02
      vertex   2.173648e+00 -7.354562e+01 6.567441e+02
    endloop
  endfacet
  facet normal 2.588190e-01 4.082179e-01 -8.754261e-01
    outer loop
      vertex   2.173648e+00 -7.354562e+01 6.567441e+02
      vertex   2.173648e+00 -7.052459e+01 6.581528e+02
      vertex   2.342020e+00 -7.356468e+01 6.567850e+02
    endloop
  endfacet
  facet normal 2.588190e-01 4.082179e-01 -8.754261e-01
    outer loop
      vertex   2.342020e+00 -7.356468e+01 6.567850e+02
      vertex   2.173648e+00 -7.052459e+01 6.581528e+02
      vertex   2.342020e+00 -7.054366e+01 6.581937e+02
    endloop
  endfacet
  facet normal 4.226183e-01 3.830222e-01 -8.213938e-01
    outer loop
      vertex   2.342020e+00 -7.356468e+01 6.567850e+02
      vertex   2.342020e+00 -7.054366e+01 6.581937e+02
      vertex   2.500000e+00 -7.359582e+01 6.568517e+02
    endloop
  endfacet
  facet normal 4.226183e-01 3.830222e-01 -8.213938e-01
    outer loop
      vertex   2.500000e+00 -7.359582e+01 6.568517e+02
      vertex   2.342020e+00 -7.054366e+01 6.581937e+02
      vertex   2.500000e+00 -7.057479e+01 6.582605e+02
    endloop
  endfacet
  facet normal 5.735764e-01 3.461886e-01 -7.424039e-01
    outer loop
      vertex   2.500000e+00 -7.359582e+01 6.568517e+02
      vertex   2.500000e+00 -7.057479e+01 6.582605e+02
      vertex   2.642788e+00 -7.363807e+01 6.569423e+02
    endloop
  endfacet
  facet normal 5.735764e-01 3.461886e-01 -7.424039e-01
    outer loop
      vertex   2.642788e+00 -7.363807e+01 6.569423e+02
      vertex   2.500000e+00 -7.057479e+01 6.582605e+02
      vertex   2.642788e+00 -7.061705e+01 6.583511e+02
    endloop
  endfacet
  facet normal 7.071068e-01 2.988362e-01 -6.408564e-01
    outer loop
      vertex   2.642788e+00 -7.363807e+01 6.569423e+02
      vertex   2.642788e+00 -7.061705e+01 6.583511e+02
      vertex   2.766044e+00 -7.369016e+01 6.570540e+02
    endloop
  endfacet
  facet normal 7.071068e-01 2.988362e-01 -6.408564e-01
    outer loop
      vertex   2.766044e+00 -7.369016e+01 6.570540e+02
      vertex   2.642788e+00 -7.061705e+01 6.583511e+02
      vertex   2.766044e+00 -7.066914e+01 6.584628e+02
    endloop
  endfacet
  facet normal 8.191520e-01 2.424039e-01 -5.198368e-01
    outer loop
      vertex   2.766044e+00 -7.369016e+01 6.570540e+02
      vertex   2.766044e+00 -7.066914e+01 6.584628e+02
      vertex   2.866025e+00 -7.375051e+01 6.571835e+02
    endloop
  endfacet
  facet normal 8.191520e-01 2.424039e-01 -5.198368e-01
    outer loop
      vertex   2.866025e+00 -7.375051e+01 6.571835e+02
      vertex   2.766044e+00 -7.066914e+01 6.584628e+02
      vertex   2.866025e+00 -7.072948e+01 6.585922e+02
    endloop
  endfacet
  facet normal 9.063078e-01 1.786062e-01 -3.830222e-01
    outer loop
      vertex   2.866025e+00 -7.375051e+01 6.571835e+02
      vertex   2.866025e+00 -7.072948e+01 6.585922e+02
      vertex   2.939693e+00 -7.381727e+01 6.573266e+02
    endloop
  endfacet
  facet normal 9.063078e-01 1.786062e-01 -3.830222e-01
    outer loop
      vertex   2.939693e+00 -7.381727e+01 6.573266e+02
      vertex   2.866025e+00 -7.072948e+01 6.585922e+02
      vertex   2.939693e+00 -7.079625e+01 6.587354e+02
    endloop
  endfacet
  facet normal 9.659258e-01 1.093817e-01 -2.345697e-01
    outer loop
      vertex   2.939693e+00 -7.381727e+01 6.573266e+02
      vertex   2.939693e+00 -7.079625e+01 6.587354e+02
      vertex   2.984808e+00 -7.388843e+01 6.574792e+02
    endloop
  endfacet
  facet normal 9.659258e-01 1.093817e-01 -2.345697e-01
    outer loop
      vertex   2.984808e+00 -7.388843e+01 6.574792e+02
      vertex   2.939693e+00 -7.079625e+01 6.587354e+02
      vertex   2.984808e+00 -7.086740e+01 6.588880e+02
    endloop
  endfacet
  facet normal 9.659258e-01 1.093817e-01 -2.345697e-01
    outer loop
      vertex   2.939693e+00 -6.777522e+01 6.601441e+02
      vertex   2.984808e+00 -6.784638e+01 6.602967e+02
      vertex   2.984808e+00 -7.086740e+01 6.588880e+02
    endloop
  endfacet
  facet normal 9.659258e-01 1.093817e-01 -2.345697e-01
    outer loop
      vertex   2.939693e+00 -6.777522e+01 6.601441e+02
      vertex   2.984808e+00 -7.086740e+01 6.588880e+02
      vertex   2.939693e+00 -7.079625e+01 6.587354e+02
    endloop
  endfacet
  facet normal 9.063078e-01 1.786062e-01 -3.830222e-01
    outer loop
      vertex   2.866025e+00 -6.770845e+01 6.600009e+02
      vertex   2.939693e+00 -6.777522e+01 6.601441e+02
      vertex   2.939693e+00 -7.079625e+01 6.587354e+02
    endloop
  endfacet
  facet normal 9.063078e-01 1.786062e-01 -3.830222e-01
    outer loop
      vertex   2.866025e+00 -6.770845e+01 6.600009e+02
      vertex   2.939693e+00 -7.079625e+01 6.587354e+02
      vertex   2.866025e+00 -7.072948e+01 6.585922e+02
    endloop
  endfacet
  facet normal 8.191520e-01 2.424039e-01 -5.198368e-01
    outer loop
      vertex   2.766044e+00 -6.764811e+01 6.598715e+02
      vertex   2.866025e+00 -6.770845e+01 6.600009e+02
      vertex   2.866025e+00 -7.072948e+01 6.585922e+02
    endloop
  endfacet
  facet normal 8.191520e-01 2.424039e-01 -5.198368e-01
    outer loop
      vertex   2.766044e+00 -6.764811e+01 6.598715e+02
      vertex   2.866025e+00 -7.072948e+01 6.585922e+02
      vertex   2.766044e+00 -7.066914e+01 6.584628e+02
    endloop
  endfacet
  facet normal 7.071068e-01 2.988362e-01 -6.408564e-01
    outer loop
      vertex   2.642788e+00 -6.759602e+01 6.597598e+02
      vertex   2.766044e+00 -6.764811e+01 6.598715e+02
      vertex   2.766044e+00 -7.066914e+01 6.584628e+02
    endloop
  endfacet
  facet normal 7.071068e-01 2.988362e-01 -6.408564e-01
    outer loop
      vertex   2.642788e+00 -6.759602e+01 6.597598e+02
      vertex   2.766044e+00 -7.066914e+01 6.584628e+02
      vertex   2.642788e+00 -7.061705e+01 6.583511e+02
    endloop
  endfacet
  facet normal 5.735764e-01 3.461886e-01 -7.424039e-01
    outer loop
      vertex   2.500000e+00 -6.755377e+01 6.596692e+02
      vertex   2.642788e+00 -6.759602e+01 6.597598e+02
      vertex   2.642788e+00 -7.061705e+01 6.583511e+02
    endloop
  endfacet
  facet normal 5.735764e-01 3.461886e-01 -7.424039e-01
    outer loop
      vertex   2.500000e+00 -6.755377e+01 6.596692e+02
      vertex   2.642788e+00 -7.061705e+01 6.583511e+02
      vertex   2.500000e+00 -7.057479e+01 6.582605e+02
    endloop
  endfacet
  facet normal 4.226183e-01 3.830222e-01 -8.213938e-01
    outer loop
      vertex   2.342020e+00 -6.752263e+01 6.596024e+02
      vertex   2.500000e+00 -6.755377e+01 6.596692e+02
      vertex   2.500000e+00 -7.057479e+01 6.582605e+02
    endloop
  endfacet
  facet normal 4.226183e-01 3.830222e-01 -8.213938e-01
    outer loop
      vertex   2.342020e+00 -6.752263e+01 6.596024e+02
      vertex   2.500000e+00 -7.057479e+01 6.582605e+02
      vertex   2.342020e+00 -7.054366e+01 6.581937e+02
    endloop
  endfacet
  facet normal 2.588190e-01 4.082179e-01 -8.754261e-01
    outer loop
      vertex   2.173648e+00 -6.750357e+01 6.595615e+02
      vertex   2.342020e+00 -6.752263e+01 6.596024e+02
      vertex   2.342020e+00 -7.054366e+01 6.581937e+02
    endloop
  endfacet
  facet normal 2.588190e-01 4.082179e-01 -8.754261e-01
    outer loop
      vertex   2.173648e+00 -6.750357e+01 6.595615e+02
      vertex   2.342020e+00 -7.054366e+01 6.581937e+02
      vertex   2.173648e+00 -7.052459e+01 6.581528e+02
    endloop
  endfacet
  facet normal -1.324463e-14 -9.320079e-01 -3.624380e-01
    outer loop
      vertex   -1.500000e+01 -7.214456e+01 6.537395e+02
      vertex   -1.300000e+01 -7.214456e+01 6.537395e+02
      vertex   -1.500000e+01 -7.223938e+01 6.539833e+02
    endloop
  endfacet
  facet normal 0.000000e+00 -9.320079e-01 -3.624380e-01
    outer loop
      vertex   -1.500000e+01 -7.223938e+01 6.539833e+02
      vertex   -1.300000e+01 -7.214456e+01 6.537395e+02
      vertex   -1.300000e+01 -7.223938e+01 6.539833e+02
    endloop
  endfacet
  facet normal 0.000000e+00 -9.713421e-01 -2.376859e-01
    outer loop
      vertex   -1.500000e+01 -7.223938e+01 6.539833e+02
      vertex   -1.300000e+01 -7.223938e+01 6.539833e+02
      vertex   -1.500000e+01 -7.230156e+01 6.542374e+02
    endloop
  endfacet
  facet normal 0.000000e+00 -9.713421e-01 -2.376859e-01
    outer loop
      vertex   -1.500000e+01 -7.230156e+01 6.542374e+02
      vertex   -1.300000e+01 -7.223938e+01 6.539833e+02
      vertex   -1.300000e+01 -7.230156e+01 6.542374e+02
    endloop
  endfacet
  facet normal 0.000000e+00 -9.940563e-01 -1.088669e-01
    outer loop
      vertex   -1.500000e+01 -7.230156e+01 6.542374e+02
      vertex   -1.300000e+01 -7.230156e+01 6.542374e+02
      vertex   -1.500000e+01 -7.233004e+01 6.544975e+02
    endloop
  endfacet
  facet normal -7.063195e-15 -9.940563e-01 -1.088669e-01
    outer loop
      vertex   -1.500000e+01 -7.233004e+01 6.544975e+02
      vertex   -1.300000e+01 -7.230156e+01 6.542374e+02
      vertex   -1.300000e+01 -7.233004e+01 6.544975e+02
    endloop
  endfacet
  facet normal -7.103736e-15 -9.997620e-01 2.181489e-02
    outer loop
      vertex   -1.500000e+01 -7.233004e+01 6.544975e+02
      vertex   -1.300000e+01 -7.233004e+01 6.544975e+02
      vertex   -1.500000e+01 -7.232433e+01 6.547590e+02
    endloop
  endfacet
  facet normal 0.000000e+00 -9.997620e-01 2.181489e-02
    outer loop
      vertex   -1.500000e+01 -7.232433e+01 6.547590e+02
      vertex   -1.300000e+01 -7.233004e+01 6.544975e+02
      vertex   -1.300000e+01 -7.232433e+01 6.547590e+02
    endloop
  endfacet
  facet normal 0.000000e+00 -9.883615e-01 1.521234e-01
    outer loop
      vertex   -1.500000e+01 -7.232433e+01 6.547590e+02
      vertex   -1.300000e+01 -7.232433e+01 6.547590e+02
      vertex   -1.500000e+01 -7.228453e+01 6.550176e+02
    endloop
  endfacet
  facet normal -7.022731e-15 -9.883615e-01 1.521234e-01
    outer loop
      vertex   -1.500000e+01 -7.228453e+01 6.550176e+02
      vertex   -1.300000e+01 -7.232433e+01 6.547590e+02
      vertex   -1.300000e+01 -7.228453e+01 6.550176e+02
    endloop
  endfacet
  facet normal -6.821565e-15 -9.600499e-01 2.798290e-01
    outer loop
      vertex   -1.500000e+01 -7.228453e+01 6.550176e+02
      vertex   -1.300000e+01 -7.228453e+01 6.550176e+02
      vertex   -1.500000e+01 -7.221133e+01 6.552688e+02
    endloop
  endfacet
  facet normal 6.821565e-15 -9.600499e-01 2.798290e-01
    outer loop
      vertex   -1.500000e+01 -7.221133e+01 6.552688e+02
      vertex   -1.300000e+01 -7.228453e+01 6.550176e+02
      vertex   -1.300000e+01 -7.221133e+01 6.552688e+02
    endloop
  endfacet
  facet normal 6.503679e-15 -9.153115e-01 4.027467e-01
    outer loop
      vertex   -1.500000e+01 -7.221133e+01 6.552688e+02
      vertex   -1.300000e+01 -7.221133e+01 6.552688e+02
      vertex   -1.500000e+01 -7.210596e+01 6.555082e+02
    endloop
  endfacet
  facet normal 0.000000e+00 -9.153115e-01 4.027467e-01
    outer loop
      vertex   -1.500000e+01 -7.210596e+01 6.555082e+02
      vertex   -1.300000e+01 -7.221133e+01 6.552688e+02
      vertex   -1.300000e+01 -7.210596e+01 6.555082e+02
    endloop
  endfacet
  facet normal 0.000000e+00 -8.549119e-01 5.187733e-01
    outer loop
      vertex   -1.500000e+01 -7.210596e+01 6.555082e+02
      vertex   -1.300000e+01 -7.210596e+01 6.555082e+02
      vertex   -1.500000e+01 -7.197025e+01 6.557319e+02
    endloop
  endfacet
  facet normal 6.074514e-15 -8.549119e-01 5.187733e-01
    outer loop
      vertex   -1.500000e+01 -7.197025e+01 6.557319e+02
      vertex   -1.300000e+01 -7.210596e+01 6.555082e+02
      vertex   -1.300000e+01 -7.197025e+01 6.557319e+02
    endloop
  endfacet
  facet normal 5.541413e-15 -7.798845e-01 6.259235e-01
    outer loop
      vertex   -1.500000e+01 -7.197025e+01 6.557319e+02
      vertex   -1.300000e+01 -7.197025e+01 6.557319e+02
      vertex   -1.500000e+01 -7.180650e+01 6.559359e+02
    endloop
  endfacet
  facet normal 5.541413e-15 -7.798845e-01 6.259235e-01
    outer loop
      vertex   -1.500000e+01 -7.180650e+01 6.559359e+02
      vertex   -1.300000e+01 -7.197025e+01 6.557319e+02
      vertex   -1.300000e+01 -7.180650e+01 6.559359e+02
    endloop
  endfacet
  facet normal 4.913496e-15 -6.915131e-01 7.223640e-01
    outer loop
      vertex   -1.500000e+01 -7.180650e+01 6.559359e+02
      vertex   -1.300000e+01 -7.180650e+01 6.559359e+02
      vertex   -1.500000e+01 -7.161752e+01 6.561168e+02
    endloop
  endfacet
  facet normal 0.000000e+00 -6.915131e-01 7.223640e-01
    outer loop
      vertex   -1.500000e+01 -7.161752e+01 6.561168e+02
      vertex   -1.300000e+01 -7.180650e+01 6.559359e+02
      vertex   -1.300000e+01 -7.161752e+01 6.561168e+02
    endloop
  endfacet
  facet normal 0.000000e+00 -5.913096e-01 8.064446e-01
    outer loop
      vertex   -1.500000e+01 -7.161752e+01 6.561168e+02
      vertex   -1.300000e+01 -7.161752e+01 6.561168e+02
      vertex   -1.500000e+01 -7.140654e+01 6.562715e+02
    endloop
  endfacet
  facet normal 0.000000e+00 -5.913096e-01 8.064446e-01
    outer loop
      vertex   -1.500000e+01 -7.140654e+01 6.562715e+02
      vertex   -1.300000e+01 -7.161752e+01 6.561168e+02
      vertex   -1.300000e+01 -7.140654e+01 6.562715e+02
    endloop
  endfacet
  facet normal 0.000000e+00 -4.809888e-01 8.767268e-01
    outer loop
      vertex   -1.500000e+01 -7.140654e+01 6.562715e+02
      vertex   -1.300000e+01 -7.140654e+01 6.562715e+02
      vertex   -1.500000e+01 -7.117718e+01 6.563973e+02
    endloop
  endfacet
  facet normal 1.171170e-11 -4.809888e-01 8.767268e-01
    outer loop
      vertex   -1.500000e+01 -7.117718e+01 6.563973e+02
      vertex   -1.300000e+01 -7.140654e+01 6.562715e+02
      vertex   -1.300000e+01 -7.117718e+01 6.563973e+02
    endloop
  endfacet
  facet normal 2.898319e-12 -4.226183e-01 9.063078e-01
    outer loop
      vertex   -1.300000e+01 -6.573933e+01 6.589330e+02
      vertex   -1.500000e+01 -6.573933e+01 6.589330e+02
      vertex   -1.300000e+01 -7.117718e+01 6.563973e+02
    endloop
  endfacet
  facet normal 1.173582e-11 -4.226183e-01 9.063078e-01
    outer loop
      vertex   -1.300000e+01 -7.117718e+01 6.563973e+02
      vertex   -1.500000e+01 -6.573933e+01 6.589330e+02
      vertex   -1.500000e+01 -7.117718e+01 6.563973e+02
    endloop
  endfacet
  facet normal -6.229518e-15 8.767268e-01 4.809888e-01
    outer loop
      vertex   -1.300000e+01 -6.308148e+01 6.579657e+02
      vertex   -1.500000e+01 -6.308148e+01 6.579657e+02
      vertex   -1.300000e+01 -6.320731e+01 6.581950e+02
    endloop
  endfacet
  facet normal 0.000000e+00 8.767268e-01 4.809888e-01
    outer loop
      vertex   -1.300000e+01 -6.320731e+01 6.581950e+02
      vertex   -1.500000e+01 -6.308148e+01 6.579657e+02
      vertex   -1.500000e+01 -6.320731e+01 6.581950e+02
    endloop
  endfacet
  facet normal 0.000000e+00 8.064446e-01 5.913096e-01
    outer loop
      vertex   -1.300000e+01 -6.320731e+01 6.581950e+02
      vertex   -1.500000e+01 -6.320731e+01 6.581950e+02
      vertex   -1.300000e+01 -6.336201e+01 6.584060e+02
    endloop
  endfacet
  facet normal -2.865067e-15 8.064446e-01 5.913096e-01
    outer loop
      vertex   -1.300000e+01 -6.336201e+01 6.584060e+02
      vertex   -1.500000e+01 -6.320731e+01 6.581950e+02
      vertex   -1.500000e+01 -6.336201e+01 6.584060e+02
    endloop
  endfacet
  facet normal -2.566352e-15 7.223640e-01 6.915131e-01
    outer loop
      vertex   -1.300000e+01 -6.336201e+01 6.584060e+02
      vertex   -1.500000e+01 -6.336201e+01 6.584060e+02
      vertex   -1.300000e+01 -6.354291e+01 6.585950e+02
    endloop
  endfacet
  facet normal 3.674161e-14 7.223640e-01 6.915131e-01
    outer loop
      vertex   -1.300000e+01 -6.354291e+01 6.585950e+02
      vertex   -1.500000e+01 -6.336201e+01 6.584060e+02
      vertex   -1.500000e+01 -6.354291e+01 6.585950e+02
    endloop
  endfacet
  facet normal 4.210757e-14 6.259235e-01 7.798845e-01
    outer loop
      vertex   -1.300000e+01 -6.354291e+01 6.585950e+02
      vertex   -1.500000e+01 -6.354291e+01 6.585950e+02
      vertex   -1.300000e+01 -6.374694e+01 6.587587e+02
    endloop
  endfacet
  facet normal -4.447454e-15 6.259235e-01 7.798845e-01
    outer loop
      vertex   -1.300000e+01 -6.374694e+01 6.587587e+02
      vertex   -1.500000e+01 -6.354291e+01 6.585950e+02
      vertex   -1.500000e+01 -6.374694e+01 6.587587e+02
    endloop
  endfacet
  facet normal -3.686106e-15 5.187733e-01 8.549119e-01
    outer loop
      vertex   -1.300000e+01 -6.374694e+01 6.587587e+02
      vertex   -1.500000e+01 -6.374694e+01 6.587587e+02
      vertex   -1.300000e+01 -6.397060e+01 6.588945e+02
    endloop
  endfacet
  facet normal -3.686106e-15 5.187733e-01 8.549119e-01
    outer loop
      vertex   -1.300000e+01 -6.397060e+01 6.588945e+02
      vertex   -1.500000e+01 -6.374694e+01 6.587587e+02
      vertex   -1.500000e+01 -6.397060e+01 6.588945e+02
    endloop
  endfacet
  facet normal -2.861687e-15 4.027467e-01 9.153115e-01
    outer loop
      vertex   -1.300000e+01 -6.397060e+01 6.588945e+02
      vertex   -1.500000e+01 -6.397060e+01 6.588945e+02
      vertex   -1.300000e+01 -6.421005e+01 6.589998e+02
    endloop
  endfacet
  facet normal -2.861687e-15 4.027467e-01 9.153115e-01
    outer loop
      vertex   -1.300000e+01 -6.421005e+01 6.589998e+02
      vertex   -1.500000e+01 -6.397060e+01 6.588945e+02
      vertex   -1.500000e+01 -6.421005e+01 6.589998e+02
    endloop
  endfacet
  facet normal -1.988305e-15 2.798290e-01 9.600499e-01
    outer loop
      vertex   -1.300000e+01 -6.421005e+01 6.589998e+02
      vertex   -1.500000e+01 -6.421005e+01 6.589998e+02
      vertex   -1.300000e+01 -6.446122e+01 6.590730e+02
    endloop
  endfacet
  facet normal -5.964914e-15 2.798290e-01 9.600499e-01
    outer loop
      vertex   -1.300000e+01 -6.446122e+01 6.590730e+02
      vertex   -1.500000e+01 -6.421005e+01 6.589998e+02
      vertex   -1.500000e+01 -6.446122e+01 6.590730e+02
    endloop
  endfacet
  facet normal -3.242705e-15 1.521234e-01 9.883615e-01
    outer loop
      vertex   -1.300000e+01 -6.446122e+01 6.590730e+02
      vertex   -1.500000e+01 -6.446122e+01 6.590730e+02
      vertex   -1.300000e+01 -6.471978e+01 6.591128e+02
    endloop
  endfacet
  facet normal -2.161803e-15 1.521234e-01 9.883615e-01
    outer loop
      vertex   -1.300000e+01 -6.471978e+01 6.591128e+02
      vertex   -1.500000e+01 -6.446122e+01 6.590730e+02
      vertex   -1.500000e+01 -6.471978e+01 6.591128e+02
    endloop
  endfacet
  facet normal -3.100082e-16 2.181489e-02 9.997620e-01
    outer loop
      vertex   -1.300000e+01 -6.471978e+01 6.591128e+02
      vertex   -1.500000e+01 -6.471978e+01 6.591128e+02
      vertex   -1.300000e+01 -6.498133e+01 6.591185e+02
    endloop
  endfacet
  facet normal -4.650122e-16 2.181489e-02 9.997620e-01
    outer loop
      vertex   -1.300000e+01 -6.498133e+01 6.591185e+02
      vertex   -1.500000e+01 -6.471978e+01 6.591128e+02
      vertex   -1.500000e+01 -6.498133e+01 6.591185e+02
    endloop
  endfacet
  facet normal 2.320637e-15 -1.088669e-01 9.940563e-01
    outer loop
      vertex   -1.300000e+01 -6.498133e+01 6.591185e+02
      vertex   -1.500000e+01 -6.498133e+01 6.591185e+02
      vertex   -1.300000e+01 -6.524139e+01 6.590900e+02
    endloop
  endfacet
  facet normal 5.882620e-14 -1.088669e-01 9.940563e-01
    outer loop
      vertex   -1.300000e+01 -6.524139e+01 6.590900e+02
      vertex   -1.500000e+01 -6.498133e+01 6.591185e+02
      vertex   -1.500000e+01 -6.524139e+01 6.590900e+02
    endloop
  endfacet
  facet normal 6.028098e-14 -2.376859e-01 9.713421e-01
    outer loop
      vertex   -1.300000e+01 -6.524139e+01 6.590900e+02
      vertex   -1.500000e+01 -6.524139e+01 6.590900e+02
      vertex   -1.300000e+01 -6.549551e+01 6.590279e+02
    endloop
  endfacet
  facet normal 5.066580e-15 -2.376859e-01 9.713421e-01
    outer loop
      vertex   -1.300000e+01 -6.549551e+01 6.590279e+02
      vertex   -1.500000e+01 -6.524139e+01 6.590900e+02
      vertex   -1.500000e+01 -6.549551e+01 6.590279e+02
    endloop
  endfacet
  facet normal 7.725831e-15 -3.624380e-01 9.320079e-01
    outer loop
      vertex   -1.300000e+01 -6.549551e+01 6.590279e+02
      vertex   -1.500000e+01 -6.549551e+01 6.590279e+02
      vertex   -1.300000e+01 -6.573933e+01 6.589330e+02
    endloop
  endfacet
  facet normal 2.890260e-12 -3.624380e-01 9.320079e-01
    outer loop
      vertex   -1.300000e+01 -6.573933e+01 6.589330e+02
      vertex   -1.500000e+01 -6.549551e+01 6.590279e+02
      vertex   -1.500000e+01 -6.573933e+01 6.589330e+02
    endloop
  endfacet
  facet normal -0.000000e+00 -9.063078e-01 -4.226183e-01
    outer loop
      vertex   -2.000000e+00 -2.429346e+01 6.694326e+02
      vertex   -2.000000e+00 -2.864643e+01 6.787675e+02
      vertex   -5.000000e+00 -2.429346e+01 6.694326e+02
    endloop
  endfacet
  facet normal 1.694519e-14 -9.063078e-01 -4.226183e-01
    outer loop
      vertex   -5.000000e+00 -2.429346e+01 6.694326e+02
      vertex   -2.000000e+00 -2.864643e+01 6.787675e+02
      vertex   -5.000000e+00 -2.949166e+01 6.805801e+02
    endloop
  endfacet
  facet normal 6.419310e-14 -9.063078e-01 -4.226183e-01
    outer loop
      vertex   -5.000000e+00 -2.949166e+01 6.805801e+02
      vertex   -2.000000e+00 -2.864643e+01 6.787675e+02
      vertex   -4.000000e+00 -2.991428e+01 6.814864e+02
    endloop
  endfacet
  facet normal -2.466291e-13 -9.063078e-01 -4.226183e-01
    outer loop
      vertex   -5.000000e+00 -2.949166e+01 6.805801e+02
      vertex   -4.000000e+00 -2.991428e+01 6.814864e+02
      vertex   -4.173648e+00 -2.990786e+01 6.814727e+02
    endloop
  endfacet
  facet normal 0.000000e+00 -9.063078e-01 -4.226183e-01
    outer loop
      vertex   -4.000000e+00 -2.991428e+01 6.814864e+02
      vertex   -2.000000e+00 -2.864643e+01 6.787675e+02
      vertex   2.000000e+00 -2.991428e+01 6.814864e+02
    endloop
  endfacet
  facet normal 0.000000e+00 -9.063078e-01 -4.226183e-01
    outer loop
      vertex   2.000000e+00 -2.991428e+01 6.814864e+02
      vertex   -2.000000e+00 -2.864643e+01 6.787675e+02
      vertex   1.110223e-15 -2.864643e+01 6.787675e+02
    endloop
  endfacet
  facet normal 4.950310e-13 -9.063078e-01 -4.226183e-01
    outer loop
      vertex   2.000000e+00 -2.991428e+01 6.814864e+02
      vertex   1.110223e-15 -2.864643e+01 6.787675e+02
      vertex   1.453441e-01 -2.855450e+01 6.785704e+02
    endloop
  endfacet
  facet normal -9.369604e-14 -9.063078e-01 -4.226183e-01
    outer loop
      vertex   1.453441e-01 -2.855450e+01 6.785704e+02
      vertex   3.178372e-01 -2.847137e+01 6.783921e+02
      vertex   2.000000e+00 -2.991428e+01 6.814864e+02
    endloop
  endfacet
  facet normal -1.135960e-13 -9.063078e-01 -4.226183e-01
    outer loop
      vertex   2.000000e+00 -2.991428e+01 6.814864e+02
      vertex   3.178372e-01 -2.847137e+01 6.783921e+02
      vertex   5.145279e-01 -2.839847e+01 6.782358e+02
    endloop
  endfacet
  facet normal -5.082462e-14 -9.063078e-01 -4.226183e-01
    outer loop
      vertex   2.000000e+00 -2.991428e+01 6.814864e+02
      vertex   5.145279e-01 -2.839847e+01 6.782358e+02
      vertex   7.320508e-01 -2.833705e+01 6.781041e+02
    endloop
  endfacet
  facet normal -7.547182e-15 -9.063078e-01 -4.226183e-01
    outer loop
      vertex   7.320508e-01 -2.833705e+01 6.781041e+02
      vertex   9.666839e-01 -2.828815e+01 6.779992e+02
      vertex   2.000000e+00 -2.991428e+01 6.814864e+02
    endloop
  endfacet
  facet normal 2.484965e-13 -9.063078e-01 -4.226183e-01
    outer loop
      vertex   2.000000e+00 -2.991428e+01 6.814864e+02
      vertex   9.666839e-01 -2.828815e+01 6.779992e+02
      vertex   1.214413e+00 -2.825261e+01 6.779230e+02
    endloop
  endfacet
  facet normal -8.382622e-14 -9.063078e-01 -4.226183e-01
    outer loop
      vertex   2.000000e+00 -2.991428e+01 6.814864e+02
      vertex   1.214413e+00 -2.825261e+01 6.779230e+02
      vertex   1.470998e+00 -2.823104e+01 6.778767e+02
    endloop
  endfacet
  facet normal -1.480941e-13 -9.063078e-01 -4.226183e-01
    outer loop
      vertex   1.470998e+00 -2.823104e+01 6.778767e+02
      vertex   1.732051e+00 -2.822381e+01 6.778612e+02
      vertex   2.000000e+00 -2.991428e+01 6.814864e+02
    endloop
  endfacet
  facet normal 0.000000e+00 -9.063078e-01 -4.226183e-01
    outer loop
      vertex   2.000000e+00 -2.991428e+01 6.814864e+02
      vertex   1.732051e+00 -2.822381e+01 6.778612e+02
      vertex   2.000000e+00 -2.822381e+01 6.778612e+02
    endloop
  endfacet
  facet normal -6.794565e-14 -9.063078e-01 -4.226183e-01
    outer loop
      vertex   2.000000e+00 -2.991428e+01 6.814864e+02
      vertex   2.000000e+00 -2.822381e+01 6.778612e+02
      vertex   3.000000e+00 -2.949166e+01 6.805801e+02
    endloop
  endfacet
  facet normal 1.643130e-14 -9.063078e-01 -4.226183e-01
    outer loop
      vertex   3.000000e+00 -2.949166e+01 6.805801e+02
      vertex   2.000000e+00 -2.822381e+01 6.778612e+02
      vertex   3.000000e+00 -2.864643e+01 6.787675e+02
    endloop
  endfacet
  facet normal 9.238083e-13 -9.063078e-01 -4.226183e-01
    outer loop
      vertex   3.000000e+00 -2.864643e+01 6.787675e+02
      vertex   2.000000e+00 -2.822381e+01 6.778612e+02
      vertex   2.173648e+00 -2.823023e+01 6.778750e+02
    endloop
  endfacet
  facet normal -1.550458e-13 -9.063078e-01 -4.226183e-01
    outer loop
      vertex   3.000000e+00 -2.864643e+01 6.787675e+02
      vertex   2.173648e+00 -2.823023e+01 6.778750e+02
      vertex   2.342020e+00 -2.824930e+01 6.779159e+02
    endloop
  endfacet
  facet normal -1.506027e-14 -9.063078e-01 -4.226183e-01
    outer loop
      vertex   2.342020e+00 -2.824930e+01 6.779159e+02
      vertex   2.500000e+00 -2.828043e+01 6.779826e+02
      vertex   3.000000e+00 -2.864643e+01 6.787675e+02
    endloop
  endfacet
  facet normal -7.761456e-14 -9.063078e-01 -4.226183e-01
    outer loop
      vertex   3.000000e+00 -2.864643e+01 6.787675e+02
      vertex   2.500000e+00 -2.828043e+01 6.779826e+02
      vertex   2.642788e+00 -2.832268e+01 6.780733e+02
    endloop
  endfacet
  facet normal 1.784593e-13 -9.063078e-01 -4.226183e-01
    outer loop
      vertex   3.000000e+00 -2.864643e+01 6.787675e+02
      vertex   2.642788e+00 -2.832268e+01 6.780733e+02
      vertex   2.766044e+00 -2.837477e+01 6.781850e+02
    endloop
  endfacet
  facet normal 1.102648e-12 -9.063078e-01 -4.226183e-01
    outer loop
      vertex   2.766044e+00 -2.837477e+01 6.781850e+02
      vertex   2.866025e+00 -2.843512e+01 6.783144e+02
      vertex   3.000000e+00 -2.864643e+01 6.787675e+02
    endloop
  endfacet
  facet normal 5.101763e-13 -9.063078e-01 -4.226183e-01
    outer loop
      vertex   3.000000e+00 -2.864643e+01 6.787675e+02
      vertex   2.866025e+00 -2.843512e+01 6.783144e+02
      vertex   2.939693e+00 -2.850188e+01 6.784575e+02
    endloop
  endfacet
  facet normal 1.010018e-12 -9.063078e-01 -4.226183e-01
    outer loop
      vertex   3.000000e+00 -2.864643e+01 6.787675e+02
      vertex   2.939693e+00 -2.850188e+01 6.784575e+02
      vertex   2.984808e+00 -2.857304e+01 6.786101e+02
    endloop
  endfacet
  facet normal 6.366534e-12 -9.063078e-01 -4.226183e-01
    outer loop
      vertex   2.984808e+00 -2.956505e+01 6.807375e+02
      vertex   2.939693e+00 -2.963621e+01 6.808901e+02
      vertex   3.000000e+00 -2.949166e+01 6.805801e+02
    endloop
  endfacet
  facet normal 1.684645e-12 -9.063078e-01 -4.226183e-01
    outer loop
      vertex   3.000000e+00 -2.949166e+01 6.805801e+02
      vertex   2.939693e+00 -2.963621e+01 6.808901e+02
      vertex   2.866025e+00 -2.970297e+01 6.810333e+02
    endloop
  endfacet
  facet normal 8.867950e-13 -9.063078e-01 -4.226183e-01
    outer loop
      vertex   3.000000e+00 -2.949166e+01 6.805801e+02
      vertex   2.866025e+00 -2.970297e+01 6.810333e+02
      vertex   2.766044e+00 -2.976332e+01 6.811627e+02
    endloop
  endfacet
  facet normal 1.969800e-13 -9.063078e-01 -4.226183e-01
    outer loop
      vertex   2.766044e+00 -2.976332e+01 6.811627e+02
      vertex   2.642788e+00 -2.981541e+01 6.812744e+02
      vertex   3.000000e+00 -2.949166e+01 6.805801e+02
    endloop
  endfacet
  facet normal -1.198128e-13 -9.063078e-01 -4.226183e-01
    outer loop
      vertex   3.000000e+00 -2.949166e+01 6.805801e+02
      vertex   2.642788e+00 -2.981541e+01 6.812744e+02
      vertex   2.500000e+00 -2.985766e+01 6.813650e+02
    endloop
  endfacet
  facet normal 2.015439e-13 -9.063078e-01 -4.226183e-01
    outer loop
      vertex   3.000000e+00 -2.949166e+01 6.805801e+02
      vertex   2.500000e+00 -2.985766e+01 6.813650e+02
      vertex   2.342020e+00 -2.988879e+01 6.814318e+02
    endloop
  endfacet
  facet normal -1.454634e-13 -9.063078e-01 -4.226183e-01
    outer loop
      vertex   2.342020e+00 -2.988879e+01 6.814318e+02
      vertex   2.173648e+00 -2.990786e+01 6.814727e+02
      vertex   3.000000e+00 -2.949166e+01 6.805801e+02
    endloop
  endfacet
  facet normal 2.403233e-13 -9.063078e-01 -4.226183e-01
    outer loop
      vertex   3.000000e+00 -2.949166e+01 6.805801e+02
      vertex   2.173648e+00 -2.990786e+01 6.814727e+02
      vertex   2.000000e+00 -2.991428e+01 6.814864e+02
    endloop
  endfacet
  facet normal 1.228705e-13 -9.063078e-01 -4.226183e-01
    outer loop
      vertex   -4.173648e+00 -2.990786e+01 6.814727e+02
      vertex   -4.342020e+00 -2.988879e+01 6.814318e+02
      vertex   -5.000000e+00 -2.949166e+01 6.805801e+02
    endloop
  endfacet
  facet normal -2.787190e-13 -9.063078e-01 -4.226183e-01
    outer loop
      vertex   -5.000000e+00 -2.949166e+01 6.805801e+02
      vertex   -4.342020e+00 -2.988879e+01 6.814318e+02
      vertex   -4.500000e+00 -2.985766e+01 6.813650e+02
    endloop
  endfacet
  facet normal 6.555793e-14 -9.063078e-01 -4.226183e-01
    outer loop
      vertex   -5.000000e+00 -2.949166e+01 6.805801e+02
      vertex   -4.500000e+00 -2.985766e+01 6.813650e+02
      vertex   -4.642788e+00 -2.981541e+01 6.812744e+02
    endloop
  endfacet
  facet normal -5.013661e-13 -9.063078e-01 -4.226183e-01
    outer loop
      vertex   -4.642788e+00 -2.981541e+01 6.812744e+02
      vertex   -4.766044e+00 -2.976332e+01 6.811627e+02
      vertex   -5.000000e+00 -2.949166e+01 6.805801e+02
    endloop
  endfacet
  facet normal -1.095453e-12 -9.063078e-01 -4.226183e-01
    outer loop
      vertex   -5.000000e+00 -2.949166e+01 6.805801e+02
      vertex   -4.766044e+00 -2.976332e+01 6.811627e+02
      vertex   -4.866025e+00 -2.970297e+01 6.810333e+02
    endloop
  endfacet
  facet normal -2.673997e-12 -9.063078e-01 -4.226183e-01
    outer loop
      vertex   -5.000000e+00 -2.949166e+01 6.805801e+02
      vertex   -4.866025e+00 -2.970297e+01 6.810333e+02
      vertex   -4.939693e+00 -2.963621e+01 6.808901e+02
    endloop
  endfacet
  facet normal -8.623952e-12 -9.063078e-01 -4.226183e-01
    outer loop
      vertex   -4.939693e+00 -2.963621e+01 6.808901e+02
      vertex   -4.984808e+00 -2.956505e+01 6.807375e+02
      vertex   -5.000000e+00 -2.949166e+01 6.805801e+02
    endloop
  endfacet
  facet normal 9.961947e-01 3.683361e-02 -7.898993e-02
    outer loop
      vertex   2.984808e+00 -2.857304e+01 6.786101e+02
      vertex   2.984808e+00 -2.585412e+01 6.798780e+02
      vertex   3.000000e+00 -2.864643e+01 6.787675e+02
    endloop
  endfacet
  facet normal 9.961947e-01 3.683361e-02 -7.898993e-02
    outer loop
      vertex   3.000000e+00 -2.864643e+01 6.787675e+02
      vertex   2.984808e+00 -2.585412e+01 6.798780e+02
      vertex   2.984808e+00 -2.313519e+01 6.811459e+02
    endloop
  endfacet
  facet normal 9.961947e-01 3.683361e-02 -7.898993e-02
    outer loop
      vertex   3.000000e+00 -2.864643e+01 6.787675e+02
      vertex   2.984808e+00 -2.313519e+01 6.811459e+02
      vertex   3.000000e+00 -2.048966e+01 6.825711e+02
    endloop
  endfacet
  facet normal 9.961947e-01 3.683361e-02 -7.898993e-02
    outer loop
      vertex   3.000000e+00 -2.048966e+01 6.825711e+02
      vertex   2.984808e+00 -2.313519e+01 6.811459e+02
      vertex   2.984808e+00 -2.041627e+01 6.824137e+02
    endloop
  endfacet
  facet normal 9.659258e-01 1.093817e-01 -2.345697e-01
    outer loop
      vertex   2.984808e+00 -2.041627e+01 6.824137e+02
      vertex   2.984808e+00 -2.313519e+01 6.811459e+02
      vertex   2.939693e+00 -2.034511e+01 6.822611e+02
    endloop
  endfacet
  facet normal 9.659258e-01 1.093817e-01 -2.345697e-01
    outer loop
      vertex   2.939693e+00 -2.034511e+01 6.822611e+02
      vertex   2.984808e+00 -2.313519e+01 6.811459e+02
      vertex   2.939693e+00 -2.306404e+01 6.809933e+02
    endloop
  endfacet
  facet normal 9.063078e-01 1.786062e-01 -3.830222e-01
    outer loop
      vertex   2.939693e+00 -2.034511e+01 6.822611e+02
      vertex   2.939693e+00 -2.306404e+01 6.809933e+02
      vertex   2.866025e+00 -2.027835e+01 6.821179e+02
    endloop
  endfacet
  facet normal 9.063078e-01 1.786062e-01 -3.830222e-01
    outer loop
      vertex   2.866025e+00 -2.027835e+01 6.821179e+02
      vertex   2.939693e+00 -2.306404e+01 6.809933e+02
      vertex   2.866025e+00 -2.299727e+01 6.808501e+02
    endloop
  endfacet
  facet normal 8.191520e-01 2.424039e-01 -5.198368e-01
    outer loop
      vertex   2.866025e+00 -2.027835e+01 6.821179e+02
      vertex   2.866025e+00 -2.299727e+01 6.808501e+02
      vertex   2.766044e+00 -2.021800e+01 6.819885e+02
    endloop
  endfacet
  facet normal 8.191520e-01 2.424039e-01 -5.198368e-01
    outer loop
      vertex   2.766044e+00 -2.021800e+01 6.819885e+02
      vertex   2.866025e+00 -2.299727e+01 6.808501e+02
      vertex   2.766044e+00 -2.293693e+01 6.807207e+02
    endloop
  endfacet
  facet normal 7.071068e-01 2.988362e-01 -6.408564e-01
    outer loop
      vertex   2.766044e+00 -2.021800e+01 6.819885e+02
      vertex   2.766044e+00 -2.293693e+01 6.807207e+02
      vertex   2.642788e+00 -2.016591e+01 6.818768e+02
    endloop
  endfacet
  facet normal 7.071068e-01 2.988362e-01 -6.408564e-01
    outer loop
      vertex   2.642788e+00 -2.016591e+01 6.818768e+02
      vertex   2.766044e+00 -2.293693e+01 6.807207e+02
      vertex   2.642788e+00 -2.288484e+01 6.806090e+02
    endloop
  endfacet
  facet normal 5.735764e-01 3.461886e-01 -7.424039e-01
    outer loop
      vertex   2.642788e+00 -2.016591e+01 6.818768e+02
      vertex   2.642788e+00 -2.288484e+01 6.806090e+02
      vertex   2.500000e+00 -2.012366e+01 6.817862e+02
    endloop
  endfacet
  facet normal 5.735764e-01 3.461886e-01 -7.424039e-01
    outer loop
      vertex   2.500000e+00 -2.012366e+01 6.817862e+02
      vertex   2.642788e+00 -2.288484e+01 6.806090e+02
      vertex   2.500000e+00 -2.284258e+01 6.805183e+02
    endloop
  endfacet
  facet normal 4.226183e-01 3.830222e-01 -8.213938e-01
    outer loop
      vertex   2.500000e+00 -2.012366e+01 6.817862e+02
      vertex   2.500000e+00 -2.284258e+01 6.805183e+02
      vertex   2.342020e+00 -2.009253e+01 6.817194e+02
    endloop
  endfacet
  facet normal 4.226183e-01 3.830222e-01 -8.213938e-01
    outer loop
      vertex   2.342020e+00 -2.009253e+01 6.817194e+02
      vertex   2.500000e+00 -2.284258e+01 6.805183e+02
      vertex   2.342020e+00 -2.281145e+01 6.804516e+02
    endloop
  endfacet
  facet normal 2.588190e-01 4.082179e-01 -8.754261e-01
    outer loop
      vertex   2.342020e+00 -2.009253e+01 6.817194e+02
      vertex   2.342020e+00 -2.281145e+01 6.804516e+02
      vertex   2.173648e+00 -2.007346e+01 6.816785e+02
    endloop
  endfacet
  facet normal 2.588190e-01 4.082179e-01 -8.754261e-01
    outer loop
      vertex   2.173648e+00 -2.007346e+01 6.816785e+02
      vertex   2.342020e+00 -2.281145e+01 6.804516e+02
      vertex   2.173648e+00 -2.279238e+01 6.804107e+02
    endloop
  endfacet
  facet normal 8.715574e-02 4.210101e-01 -9.028590e-01
    outer loop
      vertex   2.173648e+00 -2.007346e+01 6.816785e+02
      vertex   2.173648e+00 -2.279238e+01 6.804107e+02
      vertex   2.000000e+00 -2.006704e+01 6.816648e+02
    endloop
  endfacet
  facet normal 8.715574e-02 4.210101e-01 -9.028590e-01
    outer loop
      vertex   2.000000e+00 -2.006704e+01 6.816648e+02
      vertex   2.173648e+00 -2.279238e+01 6.804107e+02
      vertex   2.173648e+00 -2.551131e+01 6.791428e+02
    endloop
  endfacet
  facet normal 8.715574e-02 4.210101e-01 -9.028590e-01
    outer loop
      vertex   2.000000e+00 -2.006704e+01 6.816648e+02
      vertex   2.173648e+00 -2.551131e+01 6.791428e+02
      vertex   2.000000e+00 -2.822381e+01 6.778612e+02
    endloop
  endfacet
  facet normal 8.715574e-02 4.210101e-01 -9.028590e-01
    outer loop
      vertex   2.000000e+00 -2.822381e+01 6.778612e+02
      vertex   2.173648e+00 -2.551131e+01 6.791428e+02
      vertex   2.173648e+00 -2.823023e+01 6.778750e+02
    endloop
  endfacet
  facet normal 2.588190e-01 4.082179e-01 -8.754261e-01
    outer loop
      vertex   2.173648e+00 -2.823023e+01 6.778750e+02
      vertex   2.173648e+00 -2.551131e+01 6.791428e+02
      vertex   2.342020e+00 -2.824930e+01 6.779159e+02
    endloop
  endfacet
  facet normal 2.588190e-01 4.082179e-01 -8.754261e-01
    outer loop
      vertex   2.342020e+00 -2.824930e+01 6.779159e+02
      vertex   2.173648e+00 -2.551131e+01 6.791428e+02
      vertex   2.342020e+00 -2.553037e+01 6.791837e+02
    endloop
  endfacet
  facet normal 4.226183e-01 3.830222e-01 -8.213938e-01
    outer loop
      vertex   2.342020e+00 -2.824930e+01 6.779159e+02
      vertex   2.342020e+00 -2.553037e+01 6.791837e+02
      vertex   2.500000e+00 -2.828043e+01 6.779826e+02
    endloop
  endfacet
  facet normal 4.226183e-01 3.830222e-01 -8.213938e-01
    outer loop
      vertex   2.500000e+00 -2.828043e+01 6.779826e+02
      vertex   2.342020e+00 -2.553037e+01 6.791837e+02
      vertex   2.500000e+00 -2.556150e+01 6.792505e+02
    endloop
  endfacet
  facet normal 5.735764e-01 3.461886e-01 -7.424039e-01
    outer loop
      vertex   2.500000e+00 -2.828043e+01 6.779826e+02
      vertex   2.500000e+00 -2.556150e+01 6.792505e+02
      vertex   2.642788e+00 -2.832268e+01 6.780733e+02
    endloop
  endfacet
  facet normal 5.735764e-01 3.461886e-01 -7.424039e-01
    outer loop
      vertex   2.642788e+00 -2.832268e+01 6.780733e+02
      vertex   2.500000e+00 -2.556150e+01 6.792505e+02
      vertex   2.642788e+00 -2.560376e+01 6.793411e+02
    endloop
  endfacet
  facet normal 7.071068e-01 2.988362e-01 -6.408564e-01
    outer loop
      vertex   2.642788e+00 -2.832268e+01 6.780733e+02
      vertex   2.642788e+00 -2.560376e+01 6.793411e+02
      vertex   2.766044e+00 -2.837477e+01 6.781850e+02
    endloop
  endfacet
  facet normal 7.071068e-01 2.988362e-01 -6.408564e-01
    outer loop
      vertex   2.766044e+00 -2.837477e+01 6.781850e+02
      vertex   2.642788e+00 -2.560376e+01 6.793411e+02
      vertex   2.766044e+00 -2.565585e+01 6.794528e+02
    endloop
  endfacet
  facet normal 8.191520e-01 2.424039e-01 -5.198368e-01
    outer loop
      vertex   2.766044e+00 -2.837477e+01 6.781850e+02
      vertex   2.766044e+00 -2.565585e+01 6.794528e+02
      vertex   2.866025e+00 -2.843512e+01 6.783144e+02
    endloop
  endfacet
  facet normal 8.191520e-01 2.424039e-01 -5.198368e-01
    outer loop
      vertex   2.866025e+00 -2.843512e+01 6.783144e+02
      vertex   2.766044e+00 -2.565585e+01 6.794528e+02
      vertex   2.866025e+00 -2.571619e+01 6.795822e+02
    endloop
  endfacet
  facet normal 9.063078e-01 1.786062e-01 -3.830222e-01
    outer loop
      vertex   2.866025e+00 -2.843512e+01 6.783144e+02
      vertex   2.866025e+00 -2.571619e+01 6.795822e+02
      vertex   2.939693e+00 -2.850188e+01 6.784575e+02
    endloop
  endfacet
  facet normal 9.063078e-01 1.786062e-01 -3.830222e-01
    outer loop
      vertex   2.939693e+00 -2.850188e+01 6.784575e+02
      vertex   2.866025e+00 -2.571619e+01 6.795822e+02
      vertex   2.939693e+00 -2.578296e+01 6.797254e+02
    endloop
  endfacet
  facet normal 9.659258e-01 1.093817e-01 -2.345697e-01
    outer loop
      vertex   2.939693e+00 -2.850188e+01 6.784575e+02
      vertex   2.939693e+00 -2.578296e+01 6.797254e+02
      vertex   2.984808e+00 -2.857304e+01 6.786101e+02
    endloop
  endfacet
  facet normal 9.659258e-01 1.093817e-01 -2.345697e-01
    outer loop
      vertex   2.984808e+00 -2.857304e+01 6.786101e+02
      vertex   2.939693e+00 -2.578296e+01 6.797254e+02
      vertex   2.984808e+00 -2.585412e+01 6.798780e+02
    endloop
  endfacet
  facet normal 9.659258e-01 1.093817e-01 -2.345697e-01
    outer loop
      vertex   2.939693e+00 -2.306404e+01 6.809933e+02
      vertex   2.984808e+00 -2.313519e+01 6.811459e+02
      vertex   2.984808e+00 -2.585412e+01 6.798780e+02
    endloop
  endfacet
  facet normal 9.659258e-01 1.093817e-01 -2.345697e-01
    outer loop
      vertex   2.939693e+00 -2.306404e+01 6.809933e+02
      vertex   2.984808e+00 -2.585412e+01 6.798780e+02
      vertex   2.939693e+00 -2.578296e+01 6.797254e+02
    endloop
  endfacet
  facet normal 9.063078e-01 1.786062e-01 -3.830222e-01
    outer loop
      vertex   2.866025e+00 -2.299727e+01 6.808501e+02
      vertex   2.939693e+00 -2.306404e+01 6.809933e+02
      vertex   2.939693e+00 -2.578296e+01 6.797254e+02
    endloop
  endfacet
  facet normal 9.063078e-01 1.786062e-01 -3.830222e-01
    outer loop
      vertex   2.866025e+00 -2.299727e+01 6.808501e+02
      vertex   2.939693e+00 -2.578296e+01 6.797254e+02
      vertex   2.866025e+00 -2.571619e+01 6.795822e+02
    endloop
  endfacet
  facet normal 8.191520e-01 2.424039e-01 -5.198368e-01
    outer loop
      vertex   2.766044e+00 -2.293693e+01 6.807207e+02
      vertex   2.866025e+00 -2.299727e+01 6.808501e+02
      vertex   2.866025e+00 -2.571619e+01 6.795822e+02
    endloop
  endfacet
  facet normal 8.191520e-01 2.424039e-01 -5.198368e-01
    outer loop
      vertex   2.766044e+00 -2.293693e+01 6.807207e+02
      vertex   2.866025e+00 -2.571619e+01 6.795822e+02
      vertex   2.766044e+00 -2.565585e+01 6.794528e+02
    endloop
  endfacet
  facet normal 7.071068e-01 2.988362e-01 -6.408564e-01
    outer loop
      vertex   2.642788e+00 -2.288484e+01 6.806090e+02
      vertex   2.766044e+00 -2.293693e+01 6.807207e+02
      vertex   2.766044e+00 -2.565585e+01 6.794528e+02
    endloop
  endfacet
  facet normal 7.071068e-01 2.988362e-01 -6.408564e-01
    outer loop
      vertex   2.642788e+00 -2.288484e+01 6.806090e+02
      vertex   2.766044e+00 -2.565585e+01 6.794528e+02
      vertex   2.642788e+00 -2.560376e+01 6.793411e+02
    endloop
  endfacet
  facet normal 5.735764e-01 3.461886e-01 -7.424039e-01
    outer loop
      vertex   2.500000e+00 -2.284258e+01 6.805183e+02
      vertex   2.642788e+00 -2.288484e+01 6.806090e+02
      vertex   2.642788e+00 -2.560376e+01 6.793411e+02
    endloop
  endfacet
  facet normal 5.735764e-01 3.461886e-01 -7.424039e-01
    outer loop
      vertex   2.500000e+00 -2.284258e+01 6.805183e+02
      vertex   2.642788e+00 -2.560376e+01 6.793411e+02
      vertex   2.500000e+00 -2.556150e+01 6.792505e+02
    endloop
  endfacet
  facet normal 4.226183e-01 3.830222e-01 -8.213938e-01
    outer loop
      vertex   2.342020e+00 -2.281145e+01 6.804516e+02
      vertex   2.500000e+00 -2.284258e+01 6.805183e+02
      vertex   2.500000e+00 -2.556150e+01 6.792505e+02
    endloop
  endfacet
  facet normal 4.226183e-01 3.830222e-01 -8.213938e-01
    outer loop
      vertex   2.342020e+00 -2.281145e+01 6.804516e+02
      vertex   2.500000e+00 -2.556150e+01 6.792505e+02
      vertex   2.342020e+00 -2.553037e+01 6.791837e+02
    endloop
  endfacet
  facet normal 2.588190e-01 4.082179e-01 -8.754261e-01
    outer loop
      vertex   2.173648e+00 -2.279238e+01 6.804107e+02
      vertex   2.342020e+00 -2.281145e+01 6.804516e+02
      vertex   2.342020e+00 -2.553037e+01 6.791837e+02
    endloop
  endfacet
  facet normal 2.588190e-01 4.082179e-01 -8.754261e-01
    outer loop
      vertex   2.173648e+00 -2.279238e+01 6.804107e+02
      vertex   2.342020e+00 -2.553037e+01 6.791837e+02
      vertex   2.173648e+00 -2.551131e+01 6.791428e+02
    endloop
  endfacet
  facet normal 0.000000e+00 4.226183e-01 -9.063078e-01
    outer loop
      vertex   2.000000e+00 -2.822381e+01 6.778612e+02
      vertex   1.732051e+00 -2.822381e+01 6.778612e+02
      vertex   2.000000e+00 -2.006704e+01 6.816648e+02
    endloop
  endfacet
  facet normal 0.000000e+00 4.226183e-01 -9.063078e-01
    outer loop
      vertex   2.000000e+00 -2.006704e+01 6.816648e+02
      vertex   1.732051e+00 -2.822381e+01 6.778612e+02
      vertex   1.732051e+00 -2.006704e+01 6.816648e+02
    endloop
  endfacet
  facet normal -8.715574e-02 -4.210101e-01 9.028590e-01
    outer loop
      vertex   -4.173648e+00 -2.175109e+01 6.852762e+02
      vertex   -4.173648e+00 -2.447001e+01 6.840084e+02
      vertex   -4.000000e+00 -2.175751e+01 6.852900e+02
    endloop
  endfacet
  facet normal -8.715574e-02 -4.210101e-01 9.028590e-01
    outer loop
      vertex   -4.000000e+00 -2.175751e+01 6.852900e+02
      vertex   -4.173648e+00 -2.447001e+01 6.840084e+02
      vertex   -4.173648e+00 -2.718894e+01 6.827405e+02
    endloop
  endfacet
  facet normal -8.715574e-02 -4.210101e-01 9.028590e-01
    outer loop
      vertex   -4.000000e+00 -2.175751e+01 6.852900e+02
      vertex   -4.173648e+00 -2.718894e+01 6.827405e+02
      vertex   -4.000000e+00 -2.991428e+01 6.814864e+02
    endloop
  endfacet
  facet normal -8.715574e-02 -4.210101e-01 9.028590e-01
    outer loop
      vertex   -4.000000e+00 -2.991428e+01 6.814864e+02
      vertex   -4.173648e+00 -2.718894e+01 6.827405e+02
      vertex   -4.173648e+00 -2.990786e+01 6.814727e+02
    endloop
  endfacet
  facet normal -2.588190e-01 -4.082179e-01 8.754261e-01
    outer loop
      vertex   -4.173648e+00 -2.990786e+01 6.814727e+02
      vertex   -4.173648e+00 -2.718894e+01 6.827405e+02
      vertex   -4.342020e+00 -2.988879e+01 6.814318e+02
    endloop
  endfacet
  facet normal -2.588190e-01 -4.082179e-01 8.754261e-01
    outer loop
      vertex   -4.342020e+00 -2.988879e+01 6.814318e+02
      vertex   -4.173648e+00 -2.718894e+01 6.827405e+02
      vertex   -4.342020e+00 -2.716987e+01 6.826996e+02
    endloop
  endfacet
  facet normal -4.226183e-01 -3.830222e-01 8.213938e-01
    outer loop
      vertex   -4.342020e+00 -2.988879e+01 6.814318e+02
      vertex   -4.342020e+00 -2.716987e+01 6.826996e+02
      vertex   -4.500000e+00 -2.985766e+01 6.813650e+02
    endloop
  endfacet
  facet normal -4.226183e-01 -3.830222e-01 8.213938e-01
    outer loop
      vertex   -4.500000e+00 -2.985766e+01 6.813650e+02
      vertex   -4.342020e+00 -2.716987e+01 6.826996e+02
      vertex   -4.500000e+00 -2.713874e+01 6.826329e+02
    endloop
  endfacet
  facet normal -5.735764e-01 -3.461886e-01 7.424039e-01
    outer loop
      vertex   -4.500000e+00 -2.985766e+01 6.813650e+02
      vertex   -4.500000e+00 -2.713874e+01 6.826329e+02
      vertex   -4.642788e+00 -2.981541e+01 6.812744e+02
    endloop
  endfacet
  facet normal -5.735764e-01 -3.461886e-01 7.424039e-01
    outer loop
      vertex   -4.642788e+00 -2.981541e+01 6.812744e+02
      vertex   -4.500000e+00 -2.713874e+01 6.826329e+02
      vertex   -4.642788e+00 -2.709648e+01 6.825423e+02
    endloop
  endfacet
  facet normal -7.071068e-01 -2.988362e-01 6.408564e-01
    outer loop
      vertex   -4.642788e+00 -2.981541e+01 6.812744e+02
      vertex   -4.642788e+00 -2.709648e+01 6.825423e+02
      vertex   -4.766044e+00 -2.976332e+01 6.811627e+02
    endloop
  endfacet
  facet normal -7.071068e-01 -2.988362e-01 6.408564e-01
    outer loop
      vertex   -4.766044e+00 -2.976332e+01 6.811627e+02
      vertex   -4.642788e+00 -2.709648e+01 6.825423e+02
      vertex   -4.766044e+00 -2.704439e+01 6.824306e+02
    endloop
  endfacet
  facet normal -8.191520e-01 -2.424039e-01 5.198368e-01
    outer loop
      vertex   -4.766044e+00 -2.976332e+01 6.811627e+02
      vertex   -4.766044e+00 -2.704439e+01 6.824306e+02
      vertex   -4.866025e+00 -2.970297e+01 6.810333e+02
    endloop
  endfacet
  facet normal -8.191520e-01 -2.424039e-01 5.198368e-01
    outer loop
      vertex   -4.866025e+00 -2.970297e+01 6.810333e+02
      vertex   -4.766044e+00 -2.704439e+01 6.824306e+02
      vertex   -4.866025e+00 -2.698405e+01 6.823011e+02
    endloop
  endfacet
  facet normal -9.063078e-01 -1.786062e-01 3.830222e-01
    outer loop
      vertex   -4.866025e+00 -2.970297e+01 6.810333e+02
      vertex   -4.866025e+00 -2.698405e+01 6.823011e+02
      vertex   -4.939693e+00 -2.963621e+01 6.808901e+02
    endloop
  endfacet
  facet normal -9.063078e-01 -1.786062e-01 3.830222e-01
    outer loop
      vertex   -4.939693e+00 -2.963621e+01 6.808901e+02
      vertex   -4.866025e+00 -2.698405e+01 6.823011e+02
      vertex   -4.939693e+00 -2.691728e+01 6.821580e+02
    endloop
  endfacet
  facet normal -9.659258e-01 -1.093817e-01 2.345697e-01
    outer loop
      vertex   -4.939693e+00 -2.963621e+01 6.808901e+02
      vertex   -4.939693e+00 -2.691728e+01 6.821580e+02
      vertex   -4.984808e+00 -2.956505e+01 6.807375e+02
    endloop
  endfacet
  facet normal -9.659258e-01 -1.093817e-01 2.345697e-01
    outer loop
      vertex   -4.984808e+00 -2.956505e+01 6.807375e+02
      vertex   -4.939693e+00 -2.691728e+01 6.821580e+02
      vertex   -4.984808e+00 -2.684613e+01 6.820054e+02
    endloop
  endfacet
  facet normal -9.961947e-01 -3.683361e-02 7.898993e-02
    outer loop
      vertex   -4.984808e+00 -2.956505e+01 6.807375e+02
      vertex   -4.984808e+00 -2.684613e+01 6.820054e+02
      vertex   -5.000000e+00 -2.949166e+01 6.805801e+02
    endloop
  endfacet
  facet normal -9.961947e-01 -3.683361e-02 7.898993e-02
    outer loop
      vertex   -5.000000e+00 -2.949166e+01 6.805801e+02
      vertex   -4.984808e+00 -2.684613e+01 6.820054e+02
      vertex   -4.984808e+00 -2.412720e+01 6.832732e+02
    endloop
  endfacet
  facet normal -9.961947e-01 -3.683361e-02 7.898993e-02
    outer loop
      vertex   -5.000000e+00 -2.949166e+01 6.805801e+02
      vertex   -4.984808e+00 -2.412720e+01 6.832732e+02
      vertex   -5.000000e+00 -2.133489e+01 6.843837e+02
    endloop
  endfacet
  facet normal -9.961947e-01 -3.683361e-02 7.898993e-02
    outer loop
      vertex   -5.000000e+00 -2.133489e+01 6.843837e+02
      vertex   -4.984808e+00 -2.412720e+01 6.832732e+02
      vertex   -4.984808e+00 -2.140828e+01 6.845411e+02
    endloop
  endfacet
  facet normal -9.659258e-01 -1.093817e-01 2.345697e-01
    outer loop
      vertex   -4.984808e+00 -2.140828e+01 6.845411e+02
      vertex   -4.984808e+00 -2.412720e+01 6.832732e+02
      vertex   -4.939693e+00 -2.147944e+01 6.846937e+02
    endloop
  endfacet
  facet normal -9.659258e-01 -1.093817e-01 2.345697e-01
    outer loop
      vertex   -4.939693e+00 -2.147944e+01 6.846937e+02
      vertex   -4.984808e+00 -2.412720e+01 6.832732e+02
      vertex   -4.939693e+00 -2.419836e+01 6.834258e+02
    endloop
  endfacet
  facet normal -9.063078e-01 -1.786062e-01 3.830222e-01
    outer loop
      vertex   -4.939693e+00 -2.147944e+01 6.846937e+02
      vertex   -4.939693e+00 -2.419836e+01 6.834258e+02
      vertex   -4.866025e+00 -2.154620e+01 6.848369e+02
    endloop
  endfacet
  facet normal -9.063078e-01 -1.786062e-01 3.830222e-01
    outer loop
      vertex   -4.866025e+00 -2.154620e+01 6.848369e+02
      vertex   -4.939693e+00 -2.419836e+01 6.834258e+02
      vertex   -4.866025e+00 -2.426513e+01 6.835690e+02
    endloop
  endfacet
  facet normal -8.191520e-01 -2.424039e-01 5.198368e-01
    outer loop
      vertex   -4.866025e+00 -2.154620e+01 6.848369e+02
      vertex   -4.866025e+00 -2.426513e+01 6.835690e+02
      vertex   -4.766044e+00 -2.160655e+01 6.849663e+02
    endloop
  endfacet
  facet normal -8.191520e-01 -2.424039e-01 5.198368e-01
    outer loop
      vertex   -4.766044e+00 -2.160655e+01 6.849663e+02
      vertex   -4.866025e+00 -2.426513e+01 6.835690e+02
      vertex   -4.766044e+00 -2.432547e+01 6.836984e+02
    endloop
  endfacet
  facet normal -7.071068e-01 -2.988362e-01 6.408564e-01
    outer loop
      vertex   -4.766044e+00 -2.160655e+01 6.849663e+02
      vertex   -4.766044e+00 -2.432547e+01 6.836984e+02
      vertex   -4.642788e+00 -2.165864e+01 6.850780e+02
    endloop
  endfacet
  facet normal -7.071068e-01 -2.988362e-01 6.408564e-01
    outer loop
      vertex   -4.642788e+00 -2.165864e+01 6.850780e+02
      vertex   -4.766044e+00 -2.432547e+01 6.836984e+02
      vertex   -4.642788e+00 -2.437756e+01 6.838101e+02
    endloop
  endfacet
  facet normal -5.735764e-01 -3.461886e-01 7.424039e-01
    outer loop
      vertex   -4.642788e+00 -2.165864e+01 6.850780e+02
      vertex   -4.642788e+00 -2.437756e+01 6.838101e+02
      vertex   -4.500000e+00 -2.170089e+01 6.851686e+02
    endloop
  endfacet
  facet normal -5.735764e-01 -3.461886e-01 7.424039e-01
    outer loop
      vertex   -4.500000e+00 -2.170089e+01 6.851686e+02
      vertex   -4.642788e+00 -2.437756e+01 6.838101e+02
      vertex   -4.500000e+00 -2.441981e+01 6.839007e+02
    endloop
  endfacet
  facet normal -4.226183e-01 -3.830222e-01 8.213938e-01
    outer loop
      vertex   -4.500000e+00 -2.170089e+01 6.851686e+02
      vertex   -4.500000e+00 -2.441981e+01 6.839007e+02
      vertex   -4.342020e+00 -2.173202e+01 6.852354e+02
    endloop
  endfacet
  facet normal -4.226183e-01 -3.830222e-01 8.213938e-01
    outer loop
      vertex   -4.342020e+00 -2.173202e+01 6.852354e+02
      vertex   -4.500000e+00 -2.441981e+01 6.839007e+02
      vertex   -4.342020e+00 -2.445095e+01 6.839675e+02
    endloop
  endfacet
  facet normal -2.588190e-01 -4.082179e-01 8.754261e-01
    outer loop
      vertex   -4.342020e+00 -2.173202e+01 6.852354e+02
      vertex   -4.342020e+00 -2.445095e+01 6.839675e+02
      vertex   -4.173648e+00 -2.175109e+01 6.852762e+02
    endloop
  endfacet
  facet normal -2.588190e-01 -4.082179e-01 8.754261e-01
    outer loop
      vertex   -4.173648e+00 -2.175109e+01 6.852762e+02
      vertex   -4.342020e+00 -2.445095e+01 6.839675e+02
      vertex   -4.173648e+00 -2.447001e+01 6.840084e+02
    endloop
  endfacet
  facet normal -2.588190e-01 -4.082179e-01 8.754261e-01
    outer loop
      vertex   -4.342020e+00 -2.716987e+01 6.826996e+02
      vertex   -4.173648e+00 -2.718894e+01 6.827405e+02
      vertex   -4.173648e+00 -2.447001e+01 6.840084e+02
    endloop
  endfacet
  facet normal -2.588190e-01 -4.082179e-01 8.754261e-01
    outer loop
      vertex   -4.342020e+00 -2.716987e+01 6.826996e+02
      vertex   -4.173648e+00 -2.447001e+01 6.840084e+02
      vertex   -4.342020e+00 -2.445095e+01 6.839675e+02
    endloop
  endfacet
  facet normal -4.226183e-01 -3.830222e-01 8.213938e-01
    outer loop
      vertex   -4.500000e+00 -2.713874e+01 6.826329e+02
      vertex   -4.342020e+00 -2.716987e+01 6.826996e+02
      vertex   -4.342020e+00 -2.445095e+01 6.839675e+02
    endloop
  endfacet
  facet normal -4.226183e-01 -3.830222e-01 8.213938e-01
    outer loop
      vertex   -4.500000e+00 -2.713874e+01 6.826329e+02
      vertex   -4.342020e+00 -2.445095e+01 6.839675e+02
      vertex   -4.500000e+00 -2.441981e+01 6.839007e+02
    endloop
  endfacet
  facet normal -5.735764e-01 -3.461886e-01 7.424039e-01
    outer loop
      vertex   -4.642788e+00 -2.709648e+01 6.825423e+02
      vertex   -4.500000e+00 -2.713874e+01 6.826329e+02
      vertex   -4.500000e+00 -2.441981e+01 6.839007e+02
    endloop
  endfacet
  facet normal -5.735764e-01 -3.461886e-01 7.424039e-01
    outer loop
      vertex   -4.642788e+00 -2.709648e+01 6.825423e+02
      vertex   -4.500000e+00 -2.441981e+01 6.839007e+02
      vertex   -4.642788e+00 -2.437756e+01 6.838101e+02
    endloop
  endfacet
  facet normal -7.071068e-01 -2.988362e-01 6.408564e-01
    outer loop
      vertex   -4.766044e+00 -2.704439e+01 6.824306e+02
      vertex   -4.642788e+00 -2.709648e+01 6.825423e+02
      vertex   -4.642788e+00 -2.437756e+01 6.838101e+02
    endloop
  endfacet
  facet normal -7.071068e-01 -2.988362e-01 6.408564e-01
    outer loop
      vertex   -4.766044e+00 -2.704439e+01 6.824306e+02
      vertex   -4.642788e+00 -2.437756e+01 6.838101e+02
      vertex   -4.766044e+00 -2.432547e+01 6.836984e+02
    endloop
  endfacet
  facet normal -8.191520e-01 -2.424039e-01 5.198368e-01
    outer loop
      vertex   -4.866025e+00 -2.698405e+01 6.823011e+02
      vertex   -4.766044e+00 -2.704439e+01 6.824306e+02
      vertex   -4.766044e+00 -2.432547e+01 6.836984e+02
    endloop
  endfacet
  facet normal -8.191520e-01 -2.424039e-01 5.198368e-01
    outer loop
      vertex   -4.866025e+00 -2.698405e+01 6.823011e+02
      vertex   -4.766044e+00 -2.432547e+01 6.836984e+02
      vertex   -4.866025e+00 -2.426513e+01 6.835690e+02
    endloop
  endfacet
  facet normal -9.063078e-01 -1.786062e-01 3.830222e-01
    outer loop
      vertex   -4.939693e+00 -2.691728e+01 6.821580e+02
      vertex   -4.866025e+00 -2.698405e+01 6.823011e+02
      vertex   -4.866025e+00 -2.426513e+01 6.835690e+02
    endloop
  endfacet
  facet normal -9.063078e-01 -1.786062e-01 3.830222e-01
    outer loop
      vertex   -4.939693e+00 -2.691728e+01 6.821580e+02
      vertex   -4.866025e+00 -2.426513e+01 6.835690e+02
      vertex   -4.939693e+00 -2.419836e+01 6.834258e+02
    endloop
  endfacet
  facet normal -9.659258e-01 -1.093817e-01 2.345697e-01
    outer loop
      vertex   -4.984808e+00 -2.684613e+01 6.820054e+02
      vertex   -4.939693e+00 -2.691728e+01 6.821580e+02
      vertex   -4.939693e+00 -2.419836e+01 6.834258e+02
    endloop
  endfacet
  facet normal -9.659258e-01 -1.093817e-01 2.345697e-01
    outer loop
      vertex   -4.984808e+00 -2.684613e+01 6.820054e+02
      vertex   -4.939693e+00 -2.419836e+01 6.834258e+02
      vertex   -4.984808e+00 -2.412720e+01 6.832732e+02
    endloop
  endfacet
  facet normal 0.000000e+00 -4.226183e-01 9.063078e-01
    outer loop
      vertex   -4.000000e+00 -2.175751e+01 6.852900e+02
      vertex   -4.000000e+00 -2.991428e+01 6.814864e+02
      vertex   2.000000e+00 -2.175751e+01 6.852900e+02
    endloop
  endfacet
  facet normal 0.000000e+00 -4.226183e-01 9.063078e-01
    outer loop
      vertex   2.000000e+00 -2.175751e+01 6.852900e+02
      vertex   -4.000000e+00 -2.991428e+01 6.814864e+02
      vertex   2.000000e+00 -2.991428e+01 6.814864e+02
    endloop
  endfacet
  facet normal 9.961947e-01 -3.683361e-02 7.898993e-02
    outer loop
      vertex   2.984808e+00 -2.140828e+01 6.845411e+02
      vertex   2.984808e+00 -2.412720e+01 6.832732e+02
      vertex   3.000000e+00 -2.133489e+01 6.843837e+02
    endloop
  endfacet
  facet normal 9.961947e-01 -3.683361e-02 7.898993e-02
    outer loop
      vertex   3.000000e+00 -2.133489e+01 6.843837e+02
      vertex   2.984808e+00 -2.412720e+01 6.832732e+02
      vertex   2.984808e+00 -2.684613e+01 6.820054e+02
    endloop
  endfacet
  facet normal 9.961947e-01 -3.683361e-02 7.898993e-02
    outer loop
      vertex   3.000000e+00 -2.133489e+01 6.843837e+02
      vertex   2.984808e+00 -2.684613e+01 6.820054e+02
      vertex   3.000000e+00 -2.949166e+01 6.805801e+02
    endloop
  endfacet
  facet normal 9.961947e-01 -3.683361e-02 7.898993e-02
    outer loop
      vertex   3.000000e+00 -2.949166e+01 6.805801e+02
      vertex   2.984808e+00 -2.684613e+01 6.820054e+02
      vertex   2.984808e+00 -2.956505e+01 6.807375e+02
    endloop
  endfacet
  facet normal 9.659258e-01 -1.093817e-01 2.345697e-01
    outer loop
      vertex   2.984808e+00 -2.956505e+01 6.807375e+02
      vertex   2.984808e+00 -2.684613e+01 6.820054e+02
      vertex   2.939693e+00 -2.963621e+01 6.808901e+02
    endloop
  endfacet
  facet normal 9.659258e-01 -1.093817e-01 2.345697e-01
    outer loop
      vertex   2.939693e+00 -2.963621e+01 6.808901e+02
      vertex   2.984808e+00 -2.684613e+01 6.820054e+02
      vertex   2.939693e+00 -2.691728e+01 6.821580e+02
    endloop
  endfacet
  facet normal 9.063078e-01 -1.786062e-01 3.830222e-01
    outer loop
      vertex   2.939693e+00 -2.963621e+01 6.808901e+02
      vertex   2.939693e+00 -2.691728e+01 6.821580e+02
      vertex   2.866025e+00 -2.970297e+01 6.810333e+02
    endloop
  endfacet
  facet normal 9.063078e-01 -1.786062e-01 3.830222e-01
    outer loop
      vertex   2.866025e+00 -2.970297e+01 6.810333e+02
      vertex   2.939693e+00 -2.691728e+01 6.821580e+02
      vertex   2.866025e+00 -2.698405e+01 6.823011e+02
    endloop
  endfacet
  facet normal 8.191520e-01 -2.424039e-01 5.198368e-01
    outer loop
      vertex   2.866025e+00 -2.970297e+01 6.810333e+02
      vertex   2.866025e+00 -2.698405e+01 6.823011e+02
      vertex   2.766044e+00 -2.976332e+01 6.811627e+02
    endloop
  endfacet
  facet normal 8.191520e-01 -2.424039e-01 5.198368e-01
    outer loop
      vertex   2.766044e+00 -2.976332e+01 6.811627e+02
      vertex   2.866025e+00 -2.698405e+01 6.823011e+02
      vertex   2.766044e+00 -2.704439e+01 6.824306e+02
    endloop
  endfacet
  facet normal 7.071068e-01 -2.988362e-01 6.408564e-01
    outer loop
      vertex   2.766044e+00 -2.976332e+01 6.811627e+02
      vertex   2.766044e+00 -2.704439e+01 6.824306e+02
      vertex   2.642788e+00 -2.981541e+01 6.812744e+02
    endloop
  endfacet
  facet normal 7.071068e-01 -2.988362e-01 6.408564e-01
    outer loop
      vertex   2.642788e+00 -2.981541e+01 6.812744e+02
      vertex   2.766044e+00 -2.704439e+01 6.824306e+02
      vertex   2.642788e+00 -2.709648e+01 6.825423e+02
    endloop
  endfacet
  facet normal 5.735764e-01 -3.461886e-01 7.424039e-01
    outer loop
      vertex   2.642788e+00 -2.981541e+01 6.812744e+02
      vertex   2.642788e+00 -2.709648e+01 6.825423e+02
      vertex   2.500000e+00 -2.985766e+01 6.813650e+02
    endloop
  endfacet
  facet normal 5.735764e-01 -3.461886e-01 7.424039e-01
    outer loop
      vertex   2.500000e+00 -2.985766e+01 6.813650e+02
      vertex   2.642788e+00 -2.709648e+01 6.825423e+02
      vertex   2.500000e+00 -2.713874e+01 6.826329e+02
    endloop
  endfacet
  facet normal 4.226183e-01 -3.830222e-01 8.213938e-01
    outer loop
      vertex   2.500000e+00 -2.985766e+01 6.813650e+02
      vertex   2.500000e+00 -2.713874e+01 6.826329e+02
      vertex   2.342020e+00 -2.988879e+01 6.814318e+02
    endloop
  endfacet
  facet normal 4.226183e-01 -3.830222e-01 8.213938e-01
    outer loop
      vertex   2.342020e+00 -2.988879e+01 6.814318e+02
      vertex   2.500000e+00 -2.713874e+01 6.826329e+02
      vertex   2.342020e+00 -2.716987e+01 6.826996e+02
    endloop
  endfacet
  facet normal 2.588190e-01 -4.082179e-01 8.754261e-01
    outer loop
      vertex   2.342020e+00 -2.988879e+01 6.814318e+02
      vertex   2.342020e+00 -2.716987e+01 6.826996e+02
      vertex   2.173648e+00 -2.990786e+01 6.814727e+02
    endloop
  endfacet
  facet normal 2.588190e-01 -4.082179e-01 8.754261e-01
    outer loop
      vertex   2.173648e+00 -2.990786e+01 6.814727e+02
      vertex   2.342020e+00 -2.716987e+01 6.826996e+02
      vertex   2.173648e+00 -2.718894e+01 6.827405e+02
    endloop
  endfacet
  facet normal 8.715574e-02 -4.210101e-01 9.028590e-01
    outer loop
      vertex   2.173648e+00 -2.990786e+01 6.814727e+02
      vertex   2.173648e+00 -2.718894e+01 6.827405e+02
      vertex   2.000000e+00 -2.991428e+01 6.814864e+02
    endloop
  endfacet
  facet normal 8.715574e-02 -4.210101e-01 9.028590e-01
    outer loop
      vertex   2.000000e+00 -2.991428e+01 6.814864e+02
      vertex   2.173648e+00 -2.718894e+01 6.827405e+02
      vertex   2.173648e+00 -2.447001e+01 6.840084e+02
    endloop
  endfacet
  facet normal 8.715574e-02 -4.210101e-01 9.028590e-01
    outer loop
      vertex   2.000000e+00 -2.991428e+01 6.814864e+02
      vertex   2.173648e+00 -2.447001e+01 6.840084e+02
      vertex   2.000000e+00 -2.175751e+01 6.852900e+02
    endloop
  endfacet
  facet normal 8.715574e-02 -4.210101e-01 9.028590e-01
    outer loop
      vertex   2.000000e+00 -2.175751e+01 6.852900e+02
      vertex   2.173648e+00 -2.447001e+01 6.840084e+02
      vertex   2.173648e+00 -2.175109e+01 6.852762e+02
    endloop
  endfacet
  facet normal 2.588190e-01 -4.082179e-01 8.754261e-01
    outer loop
      vertex   2.173648e+00 -2.175109e+01 6.852762e+02
      vertex   2.173648e+00 -2.447001e+01 6.840084e+02
      vertex   2.342020e+00 -2.173202e+01 6.852354e+02
    endloop
  endfacet
  facet normal 2.588190e-01 -4.082179e-01 8.754261e-01
    outer loop
      vertex   2.342020e+00 -2.173202e+01 6.852354e+02
      vertex   2.173648e+00 -2.447001e+01 6.840084e+02
      vertex   2.342020e+00 -2.445095e+01 6.839675e+02
    endloop
  endfacet
  facet normal 4.226183e-01 -3.830222e-01 8.213938e-01
    outer loop
      vertex   2.342020e+00 -2.173202e+01 6.852354e+02
      vertex   2.342020e+00 -2.445095e+01 6.839675e+02
      vertex   2.500000e+00 -2.170089e+01 6.851686e+02
    endloop
  endfacet
  facet normal 4.226183e-01 -3.830222e-01 8.213938e-01
    outer loop
      vertex   2.500000e+00 -2.170089e+01 6.851686e+02
      vertex   2.342020e+00 -2.445095e+01 6.839675e+02
      vertex   2.500000e+00 -2.441981e+01 6.839007e+02
    endloop
  endfacet
  facet normal 5.735764e-01 -3.461886e-01 7.424039e-01
    outer loop
      vertex   2.500000e+00 -2.170089e+01 6.851686e+02
      vertex   2.500000e+00 -2.441981e+01 6.839007e+02
      vertex   2.642788e+00 -2.165864e+01 6.850780e+02
    endloop
  endfacet
  facet normal 5.735764e-01 -3.461886e-01 7.424039e-01
    outer loop
      vertex   2.642788e+00 -2.165864e+01 6.850780e+02
      vertex   2.500000e+00 -2.441981e+01 6.839007e+02
      vertex   2.642788e+00 -2.437756e+01 6.838101e+02
    endloop
  endfacet
  facet normal 7.071068e-01 -2.988362e-01 6.408564e-01
    outer loop
      vertex   2.642788e+00 -2.165864e+01 6.850780e+02
      vertex   2.642788e+00 -2.437756e+01 6.838101e+02
      vertex   2.766044e+00 -2.160655e+01 6.849663e+02
    endloop
  endfacet
  facet normal 7.071068e-01 -2.988362e-01 6.408564e-01
    outer loop
      vertex   2.766044e+00 -2.160655e+01 6.849663e+02
      vertex   2.642788e+00 -2.437756e+01 6.838101e+02
      vertex   2.766044e+00 -2.432547e+01 6.836984e+02
    endloop
  endfacet
  facet normal 8.191520e-01 -2.424039e-01 5.198368e-01
    outer loop
      vertex   2.766044e+00 -2.160655e+01 6.849663e+02
      vertex   2.766044e+00 -2.432547e+01 6.836984e+02
      vertex   2.866025e+00 -2.154620e+01 6.848369e+02
    endloop
  endfacet
  facet normal 8.191520e-01 -2.424039e-01 5.198368e-01
    outer loop
      vertex   2.866025e+00 -2.154620e+01 6.848369e+02
      vertex   2.766044e+00 -2.432547e+01 6.836984e+02
      vertex   2.866025e+00 -2.426513e+01 6.835690e+02
    endloop
  endfacet
  facet normal 9.063078e-01 -1.786062e-01 3.830222e-01
    outer loop
      vertex   2.866025e+00 -2.154620e+01 6.848369e+02
      vertex   2.866025e+00 -2.426513e+01 6.835690e+02
      vertex   2.939693e+00 -2.147944e+01 6.846937e+02
    endloop
  endfacet
  facet normal 9.063078e-01 -1.786062e-01 3.830222e-01
    outer loop
      vertex   2.939693e+00 -2.147944e+01 6.846937e+02
      vertex   2.866025e+00 -2.426513e+01 6.835690e+02
      vertex   2.939693e+00 -2.419836e+01 6.834258e+02
    endloop
  endfacet
  facet normal 9.659258e-01 -1.093817e-01 2.345697e-01
    outer loop
      vertex   2.939693e+00 -2.147944e+01 6.846937e+02
      vertex   2.939693e+00 -2.419836e+01 6.834258e+02
      vertex   2.984808e+00 -2.140828e+01 6.845411e+02
    endloop
  endfacet
  facet normal 9.659258e-01 -1.093817e-01 2.345697e-01
    outer loop
      vertex   2.984808e+00 -2.140828e+01 6.845411e+02
      vertex   2.939693e+00 -2.419836e+01 6.834258e+02
      vertex   2.984808e+00 -2.412720e+01 6.832732e+02
    endloop
  endfacet
  facet normal 9.659258e-01 -1.093817e-01 2.345697e-01
    outer loop
      vertex   2.939693e+00 -2.691728e+01 6.821580e+02
      vertex   2.984808e+00 -2.684613e+01 6.820054e+02
      vertex   2.984808e+00 -2.412720e+01 6.832732e+02
    endloop
  endfacet
  facet normal 9.659258e-01 -1.093817e-01 2.345697e-01
    outer loop
      vertex   2.939693e+00 -2.691728e+01 6.821580e+02
      vertex   2.984808e+00 -2.412720e+01 6.832732e+02
      vertex   2.939693e+00 -2.419836e+01 6.834258e+02
    endloop
  endfacet
  facet normal 9.063078e-01 -1.786062e-01 3.830222e-01
    outer loop
      vertex   2.866025e+00 -2.698405e+01 6.823011e+02
      vertex   2.939693e+00 -2.691728e+01 6.821580e+02
      vertex   2.939693e+00 -2.419836e+01 6.834258e+02
    endloop
  endfacet
  facet normal 9.063078e-01 -1.786062e-01 3.830222e-01
    outer loop
      vertex   2.866025e+00 -2.698405e+01 6.823011e+02
      vertex   2.939693e+00 -2.419836e+01 6.834258e+02
      vertex   2.866025e+00 -2.426513e+01 6.835690e+02
    endloop
  endfacet
  facet normal 8.191520e-01 -2.424039e-01 5.198368e-01
    outer loop
      vertex   2.766044e+00 -2.704439e+01 6.824306e+02
      vertex   2.866025e+00 -2.698405e+01 6.823011e+02
      vertex   2.866025e+00 -2.426513e+01 6.835690e+02
    endloop
  endfacet
  facet normal 8.191520e-01 -2.424039e-01 5.198368e-01
    outer loop
      vertex   2.766044e+00 -2.704439e+01 6.824306e+02
      vertex   2.866025e+00 -2.426513e+01 6.835690e+02
      vertex   2.766044e+00 -2.432547e+01 6.836984e+02
    endloop
  endfacet
  facet normal 7.071068e-01 -2.988362e-01 6.408564e-01
    outer loop
      vertex   2.642788e+00 -2.709648e+01 6.825423e+02
      vertex   2.766044e+00 -2.704439e+01 6.824306e+02
      vertex   2.766044e+00 -2.432547e+01 6.836984e+02
    endloop
  endfacet
  facet normal 7.071068e-01 -2.988362e-01 6.408564e-01
    outer loop
      vertex   2.642788e+00 -2.709648e+01 6.825423e+02
      vertex   2.766044e+00 -2.432547e+01 6.836984e+02
      vertex   2.642788e+00 -2.437756e+01 6.838101e+02
    endloop
  endfacet
  facet normal 5.735764e-01 -3.461886e-01 7.424039e-01
    outer loop
      vertex   2.500000e+00 -2.713874e+01 6.826329e+02
      vertex   2.642788e+00 -2.709648e+01 6.825423e+02
      vertex   2.642788e+00 -2.437756e+01 6.838101e+02
    endloop
  endfacet
  facet normal 5.735764e-01 -3.461886e-01 7.424039e-01
    outer loop
      vertex   2.500000e+00 -2.713874e+01 6.826329e+02
      vertex   2.642788e+00 -2.437756e+01 6.838101e+02
      vertex   2.500000e+00 -2.441981e+01 6.839007e+02
    endloop
  endfacet
  facet normal 4.226183e-01 -3.830222e-01 8.213938e-01
    outer loop
      vertex   2.342020e+00 -2.716987e+01 6.826996e+02
      vertex   2.500000e+00 -2.713874e+01 6.826329e+02
      vertex   2.500000e+00 -2.441981e+01 6.839007e+02
    endloop
  endfacet
  facet normal 4.226183e-01 -3.830222e-01 8.213938e-01
    outer loop
      vertex   2.342020e+00 -2.716987e+01 6.826996e+02
      vertex   2.500000e+00 -2.441981e+01 6.839007e+02
      vertex   2.342020e+00 -2.445095e+01 6.839675e+02
    endloop
  endfacet
  facet normal 2.588190e-01 -4.082179e-01 8.754261e-01
    outer loop
      vertex   2.173648e+00 -2.718894e+01 6.827405e+02
      vertex   2.342020e+00 -2.716987e+01 6.826996e+02
      vertex   2.342020e+00 -2.445095e+01 6.839675e+02
    endloop
  endfacet
  facet normal 2.588190e-01 -4.082179e-01 8.754261e-01
    outer loop
      vertex   2.173648e+00 -2.718894e+01 6.827405e+02
      vertex   2.342020e+00 -2.445095e+01 6.839675e+02
      vertex   2.173648e+00 -2.447001e+01 6.840084e+02
    endloop
  endfacet
  facet normal 1.000000e+00 1.341605e-16 6.256007e-17
    outer loop
      vertex   3.000000e+00 -2.864643e+01 6.787675e+02
      vertex   3.000000e+00 -2.048966e+01 6.825711e+02
      vertex   3.000000e+00 -2.949166e+01 6.805801e+02
    endloop
  endfacet
  facet normal 1.000000e+00 1.341605e-16 6.256007e-17
    outer loop
      vertex   3.000000e+00 -2.949166e+01 6.805801e+02
      vertex   3.000000e+00 -2.048966e+01 6.825711e+02
      vertex   3.000000e+00 -2.133489e+01 6.843837e+02
    endloop
  endfacet
  facet normal -8.314696e-01 2.347941e-01 -5.035176e-01
    outer loop
      vertex   1.110223e-15 -2.864643e+01 6.787675e+02
      vertex   2.775558e-16 -2.048966e+01 6.825711e+02
      vertex   1.453441e-01 -2.447611e+01 6.804722e+02
    endloop
  endfacet
  facet normal -8.314696e-01 2.347941e-01 -5.035176e-01
    outer loop
      vertex   1.453441e-01 -2.447611e+01 6.804722e+02
      vertex   2.775558e-16 -2.048966e+01 6.825711e+02
      vertex   1.453441e-01 -2.039773e+01 6.823739e+02
    endloop
  endfacet
  facet normal -7.518398e-01 2.786516e-01 -5.975702e-01
    outer loop
      vertex   1.453441e-01 -2.447611e+01 6.804722e+02
      vertex   1.453441e-01 -2.039773e+01 6.823739e+02
      vertex   3.178372e-01 -2.439299e+01 6.802939e+02
    endloop
  endfacet
  facet normal -7.518398e-01 2.786516e-01 -5.975702e-01
    outer loop
      vertex   3.178372e-01 -2.439299e+01 6.802939e+02
      vertex   1.453441e-01 -2.039773e+01 6.823739e+02
      vertex   3.178372e-01 -2.031460e+01 6.821957e+02
    endloop
  endfacet
  facet normal -6.593458e-01 3.177412e-01 -6.813983e-01
    outer loop
      vertex   3.178372e-01 -2.439299e+01 6.802939e+02
      vertex   3.178372e-01 -2.031460e+01 6.821957e+02
      vertex   5.145279e-01 -2.432009e+01 6.801376e+02
    endloop
  endfacet
  facet normal -6.593458e-01 3.177412e-01 -6.813983e-01
    outer loop
      vertex   5.145279e-01 -2.432009e+01 6.801376e+02
      vertex   3.178372e-01 -2.031460e+01 6.821957e+02
      vertex   5.145279e-01 -2.024170e+01 6.820394e+02
    endloop
  endfacet
  facet normal -5.555702e-01 3.513942e-01 -7.535674e-01
    outer loop
      vertex   5.145279e-01 -2.432009e+01 6.801376e+02
      vertex   5.145279e-01 -2.024170e+01 6.820394e+02
      vertex   7.320508e-01 -2.425866e+01 6.800058e+02
    endloop
  endfacet
  facet normal -5.555702e-01 3.513942e-01 -7.535674e-01
    outer loop
      vertex   7.320508e-01 -2.425866e+01 6.800058e+02
      vertex   5.145279e-01 -2.024170e+01 6.820394e+02
      vertex   7.320508e-01 -2.018028e+01 6.819076e+02
    endloop
  endfacet
  facet normal -4.422887e-01 3.790348e-01 -8.128427e-01
    outer loop
      vertex   7.320508e-01 -2.425866e+01 6.800058e+02
      vertex   7.320508e-01 -2.018028e+01 6.819076e+02
      vertex   9.666839e-01 -2.420976e+01 6.799010e+02
    endloop
  endfacet
  facet normal -4.422887e-01 3.790348e-01 -8.128427e-01
    outer loop
      vertex   9.666839e-01 -2.420976e+01 6.799010e+02
      vertex   7.320508e-01 -2.018028e+01 6.819076e+02
      vertex   9.666839e-01 -2.013138e+01 6.818028e+02
    endloop
  endfacet
  facet normal -3.214395e-01 4.001900e-01 -8.582102e-01
    outer loop
      vertex   9.666839e-01 -2.420976e+01 6.799010e+02
      vertex   9.666839e-01 -2.013138e+01 6.818028e+02
      vertex   1.214413e+00 -2.417422e+01 6.798248e+02
    endloop
  endfacet
  facet normal -3.214395e-01 4.001900e-01 -8.582102e-01
    outer loop
      vertex   1.214413e+00 -2.417422e+01 6.798248e+02
      vertex   9.666839e-01 -2.013138e+01 6.818028e+02
      vertex   1.214413e+00 -2.009584e+01 6.817265e+02
    endloop
  endfacet
  facet normal -1.950903e-01 4.144978e-01 -8.888933e-01
    outer loop
      vertex   1.214413e+00 -2.417422e+01 6.798248e+02
      vertex   1.214413e+00 -2.009584e+01 6.817265e+02
      vertex   1.470998e+00 -2.415265e+01 6.797785e+02
    endloop
  endfacet
  facet normal -1.950903e-01 4.144978e-01 -8.888933e-01
    outer loop
      vertex   1.470998e+00 -2.415265e+01 6.797785e+02
      vertex   1.214413e+00 -2.009584e+01 6.817265e+02
      vertex   1.470998e+00 -2.007427e+01 6.816803e+02
    endloop
  endfacet
  facet normal -6.540313e-02 4.217134e-01 -9.043673e-01
    outer loop
      vertex   1.470998e+00 -2.415265e+01 6.797785e+02
      vertex   1.470998e+00 -2.007427e+01 6.816803e+02
      vertex   1.732051e+00 -2.006704e+01 6.816648e+02
    endloop
  endfacet
  facet normal -6.540313e-02 4.217134e-01 -9.043673e-01
    outer loop
      vertex   1.732051e+00 -2.006704e+01 6.816648e+02
      vertex   1.732051e+00 -2.822381e+01 6.778612e+02
      vertex   1.470998e+00 -2.415265e+01 6.797785e+02
    endloop
  endfacet
  facet normal -6.540313e-02 4.217134e-01 -9.043673e-01
    outer loop
      vertex   1.470998e+00 -2.415265e+01 6.797785e+02
      vertex   1.732051e+00 -2.822381e+01 6.778612e+02
      vertex   1.470998e+00 -2.823104e+01 6.778767e+02
    endloop
  endfacet
  facet normal -1.950903e-01 4.144978e-01 -8.888933e-01
    outer loop
      vertex   1.470998e+00 -2.415265e+01 6.797785e+02
      vertex   1.470998e+00 -2.823104e+01 6.778767e+02
      vertex   1.214413e+00 -2.417422e+01 6.798248e+02
    endloop
  endfacet
  facet normal -1.950903e-01 4.144978e-01 -8.888933e-01
    outer loop
      vertex   1.214413e+00 -2.417422e+01 6.798248e+02
      vertex   1.470998e+00 -2.823104e+01 6.778767e+02
      vertex   1.214413e+00 -2.825261e+01 6.779230e+02
    endloop
  endfacet
  facet normal -3.214395e-01 4.001900e-01 -8.582102e-01
    outer loop
      vertex   1.214413e+00 -2.417422e+01 6.798248e+02
      vertex   1.214413e+00 -2.825261e+01 6.779230e+02
      vertex   9.666839e-01 -2.420976e+01 6.799010e+02
    endloop
  endfacet
  facet normal -3.214395e-01 4.001900e-01 -8.582102e-01
    outer loop
      vertex   9.666839e-01 -2.420976e+01 6.799010e+02
      vertex   1.214413e+00 -2.825261e+01 6.779230e+02
      vertex   9.666839e-01 -2.828815e+01 6.779992e+02
    endloop
  endfacet
  facet normal -4.422887e-01 3.790348e-01 -8.128427e-01
    outer loop
      vertex   9.666839e-01 -2.420976e+01 6.799010e+02
      vertex   9.666839e-01 -2.828815e+01 6.779992e+02
      vertex   7.320508e-01 -2.425866e+01 6.800058e+02
    endloop
  endfacet
  facet normal -4.422887e-01 3.790348e-01 -8.128427e-01
    outer loop
      vertex   7.320508e-01 -2.425866e+01 6.800058e+02
      vertex   9.666839e-01 -2.828815e+01 6.779992e+02
      vertex   7.320508e-01 -2.833705e+01 6.781041e+02
    endloop
  endfacet
  facet normal -5.555702e-01 3.513942e-01 -7.535674e-01
    outer loop
      vertex   7.320508e-01 -2.425866e+01 6.800058e+02
      vertex   7.320508e-01 -2.833705e+01 6.781041e+02
      vertex   5.145279e-01 -2.432009e+01 6.801376e+02
    endloop
  endfacet
  facet normal -5.555702e-01 3.513942e-01 -7.535674e-01
    outer loop
      vertex   5.145279e-01 -2.432009e+01 6.801376e+02
      vertex   7.320508e-01 -2.833705e+01 6.781041e+02
      vertex   5.145279e-01 -2.839847e+01 6.782358e+02
    endloop
  endfacet
  facet normal -6.593458e-01 3.177412e-01 -6.813983e-01
    outer loop
      vertex   5.145279e-01 -2.432009e+01 6.801376e+02
      vertex   5.145279e-01 -2.839847e+01 6.782358e+02
      vertex   3.178372e-01 -2.439299e+01 6.802939e+02
    endloop
  endfacet
  facet normal -6.593458e-01 3.177412e-01 -6.813983e-01
    outer loop
      vertex   3.178372e-01 -2.439299e+01 6.802939e+02
      vertex   5.145279e-01 -2.839847e+01 6.782358e+02
      vertex   3.178372e-01 -2.847137e+01 6.783921e+02
    endloop
  endfacet
  facet normal -7.518398e-01 2.786516e-01 -5.975702e-01
    outer loop
      vertex   3.178372e-01 -2.439299e+01 6.802939e+02
      vertex   3.178372e-01 -2.847137e+01 6.783921e+02
      vertex   1.453441e-01 -2.447611e+01 6.804722e+02
    endloop
  endfacet
  facet normal -7.518398e-01 2.786516e-01 -5.975702e-01
    outer loop
      vertex   1.453441e-01 -2.447611e+01 6.804722e+02
      vertex   3.178372e-01 -2.847137e+01 6.783921e+02
      vertex   1.453441e-01 -2.855450e+01 6.785704e+02
    endloop
  endfacet
  facet normal -8.314696e-01 2.347941e-01 -5.035176e-01
    outer loop
      vertex   1.453441e-01 -2.447611e+01 6.804722e+02
      vertex   1.453441e-01 -2.855450e+01 6.785704e+02
      vertex   1.110223e-15 -2.864643e+01 6.787675e+02
    endloop
  endfacet
  facet normal 0.000000e+00 4.226183e-01 -9.063078e-01
    outer loop
      vertex   -2.000000e+00 -2.864643e+01 6.787675e+02
      vertex   -2.000000e+00 -2.048966e+01 6.825711e+02
      vertex   1.110223e-15 -2.864643e+01 6.787675e+02
    endloop
  endfacet
  facet normal 0.000000e+00 4.226183e-01 -9.063078e-01
    outer loop
      vertex   1.110223e-15 -2.864643e+01 6.787675e+02
      vertex   -2.000000e+00 -2.048966e+01 6.825711e+02
      vertex   2.775558e-16 -2.048966e+01 6.825711e+02
    endloop
  endfacet
  facet normal -1.000000e+00 -1.788807e-16 -8.341343e-17
    outer loop
      vertex   -5.000000e+00 -2.133489e+01 6.843837e+02
      vertex   -5.000000e+00 -1.613669e+01 6.732361e+02
      vertex   -5.000000e+00 -2.949166e+01 6.805801e+02
    endloop
  endfacet
  facet normal -1.000000e+00 -1.788807e-16 -8.341343e-17
    outer loop
      vertex   -5.000000e+00 -2.949166e+01 6.805801e+02
      vertex   -5.000000e+00 -1.613669e+01 6.732361e+02
      vertex   -5.000000e+00 -2.429346e+01 6.694326e+02
    endloop
  endfacet
  facet normal 1.000000e+00 8.944034e-17 4.170671e-17
    outer loop
      vertex   -2.000000e+00 -2.048966e+01 6.825711e+02
      vertex   -2.000000e+00 -2.864643e+01 6.787675e+02
      vertex   -2.000000e+00 -1.613669e+01 6.732361e+02
    endloop
  endfacet
  facet normal 1.000000e+00 8.944034e-17 4.170671e-17
    outer loop
      vertex   -2.000000e+00 -1.613669e+01 6.732361e+02
      vertex   -2.000000e+00 -2.864643e+01 6.787675e+02
      vertex   -2.000000e+00 -2.429346e+01 6.694326e+02
    endloop
  endfacet
  facet normal -1.324463e-14 -9.320079e-01 -3.624380e-01
    outer loop
      vertex   1.300000e+01 -7.214456e+01 6.537395e+02
      vertex   1.500000e+01 -7.214456e+01 6.537395e+02
      vertex   1.300000e+01 -7.223938e+01 6.539833e+02
    endloop
  endfacet
  facet normal 2.060222e-14 -9.320079e-01 -3.624380e-01
    outer loop
      vertex   1.300000e+01 -7.223938e+01 6.539833e+02
      vertex   1.500000e+01 -7.214456e+01 6.537395e+02
      vertex   1.500000e+01 -7.223938e+01 6.539833e+02
    endloop
  endfacet
  facet normal 1.351088e-14 -9.713421e-01 -2.376859e-01
    outer loop
      vertex   1.300000e+01 -7.223938e+01 6.539833e+02
      vertex   1.500000e+01 -7.223938e+01 6.539833e+02
      vertex   1.300000e+01 -7.230156e+01 6.542374e+02
    endloop
  endfacet
  facet normal 0.000000e+00 -9.713421e-01 -2.376859e-01
    outer loop
      vertex   1.300000e+01 -7.230156e+01 6.542374e+02
      vertex   1.500000e+01 -7.223938e+01 6.539833e+02
      vertex   1.500000e+01 -7.230156e+01 6.542374e+02
    endloop
  endfacet
  facet normal 0.000000e+00 -9.940563e-01 -1.088669e-01
    outer loop
      vertex   1.300000e+01 -7.230156e+01 6.542374e+02
      vertex   1.500000e+01 -7.230156e+01 6.542374e+02
      vertex   1.300000e+01 -7.233004e+01 6.544975e+02
    endloop
  endfacet
  facet normal 0.000000e+00 -9.940563e-01 -1.088669e-01
    outer loop
      vertex   1.300000e+01 -7.233004e+01 6.544975e+02
      vertex   1.500000e+01 -7.230156e+01 6.542374e+02
      vertex   1.500000e+01 -7.233004e+01 6.544975e+02
    endloop
  endfacet
  facet normal 0.000000e+00 -9.997620e-01 2.181489e-02
    outer loop
      vertex   1.300000e+01 -7.233004e+01 6.544975e+02
      vertex   1.500000e+01 -7.233004e+01 6.544975e+02
      vertex   1.300000e+01 -7.232433e+01 6.547590e+02
    endloop
  endfacet
  facet normal 0.000000e+00 -9.997620e-01 2.181489e-02
    outer loop
      vertex   1.300000e+01 -7.232433e+01 6.547590e+02
      vertex   1.500000e+01 -7.233004e+01 6.544975e+02
      vertex   1.500000e+01 -7.232433e+01 6.547590e+02
    endloop
  endfacet
  facet normal 0.000000e+00 -9.883615e-01 1.521234e-01
    outer loop
      vertex   1.300000e+01 -7.232433e+01 6.547590e+02
      vertex   1.500000e+01 -7.232433e+01 6.547590e+02
      vertex   1.300000e+01 -7.228453e+01 6.550176e+02
    endloop
  endfacet
  facet normal 7.022731e-15 -9.883615e-01 1.521234e-01
    outer loop
      vertex   1.300000e+01 -7.228453e+01 6.550176e+02
      vertex   1.500000e+01 -7.232433e+01 6.547590e+02
      vertex   1.500000e+01 -7.228453e+01 6.550176e+02
    endloop
  endfacet
  facet normal 6.821565e-15 -9.600499e-01 2.798290e-01
    outer loop
      vertex   1.300000e+01 -7.228453e+01 6.550176e+02
      vertex   1.500000e+01 -7.228453e+01 6.550176e+02
      vertex   1.300000e+01 -7.221133e+01 6.552688e+02
    endloop
  endfacet
  facet normal 0.000000e+00 -9.600499e-01 2.798290e-01
    outer loop
      vertex   1.300000e+01 -7.221133e+01 6.552688e+02
      vertex   1.500000e+01 -7.228453e+01 6.550176e+02
      vertex   1.500000e+01 -7.221133e+01 6.552688e+02
    endloop
  endfacet
  facet normal 0.000000e+00 -9.153115e-01 4.027467e-01
    outer loop
      vertex   1.300000e+01 -7.221133e+01 6.552688e+02
      vertex   1.500000e+01 -7.221133e+01 6.552688e+02
      vertex   1.300000e+01 -7.210596e+01 6.555082e+02
    endloop
  endfacet
  facet normal 0.000000e+00 -9.153115e-01 4.027467e-01
    outer loop
      vertex   1.300000e+01 -7.210596e+01 6.555082e+02
      vertex   1.500000e+01 -7.221133e+01 6.552688e+02
      vertex   1.500000e+01 -7.210596e+01 6.555082e+02
    endloop
  endfacet
  facet normal 0.000000e+00 -8.549119e-01 5.187733e-01
    outer loop
      vertex   1.300000e+01 -7.210596e+01 6.555082e+02
      vertex   1.500000e+01 -7.210596e+01 6.555082e+02
      vertex   1.300000e+01 -7.197025e+01 6.557319e+02
    endloop
  endfacet
  facet normal 0.000000e+00 -8.549119e-01 5.187733e-01
    outer loop
      vertex   1.300000e+01 -7.197025e+01 6.557319e+02
      vertex   1.500000e+01 -7.210596e+01 6.555082e+02
      vertex   1.500000e+01 -7.197025e+01 6.557319e+02
    endloop
  endfacet
  facet normal 0.000000e+00 -7.798845e-01 6.259235e-01
    outer loop
      vertex   1.300000e+01 -7.197025e+01 6.557319e+02
      vertex   1.500000e+01 -7.197025e+01 6.557319e+02
      vertex   1.300000e+01 -7.180650e+01 6.559359e+02
    endloop
  endfacet
  facet normal 0.000000e+00 -7.798845e-01 6.259235e-01
    outer loop
      vertex   1.300000e+01 -7.180650e+01 6.559359e+02
      vertex   1.500000e+01 -7.197025e+01 6.557319e+02
      vertex   1.500000e+01 -7.180650e+01 6.559359e+02
    endloop
  endfacet
  facet normal 0.000000e+00 -6.915131e-01 7.223640e-01
    outer loop
      vertex   1.300000e+01 -7.180650e+01 6.559359e+02
      vertex   1.500000e+01 -7.180650e+01 6.559359e+02
      vertex   1.300000e+01 -7.161752e+01 6.561168e+02
    endloop
  endfacet
  facet normal 0.000000e+00 -6.915131e-01 7.223640e-01
    outer loop
      vertex   1.300000e+01 -7.161752e+01 6.561168e+02
      vertex   1.500000e+01 -7.180650e+01 6.559359e+02
      vertex   1.500000e+01 -7.161752e+01 6.561168e+02
    endloop
  endfacet
  facet normal 0.000000e+00 -5.913096e-01 8.064446e-01
    outer loop
      vertex   1.300000e+01 -7.161752e+01 6.561168e+02
      vertex   1.500000e+01 -7.161752e+01 6.561168e+02
      vertex   1.300000e+01 -7.140654e+01 6.562715e+02
    endloop
  endfacet
  facet normal 0.000000e+00 -5.913096e-01 8.064446e-01
    outer loop
      vertex   1.300000e+01 -7.140654e+01 6.562715e+02
      vertex   1.500000e+01 -7.161752e+01 6.561168e+02
      vertex   1.500000e+01 -7.140654e+01 6.562715e+02
    endloop
  endfacet
  facet normal 0.000000e+00 -4.809888e-01 8.767268e-01
    outer loop
      vertex   1.300000e+01 -7.140654e+01 6.562715e+02
      vertex   1.500000e+01 -7.140654e+01 6.562715e+02
      vertex   1.300000e+01 -7.117718e+01 6.563973e+02
    endloop
  endfacet
  facet normal 1.167604e-13 -4.809888e-01 8.767268e-01
    outer loop
      vertex   1.300000e+01 -7.117718e+01 6.563973e+02
      vertex   1.500000e+01 -7.140654e+01 6.562715e+02
      vertex   1.500000e+01 -7.117718e+01 6.563973e+02
    endloop
  endfacet
  facet normal 1.180497e-13 -4.226183e-01 9.063078e-01
    outer loop
      vertex   1.300000e+01 -7.117718e+01 6.563973e+02
      vertex   1.500000e+01 -7.117718e+01 6.563973e+02
      vertex   1.300000e+01 -6.573933e+01 6.589330e+02
    endloop
  endfacet
  facet normal 1.120439e-13 -4.226183e-01 9.063078e-01
    outer loop
      vertex   1.300000e+01 -6.573933e+01 6.589330e+02
      vertex   1.500000e+01 -7.117718e+01 6.563973e+02
      vertex   1.500000e+01 -6.573933e+01 6.589330e+02
    endloop
  endfacet
  facet normal 1.114395e-13 8.767268e-01 4.809888e-01
    outer loop
      vertex   1.500000e+01 -6.308148e+01 6.579657e+02
      vertex   1.300000e+01 -6.308148e+01 6.579657e+02
      vertex   1.500000e+01 -6.320731e+01 6.581950e+02
    endloop
  endfacet
  facet normal -9.344277e-15 8.767268e-01 4.809888e-01
    outer loop
      vertex   1.500000e+01 -6.320731e+01 6.581950e+02
      vertex   1.300000e+01 -6.308148e+01 6.579657e+02
      vertex   1.300000e+01 -6.320731e+01 6.581950e+02
    endloop
  endfacet
  facet normal -8.595200e-15 8.064446e-01 5.913096e-01
    outer loop
      vertex   1.500000e+01 -6.320731e+01 6.581950e+02
      vertex   1.300000e+01 -6.320731e+01 6.581950e+02
      vertex   1.500000e+01 -6.336201e+01 6.584060e+02
    endloop
  endfacet
  facet normal -1.146027e-14 8.064446e-01 5.913096e-01
    outer loop
      vertex   1.500000e+01 -6.336201e+01 6.584060e+02
      vertex   1.300000e+01 -6.320731e+01 6.581950e+02
      vertex   1.300000e+01 -6.336201e+01 6.584060e+02
    endloop
  endfacet
  facet normal -1.026541e-14 7.223640e-01 6.915131e-01
    outer loop
      vertex   1.500000e+01 -6.336201e+01 6.584060e+02
      vertex   1.300000e+01 -6.336201e+01 6.584060e+02
      vertex   1.500000e+01 -6.354291e+01 6.585950e+02
    endloop
  endfacet
  facet normal 3.417526e-14 7.223640e-01 6.915131e-01
    outer loop
      vertex   1.500000e+01 -6.354291e+01 6.585950e+02
      vertex   1.300000e+01 -6.336201e+01 6.584060e+02
      vertex   1.300000e+01 -6.354291e+01 6.585950e+02
    endloop
  endfacet
  facet normal 3.988385e-14 6.259235e-01 7.798845e-01
    outer loop
      vertex   1.500000e+01 -6.354291e+01 6.585950e+02
      vertex   1.300000e+01 -6.354291e+01 6.585950e+02
      vertex   1.500000e+01 -6.374694e+01 6.587587e+02
    endloop
  endfacet
  facet normal -8.894908e-15 6.259235e-01 7.798845e-01
    outer loop
      vertex   1.500000e+01 -6.374694e+01 6.587587e+02
      vertex   1.300000e+01 -6.354291e+01 6.585950e+02
      vertex   1.300000e+01 -6.374694e+01 6.587587e+02
    endloop
  endfacet
  facet normal -7.372211e-15 5.187733e-01 8.549119e-01
    outer loop
      vertex   1.500000e+01 -6.374694e+01 6.587587e+02
      vertex   1.300000e+01 -6.374694e+01 6.587587e+02
      vertex   1.500000e+01 -6.397060e+01 6.588945e+02
    endloop
  endfacet
  facet normal -3.686106e-15 5.187733e-01 8.549119e-01
    outer loop
      vertex   1.500000e+01 -6.397060e+01 6.588945e+02
      vertex   1.300000e+01 -6.374694e+01 6.587587e+02
      vertex   1.300000e+01 -6.397060e+01 6.588945e+02
    endloop
  endfacet
  facet normal -2.861687e-15 4.027467e-01 9.153115e-01
    outer loop
      vertex   1.500000e+01 -6.397060e+01 6.588945e+02
      vertex   1.300000e+01 -6.397060e+01 6.588945e+02
      vertex   1.500000e+01 -6.421005e+01 6.589998e+02
    endloop
  endfacet
  facet normal -2.861687e-15 4.027467e-01 9.153115e-01
    outer loop
      vertex   1.500000e+01 -6.421005e+01 6.589998e+02
      vertex   1.300000e+01 -6.397060e+01 6.588945e+02
      vertex   1.300000e+01 -6.421005e+01 6.589998e+02
    endloop
  endfacet
  facet normal -1.988305e-15 2.798290e-01 9.600499e-01
    outer loop
      vertex   1.500000e+01 -6.421005e+01 6.589998e+02
      vertex   1.300000e+01 -6.421005e+01 6.589998e+02
      vertex   1.500000e+01 -6.446122e+01 6.590730e+02
    endloop
  endfacet
  facet normal -1.988305e-15 2.798290e-01 9.600499e-01
    outer loop
      vertex   1.500000e+01 -6.446122e+01 6.590730e+02
      vertex   1.300000e+01 -6.421005e+01 6.589998e+02
      vertex   1.300000e+01 -6.446122e+01 6.590730e+02
    endloop
  endfacet
  facet normal -1.080902e-15 1.521234e-01 9.883615e-01
    outer loop
      vertex   1.500000e+01 -6.446122e+01 6.590730e+02
      vertex   1.300000e+01 -6.446122e+01 6.590730e+02
      vertex   1.500000e+01 -6.471978e+01 6.591128e+02
    endloop
  endfacet
  facet normal 0.000000e+00 1.521234e-01 9.883615e-01
    outer loop
      vertex   1.500000e+01 -6.471978e+01 6.591128e+02
      vertex   1.300000e+01 -6.446122e+01 6.590730e+02
      vertex   1.300000e+01 -6.471978e+01 6.591128e+02
    endloop
  endfacet
  facet normal 0.000000e+00 2.181489e-02 9.997620e-01
    outer loop
      vertex   1.500000e+01 -6.471978e+01 6.591128e+02
      vertex   1.300000e+01 -6.471978e+01 6.591128e+02
      vertex   1.500000e+01 -6.498133e+01 6.591185e+02
    endloop
  endfacet
  facet normal 0.000000e+00 2.181489e-02 9.997620e-01
    outer loop
      vertex   1.500000e+01 -6.498133e+01 6.591185e+02
      vertex   1.300000e+01 -6.471978e+01 6.591128e+02
      vertex   1.300000e+01 -6.498133e+01 6.591185e+02
    endloop
  endfacet
  facet normal 0.000000e+00 -1.088669e-01 9.940563e-01
    outer loop
      vertex   1.500000e+01 -6.498133e+01 6.591185e+02
      vertex   1.300000e+01 -6.498133e+01 6.591185e+02
      vertex   1.500000e+01 -6.524139e+01 6.590900e+02
    endloop
  endfacet
  facet normal -7.735457e-16 -1.088669e-01 9.940563e-01
    outer loop
      vertex   1.500000e+01 -6.524139e+01 6.590900e+02
      vertex   1.300000e+01 -6.498133e+01 6.591185e+02
      vertex   1.300000e+01 -6.524139e+01 6.590900e+02
    endloop
  endfacet
  facet normal -1.688860e-15 -2.376859e-01 9.713421e-01
    outer loop
      vertex   1.500000e+01 -6.524139e+01 6.590900e+02
      vertex   1.300000e+01 -6.524139e+01 6.590900e+02
      vertex   1.500000e+01 -6.549551e+01 6.590279e+02
    endloop
  endfacet
  facet normal -1.688860e-15 -2.376859e-01 9.713421e-01
    outer loop
      vertex   1.500000e+01 -6.549551e+01 6.590279e+02
      vertex   1.300000e+01 -6.524139e+01 6.590900e+02
      vertex   1.300000e+01 -6.549551e+01 6.590279e+02
    endloop
  endfacet
  facet normal -2.575277e-15 -3.624380e-01 9.320079e-01
    outer loop
      vertex   1.500000e+01 -6.549551e+01 6.590279e+02
      vertex   1.300000e+01 -6.549551e+01 6.590279e+02
      vertex   1.500000e+01 -6.573933e+01 6.589330e+02
    endloop
  endfacet
  facet normal 1.136829e-13 -3.624380e-01 9.320079e-01
    outer loop
      vertex   1.500000e+01 -6.573933e+01 6.589330e+02
      vertex   1.300000e+01 -6.549551e+01 6.590279e+02
      vertex   1.300000e+01 -6.573933e+01 6.589330e+02
    endloop
  endfacet
  facet normal -2.331097e-15 9.063078e-01 4.226183e-01
    outer loop
      vertex   -2.762520e+00 -3.976114e+01 6.592407e+02
      vertex   -3.238603e+00 -4.090221e+01 6.616878e+02
      vertex   2.762520e+00 -3.976114e+01 6.592407e+02
    endloop
  endfacet
  facet normal 2.971013e-15 9.063078e-01 4.226183e-01
    outer loop
      vertex   2.762520e+00 -3.976114e+01 6.592407e+02
      vertex   -3.238603e+00 -4.090221e+01 6.616878e+02
      vertex   3.238603e+00 -4.090221e+01 6.616878e+02
    endloop
  endfacet
  facet normal 4.307689e-15 -9.396926e-01 -3.420201e-01
    outer loop
      vertex   -6.000000e-01 -6.924585e+01 6.475591e+02
      vertex   -3.700000e+00 -6.924585e+01 6.475591e+02
      vertex   -6.000000e-01 -6.918623e+01 6.473953e+02
    endloop
  endfacet
  facet normal 0.000000e+00 -9.396926e-01 -3.420201e-01
    outer loop
      vertex   -6.000000e-01 -6.918623e+01 6.473953e+02
      vertex   -3.700000e+00 -6.924585e+01 6.475591e+02
      vertex   -6.800000e+00 -6.924585e+01 6.475591e+02
    endloop
  endfacet
  facet normal -2.153844e-15 -9.396926e-01 -3.420201e-01
    outer loop
      vertex   -6.000000e-01 -6.918623e+01 6.473953e+02
      vertex   -6.800000e+00 -6.924585e+01 6.475591e+02
      vertex   -1.300000e+01 -6.918623e+01 6.473953e+02
    endloop
  endfacet
  facet normal 0.000000e+00 -9.396926e-01 -3.420201e-01
    outer loop
      vertex   -1.300000e+01 -6.918623e+01 6.473953e+02
      vertex   -6.800000e+00 -6.924585e+01 6.475591e+02
      vertex   -9.900000e+00 -6.924585e+01 6.475591e+02
    endloop
  endfacet
  facet normal -8.613174e-15 -9.396926e-01 -3.420201e-01
    outer loop
      vertex   -1.300000e+01 -6.918623e+01 6.473953e+02
      vertex   -9.900000e+00 -6.924585e+01 6.475591e+02
      vertex   -1.300000e+01 -6.924585e+01 6.475591e+02
    endloop
  endfacet
  facet normal -9.029006e-15 -9.848078e-01 -1.736482e-01
    outer loop
      vertex   -1.300000e+01 -6.924585e+01 6.475591e+02
      vertex   -9.900000e+00 -6.924585e+01 6.475591e+02
      vertex   -1.300000e+01 -6.927612e+01 6.477308e+02
    endloop
  endfacet
  facet normal 0.000000e+00 -9.848078e-01 -1.736482e-01
    outer loop
      vertex   -1.300000e+01 -6.927612e+01 6.477308e+02
      vertex   -9.900000e+00 -6.924585e+01 6.475591e+02
      vertex   -9.900000e+00 -6.927612e+01 6.477308e+02
    endloop
  endfacet
  facet normal 0.000000e+00 -1.000000e+00 0.000000e+00
    outer loop
      vertex   -1.300000e+01 -6.927612e+01 6.477308e+02
      vertex   -9.900000e+00 -6.927612e+01 6.477308e+02
      vertex   -1.300000e+01 -6.927612e+01 6.479051e+02
    endloop
  endfacet
  facet normal 0.000000e+00 -1.000000e+00 0.000000e+00
    outer loop
      vertex   -1.300000e+01 -6.927612e+01 6.479051e+02
      vertex   -9.900000e+00 -6.927612e+01 6.477308e+02
      vertex   -9.900000e+00 -6.927612e+01 6.479051e+02
    endloop
  endfacet
  facet normal 0.000000e+00 -9.848078e-01 1.736482e-01
    outer loop
      vertex   -1.300000e+01 -6.927612e+01 6.479051e+02
      vertex   -9.900000e+00 -6.927612e+01 6.479051e+02
      vertex   -1.300000e+01 -6.924585e+01 6.480768e+02
    endloop
  endfacet
  facet normal 4.514503e-15 -9.848078e-01 1.736482e-01
    outer loop
      vertex   -1.300000e+01 -6.924585e+01 6.480768e+02
      vertex   -9.900000e+00 -6.927612e+01 6.479051e+02
      vertex   -9.900000e+00 -6.924585e+01 6.480768e+02
    endloop
  endfacet
  facet normal 4.307689e-15 -9.396926e-01 3.420201e-01
    outer loop
      vertex   -1.300000e+01 -6.924585e+01 6.480768e+02
      vertex   -9.900000e+00 -6.924585e+01 6.480768e+02
      vertex   -1.300000e+01 -6.918623e+01 6.482406e+02
    endloop
  endfacet
  facet normal 4.307689e-15 -9.396926e-01 3.420201e-01
    outer loop
      vertex   -1.300000e+01 -6.918623e+01 6.482406e+02
      vertex   -9.900000e+00 -6.924585e+01 6.480768e+02
      vertex   -9.900000e+00 -6.918623e+01 6.482406e+02
    endloop
  endfacet
  facet normal 3.969987e-15 -8.660254e-01 5.000000e-01
    outer loop
      vertex   -1.300000e+01 -6.918623e+01 6.482406e+02
      vertex   -9.900000e+00 -6.918623e+01 6.482406e+02
      vertex   -1.300000e+01 -6.909907e+01 6.483915e+02
    endloop
  endfacet
  facet normal -3.969987e-15 -8.660254e-01 5.000000e-01
    outer loop
      vertex   -1.300000e+01 -6.909907e+01 6.483915e+02
      vertex   -9.900000e+00 -6.918623e+01 6.482406e+02
      vertex   -9.900000e+00 -6.909907e+01 6.483915e+02
    endloop
  endfacet
  facet normal -3.511660e-15 -7.660444e-01 6.427876e-01
    outer loop
      vertex   -1.300000e+01 -6.909907e+01 6.483915e+02
      vertex   -9.900000e+00 -6.909907e+01 6.483915e+02
      vertex   -1.300000e+01 -6.898703e+01 6.485251e+02
    endloop
  endfacet
  facet normal 7.023320e-15 -7.660444e-01 6.427876e-01
    outer loop
      vertex   -1.300000e+01 -6.898703e+01 6.485251e+02
      vertex   -9.900000e+00 -6.909907e+01 6.483915e+02
      vertex   -9.900000e+00 -6.898703e+01 6.485251e+02
    endloop
  endfacet
  facet normal 5.893265e-15 -6.427876e-01 7.660444e-01
    outer loop
      vertex   -1.300000e+01 -6.898703e+01 6.485251e+02
      vertex   -9.900000e+00 -6.898703e+01 6.485251e+02
      vertex   -1.300000e+01 -6.885350e+01 6.486371e+02
    endloop
  endfacet
  facet normal 0.000000e+00 -6.427876e-01 7.660444e-01
    outer loop
      vertex   -1.300000e+01 -6.885350e+01 6.486371e+02
      vertex   -9.900000e+00 -6.898703e+01 6.485251e+02
      vertex   -9.900000e+00 -6.885350e+01 6.486371e+02
    endloop
  endfacet
  facet normal 0.000000e+00 -5.000000e-01 8.660254e-01
    outer loop
      vertex   -1.300000e+01 -6.885350e+01 6.486371e+02
      vertex   -9.900000e+00 -6.885350e+01 6.486371e+02
      vertex   -1.300000e+01 -6.870254e+01 6.487243e+02
    endloop
  endfacet
  facet normal -2.444902e-14 -5.000000e-01 8.660254e-01
    outer loop
      vertex   -1.300000e+01 -6.870254e+01 6.487243e+02
      vertex   -9.900000e+00 -6.885350e+01 6.486371e+02
      vertex   -4.946044e+00 -6.870254e+01 6.487243e+02
    endloop
  endfacet
  facet normal 0.000000e+00 -5.000000e-01 8.660254e-01
    outer loop
      vertex   -4.946044e+00 -6.870254e+01 6.487243e+02
      vertex   -9.900000e+00 -6.885350e+01 6.486371e+02
      vertex   -6.800000e+00 -6.885350e+01 6.486371e+02
    endloop
  endfacet
  facet normal 0.000000e+00 -5.000000e-01 8.660254e-01
    outer loop
      vertex   -4.946044e+00 -6.870254e+01 6.487243e+02
      vertex   -6.800000e+00 -6.885350e+01 6.486371e+02
      vertex   -3.700000e+00 -6.885350e+01 6.486371e+02
    endloop
  endfacet
  facet normal 0.000000e+00 -6.427876e-01 7.660444e-01
    outer loop
      vertex   -3.700000e+00 -6.885350e+01 6.486371e+02
      vertex   -6.800000e+00 -6.885350e+01 6.486371e+02
      vertex   -3.700000e+00 -6.898703e+01 6.485251e+02
    endloop
  endfacet
  facet normal -2.947035e-15 -6.427876e-01 7.660444e-01
    outer loop
      vertex   -3.700000e+00 -6.885350e+01 6.486371e+02
      vertex   -3.700000e+00 -6.898703e+01 6.485251e+02
      vertex   -6.000000e-01 -6.898703e+01 6.485251e+02
    endloop
  endfacet
  facet normal -3.511660e-15 -7.660444e-01 6.427876e-01
    outer loop
      vertex   -6.000000e-01 -6.898703e+01 6.485251e+02
      vertex   -3.700000e+00 -6.898703e+01 6.485251e+02
      vertex   -6.000000e-01 -6.909907e+01 6.483915e+02
    endloop
  endfacet
  facet normal 3.511660e-15 -7.660444e-01 6.427876e-01
    outer loop
      vertex   -6.000000e-01 -6.909907e+01 6.483915e+02
      vertex   -3.700000e+00 -6.898703e+01 6.485251e+02
      vertex   -3.700000e+00 -6.909907e+01 6.483915e+02
    endloop
  endfacet
  facet normal 3.969987e-15 -8.660254e-01 5.000000e-01
    outer loop
      vertex   -6.000000e-01 -6.909907e+01 6.483915e+02
      vertex   -3.700000e+00 -6.909907e+01 6.483915e+02
      vertex   -6.000000e-01 -6.918623e+01 6.482406e+02
    endloop
  endfacet
  facet normal 0.000000e+00 -8.660254e-01 5.000000e-01
    outer loop
      vertex   -6.000000e-01 -6.918623e+01 6.482406e+02
      vertex   -3.700000e+00 -6.909907e+01 6.483915e+02
      vertex   -3.700000e+00 -6.918623e+01 6.482406e+02
    endloop
  endfacet
  facet normal 0.000000e+00 -9.396926e-01 3.420201e-01
    outer loop
      vertex   -6.000000e-01 -6.918623e+01 6.482406e+02
      vertex   -3.700000e+00 -6.918623e+01 6.482406e+02
      vertex   -6.000000e-01 -6.924585e+01 6.480768e+02
    endloop
  endfacet
  facet normal -4.307689e-15 -9.396926e-01 3.420201e-01
    outer loop
      vertex   -6.000000e-01 -6.924585e+01 6.480768e+02
      vertex   -3.700000e+00 -6.918623e+01 6.482406e+02
      vertex   -3.700000e+00 -6.924585e+01 6.480768e+02
    endloop
  endfacet
  facet normal -4.514503e-15 -9.848078e-01 1.736482e-01
    outer loop
      vertex   -6.000000e-01 -6.924585e+01 6.480768e+02
      vertex   -3.700000e+00 -6.924585e+01 6.480768e+02
      vertex   -6.000000e-01 -6.927612e+01 6.479051e+02
    endloop
  endfacet
  facet normal 0.000000e+00 -9.848078e-01 1.736482e-01
    outer loop
      vertex   -6.000000e-01 -6.927612e+01 6.479051e+02
      vertex   -3.700000e+00 -6.924585e+01 6.480768e+02
      vertex   -3.700000e+00 -6.927612e+01 6.479051e+02
    endloop
  endfacet
  facet normal -0.000000e+00 -1.000000e+00 -0.000000e+00
    outer loop
      vertex   -6.000000e-01 -6.927612e+01 6.479051e+02
      vertex   -3.700000e+00 -6.927612e+01 6.479051e+02
      vertex   -6.000000e-01 -6.927612e+01 6.477308e+02
    endloop
  endfacet
  facet normal 0.000000e+00 -1.000000e+00 0.000000e+00
    outer loop
      vertex   -6.000000e-01 -6.927612e+01 6.477308e+02
      vertex   -3.700000e+00 -6.927612e+01 6.479051e+02
      vertex   -3.700000e+00 -6.927612e+01 6.477308e+02
    endloop
  endfacet
  facet normal -0.000000e+00 -9.848078e-01 -1.736482e-01
    outer loop
      vertex   -6.000000e-01 -6.927612e+01 6.477308e+02
      vertex   -3.700000e+00 -6.927612e+01 6.477308e+02
      vertex   -6.000000e-01 -6.924585e+01 6.475591e+02
    endloop
  endfacet
  facet normal 4.514503e-15 -9.848078e-01 -1.736482e-01
    outer loop
      vertex   -6.000000e-01 -6.924585e+01 6.475591e+02
      vertex   -3.700000e+00 -6.927612e+01 6.477308e+02
      vertex   -3.700000e+00 -6.924585e+01 6.475591e+02
    endloop
  endfacet
  facet normal 2.947035e-15 -6.427876e-01 7.660444e-01
    outer loop
      vertex   -6.000000e-01 -6.898703e+01 6.485251e+02
      vertex   -6.000000e-01 -6.885350e+01 6.486371e+02
      vertex   -3.700000e+00 -6.885350e+01 6.486371e+02
    endloop
  endfacet
  facet normal 2.292073e-15 -5.000000e-01 8.660254e-01
    outer loop
      vertex   -3.700000e+00 -6.885350e+01 6.486371e+02
      vertex   -6.000000e-01 -6.885350e+01 6.486371e+02
      vertex   -1.946044e+00 -6.870254e+01 6.487243e+02
    endloop
  endfacet
  facet normal 0.000000e+00 -5.000000e-01 8.660254e-01
    outer loop
      vertex   -3.700000e+00 -6.885350e+01 6.486371e+02
      vertex   -1.946044e+00 -6.870254e+01 6.487243e+02
      vertex   -4.946044e+00 -6.870254e+01 6.487243e+02
    endloop
  endfacet
  facet normal 1.515650e-13 -5.000000e-01 8.660254e-01
    outer loop
      vertex   -6.000000e-01 -6.885350e+01 6.486371e+02
      vertex   -6.000000e-01 -6.870254e+01 6.487243e+02
      vertex   -1.946044e+00 -6.870254e+01 6.487243e+02
    endloop
  endfacet
  facet normal 0.000000e+00 -9.848078e-01 -1.736482e-01
    outer loop
      vertex   -9.900000e+00 -6.927612e+01 6.477308e+02
      vertex   -9.900000e+00 -6.924585e+01 6.475591e+02
      vertex   -6.800000e+00 -6.924585e+01 6.475591e+02
    endloop
  endfacet
  facet normal 0.000000e+00 -9.848078e-01 -1.736482e-01
    outer loop
      vertex   -6.800000e+00 -6.924585e+01 6.475591e+02
      vertex   -3.700000e+00 -6.924585e+01 6.475591e+02
      vertex   -6.800000e+00 -6.927612e+01 6.477308e+02
    endloop
  endfacet
  facet normal 0.000000e+00 -9.848078e-01 -1.736482e-01
    outer loop
      vertex   -6.800000e+00 -6.927612e+01 6.477308e+02
      vertex   -3.700000e+00 -6.924585e+01 6.475591e+02
      vertex   -3.700000e+00 -6.927612e+01 6.477308e+02
    endloop
  endfacet
  facet normal 0.000000e+00 -1.000000e+00 0.000000e+00
    outer loop
      vertex   -6.800000e+00 -6.927612e+01 6.477308e+02
      vertex   -3.700000e+00 -6.927612e+01 6.477308e+02
      vertex   -6.800000e+00 -6.927612e+01 6.479051e+02
    endloop
  endfacet
  facet normal 0.000000e+00 -1.000000e+00 0.000000e+00
    outer loop
      vertex   -6.800000e+00 -6.927612e+01 6.479051e+02
      vertex   -3.700000e+00 -6.927612e+01 6.477308e+02
      vertex   -3.700000e+00 -6.927612e+01 6.479051e+02
    endloop
  endfacet
  facet normal 0.000000e+00 -9.848078e-01 1.736482e-01
    outer loop
      vertex   -6.800000e+00 -6.927612e+01 6.479051e+02
      vertex   -3.700000e+00 -6.927612e+01 6.479051e+02
      vertex   -6.800000e+00 -6.924585e+01 6.480768e+02
    endloop
  endfacet
  facet normal 0.000000e+00 -9.848078e-01 1.736482e-01
    outer loop
      vertex   -6.800000e+00 -6.924585e+01 6.480768e+02
      vertex   -3.700000e+00 -6.927612e+01 6.479051e+02
      vertex   -3.700000e+00 -6.924585e+01 6.480768e+02
    endloop
  endfacet
  facet normal 0.000000e+00 -9.396926e-01 3.420201e-01
    outer loop
      vertex   -6.800000e+00 -6.924585e+01 6.480768e+02
      vertex   -3.700000e+00 -6.924585e+01 6.480768e+02
      vertex   -6.800000e+00 -6.918623e+01 6.482406e+02
    endloop
  endfacet
  facet normal 0.000000e+00 -9.396926e-01 3.420201e-01
    outer loop
      vertex   -6.800000e+00 -6.918623e+01 6.482406e+02
      vertex   -3.700000e+00 -6.924585e+01 6.480768e+02
      vertex   -3.700000e+00 -6.918623e+01 6.482406e+02
    endloop
  endfacet
  facet normal 0.000000e+00 -8.660254e-01 5.000000e-01
    outer loop
      vertex   -6.800000e+00 -6.918623e+01 6.482406e+02
      vertex   -3.700000e+00 -6.918623e+01 6.482406e+02
      vertex   -6.800000e+00 -6.909907e+01 6.483915e+02
    endloop
  endfacet
  facet normal 3.969987e-15 -8.660254e-01 5.000000e-01
    outer loop
      vertex   -6.800000e+00 -6.909907e+01 6.483915e+02
      vertex   -3.700000e+00 -6.918623e+01 6.482406e+02
      vertex   -3.700000e+00 -6.909907e+01 6.483915e+02
    endloop
  endfacet
  facet normal 3.511660e-15 -7.660444e-01 6.427876e-01
    outer loop
      vertex   -6.800000e+00 -6.909907e+01 6.483915e+02
      vertex   -3.700000e+00 -6.909907e+01 6.483915e+02
      vertex   -6.800000e+00 -6.898703e+01 6.485251e+02
    endloop
  endfacet
  facet normal 0.000000e+00 -7.660444e-01 6.427876e-01
    outer loop
      vertex   -6.800000e+00 -6.898703e+01 6.485251e+02
      vertex   -3.700000e+00 -6.909907e+01 6.483915e+02
      vertex   -3.700000e+00 -6.898703e+01 6.485251e+02
    endloop
  endfacet
  facet normal 0.000000e+00 -6.427876e-01 7.660444e-01
    outer loop
      vertex   -6.800000e+00 -6.898703e+01 6.485251e+02
      vertex   -3.700000e+00 -6.898703e+01 6.485251e+02
      vertex   -6.800000e+00 -6.885350e+01 6.486371e+02
    endloop
  endfacet
  facet normal 0.000000e+00 -1.000000e+00 0.000000e+00
    outer loop
      vertex   -9.900000e+00 -6.927612e+01 6.479051e+02
      vertex   -9.900000e+00 -6.927612e+01 6.477308e+02
      vertex   -6.800000e+00 -6.927612e+01 6.477308e+02
    endloop
  endfacet
  facet normal -0.000000e+00 -9.848078e-01 -1.736482e-01
    outer loop
      vertex   -6.800000e+00 -6.927612e+01 6.477308e+02
      vertex   -9.900000e+00 -6.927612e+01 6.477308e+02
      vertex   -6.800000e+00 -6.924585e+01 6.475591e+02
    endloop
  endfacet
  facet normal 0.000000e+00 -1.000000e+00 0.000000e+00
    outer loop
      vertex   -9.900000e+00 -6.927612e+01 6.479051e+02
      vertex   -6.800000e+00 -6.927612e+01 6.477308e+02
      vertex   -6.800000e+00 -6.927612e+01 6.479051e+02
    endloop
  endfacet
  facet normal 0.000000e+00 -9.848078e-01 1.736482e-01
    outer loop
      vertex   -9.900000e+00 -6.924585e+01 6.480768e+02
      vertex   -9.900000e+00 -6.927612e+01 6.479051e+02
      vertex   -6.800000e+00 -6.927612e+01 6.479051e+02
    endloop
  endfacet
  facet normal 0.000000e+00 -9.848078e-01 1.736482e-01
    outer loop
      vertex   -9.900000e+00 -6.924585e+01 6.480768e+02
      vertex   -6.800000e+00 -6.927612e+01 6.479051e+02
      vertex   -6.800000e+00 -6.924585e+01 6.480768e+02
    endloop
  endfacet
  facet normal 0.000000e+00 -9.396926e-01 3.420201e-01
    outer loop
      vertex   -9.900000e+00 -6.918623e+01 6.482406e+02
      vertex   -9.900000e+00 -6.924585e+01 6.480768e+02
      vertex   -6.800000e+00 -6.924585e+01 6.480768e+02
    endloop
  endfacet
  facet normal 0.000000e+00 -9.396926e-01 3.420201e-01
    outer loop
      vertex   -9.900000e+00 -6.918623e+01 6.482406e+02
      vertex   -6.800000e+00 -6.924585e+01 6.480768e+02
      vertex   -6.800000e+00 -6.918623e+01 6.482406e+02
    endloop
  endfacet
  facet normal 0.000000e+00 -8.660254e-01 5.000000e-01
    outer loop
      vertex   -9.900000e+00 -6.909907e+01 6.483915e+02
      vertex   -9.900000e+00 -6.918623e+01 6.482406e+02
      vertex   -6.800000e+00 -6.918623e+01 6.482406e+02
    endloop
  endfacet
  facet normal 0.000000e+00 -8.660254e-01 5.000000e-01
    outer loop
      vertex   -9.900000e+00 -6.909907e+01 6.483915e+02
      vertex   -6.800000e+00 -6.918623e+01 6.482406e+02
      vertex   -6.800000e+00 -6.909907e+01 6.483915e+02
    endloop
  endfacet
  facet normal 0.000000e+00 -7.660444e-01 6.427876e-01
    outer loop
      vertex   -9.900000e+00 -6.898703e+01 6.485251e+02
      vertex   -9.900000e+00 -6.909907e+01 6.483915e+02
      vertex   -6.800000e+00 -6.909907e+01 6.483915e+02
    endloop
  endfacet
  facet normal 0.000000e+00 -7.660444e-01 6.427876e-01
    outer loop
      vertex   -9.900000e+00 -6.898703e+01 6.485251e+02
      vertex   -6.800000e+00 -6.909907e+01 6.483915e+02
      vertex   -6.800000e+00 -6.898703e+01 6.485251e+02
    endloop
  endfacet
  facet normal 0.000000e+00 -6.427876e-01 7.660444e-01
    outer loop
      vertex   -9.900000e+00 -6.885350e+01 6.486371e+02
      vertex   -9.900000e+00 -6.898703e+01 6.485251e+02
      vertex   -6.800000e+00 -6.898703e+01 6.485251e+02
    endloop
  endfacet
  facet normal 0.000000e+00 -6.427876e-01 7.660444e-01
    outer loop
      vertex   -9.900000e+00 -6.885350e+01 6.486371e+02
      vertex   -6.800000e+00 -6.898703e+01 6.485251e+02
      vertex   -6.800000e+00 -6.885350e+01 6.486371e+02
    endloop
  endfacet
  facet normal 1.000000e+00 1.178831e-14 -1.404876e-14
    outer loop
      vertex   -6.000000e-01 -6.885350e+01 6.486371e+02
      vertex   -6.000000e-01 -6.898703e+01 6.485251e+02
      vertex   -6.000000e-01 -6.870254e+01 6.487243e+02
    endloop
  endfacet
  facet normal 1.000000e+00 4.730834e-15 -3.969641e-15
    outer loop
      vertex   -6.000000e-01 -6.870254e+01 6.487243e+02
      vertex   -6.000000e-01 -6.898703e+01 6.485251e+02
      vertex   -6.000000e-01 -6.909907e+01 6.483915e+02
    endloop
  endfacet
  facet normal 1.000000e+00 2.715395e-15 -1.567734e-15
    outer loop
      vertex   -6.000000e-01 -6.870254e+01 6.487243e+02
      vertex   -6.000000e-01 -6.909907e+01 6.483915e+02
      vertex   -6.000000e-01 -6.918623e+01 6.482406e+02
    endloop
  endfacet
  facet normal 1.000000e+00 1.804414e-15 -6.567529e-16
    outer loop
      vertex   -6.000000e-01 -6.918623e+01 6.482406e+02
      vertex   -6.000000e-01 -6.924585e+01 6.480768e+02
      vertex   -6.000000e-01 -6.870254e+01 6.487243e+02
    endloop
  endfacet
  facet normal 1.000000e+00 1.293551e-15 -2.280879e-16
    outer loop
      vertex   -6.000000e-01 -6.870254e+01 6.487243e+02
      vertex   -6.000000e-01 -6.924585e+01 6.480768e+02
      vertex   -6.000000e-01 -6.927612e+01 6.479051e+02
    endloop
  endfacet
  facet normal 1.000000e+00 9.678074e-16 0.000000e+00
    outer loop
      vertex   -6.000000e-01 -6.870254e+01 6.487243e+02
      vertex   -6.000000e-01 -6.927612e+01 6.479051e+02
      vertex   -6.000000e-01 -6.927612e+01 6.477308e+02
    endloop
  endfacet
  facet normal 1.000000e+00 7.413835e-16 1.307259e-16
    outer loop
      vertex   -6.000000e-01 -6.927612e+01 6.477308e+02
      vertex   -6.000000e-01 -6.924585e+01 6.475591e+02
      vertex   -6.000000e-01 -6.870254e+01 6.487243e+02
    endloop
  endfacet
  facet normal 1.000000e+00 4.655567e-15 -1.694488e-15
    outer loop
      vertex   -6.000000e-01 -6.870254e+01 6.487243e+02
      vertex   -6.000000e-01 -6.924585e+01 6.475591e+02
      vertex   -6.000000e-01 -6.918623e+01 6.473953e+02
    endloop
  endfacet
  facet normal 1.000000e+00 0.000000e+00 0.000000e+00
    outer loop
      vertex   -6.000000e-01 -6.870254e+01 6.487243e+02
      vertex   -6.000000e-01 -6.918623e+01 6.473953e+02
      vertex   -6.000000e-01 -6.846778e+01 6.458546e+02
    endloop
  endfacet
  facet normal 1.000000e+00 0.000000e+00 -0.000000e+00
    outer loop
      vertex   -6.000000e-01 -6.846778e+01 6.458546e+02
      vertex   -6.000000e-01 -4.071948e+01 6.587939e+02
      vertex   -6.000000e-01 -6.870254e+01 6.487243e+02
    endloop
  endfacet
  facet normal 1.000000e+00 0.000000e+00 0.000000e+00
    outer loop
      vertex   -6.000000e-01 -6.870254e+01 6.487243e+02
      vertex   -6.000000e-01 -4.071948e+01 6.587939e+02
      vertex   -6.000000e-01 -4.186055e+01 6.612409e+02
    endloop
  endfacet
  facet normal -1.287941e-14 -9.063078e-01 -4.226183e-01
    outer loop
      vertex   -1.300000e+01 -7.214456e+01 6.537395e+02
      vertex   -1.500000e+01 -7.214456e+01 6.537395e+02
      vertex   -1.300000e+01 -6.918623e+01 6.473953e+02
    endloop
  endfacet
  facet normal -1.337372e-14 -9.063078e-01 -4.226183e-01
    outer loop
      vertex   -1.300000e+01 -6.918623e+01 6.473953e+02
      vertex   -1.500000e+01 -7.214456e+01 6.537395e+02
      vertex   -1.500000e+01 -6.846778e+01 6.458546e+02
    endloop
  endfacet
  facet normal -6.258610e-15 -9.063078e-01 -4.226183e-01
    outer loop
      vertex   -1.300000e+01 -6.918623e+01 6.473953e+02
      vertex   -1.500000e+01 -6.846778e+01 6.458546e+02
      vertex   -6.000000e-01 -6.846778e+01 6.458546e+02
    endloop
  endfacet
  facet normal -2.075085e-15 -9.063078e-01 -4.226183e-01
    outer loop
      vertex   -6.000000e-01 -6.846778e+01 6.458546e+02
      vertex   -6.000000e-01 -6.918623e+01 6.473953e+02
      vertex   -1.300000e+01 -6.918623e+01 6.473953e+02
    endloop
  endfacet
  facet normal -2.131628e-15 -5.000000e-01 8.660254e-01
    outer loop
      vertex   3.000000e+00 -6.885350e+01 6.486371e+02
      vertex   6.333333e+00 -6.885350e+01 6.486371e+02
      vertex   3.000000e+00 -6.870254e+01 6.487243e+02
    endloop
  endfacet
  facet normal 2.131688e-15 -5.000000e-01 8.660254e-01
    outer loop
      vertex   3.000000e+00 -6.870254e+01 6.487243e+02
      vertex   6.333333e+00 -6.885350e+01 6.486371e+02
      vertex   9.666667e+00 -6.885350e+01 6.486371e+02
    endloop
  endfacet
  facet normal 2.131628e-15 -5.000000e-01 8.660254e-01
    outer loop
      vertex   3.000000e+00 -6.870254e+01 6.487243e+02
      vertex   9.666667e+00 -6.885350e+01 6.486371e+02
      vertex   1.300000e+01 -6.870254e+01 6.487243e+02
    endloop
  endfacet
  facet normal 4.263377e-15 -5.000000e-01 8.660254e-01
    outer loop
      vertex   1.300000e+01 -6.870254e+01 6.487243e+02
      vertex   9.666667e+00 -6.885350e+01 6.486371e+02
      vertex   1.300000e+01 -6.885350e+01 6.486371e+02
    endloop
  endfacet
  facet normal 5.480737e-15 -6.427876e-01 7.660444e-01
    outer loop
      vertex   1.300000e+01 -6.885350e+01 6.486371e+02
      vertex   9.666667e+00 -6.885350e+01 6.486371e+02
      vertex   1.300000e+01 -6.898703e+01 6.485251e+02
    endloop
  endfacet
  facet normal -2.740368e-15 -6.427876e-01 7.660444e-01
    outer loop
      vertex   1.300000e+01 -6.898703e+01 6.485251e+02
      vertex   9.666667e+00 -6.885350e+01 6.486371e+02
      vertex   9.666667e+00 -6.898703e+01 6.485251e+02
    endloop
  endfacet
  facet normal -3.265844e-15 -7.660444e-01 6.427876e-01
    outer loop
      vertex   1.300000e+01 -6.898703e+01 6.485251e+02
      vertex   9.666667e+00 -6.898703e+01 6.485251e+02
      vertex   1.300000e+01 -6.909907e+01 6.483915e+02
    endloop
  endfacet
  facet normal 6.531688e-15 -7.660444e-01 6.427876e-01
    outer loop
      vertex   1.300000e+01 -6.909907e+01 6.483915e+02
      vertex   9.666667e+00 -6.898703e+01 6.485251e+02
      vertex   9.666667e+00 -6.909907e+01 6.483915e+02
    endloop
  endfacet
  facet normal 7.384177e-15 -8.660254e-01 5.000000e-01
    outer loop
      vertex   1.300000e+01 -6.909907e+01 6.483915e+02
      vertex   9.666667e+00 -6.909907e+01 6.483915e+02
      vertex   1.300000e+01 -6.918623e+01 6.482406e+02
    endloop
  endfacet
  facet normal 0.000000e+00 -8.660254e-01 5.000000e-01
    outer loop
      vertex   1.300000e+01 -6.918623e+01 6.482406e+02
      vertex   9.666667e+00 -6.909907e+01 6.483915e+02
      vertex   9.666667e+00 -6.918623e+01 6.482406e+02
    endloop
  endfacet
  facet normal 0.000000e+00 -9.396926e-01 3.420201e-01
    outer loop
      vertex   1.300000e+01 -6.918623e+01 6.482406e+02
      vertex   9.666667e+00 -6.918623e+01 6.482406e+02
      vertex   1.300000e+01 -6.924585e+01 6.480768e+02
    endloop
  endfacet
  facet normal 0.000000e+00 -9.396926e-01 3.420201e-01
    outer loop
      vertex   1.300000e+01 -6.924585e+01 6.480768e+02
      vertex   9.666667e+00 -6.918623e+01 6.482406e+02
      vertex   9.666667e+00 -6.924585e+01 6.480768e+02
    endloop
  endfacet
  facet normal 0.000000e+00 -9.848078e-01 1.736482e-01
    outer loop
      vertex   1.300000e+01 -6.924585e+01 6.480768e+02
      vertex   9.666667e+00 -6.924585e+01 6.480768e+02
      vertex   1.300000e+01 -6.927612e+01 6.479051e+02
    endloop
  endfacet
  facet normal 0.000000e+00 -9.848078e-01 1.736482e-01
    outer loop
      vertex   1.300000e+01 -6.927612e+01 6.479051e+02
      vertex   9.666667e+00 -6.924585e+01 6.480768e+02
      vertex   9.666667e+00 -6.927612e+01 6.479051e+02
    endloop
  endfacet
  facet normal -0.000000e+00 -1.000000e+00 -0.000000e+00
    outer loop
      vertex   1.300000e+01 -6.927612e+01 6.479051e+02
      vertex   9.666667e+00 -6.927612e+01 6.479051e+02
      vertex   1.300000e+01 -6.927612e+01 6.477308e+02
    endloop
  endfacet
  facet normal 0.000000e+00 -1.000000e+00 0.000000e+00
    outer loop
      vertex   1.300000e+01 -6.927612e+01 6.477308e+02
      vertex   9.666667e+00 -6.927612e+01 6.479051e+02
      vertex   9.666667e+00 -6.927612e+01 6.477308e+02
    endloop
  endfacet
  facet normal -0.000000e+00 -9.848078e-01 -1.736482e-01
    outer loop
      vertex   1.300000e+01 -6.927612e+01 6.477308e+02
      vertex   9.666667e+00 -6.927612e+01 6.477308e+02
      vertex   1.300000e+01 -6.924585e+01 6.475591e+02
    endloop
  endfacet
  facet normal 4.198488e-15 -9.848078e-01 -1.736482e-01
    outer loop
      vertex   1.300000e+01 -6.924585e+01 6.475591e+02
      vertex   9.666667e+00 -6.927612e+01 6.477308e+02
      vertex   9.666667e+00 -6.924585e+01 6.475591e+02
    endloop
  endfacet
  facet normal 4.006151e-15 -9.396926e-01 -3.420201e-01
    outer loop
      vertex   1.300000e+01 -6.924585e+01 6.475591e+02
      vertex   9.666667e+00 -6.924585e+01 6.475591e+02
      vertex   1.300000e+01 -6.918623e+01 6.473953e+02
    endloop
  endfacet
  facet normal 0.000000e+00 -9.396926e-01 -3.420201e-01
    outer loop
      vertex   1.300000e+01 -6.918623e+01 6.473953e+02
      vertex   9.666667e+00 -6.924585e+01 6.475591e+02
      vertex   6.333333e+00 -6.924585e+01 6.475591e+02
    endloop
  endfacet
  facet normal -0.000000e+00 -9.396926e-01 -3.420201e-01
    outer loop
      vertex   1.300000e+01 -6.918623e+01 6.473953e+02
      vertex   6.333333e+00 -6.924585e+01 6.475591e+02
      vertex   3.000000e+00 -6.918623e+01 6.473953e+02
    endloop
  endfacet
  facet normal -4.006619e-15 -9.396926e-01 -3.420201e-01
    outer loop
      vertex   3.000000e+00 -6.918623e+01 6.473953e+02
      vertex   6.333333e+00 -6.924585e+01 6.475591e+02
      vertex   3.000000e+00 -6.924585e+01 6.475591e+02
    endloop
  endfacet
  facet normal -4.198488e-15 -9.848078e-01 -1.736482e-01
    outer loop
      vertex   3.000000e+00 -6.924585e+01 6.475591e+02
      vertex   6.333333e+00 -6.924585e+01 6.475591e+02
      vertex   3.000000e+00 -6.927612e+01 6.477308e+02
    endloop
  endfacet
  facet normal 0.000000e+00 -9.848078e-01 -1.736482e-01
    outer loop
      vertex   3.000000e+00 -6.927612e+01 6.477308e+02
      vertex   6.333333e+00 -6.924585e+01 6.475591e+02
      vertex   6.333333e+00 -6.927612e+01 6.477308e+02
    endloop
  endfacet
  facet normal 0.000000e+00 -1.000000e+00 0.000000e+00
    outer loop
      vertex   3.000000e+00 -6.927612e+01 6.477308e+02
      vertex   6.333333e+00 -6.927612e+01 6.477308e+02
      vertex   3.000000e+00 -6.927612e+01 6.479051e+02
    endloop
  endfacet
  facet normal 0.000000e+00 -1.000000e+00 0.000000e+00
    outer loop
      vertex   3.000000e+00 -6.927612e+01 6.479051e+02
      vertex   6.333333e+00 -6.927612e+01 6.477308e+02
      vertex   6.333333e+00 -6.927612e+01 6.479051e+02
    endloop
  endfacet
  facet normal 0.000000e+00 -9.848078e-01 1.736482e-01
    outer loop
      vertex   3.000000e+00 -6.927612e+01 6.479051e+02
      vertex   6.333333e+00 -6.927612e+01 6.479051e+02
      vertex   3.000000e+00 -6.924585e+01 6.480768e+02
    endloop
  endfacet
  facet normal 0.000000e+00 -9.848078e-01 1.736482e-01
    outer loop
      vertex   3.000000e+00 -6.924585e+01 6.480768e+02
      vertex   6.333333e+00 -6.927612e+01 6.479051e+02
      vertex   6.333333e+00 -6.924585e+01 6.480768e+02
    endloop
  endfacet
  facet normal 0.000000e+00 -9.396926e-01 3.420201e-01
    outer loop
      vertex   3.000000e+00 -6.924585e+01 6.480768e+02
      vertex   6.333333e+00 -6.924585e+01 6.480768e+02
      vertex   3.000000e+00 -6.918623e+01 6.482406e+02
    endloop
  endfacet
  facet normal 0.000000e+00 -9.396926e-01 3.420201e-01
    outer loop
      vertex   3.000000e+00 -6.918623e+01 6.482406e+02
      vertex   6.333333e+00 -6.924585e+01 6.480768e+02
      vertex   6.333333e+00 -6.918623e+01 6.482406e+02
    endloop
  endfacet
  facet normal 0.000000e+00 -8.660254e-01 5.000000e-01
    outer loop
      vertex   3.000000e+00 -6.918623e+01 6.482406e+02
      vertex   6.333333e+00 -6.918623e+01 6.482406e+02
      vertex   3.000000e+00 -6.909907e+01 6.483915e+02
    endloop
  endfacet
  facet normal -3.692088e-15 -8.660254e-01 5.000000e-01
    outer loop
      vertex   3.000000e+00 -6.909907e+01 6.483915e+02
      vertex   6.333333e+00 -6.918623e+01 6.482406e+02
      vertex   6.333333e+00 -6.909907e+01 6.483915e+02
    endloop
  endfacet
  facet normal -3.265844e-15 -7.660444e-01 6.427876e-01
    outer loop
      vertex   3.000000e+00 -6.909907e+01 6.483915e+02
      vertex   6.333333e+00 -6.909907e+01 6.483915e+02
      vertex   3.000000e+00 -6.898703e+01 6.485251e+02
    endloop
  endfacet
  facet normal 6.531688e-15 -7.660444e-01 6.427876e-01
    outer loop
      vertex   3.000000e+00 -6.898703e+01 6.485251e+02
      vertex   6.333333e+00 -6.909907e+01 6.483915e+02
      vertex   6.333333e+00 -6.898703e+01 6.485251e+02
    endloop
  endfacet
  facet normal 5.480737e-15 -6.427876e-01 7.660444e-01
    outer loop
      vertex   3.000000e+00 -6.898703e+01 6.485251e+02
      vertex   6.333333e+00 -6.898703e+01 6.485251e+02
      vertex   3.000000e+00 -6.885350e+01 6.486371e+02
    endloop
  endfacet
  facet normal -2.740368e-15 -6.427876e-01 7.660444e-01
    outer loop
      vertex   3.000000e+00 -6.885350e+01 6.486371e+02
      vertex   6.333333e+00 -6.898703e+01 6.485251e+02
      vertex   6.333333e+00 -6.885350e+01 6.486371e+02
    endloop
  endfacet
  facet normal 2.740742e-15 -6.427876e-01 7.660444e-01
    outer loop
      vertex   9.666667e+00 -6.898703e+01 6.485251e+02
      vertex   9.666667e+00 -6.885350e+01 6.486371e+02
      vertex   6.333333e+00 -6.885350e+01 6.486371e+02
    endloop
  endfacet
  facet normal 0.000000e+00 -6.427876e-01 7.660444e-01
    outer loop
      vertex   9.666667e+00 -6.898703e+01 6.485251e+02
      vertex   6.333333e+00 -6.885350e+01 6.486371e+02
      vertex   6.333333e+00 -6.898703e+01 6.485251e+02
    endloop
  endfacet
  facet normal 0.000000e+00 -7.660444e-01 6.427876e-01
    outer loop
      vertex   9.666667e+00 -6.909907e+01 6.483915e+02
      vertex   9.666667e+00 -6.898703e+01 6.485251e+02
      vertex   6.333333e+00 -6.898703e+01 6.485251e+02
    endloop
  endfacet
  facet normal 0.000000e+00 -7.660444e-01 6.427876e-01
    outer loop
      vertex   9.666667e+00 -6.909907e+01 6.483915e+02
      vertex   6.333333e+00 -6.898703e+01 6.485251e+02
      vertex   6.333333e+00 -6.909907e+01 6.483915e+02
    endloop
  endfacet
  facet normal 0.000000e+00 -8.660254e-01 5.000000e-01
    outer loop
      vertex   9.666667e+00 -6.918623e+01 6.482406e+02
      vertex   9.666667e+00 -6.909907e+01 6.483915e+02
      vertex   6.333333e+00 -6.909907e+01 6.483915e+02
    endloop
  endfacet
  facet normal 0.000000e+00 -8.660254e-01 5.000000e-01
    outer loop
      vertex   9.666667e+00 -6.918623e+01 6.482406e+02
      vertex   6.333333e+00 -6.909907e+01 6.483915e+02
      vertex   6.333333e+00 -6.918623e+01 6.482406e+02
    endloop
  endfacet
  facet normal 0.000000e+00 -9.396926e-01 3.420201e-01
    outer loop
      vertex   9.666667e+00 -6.924585e+01 6.480768e+02
      vertex   9.666667e+00 -6.918623e+01 6.482406e+02
      vertex   6.333333e+00 -6.918623e+01 6.482406e+02
    endloop
  endfacet
  facet normal 0.000000e+00 -9.396926e-01 3.420201e-01
    outer loop
      vertex   9.666667e+00 -6.924585e+01 6.480768e+02
      vertex   6.333333e+00 -6.918623e+01 6.482406e+02
      vertex   6.333333e+00 -6.924585e+01 6.480768e+02
    endloop
  endfacet
  facet normal 0.000000e+00 -9.848078e-01 1.736482e-01
    outer loop
      vertex   9.666667e+00 -6.927612e+01 6.479051e+02
      vertex   9.666667e+00 -6.924585e+01 6.480768e+02
      vertex   6.333333e+00 -6.924585e+01 6.480768e+02
    endloop
  endfacet
  facet normal 0.000000e+00 -9.848078e-01 1.736482e-01
    outer loop
      vertex   9.666667e+00 -6.927612e+01 6.479051e+02
      vertex   6.333333e+00 -6.924585e+01 6.480768e+02
      vertex   6.333333e+00 -6.927612e+01 6.479051e+02
    endloop
  endfacet
  facet normal 0.000000e+00 -1.000000e+00 0.000000e+00
    outer loop
      vertex   9.666667e+00 -6.927612e+01 6.477308e+02
      vertex   9.666667e+00 -6.927612e+01 6.479051e+02
      vertex   6.333333e+00 -6.927612e+01 6.479051e+02
    endloop
  endfacet
  facet normal 0.000000e+00 -1.000000e+00 0.000000e+00
    outer loop
      vertex   9.666667e+00 -6.927612e+01 6.477308e+02
      vertex   6.333333e+00 -6.927612e+01 6.479051e+02
      vertex   6.333333e+00 -6.927612e+01 6.477308e+02
    endloop
  endfacet
  facet normal 0.000000e+00 -9.848078e-01 -1.736482e-01
    outer loop
      vertex   9.666667e+00 -6.924585e+01 6.475591e+02
      vertex   9.666667e+00 -6.927612e+01 6.477308e+02
      vertex   6.333333e+00 -6.927612e+01 6.477308e+02
    endloop
  endfacet
  facet normal -0.000000e+00 -9.848078e-01 -1.736482e-01
    outer loop
      vertex   9.666667e+00 -6.924585e+01 6.475591e+02
      vertex   6.333333e+00 -6.927612e+01 6.477308e+02
      vertex   6.333333e+00 -6.924585e+01 6.475591e+02
    endloop
  endfacet
  facet normal -1.000000e+00 -6.211242e-12 1.332005e-11
    outer loop
      vertex   -1.500000e+01 -3.160035e+01 6.660253e+02
      vertex   -1.500000e+01 -3.045928e+01 6.635783e+02
      vertex   -1.500000e+01 -6.054577e+01 6.525278e+02
    endloop
  endfacet
  facet normal -1.000000e+00 -6.211415e-12 1.332052e-11
    outer loop
      vertex   -1.500000e+01 -6.054577e+01 6.525278e+02
      vertex   -1.500000e+01 -3.045928e+01 6.635783e+02
      vertex   -1.500000e+01 -6.846778e+01 6.458546e+02
    endloop
  endfacet
  facet normal -1.000000e+00 5.499583e-13 5.293857e-12
    outer loop
      vertex   -1.500000e+01 -6.054577e+01 6.525278e+02
      vertex   -1.500000e+01 -6.846778e+01 6.458546e+02
      vertex   -1.500000e+01 -7.214456e+01 6.537395e+02
    endloop
  endfacet
  facet normal -1.000000e+00 -3.192705e-15 -1.241575e-15
    outer loop
      vertex   -1.500000e+01 -7.214456e+01 6.537395e+02
      vertex   -1.500000e+01 -7.223938e+01 6.539833e+02
      vertex   -1.500000e+01 -6.054577e+01 6.525278e+02
    endloop
  endfacet
  facet normal -1.000000e+00 -3.133609e-15 -7.667893e-16
    outer loop
      vertex   -1.500000e+01 -6.054577e+01 6.525278e+02
      vertex   -1.500000e+01 -7.223938e+01 6.539833e+02
      vertex   -1.500000e+01 -7.230156e+01 6.542374e+02
    endloop
  endfacet
  facet normal -1.000000e+00 -1.052145e-15 1.354603e-14
    outer loop
      vertex   -1.500000e+01 -6.054577e+01 6.525278e+02
      vertex   -1.500000e+01 -7.230156e+01 6.542374e+02
      vertex   -1.500000e+01 -7.233004e+01 6.544975e+02
    endloop
  endfacet
  facet normal -1.000000e+00 -3.304222e-15 7.209839e-17
    outer loop
      vertex   -1.500000e+01 -7.233004e+01 6.544975e+02
      vertex   -1.500000e+01 -7.232433e+01 6.547590e+02
      vertex   -1.500000e+01 -6.054577e+01 6.525278e+02
    endloop
  endfacet
  facet normal -1.000000e+00 -2.385314e-15 4.923012e-15
    outer loop
      vertex   -1.500000e+01 -6.054577e+01 6.525278e+02
      vertex   -1.500000e+01 -7.232433e+01 6.547590e+02
      vertex   -1.500000e+01 -7.117718e+01 6.563973e+02
    endloop
  endfacet
  facet normal -1.000000e+00 -2.167002e-15 5.522820e-15
    outer loop
      vertex   -1.500000e+01 -6.054577e+01 6.525278e+02
      vertex   -1.500000e+01 -7.117718e+01 6.563973e+02
      vertex   -1.500000e+01 -6.308148e+01 6.579657e+02
    endloop
  endfacet
  facet normal -1.000000e+00 -1.876802e-15 4.024815e-15
    outer loop
      vertex   -1.500000e+01 -6.308148e+01 6.579657e+02
      vertex   -1.500000e+01 -7.117718e+01 6.563973e+02
      vertex   -1.500000e+01 -6.573933e+01 6.589330e+02
    endloop
  endfacet
  facet normal -1.000000e+00 -6.533098e-16 7.386332e-15
    outer loop
      vertex   -1.500000e+01 -6.308148e+01 6.579657e+02
      vertex   -1.500000e+01 -6.573933e+01 6.589330e+02
      vertex   -1.500000e+01 -6.320731e+01 6.581950e+02
    endloop
  endfacet
  facet normal -1.000000e+00 -4.478129e-16 8.091360e-15
    outer loop
      vertex   -1.500000e+01 -6.320731e+01 6.581950e+02
      vertex   -1.500000e+01 -6.573933e+01 6.589330e+02
      vertex   -1.500000e+01 -6.336201e+01 6.584060e+02
    endloop
  endfacet
  facet normal -1.000000e+00 2.445015e-15 2.114006e-14
    outer loop
      vertex   -1.500000e+01 -6.336201e+01 6.584060e+02
      vertex   -1.500000e+01 -6.573933e+01 6.589330e+02
      vertex   -1.500000e+01 -6.354291e+01 6.585950e+02
    endloop
  endfacet
  facet normal -1.000000e+00 -1.000651e-15 -1.246785e-15
    outer loop
      vertex   -1.500000e+01 -6.354291e+01 6.585950e+02
      vertex   -1.500000e+01 -6.573933e+01 6.589330e+02
      vertex   -1.500000e+01 -6.374694e+01 6.587587e+02
    endloop
  endfacet
  facet normal -1.000000e+00 -1.041770e-15 -1.716784e-15
    outer loop
      vertex   -1.500000e+01 -6.374694e+01 6.587587e+02
      vertex   -1.500000e+01 -6.573933e+01 6.589330e+02
      vertex   -1.500000e+01 -6.397060e+01 6.588945e+02
    endloop
  endfacet
  facet normal -1.000000e+00 -6.696462e-16 1.533742e-14
    outer loop
      vertex   -1.500000e+01 -6.397060e+01 6.588945e+02
      vertex   -1.500000e+01 -6.573933e+01 6.589330e+02
      vertex   -1.500000e+01 -6.421005e+01 6.589998e+02
    endloop
  endfacet
  facet normal -1.000000e+00 -9.214082e-16 2.110372e-14
    outer loop
      vertex   -1.500000e+01 -6.421005e+01 6.589998e+02
      vertex   -1.500000e+01 -6.573933e+01 6.589330e+02
      vertex   -1.500000e+01 -6.549551e+01 6.590279e+02
    endloop
  endfacet
  facet normal -1.000000e+00 -9.214082e-16 2.110372e-14
    outer loop
      vertex   -1.500000e+01 -6.421005e+01 6.589998e+02
      vertex   -1.500000e+01 -6.549551e+01 6.590279e+02
      vertex   -1.500000e+01 -6.446122e+01 6.590730e+02
    endloop
  endfacet
  facet normal -1.000000e+00 -3.036306e-15 6.954284e-14
    outer loop
      vertex   -1.500000e+01 -6.446122e+01 6.590730e+02
      vertex   -1.500000e+01 -6.549551e+01 6.590279e+02
      vertex   -1.500000e+01 -6.524139e+01 6.590900e+02
    endloop
  endfacet
  facet normal -1.000000e+00 -5.305946e-15 -3.447328e-14
    outer loop
      vertex   -1.500000e+01 -6.446122e+01 6.590730e+02
      vertex   -1.500000e+01 -6.524139e+01 6.590900e+02
      vertex   -1.500000e+01 -6.471978e+01 6.591128e+02
    endloop
  endfacet
  facet normal -1.000000e+00 -2.269640e-15 -1.040161e-13
    outer loop
      vertex   -1.500000e+01 -6.471978e+01 6.591128e+02
      vertex   -1.500000e+01 -6.524139e+01 6.590900e+02
      vertex   -1.500000e+01 -6.498133e+01 6.591185e+02
    endloop
  endfacet
  facet normal -1.000000e+00 5.954310e-15 -9.164560e-16
    outer loop
      vertex   -1.500000e+01 -7.232433e+01 6.547590e+02
      vertex   -1.500000e+01 -7.228453e+01 6.550176e+02
      vertex   -1.500000e+01 -7.117718e+01 6.563973e+02
    endloop
  endfacet
  facet normal -1.000000e+00 -2.011847e-14 2.000916e-14
    outer loop
      vertex   -1.500000e+01 -7.117718e+01 6.563973e+02
      vertex   -1.500000e+01 -7.228453e+01 6.550176e+02
      vertex   -1.500000e+01 -7.221133e+01 6.552688e+02
    endloop
  endfacet
  facet normal -1.000000e+00 -1.226966e-14 1.281705e-14
    outer loop
      vertex   -1.500000e+01 -7.117718e+01 6.563973e+02
      vertex   -1.500000e+01 -7.221133e+01 6.552688e+02
      vertex   -1.500000e+01 -7.210596e+01 6.555082e+02
    endloop
  endfacet
  facet normal -1.000000e+00 0.000000e+00 0.000000e+00
    outer loop
      vertex   -1.500000e+01 -7.210596e+01 6.555082e+02
      vertex   -1.500000e+01 -7.197025e+01 6.557319e+02
      vertex   -1.500000e+01 -7.117718e+01 6.563973e+02
    endloop
  endfacet
  facet normal -1.000000e+00 0.000000e+00 0.000000e+00
    outer loop
      vertex   -1.500000e+01 -7.117718e+01 6.563973e+02
      vertex   -1.500000e+01 -7.197025e+01 6.557319e+02
      vertex   -1.500000e+01 -7.180650e+01 6.559359e+02
    endloop
  endfacet
  facet normal -1.000000e+00 0.000000e+00 0.000000e+00
    outer loop
      vertex   -1.500000e+01 -7.117718e+01 6.563973e+02
      vertex   -1.500000e+01 -7.180650e+01 6.559359e+02
      vertex   -1.500000e+01 -7.161752e+01 6.561168e+02
    endloop
  endfacet
  facet normal -1.000000e+00 0.000000e+00 0.000000e+00
    outer loop
      vertex   -1.500000e+01 -7.161752e+01 6.561168e+02
      vertex   -1.500000e+01 -7.140654e+01 6.562715e+02
      vertex   -1.500000e+01 -7.117718e+01 6.563973e+02
    endloop
  endfacet
  facet normal 0.000000e+00 -9.063078e-01 -4.226183e-01
    outer loop
      vertex   -6.000000e-01 -4.186055e+01 6.612409e+02
      vertex   -6.000000e-01 -4.071948e+01 6.587939e+02
      vertex   0.000000e+00 -4.186055e+01 6.612409e+02
    endloop
  endfacet
  facet normal 0.000000e+00 -9.063078e-01 -4.226183e-01
    outer loop
      vertex   0.000000e+00 -4.186055e+01 6.612409e+02
      vertex   -6.000000e-01 -4.071948e+01 6.587939e+02
      vertex   0.000000e+00 -4.071948e+01 6.587939e+02
    endloop
  endfacet
  facet normal -1.115882e-14 9.063078e-01 4.226183e-01
    outer loop
      vertex   5.000000e+00 -1.499562e+01 6.707891e+02
      vertex   -5.000000e+00 -1.499562e+01 6.707891e+02
      vertex   -2.000000e+00 -1.613669e+01 6.732361e+02
    endloop
  endfacet
  facet normal 0.000000e+00 9.063078e-01 4.226183e-01
    outer loop
      vertex   -2.000000e+00 -1.613669e+01 6.732361e+02
      vertex   -5.000000e+00 -1.499562e+01 6.707891e+02
      vertex   -5.000000e+00 -1.613669e+01 6.732361e+02
    endloop
  endfacet
  facet normal 0.000000e+00 9.063078e-01 4.226183e-01
    outer loop
      vertex   -2.000000e+00 -1.613669e+01 6.732361e+02
      vertex   -5.000000e+00 -1.613669e+01 6.732361e+02
      vertex   -2.000000e+00 -2.048966e+01 6.825711e+02
    endloop
  endfacet
  facet normal -9.748300e-15 9.063078e-01 4.226183e-01
    outer loop
      vertex   -2.000000e+00 -2.048966e+01 6.825711e+02
      vertex   -5.000000e+00 -1.613669e+01 6.732361e+02
      vertex   -5.000000e+00 -2.133489e+01 6.843837e+02
    endloop
  endfacet
  facet normal 2.247091e-14 9.063078e-01 4.226183e-01
    outer loop
      vertex   -2.000000e+00 -2.048966e+01 6.825711e+02
      vertex   -5.000000e+00 -2.133489e+01 6.843837e+02
      vertex   -4.000000e+00 -2.175751e+01 6.852900e+02
    endloop
  endfacet
  facet normal -9.706972e-13 9.063078e-01 4.226183e-01
    outer loop
      vertex   -4.000000e+00 -2.175751e+01 6.852900e+02
      vertex   -5.000000e+00 -2.133489e+01 6.843837e+02
      vertex   -4.173648e+00 -2.175109e+01 6.852762e+02
    endloop
  endfacet
  facet normal 1.301585e-13 9.063078e-01 4.226183e-01
    outer loop
      vertex   -4.173648e+00 -2.175109e+01 6.852762e+02
      vertex   -5.000000e+00 -2.133489e+01 6.843837e+02
      vertex   -4.342020e+00 -2.173202e+01 6.852354e+02
    endloop
  endfacet
  facet normal -3.713015e-14 9.063078e-01 4.226183e-01
    outer loop
      vertex   -4.342020e+00 -2.173202e+01 6.852354e+02
      vertex   -5.000000e+00 -2.133489e+01 6.843837e+02
      vertex   -4.500000e+00 -2.170089e+01 6.851686e+02
    endloop
  endfacet
  facet normal 5.726900e-14 9.063078e-01 4.226183e-01
    outer loop
      vertex   -4.500000e+00 -2.170089e+01 6.851686e+02
      vertex   -5.000000e+00 -2.133489e+01 6.843837e+02
      vertex   -4.642788e+00 -2.165864e+01 6.850780e+02
    endloop
  endfacet
  facet normal -2.865539e-13 9.063078e-01 4.226183e-01
    outer loop
      vertex   -4.642788e+00 -2.165864e+01 6.850780e+02
      vertex   -5.000000e+00 -2.133489e+01 6.843837e+02
      vertex   -4.766044e+00 -2.160655e+01 6.849663e+02
    endloop
  endfacet
  facet normal -1.251271e-12 9.063078e-01 4.226183e-01
    outer loop
      vertex   -4.766044e+00 -2.160655e+01 6.849663e+02
      vertex   -5.000000e+00 -2.133489e+01 6.843837e+02
      vertex   -4.866025e+00 -2.154620e+01 6.848369e+02
    endloop
  endfacet
  facet normal -9.599020e-13 9.063078e-01 4.226183e-01
    outer loop
      vertex   -4.866025e+00 -2.154620e+01 6.848369e+02
      vertex   -5.000000e+00 -2.133489e+01 6.843837e+02
      vertex   -4.939693e+00 -2.147944e+01 6.846937e+02
    endloop
  endfacet
  facet normal -2.654586e-12 9.063078e-01 4.226183e-01
    outer loop
      vertex   -4.939693e+00 -2.147944e+01 6.846937e+02
      vertex   -5.000000e+00 -2.133489e+01 6.843837e+02
      vertex   -4.984808e+00 -2.140828e+01 6.845411e+02
    endloop
  endfacet
  facet normal -0.000000e+00 9.063078e-01 4.226183e-01
    outer loop
      vertex   -2.000000e+00 -2.048966e+01 6.825711e+02
      vertex   -4.000000e+00 -2.175751e+01 6.852900e+02
      vertex   2.775558e-16 -2.048966e+01 6.825711e+02
    endloop
  endfacet
  facet normal 0.000000e+00 9.063078e-01 4.226183e-01
    outer loop
      vertex   2.775558e-16 -2.048966e+01 6.825711e+02
      vertex   -4.000000e+00 -2.175751e+01 6.852900e+02
      vertex   2.000000e+00 -2.175751e+01 6.852900e+02
    endloop
  endfacet
  facet normal 3.264413e-13 9.063078e-01 4.226183e-01
    outer loop
      vertex   2.775558e-16 -2.048966e+01 6.825711e+02
      vertex   2.000000e+00 -2.175751e+01 6.852900e+02
      vertex   1.453441e-01 -2.039773e+01 6.823739e+02
    endloop
  endfacet
  facet normal 3.044744e-14 9.063078e-01 4.226183e-01
    outer loop
      vertex   1.453441e-01 -2.039773e+01 6.823739e+02
      vertex   2.000000e+00 -2.175751e+01 6.852900e+02
      vertex   3.178372e-01 -2.031460e+01 6.821957e+02
    endloop
  endfacet
  facet normal -1.062365e-13 9.063078e-01 4.226183e-01
    outer loop
      vertex   3.178372e-01 -2.031460e+01 6.821957e+02
      vertex   2.000000e+00 -2.175751e+01 6.852900e+02
      vertex   5.145279e-01 -2.024170e+01 6.820394e+02
    endloop
  endfacet
  facet normal -1.508299e-13 9.063078e-01 4.226183e-01
    outer loop
      vertex   5.145279e-01 -2.024170e+01 6.820394e+02
      vertex   2.000000e+00 -2.175751e+01 6.852900e+02
      vertex   7.320508e-01 -2.018028e+01 6.819076e+02
    endloop
  endfacet
  facet normal 3.346279e-13 9.063078e-01 4.226183e-01
    outer loop
      vertex   7.320508e-01 -2.018028e+01 6.819076e+02
      vertex   2.000000e+00 -2.175751e+01 6.852900e+02
      vertex   9.666839e-01 -2.013138e+01 6.818028e+02
    endloop
  endfacet
  facet normal -2.709925e-13 9.063078e-01 4.226183e-01
    outer loop
      vertex   9.666839e-01 -2.013138e+01 6.818028e+02
      vertex   2.000000e+00 -2.175751e+01 6.852900e+02
      vertex   1.214413e+00 -2.009584e+01 6.817265e+02
    endloop
  endfacet
  facet normal 3.677981e-14 9.063078e-01 4.226183e-01
    outer loop
      vertex   1.214413e+00 -2.009584e+01 6.817265e+02
      vertex   2.000000e+00 -2.175751e+01 6.852900e+02
      vertex   1.470998e+00 -2.007427e+01 6.816803e+02
    endloop
  endfacet
  facet normal 5.888664e-13 9.063078e-01 4.226183e-01
    outer loop
      vertex   1.470998e+00 -2.007427e+01 6.816803e+02
      vertex   2.000000e+00 -2.175751e+01 6.852900e+02
      vertex   1.732051e+00 -2.006704e+01 6.816648e+02
    endloop
  endfacet
  facet normal -0.000000e+00 9.063078e-01 4.226183e-01
    outer loop
      vertex   1.732051e+00 -2.006704e+01 6.816648e+02
      vertex   2.000000e+00 -2.175751e+01 6.852900e+02
      vertex   2.000000e+00 -2.006704e+01 6.816648e+02
    endloop
  endfacet
  facet normal -6.417089e-14 9.063078e-01 4.226183e-01
    outer loop
      vertex   2.000000e+00 -2.006704e+01 6.816648e+02
      vertex   2.000000e+00 -2.175751e+01 6.852900e+02
      vertex   3.000000e+00 -2.048966e+01 6.825711e+02
    endloop
  endfacet
  facet normal -9.959480e-13 9.063078e-01 4.226183e-01
    outer loop
      vertex   2.000000e+00 -2.006704e+01 6.816648e+02
      vertex   3.000000e+00 -2.048966e+01 6.825711e+02
      vertex   2.173648e+00 -2.007346e+01 6.816785e+02
    endloop
  endfacet
  facet normal 2.088961e-13 9.063078e-01 4.226183e-01
    outer loop
      vertex   2.173648e+00 -2.007346e+01 6.816785e+02
      vertex   3.000000e+00 -2.048966e+01 6.825711e+02
      vertex   2.342020e+00 -2.009253e+01 6.817194e+02
    endloop
  endfacet
  facet normal 7.873674e-14 9.063078e-01 4.226183e-01
    outer loop
      vertex   2.342020e+00 -2.009253e+01 6.817194e+02
      vertex   3.000000e+00 -2.048966e+01 6.825711e+02
      vertex   2.500000e+00 -2.012366e+01 6.817862e+02
    endloop
  endfacet
  facet normal 2.327495e-13 9.063078e-01 4.226183e-01
    outer loop
      vertex   2.500000e+00 -2.012366e+01 6.817862e+02
      vertex   3.000000e+00 -2.048966e+01 6.825711e+02
      vertex   2.642788e+00 -2.016591e+01 6.818768e+02
    endloop
  endfacet
  facet normal 1.390771e-13 9.063078e-01 4.226183e-01
    outer loop
      vertex   2.642788e+00 -2.016591e+01 6.818768e+02
      vertex   3.000000e+00 -2.048966e+01 6.825711e+02
      vertex   2.766044e+00 -2.021800e+01 6.819885e+02
    endloop
  endfacet
  facet normal -4.566635e-13 9.063078e-01 4.226183e-01
    outer loop
      vertex   2.766044e+00 -2.021800e+01 6.819885e+02
      vertex   3.000000e+00 -2.048966e+01 6.825711e+02
      vertex   2.866025e+00 -2.027835e+01 6.821179e+02
    endloop
  endfacet
  facet normal 5.557910e-13 9.063078e-01 4.226183e-01
    outer loop
      vertex   2.866025e+00 -2.027835e+01 6.821179e+02
      vertex   3.000000e+00 -2.048966e+01 6.825711e+02
      vertex   2.939693e+00 -2.034511e+01 6.822611e+02
    endloop
  endfacet
  facet normal 2.573048e-12 9.063078e-01 4.226183e-01
    outer loop
      vertex   2.939693e+00 -2.034511e+01 6.822611e+02
      vertex   3.000000e+00 -2.048966e+01 6.825711e+02
      vertex   2.984808e+00 -2.041627e+01 6.824137e+02
    endloop
  endfacet
  facet normal 5.617729e-14 9.063078e-01 4.226183e-01
    outer loop
      vertex   3.000000e+00 -2.048966e+01 6.825711e+02
      vertex   2.000000e+00 -2.175751e+01 6.852900e+02
      vertex   3.000000e+00 -2.133489e+01 6.843837e+02
    endloop
  endfacet
  facet normal 9.598918e-13 9.063078e-01 4.226183e-01
    outer loop
      vertex   3.000000e+00 -2.133489e+01 6.843837e+02
      vertex   2.000000e+00 -2.175751e+01 6.852900e+02
      vertex   2.173648e+00 -2.175109e+01 6.852762e+02
    endloop
  endfacet
  facet normal -1.692979e-13 9.063078e-01 4.226183e-01
    outer loop
      vertex   3.000000e+00 -2.133489e+01 6.843837e+02
      vertex   2.173648e+00 -2.175109e+01 6.852762e+02
      vertex   2.342020e+00 -2.173202e+01 6.852354e+02
    endloop
  endfacet
  facet normal -1.062200e-13 9.063078e-01 4.226183e-01
    outer loop
      vertex   2.342020e+00 -2.173202e+01 6.852354e+02
      vertex   2.500000e+00 -2.170089e+01 6.851686e+02
      vertex   3.000000e+00 -2.133489e+01 6.843837e+02
    endloop
  endfacet
  facet normal -1.808495e-13 9.063078e-01 4.226183e-01
    outer loop
      vertex   3.000000e+00 -2.133489e+01 6.843837e+02
      vertex   2.500000e+00 -2.170089e+01 6.851686e+02
      vertex   2.642788e+00 -2.165864e+01 6.850780e+02
    endloop
  endfacet
  facet normal 3.855603e-15 9.063078e-01 4.226183e-01
    outer loop
      vertex   3.000000e+00 -2.133489e+01 6.843837e+02
      vertex   2.642788e+00 -2.165864e+01 6.850780e+02
      vertex   2.766044e+00 -2.160655e+01 6.849663e+02
    endloop
  endfacet
  facet normal 7.161364e-13 9.063078e-01 4.226183e-01
    outer loop
      vertex   2.766044e+00 -2.160655e+01 6.849663e+02
      vertex   2.866025e+00 -2.154620e+01 6.848369e+02
      vertex   3.000000e+00 -2.133489e+01 6.843837e+02
    endloop
  endfacet
  facet normal -2.072591e-13 9.063078e-01 4.226183e-01
    outer loop
      vertex   3.000000e+00 -2.133489e+01 6.843837e+02
      vertex   2.866025e+00 -2.154620e+01 6.848369e+02
      vertex   2.939693e+00 -2.147944e+01 6.846937e+02
    endloop
  endfacet
  facet normal -1.244769e-12 9.063078e-01 4.226183e-01
    outer loop
      vertex   3.000000e+00 -2.133489e+01 6.843837e+02
      vertex   2.939693e+00 -2.147944e+01 6.846937e+02
      vertex   2.984808e+00 -2.140828e+01 6.845411e+02
    endloop
  endfacet
  facet normal 7.310069e-14 9.063078e-01 4.226183e-01
    outer loop
      vertex   -2.000000e+00 -1.613669e+01 6.732361e+02
      vertex   5.000000e+00 -1.613669e+01 6.732361e+02
      vertex   5.000000e+00 -1.499562e+01 6.707891e+02
    endloop
  endfacet
  facet normal 9.848078e-01 -7.338689e-02 1.573787e-01
    outer loop
      vertex   -3.238603e+00 -2.717165e+01 6.680904e+02
      vertex   -3.238603e+00 -4.090221e+01 6.616878e+02
      vertex   -2.762520e+00 -2.603058e+01 6.656434e+02
    endloop
  endfacet
  facet normal 9.848078e-01 -7.338689e-02 1.573787e-01
    outer loop
      vertex   -2.762520e+00 -2.603058e+01 6.656434e+02
      vertex   -3.238603e+00 -4.090221e+01 6.616878e+02
      vertex   -2.762520e+00 -3.976114e+01 6.592407e+02
    endloop
  endfacet
  facet normal -9.848078e-01 -7.338689e-02 1.573787e-01
    outer loop
      vertex   3.238603e+00 -4.090221e+01 6.616878e+02
      vertex   3.238603e+00 -2.717165e+01 6.680904e+02
      vertex   2.762520e+00 -3.976114e+01 6.592407e+02
    endloop
  endfacet
  facet normal -9.848078e-01 -7.338689e-02 1.573787e-01
    outer loop
      vertex   2.762520e+00 -3.976114e+01 6.592407e+02
      vertex   3.238603e+00 -2.717165e+01 6.680904e+02
      vertex   2.762520e+00 -2.603058e+01 6.656434e+02
    endloop
  endfacet
  facet normal 4.971050e-15 -9.063078e-01 -4.226183e-01
    outer loop
      vertex   3.238603e+00 -2.717165e+01 6.680904e+02
      vertex   -3.238603e+00 -2.717165e+01 6.680904e+02
      vertex   2.762520e+00 -2.603058e+01 6.656434e+02
    endloop
  endfacet
  facet normal -5.827743e-16 -9.063078e-01 -4.226183e-01
    outer loop
      vertex   2.762520e+00 -2.603058e+01 6.656434e+02
      vertex   -3.238603e+00 -2.717165e+01 6.680904e+02
      vertex   -2.762520e+00 -2.603058e+01 6.656434e+02
    endloop
  endfacet
  facet normal -1.000000e+00 1.149947e-16 5.362292e-17
    outer loop
      vertex   -2.000000e+01 -2.315239e+01 6.669855e+02
      vertex   -2.000000e+01 -2.429346e+01 6.694326e+02
      vertex   -2.000000e+01 2.224229e+00 6.788188e+02
    endloop
  endfacet
  facet normal -1.000000e+00 5.560895e-16 -1.192538e-15
    outer loop
      vertex   -2.000000e+01 2.224229e+00 6.788188e+02
      vertex   -2.000000e+01 -2.429346e+01 6.694326e+02
      vertex   -2.000000e+01 1.083160e+00 6.812659e+02
    endloop
  endfacet
  facet normal 1.000000e+00 3.110404e-15 -5.736235e-15
    outer loop
      vertex   -1.300000e+01 -6.054577e+01 6.525278e+02
      vertex   -1.300000e+01 -6.308148e+01 6.579657e+02
      vertex   -1.300000e+01 -6.870254e+01 6.487243e+02
    endloop
  endfacet
  facet normal 1.000000e+00 2.502403e-15 -5.366420e-15
    outer loop
      vertex   -1.300000e+01 -6.870254e+01 6.487243e+02
      vertex   -1.300000e+01 -6.308148e+01 6.579657e+02
      vertex   -1.300000e+01 -7.214456e+01 6.537395e+02
    endloop
  endfacet
  facet normal 1.000000e+00 2.929192e-15 -5.073509e-15
    outer loop
      vertex   -1.300000e+01 -6.870254e+01 6.487243e+02
      vertex   -1.300000e+01 -7.214456e+01 6.537395e+02
      vertex   -1.300000e+01 -6.885350e+01 6.486371e+02
    endloop
  endfacet
  facet normal 1.000000e+00 3.790837e-15 -4.517744e-15
    outer loop
      vertex   -1.300000e+01 -6.885350e+01 6.486371e+02
      vertex   -1.300000e+01 -7.214456e+01 6.537395e+02
      vertex   -1.300000e+01 -6.898703e+01 6.485251e+02
    endloop
  endfacet
  facet normal 1.000000e+00 4.716229e-15 -3.957386e-15
    outer loop
      vertex   -1.300000e+01 -6.898703e+01 6.485251e+02
      vertex   -1.300000e+01 -7.214456e+01 6.537395e+02
      vertex   -1.300000e+01 -6.909907e+01 6.483915e+02
    endloop
  endfacet
  facet normal 1.000000e+00 -1.472886e-14 -1.503071e-14
    outer loop
      vertex   -1.300000e+01 -6.909907e+01 6.483915e+02
      vertex   -1.300000e+01 -7.214456e+01 6.537395e+02
      vertex   -1.300000e+01 -6.918623e+01 6.482406e+02
    endloop
  endfacet
  facet normal 1.000000e+00 7.879367e-15 -2.867855e-15
    outer loop
      vertex   -1.300000e+01 -6.918623e+01 6.482406e+02
      vertex   -1.300000e+01 -7.214456e+01 6.537395e+02
      vertex   -1.300000e+01 -6.924585e+01 6.480768e+02
    endloop
  endfacet
  facet normal 1.000000e+00 -5.008071e-15 -9.464855e-15
    outer loop
      vertex   -1.300000e+01 -6.924585e+01 6.480768e+02
      vertex   -1.300000e+01 -7.214456e+01 6.537395e+02
      vertex   -1.300000e+01 -6.927612e+01 6.479051e+02
    endloop
  endfacet
  facet normal 1.000000e+00 1.424335e-14 0.000000e+00
    outer loop
      vertex   -1.300000e+01 -6.927612e+01 6.479051e+02
      vertex   -1.300000e+01 -7.214456e+01 6.537395e+02
      vertex   -1.300000e+01 -6.927612e+01 6.477308e+02
    endloop
  endfacet
  facet normal 1.000000e+00 2.258564e-14 3.982457e-15
    outer loop
      vertex   -1.300000e+01 -6.927612e+01 6.477308e+02
      vertex   -1.300000e+01 -7.214456e+01 6.537395e+02
      vertex   -1.300000e+01 -6.924585e+01 6.475591e+02
    endloop
  endfacet
  facet normal 1.000000e+00 -1.435395e-13 -7.393357e-14
    outer loop
      vertex   -1.300000e+01 -6.924585e+01 6.475591e+02
      vertex   -1.300000e+01 -7.214456e+01 6.537395e+02
      vertex   -1.300000e+01 -6.918623e+01 6.473953e+02
    endloop
  endfacet
  facet normal 1.000000e+00 4.175478e-15 2.290746e-15
    outer loop
      vertex   -1.300000e+01 -6.320731e+01 6.581950e+02
      vertex   -1.300000e+01 -6.573933e+01 6.589330e+02
      vertex   -1.300000e+01 -6.308148e+01 6.579657e+02
    endloop
  endfacet
  facet normal 1.000000e+00 1.876802e-15 -4.024815e-15
    outer loop
      vertex   -1.300000e+01 -6.308148e+01 6.579657e+02
      vertex   -1.300000e+01 -6.573933e+01 6.589330e+02
      vertex   -1.300000e+01 -7.117718e+01 6.563973e+02
    endloop
  endfacet
  facet normal 1.000000e+00 1.876802e-15 -4.024815e-15
    outer loop
      vertex   -1.300000e+01 -6.308148e+01 6.579657e+02
      vertex   -1.300000e+01 -7.117718e+01 6.563973e+02
      vertex   -1.300000e+01 -7.214456e+01 6.537395e+02
    endloop
  endfacet
  facet normal 1.000000e+00 -2.379292e-14 5.318198e-15
    outer loop
      vertex   -1.300000e+01 -7.214456e+01 6.537395e+02
      vertex   -1.300000e+01 -7.117718e+01 6.563973e+02
      vertex   -1.300000e+01 -7.223938e+01 6.539833e+02
    endloop
  endfacet
  facet normal 1.000000e+00 -7.522810e-15 -1.840820e-15
    outer loop
      vertex   -1.300000e+01 -7.223938e+01 6.539833e+02
      vertex   -1.300000e+01 -7.117718e+01 6.563973e+02
      vertex   -1.300000e+01 -7.230156e+01 6.542374e+02
    endloop
  endfacet
  facet normal 1.000000e+00 2.338564e-14 -1.793074e-14
    outer loop
      vertex   -1.300000e+01 -7.230156e+01 6.542374e+02
      vertex   -1.300000e+01 -7.117718e+01 6.563973e+02
      vertex   -1.300000e+01 -7.233004e+01 6.544975e+02
    endloop
  endfacet
  facet normal 1.000000e+00 -6.393194e-15 1.395000e-16
    outer loop
      vertex   -1.300000e+01 -7.233004e+01 6.544975e+02
      vertex   -1.300000e+01 -7.117718e+01 6.563973e+02
      vertex   -1.300000e+01 -7.232433e+01 6.547590e+02
    endloop
  endfacet
  facet normal 1.000000e+00 -7.939080e-15 1.221941e-15
    outer loop
      vertex   -1.300000e+01 -7.232433e+01 6.547590e+02
      vertex   -1.300000e+01 -7.117718e+01 6.563973e+02
      vertex   -1.300000e+01 -7.228453e+01 6.550176e+02
    endloop
  endfacet
  facet normal 1.000000e+00 3.761873e-15 -8.169067e-15
    outer loop
      vertex   -1.300000e+01 -7.228453e+01 6.550176e+02
      vertex   -1.300000e+01 -7.117718e+01 6.563973e+02
      vertex   -1.300000e+01 -7.221133e+01 6.552688e+02
    endloop
  endfacet
  facet normal 1.000000e+00 2.123486e-14 -2.418011e-14
    outer loop
      vertex   -1.300000e+01 -7.221133e+01 6.552688e+02
      vertex   -1.300000e+01 -7.117718e+01 6.563973e+02
      vertex   -1.300000e+01 -7.210596e+01 6.555082e+02
    endloop
  endfacet
  facet normal 1.000000e+00 -4.563480e-15 2.769188e-15
    outer loop
      vertex   -1.300000e+01 -7.210596e+01 6.555082e+02
      vertex   -1.300000e+01 -7.117718e+01 6.563973e+02
      vertex   -1.300000e+01 -7.197025e+01 6.557319e+02
    endloop
  endfacet
  facet normal 1.000000e+00 -6.859122e-15 5.505028e-15
    outer loop
      vertex   -1.300000e+01 -7.197025e+01 6.557319e+02
      vertex   -1.300000e+01 -7.117718e+01 6.563973e+02
      vertex   -1.300000e+01 -7.180650e+01 6.559359e+02
    endloop
  endfacet
  facet normal 1.000000e+00 -1.205972e-14 1.259775e-14
    outer loop
      vertex   -1.300000e+01 -7.180650e+01 6.559359e+02
      vertex   -1.300000e+01 -7.117718e+01 6.563973e+02
      vertex   -1.300000e+01 -7.161752e+01 6.561168e+02
    endloop
  endfacet
  facet normal 1.000000e+00 -3.076019e-14 4.195160e-14
    outer loop
      vertex   -1.300000e+01 -7.161752e+01 6.561168e+02
      vertex   -1.300000e+01 -7.117718e+01 6.563973e+02
      vertex   -1.300000e+01 -7.140654e+01 6.562715e+02
    endloop
  endfacet
  facet normal 1.000000e+00 1.340058e-15 -7.437139e-15
    outer loop
      vertex   -1.300000e+01 -6.320731e+01 6.581950e+02
      vertex   -1.300000e+01 -6.336201e+01 6.584060e+02
      vertex   -1.300000e+01 -6.573933e+01 6.589330e+02
    endloop
  endfacet
  facet normal 1.000000e+00 1.148758e-15 -8.300038e-15
    outer loop
      vertex   -1.300000e+01 -6.573933e+01 6.589330e+02
      vertex   -1.300000e+01 -6.336201e+01 6.584060e+02
      vertex   -1.300000e+01 -6.354291e+01 6.585950e+02
    endloop
  endfacet
  facet normal 1.000000e+00 3.001952e-15 3.740355e-15
    outer loop
      vertex   -1.300000e+01 -6.573933e+01 6.589330e+02
      vertex   -1.300000e+01 -6.354291e+01 6.585950e+02
      vertex   -1.300000e+01 -6.374694e+01 6.587587e+02
    endloop
  endfacet
  facet normal 1.000000e+00 3.125311e-15 5.150353e-15
    outer loop
      vertex   -1.300000e+01 -6.374694e+01 6.587587e+02
      vertex   -1.300000e+01 -6.397060e+01 6.588945e+02
      vertex   -1.300000e+01 -6.573933e+01 6.589330e+02
    endloop
  endfacet
  facet normal 1.000000e+00 2.396005e-15 -2.827328e-14
    outer loop
      vertex   -1.300000e+01 -6.573933e+01 6.589330e+02
      vertex   -1.300000e+01 -6.397060e+01 6.588945e+02
      vertex   -1.300000e+01 -6.421005e+01 6.589998e+02
    endloop
  endfacet
  facet normal 1.000000e+00 1.931647e-15 -1.763774e-14
    outer loop
      vertex   -1.300000e+01 -6.573933e+01 6.589330e+02
      vertex   -1.300000e+01 -6.421005e+01 6.589998e+02
      vertex   -1.300000e+01 -6.446122e+01 6.590730e+02
    endloop
  endfacet
  facet normal 1.000000e+00 0.000000e+00 0.000000e+00
    outer loop
      vertex   -1.300000e+01 -6.446122e+01 6.590730e+02
      vertex   -1.300000e+01 -6.471978e+01 6.591128e+02
      vertex   -1.300000e+01 -6.573933e+01 6.589330e+02
    endloop
  endfacet
  facet normal 1.000000e+00 0.000000e+00 0.000000e+00
    outer loop
      vertex   -1.300000e+01 -6.573933e+01 6.589330e+02
      vertex   -1.300000e+01 -6.471978e+01 6.591128e+02
      vertex   -1.300000e+01 -6.498133e+01 6.591185e+02
    endloop
  endfacet
  facet normal 1.000000e+00 1.236452e-14 -5.052964e-14
    outer loop
      vertex   -1.300000e+01 -6.573933e+01 6.589330e+02
      vertex   -1.300000e+01 -6.498133e+01 6.591185e+02
      vertex   -1.300000e+01 -6.524139e+01 6.590900e+02
    endloop
  endfacet
  facet normal 1.000000e+00 -1.885419e-14 4.848346e-14
    outer loop
      vertex   -1.300000e+01 -6.524139e+01 6.590900e+02
      vertex   -1.300000e+01 -6.549551e+01 6.590279e+02
      vertex   -1.300000e+01 -6.573933e+01 6.589330e+02
    endloop
  endfacet
  facet normal -1.000000e+00 -2.067463e-14 5.562082e-12
    outer loop
      vertex   2.355332e-13 -6.436875e+01 6.540385e+02
      vertex   2.248312e-13 -6.385111e+01 6.540385e+02
      vertex   -9.268073e-14 -6.453255e+01 6.539789e+02
    endloop
  endfacet
  facet normal -1.000000e+00 3.756486e-13 1.032086e-12
    outer loop
      vertex   -9.268073e-14 -6.453255e+01 6.539789e+02
      vertex   2.248312e-13 -6.385111e+01 6.540385e+02
      vertex   2.248312e-13 -6.368731e+01 6.539789e+02
    endloop
  endfacet
  facet normal -1.000000e+00 3.756486e-13 6.296490e-13
    outer loop
      vertex   -9.268073e-14 -6.453255e+01 6.539789e+02
      vertex   2.248312e-13 -6.368731e+01 6.539789e+02
      vertex   2.266609e-13 -6.353635e+01 6.538917e+02
    endloop
  endfacet
  facet normal -1.000000e+00 -2.067463e-14 -5.680307e-14
    outer loop
      vertex   2.302648e-13 -6.419709e+01 6.540688e+02
      vertex   2.266609e-13 -6.402277e+01 6.540688e+02
      vertex   2.355332e-13 -6.436875e+01 6.540385e+02
    endloop
  endfacet
  facet normal -1.000000e+00 -2.067463e-14 -5.680307e-14
    outer loop
      vertex   2.355332e-13 -6.436875e+01 6.540385e+02
      vertex   2.266609e-13 -6.402277e+01 6.540688e+02
      vertex   2.248312e-13 -6.385111e+01 6.540385e+02
    endloop
  endfacet
  facet normal -1.000000e+00 3.547338e-13 3.905913e-13
    outer loop
      vertex   2.266609e-13 -6.353635e+01 6.538917e+02
      vertex   2.302648e-13 -6.340282e+01 6.537797e+02
      vertex   -9.268073e-14 -6.453255e+01 6.539789e+02
    endloop
  endfacet
  facet normal -1.000000e+00 3.273364e-13 2.352129e-13
    outer loop
      vertex   -9.268073e-14 -6.453255e+01 6.539789e+02
      vertex   2.302648e-13 -6.340282e+01 6.537797e+02
      vertex   2.355332e-13 -6.329078e+01 6.536462e+02
    endloop
  endfacet
  facet normal -1.000000e+00 8.225109e-13 2.083229e-12
    outer loop
      vertex   -9.268073e-14 -6.453255e+01 6.539789e+02
      vertex   2.355332e-13 -6.329078e+01 6.536462e+02
      vertex   -7.260728e-15 -6.320362e+01 6.534952e+02
    endloop
  endfacet
  facet normal -1.000000e+00 3.604310e-14 -7.757330e-14
    outer loop
      vertex   -7.260728e-15 -6.320362e+01 6.534952e+02
      vertex   1.638148e-13 -6.235839e+01 6.516826e+02
      vertex   -9.268073e-14 -6.453255e+01 6.539789e+02
    endloop
  endfacet
  facet normal -1.000000e+00 3.604310e-14 -7.757330e-14
    outer loop
      vertex   -9.268073e-14 -6.453255e+01 6.539789e+02
      vertex   1.638148e-13 -6.235839e+01 6.516826e+02
      vertex   -9.185646e-14 -7.087670e+01 6.510206e+02
    endloop
  endfacet
  facet normal -1.000000e+00 3.029818e-14 -3.652847e-15
    outer loop
      vertex   -9.185646e-14 -7.087670e+01 6.510206e+02
      vertex   1.638148e-13 -6.235839e+01 6.516826e+02
      vertex   0.000000e+00 -6.846778e+01 6.458546e+02
    endloop
  endfacet
  facet normal -1.000000e+00 -2.564115e-14 5.498763e-14
    outer loop
      vertex   0.000000e+00 -6.846778e+01 6.458546e+02
      vertex   1.638148e-13 -6.235839e+01 6.516826e+02
      vertex   0.000000e+00 -4.071948e+01 6.587939e+02
    endloop
  endfacet
  facet normal -1.000000e+00 -6.564422e-15 -3.061040e-15
    outer loop
      vertex   0.000000e+00 -4.071948e+01 6.587939e+02
      vertex   1.638148e-13 -6.235839e+01 6.516826e+02
      vertex   0.000000e+00 -4.186055e+01 6.612409e+02
    endloop
  endfacet
  facet normal 1.390328e-11 -9.063078e-01 -4.226183e-01
    outer loop
      vertex   2.984808e+00 -7.052747e+01 6.502716e+02
      vertex   2.000000e+00 -7.087670e+01 6.510206e+02
      vertex   3.000000e+00 -7.045408e+01 6.501143e+02
    endloop
  endfacet
  facet normal 1.115774e-14 -9.063078e-01 -4.226183e-01
    outer loop
      vertex   3.000000e+00 -7.045408e+01 6.501143e+02
      vertex   2.000000e+00 -7.087670e+01 6.510206e+02
      vertex   -9.185646e-14 -7.087670e+01 6.510206e+02
    endloop
  endfacet
  facet normal -3.665216e-13 -9.063078e-01 -4.226183e-01
    outer loop
      vertex   3.000000e+00 -7.045408e+01 6.501143e+02
      vertex   -9.185646e-14 -7.087670e+01 6.510206e+02
      vertex   3.000000e+00 -6.918623e+01 6.473953e+02
    endloop
  endfacet
  facet normal 2.742446e-13 -9.063078e-01 -4.226183e-01
    outer loop
      vertex   3.000000e+00 -6.918623e+01 6.473953e+02
      vertex   -9.185646e-14 -7.087670e+01 6.510206e+02
      vertex   0.000000e+00 -6.846778e+01 6.458546e+02
    endloop
  endfacet
  facet normal -8.620555e-16 -9.063078e-01 -4.226183e-01
    outer loop
      vertex   3.000000e+00 -6.918623e+01 6.473953e+02
      vertex   0.000000e+00 -6.846778e+01 6.458546e+02
      vertex   1.500000e+01 -6.846778e+01 6.458546e+02
    endloop
  endfacet
  facet normal 2.502326e-12 -9.063078e-01 -4.226183e-01
    outer loop
      vertex   2.984808e+00 -7.052747e+01 6.502716e+02
      vertex   2.939693e+00 -7.059863e+01 6.504242e+02
      vertex   2.000000e+00 -7.087670e+01 6.510206e+02
    endloop
  endfacet
  facet normal 3.331303e-12 -9.063078e-01 -4.226183e-01
    outer loop
      vertex   2.000000e+00 -7.087670e+01 6.510206e+02
      vertex   2.939693e+00 -7.059863e+01 6.504242e+02
      vertex   2.866025e+00 -7.066539e+01 6.505674e+02
    endloop
  endfacet
  facet normal 4.153321e-12 -9.063078e-01 -4.226183e-01
    outer loop
      vertex   2.000000e+00 -7.087670e+01 6.510206e+02
      vertex   2.866025e+00 -7.066539e+01 6.505674e+02
      vertex   2.766044e+00 -7.072574e+01 6.506968e+02
    endloop
  endfacet
  facet normal 5.081616e-12 -9.063078e-01 -4.226183e-01
    outer loop
      vertex   2.766044e+00 -7.072574e+01 6.506968e+02
      vertex   2.642788e+00 -7.077783e+01 6.508085e+02
      vertex   2.000000e+00 -7.087670e+01 6.510206e+02
    endloop
  endfacet
  facet normal 6.100594e-12 -9.063078e-01 -4.226183e-01
    outer loop
      vertex   2.000000e+00 -7.087670e+01 6.510206e+02
      vertex   2.642788e+00 -7.077783e+01 6.508085e+02
      vertex   2.500000e+00 -7.082008e+01 6.508991e+02
    endloop
  endfacet
  facet normal 1.005807e-11 -9.063078e-01 -4.226183e-01
    outer loop
      vertex   2.000000e+00 -7.087670e+01 6.510206e+02
      vertex   2.500000e+00 -7.082008e+01 6.508991e+02
      vertex   2.342020e+00 -7.085122e+01 6.509659e+02
    endloop
  endfacet
  facet normal 1.752124e-11 -9.063078e-01 -4.226183e-01
    outer loop
      vertex   2.342020e+00 -7.085122e+01 6.509659e+02
      vertex   2.173648e+00 -7.087028e+01 6.510068e+02
      vertex   2.000000e+00 -7.087670e+01 6.510206e+02
    endloop
  endfacet
  facet normal 0.000000e+00 -9.063078e-01 -4.226183e-01
    outer loop
      vertex   3.000000e+00 -6.918623e+01 6.473953e+02
      vertex   1.500000e+01 -6.846778e+01 6.458546e+02
      vertex   1.300000e+01 -6.918623e+01 6.473953e+02
    endloop
  endfacet
  facet normal -1.786566e-15 -9.063078e-01 -4.226183e-01
    outer loop
      vertex   1.300000e+01 -6.918623e+01 6.473953e+02
      vertex   1.500000e+01 -6.846778e+01 6.458546e+02
      vertex   1.500000e+01 -7.214456e+01 6.537395e+02
    endloop
  endfacet
  facet normal -1.294203e-14 -9.063078e-01 -4.226183e-01
    outer loop
      vertex   1.300000e+01 -6.918623e+01 6.473953e+02
      vertex   1.500000e+01 -7.214456e+01 6.537395e+02
      vertex   1.300000e+01 -7.214456e+01 6.537395e+02
    endloop
  endfacet
  facet normal -1.000000e+00 -2.627523e-15 5.634741e-15
    outer loop
      vertex   1.300000e+01 -6.054577e+01 6.525278e+02
      vertex   1.300000e+01 -6.870254e+01 6.487243e+02
      vertex   1.300000e+01 -6.308148e+01 6.579657e+02
    endloop
  endfacet
  facet normal -1.000000e+00 -1.533120e-15 4.969074e-15
    outer loop
      vertex   1.300000e+01 -6.308148e+01 6.579657e+02
      vertex   1.300000e+01 -6.870254e+01 6.487243e+02
      vertex   1.300000e+01 -6.573933e+01 6.589330e+02
    endloop
  endfacet
  facet normal -1.000000e+00 -6.533098e-16 7.386332e-15
    outer loop
      vertex   1.300000e+01 -6.308148e+01 6.579657e+02
      vertex   1.300000e+01 -6.573933e+01 6.589330e+02
      vertex   1.300000e+01 -6.320731e+01 6.581950e+02
    endloop
  endfacet
  facet normal -1.000000e+00 -4.478129e-16 8.091360e-15
    outer loop
      vertex   1.300000e+01 -6.320731e+01 6.581950e+02
      vertex   1.300000e+01 -6.573933e+01 6.589330e+02
      vertex   1.300000e+01 -6.336201e+01 6.584060e+02
    endloop
  endfacet
  facet normal -1.000000e+00 2.445015e-15 2.114006e-14
    outer loop
      vertex   1.300000e+01 -6.336201e+01 6.584060e+02
      vertex   1.300000e+01 -6.573933e+01 6.589330e+02
      vertex   1.300000e+01 -6.354291e+01 6.585950e+02
    endloop
  endfacet
  facet normal -1.000000e+00 -1.000651e-15 -1.246785e-15
    outer loop
      vertex   1.300000e+01 -6.354291e+01 6.585950e+02
      vertex   1.300000e+01 -6.573933e+01 6.589330e+02
      vertex   1.300000e+01 -6.374694e+01 6.587587e+02
    endloop
  endfacet
  facet normal -1.000000e+00 -1.041770e-15 -1.716784e-15
    outer loop
      vertex   1.300000e+01 -6.374694e+01 6.587587e+02
      vertex   1.300000e+01 -6.573933e+01 6.589330e+02
      vertex   1.300000e+01 -6.397060e+01 6.588945e+02
    endloop
  endfacet
  facet normal -1.000000e+00 -6.696462e-16 1.533742e-14
    outer loop
      vertex   1.300000e+01 -6.397060e+01 6.588945e+02
      vertex   1.300000e+01 -6.573933e+01 6.589330e+02
      vertex   1.300000e+01 -6.421005e+01 6.589998e+02
    endloop
  endfacet
  facet normal -1.000000e+00 -9.214082e-16 2.110372e-14
    outer loop
      vertex   1.300000e+01 -6.421005e+01 6.589998e+02
      vertex   1.300000e+01 -6.573933e+01 6.589330e+02
      vertex   1.300000e+01 -6.446122e+01 6.590730e+02
    endloop
  endfacet
  facet normal -1.000000e+00 8.120276e-16 5.275828e-15
    outer loop
      vertex   1.300000e+01 -6.446122e+01 6.590730e+02
      vertex   1.300000e+01 -6.573933e+01 6.589330e+02
      vertex   1.300000e+01 -6.471978e+01 6.591128e+02
    endloop
  endfacet
  facet normal -1.000000e+00 1.918630e-16 8.792956e-15
    outer loop
      vertex   1.300000e+01 -6.471978e+01 6.591128e+02
      vertex   1.300000e+01 -6.573933e+01 6.589330e+02
      vertex   1.300000e+01 -6.498133e+01 6.591185e+02
    endloop
  endfacet
  facet normal -1.000000e+00 -2.662765e-14 1.183952e-13
    outer loop
      vertex   1.300000e+01 -6.498133e+01 6.591185e+02
      vertex   1.300000e+01 -6.573933e+01 6.589330e+02
      vertex   1.300000e+01 -6.524139e+01 6.590900e+02
    endloop
  endfacet
  facet normal -1.000000e+00 2.534385e-14 -4.643728e-14
    outer loop
      vertex   1.300000e+01 -6.524139e+01 6.590900e+02
      vertex   1.300000e+01 -6.573933e+01 6.589330e+02
      vertex   1.300000e+01 -6.549551e+01 6.590279e+02
    endloop
  endfacet
  facet normal -1.000000e+00 -2.983876e-15 5.390171e-15
    outer loop
      vertex   1.300000e+01 -6.573933e+01 6.589330e+02
      vertex   1.300000e+01 -6.870254e+01 6.487243e+02
      vertex   1.300000e+01 -7.214456e+01 6.537395e+02
    endloop
  endfacet
  facet normal -1.000000e+00 -1.150342e-14 -4.569031e-16
    outer loop
      vertex   1.300000e+01 -7.214456e+01 6.537395e+02
      vertex   1.300000e+01 -6.870254e+01 6.487243e+02
      vertex   1.300000e+01 -6.885350e+01 6.486371e+02
    endloop
  endfacet
  facet normal -1.000000e+00 -3.790837e-15 4.517744e-15
    outer loop
      vertex   1.300000e+01 -7.214456e+01 6.537395e+02
      vertex   1.300000e+01 -6.885350e+01 6.486371e+02
      vertex   1.300000e+01 -6.898703e+01 6.485251e+02
    endloop
  endfacet
  facet normal -1.000000e+00 -4.716229e-15 3.957386e-15
    outer loop
      vertex   1.300000e+01 -6.898703e+01 6.485251e+02
      vertex   1.300000e+01 -6.909907e+01 6.483915e+02
      vertex   1.300000e+01 -7.214456e+01 6.537395e+02
    endloop
  endfacet
  facet normal -1.000000e+00 4.468101e-15 9.187553e-15
    outer loop
      vertex   1.300000e+01 -7.214456e+01 6.537395e+02
      vertex   1.300000e+01 -6.909907e+01 6.483915e+02
      vertex   1.300000e+01 -6.918623e+01 6.482406e+02
    endloop
  endfacet
  facet normal -1.000000e+00 -7.521214e-15 2.737498e-15
    outer loop
      vertex   1.300000e+01 -7.214456e+01 6.537395e+02
      vertex   1.300000e+01 -6.918623e+01 6.482406e+02
      vertex   1.300000e+01 -6.924585e+01 6.480768e+02
    endloop
  endfacet
  facet normal -1.000000e+00 5.463874e-15 9.384484e-15
    outer loop
      vertex   1.300000e+01 -6.924585e+01 6.480768e+02
      vertex   1.300000e+01 -6.927612e+01 6.479051e+02
      vertex   1.300000e+01 -7.214456e+01 6.537395e+02
    endloop
  endfacet
  facet normal -1.000000e+00 -1.362407e-14 0.000000e+00
    outer loop
      vertex   1.300000e+01 -7.214456e+01 6.537395e+02
      vertex   1.300000e+01 -6.927612e+01 6.479051e+02
      vertex   1.300000e+01 -6.927612e+01 6.477308e+02
    endloop
  endfacet
  facet normal -1.000000e+00 -2.160365e-14 -3.809307e-15
    outer loop
      vertex   1.300000e+01 -7.214456e+01 6.537395e+02
      vertex   1.300000e+01 -6.927612e+01 6.477308e+02
      vertex   1.300000e+01 -6.924585e+01 6.475591e+02
    endloop
  endfacet
  facet normal -1.000000e+00 2.495098e-13 1.233483e-13
    outer loop
      vertex   1.300000e+01 -6.924585e+01 6.475591e+02
      vertex   1.300000e+01 -6.918623e+01 6.473953e+02
      vertex   1.300000e+01 -7.214456e+01 6.537395e+02
    endloop
  endfacet
  facet normal -1.000000e+00 -1.876802e-15 4.024815e-15
    outer loop
      vertex   1.300000e+01 -6.573933e+01 6.589330e+02
      vertex   1.300000e+01 -7.214456e+01 6.537395e+02
      vertex   1.300000e+01 -7.117718e+01 6.563973e+02
    endloop
  endfacet
  facet normal -1.000000e+00 -5.238319e-15 5.248307e-15
    outer loop
      vertex   1.300000e+01 -7.117718e+01 6.563973e+02
      vertex   1.300000e+01 -7.214456e+01 6.537395e+02
      vertex   1.300000e+01 -7.223938e+01 6.539833e+02
    endloop
  endfacet
  facet normal -1.000000e+00 -5.910493e-15 5.544071e-15
    outer loop
      vertex   1.300000e+01 -7.117718e+01 6.563973e+02
      vertex   1.300000e+01 -7.223938e+01 6.539833e+02
      vertex   1.300000e+01 -7.230156e+01 6.542374e+02
    endloop
  endfacet
  facet normal -1.000000e+00 -1.776585e-14 1.171558e-14
    outer loop
      vertex   1.300000e+01 -7.230156e+01 6.542374e+02
      vertex   1.300000e+01 -7.233004e+01 6.544975e+02
      vertex   1.300000e+01 -7.117718e+01 6.563973e+02
    endloop
  endfacet
  facet normal -1.000000e+00 1.598298e-15 -3.487500e-17
    outer loop
      vertex   1.300000e+01 -7.117718e+01 6.563973e+02
      vertex   1.300000e+01 -7.233004e+01 6.544975e+02
      vertex   1.300000e+01 -7.232433e+01 6.547590e+02
    endloop
  endfacet
  facet normal -1.000000e+00 1.984770e-15 -3.054853e-16
    outer loop
      vertex   1.300000e+01 -7.117718e+01 6.563973e+02
      vertex   1.300000e+01 -7.232433e+01 6.547590e+02
      vertex   1.300000e+01 -7.228453e+01 6.550176e+02
    endloop
  endfacet
  facet normal -1.000000e+00 -1.131871e-14 1.037168e-14
    outer loop
      vertex   1.300000e+01 -7.228453e+01 6.550176e+02
      vertex   1.300000e+01 -7.221133e+01 6.552688e+02
      vertex   1.300000e+01 -7.117718e+01 6.563973e+02
    endloop
  endfacet
  facet normal -1.000000e+00 -1.557412e-14 1.427105e-14
    outer loop
      vertex   1.300000e+01 -7.117718e+01 6.563973e+02
      vertex   1.300000e+01 -7.221133e+01 6.552688e+02
      vertex   1.300000e+01 -7.210596e+01 6.555082e+02
    endloop
  endfacet
  facet normal -1.000000e+00 -4.563480e-15 2.769188e-15
    outer loop
      vertex   1.300000e+01 -7.117718e+01 6.563973e+02
      vertex   1.300000e+01 -7.210596e+01 6.555082e+02
      vertex   1.300000e+01 -7.197025e+01 6.557319e+02
    endloop
  endfacet
  facet normal -1.000000e+00 -6.859122e-15 5.505028e-15
    outer loop
      vertex   1.300000e+01 -7.197025e+01 6.557319e+02
      vertex   1.300000e+01 -7.180650e+01 6.559359e+02
      vertex   1.300000e+01 -7.117718e+01 6.563973e+02
    endloop
  endfacet
  facet normal -1.000000e+00 -7.358010e-14 9.650095e-14
    outer loop
      vertex   1.300000e+01 -7.117718e+01 6.563973e+02
      vertex   1.300000e+01 -7.180650e+01 6.559359e+02
      vertex   1.300000e+01 -7.161752e+01 6.561168e+02
    endloop
  endfacet
  facet normal -1.000000e+00 1.928231e-14 -4.926382e-14
    outer loop
      vertex   1.300000e+01 -7.117718e+01 6.563973e+02
      vertex   1.300000e+01 -7.161752e+01 6.561168e+02
      vertex   1.300000e+01 -7.140654e+01 6.562715e+02
    endloop
  endfacet
endsolid
