solid ASCII
  facet normal 0.000000e+00 -0.000000e+00 1.000000e+00
    outer loop
      vertex   -2.000000e+00 -2.953055e+01 6.567907e+02
      vertex   2.000000e+00 -2.953055e+01 6.567907e+02
      vertex   -2.000000e+00 -2.790320e+01 6.567907e+02
    endloop
  endfacet
  facet normal -0.000000e+00 0.000000e+00 1.000000e+00
    outer loop
      vertex   -2.000000e+00 -2.790320e+01 6.567907e+02
      vertex   2.000000e+00 -2.953055e+01 6.567907e+02
      vertex   2.000000e+00 -2.790320e+01 6.567907e+02
    endloop
  endfacet
  facet normal 0.000000e+00 -0.000000e+00 1.000000e+00
    outer loop
      vertex   -2.000000e+00 -2.790320e+01 6.567907e+02
      vertex   2.000000e+00 -2.790320e+01 6.567907e+02
      vertex   -2.006386e+00 -2.769188e+01 6.567907e+02
    endloop
  endfacet
  facet normal -0.000000e+00 0.000000e+00 1.000000e+00
    outer loop
      vertex   -2.006386e+00 -2.769188e+01 6.567907e+02
      vertex   2.000000e+00 -2.790320e+01 6.567907e+02
      vertex   2.006386e+00 -2.769188e+01 6.567907e+02
    endloop
  endfacet
  facet normal 0.000000e+00 -0.000000e+00 1.000000e+00
    outer loop
      vertex   -2.006386e+00 -2.769188e+01 6.567907e+02
      vertex   2.006386e+00 -2.769188e+01 6.567907e+02
      vertex   -2.025519e+00 -2.748132e+01 6.567907e+02
    endloop
  endfacet
  facet normal -0.000000e+00 0.000000e+00 1.000000e+00
    outer loop
      vertex   -2.025519e+00 -2.748132e+01 6.567907e+02
      vertex   2.006386e+00 -2.769188e+01 6.567907e+02
      vertex   2.025519e+00 -2.748132e+01 6.567907e+02
    endloop
  endfacet
  facet normal 0.000000e+00 -0.000000e+00 1.000000e+00
    outer loop
      vertex   -2.025519e+00 -2.748132e+01 6.567907e+02
      vertex   2.025519e+00 -2.748132e+01 6.567907e+02
      vertex   -2.057330e+00 -2.727231e+01 6.567907e+02
    endloop
  endfacet
  facet normal -0.000000e+00 0.000000e+00 1.000000e+00
    outer loop
      vertex   -2.057330e+00 -2.727231e+01 6.567907e+02
      vertex   2.025519e+00 -2.748132e+01 6.567907e+02
      vertex   2.057330e+00 -2.727231e+01 6.567907e+02
    endloop
  endfacet
  facet normal 0.000000e+00 -0.000000e+00 1.000000e+00
    outer loop
      vertex   -2.057330e+00 -2.727231e+01 6.567907e+02
      vertex   2.057330e+00 -2.727231e+01 6.567907e+02
      vertex   -2.101704e+00 -2.706560e+01 6.567907e+02
    endloop
  endfacet
  facet normal -0.000000e+00 0.000000e+00 1.000000e+00
    outer loop
      vertex   -2.101704e+00 -2.706560e+01 6.567907e+02
      vertex   2.057330e+00 -2.727231e+01 6.567907e+02
      vertex   2.101704e+00 -2.706560e+01 6.567907e+02
    endloop
  endfacet
  facet normal 0.000000e+00 -0.000000e+00 1.000000e+00
    outer loop
      vertex   -2.101704e+00 -2.706560e+01 6.567907e+02
      vertex   2.101704e+00 -2.706560e+01 6.567907e+02
      vertex   -2.158477e+00 -2.686194e+01 6.567907e+02
    endloop
  endfacet
  facet normal -0.000000e+00 0.000000e+00 1.000000e+00
    outer loop
      vertex   -2.158477e+00 -2.686194e+01 6.567907e+02
      vertex   2.101704e+00 -2.706560e+01 6.567907e+02
      vertex   2.158477e+00 -2.686194e+01 6.567907e+02
    endloop
  endfacet
  facet normal 0.000000e+00 -0.000000e+00 1.000000e+00
    outer loop
      vertex   -2.158477e+00 -2.686194e+01 6.567907e+02
      vertex   2.158477e+00 -2.686194e+01 6.567907e+02
      vertex   -2.227443e+00 -2.666208e+01 6.567907e+02
    endloop
  endfacet
  facet normal -0.000000e+00 0.000000e+00 1.000000e+00
    outer loop
      vertex   -2.227443e+00 -2.666208e+01 6.567907e+02
      vertex   2.158477e+00 -2.686194e+01 6.567907e+02
      vertex   2.227443e+00 -2.666208e+01 6.567907e+02
    endloop
  endfacet
  facet normal 0.000000e+00 -0.000000e+00 1.000000e+00
    outer loop
      vertex   -2.227443e+00 -2.666208e+01 6.567907e+02
      vertex   2.227443e+00 -2.666208e+01 6.567907e+02
      vertex   -2.308351e+00 -2.646676e+01 6.567907e+02
    endloop
  endfacet
  facet normal -0.000000e+00 0.000000e+00 1.000000e+00
    outer loop
      vertex   -2.308351e+00 -2.646676e+01 6.567907e+02
      vertex   2.227443e+00 -2.666208e+01 6.567907e+02
      vertex   2.308351e+00 -2.646676e+01 6.567907e+02
    endloop
  endfacet
  facet normal 0.000000e+00 -0.000000e+00 1.000000e+00
    outer loop
      vertex   -2.308351e+00 -2.646676e+01 6.567907e+02
      vertex   2.308351e+00 -2.646676e+01 6.567907e+02
      vertex   -2.400904e+00 -2.627667e+01 6.567907e+02
    endloop
  endfacet
  facet normal -0.000000e+00 0.000000e+00 1.000000e+00
    outer loop
      vertex   -2.400904e+00 -2.627667e+01 6.567907e+02
      vertex   2.308351e+00 -2.646676e+01 6.567907e+02
      vertex   2.400904e+00 -2.627667e+01 6.567907e+02
    endloop
  endfacet
  facet normal 0.000000e+00 -0.000000e+00 1.000000e+00
    outer loop
      vertex   -2.400904e+00 -2.627667e+01 6.567907e+02
      vertex   2.400904e+00 -2.627667e+01 6.567907e+02
      vertex   -2.504766e+00 -2.609252e+01 6.567907e+02
    endloop
  endfacet
  facet normal -0.000000e+00 0.000000e+00 1.000000e+00
    outer loop
      vertex   -2.504766e+00 -2.609252e+01 6.567907e+02
      vertex   2.400904e+00 -2.627667e+01 6.567907e+02
      vertex   2.504766e+00 -2.609252e+01 6.567907e+02
    endloop
  endfacet
  facet normal 0.000000e+00 -0.000000e+00 1.000000e+00
    outer loop
      vertex   -2.504766e+00 -2.609252e+01 6.567907e+02
      vertex   2.504766e+00 -2.609252e+01 6.567907e+02
      vertex   -2.619556e+00 -2.591497e+01 6.567907e+02
    endloop
  endfacet
  facet normal -0.000000e+00 0.000000e+00 1.000000e+00
    outer loop
      vertex   -2.619556e+00 -2.591497e+01 6.567907e+02
      vertex   2.504766e+00 -2.609252e+01 6.567907e+02
      vertex   2.619556e+00 -2.591497e+01 6.567907e+02
    endloop
  endfacet
  facet normal 0.000000e+00 -0.000000e+00 1.000000e+00
    outer loop
      vertex   -2.619556e+00 -2.591497e+01 6.567907e+02
      vertex   2.619556e+00 -2.591497e+01 6.567907e+02
      vertex   -2.744858e+00 -2.574469e+01 6.567907e+02
    endloop
  endfacet
  facet normal -0.000000e+00 0.000000e+00 1.000000e+00
    outer loop
      vertex   -2.744858e+00 -2.574469e+01 6.567907e+02
      vertex   2.619556e+00 -2.591497e+01 6.567907e+02
      vertex   2.744858e+00 -2.574469e+01 6.567907e+02
    endloop
  endfacet
  facet normal 0.000000e+00 -0.000000e+00 1.000000e+00
    outer loop
      vertex   -2.744858e+00 -2.574469e+01 6.567907e+02
      vertex   2.744858e+00 -2.574469e+01 6.567907e+02
      vertex   -2.880212e+00 -2.558227e+01 6.567907e+02
    endloop
  endfacet
  facet normal -0.000000e+00 0.000000e+00 1.000000e+00
    outer loop
      vertex   -2.880212e+00 -2.558227e+01 6.567907e+02
      vertex   2.744858e+00 -2.574469e+01 6.567907e+02
      vertex   2.880212e+00 -2.558227e+01 6.567907e+02
    endloop
  endfacet
  facet normal 0.000000e+00 -0.000000e+00 1.000000e+00
    outer loop
      vertex   -2.880212e+00 -2.558227e+01 6.567907e+02
      vertex   2.880212e+00 -2.558227e+01 6.567907e+02
      vertex   -3.025126e+00 -2.542833e+01 6.567907e+02
    endloop
  endfacet
  facet normal -0.000000e+00 0.000000e+00 1.000000e+00
    outer loop
      vertex   -3.025126e+00 -2.542833e+01 6.567907e+02
      vertex   2.880212e+00 -2.558227e+01 6.567907e+02
      vertex   3.025126e+00 -2.542833e+01 6.567907e+02
    endloop
  endfacet
  facet normal 0.000000e+00 -0.000000e+00 1.000000e+00
    outer loop
      vertex   -3.025126e+00 -2.542833e+01 6.567907e+02
      vertex   3.025126e+00 -2.542833e+01 6.567907e+02
      vertex   -3.179071e+00 -2.528341e+01 6.567907e+02
    endloop
  endfacet
  facet normal -0.000000e+00 0.000000e+00 1.000000e+00
    outer loop
      vertex   -3.179071e+00 -2.528341e+01 6.567907e+02
      vertex   3.025126e+00 -2.542833e+01 6.567907e+02
      vertex   3.179071e+00 -2.528341e+01 6.567907e+02
    endloop
  endfacet
  facet normal 0.000000e+00 -0.000000e+00 1.000000e+00
    outer loop
      vertex   -3.179071e+00 -2.528341e+01 6.567907e+02
      vertex   3.179071e+00 -2.528341e+01 6.567907e+02
      vertex   -3.341484e+00 -2.514806e+01 6.567907e+02
    endloop
  endfacet
  facet normal -0.000000e+00 0.000000e+00 1.000000e+00
    outer loop
      vertex   -3.341484e+00 -2.514806e+01 6.567907e+02
      vertex   3.179071e+00 -2.528341e+01 6.567907e+02
      vertex   3.341484e+00 -2.514806e+01 6.567907e+02
    endloop
  endfacet
  facet normal 0.000000e+00 -0.000000e+00 1.000000e+00
    outer loop
      vertex   -3.341484e+00 -2.514806e+01 6.567907e+02
      vertex   3.341484e+00 -2.514806e+01 6.567907e+02
      vertex   -3.511773e+00 -2.502276e+01 6.567907e+02
    endloop
  endfacet
  facet normal -0.000000e+00 0.000000e+00 1.000000e+00
    outer loop
      vertex   -3.511773e+00 -2.502276e+01 6.567907e+02
      vertex   3.341484e+00 -2.514806e+01 6.567907e+02
      vertex   3.511773e+00 -2.502276e+01 6.567907e+02
    endloop
  endfacet
  facet normal 0.000000e+00 -0.000000e+00 1.000000e+00
    outer loop
      vertex   -3.511773e+00 -2.502276e+01 6.567907e+02
      vertex   3.511773e+00 -2.502276e+01 6.567907e+02
      vertex   -3.689318e+00 -2.490797e+01 6.567907e+02
    endloop
  endfacet
  facet normal -0.000000e+00 0.000000e+00 1.000000e+00
    outer loop
      vertex   -3.689318e+00 -2.490797e+01 6.567907e+02
      vertex   3.511773e+00 -2.502276e+01 6.567907e+02
      vertex   3.689318e+00 -2.490797e+01 6.567907e+02
    endloop
  endfacet
  facet normal 0.000000e+00 -0.000000e+00 1.000000e+00
    outer loop
      vertex   -3.689318e+00 -2.490797e+01 6.567907e+02
      vertex   3.689318e+00 -2.490797e+01 6.567907e+02
      vertex   -3.873469e+00 -2.480411e+01 6.567907e+02
    endloop
  endfacet
  facet normal -0.000000e+00 0.000000e+00 1.000000e+00
    outer loop
      vertex   -3.873469e+00 -2.480411e+01 6.567907e+02
      vertex   3.689318e+00 -2.490797e+01 6.567907e+02
      vertex   3.873469e+00 -2.480411e+01 6.567907e+02
    endloop
  endfacet
  facet normal 0.000000e+00 -0.000000e+00 1.000000e+00
    outer loop
      vertex   -3.873469e+00 -2.480411e+01 6.567907e+02
      vertex   3.873469e+00 -2.480411e+01 6.567907e+02
      vertex   -4.063555e+00 -2.471155e+01 6.567907e+02
    endloop
  endfacet
  facet normal -0.000000e+00 0.000000e+00 1.000000e+00
    outer loop
      vertex   -4.063555e+00 -2.471155e+01 6.567907e+02
      vertex   3.873469e+00 -2.480411e+01 6.567907e+02
      vertex   4.063555e+00 -2.471155e+01 6.567907e+02
    endloop
  endfacet
  facet normal 0.000000e+00 -0.000000e+00 1.000000e+00
    outer loop
      vertex   -4.063555e+00 -2.471155e+01 6.567907e+02
      vertex   4.063555e+00 -2.471155e+01 6.567907e+02
      vertex   -4.258883e+00 -2.463064e+01 6.567907e+02
    endloop
  endfacet
  facet normal -0.000000e+00 0.000000e+00 1.000000e+00
    outer loop
      vertex   -4.258883e+00 -2.463064e+01 6.567907e+02
      vertex   4.063555e+00 -2.471155e+01 6.567907e+02
      vertex   4.258883e+00 -2.463064e+01 6.567907e+02
    endloop
  endfacet
  facet normal 0.000000e+00 -0.000000e+00 1.000000e+00
    outer loop
      vertex   -4.258883e+00 -2.463064e+01 6.567907e+02
      vertex   4.258883e+00 -2.463064e+01 6.567907e+02
      vertex   -4.458739e+00 -2.456168e+01 6.567907e+02
    endloop
  endfacet
  facet normal -0.000000e+00 0.000000e+00 1.000000e+00
    outer loop
      vertex   -4.458739e+00 -2.456168e+01 6.567907e+02
      vertex   4.258883e+00 -2.463064e+01 6.567907e+02
      vertex   4.458739e+00 -2.456168e+01 6.567907e+02
    endloop
  endfacet
  facet normal 0.000000e+00 -0.000000e+00 1.000000e+00
    outer loop
      vertex   -4.458739e+00 -2.456168e+01 6.567907e+02
      vertex   4.458739e+00 -2.456168e+01 6.567907e+02
      vertex   -4.662395e+00 -2.450490e+01 6.567907e+02
    endloop
  endfacet
  facet normal -0.000000e+00 0.000000e+00 1.000000e+00
    outer loop
      vertex   -4.662395e+00 -2.450490e+01 6.567907e+02
      vertex   4.458739e+00 -2.456168e+01 6.567907e+02
      vertex   4.662395e+00 -2.450490e+01 6.567907e+02
    endloop
  endfacet
  facet normal -3.141361e-28 8.245114e-13 1.000000e+00
    outer loop
      vertex   -4.662395e+00 -2.450490e+01 6.567907e+02
      vertex   4.662395e+00 -2.450490e+01 6.567907e+02
      vertex   -1.000000e+01 -1.940320e+01 6.567907e+02
    endloop
  endfacet
  facet normal -2.929253e-28 8.245114e-13 1.000000e+00
    outer loop
      vertex   -1.000000e+01 -1.940320e+01 6.567907e+02
      vertex   4.662395e+00 -2.450490e+01 6.567907e+02
      vertex   1.000000e+01 -1.940320e+01 6.567907e+02
    endloop
  endfacet
  facet normal -2.282549e-13 1.063321e-12 1.000000e+00
    outer loop
      vertex   1.000000e+01 -1.940320e+01 6.567907e+02
      vertex   4.662395e+00 -2.450490e+01 6.567907e+02
      vertex   4.869107e+00 -2.446053e+01 6.567907e+02
    endloop
  endfacet
  facet normal -1.497056e-13 9.836289e-13 1.000000e+00
    outer loop
      vertex   1.000000e+01 -1.940320e+01 6.567907e+02
      vertex   4.869107e+00 -2.446053e+01 6.567907e+02
      vertex   5.078122e+00 -2.442872e+01 6.567907e+02
    endloop
  endfacet
  facet normal -8.349116e-14 9.187800e-13 1.000000e+00
    outer loop
      vertex   5.078122e+00 -2.442872e+01 6.567907e+02
      vertex   5.288675e+00 -2.440959e+01 6.567907e+02
      vertex   1.000000e+01 -1.940320e+01 6.567907e+02
    endloop
  endfacet
  facet normal 2.046142e-11 -1.841528e-11 1.000000e+00
    outer loop
      vertex   1.000000e+01 -1.940320e+01 6.567907e+02
      vertex   5.288675e+00 -2.440959e+01 6.567907e+02
      vertex   5.500000e+00 -2.440320e+01 6.567907e+02
    endloop
  endfacet
  facet normal 0.000000e+00 0.000000e+00 1.000000e+00
    outer loop
      vertex   1.000000e+01 -1.940320e+01 6.567907e+02
      vertex   5.500000e+00 -2.440320e+01 6.567907e+02
      vertex   1.000000e+01 -2.440320e+01 6.567907e+02
    endloop
  endfacet
  facet normal 0.000000e+00 -0.000000e+00 1.000000e+00
    outer loop
      vertex   -1.000000e+01 -2.440320e+01 6.567907e+02
      vertex   -5.500000e+00 -2.440320e+01 6.567907e+02
      vertex   -1.000000e+01 -1.940320e+01 6.567907e+02
    endloop
  endfacet
  facet normal -2.046142e-11 -1.841528e-11 1.000000e+00
    outer loop
      vertex   -1.000000e+01 -1.940320e+01 6.567907e+02
      vertex   -5.500000e+00 -2.440320e+01 6.567907e+02
      vertex   -5.288675e+00 -2.440959e+01 6.567907e+02
    endloop
  endfacet
  facet normal 8.349116e-14 9.187800e-13 1.000000e+00
    outer loop
      vertex   -1.000000e+01 -1.940320e+01 6.567907e+02
      vertex   -5.288675e+00 -2.440959e+01 6.567907e+02
      vertex   -5.078122e+00 -2.442872e+01 6.567907e+02
    endloop
  endfacet
  facet normal 1.497056e-13 9.836289e-13 1.000000e+00
    outer loop
      vertex   -5.078122e+00 -2.442872e+01 6.567907e+02
      vertex   -4.869107e+00 -2.446053e+01 6.567907e+02
      vertex   -1.000000e+01 -1.940320e+01 6.567907e+02
    endloop
  endfacet
  facet normal 2.282549e-13 1.063321e-12 1.000000e+00
    outer loop
      vertex   -1.000000e+01 -1.940320e+01 6.567907e+02
      vertex   -4.869107e+00 -2.446053e+01 6.567907e+02
      vertex   -4.662395e+00 -2.450490e+01 6.567907e+02
    endloop
  endfacet
  facet normal 0.000000e+00 9.748827e-01 -2.227189e-01
    outer loop
      vertex   2.000000e+00 -2.953055e+01 6.567907e+02
      vertex   -2.000000e+00 -2.953055e+01 6.567907e+02
      vertex   2.000000e+00 -2.947994e+01 6.570122e+02
    endloop
  endfacet
  facet normal 6.330051e-15 9.748827e-01 -2.227189e-01
    outer loop
      vertex   2.000000e+00 -2.947994e+01 6.570122e+02
      vertex   -2.000000e+00 -2.953055e+01 6.567907e+02
      vertex   -2.000000e+00 -2.947994e+01 6.570122e+02
    endloop
  endfacet
  facet normal 4.746133e-15 9.859586e-01 -1.669897e-01
    outer loop
      vertex   2.000000e+00 -2.947994e+01 6.570122e+02
      vertex   -2.000000e+00 -2.947994e+01 6.570122e+02
      vertex   2.000000e+00 -2.944198e+01 6.572363e+02
    endloop
  endfacet
  facet normal -8.757072e-16 9.859586e-01 -1.669897e-01
    outer loop
      vertex   2.000000e+00 -2.944198e+01 6.572363e+02
      vertex   -2.000000e+00 -2.947994e+01 6.570122e+02
      vertex   -2.000000e+00 -2.944198e+01 6.572363e+02
    endloop
  endfacet
  facet normal -8.827174e-16 9.938515e-01 -1.107214e-01
    outer loop
      vertex   2.000000e+00 -2.944198e+01 6.572363e+02
      vertex   -2.000000e+00 -2.944198e+01 6.572363e+02
      vertex   2.000000e+00 -2.941682e+01 6.574622e+02
    endloop
  endfacet
  facet normal -8.827174e-16 9.938515e-01 -1.107214e-01
    outer loop
      vertex   2.000000e+00 -2.941682e+01 6.574622e+02
      vertex   -2.000000e+00 -2.944198e+01 6.572363e+02
      vertex   -2.000000e+00 -2.941682e+01 6.574622e+02
    endloop
  endfacet
  facet normal -8.868779e-16 9.985358e-01 -5.409568e-02
    outer loop
      vertex   2.000000e+00 -2.941682e+01 6.574622e+02
      vertex   -2.000000e+00 -2.941682e+01 6.574622e+02
      vertex   2.000000e+00 -2.940452e+01 6.576892e+02
    endloop
  endfacet
  facet normal 1.537492e-15 9.985358e-01 -5.409568e-02
    outer loop
      vertex   2.000000e+00 -2.940452e+01 6.576892e+02
      vertex   -2.000000e+00 -2.941682e+01 6.574622e+02
      vertex   -2.000000e+00 -2.940452e+01 6.576892e+02
    endloop
  endfacet
  facet normal -7.687221e-17 9.999963e-01 2.704700e-03
    outer loop
      vertex   2.000000e+00 -2.940452e+01 6.576892e+02
      vertex   -2.000000e+00 -2.940452e+01 6.576892e+02
      vertex   2.000000e+00 -2.940514e+01 6.579164e+02
    endloop
  endfacet
  facet normal 0.000000e+00 9.999963e-01 2.704700e-03
    outer loop
      vertex   2.000000e+00 -2.940514e+01 6.579164e+02
      vertex   -2.000000e+00 -2.940452e+01 6.576892e+02
      vertex   -2.000000e+00 -2.940514e+01 6.579164e+02
    endloop
  endfacet
  facet normal 0.000000e+00 9.982285e-01 5.949635e-02
    outer loop
      vertex   2.000000e+00 -2.940514e+01 6.579164e+02
      vertex   -2.000000e+00 -2.940514e+01 6.579164e+02
      vertex   2.000000e+00 -2.941866e+01 6.581433e+02
    endloop
  endfacet
  facet normal 1.773210e-15 9.982285e-01 5.949635e-02
    outer loop
      vertex   2.000000e+00 -2.941866e+01 6.581433e+02
      vertex   -2.000000e+00 -2.940514e+01 6.579164e+02
      vertex   -2.000000e+00 -2.941866e+01 6.581433e+02
    endloop
  endfacet
  facet normal 1.764345e-15 9.932380e-01 1.160959e-01
    outer loop
      vertex   2.000000e+00 -2.941866e+01 6.581433e+02
      vertex   -2.000000e+00 -2.941866e+01 6.581433e+02
      vertex   2.000000e+00 -2.944505e+01 6.583690e+02
    endloop
  endfacet
  facet normal 2.290455e-16 9.932380e-01 1.160959e-01
    outer loop
      vertex   2.000000e+00 -2.944505e+01 6.583690e+02
      vertex   -2.000000e+00 -2.941866e+01 6.581433e+02
      vertex   -2.000000e+00 -2.944505e+01 6.583690e+02
    endloop
  endfacet
  facet normal -1.398080e-15 9.850409e-01 1.723207e-01
    outer loop
      vertex   2.000000e+00 -2.944505e+01 6.583690e+02
      vertex   -2.000000e+00 -2.944505e+01 6.583690e+02
      vertex   2.000000e+00 -2.948421e+01 6.585929e+02
    endloop
  endfacet
  facet normal -4.545945e-15 9.850409e-01 1.723207e-01
    outer loop
      vertex   2.000000e+00 -2.948421e+01 6.585929e+02
      vertex   -2.000000e+00 -2.944505e+01 6.583690e+02
      vertex   -2.000000e+00 -2.948421e+01 6.585929e+02
    endloop
  endfacet
  facet normal -7.770960e-15 9.736637e-01 2.279891e-01
    outer loop
      vertex   2.000000e+00 -2.948421e+01 6.585929e+02
      vertex   -2.000000e+00 -2.948421e+01 6.585929e+02
      vertex   2.000000e+00 -2.953603e+01 6.588142e+02
    endloop
  endfacet
  facet normal -6.041386e-15 9.736637e-01 2.279891e-01
    outer loop
      vertex   2.000000e+00 -2.953603e+01 6.588142e+02
      vertex   -2.000000e+00 -2.948421e+01 6.585929e+02
      vertex   -2.000000e+00 -2.953603e+01 6.588142e+02
    endloop
  endfacet
  facet normal -9.267106e-15 9.591431e-01 2.829215e-01
    outer loop
      vertex   2.000000e+00 -2.953603e+01 6.588142e+02
      vertex   -2.000000e+00 -2.953603e+01 6.588142e+02
      vertex   2.000000e+00 -2.960033e+01 6.590322e+02
    endloop
  endfacet
  facet normal 1.329678e-15 9.591431e-01 2.829215e-01
    outer loop
      vertex   2.000000e+00 -2.960033e+01 6.590322e+02
      vertex   -2.000000e+00 -2.953603e+01 6.588142e+02
      vertex   -2.000000e+00 -2.960033e+01 6.590322e+02
    endloop
  endfacet
  facet normal -3.777534e-16 9.415259e-01 3.369406e-01
    outer loop
      vertex   2.000000e+00 -2.960033e+01 6.590322e+02
      vertex   -2.000000e+00 -2.960033e+01 6.590322e+02
      vertex   2.000000e+00 -2.967691e+01 6.592462e+02
    endloop
  endfacet
  facet normal -2.050239e-15 9.415259e-01 3.369406e-01
    outer loop
      vertex   2.000000e+00 -2.967691e+01 6.592462e+02
      vertex   -2.000000e+00 -2.960033e+01 6.590322e+02
      vertex   -2.000000e+00 -2.967691e+01 6.592462e+02
    endloop
  endfacet
  facet normal -1.000000e+00 0.000000e+00 0.000000e+00
    outer loop
      vertex   -2.000000e+00 -3.484683e+01 6.579278e+02
      vertex   -2.000000e+00 -3.485320e+01 6.577920e+02
      vertex   -2.000000e+00 -3.702336e+01 6.560907e+02
    endloop
  endfacet
  facet normal -1.000000e+00 0.000000e+00 0.000000e+00
    outer loop
      vertex   -2.000000e+00 -3.702336e+01 6.560907e+02
      vertex   -2.000000e+00 -3.485320e+01 6.577920e+02
      vertex   -2.000000e+00 -3.484683e+01 6.576562e+02
    endloop
  endfacet
  facet normal -1.000000e+00 0.000000e+00 0.000000e+00
    outer loop
      vertex   -2.000000e+00 -3.702336e+01 6.560907e+02
      vertex   -2.000000e+00 -3.484683e+01 6.576562e+02
      vertex   -2.000000e+00 -3.482777e+01 6.575216e+02
    endloop
  endfacet
  facet normal -1.000000e+00 0.000000e+00 -0.000000e+00
    outer loop
      vertex   -2.000000e+00 -3.482777e+01 6.575216e+02
      vertex   -2.000000e+00 -3.479619e+01 6.573894e+02
      vertex   -2.000000e+00 -3.702336e+01 6.560907e+02
    endloop
  endfacet
  facet normal -1.000000e+00 0.000000e+00 0.000000e+00
    outer loop
      vertex   -2.000000e+00 -3.702336e+01 6.560907e+02
      vertex   -2.000000e+00 -3.479619e+01 6.573894e+02
      vertex   -2.000000e+00 -3.475238e+01 6.572607e+02
    endloop
  endfacet
  facet normal -1.000000e+00 0.000000e+00 0.000000e+00
    outer loop
      vertex   -2.000000e+00 -3.702336e+01 6.560907e+02
      vertex   -2.000000e+00 -3.475238e+01 6.572607e+02
      vertex   -2.000000e+00 -3.469670e+01 6.571367e+02
    endloop
  endfacet
  facet normal -1.000000e+00 0.000000e+00 -0.000000e+00
    outer loop
      vertex   -2.000000e+00 -3.469670e+01 6.571367e+02
      vertex   -2.000000e+00 -3.462966e+01 6.570185e+02
      vertex   -2.000000e+00 -3.702336e+01 6.560907e+02
    endloop
  endfacet
  facet normal -1.000000e+00 0.000000e+00 0.000000e+00
    outer loop
      vertex   -2.000000e+00 -3.702336e+01 6.560907e+02
      vertex   -2.000000e+00 -3.462966e+01 6.570185e+02
      vertex   -2.000000e+00 -3.692137e+01 6.558887e+02
    endloop
  endfacet
  facet normal -1.000000e+00 0.000000e+00 0.000000e+00
    outer loop
      vertex   -2.000000e+00 -3.692137e+01 6.558887e+02
      vertex   -2.000000e+00 -3.462966e+01 6.570185e+02
      vertex   -2.000000e+00 -3.680813e+01 6.556928e+02
    endloop
  endfacet
  facet normal -1.000000e+00 0.000000e+00 0.000000e+00
    outer loop
      vertex   -2.000000e+00 -3.680813e+01 6.556928e+02
      vertex   -2.000000e+00 -3.462966e+01 6.570185e+02
      vertex   -2.000000e+00 -3.455184e+01 6.569070e+02
    endloop
  endfacet
  facet normal -1.000000e+00 0.000000e+00 0.000000e+00
    outer loop
      vertex   -2.000000e+00 -3.680813e+01 6.556928e+02
      vertex   -2.000000e+00 -3.455184e+01 6.569070e+02
      vertex   -2.000000e+00 -3.668399e+01 6.555036e+02
    endloop
  endfacet
  facet normal -1.000000e+00 0.000000e+00 0.000000e+00
    outer loop
      vertex   -2.000000e+00 -3.668399e+01 6.555036e+02
      vertex   -2.000000e+00 -3.455184e+01 6.569070e+02
      vertex   -2.000000e+00 -3.446392e+01 6.568034e+02
    endloop
  endfacet
  facet normal -1.000000e+00 0.000000e+00 0.000000e+00
    outer loop
      vertex   -2.000000e+00 -3.668399e+01 6.555036e+02
      vertex   -2.000000e+00 -3.446392e+01 6.568034e+02
      vertex   -2.000000e+00 -3.654935e+01 6.553218e+02
    endloop
  endfacet
  facet normal -1.000000e+00 0.000000e+00 0.000000e+00
    outer loop
      vertex   -2.000000e+00 -3.654935e+01 6.553218e+02
      vertex   -2.000000e+00 -3.446392e+01 6.568034e+02
      vertex   -2.000000e+00 -3.640464e+01 6.551479e+02
    endloop
  endfacet
  facet normal -1.000000e+00 0.000000e+00 0.000000e+00
    outer loop
      vertex   -2.000000e+00 -3.640464e+01 6.551479e+02
      vertex   -2.000000e+00 -3.446392e+01 6.568034e+02
      vertex   -2.000000e+00 -3.436668e+01 6.567084e+02
    endloop
  endfacet
  facet normal -1.000000e+00 0.000000e+00 0.000000e+00
    outer loop
      vertex   -2.000000e+00 -3.640464e+01 6.551479e+02
      vertex   -2.000000e+00 -3.436668e+01 6.567084e+02
      vertex   -2.000000e+00 -3.625033e+01 6.549824e+02
    endloop
  endfacet
  facet normal -1.000000e+00 0.000000e+00 0.000000e+00
    outer loop
      vertex   -2.000000e+00 -3.625033e+01 6.549824e+02
      vertex   -2.000000e+00 -3.436668e+01 6.567084e+02
      vertex   -2.000000e+00 -3.608691e+01 6.548259e+02
    endloop
  endfacet
  facet normal -1.000000e+00 0.000000e+00 0.000000e+00
    outer loop
      vertex   -2.000000e+00 -3.608691e+01 6.548259e+02
      vertex   -2.000000e+00 -3.436668e+01 6.567084e+02
      vertex   -2.000000e+00 -3.426098e+01 6.566229e+02
    endloop
  endfacet
  facet normal -1.000000e+00 0.000000e+00 0.000000e+00
    outer loop
      vertex   -2.000000e+00 -3.608691e+01 6.548259e+02
      vertex   -2.000000e+00 -3.426098e+01 6.566229e+02
      vertex   -2.000000e+00 -3.591490e+01 6.546789e+02
    endloop
  endfacet
  facet normal -1.000000e+00 0.000000e+00 0.000000e+00
    outer loop
      vertex   -2.000000e+00 -3.591490e+01 6.546789e+02
      vertex   -2.000000e+00 -3.426098e+01 6.566229e+02
      vertex   -2.000000e+00 -3.414774e+01 6.565477e+02
    endloop
  endfacet
  facet normal -1.000000e+00 0.000000e+00 0.000000e+00
    outer loop
      vertex   -2.000000e+00 -3.591490e+01 6.546789e+02
      vertex   -2.000000e+00 -3.414774e+01 6.565477e+02
      vertex   -2.000000e+00 -3.573486e+01 6.545418e+02
    endloop
  endfacet
  facet normal -1.000000e+00 0.000000e+00 0.000000e+00
    outer loop
      vertex   -2.000000e+00 -3.573486e+01 6.545418e+02
      vertex   -2.000000e+00 -3.414774e+01 6.565477e+02
      vertex   -2.000000e+00 -3.554736e+01 6.544152e+02
    endloop
  endfacet
  facet normal -1.000000e+00 0.000000e+00 0.000000e+00
    outer loop
      vertex   -2.000000e+00 -3.554736e+01 6.544152e+02
      vertex   -2.000000e+00 -3.414774e+01 6.565477e+02
      vertex   -2.000000e+00 -3.402795e+01 6.564835e+02
    endloop
  endfacet
  facet normal -1.000000e+00 0.000000e+00 0.000000e+00
    outer loop
      vertex   -2.000000e+00 -3.554736e+01 6.544152e+02
      vertex   -2.000000e+00 -3.402795e+01 6.564835e+02
      vertex   -2.000000e+00 -3.535299e+01 6.542994e+02
    endloop
  endfacet
  facet normal -1.000000e+00 0.000000e+00 0.000000e+00
    outer loop
      vertex   -2.000000e+00 -3.535299e+01 6.542994e+02
      vertex   -2.000000e+00 -3.402795e+01 6.564835e+02
      vertex   -2.000000e+00 -3.515239e+01 6.541947e+02
    endloop
  endfacet
  facet normal -1.000000e+00 0.000000e+00 0.000000e+00
    outer loop
      vertex   -2.000000e+00 -3.515239e+01 6.541947e+02
      vertex   -2.000000e+00 -3.402795e+01 6.564835e+02
      vertex   -2.000000e+00 -3.390268e+01 6.564307e+02
    endloop
  endfacet
  facet normal -1.000000e+00 0.000000e+00 0.000000e+00
    outer loop
      vertex   -2.000000e+00 -3.515239e+01 6.541947e+02
      vertex   -2.000000e+00 -3.390268e+01 6.564307e+02
      vertex   -2.000000e+00 -3.494619e+01 6.541016e+02
    endloop
  endfacet
  facet normal -1.000000e+00 0.000000e+00 0.000000e+00
    outer loop
      vertex   -2.000000e+00 -3.494619e+01 6.541016e+02
      vertex   -2.000000e+00 -3.390268e+01 6.564307e+02
      vertex   -2.000000e+00 -3.473505e+01 6.540202e+02
    endloop
  endfacet
  facet normal -1.000000e+00 0.000000e+00 0.000000e+00
    outer loop
      vertex   -2.000000e+00 -3.473505e+01 6.540202e+02
      vertex   -2.000000e+00 -3.390268e+01 6.564307e+02
      vertex   -2.000000e+00 -3.377301e+01 6.563899e+02
    endloop
  endfacet
  facet normal -1.000000e+00 0.000000e+00 0.000000e+00
    outer loop
      vertex   -2.000000e+00 -3.473505e+01 6.540202e+02
      vertex   -2.000000e+00 -3.377301e+01 6.563899e+02
      vertex   -2.000000e+00 -3.451965e+01 6.539509e+02
    endloop
  endfacet
  facet normal -1.000000e+00 0.000000e+00 0.000000e+00
    outer loop
      vertex   -2.000000e+00 -3.451965e+01 6.539509e+02
      vertex   -2.000000e+00 -3.377301e+01 6.563899e+02
      vertex   -2.000000e+00 -3.430068e+01 6.538940e+02
    endloop
  endfacet
  facet normal -1.000000e+00 0.000000e+00 0.000000e+00
    outer loop
      vertex   -2.000000e+00 -3.430068e+01 6.538940e+02
      vertex   -2.000000e+00 -3.377301e+01 6.563899e+02
      vertex   -2.000000e+00 -3.364010e+01 6.563615e+02
    endloop
  endfacet
  facet normal -1.000000e+00 0.000000e+00 0.000000e+00
    outer loop
      vertex   -2.000000e+00 -3.430068e+01 6.538940e+02
      vertex   -2.000000e+00 -3.364010e+01 6.563615e+02
      vertex   -2.000000e+00 -3.407883e+01 6.538495e+02
    endloop
  endfacet
  facet normal -1.000000e+00 0.000000e+00 0.000000e+00
    outer loop
      vertex   -2.000000e+00 -3.407883e+01 6.538495e+02
      vertex   -2.000000e+00 -3.364010e+01 6.563615e+02
      vertex   -2.000000e+00 -3.385483e+01 6.538176e+02
    endloop
  endfacet
  facet normal -1.000000e+00 0.000000e+00 0.000000e+00
    outer loop
      vertex   -2.000000e+00 -3.385483e+01 6.538176e+02
      vertex   -2.000000e+00 -3.364010e+01 6.563615e+02
      vertex   -2.000000e+00 -3.350510e+01 6.563456e+02
    endloop
  endfacet
  facet normal -1.000000e+00 0.000000e+00 0.000000e+00
    outer loop
      vertex   -2.000000e+00 -3.385483e+01 6.538176e+02
      vertex   -2.000000e+00 -3.350510e+01 6.563456e+02
      vertex   -2.000000e+00 -3.362938e+01 6.537984e+02
    endloop
  endfacet
  facet normal -1.000000e+00 4.999976e-14 -2.439424e-15
    outer loop
      vertex   -2.000000e+00 -3.362938e+01 6.537984e+02
      vertex   -2.000000e+00 -3.350510e+01 6.563456e+02
      vertex   -2.000000e+00 -3.340320e+01 6.537920e+02
    endloop
  endfacet
  facet normal -1.000000e+00 -1.040858e-16 -4.438811e-15
    outer loop
      vertex   -2.000000e+00 -3.340320e+01 6.537920e+02
      vertex   -2.000000e+00 -3.350510e+01 6.563456e+02
      vertex   -2.000000e+00 -3.336921e+01 6.563424e+02
    endloop
  endfacet
  facet normal -1.000000e+00 3.131076e-16 -4.444371e-15
    outer loop
      vertex   -2.000000e+00 -3.340320e+01 6.537920e+02
      vertex   -2.000000e+00 -3.336921e+01 6.563424e+02
      vertex   -2.000000e+00 -3.323362e+01 6.563519e+02
    endloop
  endfacet
  facet normal -1.000000e+00 7.406896e-16 -4.472697e-15
    outer loop
      vertex   -2.000000e+00 -3.323362e+01 6.563519e+02
      vertex   -2.000000e+00 -3.309951e+01 6.563741e+02
      vertex   -2.000000e+00 -3.340320e+01 6.537920e+02
    endloop
  endfacet
  facet normal -1.000000e+00 1.193799e-15 -4.525987e-15
    outer loop
      vertex   -2.000000e+00 -3.340320e+01 6.537920e+02
      vertex   -2.000000e+00 -3.309951e+01 6.563741e+02
      vertex   -2.000000e+00 -3.296808e+01 6.564088e+02
    endloop
  endfacet
  facet normal -1.000000e+00 1.691026e-15 -4.608665e-15
    outer loop
      vertex   -2.000000e+00 -3.340320e+01 6.537920e+02
      vertex   -2.000000e+00 -3.296808e+01 6.564088e+02
      vertex   -2.000000e+00 -3.284047e+01 6.564556e+02
    endloop
  endfacet
  facet normal -1.000000e+00 2.257579e-15 -4.728358e-15
    outer loop
      vertex   -2.000000e+00 -3.284047e+01 6.564556e+02
      vertex   -2.000000e+00 -3.271780e+01 6.565142e+02
      vertex   -2.000000e+00 -3.340320e+01 6.537920e+02
    endloop
  endfacet
  facet normal -1.000000e+00 2.930787e-15 -4.897858e-15
    outer loop
      vertex   -2.000000e+00 -3.340320e+01 6.537920e+02
      vertex   -2.000000e+00 -3.271780e+01 6.565142e+02
      vertex   -2.000000e+00 -3.260116e+01 6.565840e+02
    endloop
  endfacet
  facet normal -1.000000e+00 3.744115e-15 -5.131496e-15
    outer loop
      vertex   -2.000000e+00 -3.340320e+01 6.537920e+02
      vertex   -2.000000e+00 -3.260116e+01 6.565840e+02
      vertex   -2.000000e+00 -2.953055e+01 6.567907e+02
    endloop
  endfacet
  facet normal -1.000000e+00 3.741992e-15 -5.099950e-15
    outer loop
      vertex   -2.000000e+00 -2.953055e+01 6.567907e+02
      vertex   -2.000000e+00 -3.260116e+01 6.565840e+02
      vertex   -2.000000e+00 -3.249157e+01 6.566644e+02
    endloop
  endfacet
  facet normal -1.000000e+00 3.702061e-15 -4.163611e-15
    outer loop
      vertex   -2.000000e+00 -2.953055e+01 6.567907e+02
      vertex   -2.000000e+00 -3.249157e+01 6.566644e+02
      vertex   -2.000000e+00 -3.238999e+01 6.567547e+02
    endloop
  endfacet
  facet normal -1.000000e+00 3.692988e-15 -3.441968e-15
    outer loop
      vertex   -2.000000e+00 -3.238999e+01 6.567547e+02
      vertex   -2.000000e+00 -3.229731e+01 6.568542e+02
      vertex   -2.000000e+00 -2.953055e+01 6.567907e+02
    endloop
  endfacet
  facet normal -1.000000e+00 3.706442e-15 -2.855576e-15
    outer loop
      vertex   -2.000000e+00 -2.953055e+01 6.567907e+02
      vertex   -2.000000e+00 -3.229731e+01 6.568542e+02
      vertex   -2.000000e+00 -3.221435e+01 6.569618e+02
    endloop
  endfacet
  facet normal -1.000000e+00 3.738201e-15 -2.357608e-15
    outer loop
      vertex   -2.000000e+00 -2.953055e+01 6.567907e+02
      vertex   -2.000000e+00 -3.221435e+01 6.569618e+02
      vertex   -2.000000e+00 -3.214184e+01 6.570768e+02
    endloop
  endfacet
  facet normal -1.000000e+00 3.786363e-15 -1.918080e-15
    outer loop
      vertex   -2.000000e+00 -3.214184e+01 6.570768e+02
      vertex   -2.000000e+00 -3.208041e+01 6.571981e+02
      vertex   -2.000000e+00 -2.953055e+01 6.567907e+02
    endloop
  endfacet
  facet normal -1.000000e+00 3.850572e-15 -1.516201e-15
    outer loop
      vertex   -2.000000e+00 -2.953055e+01 6.567907e+02
      vertex   -2.000000e+00 -3.208041e+01 6.571981e+02
      vertex   -2.000000e+00 -3.203061e+01 6.573246e+02
    endloop
  endfacet
  facet normal -1.000000e+00 3.931703e-15 -1.136270e-15
    outer loop
      vertex   -2.000000e+00 -2.953055e+01 6.567907e+02
      vertex   -2.000000e+00 -3.203061e+01 6.573246e+02
      vertex   -2.000000e+00 -3.199287e+01 6.574551e+02
    endloop
  endfacet
  facet normal -1.000000e+00 0.000000e+00 -0.000000e+00
    outer loop
      vertex   -2.000000e+00 -3.196752e+01 6.575887e+02
      vertex   -2.000000e+00 -2.944198e+01 6.572363e+02
      vertex   -2.000000e+00 -3.199287e+01 6.574551e+02
    endloop
  endfacet
  facet normal -1.000000e+00 0.000000e+00 0.000000e+00
    outer loop
      vertex   -2.000000e+00 -3.199287e+01 6.574551e+02
      vertex   -2.000000e+00 -2.944198e+01 6.572363e+02
      vertex   -2.000000e+00 -2.947994e+01 6.570122e+02
    endloop
  endfacet
  facet normal -1.000000e+00 -7.979969e-15 -4.527800e-14
    outer loop
      vertex   -2.000000e+00 -3.199287e+01 6.574551e+02
      vertex   -2.000000e+00 -2.947994e+01 6.570122e+02
      vertex   -2.000000e+00 -2.953055e+01 6.567907e+02
    endloop
  endfacet
  facet normal -1.000000e+00 0.000000e+00 0.000000e+00
    outer loop
      vertex   -2.000000e+00 -2.944198e+01 6.572363e+02
      vertex   -2.000000e+00 -3.196752e+01 6.575887e+02
      vertex   -2.000000e+00 -2.941682e+01 6.574622e+02
    endloop
  endfacet
  facet normal -1.000000e+00 0.000000e+00 0.000000e+00
    outer loop
      vertex   -2.000000e+00 -2.941682e+01 6.574622e+02
      vertex   -2.000000e+00 -3.196752e+01 6.575887e+02
      vertex   -2.000000e+00 -3.195480e+01 6.577240e+02
    endloop
  endfacet
  facet normal -1.000000e+00 0.000000e+00 0.000000e+00
    outer loop
      vertex   -2.000000e+00 -2.941682e+01 6.574622e+02
      vertex   -2.000000e+00 -3.195480e+01 6.577240e+02
      vertex   -2.000000e+00 -2.940452e+01 6.576892e+02
    endloop
  endfacet
  facet normal -1.000000e+00 0.000000e+00 0.000000e+00
    outer loop
      vertex   -2.000000e+00 -2.940452e+01 6.576892e+02
      vertex   -2.000000e+00 -3.195480e+01 6.577240e+02
      vertex   -2.000000e+00 -3.195480e+01 6.578599e+02
    endloop
  endfacet
  facet normal -1.000000e+00 0.000000e+00 0.000000e+00
    outer loop
      vertex   -2.000000e+00 -2.940452e+01 6.576892e+02
      vertex   -2.000000e+00 -3.195480e+01 6.578599e+02
      vertex   -2.000000e+00 -2.940514e+01 6.579164e+02
    endloop
  endfacet
  facet normal -1.000000e+00 -0.000000e+00 0.000000e+00
    outer loop
      vertex   -2.000000e+00 -2.940514e+01 6.579164e+02
      vertex   -2.000000e+00 -3.195480e+01 6.578599e+02
      vertex   -2.000000e+00 -2.941866e+01 6.581433e+02
    endloop
  endfacet
  facet normal -1.000000e+00 0.000000e+00 0.000000e+00
    outer loop
      vertex   -2.000000e+00 -2.941866e+01 6.581433e+02
      vertex   -2.000000e+00 -3.195480e+01 6.578599e+02
      vertex   -2.000000e+00 -3.196752e+01 6.579953e+02
    endloop
  endfacet
  facet normal -1.000000e+00 -0.000000e+00 0.000000e+00
    outer loop
      vertex   -2.000000e+00 -2.941866e+01 6.581433e+02
      vertex   -2.000000e+00 -3.196752e+01 6.579953e+02
      vertex   -2.000000e+00 -2.944505e+01 6.583690e+02
    endloop
  endfacet
  facet normal -1.000000e+00 0.000000e+00 0.000000e+00
    outer loop
      vertex   -2.000000e+00 -2.944505e+01 6.583690e+02
      vertex   -2.000000e+00 -3.196752e+01 6.579953e+02
      vertex   -2.000000e+00 -3.199287e+01 6.581288e+02
    endloop
  endfacet
  facet normal -1.000000e+00 -0.000000e+00 0.000000e+00
    outer loop
      vertex   -2.000000e+00 -2.944505e+01 6.583690e+02
      vertex   -2.000000e+00 -3.199287e+01 6.581288e+02
      vertex   -2.000000e+00 -2.948421e+01 6.585929e+02
    endloop
  endfacet
  facet normal -1.000000e+00 -0.000000e+00 0.000000e+00
    outer loop
      vertex   -2.000000e+00 -2.948421e+01 6.585929e+02
      vertex   -2.000000e+00 -3.199287e+01 6.581288e+02
      vertex   -2.000000e+00 -2.953603e+01 6.588142e+02
    endloop
  endfacet
  facet normal -1.000000e+00 0.000000e+00 0.000000e+00
    outer loop
      vertex   -2.000000e+00 -2.953603e+01 6.588142e+02
      vertex   -2.000000e+00 -3.199287e+01 6.581288e+02
      vertex   -2.000000e+00 -3.203061e+01 6.582594e+02
    endloop
  endfacet
  facet normal -1.000000e+00 -0.000000e+00 0.000000e+00
    outer loop
      vertex   -2.000000e+00 -2.953603e+01 6.588142e+02
      vertex   -2.000000e+00 -3.203061e+01 6.582594e+02
      vertex   -2.000000e+00 -2.960033e+01 6.590322e+02
    endloop
  endfacet
  facet normal -1.000000e+00 0.000000e+00 0.000000e+00
    outer loop
      vertex   -2.000000e+00 -2.960033e+01 6.590322e+02
      vertex   -2.000000e+00 -3.203061e+01 6.582594e+02
      vertex   -2.000000e+00 -3.208041e+01 6.583859e+02
    endloop
  endfacet
  facet normal -1.000000e+00 -0.000000e+00 0.000000e+00
    outer loop
      vertex   -2.000000e+00 -2.960033e+01 6.590322e+02
      vertex   -2.000000e+00 -3.208041e+01 6.583859e+02
      vertex   -2.000000e+00 -2.967691e+01 6.592462e+02
    endloop
  endfacet
  facet normal -1.000000e+00 0.000000e+00 0.000000e+00
    outer loop
      vertex   -2.000000e+00 -2.967691e+01 6.592462e+02
      vertex   -2.000000e+00 -3.208041e+01 6.583859e+02
      vertex   -2.000000e+00 -3.214184e+01 6.585071e+02
    endloop
  endfacet
  facet normal -1.000000e+00 0.000000e+00 0.000000e+00
    outer loop
      vertex   -2.000000e+00 -2.967691e+01 6.592462e+02
      vertex   -2.000000e+00 -3.214184e+01 6.585071e+02
      vertex   -2.000000e+00 -3.221435e+01 6.586221e+02
    endloop
  endfacet
  facet normal -1.000000e+00 0.000000e+00 0.000000e+00
    outer loop
      vertex   -2.000000e+00 -3.221435e+01 6.586221e+02
      vertex   -2.000000e+00 -3.229731e+01 6.587298e+02
      vertex   -2.000000e+00 -2.967691e+01 6.592462e+02
    endloop
  endfacet
  facet normal -1.000000e+00 -0.000000e+00 0.000000e+00
    outer loop
      vertex   -2.000000e+00 -2.967691e+01 6.592462e+02
      vertex   -2.000000e+00 -3.229731e+01 6.587298e+02
      vertex   -2.000000e+00 -2.990920e+01 6.605636e+02
    endloop
  endfacet
  facet normal -1.000000e+00 0.000000e+00 0.000000e+00
    outer loop
      vertex   -2.000000e+00 -2.990920e+01 6.605636e+02
      vertex   -2.000000e+00 -3.229731e+01 6.587298e+02
      vertex   -2.000000e+00 -3.238999e+01 6.588292e+02
    endloop
  endfacet
  facet normal -1.000000e+00 0.000000e+00 0.000000e+00
    outer loop
      vertex   -2.000000e+00 -2.990920e+01 6.605636e+02
      vertex   -2.000000e+00 -3.238999e+01 6.588292e+02
      vertex   -2.000000e+00 -3.249157e+01 6.589196e+02
    endloop
  endfacet
  facet normal -1.000000e+00 0.000000e+00 0.000000e+00
    outer loop
      vertex   -2.000000e+00 -3.249157e+01 6.589196e+02
      vertex   -2.000000e+00 -3.260116e+01 6.590000e+02
      vertex   -2.000000e+00 -2.990920e+01 6.605636e+02
    endloop
  endfacet
  facet normal -1.000000e+00 0.000000e+00 0.000000e+00
    outer loop
      vertex   -2.000000e+00 -2.990920e+01 6.605636e+02
      vertex   -2.000000e+00 -3.260116e+01 6.590000e+02
      vertex   -2.000000e+00 -3.271780e+01 6.590698e+02
    endloop
  endfacet
  facet normal -1.000000e+00 -0.000000e+00 0.000000e+00
    outer loop
      vertex   -2.000000e+00 -2.990920e+01 6.605636e+02
      vertex   -2.000000e+00 -3.271780e+01 6.590698e+02
      vertex   -2.000000e+00 -2.994233e+01 6.607888e+02
    endloop
  endfacet
  facet normal -1.000000e+00 0.000000e+00 0.000000e+00
    outer loop
      vertex   -2.000000e+00 -2.994233e+01 6.607888e+02
      vertex   -2.000000e+00 -3.271780e+01 6.590698e+02
      vertex   -2.000000e+00 -3.284047e+01 6.591283e+02
    endloop
  endfacet
  facet normal -1.000000e+00 -0.000000e+00 0.000000e+00
    outer loop
      vertex   -2.000000e+00 -2.994233e+01 6.607888e+02
      vertex   -2.000000e+00 -3.284047e+01 6.591283e+02
      vertex   -2.000000e+00 -2.996260e+01 6.610155e+02
    endloop
  endfacet
  facet normal -1.000000e+00 0.000000e+00 0.000000e+00
    outer loop
      vertex   -2.000000e+00 -2.996260e+01 6.610155e+02
      vertex   -2.000000e+00 -3.284047e+01 6.591283e+02
      vertex   -2.000000e+00 -3.296808e+01 6.591752e+02
    endloop
  endfacet
  facet normal -1.000000e+00 -0.000000e+00 0.000000e+00
    outer loop
      vertex   -2.000000e+00 -2.996260e+01 6.610155e+02
      vertex   -2.000000e+00 -3.296808e+01 6.591752e+02
      vertex   -2.000000e+00 -2.996994e+01 6.612430e+02
    endloop
  endfacet
  facet normal -1.000000e+00 0.000000e+00 0.000000e+00
    outer loop
      vertex   -2.000000e+00 -2.996994e+01 6.612430e+02
      vertex   -2.000000e+00 -3.296808e+01 6.591752e+02
      vertex   -2.000000e+00 -3.309951e+01 6.592098e+02
    endloop
  endfacet
  facet normal -1.000000e+00 -0.000000e+00 0.000000e+00
    outer loop
      vertex   -2.000000e+00 -2.996994e+01 6.612430e+02
      vertex   -2.000000e+00 -3.309951e+01 6.592098e+02
      vertex   -2.000000e+00 -2.996432e+01 6.614705e+02
    endloop
  endfacet
  facet normal -1.000000e+00 0.000000e+00 0.000000e+00
    outer loop
      vertex   -2.000000e+00 -2.996432e+01 6.614705e+02
      vertex   -2.000000e+00 -3.309951e+01 6.592098e+02
      vertex   -2.000000e+00 -3.323362e+01 6.592320e+02
    endloop
  endfacet
  facet normal -1.000000e+00 -0.000000e+00 0.000000e+00
    outer loop
      vertex   -2.000000e+00 -2.996432e+01 6.614705e+02
      vertex   -2.000000e+00 -3.323362e+01 6.592320e+02
      vertex   -2.000000e+00 -2.994577e+01 6.616974e+02
    endloop
  endfacet
  facet normal -1.000000e+00 0.000000e+00 0.000000e+00
    outer loop
      vertex   -2.000000e+00 -2.994577e+01 6.616974e+02
      vertex   -2.000000e+00 -3.323362e+01 6.592320e+02
      vertex   -2.000000e+00 -3.336921e+01 6.592416e+02
    endloop
  endfacet
  facet normal -1.000000e+00 -0.000000e+00 0.000000e+00
    outer loop
      vertex   -2.000000e+00 -2.994577e+01 6.616974e+02
      vertex   -2.000000e+00 -3.336921e+01 6.592416e+02
      vertex   -2.000000e+00 -2.991435e+01 6.619228e+02
    endloop
  endfacet
  facet normal -1.000000e+00 -0.000000e+00 0.000000e+00
    outer loop
      vertex   -2.000000e+00 -2.991435e+01 6.619228e+02
      vertex   -2.000000e+00 -3.336921e+01 6.592416e+02
      vertex   -2.000000e+00 -2.987016e+01 6.621461e+02
    endloop
  endfacet
  facet normal -1.000000e+00 0.000000e+00 0.000000e+00
    outer loop
      vertex   -2.000000e+00 -2.987016e+01 6.621461e+02
      vertex   -2.000000e+00 -3.336921e+01 6.592416e+02
      vertex   -2.000000e+00 -3.350510e+01 6.592384e+02
    endloop
  endfacet
  facet normal -1.000000e+00 -0.000000e+00 0.000000e+00
    outer loop
      vertex   -2.000000e+00 -2.987016e+01 6.621461e+02
      vertex   -2.000000e+00 -3.350510e+01 6.592384e+02
      vertex   -2.000000e+00 -2.981333e+01 6.623665e+02
    endloop
  endfacet
  facet normal -1.000000e+00 0.000000e+00 0.000000e+00
    outer loop
      vertex   -2.000000e+00 -2.981333e+01 6.623665e+02
      vertex   -2.000000e+00 -3.350510e+01 6.592384e+02
      vertex   -2.000000e+00 -3.364010e+01 6.592225e+02
    endloop
  endfacet
  facet normal -1.000000e+00 -0.000000e+00 0.000000e+00
    outer loop
      vertex   -2.000000e+00 -2.981333e+01 6.623665e+02
      vertex   -2.000000e+00 -3.364010e+01 6.592225e+02
      vertex   -2.000000e+00 -2.974406e+01 6.625834e+02
    endloop
  endfacet
  facet normal -1.000000e+00 0.000000e+00 0.000000e+00
    outer loop
      vertex   -2.000000e+00 -2.974406e+01 6.625834e+02
      vertex   -2.000000e+00 -3.364010e+01 6.592225e+02
      vertex   -2.000000e+00 -3.377301e+01 6.591940e+02
    endloop
  endfacet
  facet normal -1.000000e+00 -0.000000e+00 0.000000e+00
    outer loop
      vertex   -2.000000e+00 -2.974406e+01 6.625834e+02
      vertex   -2.000000e+00 -3.377301e+01 6.591940e+02
      vertex   -2.000000e+00 -2.966257e+01 6.627959e+02
    endloop
  endfacet
  facet normal -1.000000e+00 0.000000e+00 0.000000e+00
    outer loop
      vertex   -2.000000e+00 -2.966257e+01 6.627959e+02
      vertex   -2.000000e+00 -3.377301e+01 6.591940e+02
      vertex   -2.000000e+00 -3.390268e+01 6.591532e+02
    endloop
  endfacet
  facet normal -1.000000e+00 -0.000000e+00 0.000000e+00
    outer loop
      vertex   -2.000000e+00 -2.966257e+01 6.627959e+02
      vertex   -2.000000e+00 -3.390268e+01 6.591532e+02
      vertex   -2.000000e+00 -2.956912e+01 6.630034e+02
    endloop
  endfacet
  facet normal -1.000000e+00 0.000000e+00 0.000000e+00
    outer loop
      vertex   -2.000000e+00 -2.956912e+01 6.630034e+02
      vertex   -2.000000e+00 -3.390268e+01 6.591532e+02
      vertex   -2.000000e+00 -3.969317e+01 6.592724e+02
    endloop
  endfacet
  facet normal -1.000000e+00 -0.000000e+00 0.000000e+00
    outer loop
      vertex   -2.000000e+00 -2.956912e+01 6.630034e+02
      vertex   -2.000000e+00 -3.969317e+01 6.592724e+02
      vertex   -2.000000e+00 -2.946402e+01 6.632054e+02
    endloop
  endfacet
  facet normal -1.000000e+00 -0.000000e+00 0.000000e+00
    outer loop
      vertex   -2.000000e+00 -2.946402e+01 6.632054e+02
      vertex   -2.000000e+00 -3.969317e+01 6.592724e+02
      vertex   -2.000000e+00 -2.934760e+01 6.634009e+02
    endloop
  endfacet
  facet normal -1.000000e+00 -0.000000e+00 0.000000e+00
    outer loop
      vertex   -2.000000e+00 -2.934760e+01 6.634009e+02
      vertex   -2.000000e+00 -3.969317e+01 6.592724e+02
      vertex   -2.000000e+00 -2.922025e+01 6.635896e+02
    endloop
  endfacet
  facet normal -1.000000e+00 -0.000000e+00 0.000000e+00
    outer loop
      vertex   -2.000000e+00 -2.922025e+01 6.635896e+02
      vertex   -2.000000e+00 -3.969317e+01 6.592724e+02
      vertex   -2.000000e+00 -2.908236e+01 6.637707e+02
    endloop
  endfacet
  facet normal -1.000000e+00 -0.000000e+00 0.000000e+00
    outer loop
      vertex   -2.000000e+00 -2.908236e+01 6.637707e+02
      vertex   -2.000000e+00 -3.969317e+01 6.592724e+02
      vertex   -2.000000e+00 -2.893441e+01 6.639437e+02
    endloop
  endfacet
  facet normal -1.000000e+00 -0.000000e+00 0.000000e+00
    outer loop
      vertex   -2.000000e+00 -2.893441e+01 6.639437e+02
      vertex   -2.000000e+00 -3.969317e+01 6.592724e+02
      vertex   -2.000000e+00 -2.877685e+01 6.641080e+02
    endloop
  endfacet
  facet normal -1.000000e+00 -0.000000e+00 0.000000e+00
    outer loop
      vertex   -2.000000e+00 -2.877685e+01 6.641080e+02
      vertex   -2.000000e+00 -3.969317e+01 6.592724e+02
      vertex   -2.000000e+00 -2.861020e+01 6.642630e+02
    endloop
  endfacet
  facet normal -1.000000e+00 -0.000000e+00 0.000000e+00
    outer loop
      vertex   -2.000000e+00 -2.861020e+01 6.642630e+02
      vertex   -2.000000e+00 -3.969317e+01 6.592724e+02
      vertex   -2.000000e+00 -2.843500e+01 6.644083e+02
    endloop
  endfacet
  facet normal -1.000000e+00 -0.000000e+00 0.000000e+00
    outer loop
      vertex   -2.000000e+00 -2.843500e+01 6.644083e+02
      vertex   -2.000000e+00 -3.969317e+01 6.592724e+02
      vertex   -2.000000e+00 -2.825182e+01 6.645434e+02
    endloop
  endfacet
  facet normal -1.000000e+00 -0.000000e+00 0.000000e+00
    outer loop
      vertex   -2.000000e+00 -2.825182e+01 6.645434e+02
      vertex   -2.000000e+00 -3.969317e+01 6.592724e+02
      vertex   -2.000000e+00 -2.806125e+01 6.646679e+02
    endloop
  endfacet
  facet normal -1.000000e+00 -0.000000e+00 0.000000e+00
    outer loop
      vertex   -2.000000e+00 -2.806125e+01 6.646679e+02
      vertex   -2.000000e+00 -3.969317e+01 6.592724e+02
      vertex   -2.000000e+00 -2.786391e+01 6.647814e+02
    endloop
  endfacet
  facet normal -1.000000e+00 -0.000000e+00 0.000000e+00
    outer loop
      vertex   -2.000000e+00 -2.786391e+01 6.647814e+02
      vertex   -2.000000e+00 -3.969317e+01 6.592724e+02
      vertex   -2.000000e+00 -2.766044e+01 6.648834e+02
    endloop
  endfacet
  facet normal -1.000000e+00 -0.000000e+00 0.000000e+00
    outer loop
      vertex   -2.000000e+00 -3.390268e+01 6.591532e+02
      vertex   -2.000000e+00 -3.402795e+01 6.591005e+02
      vertex   -2.000000e+00 -3.969317e+01 6.592724e+02
    endloop
  endfacet
  facet normal -1.000000e+00 0.000000e+00 0.000000e+00
    outer loop
      vertex   -2.000000e+00 -3.969317e+01 6.592724e+02
      vertex   -2.000000e+00 -3.402795e+01 6.591005e+02
      vertex   -2.000000e+00 -3.414774e+01 6.590362e+02
    endloop
  endfacet
  facet normal -1.000000e+00 0.000000e+00 0.000000e+00
    outer loop
      vertex   -2.000000e+00 -3.969317e+01 6.592724e+02
      vertex   -2.000000e+00 -3.414774e+01 6.590362e+02
      vertex   -2.000000e+00 -3.426098e+01 6.589610e+02
    endloop
  endfacet
  facet normal -1.000000e+00 -0.000000e+00 0.000000e+00
    outer loop
      vertex   -2.000000e+00 -3.426098e+01 6.589610e+02
      vertex   -2.000000e+00 -3.436668e+01 6.588756e+02
      vertex   -2.000000e+00 -3.969317e+01 6.592724e+02
    endloop
  endfacet
  facet normal -1.000000e+00 0.000000e+00 0.000000e+00
    outer loop
      vertex   -2.000000e+00 -3.969317e+01 6.592724e+02
      vertex   -2.000000e+00 -3.436668e+01 6.588756e+02
      vertex   -2.000000e+00 -3.446392e+01 6.587806e+02
    endloop
  endfacet
  facet normal -1.000000e+00 0.000000e+00 0.000000e+00
    outer loop
      vertex   -2.000000e+00 -3.969317e+01 6.592724e+02
      vertex   -2.000000e+00 -3.446392e+01 6.587806e+02
      vertex   -2.000000e+00 -3.455184e+01 6.586769e+02
    endloop
  endfacet
  facet normal -1.000000e+00 -0.000000e+00 0.000000e+00
    outer loop
      vertex   -2.000000e+00 -3.455184e+01 6.586769e+02
      vertex   -2.000000e+00 -3.462966e+01 6.585655e+02
      vertex   -2.000000e+00 -3.969317e+01 6.592724e+02
    endloop
  endfacet
  facet normal -1.000000e+00 0.000000e+00 0.000000e+00
    outer loop
      vertex   -2.000000e+00 -3.969317e+01 6.592724e+02
      vertex   -2.000000e+00 -3.462966e+01 6.585655e+02
      vertex   -2.000000e+00 -3.469670e+01 6.584472e+02
    endloop
  endfacet
  facet normal -1.000000e+00 0.000000e+00 0.000000e+00
    outer loop
      vertex   -2.000000e+00 -3.969317e+01 6.592724e+02
      vertex   -2.000000e+00 -3.469670e+01 6.584472e+02
      vertex   -2.000000e+00 -3.475238e+01 6.583232e+02
    endloop
  endfacet
  facet normal -1.000000e+00 -0.000000e+00 0.000000e+00
    outer loop
      vertex   -2.000000e+00 -3.475238e+01 6.583232e+02
      vertex   -2.000000e+00 -3.479619e+01 6.581946e+02
      vertex   -2.000000e+00 -3.969317e+01 6.592724e+02
    endloop
  endfacet
  facet normal -1.000000e+00 0.000000e+00 0.000000e+00
    outer loop
      vertex   -2.000000e+00 -3.969317e+01 6.592724e+02
      vertex   -2.000000e+00 -3.479619e+01 6.581946e+02
      vertex   -2.000000e+00 -3.482777e+01 6.580623e+02
    endloop
  endfacet
  facet normal -1.000000e+00 0.000000e+00 0.000000e+00
    outer loop
      vertex   -2.000000e+00 -3.969317e+01 6.592724e+02
      vertex   -2.000000e+00 -3.482777e+01 6.580623e+02
      vertex   -2.000000e+00 -3.702336e+01 6.560907e+02
    endloop
  endfacet
  facet normal -1.000000e+00 0.000000e+00 0.000000e+00
    outer loop
      vertex   -2.000000e+00 -3.702336e+01 6.560907e+02
      vertex   -2.000000e+00 -3.482777e+01 6.580623e+02
      vertex   -2.000000e+00 -3.484683e+01 6.579278e+02
    endloop
  endfacet
  facet normal -1.000000e+00 -1.364453e-16 -7.404696e-17
    outer loop
      vertex   -2.000000e+00 -2.790320e+01 6.567907e+02
      vertex   -2.000000e+00 -2.790320e+01 6.537920e+02
      vertex   -2.000000e+00 -2.953055e+01 6.567907e+02
    endloop
  endfacet
  facet normal -1.000000e+00 -1.614870e-16 -8.763673e-17
    outer loop
      vertex   -2.000000e+00 -2.953055e+01 6.567907e+02
      vertex   -2.000000e+00 -2.790320e+01 6.537920e+02
      vertex   -2.000000e+00 -3.340320e+01 6.537920e+02
    endloop
  endfacet
  facet normal 9.995438e-01 -3.020303e-02 -7.156615e-17
    outer loop
      vertex   2.000000e+00 -2.790320e+01 6.567907e+02
      vertex   2.000000e+00 -2.790320e+01 6.537920e+02
      vertex   2.006386e+00 -2.769188e+01 6.567907e+02
    endloop
  endfacet
  facet normal 9.995438e-01 -3.020303e-02 -7.156615e-17
    outer loop
      vertex   2.006386e+00 -2.769188e+01 6.567907e+02
      vertex   2.000000e+00 -2.790320e+01 6.537920e+02
      vertex   2.006386e+00 -2.769188e+01 6.537920e+02
    endloop
  endfacet
  facet normal 9.958966e-01 -9.049888e-02 -2.144373e-16
    outer loop
      vertex   2.006386e+00 -2.769188e+01 6.567907e+02
      vertex   2.006386e+00 -2.769188e+01 6.537920e+02
      vertex   2.025519e+00 -2.748132e+01 6.567907e+02
    endloop
  endfacet
  facet normal 9.958966e-01 -9.049888e-02 -2.144373e-16
    outer loop
      vertex   2.025519e+00 -2.748132e+01 6.567907e+02
      vertex   2.006386e+00 -2.769188e+01 6.537920e+02
      vertex   2.025519e+00 -2.748132e+01 6.537920e+02
    endloop
  endfacet
  facet normal 9.886154e-01 -1.504645e-01 -3.565260e-16
    outer loop
      vertex   2.025519e+00 -2.748132e+01 6.567907e+02
      vertex   2.025519e+00 -2.748132e+01 6.537920e+02
      vertex   2.057330e+00 -2.727231e+01 6.567907e+02
    endloop
  endfacet
  facet normal 9.886154e-01 -1.504645e-01 -5.347890e-16
    outer loop
      vertex   2.057330e+00 -2.727231e+01 6.567907e+02
      vertex   2.025519e+00 -2.748132e+01 6.537920e+02
      vertex   2.057330e+00 -2.727231e+01 6.537920e+02
    endloop
  endfacet
  facet normal 9.777269e-01 -2.098811e-01 -7.459707e-16
    outer loop
      vertex   2.057330e+00 -2.727231e+01 6.567907e+02
      vertex   2.057330e+00 -2.727231e+01 6.537920e+02
      vertex   2.101704e+00 -2.706560e+01 6.567907e+02
    endloop
  endfacet
  facet normal 9.777269e-01 -2.098811e-01 -7.459707e-16
    outer loop
      vertex   2.101704e+00 -2.706560e+01 6.567907e+02
      vertex   2.057330e+00 -2.727231e+01 6.537920e+02
      vertex   2.101704e+00 -2.706560e+01 6.537920e+02
    endloop
  endfacet
  facet normal 9.632708e-01 -2.685319e-01 -9.544304e-16
    outer loop
      vertex   2.101704e+00 -2.706560e+01 6.567907e+02
      vertex   2.101704e+00 -2.706560e+01 6.537920e+02
      vertex   2.158477e+00 -2.686194e+01 6.567907e+02
    endloop
  endfacet
  facet normal 9.632708e-01 -2.685319e-01 -6.362869e-16
    outer loop
      vertex   2.158477e+00 -2.686194e+01 6.567907e+02
      vertex   2.101704e+00 -2.706560e+01 6.537920e+02
      vertex   2.158477e+00 -2.686194e+01 6.537920e+02
    endloop
  endfacet
  facet normal 9.452998e-01 -3.262028e-01 -7.729383e-16
    outer loop
      vertex   2.158477e+00 -2.686194e+01 6.567907e+02
      vertex   2.158477e+00 -2.686194e+01 6.537920e+02
      vertex   2.227443e+00 -2.666208e+01 6.567907e+02
    endloop
  endfacet
  facet normal 9.452998e-01 -3.262028e-01 -7.729383e-16
    outer loop
      vertex   2.227443e+00 -2.666208e+01 6.567907e+02
      vertex   2.158477e+00 -2.686194e+01 6.537920e+02
      vertex   2.227443e+00 -2.666208e+01 6.537920e+02
    endloop
  endfacet
  facet normal 9.238795e-01 -3.826834e-01 -9.067694e-16
    outer loop
      vertex   2.227443e+00 -2.666208e+01 6.567907e+02
      vertex   2.227443e+00 -2.666208e+01 6.537920e+02
      vertex   2.308351e+00 -2.646676e+01 6.567907e+02
    endloop
  endfacet
  facet normal 9.238795e-01 -3.826834e-01 -1.360154e-15
    outer loop
      vertex   2.308351e+00 -2.646676e+01 6.567907e+02
      vertex   2.227443e+00 -2.666208e+01 6.537920e+02
      vertex   2.308351e+00 -2.646676e+01 6.537920e+02
    endloop
  endfacet
  facet normal 8.990881e-01 -4.377677e-01 -1.555938e-15
    outer loop
      vertex   2.308351e+00 -2.646676e+01 6.567907e+02
      vertex   2.308351e+00 -2.646676e+01 6.537920e+02
      vertex   2.400904e+00 -2.627667e+01 6.567907e+02
    endloop
  endfacet
  facet normal 8.990881e-01 -4.377677e-01 -1.037292e-15
    outer loop
      vertex   2.400904e+00 -2.627667e+01 6.567907e+02
      vertex   2.308351e+00 -2.646676e+01 6.537920e+02
      vertex   2.400904e+00 -2.627667e+01 6.537920e+02
    endloop
  endfacet
  facet normal 8.710160e-01 -4.912546e-01 -1.164029e-15
    outer loop
      vertex   2.400904e+00 -2.627667e+01 6.567907e+02
      vertex   2.400904e+00 -2.627667e+01 6.537920e+02
      vertex   2.504766e+00 -2.609252e+01 6.567907e+02
    endloop
  endfacet
  facet normal 8.710160e-01 -4.912546e-01 -1.746044e-15
    outer loop
      vertex   2.504766e+00 -2.609252e+01 6.567907e+02
      vertex   2.400904e+00 -2.627667e+01 6.537920e+02
      vertex   2.504766e+00 -2.609252e+01 6.537920e+02
    endloop
  endfacet
  facet normal 8.397657e-01 -5.429490e-01 -1.929779e-15
    outer loop
      vertex   2.504766e+00 -2.609252e+01 6.567907e+02
      vertex   2.504766e+00 -2.609252e+01 6.537920e+02
      vertex   2.619556e+00 -2.591497e+01 6.567907e+02
    endloop
  endfacet
  facet normal 8.397657e-01 -5.429490e-01 -1.286519e-15
    outer loop
      vertex   2.619556e+00 -2.591497e+01 6.567907e+02
      vertex   2.504766e+00 -2.609252e+01 6.537920e+02
      vertex   2.619556e+00 -2.591497e+01 6.537920e+02
    endloop
  endfacet
  facet normal 8.054511e-01 -5.926622e-01 -1.404315e-15
    outer loop
      vertex   2.619556e+00 -2.591497e+01 6.567907e+02
      vertex   2.619556e+00 -2.591497e+01 6.537920e+02
      vertex   2.744858e+00 -2.574469e+01 6.567907e+02
    endloop
  endfacet
  facet normal 8.054511e-01 -5.926622e-01 -1.404315e-15
    outer loop
      vertex   2.744858e+00 -2.574469e+01 6.567907e+02
      vertex   2.619556e+00 -2.591497e+01 6.537920e+02
      vertex   2.744858e+00 -2.574469e+01 6.537920e+02
    endloop
  endfacet
  facet normal 7.681976e-01 -6.402128e-01 -1.516986e-15
    outer loop
      vertex   2.744858e+00 -2.574469e+01 6.567907e+02
      vertex   2.744858e+00 -2.574469e+01 6.537920e+02
      vertex   2.880212e+00 -2.558227e+01 6.567907e+02
    endloop
  endfacet
  facet normal 7.681976e-01 -6.402128e-01 -2.275479e-15
    outer loop
      vertex   2.880212e+00 -2.558227e+01 6.567907e+02
      vertex   2.744858e+00 -2.574469e+01 6.537920e+02
      vertex   2.880212e+00 -2.558227e+01 6.537920e+02
    endloop
  endfacet
  facet normal 7.281410e-01 -6.854274e-01 -2.436183e-15
    outer loop
      vertex   2.880212e+00 -2.558227e+01 6.567907e+02
      vertex   2.880212e+00 -2.558227e+01 6.537920e+02
      vertex   3.025126e+00 -2.542833e+01 6.567907e+02
    endloop
  endfacet
  facet normal 7.281410e-01 -6.854274e-01 -2.436183e-15
    outer loop
      vertex   3.025126e+00 -2.542833e+01 6.567907e+02
      vertex   2.880212e+00 -2.558227e+01 6.537920e+02
      vertex   3.025126e+00 -2.542833e+01 6.537920e+02
    endloop
  endfacet
  facet normal 6.854274e-01 -7.281410e-01 -2.587998e-15
    outer loop
      vertex   3.025126e+00 -2.542833e+01 6.567907e+02
      vertex   3.025126e+00 -2.542833e+01 6.537920e+02
      vertex   3.179071e+00 -2.528341e+01 6.567907e+02
    endloop
  endfacet
  facet normal 6.854274e-01 -7.281410e-01 -1.725332e-15
    outer loop
      vertex   3.179071e+00 -2.528341e+01 6.567907e+02
      vertex   3.025126e+00 -2.542833e+01 6.537920e+02
      vertex   3.179071e+00 -2.528341e+01 6.537920e+02
    endloop
  endfacet
  facet normal 6.402128e-01 -7.681976e-01 -1.820246e-15
    outer loop
      vertex   3.179071e+00 -2.528341e+01 6.567907e+02
      vertex   3.179071e+00 -2.528341e+01 6.537920e+02
      vertex   3.341484e+00 -2.514806e+01 6.567907e+02
    endloop
  endfacet
  facet normal 6.402128e-01 -7.681976e-01 -1.820246e-15
    outer loop
      vertex   3.341484e+00 -2.514806e+01 6.567907e+02
      vertex   3.179071e+00 -2.528341e+01 6.537920e+02
      vertex   3.341484e+00 -2.514806e+01 6.537920e+02
    endloop
  endfacet
  facet normal 5.926622e-01 -8.054511e-01 -1.908519e-15
    outer loop
      vertex   3.341484e+00 -2.514806e+01 6.567907e+02
      vertex   3.341484e+00 -2.514806e+01 6.537920e+02
      vertex   3.511773e+00 -2.502276e+01 6.567907e+02
    endloop
  endfacet
  facet normal 5.926622e-01 -8.054511e-01 -1.908519e-15
    outer loop
      vertex   3.511773e+00 -2.502276e+01 6.567907e+02
      vertex   3.341484e+00 -2.514806e+01 6.537920e+02
      vertex   3.511773e+00 -2.502276e+01 6.537920e+02
    endloop
  endfacet
  facet normal 5.429490e-01 -8.397657e-01 -1.989827e-15
    outer loop
      vertex   3.511773e+00 -2.502276e+01 6.567907e+02
      vertex   3.511773e+00 -2.502276e+01 6.537920e+02
      vertex   3.689318e+00 -2.490797e+01 6.567907e+02
    endloop
  endfacet
  facet normal 5.429490e-01 -8.397657e-01 -1.989827e-15
    outer loop
      vertex   3.689318e+00 -2.490797e+01 6.567907e+02
      vertex   3.511773e+00 -2.502276e+01 6.537920e+02
      vertex   3.689318e+00 -2.490797e+01 6.537920e+02
    endloop
  endfacet
  facet normal 4.912546e-01 -8.710160e-01 -2.063875e-15
    outer loop
      vertex   3.689318e+00 -2.490797e+01 6.567907e+02
      vertex   3.689318e+00 -2.490797e+01 6.537920e+02
      vertex   3.873469e+00 -2.480411e+01 6.567907e+02
    endloop
  endfacet
  facet normal 4.912546e-01 -8.710160e-01 -3.095812e-15
    outer loop
      vertex   3.873469e+00 -2.480411e+01 6.567907e+02
      vertex   3.689318e+00 -2.490797e+01 6.537920e+02
      vertex   3.873469e+00 -2.480411e+01 6.537920e+02
    endloop
  endfacet
  facet normal 4.377677e-01 -8.990881e-01 -3.195587e-15
    outer loop
      vertex   3.873469e+00 -2.480411e+01 6.567907e+02
      vertex   3.873469e+00 -2.480411e+01 6.537920e+02
      vertex   4.063555e+00 -2.471155e+01 6.567907e+02
    endloop
  endfacet
  facet normal 4.377677e-01 -8.990881e-01 -2.130392e-15
    outer loop
      vertex   4.063555e+00 -2.471155e+01 6.567907e+02
      vertex   3.873469e+00 -2.480411e+01 6.537920e+02
      vertex   4.063555e+00 -2.471155e+01 6.537920e+02
    endloop
  endfacet
  facet normal 3.826834e-01 -9.238795e-01 -2.189135e-15
    outer loop
      vertex   4.063555e+00 -2.471155e+01 6.567907e+02
      vertex   4.063555e+00 -2.471155e+01 6.537920e+02
      vertex   4.258883e+00 -2.463064e+01 6.567907e+02
    endloop
  endfacet
  facet normal 3.826834e-01 -9.238795e-01 -2.189135e-15
    outer loop
      vertex   4.258883e+00 -2.463064e+01 6.567907e+02
      vertex   4.063555e+00 -2.471155e+01 6.537920e+02
      vertex   4.258883e+00 -2.463064e+01 6.537920e+02
    endloop
  endfacet
  facet normal 3.262028e-01 -9.452998e-01 -2.239890e-15
    outer loop
      vertex   4.258883e+00 -2.463064e+01 6.567907e+02
      vertex   4.258883e+00 -2.463064e+01 6.537920e+02
      vertex   4.458739e+00 -2.456168e+01 6.567907e+02
    endloop
  endfacet
  facet normal 3.262028e-01 -9.452998e-01 -3.359836e-15
    outer loop
      vertex   4.458739e+00 -2.456168e+01 6.567907e+02
      vertex   4.258883e+00 -2.463064e+01 6.537920e+02
      vertex   4.458739e+00 -2.456168e+01 6.537920e+02
    endloop
  endfacet
  facet normal 2.685319e-01 -9.632708e-01 -3.423709e-15
    outer loop
      vertex   4.458739e+00 -2.456168e+01 6.567907e+02
      vertex   4.458739e+00 -2.456168e+01 6.537920e+02
      vertex   4.662395e+00 -2.450490e+01 6.567907e+02
    endloop
  endfacet
  facet normal 2.685319e-01 -9.632708e-01 -2.282473e-15
    outer loop
      vertex   4.662395e+00 -2.450490e+01 6.567907e+02
      vertex   4.458739e+00 -2.456168e+01 6.537920e+02
      vertex   4.662395e+00 -2.450490e+01 6.537920e+02
    endloop
  endfacet
  facet normal 2.098811e-01 -9.777269e-01 -2.316726e-15
    outer loop
      vertex   4.662395e+00 -2.450490e+01 6.567907e+02
      vertex   4.662395e+00 -2.450490e+01 6.537920e+02
      vertex   4.869107e+00 -2.446053e+01 6.567907e+02
    endloop
  endfacet
  facet normal 2.098811e-01 -9.777269e-01 -2.316726e-15
    outer loop
      vertex   4.869107e+00 -2.446053e+01 6.567907e+02
      vertex   4.662395e+00 -2.450490e+01 6.537920e+02
      vertex   4.869107e+00 -2.446053e+01 6.537920e+02
    endloop
  endfacet
  facet normal 1.504645e-01 -9.886154e-01 -2.342527e-15
    outer loop
      vertex   4.869107e+00 -2.446053e+01 6.567907e+02
      vertex   4.869107e+00 -2.446053e+01 6.537920e+02
      vertex   5.078122e+00 -2.442872e+01 6.567907e+02
    endloop
  endfacet
  facet normal 1.504645e-01 -9.886154e-01 -2.342527e-15
    outer loop
      vertex   5.078122e+00 -2.442872e+01 6.567907e+02
      vertex   4.869107e+00 -2.446053e+01 6.537920e+02
      vertex   5.078122e+00 -2.442872e+01 6.537920e+02
    endloop
  endfacet
  facet normal 9.049888e-02 -9.958966e-01 -2.359779e-15
    outer loop
      vertex   5.078122e+00 -2.442872e+01 6.567907e+02
      vertex   5.078122e+00 -2.442872e+01 6.537920e+02
      vertex   5.288675e+00 -2.440959e+01 6.567907e+02
    endloop
  endfacet
  facet normal 9.049888e-02 -9.958966e-01 -2.359779e-15
    outer loop
      vertex   5.288675e+00 -2.440959e+01 6.567907e+02
      vertex   5.078122e+00 -2.442872e+01 6.537920e+02
      vertex   5.288675e+00 -2.440959e+01 6.537920e+02
    endloop
  endfacet
  facet normal 3.020303e-02 -9.995438e-01 -2.368422e-15
    outer loop
      vertex   5.288675e+00 -2.440959e+01 6.567907e+02
      vertex   5.288675e+00 -2.440959e+01 6.537920e+02
      vertex   5.500000e+00 -2.440320e+01 6.567907e+02
    endloop
  endfacet
  facet normal 3.020303e-02 -9.995438e-01 -5.930000e-15
    outer loop
      vertex   5.500000e+00 -2.440320e+01 6.567907e+02
      vertex   5.288675e+00 -2.440959e+01 6.537920e+02
      vertex   5.500000e+00 -2.440320e+01 6.537920e+02
    endloop
  endfacet
  facet normal 1.000000e+00 1.433415e-13 3.721215e-13
    outer loop
      vertex   2.000000e+00 -2.947994e+01 6.570122e+02
      vertex   2.000000e+00 -3.199287e+01 6.574551e+02
      vertex   2.000000e+00 -2.953055e+01 6.567907e+02
    endloop
  endfacet
  facet normal 1.000000e+00 3.981895e-14 -1.150776e-14
    outer loop
      vertex   2.000000e+00 -2.953055e+01 6.567907e+02
      vertex   2.000000e+00 -3.199287e+01 6.574551e+02
      vertex   2.000000e+00 -3.203061e+01 6.573246e+02
    endloop
  endfacet
  facet normal 1.000000e+00 3.899728e-14 -1.535557e-14
    outer loop
      vertex   2.000000e+00 -2.953055e+01 6.567907e+02
      vertex   2.000000e+00 -3.203061e+01 6.573246e+02
      vertex   2.000000e+00 -3.208041e+01 6.571981e+02
    endloop
  endfacet
  facet normal 1.000000e+00 7.550363e-14 -1.278789e-14
    outer loop
      vertex   2.000000e+00 -2.947994e+01 6.570122e+02
      vertex   2.000000e+00 -2.944198e+01 6.572363e+02
      vertex   2.000000e+00 -3.199287e+01 6.574551e+02
    endloop
  endfacet
  facet normal 1.000000e+00 7.537349e-14 -1.430502e-14
    outer loop
      vertex   2.000000e+00 -3.199287e+01 6.574551e+02
      vertex   2.000000e+00 -2.944198e+01 6.572363e+02
      vertex   2.000000e+00 -3.196752e+01 6.575887e+02
    endloop
  endfacet
  facet normal 1.000000e+00 7.618512e-14 -8.487511e-15
    outer loop
      vertex   2.000000e+00 -3.196752e+01 6.575887e+02
      vertex   2.000000e+00 -2.944198e+01 6.572363e+02
      vertex   2.000000e+00 -2.941682e+01 6.574622e+02
    endloop
  endfacet
  facet normal 1.000000e+00 7.625036e-14 -7.171710e-15
    outer loop
      vertex   2.000000e+00 -3.196752e+01 6.575887e+02
      vertex   2.000000e+00 -2.941682e+01 6.574622e+02
      vertex   2.000000e+00 -3.195480e+01 6.577240e+02
    endloop
  endfacet
  facet normal 1.000000e+00 7.656229e-14 -4.147763e-15
    outer loop
      vertex   2.000000e+00 -3.195480e+01 6.577240e+02
      vertex   2.000000e+00 -2.941682e+01 6.574622e+02
      vertex   2.000000e+00 -2.940452e+01 6.576892e+02
    endloop
  endfacet
  facet normal 1.000000e+00 7.661899e-14 -0.000000e+00
    outer loop
      vertex   2.000000e+00 -3.195480e+01 6.577240e+02
      vertex   2.000000e+00 -2.940452e+01 6.576892e+02
      vertex   2.000000e+00 -3.195480e+01 6.578599e+02
    endloop
  endfacet
  facet normal 1.000000e+00 7.663287e-14 2.072697e-16
    outer loop
      vertex   2.000000e+00 -3.195480e+01 6.578599e+02
      vertex   2.000000e+00 -2.940452e+01 6.576892e+02
      vertex   2.000000e+00 -2.940514e+01 6.579164e+02
    endloop
  endfacet
  facet normal 1.000000e+00 7.653640e-14 4.561717e-15
    outer loop
      vertex   2.000000e+00 -3.195480e+01 6.578599e+02
      vertex   2.000000e+00 -2.940514e+01 6.579164e+02
      vertex   2.000000e+00 -2.941866e+01 6.581433e+02
    endloop
  endfacet
  facet normal 1.000000e+00 7.624484e-14 7.171191e-15
    outer loop
      vertex   2.000000e+00 -3.195480e+01 6.578599e+02
      vertex   2.000000e+00 -2.941866e+01 6.581433e+02
      vertex   2.000000e+00 -3.196752e+01 6.579953e+02
    endloop
  endfacet
  facet normal 1.000000e+00 7.614442e-14 8.900241e-15
    outer loop
      vertex   2.000000e+00 -3.196752e+01 6.579953e+02
      vertex   2.000000e+00 -2.941866e+01 6.581433e+02
      vertex   2.000000e+00 -2.944505e+01 6.583690e+02
    endloop
  endfacet
  facet normal 1.000000e+00 7.534439e-14 1.429950e-14
    outer loop
      vertex   2.000000e+00 -3.196752e+01 6.579953e+02
      vertex   2.000000e+00 -2.944505e+01 6.583690e+02
      vertex   2.000000e+00 -3.199287e+01 6.581288e+02
    endloop
  endfacet
  facet normal 1.000000e+00 7.544817e-14 1.319872e-14
    outer loop
      vertex   2.000000e+00 -3.199287e+01 6.581288e+02
      vertex   2.000000e+00 -2.944505e+01 6.583690e+02
      vertex   2.000000e+00 -2.948421e+01 6.585929e+02
    endloop
  endfacet
  facet normal 1.000000e+00 7.465593e-14 1.748113e-14
    outer loop
      vertex   2.000000e+00 -3.199287e+01 6.581288e+02
      vertex   2.000000e+00 -2.948421e+01 6.585929e+02
      vertex   2.000000e+00 -2.953603e+01 6.588142e+02
    endloop
  endfacet
  facet normal 1.000000e+00 7.359888e-14 2.127023e-14
    outer loop
      vertex   2.000000e+00 -3.199287e+01 6.581288e+02
      vertex   2.000000e+00 -2.953603e+01 6.588142e+02
      vertex   2.000000e+00 -3.203061e+01 6.582594e+02
    endloop
  endfacet
  facet normal 1.000000e+00 7.350715e-14 2.168264e-14
    outer loop
      vertex   2.000000e+00 -3.203061e+01 6.582594e+02
      vertex   2.000000e+00 -2.953603e+01 6.588142e+02
      vertex   2.000000e+00 -2.960033e+01 6.590322e+02
    endloop
  endfacet
  facet normal 1.000000e+00 7.145503e-14 2.813613e-14
    outer loop
      vertex   2.000000e+00 -3.203061e+01 6.582594e+02
      vertex   2.000000e+00 -2.960033e+01 6.590322e+02
      vertex   2.000000e+00 -3.208041e+01 6.583859e+02
    endloop
  endfacet
  facet normal 1.000000e+00 7.206640e-14 2.579015e-14
    outer loop
      vertex   2.000000e+00 -3.208041e+01 6.583859e+02
      vertex   2.000000e+00 -2.960033e+01 6.590322e+02
      vertex   2.000000e+00 -2.967691e+01 6.592462e+02
    endloop
  endfacet
  facet normal 1.000000e+00 6.881919e-14 3.486214e-14
    outer loop
      vertex   2.000000e+00 -3.208041e+01 6.583859e+02
      vertex   2.000000e+00 -2.967691e+01 6.592462e+02
      vertex   2.000000e+00 -3.214184e+01 6.585071e+02
    endloop
  endfacet
  facet normal 1.000000e+00 6.666568e-14 4.204470e-14
    outer loop
      vertex   2.000000e+00 -3.214184e+01 6.585071e+02
      vertex   2.000000e+00 -2.967691e+01 6.592462e+02
      vertex   2.000000e+00 -3.221435e+01 6.586221e+02
    endloop
  endfacet
  facet normal 1.000000e+00 6.473925e-14 4.987743e-14
    outer loop
      vertex   2.000000e+00 -3.221435e+01 6.586221e+02
      vertex   2.000000e+00 -2.967691e+01 6.592462e+02
      vertex   2.000000e+00 -3.229731e+01 6.587298e+02
    endloop
  endfacet
  facet normal 1.000000e+00 7.206435e-14 1.270689e-14
    outer loop
      vertex   2.000000e+00 -3.229731e+01 6.587298e+02
      vertex   2.000000e+00 -2.967691e+01 6.592462e+02
      vertex   2.000000e+00 -2.990920e+01 6.605636e+02
    endloop
  endfacet
  facet normal 1.000000e+00 4.769052e-14 4.444891e-14
    outer loop
      vertex   2.000000e+00 -3.229731e+01 6.587298e+02
      vertex   2.000000e+00 -2.990920e+01 6.605636e+02
      vertex   2.000000e+00 -3.238999e+01 6.588292e+02
    endloop
  endfacet
  facet normal 1.000000e+00 4.409479e-14 4.959225e-14
    outer loop
      vertex   2.000000e+00 -3.238999e+01 6.588292e+02
      vertex   2.000000e+00 -2.990920e+01 6.605636e+02
      vertex   2.000000e+00 -3.249157e+01 6.589196e+02
    endloop
  endfacet
  facet normal 1.000000e+00 4.051416e-14 5.521663e-14
    outer loop
      vertex   2.000000e+00 -3.249157e+01 6.589196e+02
      vertex   2.000000e+00 -2.990920e+01 6.605636e+02
      vertex   2.000000e+00 -3.260116e+01 6.590000e+02
    endloop
  endfacet
  facet normal 1.000000e+00 3.683298e-14 6.155434e-14
    outer loop
      vertex   2.000000e+00 -3.260116e+01 6.590000e+02
      vertex   2.000000e+00 -2.990920e+01 6.605636e+02
      vertex   2.000000e+00 -3.271780e+01 6.590698e+02
    endloop
  endfacet
  facet normal 1.000000e+00 6.452265e-14 9.492858e-15
    outer loop
      vertex   2.000000e+00 -3.271780e+01 6.590698e+02
      vertex   2.000000e+00 -2.990920e+01 6.605636e+02
      vertex   2.000000e+00 -2.994233e+01 6.607888e+02
    endloop
  endfacet
  facet normal 1.000000e+00 3.064699e-14 6.418819e-14
    outer loop
      vertex   2.000000e+00 -3.271780e+01 6.590698e+02
      vertex   2.000000e+00 -2.994233e+01 6.607888e+02
      vertex   2.000000e+00 -3.284047e+01 6.591283e+02
    endloop
  endfacet
  facet normal 1.000000e+00 6.413715e-14 5.733900e-15
    outer loop
      vertex   2.000000e+00 -3.284047e+01 6.591283e+02
      vertex   2.000000e+00 -2.994233e+01 6.607888e+02
      vertex   2.000000e+00 -2.996260e+01 6.610155e+02
    endloop
  endfacet
  facet normal 1.000000e+00 2.436084e-14 6.639224e-14
    outer loop
      vertex   2.000000e+00 -3.284047e+01 6.591283e+02
      vertex   2.000000e+00 -2.996260e+01 6.610155e+02
      vertex   2.000000e+00 -3.296808e+01 6.591752e+02
    endloop
  endfacet
  facet normal 1.000000e+00 6.375481e-14 2.056847e-15
    outer loop
      vertex   2.000000e+00 -3.296808e+01 6.591752e+02
      vertex   2.000000e+00 -2.996260e+01 6.610155e+02
      vertex   2.000000e+00 -2.996994e+01 6.612430e+02
    endloop
  endfacet
  facet normal 1.000000e+00 1.802946e-14 6.835410e-14
    outer loop
      vertex   2.000000e+00 -3.296808e+01 6.591752e+02
      vertex   2.000000e+00 -2.996994e+01 6.612430e+02
      vertex   2.000000e+00 -3.309951e+01 6.592098e+02
    endloop
  endfacet
  facet normal 1.000000e+00 6.345316e-14 -1.565216e-15
    outer loop
      vertex   2.000000e+00 -3.309951e+01 6.592098e+02
      vertex   2.000000e+00 -2.996994e+01 6.612430e+02
      vertex   2.000000e+00 -2.996432e+01 6.614705e+02
    endloop
  endfacet
  facet normal 1.000000e+00 1.164018e-14 7.028991e-14
    outer loop
      vertex   2.000000e+00 -3.309951e+01 6.592098e+02
      vertex   2.000000e+00 -2.996432e+01 6.614705e+02
      vertex   2.000000e+00 -3.323362e+01 6.592320e+02
    endloop
  endfacet
  facet normal 1.000000e+00 6.331219e-14 -5.176190e-15
    outer loop
      vertex   2.000000e+00 -3.323362e+01 6.592320e+02
      vertex   2.000000e+00 -2.996432e+01 6.614705e+02
      vertex   2.000000e+00 -2.994577e+01 6.616974e+02
    endloop
  endfacet
  facet normal 1.000000e+00 5.104181e-15 7.245073e-14
    outer loop
      vertex   2.000000e+00 -3.323362e+01 6.592320e+02
      vertex   2.000000e+00 -2.994577e+01 6.616974e+02
      vertex   2.000000e+00 -3.336921e+01 6.592416e+02
    endloop
  endfacet
  facet normal 1.000000e+00 6.341778e-14 -8.839188e-15
    outer loop
      vertex   2.000000e+00 -3.336921e+01 6.592416e+02
      vertex   2.000000e+00 -2.994577e+01 6.616974e+02
      vertex   2.000000e+00 -2.991435e+01 6.619228e+02
    endloop
  endfacet
  facet normal 1.000000e+00 6.682222e-14 -1.322589e-14
    outer loop
      vertex   2.000000e+00 -3.336921e+01 6.592416e+02
      vertex   2.000000e+00 -2.991435e+01 6.619228e+02
      vertex   2.000000e+00 -2.987016e+01 6.621461e+02
    endloop
  endfacet
  facet normal 1.000000e+00 -1.623359e-15 6.922928e-14
    outer loop
      vertex   2.000000e+00 -3.336921e+01 6.592416e+02
      vertex   2.000000e+00 -2.987016e+01 6.621461e+02
      vertex   2.000000e+00 -3.350510e+01 6.592384e+02
    endloop
  endfacet
  facet normal 1.000000e+00 6.772216e-14 -1.745932e-14
    outer loop
      vertex   2.000000e+00 -3.350510e+01 6.592384e+02
      vertex   2.000000e+00 -2.987016e+01 6.621461e+02
      vertex   2.000000e+00 -2.981333e+01 6.623665e+02
    endloop
  endfacet
  facet normal 1.000000e+00 -8.543477e-15 7.254774e-14
    outer loop
      vertex   2.000000e+00 -3.350510e+01 6.592384e+02
      vertex   2.000000e+00 -2.981333e+01 6.623665e+02
      vertex   2.000000e+00 -3.364010e+01 6.592225e+02
    endloop
  endfacet
  facet normal 1.000000e+00 6.923351e-14 -2.211839e-14
    outer loop
      vertex   2.000000e+00 -3.364010e+01 6.592225e+02
      vertex   2.000000e+00 -2.981333e+01 6.623665e+02
      vertex   2.000000e+00 -2.974406e+01 6.625834e+02
    endloop
  endfacet
  facet normal 1.000000e+00 -1.656633e-14 7.734382e-14
    outer loop
      vertex   2.000000e+00 -3.364010e+01 6.592225e+02
      vertex   2.000000e+00 -2.974406e+01 6.625834e+02
      vertex   2.000000e+00 -3.377301e+01 6.591940e+02
    endloop
  endfacet
  facet normal 1.000000e+00 7.159104e-14 -2.745006e-14
    outer loop
      vertex   2.000000e+00 -3.377301e+01 6.591940e+02
      vertex   2.000000e+00 -2.974406e+01 6.625834e+02
      vertex   2.000000e+00 -2.966257e+01 6.627959e+02
    endloop
  endfacet
  facet normal 1.000000e+00 -2.662397e-14 8.463260e-14
    outer loop
      vertex   2.000000e+00 -3.377301e+01 6.591940e+02
      vertex   2.000000e+00 -2.966257e+01 6.627959e+02
      vertex   2.000000e+00 -3.390268e+01 6.591532e+02
    endloop
  endfacet
  facet normal 1.000000e+00 7.515242e-14 -3.383655e-14
    outer loop
      vertex   2.000000e+00 -3.390268e+01 6.591532e+02
      vertex   2.000000e+00 -2.966257e+01 6.627959e+02
      vertex   2.000000e+00 -2.956912e+01 6.630034e+02
    endloop
  endfacet
  facet normal 1.000000e+00 -3.195973e-14 8.672209e-14
    outer loop
      vertex   2.000000e+00 -3.390268e+01 6.591532e+02
      vertex   2.000000e+00 -2.956912e+01 6.630034e+02
      vertex   2.000000e+00 -3.969317e+01 6.592724e+02
    endloop
  endfacet
  facet normal 1.000000e+00 0.000000e+00 0.000000e+00
    outer loop
      vertex   2.000000e+00 -3.969317e+01 6.592724e+02
      vertex   2.000000e+00 -2.956912e+01 6.630034e+02
      vertex   2.000000e+00 -2.946402e+01 6.632054e+02
    endloop
  endfacet
  facet normal 1.000000e+00 0.000000e+00 0.000000e+00
    outer loop
      vertex   2.000000e+00 -3.969317e+01 6.592724e+02
      vertex   2.000000e+00 -2.946402e+01 6.632054e+02
      vertex   2.000000e+00 -2.934760e+01 6.634009e+02
    endloop
  endfacet
  facet normal 1.000000e+00 0.000000e+00 -0.000000e+00
    outer loop
      vertex   2.000000e+00 -2.934760e+01 6.634009e+02
      vertex   2.000000e+00 -2.922025e+01 6.635896e+02
      vertex   2.000000e+00 -3.969317e+01 6.592724e+02
    endloop
  endfacet
  facet normal 1.000000e+00 0.000000e+00 0.000000e+00
    outer loop
      vertex   2.000000e+00 -3.969317e+01 6.592724e+02
      vertex   2.000000e+00 -2.922025e+01 6.635896e+02
      vertex   2.000000e+00 -2.908236e+01 6.637707e+02
    endloop
  endfacet
  facet normal 1.000000e+00 0.000000e+00 0.000000e+00
    outer loop
      vertex   2.000000e+00 -3.969317e+01 6.592724e+02
      vertex   2.000000e+00 -2.908236e+01 6.637707e+02
      vertex   2.000000e+00 -2.893441e+01 6.639437e+02
    endloop
  endfacet
  facet normal 1.000000e+00 0.000000e+00 -0.000000e+00
    outer loop
      vertex   2.000000e+00 -2.893441e+01 6.639437e+02
      vertex   2.000000e+00 -2.877685e+01 6.641080e+02
      vertex   2.000000e+00 -3.969317e+01 6.592724e+02
    endloop
  endfacet
  facet normal 1.000000e+00 0.000000e+00 0.000000e+00
    outer loop
      vertex   2.000000e+00 -3.969317e+01 6.592724e+02
      vertex   2.000000e+00 -2.877685e+01 6.641080e+02
      vertex   2.000000e+00 -2.861020e+01 6.642630e+02
    endloop
  endfacet
  facet normal 1.000000e+00 0.000000e+00 0.000000e+00
    outer loop
      vertex   2.000000e+00 -3.969317e+01 6.592724e+02
      vertex   2.000000e+00 -2.861020e+01 6.642630e+02
      vertex   2.000000e+00 -2.843500e+01 6.644083e+02
    endloop
  endfacet
  facet normal 1.000000e+00 0.000000e+00 -0.000000e+00
    outer loop
      vertex   2.000000e+00 -2.843500e+01 6.644083e+02
      vertex   2.000000e+00 -2.825182e+01 6.645434e+02
      vertex   2.000000e+00 -3.969317e+01 6.592724e+02
    endloop
  endfacet
  facet normal 1.000000e+00 0.000000e+00 0.000000e+00
    outer loop
      vertex   2.000000e+00 -3.969317e+01 6.592724e+02
      vertex   2.000000e+00 -2.825182e+01 6.645434e+02
      vertex   2.000000e+00 -2.806125e+01 6.646679e+02
    endloop
  endfacet
  facet normal 1.000000e+00 0.000000e+00 0.000000e+00
    outer loop
      vertex   2.000000e+00 -3.969317e+01 6.592724e+02
      vertex   2.000000e+00 -2.806125e+01 6.646679e+02
      vertex   2.000000e+00 -2.786391e+01 6.647814e+02
    endloop
  endfacet
  facet normal 1.000000e+00 0.000000e+00 -0.000000e+00
    outer loop
      vertex   2.000000e+00 -2.786391e+01 6.647814e+02
      vertex   2.000000e+00 -2.766044e+01 6.648834e+02
      vertex   2.000000e+00 -3.969317e+01 6.592724e+02
    endloop
  endfacet
  facet normal 1.000000e+00 -5.075283e-14 -4.258668e-14
    outer loop
      vertex   2.000000e+00 -3.702336e+01 6.560907e+02
      vertex   2.000000e+00 -3.482777e+01 6.580623e+02
      vertex   2.000000e+00 -3.969317e+01 6.592724e+02
    endloop
  endfacet
  facet normal 1.000000e+00 -3.790911e-14 9.054186e-15
    outer loop
      vertex   2.000000e+00 -3.969317e+01 6.592724e+02
      vertex   2.000000e+00 -3.482777e+01 6.580623e+02
      vertex   2.000000e+00 -3.479619e+01 6.581946e+02
    endloop
  endfacet
  facet normal 1.000000e+00 -3.711965e-14 1.264087e-14
    outer loop
      vertex   2.000000e+00 -3.969317e+01 6.592724e+02
      vertex   2.000000e+00 -3.479619e+01 6.581946e+02
      vertex   2.000000e+00 -3.475238e+01 6.583232e+02
    endloop
  endfacet
  facet normal 1.000000e+00 -6.826872e-14 -3.447298e-14
    outer loop
      vertex   2.000000e+00 -3.692137e+01 6.558887e+02
      vertex   2.000000e+00 -3.462966e+01 6.570185e+02
      vertex   2.000000e+00 -3.702336e+01 6.560907e+02
    endloop
  endfacet
  facet normal 1.000000e+00 -6.692336e-14 -3.794400e-14
    outer loop
      vertex   2.000000e+00 -3.702336e+01 6.560907e+02
      vertex   2.000000e+00 -3.462966e+01 6.570185e+02
      vertex   2.000000e+00 -3.469670e+01 6.571367e+02
    endloop
  endfacet
  facet normal 1.000000e+00 -6.987738e-14 -3.137352e-14
    outer loop
      vertex   2.000000e+00 -3.702336e+01 6.560907e+02
      vertex   2.000000e+00 -3.469670e+01 6.571367e+02
      vertex   2.000000e+00 -3.475238e+01 6.572607e+02
    endloop
  endfacet
  facet normal 1.000000e+00 -6.635241e-14 -3.836016e-14
    outer loop
      vertex   2.000000e+00 -3.692137e+01 6.558887e+02
      vertex   2.000000e+00 -3.680813e+01 6.556928e+02
      vertex   2.000000e+00 -3.462966e+01 6.570185e+02
    endloop
  endfacet
  facet normal 1.000000e+00 -6.294804e-14 -4.395461e-14
    outer loop
      vertex   2.000000e+00 -3.462966e+01 6.570185e+02
      vertex   2.000000e+00 -3.680813e+01 6.556928e+02
      vertex   2.000000e+00 -3.455184e+01 6.569070e+02
    endloop
  endfacet
  facet normal 1.000000e+00 -6.399996e-14 -4.199989e-14
    outer loop
      vertex   2.000000e+00 -3.455184e+01 6.569070e+02
      vertex   2.000000e+00 -3.680813e+01 6.556928e+02
      vertex   2.000000e+00 -3.668399e+01 6.555036e+02
    endloop
  endfacet
  facet normal 1.000000e+00 -5.881554e-14 -4.987657e-14
    outer loop
      vertex   2.000000e+00 -3.455184e+01 6.569070e+02
      vertex   2.000000e+00 -3.668399e+01 6.555036e+02
      vertex   2.000000e+00 -3.446392e+01 6.568034e+02
    endloop
  endfacet
  facet normal 1.000000e+00 -6.140057e-14 -4.546102e-14
    outer loop
      vertex   2.000000e+00 -3.446392e+01 6.568034e+02
      vertex   2.000000e+00 -3.668399e+01 6.555036e+02
      vertex   2.000000e+00 -3.654935e+01 6.553218e+02
    endloop
  endfacet
  facet normal 1.000000e+00 -5.889142e-14 -4.899288e-14
    outer loop
      vertex   2.000000e+00 -3.446392e+01 6.568034e+02
      vertex   2.000000e+00 -3.654935e+01 6.553218e+02
      vertex   2.000000e+00 -3.640464e+01 6.551479e+02
    endloop
  endfacet
  facet normal 1.000000e+00 -5.374770e-14 -5.502280e-14
    outer loop
      vertex   2.000000e+00 -3.446392e+01 6.568034e+02
      vertex   2.000000e+00 -3.640464e+01 6.551479e+02
      vertex   2.000000e+00 -3.436668e+01 6.567084e+02
    endloop
  endfacet
  facet normal 1.000000e+00 -5.593840e-14 -5.216185e-14
    outer loop
      vertex   2.000000e+00 -3.436668e+01 6.567084e+02
      vertex   2.000000e+00 -3.640464e+01 6.551479e+02
      vertex   2.000000e+00 -3.625033e+01 6.549824e+02
    endloop
  endfacet
  facet normal 1.000000e+00 -5.301046e-14 -5.535723e-14
    outer loop
      vertex   2.000000e+00 -3.436668e+01 6.567084e+02
      vertex   2.000000e+00 -3.625033e+01 6.549824e+02
      vertex   2.000000e+00 -3.608691e+01 6.548259e+02
    endloop
  endfacet
  facet normal 1.000000e+00 -4.826315e-14 -5.969535e-14
    outer loop
      vertex   2.000000e+00 -3.436668e+01 6.567084e+02
      vertex   2.000000e+00 -3.608691e+01 6.548259e+02
      vertex   2.000000e+00 -3.426098e+01 6.566229e+02
    endloop
  endfacet
  facet normal 1.000000e+00 -4.973710e-14 -5.819768e-14
    outer loop
      vertex   2.000000e+00 -3.426098e+01 6.566229e+02
      vertex   2.000000e+00 -3.608691e+01 6.548259e+02
      vertex   2.000000e+00 -3.591490e+01 6.546789e+02
    endloop
  endfacet
  facet normal 1.000000e+00 -4.264585e-14 -6.423072e-14
    outer loop
      vertex   2.000000e+00 -3.426098e+01 6.566229e+02
      vertex   2.000000e+00 -3.591490e+01 6.546789e+02
      vertex   2.000000e+00 -3.414774e+01 6.565477e+02
    endloop
  endfacet
  facet normal 1.000000e+00 -4.627622e-14 -6.079786e-14
    outer loop
      vertex   2.000000e+00 -3.414774e+01 6.565477e+02
      vertex   2.000000e+00 -3.591490e+01 6.546789e+02
      vertex   2.000000e+00 -3.573486e+01 6.545418e+02
    endloop
  endfacet
  facet normal 1.000000e+00 -4.287858e-14 -6.348619e-14
    outer loop
      vertex   2.000000e+00 -3.414774e+01 6.565477e+02
      vertex   2.000000e+00 -3.573486e+01 6.545418e+02
      vertex   2.000000e+00 -3.554736e+01 6.544152e+02
    endloop
  endfacet
  facet normal 1.000000e+00 -3.635159e-14 -6.776999e-14
    outer loop
      vertex   2.000000e+00 -3.414774e+01 6.565477e+02
      vertex   2.000000e+00 -3.554736e+01 6.544152e+02
      vertex   2.000000e+00 -3.402795e+01 6.564835e+02
    endloop
  endfacet
  facet normal 1.000000e+00 -3.915951e-14 -6.570722e-14
    outer loop
      vertex   2.000000e+00 -3.402795e+01 6.564835e+02
      vertex   2.000000e+00 -3.554736e+01 6.544152e+02
      vertex   2.000000e+00 -3.535299e+01 6.542994e+02
    endloop
  endfacet
  facet normal 1.000000e+00 -3.545402e-14 -6.795524e-14
    outer loop
      vertex   2.000000e+00 -3.402795e+01 6.564835e+02
      vertex   2.000000e+00 -3.535299e+01 6.542994e+02
      vertex   2.000000e+00 -3.515239e+01 6.541947e+02
    endloop
  endfacet
  facet normal 1.000000e+00 -2.978794e-14 -7.073889e-14
    outer loop
      vertex   2.000000e+00 -3.402795e+01 6.564835e+02
      vertex   2.000000e+00 -3.515239e+01 6.541947e+02
      vertex   2.000000e+00 -3.390268e+01 6.564307e+02
    endloop
  endfacet
  facet normal 1.000000e+00 -3.151885e-14 -6.977148e-14
    outer loop
      vertex   2.000000e+00 -3.390268e+01 6.564307e+02
      vertex   2.000000e+00 -3.515239e+01 6.541947e+02
      vertex   2.000000e+00 -3.494619e+01 6.541016e+02
    endloop
  endfacet
  facet normal 1.000000e+00 -2.756256e-14 -7.154398e-14
    outer loop
      vertex   2.000000e+00 -3.390268e+01 6.564307e+02
      vertex   2.000000e+00 -3.494619e+01 6.541016e+02
      vertex   2.000000e+00 -3.473505e+01 6.540202e+02
    endloop
  endfacet
  facet normal 1.000000e+00 -2.300193e-14 -7.311880e-14
    outer loop
      vertex   2.000000e+00 -3.390268e+01 6.564307e+02
      vertex   2.000000e+00 -3.473505e+01 6.540202e+02
      vertex   2.000000e+00 -3.377301e+01 6.563899e+02
    endloop
  endfacet
  facet normal 1.000000e+00 -2.345590e-14 -7.293450e-14
    outer loop
      vertex   2.000000e+00 -3.377301e+01 6.563899e+02
      vertex   2.000000e+00 -3.473505e+01 6.540202e+02
      vertex   2.000000e+00 -3.451965e+01 6.539509e+02
    endloop
  endfacet
  facet normal 1.000000e+00 -1.930991e-14 -7.420370e-14
    outer loop
      vertex   2.000000e+00 -3.377301e+01 6.563899e+02
      vertex   2.000000e+00 -3.451965e+01 6.539509e+02
      vertex   2.000000e+00 -3.430068e+01 6.538940e+02
    endloop
  endfacet
  facet normal 1.000000e+00 -1.604173e-14 -7.489461e-14
    outer loop
      vertex   2.000000e+00 -3.377301e+01 6.563899e+02
      vertex   2.000000e+00 -3.430068e+01 6.538940e+02
      vertex   2.000000e+00 -3.364010e+01 6.563615e+02
    endloop
  endfacet
  facet normal 1.000000e+00 -1.507839e-14 -7.515250e-14
    outer loop
      vertex   2.000000e+00 -3.364010e+01 6.563615e+02
      vertex   2.000000e+00 -3.430068e+01 6.538940e+02
      vertex   2.000000e+00 -3.407883e+01 6.538495e+02
    endloop
  endfacet
  facet normal 1.000000e+00 -1.080682e-14 -7.589855e-14
    outer loop
      vertex   2.000000e+00 -3.364010e+01 6.563615e+02
      vertex   2.000000e+00 -3.407883e+01 6.538495e+02
      vertex   2.000000e+00 -3.385483e+01 6.538176e+02
    endloop
  endfacet
  facet normal 1.000000e+00 -8.956473e-15 -7.605474e-14
    outer loop
      vertex   2.000000e+00 -3.364010e+01 6.563615e+02
      vertex   2.000000e+00 -3.385483e+01 6.538176e+02
      vertex   2.000000e+00 -3.350510e+01 6.563456e+02
    endloop
  endfacet
  facet normal 1.000000e+00 -6.498517e-15 -7.639477e-14
    outer loop
      vertex   2.000000e+00 -3.350510e+01 6.563456e+02
      vertex   2.000000e+00 -3.385483e+01 6.538176e+02
      vertex   2.000000e+00 -3.362938e+01 6.537984e+02
    endloop
  endfacet
  facet normal 1.000000e+00 -4.002048e-13 -5.718635e-14
    outer loop
      vertex   2.000000e+00 -3.350510e+01 6.563456e+02
      vertex   2.000000e+00 -3.362938e+01 6.537984e+02
      vertex   2.000000e+00 -3.340320e+01 6.537920e+02
    endloop
  endfacet
  facet normal 1.000000e+00 8.074349e-17 4.381836e-17
    outer loop
      vertex   2.000000e+00 -2.790320e+01 6.537920e+02
      vertex   2.000000e+00 -2.953055e+01 6.567907e+02
      vertex   2.000000e+00 -3.340320e+01 6.537920e+02
    endloop
  endfacet
  facet normal 1.000000e+00 3.768707e-14 -4.852258e-14
    outer loop
      vertex   2.000000e+00 -3.340320e+01 6.537920e+02
      vertex   2.000000e+00 -2.953055e+01 6.567907e+02
      vertex   2.000000e+00 -3.260116e+01 6.565840e+02
    endloop
  endfacet
  facet normal 1.000000e+00 2.723908e-14 -4.552126e-14
    outer loop
      vertex   2.000000e+00 -3.340320e+01 6.537920e+02
      vertex   2.000000e+00 -3.260116e+01 6.565840e+02
      vertex   2.000000e+00 -3.271780e+01 6.565142e+02
    endloop
  endfacet
  facet normal 1.000000e+00 0.000000e+00 0.000000e+00
    outer loop
      vertex   2.000000e+00 -2.790320e+01 6.537920e+02
      vertex   2.000000e+00 -2.790320e+01 6.567907e+02
      vertex   2.000000e+00 -2.953055e+01 6.567907e+02
    endloop
  endfacet
  facet normal 1.000000e+00 -8.684433e-14 -4.075069e-15
    outer loop
      vertex   2.000000e+00 -3.484683e+01 6.576562e+02
      vertex   2.000000e+00 -3.485320e+01 6.577920e+02
      vertex   2.000000e+00 -3.702336e+01 6.560907e+02
    endloop
  endfacet
  facet normal 1.000000e+00 -9.347765e-14 4.386330e-15
    outer loop
      vertex   2.000000e+00 -3.702336e+01 6.560907e+02
      vertex   2.000000e+00 -3.485320e+01 6.577920e+02
      vertex   2.000000e+00 -3.484683e+01 6.579278e+02
    endloop
  endfacet
  facet normal 1.000000e+00 -1.019618e-13 1.443815e-14
    outer loop
      vertex   2.000000e+00 -3.702336e+01 6.560907e+02
      vertex   2.000000e+00 -3.484683e+01 6.579278e+02
      vertex   2.000000e+00 -3.482777e+01 6.580623e+02
    endloop
  endfacet
  facet normal 1.000000e+00 -3.640777e-14 1.634634e-14
    outer loop
      vertex   2.000000e+00 -3.475238e+01 6.583232e+02
      vertex   2.000000e+00 -3.469670e+01 6.584472e+02
      vertex   2.000000e+00 -3.969317e+01 6.592724e+02
    endloop
  endfacet
  facet normal 1.000000e+00 -3.575901e-14 2.027453e-14
    outer loop
      vertex   2.000000e+00 -3.969317e+01 6.592724e+02
      vertex   2.000000e+00 -3.469670e+01 6.584472e+02
      vertex   2.000000e+00 -3.462966e+01 6.585655e+02
    endloop
  endfacet
  facet normal 1.000000e+00 -3.516176e-14 2.455234e-14
    outer loop
      vertex   2.000000e+00 -3.969317e+01 6.592724e+02
      vertex   2.000000e+00 -3.462966e+01 6.585655e+02
      vertex   2.000000e+00 -3.455184e+01 6.586769e+02
    endloop
  endfacet
  facet normal 1.000000e+00 -3.460643e-14 2.934684e-14
    outer loop
      vertex   2.000000e+00 -3.455184e+01 6.586769e+02
      vertex   2.000000e+00 -3.446392e+01 6.587806e+02
      vertex   2.000000e+00 -3.969317e+01 6.592724e+02
    endloop
  endfacet
  facet normal 1.000000e+00 -3.408476e-14 3.489338e-14
    outer loop
      vertex   2.000000e+00 -3.969317e+01 6.592724e+02
      vertex   2.000000e+00 -3.446392e+01 6.587806e+02
      vertex   2.000000e+00 -3.436668e+01 6.588756e+02
    endloop
  endfacet
  facet normal 1.000000e+00 -3.358914e-14 4.154548e-14
    outer loop
      vertex   2.000000e+00 -3.969317e+01 6.592724e+02
      vertex   2.000000e+00 -3.436668e+01 6.588756e+02
      vertex   2.000000e+00 -3.426098e+01 6.589610e+02
    endloop
  endfacet
  facet normal 1.000000e+00 -3.311189e-14 4.987122e-14
    outer loop
      vertex   2.000000e+00 -3.426098e+01 6.589610e+02
      vertex   2.000000e+00 -3.414774e+01 6.590362e+02
      vertex   2.000000e+00 -3.969317e+01 6.592724e+02
    endloop
  endfacet
  facet normal 1.000000e+00 -3.264394e-14 6.085784e-14
    outer loop
      vertex   2.000000e+00 -3.969317e+01 6.592724e+02
      vertex   2.000000e+00 -3.414774e+01 6.590362e+02
      vertex   2.000000e+00 -3.402795e+01 6.591005e+02
    endloop
  endfacet
  facet normal 1.000000e+00 -3.217219e-14 7.640086e-14
    outer loop
      vertex   2.000000e+00 -3.969317e+01 6.592724e+02
      vertex   2.000000e+00 -3.402795e+01 6.591005e+02
      vertex   2.000000e+00 -3.390268e+01 6.591532e+02
    endloop
  endfacet
  facet normal 1.000000e+00 3.834699e-14 -1.942566e-14
    outer loop
      vertex   2.000000e+00 -3.208041e+01 6.571981e+02
      vertex   2.000000e+00 -3.214184e+01 6.570768e+02
      vertex   2.000000e+00 -2.953055e+01 6.567907e+02
    endloop
  endfacet
  facet normal 1.000000e+00 3.785923e-14 -2.387705e-14
    outer loop
      vertex   2.000000e+00 -2.953055e+01 6.567907e+02
      vertex   2.000000e+00 -3.214184e+01 6.570768e+02
      vertex   2.000000e+00 -3.221435e+01 6.569618e+02
    endloop
  endfacet
  facet normal 1.000000e+00 3.753759e-14 -2.892030e-14
    outer loop
      vertex   2.000000e+00 -2.953055e+01 6.567907e+02
      vertex   2.000000e+00 -3.221435e+01 6.569618e+02
      vertex   2.000000e+00 -3.229731e+01 6.568542e+02
    endloop
  endfacet
  facet normal 1.000000e+00 3.740132e-14 -3.485908e-14
    outer loop
      vertex   2.000000e+00 -3.229731e+01 6.568542e+02
      vertex   2.000000e+00 -3.238999e+01 6.567547e+02
      vertex   2.000000e+00 -2.953055e+01 6.567907e+02
    endloop
  endfacet
  facet normal 1.000000e+00 3.749321e-14 -4.216763e-14
    outer loop
      vertex   2.000000e+00 -2.953055e+01 6.567907e+02
      vertex   2.000000e+00 -3.238999e+01 6.567547e+02
      vertex   2.000000e+00 -3.249157e+01 6.566644e+02
    endloop
  endfacet
  facet normal 1.000000e+00 3.789762e-14 -5.165055e-14
    outer loop
      vertex   2.000000e+00 -2.953055e+01 6.567907e+02
      vertex   2.000000e+00 -3.249157e+01 6.566644e+02
      vertex   2.000000e+00 -3.260116e+01 6.565840e+02
    endloop
  endfacet
  facet normal 1.000000e+00 2.098221e-14 -4.394591e-14
    outer loop
      vertex   2.000000e+00 -3.271780e+01 6.565142e+02
      vertex   2.000000e+00 -3.284047e+01 6.564556e+02
      vertex   2.000000e+00 -3.340320e+01 6.537920e+02
    endloop
  endfacet
  facet normal 1.000000e+00 1.571659e-14 -4.283348e-14
    outer loop
      vertex   2.000000e+00 -3.340320e+01 6.537920e+02
      vertex   2.000000e+00 -3.284047e+01 6.564556e+02
      vertex   2.000000e+00 -3.296808e+01 6.564088e+02
    endloop
  endfacet
  facet normal 1.000000e+00 1.109531e-14 -4.206506e-14
    outer loop
      vertex   2.000000e+00 -3.340320e+01 6.537920e+02
      vertex   2.000000e+00 -3.296808e+01 6.564088e+02
      vertex   2.000000e+00 -3.309951e+01 6.563741e+02
    endloop
  endfacet
  facet normal 1.000000e+00 6.884056e-15 -4.156977e-14
    outer loop
      vertex   2.000000e+00 -3.309951e+01 6.563741e+02
      vertex   2.000000e+00 -3.323362e+01 6.563519e+02
      vertex   2.000000e+00 -3.340320e+01 6.537920e+02
    endloop
  endfacet
  facet normal 1.000000e+00 2.910059e-15 -4.130651e-14
    outer loop
      vertex   2.000000e+00 -3.340320e+01 6.537920e+02
      vertex   2.000000e+00 -3.323362e+01 6.563519e+02
      vertex   2.000000e+00 -3.336921e+01 6.563424e+02
    endloop
  endfacet
  facet normal 1.000000e+00 -9.673853e-16 -4.125483e-14
    outer loop
      vertex   2.000000e+00 -3.340320e+01 6.537920e+02
      vertex   2.000000e+00 -3.336921e+01 6.563424e+02
      vertex   2.000000e+00 -3.350510e+01 6.563456e+02
    endloop
  endfacet
  facet normal 1.000000e+00 -7.319856e-14 -2.492733e-14
    outer loop
      vertex   2.000000e+00 -3.475238e+01 6.572607e+02
      vertex   2.000000e+00 -3.479619e+01 6.573894e+02
      vertex   2.000000e+00 -3.702336e+01 6.560907e+02
    endloop
  endfacet
  facet normal 1.000000e+00 -7.700903e-14 -1.839278e-14
    outer loop
      vertex   2.000000e+00 -3.702336e+01 6.560907e+02
      vertex   2.000000e+00 -3.479619e+01 6.573894e+02
      vertex   2.000000e+00 -3.482777e+01 6.575216e+02
    endloop
  endfacet
  facet normal 1.000000e+00 -8.147688e-14 -1.153742e-14
    outer loop
      vertex   2.000000e+00 -3.702336e+01 6.560907e+02
      vertex   2.000000e+00 -3.482777e+01 6.575216e+02
      vertex   2.000000e+00 -3.484683e+01 6.576562e+02
    endloop
  endfacet
  facet normal -3.020303e-02 -9.995438e-01 -5.921054e-15
    outer loop
      vertex   -5.500000e+00 -2.440320e+01 6.567907e+02
      vertex   -5.500000e+00 -2.440320e+01 6.537920e+02
      vertex   -5.288675e+00 -2.440959e+01 6.567907e+02
    endloop
  endfacet
  facet normal -3.020303e-02 -9.995438e-01 -2.368422e-15
    outer loop
      vertex   -5.288675e+00 -2.440959e+01 6.567907e+02
      vertex   -5.500000e+00 -2.440320e+01 6.537920e+02
      vertex   -5.288675e+00 -2.440959e+01 6.537920e+02
    endloop
  endfacet
  facet normal -9.049888e-02 -9.958966e-01 -2.359779e-15
    outer loop
      vertex   -5.288675e+00 -2.440959e+01 6.567907e+02
      vertex   -5.288675e+00 -2.440959e+01 6.537920e+02
      vertex   -5.078122e+00 -2.442872e+01 6.567907e+02
    endloop
  endfacet
  facet normal -9.049888e-02 -9.958966e-01 -2.359779e-15
    outer loop
      vertex   -5.078122e+00 -2.442872e+01 6.567907e+02
      vertex   -5.288675e+00 -2.440959e+01 6.537920e+02
      vertex   -5.078122e+00 -2.442872e+01 6.537920e+02
    endloop
  endfacet
  facet normal -1.504645e-01 -9.886154e-01 -2.342527e-15
    outer loop
      vertex   -5.078122e+00 -2.442872e+01 6.567907e+02
      vertex   -5.078122e+00 -2.442872e+01 6.537920e+02
      vertex   -4.869107e+00 -2.446053e+01 6.567907e+02
    endloop
  endfacet
  facet normal -1.504645e-01 -9.886154e-01 -3.513790e-15
    outer loop
      vertex   -4.869107e+00 -2.446053e+01 6.567907e+02
      vertex   -5.078122e+00 -2.442872e+01 6.537920e+02
      vertex   -4.869107e+00 -2.446053e+01 6.537920e+02
    endloop
  endfacet
  facet normal -2.098811e-01 -9.777269e-01 -3.475090e-15
    outer loop
      vertex   -4.869107e+00 -2.446053e+01 6.567907e+02
      vertex   -4.869107e+00 -2.446053e+01 6.537920e+02
      vertex   -4.662395e+00 -2.450490e+01 6.567907e+02
    endloop
  endfacet
  facet normal -2.098811e-01 -9.777269e-01 -2.316726e-15
    outer loop
      vertex   -4.662395e+00 -2.450490e+01 6.567907e+02
      vertex   -4.869107e+00 -2.446053e+01 6.537920e+02
      vertex   -4.662395e+00 -2.450490e+01 6.537920e+02
    endloop
  endfacet
  facet normal -2.685319e-01 -9.632708e-01 -2.282473e-15
    outer loop
      vertex   -4.662395e+00 -2.450490e+01 6.567907e+02
      vertex   -4.662395e+00 -2.450490e+01 6.537920e+02
      vertex   -4.458739e+00 -2.456168e+01 6.567907e+02
    endloop
  endfacet
  facet normal -2.685319e-01 -9.632708e-01 -2.282473e-15
    outer loop
      vertex   -4.458739e+00 -2.456168e+01 6.567907e+02
      vertex   -4.662395e+00 -2.450490e+01 6.537920e+02
      vertex   -4.458739e+00 -2.456168e+01 6.537920e+02
    endloop
  endfacet
  facet normal -3.262028e-01 -9.452998e-01 -2.239890e-15
    outer loop
      vertex   -4.458739e+00 -2.456168e+01 6.567907e+02
      vertex   -4.458739e+00 -2.456168e+01 6.537920e+02
      vertex   -4.258883e+00 -2.463064e+01 6.567907e+02
    endloop
  endfacet
  facet normal -3.262028e-01 -9.452998e-01 -3.359836e-15
    outer loop
      vertex   -4.258883e+00 -2.463064e+01 6.567907e+02
      vertex   -4.458739e+00 -2.456168e+01 6.537920e+02
      vertex   -4.258883e+00 -2.463064e+01 6.537920e+02
    endloop
  endfacet
  facet normal -3.826834e-01 -9.238795e-01 -3.283702e-15
    outer loop
      vertex   -4.258883e+00 -2.463064e+01 6.567907e+02
      vertex   -4.258883e+00 -2.463064e+01 6.537920e+02
      vertex   -4.063555e+00 -2.471155e+01 6.567907e+02
    endloop
  endfacet
  facet normal -3.826834e-01 -9.238795e-01 -2.189135e-15
    outer loop
      vertex   -4.063555e+00 -2.471155e+01 6.567907e+02
      vertex   -4.258883e+00 -2.463064e+01 6.537920e+02
      vertex   -4.063555e+00 -2.471155e+01 6.537920e+02
    endloop
  endfacet
  facet normal -4.377677e-01 -8.990881e-01 -2.130392e-15
    outer loop
      vertex   -4.063555e+00 -2.471155e+01 6.567907e+02
      vertex   -4.063555e+00 -2.471155e+01 6.537920e+02
      vertex   -3.873469e+00 -2.480411e+01 6.567907e+02
    endloop
  endfacet
  facet normal -4.377677e-01 -8.990881e-01 -2.130392e-15
    outer loop
      vertex   -3.873469e+00 -2.480411e+01 6.567907e+02
      vertex   -4.063555e+00 -2.471155e+01 6.537920e+02
      vertex   -3.873469e+00 -2.480411e+01 6.537920e+02
    endloop
  endfacet
  facet normal -4.912546e-01 -8.710160e-01 -2.063875e-15
    outer loop
      vertex   -3.873469e+00 -2.480411e+01 6.567907e+02
      vertex   -3.873469e+00 -2.480411e+01 6.537920e+02
      vertex   -3.689318e+00 -2.490797e+01 6.567907e+02
    endloop
  endfacet
  facet normal -4.912546e-01 -8.710160e-01 -2.063875e-15
    outer loop
      vertex   -3.689318e+00 -2.490797e+01 6.567907e+02
      vertex   -3.873469e+00 -2.480411e+01 6.537920e+02
      vertex   -3.689318e+00 -2.490797e+01 6.537920e+02
    endloop
  endfacet
  facet normal -5.429490e-01 -8.397657e-01 -1.989827e-15
    outer loop
      vertex   -3.689318e+00 -2.490797e+01 6.567907e+02
      vertex   -3.689318e+00 -2.490797e+01 6.537920e+02
      vertex   -3.511773e+00 -2.502276e+01 6.567907e+02
    endloop
  endfacet
  facet normal -5.429490e-01 -8.397657e-01 -1.989827e-15
    outer loop
      vertex   -3.511773e+00 -2.502276e+01 6.567907e+02
      vertex   -3.689318e+00 -2.490797e+01 6.537920e+02
      vertex   -3.511773e+00 -2.502276e+01 6.537920e+02
    endloop
  endfacet
  facet normal -5.926622e-01 -8.054511e-01 -1.908519e-15
    outer loop
      vertex   -3.511773e+00 -2.502276e+01 6.567907e+02
      vertex   -3.511773e+00 -2.502276e+01 6.537920e+02
      vertex   -3.341484e+00 -2.514806e+01 6.567907e+02
    endloop
  endfacet
  facet normal -5.926622e-01 -8.054511e-01 -1.908519e-15
    outer loop
      vertex   -3.341484e+00 -2.514806e+01 6.567907e+02
      vertex   -3.511773e+00 -2.502276e+01 6.537920e+02
      vertex   -3.341484e+00 -2.514806e+01 6.537920e+02
    endloop
  endfacet
  facet normal -6.402128e-01 -7.681976e-01 -1.820246e-15
    outer loop
      vertex   -3.341484e+00 -2.514806e+01 6.567907e+02
      vertex   -3.341484e+00 -2.514806e+01 6.537920e+02
      vertex   -3.179071e+00 -2.528341e+01 6.567907e+02
    endloop
  endfacet
  facet normal -6.402128e-01 -7.681976e-01 -2.730369e-15
    outer loop
      vertex   -3.179071e+00 -2.528341e+01 6.567907e+02
      vertex   -3.341484e+00 -2.514806e+01 6.537920e+02
      vertex   -3.179071e+00 -2.528341e+01 6.537920e+02
    endloop
  endfacet
  facet normal -6.854274e-01 -7.281410e-01 -2.587998e-15
    outer loop
      vertex   -3.179071e+00 -2.528341e+01 6.567907e+02
      vertex   -3.179071e+00 -2.528341e+01 6.537920e+02
      vertex   -3.025126e+00 -2.542833e+01 6.567907e+02
    endloop
  endfacet
  facet normal -6.854274e-01 -7.281410e-01 -2.587998e-15
    outer loop
      vertex   -3.025126e+00 -2.542833e+01 6.567907e+02
      vertex   -3.179071e+00 -2.528341e+01 6.537920e+02
      vertex   -3.025126e+00 -2.542833e+01 6.537920e+02
    endloop
  endfacet
  facet normal -7.281410e-01 -6.854274e-01 -2.436183e-15
    outer loop
      vertex   -3.025126e+00 -2.542833e+01 6.567907e+02
      vertex   -3.025126e+00 -2.542833e+01 6.537920e+02
      vertex   -2.880212e+00 -2.558227e+01 6.567907e+02
    endloop
  endfacet
  facet normal -7.281410e-01 -6.854274e-01 -2.436183e-15
    outer loop
      vertex   -2.880212e+00 -2.558227e+01 6.567907e+02
      vertex   -3.025126e+00 -2.542833e+01 6.537920e+02
      vertex   -2.880212e+00 -2.558227e+01 6.537920e+02
    endloop
  endfacet
  facet normal -7.681976e-01 -6.402128e-01 -2.275479e-15
    outer loop
      vertex   -2.880212e+00 -2.558227e+01 6.567907e+02
      vertex   -2.880212e+00 -2.558227e+01 6.537920e+02
      vertex   -2.744858e+00 -2.574469e+01 6.567907e+02
    endloop
  endfacet
  facet normal -7.681976e-01 -6.402128e-01 -1.516986e-15
    outer loop
      vertex   -2.744858e+00 -2.574469e+01 6.567907e+02
      vertex   -2.880212e+00 -2.558227e+01 6.537920e+02
      vertex   -2.744858e+00 -2.574469e+01 6.537920e+02
    endloop
  endfacet
  facet normal -8.054511e-01 -5.926622e-01 -1.404315e-15
    outer loop
      vertex   -2.744858e+00 -2.574469e+01 6.567907e+02
      vertex   -2.744858e+00 -2.574469e+01 6.537920e+02
      vertex   -2.619556e+00 -2.591497e+01 6.567907e+02
    endloop
  endfacet
  facet normal -8.054511e-01 -5.926622e-01 -1.404315e-15
    outer loop
      vertex   -2.619556e+00 -2.591497e+01 6.567907e+02
      vertex   -2.744858e+00 -2.574469e+01 6.537920e+02
      vertex   -2.619556e+00 -2.591497e+01 6.537920e+02
    endloop
  endfacet
  facet normal -8.397657e-01 -5.429490e-01 -1.286519e-15
    outer loop
      vertex   -2.619556e+00 -2.591497e+01 6.567907e+02
      vertex   -2.619556e+00 -2.591497e+01 6.537920e+02
      vertex   -2.504766e+00 -2.609252e+01 6.567907e+02
    endloop
  endfacet
  facet normal -8.397657e-01 -5.429490e-01 -1.929779e-15
    outer loop
      vertex   -2.504766e+00 -2.609252e+01 6.567907e+02
      vertex   -2.619556e+00 -2.591497e+01 6.537920e+02
      vertex   -2.504766e+00 -2.609252e+01 6.537920e+02
    endloop
  endfacet
  facet normal -8.710160e-01 -4.912546e-01 -1.746044e-15
    outer loop
      vertex   -2.504766e+00 -2.609252e+01 6.567907e+02
      vertex   -2.504766e+00 -2.609252e+01 6.537920e+02
      vertex   -2.400904e+00 -2.627667e+01 6.567907e+02
    endloop
  endfacet
  facet normal -8.710160e-01 -4.912546e-01 -1.746044e-15
    outer loop
      vertex   -2.400904e+00 -2.627667e+01 6.567907e+02
      vertex   -2.504766e+00 -2.609252e+01 6.537920e+02
      vertex   -2.400904e+00 -2.627667e+01 6.537920e+02
    endloop
  endfacet
  facet normal -8.990881e-01 -4.377677e-01 -1.555938e-15
    outer loop
      vertex   -2.400904e+00 -2.627667e+01 6.567907e+02
      vertex   -2.400904e+00 -2.627667e+01 6.537920e+02
      vertex   -2.308351e+00 -2.646676e+01 6.567907e+02
    endloop
  endfacet
  facet normal -8.990881e-01 -4.377677e-01 -1.555938e-15
    outer loop
      vertex   -2.308351e+00 -2.646676e+01 6.567907e+02
      vertex   -2.400904e+00 -2.627667e+01 6.537920e+02
      vertex   -2.308351e+00 -2.646676e+01 6.537920e+02
    endloop
  endfacet
  facet normal -9.238795e-01 -3.826834e-01 -1.360154e-15
    outer loop
      vertex   -2.308351e+00 -2.646676e+01 6.567907e+02
      vertex   -2.308351e+00 -2.646676e+01 6.537920e+02
      vertex   -2.227443e+00 -2.666208e+01 6.567907e+02
    endloop
  endfacet
  facet normal -9.238795e-01 -3.826834e-01 -9.067694e-16
    outer loop
      vertex   -2.227443e+00 -2.666208e+01 6.567907e+02
      vertex   -2.308351e+00 -2.646676e+01 6.537920e+02
      vertex   -2.227443e+00 -2.666208e+01 6.537920e+02
    endloop
  endfacet
  facet normal -9.452998e-01 -3.262028e-01 -7.729383e-16
    outer loop
      vertex   -2.227443e+00 -2.666208e+01 6.567907e+02
      vertex   -2.227443e+00 -2.666208e+01 6.537920e+02
      vertex   -2.158477e+00 -2.686194e+01 6.567907e+02
    endloop
  endfacet
  facet normal -9.452998e-01 -3.262028e-01 -7.729383e-16
    outer loop
      vertex   -2.158477e+00 -2.686194e+01 6.567907e+02
      vertex   -2.227443e+00 -2.666208e+01 6.537920e+02
      vertex   -2.158477e+00 -2.686194e+01 6.537920e+02
    endloop
  endfacet
  facet normal -9.632708e-01 -2.685319e-01 -6.362869e-16
    outer loop
      vertex   -2.158477e+00 -2.686194e+01 6.567907e+02
      vertex   -2.158477e+00 -2.686194e+01 6.537920e+02
      vertex   -2.101704e+00 -2.706560e+01 6.567907e+02
    endloop
  endfacet
  facet normal -9.632708e-01 -2.685319e-01 -9.544304e-16
    outer loop
      vertex   -2.101704e+00 -2.706560e+01 6.567907e+02
      vertex   -2.158477e+00 -2.686194e+01 6.537920e+02
      vertex   -2.101704e+00 -2.706560e+01 6.537920e+02
    endloop
  endfacet
  facet normal -9.777269e-01 -2.098811e-01 -7.459707e-16
    outer loop
      vertex   -2.101704e+00 -2.706560e+01 6.567907e+02
      vertex   -2.101704e+00 -2.706560e+01 6.537920e+02
      vertex   -2.057330e+00 -2.727231e+01 6.567907e+02
    endloop
  endfacet
  facet normal -9.777269e-01 -2.098811e-01 -7.459707e-16
    outer loop
      vertex   -2.057330e+00 -2.727231e+01 6.567907e+02
      vertex   -2.101704e+00 -2.706560e+01 6.537920e+02
      vertex   -2.057330e+00 -2.727231e+01 6.537920e+02
    endloop
  endfacet
  facet normal -9.886154e-01 -1.504645e-01 -5.347890e-16
    outer loop
      vertex   -2.057330e+00 -2.727231e+01 6.567907e+02
      vertex   -2.057330e+00 -2.727231e+01 6.537920e+02
      vertex   -2.025519e+00 -2.748132e+01 6.567907e+02
    endloop
  endfacet
  facet normal -9.886154e-01 -1.504645e-01 -5.347890e-16
    outer loop
      vertex   -2.025519e+00 -2.748132e+01 6.567907e+02
      vertex   -2.057330e+00 -2.727231e+01 6.537920e+02
      vertex   -2.025519e+00 -2.748132e+01 6.537920e+02
    endloop
  endfacet
  facet normal -9.958966e-01 -9.049888e-02 -3.216560e-16
    outer loop
      vertex   -2.025519e+00 -2.748132e+01 6.567907e+02
      vertex   -2.025519e+00 -2.748132e+01 6.537920e+02
      vertex   -2.006386e+00 -2.769188e+01 6.567907e+02
    endloop
  endfacet
  facet normal -9.958966e-01 -9.049888e-02 -2.144373e-16
    outer loop
      vertex   -2.006386e+00 -2.769188e+01 6.567907e+02
      vertex   -2.025519e+00 -2.748132e+01 6.537920e+02
      vertex   -2.006386e+00 -2.769188e+01 6.537920e+02
    endloop
  endfacet
  facet normal -9.995438e-01 -3.020303e-02 -7.156615e-17
    outer loop
      vertex   -2.006386e+00 -2.769188e+01 6.567907e+02
      vertex   -2.006386e+00 -2.769188e+01 6.537920e+02
      vertex   -2.000000e+00 -2.790320e+01 6.567907e+02
    endloop
  endfacet
  facet normal -9.995438e-01 -3.020303e-02 -1.455793e-16
    outer loop
      vertex   -2.000000e+00 -2.790320e+01 6.567907e+02
      vertex   -2.006386e+00 -2.769188e+01 6.537920e+02
      vertex   -2.000000e+00 -2.790320e+01 6.537920e+02
    endloop
  endfacet
  facet normal -0.000000e+00 -1.000000e+00 -5.923756e-15
    outer loop
      vertex   -5.500000e+00 -2.440320e+01 6.537920e+02
      vertex   -5.500000e+00 -2.440320e+01 6.567907e+02
      vertex   -1.000000e+01 -2.440320e+01 6.537920e+02
    endloop
  endfacet
  facet normal 0.000000e+00 -1.000000e+00 -5.923756e-15
    outer loop
      vertex   -1.000000e+01 -2.440320e+01 6.537920e+02
      vertex   -5.500000e+00 -2.440320e+01 6.567907e+02
      vertex   -1.000000e+01 -2.440320e+01 6.567907e+02
    endloop
  endfacet
  facet normal 0.000000e+00 -1.000000e+00 -5.923756e-15
    outer loop
      vertex   5.500000e+00 -2.440320e+01 6.567907e+02
      vertex   5.500000e+00 -2.440320e+01 6.537920e+02
      vertex   1.000000e+01 -2.440320e+01 6.567907e+02
    endloop
  endfacet
  facet normal 0.000000e+00 -1.000000e+00 -5.923756e-15
    outer loop
      vertex   1.000000e+01 -2.440320e+01 6.567907e+02
      vertex   5.500000e+00 -2.440320e+01 6.537920e+02
      vertex   1.000000e+01 -2.440320e+01 6.537920e+02
    endloop
  endfacet
  facet normal 1.000000e+00 3.552714e-16 2.104541e-30
    outer loop
      vertex   1.000000e+01 -1.940320e+01 6.537920e+02
      vertex   1.000000e+01 -1.940320e+01 6.567907e+02
      vertex   1.000000e+01 -2.440320e+01 6.537920e+02
    endloop
  endfacet
  facet normal 1.000000e+00 3.552714e-16 2.104541e-30
    outer loop
      vertex   1.000000e+01 -2.440320e+01 6.537920e+02
      vertex   1.000000e+01 -1.940320e+01 6.567907e+02
      vertex   1.000000e+01 -2.440320e+01 6.567907e+02
    endloop
  endfacet
  facet normal -1.000000e+00 -7.105427e-16 -4.209082e-30
    outer loop
      vertex   -1.000000e+01 -2.440320e+01 6.537920e+02
      vertex   -1.000000e+01 -2.440320e+01 6.567907e+02
      vertex   -1.000000e+01 -1.940320e+01 6.537920e+02
    endloop
  endfacet
  facet normal -1.000000e+00 -3.552714e-16 5.923756e-16
    outer loop
      vertex   -1.000000e+01 -1.940320e+01 6.537920e+02
      vertex   -1.000000e+01 -2.440320e+01 6.567907e+02
      vertex   -1.000000e+01 -1.940320e+01 6.567907e+02
    endloop
  endfacet
  facet normal 0.000000e+00 0.000000e+00 -1.000000e+00
    outer loop
      vertex   2.000000e+00 -3.340320e+01 6.537920e+02
      vertex   -2.000000e+00 -3.340320e+01 6.537920e+02
      vertex   2.000000e+00 -2.790320e+01 6.537920e+02
    endloop
  endfacet
  facet normal 0.000000e+00 0.000000e+00 -1.000000e+00
    outer loop
      vertex   2.000000e+00 -2.790320e+01 6.537920e+02
      vertex   -2.000000e+00 -3.340320e+01 6.537920e+02
      vertex   -2.000000e+00 -2.790320e+01 6.537920e+02
    endloop
  endfacet
  facet normal -0.000000e+00 0.000000e+00 -1.000000e+00
    outer loop
      vertex   2.000000e+00 -2.790320e+01 6.537920e+02
      vertex   -2.000000e+00 -2.790320e+01 6.537920e+02
      vertex   2.006386e+00 -2.769188e+01 6.537920e+02
    endloop
  endfacet
  facet normal 0.000000e+00 0.000000e+00 -1.000000e+00
    outer loop
      vertex   2.006386e+00 -2.769188e+01 6.537920e+02
      vertex   -2.000000e+00 -2.790320e+01 6.537920e+02
      vertex   -2.006386e+00 -2.769188e+01 6.537920e+02
    endloop
  endfacet
  facet normal -0.000000e+00 0.000000e+00 -1.000000e+00
    outer loop
      vertex   2.006386e+00 -2.769188e+01 6.537920e+02
      vertex   -2.006386e+00 -2.769188e+01 6.537920e+02
      vertex   2.025519e+00 -2.748132e+01 6.537920e+02
    endloop
  endfacet
  facet normal 0.000000e+00 0.000000e+00 -1.000000e+00
    outer loop
      vertex   2.025519e+00 -2.748132e+01 6.537920e+02
      vertex   -2.006386e+00 -2.769188e+01 6.537920e+02
      vertex   -2.025519e+00 -2.748132e+01 6.537920e+02
    endloop
  endfacet
  facet normal -0.000000e+00 0.000000e+00 -1.000000e+00
    outer loop
      vertex   2.025519e+00 -2.748132e+01 6.537920e+02
      vertex   -2.025519e+00 -2.748132e+01 6.537920e+02
      vertex   2.057330e+00 -2.727231e+01 6.537920e+02
    endloop
  endfacet
  facet normal 0.000000e+00 0.000000e+00 -1.000000e+00
    outer loop
      vertex   2.057330e+00 -2.727231e+01 6.537920e+02
      vertex   -2.025519e+00 -2.748132e+01 6.537920e+02
      vertex   -2.057330e+00 -2.727231e+01 6.537920e+02
    endloop
  endfacet
  facet normal -0.000000e+00 0.000000e+00 -1.000000e+00
    outer loop
      vertex   2.057330e+00 -2.727231e+01 6.537920e+02
      vertex   -2.057330e+00 -2.727231e+01 6.537920e+02
      vertex   2.101704e+00 -2.706560e+01 6.537920e+02
    endloop
  endfacet
  facet normal 0.000000e+00 0.000000e+00 -1.000000e+00
    outer loop
      vertex   2.101704e+00 -2.706560e+01 6.537920e+02
      vertex   -2.057330e+00 -2.727231e+01 6.537920e+02
      vertex   -2.101704e+00 -2.706560e+01 6.537920e+02
    endloop
  endfacet
  facet normal -0.000000e+00 0.000000e+00 -1.000000e+00
    outer loop
      vertex   2.101704e+00 -2.706560e+01 6.537920e+02
      vertex   -2.101704e+00 -2.706560e+01 6.537920e+02
      vertex   2.158477e+00 -2.686194e+01 6.537920e+02
    endloop
  endfacet
  facet normal -0.000000e+00 0.000000e+00 -1.000000e+00
    outer loop
      vertex   2.158477e+00 -2.686194e+01 6.537920e+02
      vertex   -2.101704e+00 -2.706560e+01 6.537920e+02
      vertex   -2.158477e+00 -2.686194e+01 6.537920e+02
    endloop
  endfacet
  facet normal 0.000000e+00 0.000000e+00 -1.000000e+00
    outer loop
      vertex   2.158477e+00 -2.686194e+01 6.537920e+02
      vertex   -2.158477e+00 -2.686194e+01 6.537920e+02
      vertex   2.227443e+00 -2.666208e+01 6.537920e+02
    endloop
  endfacet
  facet normal 0.000000e+00 0.000000e+00 -1.000000e+00
    outer loop
      vertex   2.227443e+00 -2.666208e+01 6.537920e+02
      vertex   -2.158477e+00 -2.686194e+01 6.537920e+02
      vertex   -2.227443e+00 -2.666208e+01 6.537920e+02
    endloop
  endfacet
  facet normal -0.000000e+00 0.000000e+00 -1.000000e+00
    outer loop
      vertex   2.227443e+00 -2.666208e+01 6.537920e+02
      vertex   -2.227443e+00 -2.666208e+01 6.537920e+02
      vertex   2.308351e+00 -2.646676e+01 6.537920e+02
    endloop
  endfacet
  facet normal 0.000000e+00 0.000000e+00 -1.000000e+00
    outer loop
      vertex   2.308351e+00 -2.646676e+01 6.537920e+02
      vertex   -2.227443e+00 -2.666208e+01 6.537920e+02
      vertex   -2.308351e+00 -2.646676e+01 6.537920e+02
    endloop
  endfacet
  facet normal -0.000000e+00 0.000000e+00 -1.000000e+00
    outer loop
      vertex   2.308351e+00 -2.646676e+01 6.537920e+02
      vertex   -2.308351e+00 -2.646676e+01 6.537920e+02
      vertex   2.400904e+00 -2.627667e+01 6.537920e+02
    endloop
  endfacet
  facet normal 0.000000e+00 0.000000e+00 -1.000000e+00
    outer loop
      vertex   2.400904e+00 -2.627667e+01 6.537920e+02
      vertex   -2.308351e+00 -2.646676e+01 6.537920e+02
      vertex   -2.400904e+00 -2.627667e+01 6.537920e+02
    endloop
  endfacet
  facet normal -0.000000e+00 0.000000e+00 -1.000000e+00
    outer loop
      vertex   2.400904e+00 -2.627667e+01 6.537920e+02
      vertex   -2.400904e+00 -2.627667e+01 6.537920e+02
      vertex   2.504766e+00 -2.609252e+01 6.537920e+02
    endloop
  endfacet
  facet normal -0.000000e+00 0.000000e+00 -1.000000e+00
    outer loop
      vertex   2.504766e+00 -2.609252e+01 6.537920e+02
      vertex   -2.400904e+00 -2.627667e+01 6.537920e+02
      vertex   -2.504766e+00 -2.609252e+01 6.537920e+02
    endloop
  endfacet
  facet normal 0.000000e+00 0.000000e+00 -1.000000e+00
    outer loop
      vertex   2.504766e+00 -2.609252e+01 6.537920e+02
      vertex   -2.504766e+00 -2.609252e+01 6.537920e+02
      vertex   2.619556e+00 -2.591497e+01 6.537920e+02
    endloop
  endfacet
  facet normal 0.000000e+00 0.000000e+00 -1.000000e+00
    outer loop
      vertex   2.619556e+00 -2.591497e+01 6.537920e+02
      vertex   -2.504766e+00 -2.609252e+01 6.537920e+02
      vertex   -2.619556e+00 -2.591497e+01 6.537920e+02
    endloop
  endfacet
  facet normal -0.000000e+00 0.000000e+00 -1.000000e+00
    outer loop
      vertex   2.619556e+00 -2.591497e+01 6.537920e+02
      vertex   -2.619556e+00 -2.591497e+01 6.537920e+02
      vertex   2.744858e+00 -2.574469e+01 6.537920e+02
    endloop
  endfacet
  facet normal -0.000000e+00 0.000000e+00 -1.000000e+00
    outer loop
      vertex   2.744858e+00 -2.574469e+01 6.537920e+02
      vertex   -2.619556e+00 -2.591497e+01 6.537920e+02
      vertex   -2.744858e+00 -2.574469e+01 6.537920e+02
    endloop
  endfacet
  facet normal 0.000000e+00 0.000000e+00 -1.000000e+00
    outer loop
      vertex   2.744858e+00 -2.574469e+01 6.537920e+02
      vertex   -2.744858e+00 -2.574469e+01 6.537920e+02
      vertex   2.880212e+00 -2.558227e+01 6.537920e+02
    endloop
  endfacet
  facet normal 0.000000e+00 0.000000e+00 -1.000000e+00
    outer loop
      vertex   2.880212e+00 -2.558227e+01 6.537920e+02
      vertex   -2.744858e+00 -2.574469e+01 6.537920e+02
      vertex   -2.880212e+00 -2.558227e+01 6.537920e+02
    endloop
  endfacet
  facet normal -0.000000e+00 0.000000e+00 -1.000000e+00
    outer loop
      vertex   2.880212e+00 -2.558227e+01 6.537920e+02
      vertex   -2.880212e+00 -2.558227e+01 6.537920e+02
      vertex   3.025126e+00 -2.542833e+01 6.537920e+02
    endloop
  endfacet
  facet normal -0.000000e+00 0.000000e+00 -1.000000e+00
    outer loop
      vertex   3.025126e+00 -2.542833e+01 6.537920e+02
      vertex   -2.880212e+00 -2.558227e+01 6.537920e+02
      vertex   -3.025126e+00 -2.542833e+01 6.537920e+02
    endloop
  endfacet
  facet normal 0.000000e+00 0.000000e+00 -1.000000e+00
    outer loop
      vertex   3.025126e+00 -2.542833e+01 6.537920e+02
      vertex   -3.025126e+00 -2.542833e+01 6.537920e+02
      vertex   3.179071e+00 -2.528341e+01 6.537920e+02
    endloop
  endfacet
  facet normal 0.000000e+00 0.000000e+00 -1.000000e+00
    outer loop
      vertex   3.179071e+00 -2.528341e+01 6.537920e+02
      vertex   -3.025126e+00 -2.542833e+01 6.537920e+02
      vertex   -3.179071e+00 -2.528341e+01 6.537920e+02
    endloop
  endfacet
  facet normal -0.000000e+00 0.000000e+00 -1.000000e+00
    outer loop
      vertex   3.179071e+00 -2.528341e+01 6.537920e+02
      vertex   -3.179071e+00 -2.528341e+01 6.537920e+02
      vertex   3.341484e+00 -2.514806e+01 6.537920e+02
    endloop
  endfacet
  facet normal -0.000000e+00 0.000000e+00 -1.000000e+00
    outer loop
      vertex   3.341484e+00 -2.514806e+01 6.537920e+02
      vertex   -3.179071e+00 -2.528341e+01 6.537920e+02
      vertex   -3.341484e+00 -2.514806e+01 6.537920e+02
    endloop
  endfacet
  facet normal 0.000000e+00 0.000000e+00 -1.000000e+00
    outer loop
      vertex   3.341484e+00 -2.514806e+01 6.537920e+02
      vertex   -3.341484e+00 -2.514806e+01 6.537920e+02
      vertex   3.511773e+00 -2.502276e+01 6.537920e+02
    endloop
  endfacet
  facet normal -0.000000e+00 0.000000e+00 -1.000000e+00
    outer loop
      vertex   3.511773e+00 -2.502276e+01 6.537920e+02
      vertex   -3.341484e+00 -2.514806e+01 6.537920e+02
      vertex   -3.511773e+00 -2.502276e+01 6.537920e+02
    endloop
  endfacet
  facet normal 0.000000e+00 0.000000e+00 -1.000000e+00
    outer loop
      vertex   3.511773e+00 -2.502276e+01 6.537920e+02
      vertex   -3.511773e+00 -2.502276e+01 6.537920e+02
      vertex   3.689318e+00 -2.490797e+01 6.537920e+02
    endloop
  endfacet
  facet normal 0.000000e+00 0.000000e+00 -1.000000e+00
    outer loop
      vertex   3.689318e+00 -2.490797e+01 6.537920e+02
      vertex   -3.511773e+00 -2.502276e+01 6.537920e+02
      vertex   -3.689318e+00 -2.490797e+01 6.537920e+02
    endloop
  endfacet
  facet normal -0.000000e+00 0.000000e+00 -1.000000e+00
    outer loop
      vertex   3.689318e+00 -2.490797e+01 6.537920e+02
      vertex   -3.689318e+00 -2.490797e+01 6.537920e+02
      vertex   3.873469e+00 -2.480411e+01 6.537920e+02
    endloop
  endfacet
  facet normal 0.000000e+00 0.000000e+00 -1.000000e+00
    outer loop
      vertex   3.873469e+00 -2.480411e+01 6.537920e+02
      vertex   -3.689318e+00 -2.490797e+01 6.537920e+02
      vertex   -3.873469e+00 -2.480411e+01 6.537920e+02
    endloop
  endfacet
  facet normal -0.000000e+00 0.000000e+00 -1.000000e+00
    outer loop
      vertex   3.873469e+00 -2.480411e+01 6.537920e+02
      vertex   -3.873469e+00 -2.480411e+01 6.537920e+02
      vertex   4.063555e+00 -2.471155e+01 6.537920e+02
    endloop
  endfacet
  facet normal 0.000000e+00 0.000000e+00 -1.000000e+00
    outer loop
      vertex   4.063555e+00 -2.471155e+01 6.537920e+02
      vertex   -3.873469e+00 -2.480411e+01 6.537920e+02
      vertex   -4.063555e+00 -2.471155e+01 6.537920e+02
    endloop
  endfacet
  facet normal -0.000000e+00 0.000000e+00 -1.000000e+00
    outer loop
      vertex   4.063555e+00 -2.471155e+01 6.537920e+02
      vertex   -4.063555e+00 -2.471155e+01 6.537920e+02
      vertex   4.258883e+00 -2.463064e+01 6.537920e+02
    endloop
  endfacet
  facet normal 0.000000e+00 0.000000e+00 -1.000000e+00
    outer loop
      vertex   4.258883e+00 -2.463064e+01 6.537920e+02
      vertex   -4.063555e+00 -2.471155e+01 6.537920e+02
      vertex   -4.258883e+00 -2.463064e+01 6.537920e+02
    endloop
  endfacet
  facet normal -0.000000e+00 0.000000e+00 -1.000000e+00
    outer loop
      vertex   4.258883e+00 -2.463064e+01 6.537920e+02
      vertex   -4.258883e+00 -2.463064e+01 6.537920e+02
      vertex   4.458739e+00 -2.456168e+01 6.537920e+02
    endloop
  endfacet
  facet normal 0.000000e+00 0.000000e+00 -1.000000e+00
    outer loop
      vertex   4.458739e+00 -2.456168e+01 6.537920e+02
      vertex   -4.258883e+00 -2.463064e+01 6.537920e+02
      vertex   -4.458739e+00 -2.456168e+01 6.537920e+02
    endloop
  endfacet
  facet normal 3.160890e-28 -3.966991e-13 -1.000000e+00
    outer loop
      vertex   4.458739e+00 -2.456168e+01 6.537920e+02
      vertex   -4.458739e+00 -2.456168e+01 6.537920e+02
      vertex   1.000000e+01 -1.940320e+01 6.537920e+02
    endloop
  endfacet
  facet normal 1.409358e-28 -3.966991e-13 -1.000000e+00
    outer loop
      vertex   1.000000e+01 -1.940320e+01 6.537920e+02
      vertex   -4.458739e+00 -2.456168e+01 6.537920e+02
      vertex   -1.000000e+01 -1.940320e+01 6.537920e+02
    endloop
  endfacet
  facet normal -1.578606e-13 -5.662737e-13 -1.000000e+00
    outer loop
      vertex   -1.000000e+01 -1.940320e+01 6.537920e+02
      vertex   -4.458739e+00 -2.456168e+01 6.537920e+02
      vertex   -4.662395e+00 -2.450490e+01 6.537920e+02
    endloop
  endfacet
  facet normal -1.110429e-13 -5.172912e-13 -1.000000e+00
    outer loop
      vertex   -1.000000e+01 -1.940320e+01 6.537920e+02
      vertex   -4.662395e+00 -2.450490e+01 6.537920e+02
      vertex   -4.869107e+00 -2.446053e+01 6.537920e+02
    endloop
  endfacet
  facet normal -7.282974e-14 -4.785222e-13 -1.000000e+00
    outer loop
      vertex   -4.869107e+00 -2.446053e+01 6.537920e+02
      vertex   -5.078122e+00 -2.442872e+01 6.537920e+02
      vertex   -1.000000e+01 -1.940320e+01 6.537920e+02
    endloop
  endfacet
  facet normal -4.061732e-14 -4.469741e-13 -1.000000e+00
    outer loop
      vertex   -1.000000e+01 -1.940320e+01 6.537920e+02
      vertex   -5.078122e+00 -2.442872e+01 6.537920e+02
      vertex   -5.288675e+00 -2.440959e+01 6.537920e+02
    endloop
  endfacet
  facet normal 9.954206e-12 8.958785e-12 -1.000000e+00
    outer loop
      vertex   -1.000000e+01 -1.940320e+01 6.537920e+02
      vertex   -5.288675e+00 -2.440959e+01 6.537920e+02
      vertex   -5.500000e+00 -2.440320e+01 6.537920e+02
    endloop
  endfacet
  facet normal 0.000000e+00 0.000000e+00 -1.000000e+00
    outer loop
      vertex   -5.500000e+00 -2.440320e+01 6.537920e+02
      vertex   -1.000000e+01 -2.440320e+01 6.537920e+02
      vertex   -1.000000e+01 -1.940320e+01 6.537920e+02
    endloop
  endfacet
  facet normal 0.000000e+00 0.000000e+00 -1.000000e+00
    outer loop
      vertex   1.000000e+01 -2.440320e+01 6.537920e+02
      vertex   5.500000e+00 -2.440320e+01 6.537920e+02
      vertex   1.000000e+01 -1.940320e+01 6.537920e+02
    endloop
  endfacet
  facet normal -9.954206e-12 8.958785e-12 -1.000000e+00
    outer loop
      vertex   1.000000e+01 -1.940320e+01 6.537920e+02
      vertex   5.500000e+00 -2.440320e+01 6.537920e+02
      vertex   5.288675e+00 -2.440959e+01 6.537920e+02
    endloop
  endfacet
  facet normal 4.061732e-14 -4.469741e-13 -1.000000e+00
    outer loop
      vertex   1.000000e+01 -1.940320e+01 6.537920e+02
      vertex   5.288675e+00 -2.440959e+01 6.537920e+02
      vertex   5.078122e+00 -2.442872e+01 6.537920e+02
    endloop
  endfacet
  facet normal 7.282974e-14 -4.785222e-13 -1.000000e+00
    outer loop
      vertex   5.078122e+00 -2.442872e+01 6.537920e+02
      vertex   4.869107e+00 -2.446053e+01 6.537920e+02
      vertex   1.000000e+01 -1.940320e+01 6.537920e+02
    endloop
  endfacet
  facet normal 1.110429e-13 -5.172912e-13 -1.000000e+00
    outer loop
      vertex   1.000000e+01 -1.940320e+01 6.537920e+02
      vertex   4.869107e+00 -2.446053e+01 6.537920e+02
      vertex   4.662395e+00 -2.450490e+01 6.537920e+02
    endloop
  endfacet
  facet normal 1.578606e-13 -5.662737e-13 -1.000000e+00
    outer loop
      vertex   1.000000e+01 -1.940320e+01 6.537920e+02
      vertex   4.662395e+00 -2.450490e+01 6.537920e+02
      vertex   4.458739e+00 -2.456168e+01 6.537920e+02
    endloop
  endfacet
  facet normal -3.552714e-16 1.000000e+00 5.923756e-15
    outer loop
      vertex   -1.000000e+01 -1.940320e+01 6.537920e+02
      vertex   -1.000000e+01 -1.940320e+01 6.567907e+02
      vertex   1.000000e+01 -1.940320e+01 6.537920e+02
    endloop
  endfacet
  facet normal -3.552714e-16 1.000000e+00 5.923756e-15
    outer loop
      vertex   1.000000e+01 -1.940320e+01 6.537920e+02
      vertex   -1.000000e+01 -1.940320e+01 6.567907e+02
      vertex   1.000000e+01 -1.940320e+01 6.567907e+02
    endloop
  endfacet
  facet normal 0.000000e+00 -2.828311e-02 -9.996000e-01
    outer loop
      vertex   -2.000000e+00 -3.340320e+01 6.537920e+02
      vertex   2.000000e+00 -3.340320e+01 6.537920e+02
      vertex   -2.000000e+00 -3.362938e+01 6.537984e+02
    endloop
  endfacet
  facet normal 0.000000e+00 -2.828311e-02 -9.996000e-01
    outer loop
      vertex   -2.000000e+00 -3.362938e+01 6.537984e+02
      vertex   2.000000e+00 -3.340320e+01 6.537920e+02
      vertex   2.000000e+00 -3.362938e+01 6.537984e+02
    endloop
  endfacet
  facet normal 0.000000e+00 -8.475884e-02 -9.964015e-01
    outer loop
      vertex   -2.000000e+00 -3.362938e+01 6.537984e+02
      vertex   2.000000e+00 -3.362938e+01 6.537984e+02
      vertex   -2.000000e+00 -3.385483e+01 6.538176e+02
    endloop
  endfacet
  facet normal 0.000000e+00 -8.475884e-02 -9.964015e-01
    outer loop
      vertex   -2.000000e+00 -3.385483e+01 6.538176e+02
      vertex   2.000000e+00 -3.362938e+01 6.537984e+02
      vertex   2.000000e+00 -3.385483e+01 6.538176e+02
    endloop
  endfacet
  facet normal 0.000000e+00 -1.409634e-01 -9.900148e-01
    outer loop
      vertex   -2.000000e+00 -3.385483e+01 6.538176e+02
      vertex   2.000000e+00 -3.385483e+01 6.538176e+02
      vertex   -2.000000e+00 -3.407883e+01 6.538495e+02
    endloop
  endfacet
  facet normal 0.000000e+00 -1.409634e-01 -9.900148e-01
    outer loop
      vertex   -2.000000e+00 -3.407883e+01 6.538495e+02
      vertex   2.000000e+00 -3.385483e+01 6.538176e+02
      vertex   2.000000e+00 -3.407883e+01 6.538495e+02
    endloop
  endfacet
  facet normal 0.000000e+00 -1.967168e-01 -9.804603e-01
    outer loop
      vertex   -2.000000e+00 -3.407883e+01 6.538495e+02
      vertex   2.000000e+00 -3.407883e+01 6.538495e+02
      vertex   -2.000000e+00 -3.430068e+01 6.538940e+02
    endloop
  endfacet
  facet normal 0.000000e+00 -1.967168e-01 -9.804603e-01
    outer loop
      vertex   -2.000000e+00 -3.430068e+01 6.538940e+02
      vertex   2.000000e+00 -3.407883e+01 6.538495e+02
      vertex   2.000000e+00 -3.430068e+01 6.538940e+02
    endloop
  endfacet
  facet normal 0.000000e+00 -2.518409e-01 -9.677687e-01
    outer loop
      vertex   -2.000000e+00 -3.430068e+01 6.538940e+02
      vertex   2.000000e+00 -3.430068e+01 6.538940e+02
      vertex   -2.000000e+00 -3.451965e+01 6.539509e+02
    endloop
  endfacet
  facet normal 0.000000e+00 -2.518409e-01 -9.677687e-01
    outer loop
      vertex   -2.000000e+00 -3.451965e+01 6.539509e+02
      vertex   2.000000e+00 -3.430068e+01 6.538940e+02
      vertex   2.000000e+00 -3.451965e+01 6.539509e+02
    endloop
  endfacet
  facet normal 0.000000e+00 -3.061591e-01 -9.519804e-01
    outer loop
      vertex   -2.000000e+00 -3.451965e+01 6.539509e+02
      vertex   2.000000e+00 -3.451965e+01 6.539509e+02
      vertex   -2.000000e+00 -3.473505e+01 6.540202e+02
    endloop
  endfacet
  facet normal 0.000000e+00 -3.061591e-01 -9.519804e-01
    outer loop
      vertex   -2.000000e+00 -3.473505e+01 6.540202e+02
      vertex   2.000000e+00 -3.451965e+01 6.539509e+02
      vertex   2.000000e+00 -3.473505e+01 6.540202e+02
    endloop
  endfacet
  facet normal 0.000000e+00 -3.594976e-01 -9.331460e-01
    outer loop
      vertex   -2.000000e+00 -3.473505e+01 6.540202e+02
      vertex   2.000000e+00 -3.473505e+01 6.540202e+02
      vertex   -2.000000e+00 -3.494619e+01 6.541016e+02
    endloop
  endfacet
  facet normal 0.000000e+00 -3.594976e-01 -9.331460e-01
    outer loop
      vertex   -2.000000e+00 -3.494619e+01 6.541016e+02
      vertex   2.000000e+00 -3.473505e+01 6.540202e+02
      vertex   2.000000e+00 -3.494619e+01 6.541016e+02
    endloop
  endfacet
  facet normal 0.000000e+00 -4.116859e-01 -9.113258e-01
    outer loop
      vertex   -2.000000e+00 -3.494619e+01 6.541016e+02
      vertex   2.000000e+00 -3.494619e+01 6.541016e+02
      vertex   -2.000000e+00 -3.515239e+01 6.541947e+02
    endloop
  endfacet
  facet normal 0.000000e+00 -4.116859e-01 -9.113258e-01
    outer loop
      vertex   -2.000000e+00 -3.515239e+01 6.541947e+02
      vertex   2.000000e+00 -3.494619e+01 6.541016e+02
      vertex   2.000000e+00 -3.515239e+01 6.541947e+02
    endloop
  endfacet
  facet normal 0.000000e+00 -4.625569e-01 -8.865896e-01
    outer loop
      vertex   -2.000000e+00 -3.515239e+01 6.541947e+02
      vertex   2.000000e+00 -3.515239e+01 6.541947e+02
      vertex   -2.000000e+00 -3.535299e+01 6.542994e+02
    endloop
  endfacet
  facet normal 0.000000e+00 -4.625569e-01 -8.865896e-01
    outer loop
      vertex   -2.000000e+00 -3.535299e+01 6.542994e+02
      vertex   2.000000e+00 -3.515239e+01 6.541947e+02
      vertex   2.000000e+00 -3.535299e+01 6.542994e+02
    endloop
  endfacet
  facet normal 0.000000e+00 -5.119479e-01 -8.590165e-01
    outer loop
      vertex   -2.000000e+00 -3.535299e+01 6.542994e+02
      vertex   2.000000e+00 -3.535299e+01 6.542994e+02
      vertex   -2.000000e+00 -3.554736e+01 6.544152e+02
    endloop
  endfacet
  facet normal 0.000000e+00 -5.119479e-01 -8.590165e-01
    outer loop
      vertex   -2.000000e+00 -3.554736e+01 6.544152e+02
      vertex   2.000000e+00 -3.535299e+01 6.542994e+02
      vertex   2.000000e+00 -3.554736e+01 6.544152e+02
    endloop
  endfacet
  facet normal 0.000000e+00 -5.597007e-01 -8.286948e-01
    outer loop
      vertex   -2.000000e+00 -3.554736e+01 6.544152e+02
      vertex   2.000000e+00 -3.554736e+01 6.544152e+02
      vertex   -2.000000e+00 -3.573486e+01 6.545418e+02
    endloop
  endfacet
  facet normal 0.000000e+00 -5.597007e-01 -8.286948e-01
    outer loop
      vertex   -2.000000e+00 -3.573486e+01 6.545418e+02
      vertex   2.000000e+00 -3.554736e+01 6.544152e+02
      vertex   2.000000e+00 -3.573486e+01 6.545418e+02
    endloop
  endfacet
  facet normal 0.000000e+00 -6.056626e-01 -7.957215e-01
    outer loop
      vertex   -2.000000e+00 -3.573486e+01 6.545418e+02
      vertex   2.000000e+00 -3.573486e+01 6.545418e+02
      vertex   -2.000000e+00 -3.591490e+01 6.546789e+02
    endloop
  endfacet
  facet normal 0.000000e+00 -6.056626e-01 -7.957215e-01
    outer loop
      vertex   -2.000000e+00 -3.591490e+01 6.546789e+02
      vertex   2.000000e+00 -3.573486e+01 6.545418e+02
      vertex   2.000000e+00 -3.591490e+01 6.546789e+02
    endloop
  endfacet
  facet normal 0.000000e+00 -6.496866e-01 -7.602022e-01
    outer loop
      vertex   -2.000000e+00 -3.591490e+01 6.546789e+02
      vertex   2.000000e+00 -3.591490e+01 6.546789e+02
      vertex   -2.000000e+00 -3.608691e+01 6.548259e+02
    endloop
  endfacet
  facet normal 0.000000e+00 -6.496866e-01 -7.602022e-01
    outer loop
      vertex   -2.000000e+00 -3.608691e+01 6.548259e+02
      vertex   2.000000e+00 -3.591490e+01 6.546789e+02
      vertex   2.000000e+00 -3.608691e+01 6.548259e+02
    endloop
  endfacet
  facet normal 0.000000e+00 -6.916318e-01 -7.222503e-01
    outer loop
      vertex   -2.000000e+00 -3.608691e+01 6.548259e+02
      vertex   2.000000e+00 -3.608691e+01 6.548259e+02
      vertex   -2.000000e+00 -3.625033e+01 6.549824e+02
    endloop
  endfacet
  facet normal 0.000000e+00 -6.916318e-01 -7.222503e-01
    outer loop
      vertex   -2.000000e+00 -3.625033e+01 6.549824e+02
      vertex   2.000000e+00 -3.608691e+01 6.548259e+02
      vertex   2.000000e+00 -3.625033e+01 6.549824e+02
    endloop
  endfacet
  facet normal 0.000000e+00 -7.313639e-01 -6.819875e-01
    outer loop
      vertex   -2.000000e+00 -3.625033e+01 6.549824e+02
      vertex   2.000000e+00 -3.625033e+01 6.549824e+02
      vertex   -2.000000e+00 -3.640464e+01 6.551479e+02
    endloop
  endfacet
  facet normal 0.000000e+00 -7.313639e-01 -6.819875e-01
    outer loop
      vertex   -2.000000e+00 -3.640464e+01 6.551479e+02
      vertex   2.000000e+00 -3.625033e+01 6.549824e+02
      vertex   2.000000e+00 -3.640464e+01 6.551479e+02
    endloop
  endfacet
  facet normal 0.000000e+00 -7.687558e-01 -6.395424e-01
    outer loop
      vertex   -2.000000e+00 -3.640464e+01 6.551479e+02
      vertex   2.000000e+00 -3.640464e+01 6.551479e+02
      vertex   -2.000000e+00 -3.654935e+01 6.553218e+02
    endloop
  endfacet
  facet normal 0.000000e+00 -7.687558e-01 -6.395424e-01
    outer loop
      vertex   -2.000000e+00 -3.654935e+01 6.553218e+02
      vertex   2.000000e+00 -3.640464e+01 6.551479e+02
      vertex   2.000000e+00 -3.654935e+01 6.553218e+02
    endloop
  endfacet
  facet normal 0.000000e+00 -8.036879e-01 -5.950510e-01
    outer loop
      vertex   -2.000000e+00 -3.654935e+01 6.553218e+02
      vertex   2.000000e+00 -3.654935e+01 6.553218e+02
      vertex   -2.000000e+00 -3.668399e+01 6.555036e+02
    endloop
  endfacet
  facet normal 0.000000e+00 -8.036879e-01 -5.950510e-01
    outer loop
      vertex   -2.000000e+00 -3.668399e+01 6.555036e+02
      vertex   2.000000e+00 -3.654935e+01 6.553218e+02
      vertex   2.000000e+00 -3.668399e+01 6.555036e+02
    endloop
  endfacet
  facet normal 0.000000e+00 -8.360484e-01 -5.486556e-01
    outer loop
      vertex   -2.000000e+00 -3.668399e+01 6.555036e+02
      vertex   2.000000e+00 -3.668399e+01 6.555036e+02
      vertex   -2.000000e+00 -3.680813e+01 6.556928e+02
    endloop
  endfacet
  facet normal 0.000000e+00 -8.360484e-01 -5.486556e-01
    outer loop
      vertex   -2.000000e+00 -3.680813e+01 6.556928e+02
      vertex   2.000000e+00 -3.668399e+01 6.555036e+02
      vertex   2.000000e+00 -3.680813e+01 6.556928e+02
    endloop
  endfacet
  facet normal 0.000000e+00 -8.657338e-01 -5.005047e-01
    outer loop
      vertex   -2.000000e+00 -3.680813e+01 6.556928e+02
      vertex   2.000000e+00 -3.680813e+01 6.556928e+02
      vertex   -2.000000e+00 -3.692137e+01 6.558887e+02
    endloop
  endfacet
  facet normal 0.000000e+00 -8.657338e-01 -5.005047e-01
    outer loop
      vertex   -2.000000e+00 -3.692137e+01 6.558887e+02
      vertex   2.000000e+00 -3.680813e+01 6.556928e+02
      vertex   2.000000e+00 -3.692137e+01 6.558887e+02
    endloop
  endfacet
  facet normal 0.000000e+00 -8.926491e-01 -4.507522e-01
    outer loop
      vertex   -2.000000e+00 -3.692137e+01 6.558887e+02
      vertex   2.000000e+00 -3.692137e+01 6.558887e+02
      vertex   -2.000000e+00 -3.702336e+01 6.560907e+02
    endloop
  endfacet
  facet normal -1.585663e-15 -8.926491e-01 -4.507522e-01
    outer loop
      vertex   -2.000000e+00 -3.702336e+01 6.560907e+02
      vertex   2.000000e+00 -3.692137e+01 6.558887e+02
      vertex   2.000000e+00 -3.702336e+01 6.560907e+02
    endloop
  endfacet
  facet normal 3.548809e-15 9.989009e-01 -4.687226e-02
    outer loop
      vertex   -2.000000e+00 -3.484683e+01 6.579278e+02
      vertex   9.769963e-14 -3.484683e+01 6.579278e+02
      vertex   -2.000000e+00 -3.485320e+01 6.577920e+02
    endloop
  endfacet
  facet normal 0.000000e+00 9.989009e-01 -4.687226e-02
    outer loop
      vertex   -2.000000e+00 -3.485320e+01 6.577920e+02
      vertex   9.769963e-14 -3.484683e+01 6.579278e+02
      vertex   9.769963e-14 -3.485320e+01 6.577920e+02
    endloop
  endfacet
  facet normal -0.000000e+00 9.989009e-01 4.687226e-02
    outer loop
      vertex   -2.000000e+00 -3.485320e+01 6.577920e+02
      vertex   9.769963e-14 -3.485320e+01 6.577920e+02
      vertex   -2.000000e+00 -3.484683e+01 6.576562e+02
    endloop
  endfacet
  facet normal 3.548809e-15 9.989009e-01 4.687226e-02
    outer loop
      vertex   -2.000000e+00 -3.484683e+01 6.576562e+02
      vertex   9.769963e-14 -3.485320e+01 6.577920e+02
      vertex   9.769963e-14 -3.484683e+01 6.576562e+02
    endloop
  endfacet
  facet normal 3.517622e-15 9.901225e-01 1.402049e-01
    outer loop
      vertex   -2.000000e+00 -3.484683e+01 6.576562e+02
      vertex   9.769963e-14 -3.484683e+01 6.576562e+02
      vertex   -2.000000e+00 -3.482777e+01 6.575216e+02
    endloop
  endfacet
  facet normal -3.517622e-15 9.901225e-01 1.402049e-01
    outer loop
      vertex   -2.000000e+00 -3.482777e+01 6.575216e+02
      vertex   9.769963e-14 -3.484683e+01 6.576562e+02
      vertex   9.769963e-14 -3.482777e+01 6.575216e+02
    endloop
  endfacet
  facet normal -3.455522e-15 9.726429e-01 2.323054e-01
    outer loop
      vertex   -2.000000e+00 -3.482777e+01 6.575216e+02
      vertex   9.769963e-14 -3.482777e+01 6.575216e+02
      vertex   -2.000000e+00 -3.479619e+01 6.573894e+02
    endloop
  endfacet
  facet normal -3.455522e-15 9.726429e-01 2.323054e-01
    outer loop
      vertex   -2.000000e+00 -3.479619e+01 6.573894e+02
      vertex   9.769963e-14 -3.482777e+01 6.575216e+02
      vertex   9.769963e-14 -3.479619e+01 6.573894e+02
    endloop
  endfacet
  facet normal -3.363054e-15 9.466157e-01 3.223643e-01
    outer loop
      vertex   -2.000000e+00 -3.479619e+01 6.573894e+02
      vertex   9.769963e-14 -3.479619e+01 6.573894e+02
      vertex   -2.000000e+00 -3.475238e+01 6.572607e+02
    endloop
  endfacet
  facet normal 3.363054e-15 9.466157e-01 3.223643e-01
    outer loop
      vertex   -2.000000e+00 -3.475238e+01 6.572607e+02
      vertex   9.769963e-14 -3.479619e+01 6.573894e+02
      vertex   9.769963e-14 -3.475238e+01 6.572607e+02
    endloop
  endfacet
  facet normal 3.241033e-15 9.122696e-01 4.095904e-01
    outer loop
      vertex   -2.000000e+00 -3.475238e+01 6.572607e+02
      vertex   9.769963e-14 -3.475238e+01 6.572607e+02
      vertex   -2.000000e+00 -3.469670e+01 6.571367e+02
    endloop
  endfacet
  facet normal -9.723098e-15 9.122696e-01 4.095904e-01
    outer loop
      vertex   -2.000000e+00 -3.469670e+01 6.571367e+02
      vertex   9.769963e-14 -3.475238e+01 6.572607e+02
      vertex   9.769963e-14 -3.469670e+01 6.571367e+02
    endloop
  endfacet
  facet normal -9.271585e-15 8.699064e-01 4.932169e-01
    outer loop
      vertex   -2.000000e+00 -3.469670e+01 6.571367e+02
      vertex   9.769963e-14 -3.469670e+01 6.571367e+02
      vertex   -2.000000e+00 -3.462966e+01 6.570185e+02
    endloop
  endfacet
  facet normal -6.181057e-15 8.699064e-01 4.932169e-01
    outer loop
      vertex   -2.000000e+00 -3.462966e+01 6.570185e+02
      vertex   9.769963e-14 -3.469670e+01 6.571367e+02
      vertex   9.769963e-14 -3.462966e+01 6.570185e+02
    endloop
  endfacet
  facet normal -5.825729e-15 8.198984e-01 5.725090e-01
    outer loop
      vertex   -2.000000e+00 -3.462966e+01 6.570185e+02
      vertex   9.769963e-14 -3.462966e+01 6.570185e+02
      vertex   -2.000000e+00 -3.455184e+01 6.569070e+02
    endloop
  endfacet
  facet normal -0.000000e+00 8.198984e-01 5.725090e-01
    outer loop
      vertex   -2.000000e+00 -3.455184e+01 6.569070e+02
      vertex   9.769963e-14 -3.462966e+01 6.570185e+02
      vertex   9.769963e-14 -3.455184e+01 6.569070e+02
    endloop
  endfacet
  facet normal -0.000000e+00 7.626852e-01 6.467699e-01
    outer loop
      vertex   -2.000000e+00 -3.455184e+01 6.569070e+02
      vertex   9.769963e-14 -3.455184e+01 6.569070e+02
      vertex   -2.000000e+00 -3.446392e+01 6.568034e+02
    endloop
  endfacet
  facet normal -5.419204e-15 7.626852e-01 6.467699e-01
    outer loop
      vertex   -2.000000e+00 -3.446392e+01 6.568034e+02
      vertex   9.769963e-14 -3.455184e+01 6.569070e+02
      vertex   9.769963e-14 -3.446392e+01 6.568034e+02
    endloop
  endfacet
  facet normal -4.965055e-15 6.987694e-01 7.153470e-01
    outer loop
      vertex   -2.000000e+00 -3.446392e+01 6.568034e+02
      vertex   9.769963e-14 -3.446392e+01 6.568034e+02
      vertex   -2.000000e+00 -3.436668e+01 6.567084e+02
    endloop
  endfacet
  facet normal 2.482528e-15 6.987694e-01 7.153470e-01
    outer loop
      vertex   -2.000000e+00 -3.436668e+01 6.567084e+02
      vertex   9.769963e-14 -3.446392e+01 6.568034e+02
      vertex   9.769963e-14 -3.436668e+01 6.567084e+02
    endloop
  endfacet
  facet normal 2.233637e-15 6.287129e-01 7.776375e-01
    outer loop
      vertex   -2.000000e+00 -3.436668e+01 6.567084e+02
      vertex   9.769963e-14 -3.436668e+01 6.567084e+02
      vertex   -2.000000e+00 -3.426098e+01 6.566229e+02
    endloop
  endfacet
  facet normal -2.233637e-15 6.287129e-01 7.776375e-01
    outer loop
      vertex   -2.000000e+00 -3.426098e+01 6.566229e+02
      vertex   9.769963e-14 -3.436668e+01 6.567084e+02
      vertex   9.769963e-14 -3.426098e+01 6.566229e+02
    endloop
  endfacet
  facet normal -1.965117e-15 5.531312e-01 8.330942e-01
    outer loop
      vertex   -2.000000e+00 -3.426098e+01 6.566229e+02
      vertex   9.769963e-14 -3.426098e+01 6.566229e+02
      vertex   -2.000000e+00 -3.414774e+01 6.565477e+02
    endloop
  endfacet
  facet normal -0.000000e+00 5.531312e-01 8.330942e-01
    outer loop
      vertex   -2.000000e+00 -3.414774e+01 6.565477e+02
      vertex   9.769963e-14 -3.426098e+01 6.566229e+02
      vertex   9.769963e-14 -3.414774e+01 6.565477e+02
    endloop
  endfacet
  facet normal -0.000000e+00 4.726885e-01 8.812296e-01
    outer loop
      vertex   -2.000000e+00 -3.414774e+01 6.565477e+02
      vertex   9.769963e-14 -3.414774e+01 6.565477e+02
      vertex   -2.000000e+00 -3.402795e+01 6.564835e+02
    endloop
  endfacet
  facet normal 3.358654e-15 4.726885e-01 8.812296e-01
    outer loop
      vertex   -2.000000e+00 -3.402795e+01 6.564835e+02
      vertex   9.769963e-14 -3.414774e+01 6.565477e+02
      vertex   9.769963e-14 -3.402795e+01 6.564835e+02
    endloop
  endfacet
  facet normal 2.757558e-15 3.880919e-01 9.216207e-01
    outer loop
      vertex   -2.000000e+00 -3.402795e+01 6.564835e+02
      vertex   9.769963e-14 -3.402795e+01 6.564835e+02
      vertex   -2.000000e+00 -3.390268e+01 6.564307e+02
    endloop
  endfacet
  facet normal -1.378779e-15 3.880919e-01 9.216207e-01
    outer loop
      vertex   -2.000000e+00 -3.390268e+01 6.564307e+02
      vertex   9.769963e-14 -3.402795e+01 6.564835e+02
      vertex   9.769963e-14 -3.390268e+01 6.564307e+02
    endloop
  endfacet
  facet normal -1.066115e-15 3.000846e-01 9.539126e-01
    outer loop
      vertex   -2.000000e+00 -3.390268e+01 6.564307e+02
      vertex   9.769963e-14 -3.390268e+01 6.564307e+02
      vertex   -2.000000e+00 -3.377301e+01 6.563899e+02
    endloop
  endfacet
  facet normal 2.132230e-15 3.000846e-01 9.539126e-01
    outer loop
      vertex   -2.000000e+00 -3.377301e+01 6.563899e+02
      vertex   9.769963e-14 -3.390268e+01 6.564307e+02
      vertex   9.769963e-14 -3.377301e+01 6.563899e+02
    endloop
  endfacet
  facet normal 1.488163e-15 2.094403e-01 9.778214e-01
    outer loop
      vertex   -2.000000e+00 -3.377301e+01 6.563899e+02
      vertex   9.769963e-14 -3.377301e+01 6.563899e+02
      vertex   -2.000000e+00 -3.364010e+01 6.563615e+02
    endloop
  endfacet
  facet normal -7.440813e-16 2.094403e-01 9.778214e-01
    outer loop
      vertex   -2.000000e+00 -3.364010e+01 6.563615e+02
      vertex   9.769963e-14 -3.377301e+01 6.563899e+02
      vertex   9.769963e-14 -3.364010e+01 6.563615e+02
    endloop
  endfacet
  facet normal -4.155088e-16 1.169553e-01 9.931372e-01
    outer loop
      vertex   -2.000000e+00 -3.364010e+01 6.563615e+02
      vertex   9.769963e-14 -3.364010e+01 6.563615e+02
      vertex   -2.000000e+00 -3.350510e+01 6.563456e+02
    endloop
  endfacet
  facet normal -0.000000e+00 1.169553e-01 9.931372e-01
    outer loop
      vertex   -2.000000e+00 -3.350510e+01 6.563456e+02
      vertex   9.769963e-14 -3.364010e+01 6.563615e+02
      vertex   9.769963e-14 -3.350510e+01 6.563456e+02
    endloop
  endfacet
  facet normal -0.000000e+00 2.344257e-02 9.997252e-01
    outer loop
      vertex   -2.000000e+00 -3.350510e+01 6.563456e+02
      vertex   9.769963e-14 -3.350510e+01 6.563456e+02
      vertex   -2.000000e+00 -3.336921e+01 6.563424e+02
    endloop
  endfacet
  facet normal -0.000000e+00 2.344257e-02 9.997252e-01
    outer loop
      vertex   -2.000000e+00 -3.336921e+01 6.563424e+02
      vertex   9.769963e-14 -3.350510e+01 6.563456e+02
      vertex   9.769963e-14 -3.336921e+01 6.563424e+02
    endloop
  endfacet
  facet normal 0.000000e+00 -7.027619e-02 9.975276e-01
    outer loop
      vertex   -2.000000e+00 -3.336921e+01 6.563424e+02
      vertex   9.769963e-14 -3.336921e+01 6.563424e+02
      vertex   -2.000000e+00 -3.323362e+01 6.563519e+02
    endloop
  endfacet
  facet normal 2.496712e-16 -7.027619e-02 9.975276e-01
    outer loop
      vertex   -2.000000e+00 -3.323362e+01 6.563519e+02
      vertex   9.769963e-14 -3.336921e+01 6.563424e+02
      vertex   9.769963e-14 -3.323362e+01 6.563519e+02
    endloop
  endfacet
  facet normal 5.804330e-16 -1.633774e-01 9.865637e-01
    outer loop
      vertex   -2.000000e+00 -3.323362e+01 6.563519e+02
      vertex   9.769963e-14 -3.323362e+01 6.563519e+02
      vertex   -2.000000e+00 -3.309951e+01 6.563741e+02
    endloop
  endfacet
  facet normal 5.804330e-16 -1.633774e-01 9.865637e-01
    outer loop
      vertex   -2.000000e+00 -3.309951e+01 6.563741e+02
      vertex   9.769963e-14 -3.323362e+01 6.563519e+02
      vertex   9.769963e-14 -3.309951e+01 6.563741e+02
    endloop
  endfacet
  facet normal 9.060939e-16 -2.550428e-01 9.669298e-01
    outer loop
      vertex   -2.000000e+00 -3.309951e+01 6.563741e+02
      vertex   9.769963e-14 -3.309951e+01 6.563741e+02
      vertex   -2.000000e+00 -3.296808e+01 6.564088e+02
    endloop
  endfacet
  facet normal 2.718282e-15 -2.550428e-01 9.669298e-01
    outer loop
      vertex   -2.000000e+00 -3.296808e+01 6.564088e+02
      vertex   9.769963e-14 -3.309951e+01 6.563741e+02
      vertex   9.769963e-14 -3.296808e+01 6.564088e+02
    endloop
  endfacet
  facet normal 3.671376e-15 -3.444669e-01 9.387985e-01
    outer loop
      vertex   -2.000000e+00 -3.296808e+01 6.564088e+02
      vertex   9.769963e-14 -3.296808e+01 6.564088e+02
      vertex   -2.000000e+00 -3.284047e+01 6.564556e+02
    endloop
  endfacet
  facet normal 4.895168e-15 -3.444669e-01 9.387985e-01
    outer loop
      vertex   -2.000000e+00 -3.284047e+01 6.564556e+02
      vertex   9.769963e-14 -3.296808e+01 6.564088e+02
      vertex   9.769963e-14 -3.284047e+01 6.564556e+02
    endloop
  endfacet
  facet normal 6.122942e-15 -4.308637e-01 9.024170e-01
    outer loop
      vertex   -2.000000e+00 -3.284047e+01 6.564556e+02
      vertex   9.769963e-14 -3.284047e+01 6.564556e+02
      vertex   -2.000000e+00 -3.271780e+01 6.565142e+02
    endloop
  endfacet
  facet normal 1.530736e-15 -4.308637e-01 9.024170e-01
    outer loop
      vertex   -2.000000e+00 -3.271780e+01 6.565142e+02
      vertex   9.769963e-14 -3.284047e+01 6.564556e+02
      vertex   9.769963e-14 -3.271780e+01 6.565142e+02
    endloop
  endfacet
  facet normal 1.824227e-15 -5.134742e-01 8.581050e-01
    outer loop
      vertex   -2.000000e+00 -3.271780e+01 6.565142e+02
      vertex   9.769963e-14 -3.271780e+01 6.565142e+02
      vertex   -2.000000e+00 -3.260116e+01 6.565840e+02
    endloop
  endfacet
  facet normal 7.296907e-15 -5.134742e-01 8.581050e-01
    outer loop
      vertex   -2.000000e+00 -3.260116e+01 6.565840e+02
      vertex   9.769963e-14 -3.271780e+01 6.565142e+02
      vertex   9.769963e-14 -3.260116e+01 6.565840e+02
    endloop
  endfacet
  facet normal 8.406747e-15 -5.915722e-01 8.062520e-01
    outer loop
      vertex   -2.000000e+00 -3.260116e+01 6.565840e+02
      vertex   9.769963e-14 -3.260116e+01 6.565840e+02
      vertex   -2.000000e+00 -3.249157e+01 6.566644e+02
    endloop
  endfacet
  facet normal 2.101687e-15 -5.915722e-01 8.062520e-01
    outer loop
      vertex   -2.000000e+00 -3.249157e+01 6.566644e+02
      vertex   9.769963e-14 -3.260116e+01 6.565840e+02
      vertex   9.769963e-14 -3.249157e+01 6.566644e+02
    endloop
  endfacet
  facet normal 2.360677e-15 -6.644715e-01 7.473136e-01
    outer loop
      vertex   -2.000000e+00 -3.249157e+01 6.566644e+02
      vertex   9.769963e-14 -3.249157e+01 6.566644e+02
      vertex   -2.000000e+00 -3.238999e+01 6.567547e+02
    endloop
  endfacet
  facet normal 2.360677e-15 -6.644715e-01 7.473136e-01
    outer loop
      vertex   -2.000000e+00 -3.238999e+01 6.567547e+02
      vertex   9.769963e-14 -3.249157e+01 6.566644e+02
      vertex   9.769963e-14 -3.238999e+01 6.567547e+02
    endloop
  endfacet
  facet normal 2.598921e-15 -7.315313e-01 6.818078e-01
    outer loop
      vertex   -2.000000e+00 -3.238999e+01 6.567547e+02
      vertex   9.769963e-14 -3.238999e+01 6.567547e+02
      vertex   -2.000000e+00 -3.229731e+01 6.568542e+02
    endloop
  endfacet
  facet normal 1.299461e-14 -7.315313e-01 6.818078e-01
    outer loop
      vertex   -2.000000e+00 -3.229731e+01 6.568542e+02
      vertex   9.769963e-14 -3.238999e+01 6.567547e+02
      vertex   9.769963e-14 -3.229731e+01 6.568542e+02
    endloop
  endfacet
  facet normal 1.407163e-14 -7.921625e-01 6.103103e-01
    outer loop
      vertex   -2.000000e+00 -3.229731e+01 6.568542e+02
      vertex   9.769963e-14 -3.229731e+01 6.568542e+02
      vertex   -2.000000e+00 -3.221435e+01 6.569618e+02
    endloop
  endfacet
  facet normal 1.125731e-14 -7.921625e-01 6.103103e-01
    outer loop
      vertex   -2.000000e+00 -3.221435e+01 6.569618e+02
      vertex   9.769963e-14 -3.229731e+01 6.568542e+02
      vertex   9.769963e-14 -3.221435e+01 6.569618e+02
    endloop
  endfacet
  facet normal 1.202000e-14 -8.458321e-01 5.334493e-01
    outer loop
      vertex   -2.000000e+00 -3.221435e+01 6.569618e+02
      vertex   9.769963e-14 -3.221435e+01 6.569618e+02
      vertex   -2.000000e+00 -3.214184e+01 6.570768e+02
    endloop
  endfacet
  facet normal 6.009998e-15 -8.458321e-01 5.334493e-01
    outer loop
      vertex   -2.000000e+00 -3.214184e+01 6.570768e+02
      vertex   9.769963e-14 -3.221435e+01 6.569618e+02
      vertex   9.769963e-14 -3.214184e+01 6.570768e+02
    endloop
  endfacet
  facet normal 6.338528e-15 -8.920684e-01 4.519003e-01
    outer loop
      vertex   -2.000000e+00 -3.214184e+01 6.570768e+02
      vertex   9.769963e-14 -3.214184e+01 6.570768e+02
      vertex   -2.000000e+00 -3.208041e+01 6.571981e+02
    endloop
  endfacet
  facet normal -6.338528e-15 -8.920684e-01 4.519003e-01
    outer loop
      vertex   -2.000000e+00 -3.208041e+01 6.571981e+02
      vertex   9.769963e-14 -3.214184e+01 6.570768e+02
      vertex   9.769963e-14 -3.208041e+01 6.571981e+02
    endloop
  endfacet
  facet normal -6.611354e-15 -9.304653e-01 3.663800e-01
    outer loop
      vertex   -2.000000e+00 -3.208041e+01 6.571981e+02
      vertex   9.769963e-14 -3.208041e+01 6.571981e+02
      vertex   -2.000000e+00 -3.203061e+01 6.573246e+02
    endloop
  endfacet
  facet normal 0.000000e+00 -9.304653e-01 3.663800e-01
    outer loop
      vertex   -2.000000e+00 -3.203061e+01 6.573246e+02
      vertex   9.769963e-14 -3.208041e+01 6.571981e+02
      vertex   9.769963e-14 -3.203061e+01 6.573246e+02
    endloop
  endfacet
  facet normal 0.000000e+00 -9.606852e-01 2.776400e-01
    outer loop
      vertex   -2.000000e+00 -3.203061e+01 6.573246e+02
      vertex   9.769963e-14 -3.203061e+01 6.573246e+02
      vertex   -2.000000e+00 -3.199287e+01 6.574551e+02
    endloop
  endfacet
  facet normal 8.532599e-15 -9.606852e-01 2.776400e-01
    outer loop
      vertex   -2.000000e+00 -3.199287e+01 6.574551e+02
      vertex   9.769963e-14 -3.203061e+01 6.573246e+02
      vertex   9.769963e-14 -3.199287e+01 6.574551e+02
    endloop
  endfacet
  facet normal 8.726020e-15 -9.824625e-01 1.864601e-01
    outer loop
      vertex   -2.000000e+00 -3.199287e+01 6.574551e+02
      vertex   9.769963e-14 -3.199287e+01 6.574551e+02
      vertex   -2.000000e+00 -3.196752e+01 6.575887e+02
    endloop
  endfacet
  facet normal -5.235612e-15 -9.824625e-01 1.864601e-01
    outer loop
      vertex   -2.000000e+00 -3.196752e+01 6.575887e+02
      vertex   9.769963e-14 -3.199287e+01 6.574551e+02
      vertex   9.769963e-14 -3.196752e+01 6.575887e+02
    endloop
  endfacet
  facet normal -5.305654e-15 -9.956060e-01 9.364149e-02
    outer loop
      vertex   -2.000000e+00 -3.196752e+01 6.575887e+02
      vertex   9.769963e-14 -3.196752e+01 6.575887e+02
      vertex   -2.000000e+00 -3.195480e+01 6.577240e+02
    endloop
  endfacet
  facet normal 1.768551e-15 -9.956060e-01 9.364149e-02
    outer loop
      vertex   -2.000000e+00 -3.195480e+01 6.577240e+02
      vertex   9.769963e-14 -3.196752e+01 6.575887e+02
      vertex   9.769963e-14 -3.195480e+01 6.577240e+02
    endloop
  endfacet
  facet normal 1.776357e-15 -1.000000e+00 0.000000e+00
    outer loop
      vertex   -2.000000e+00 -3.195480e+01 6.577240e+02
      vertex   9.769963e-14 -3.195480e+01 6.577240e+02
      vertex   -2.000000e+00 -3.195480e+01 6.578599e+02
    endloop
  endfacet
  facet normal 1.776357e-15 -1.000000e+00 0.000000e+00
    outer loop
      vertex   -2.000000e+00 -3.195480e+01 6.578599e+02
      vertex   9.769963e-14 -3.195480e+01 6.577240e+02
      vertex   9.769963e-14 -3.195480e+01 6.578599e+02
    endloop
  endfacet
  facet normal 1.768551e-15 -9.956060e-01 -9.364149e-02
    outer loop
      vertex   -2.000000e+00 -3.195480e+01 6.578599e+02
      vertex   9.769963e-14 -3.195480e+01 6.578599e+02
      vertex   -2.000000e+00 -3.196752e+01 6.579953e+02
    endloop
  endfacet
  facet normal -5.305654e-15 -9.956060e-01 -9.364149e-02
    outer loop
      vertex   -2.000000e+00 -3.196752e+01 6.579953e+02
      vertex   9.769963e-14 -3.195480e+01 6.578599e+02
      vertex   9.769963e-14 -3.196752e+01 6.579953e+02
    endloop
  endfacet
  facet normal -5.235612e-15 -9.824625e-01 -1.864601e-01
    outer loop
      vertex   -2.000000e+00 -3.196752e+01 6.579953e+02
      vertex   9.769963e-14 -3.196752e+01 6.579953e+02
      vertex   -2.000000e+00 -3.199287e+01 6.581288e+02
    endloop
  endfacet
  facet normal 6.980816e-15 -9.824625e-01 -1.864601e-01
    outer loop
      vertex   -2.000000e+00 -3.199287e+01 6.581288e+02
      vertex   9.769963e-14 -3.196752e+01 6.579953e+02
      vertex   9.769963e-14 -3.199287e+01 6.581288e+02
    endloop
  endfacet
  facet normal 6.826079e-15 -9.606852e-01 -2.776400e-01
    outer loop
      vertex   -2.000000e+00 -3.199287e+01 6.581288e+02
      vertex   9.769963e-14 -3.199287e+01 6.581288e+02
      vertex   -2.000000e+00 -3.203061e+01 6.582594e+02
    endloop
  endfacet
  facet normal -3.413039e-15 -9.606852e-01 -2.776400e-01
    outer loop
      vertex   -2.000000e+00 -3.203061e+01 6.582594e+02
      vertex   9.769963e-14 -3.199287e+01 6.581288e+02
      vertex   9.769963e-14 -3.203061e+01 6.582594e+02
    endloop
  endfacet
  facet normal -3.305677e-15 -9.304653e-01 -3.663800e-01
    outer loop
      vertex   -2.000000e+00 -3.203061e+01 6.582594e+02
      vertex   9.769963e-14 -3.203061e+01 6.582594e+02
      vertex   -2.000000e+00 -3.208041e+01 6.583859e+02
    endloop
  endfacet
  facet normal -3.305677e-15 -9.304653e-01 -3.663800e-01
    outer loop
      vertex   -2.000000e+00 -3.208041e+01 6.583859e+02
      vertex   9.769963e-14 -3.203061e+01 6.582594e+02
      vertex   9.769963e-14 -3.208041e+01 6.583859e+02
    endloop
  endfacet
  facet normal -3.169264e-15 -8.920684e-01 -4.519003e-01
    outer loop
      vertex   -2.000000e+00 -3.208041e+01 6.583859e+02
      vertex   9.769963e-14 -3.208041e+01 6.583859e+02
      vertex   -2.000000e+00 -3.214184e+01 6.585071e+02
    endloop
  endfacet
  facet normal 9.507791e-15 -8.920684e-01 -4.519003e-01
    outer loop
      vertex   -2.000000e+00 -3.214184e+01 6.585071e+02
      vertex   9.769963e-14 -3.208041e+01 6.583859e+02
      vertex   9.769963e-14 -3.214184e+01 6.585071e+02
    endloop
  endfacet
  facet normal 9.014997e-15 -8.458321e-01 -5.334493e-01
    outer loop
      vertex   -2.000000e+00 -3.214184e+01 6.585071e+02
      vertex   9.769963e-14 -3.214184e+01 6.585071e+02
      vertex   -2.000000e+00 -3.221435e+01 6.586221e+02
    endloop
  endfacet
  facet normal 1.502500e-14 -8.458321e-01 -5.334493e-01
    outer loop
      vertex   -2.000000e+00 -3.221435e+01 6.586221e+02
      vertex   9.769963e-14 -3.214184e+01 6.585071e+02
      vertex   9.769963e-14 -3.221435e+01 6.586221e+02
    endloop
  endfacet
  facet normal 1.407163e-14 -7.921625e-01 -6.103103e-01
    outer loop
      vertex   -2.000000e+00 -3.221435e+01 6.586221e+02
      vertex   9.769963e-14 -3.221435e+01 6.586221e+02
      vertex   -2.000000e+00 -3.229731e+01 6.587298e+02
    endloop
  endfacet
  facet normal 1.125731e-14 -7.921625e-01 -6.103103e-01
    outer loop
      vertex   -2.000000e+00 -3.229731e+01 6.587298e+02
      vertex   9.769963e-14 -3.221435e+01 6.586221e+02
      vertex   9.769963e-14 -3.229731e+01 6.587298e+02
    endloop
  endfacet
  facet normal 1.039569e-14 -7.315313e-01 -6.818078e-01
    outer loop
      vertex   -2.000000e+00 -3.229731e+01 6.587298e+02
      vertex   9.769963e-14 -3.229731e+01 6.587298e+02
      vertex   -2.000000e+00 -3.238999e+01 6.588292e+02
    endloop
  endfacet
  facet normal 2.598921e-15 -7.315313e-01 -6.818078e-01
    outer loop
      vertex   -2.000000e+00 -3.238999e+01 6.588292e+02
      vertex   9.769963e-14 -3.229731e+01 6.587298e+02
      vertex   9.769963e-14 -3.238999e+01 6.588292e+02
    endloop
  endfacet
  facet normal 2.360677e-15 -6.644715e-01 -7.473136e-01
    outer loop
      vertex   -2.000000e+00 -3.238999e+01 6.588292e+02
      vertex   9.769963e-14 -3.238999e+01 6.588292e+02
      vertex   -2.000000e+00 -3.249157e+01 6.589196e+02
    endloop
  endfacet
  facet normal 0.000000e+00 -6.644715e-01 -7.473136e-01
    outer loop
      vertex   -2.000000e+00 -3.249157e+01 6.589196e+02
      vertex   9.769963e-14 -3.238999e+01 6.588292e+02
      vertex   9.769963e-14 -3.249157e+01 6.589196e+02
    endloop
  endfacet
  facet normal 0.000000e+00 -5.915722e-01 -8.062520e-01
    outer loop
      vertex   -2.000000e+00 -3.249157e+01 6.589196e+02
      vertex   9.769963e-14 -3.249157e+01 6.589196e+02
      vertex   -2.000000e+00 -3.260116e+01 6.590000e+02
    endloop
  endfacet
  facet normal 6.305060e-15 -5.915722e-01 -8.062520e-01
    outer loop
      vertex   -2.000000e+00 -3.260116e+01 6.590000e+02
      vertex   9.769963e-14 -3.249157e+01 6.589196e+02
      vertex   9.769963e-14 -3.260116e+01 6.590000e+02
    endloop
  endfacet
  facet normal 5.472680e-15 -5.134742e-01 -8.581050e-01
    outer loop
      vertex   -2.000000e+00 -3.260116e+01 6.590000e+02
      vertex   9.769963e-14 -3.260116e+01 6.590000e+02
      vertex   -2.000000e+00 -3.271780e+01 6.590698e+02
    endloop
  endfacet
  facet normal 0.000000e+00 -5.134742e-01 -8.581050e-01
    outer loop
      vertex   -2.000000e+00 -3.271780e+01 6.590698e+02
      vertex   9.769963e-14 -3.260116e+01 6.590000e+02
      vertex   9.769963e-14 -3.271780e+01 6.590698e+02
    endloop
  endfacet
  facet normal 0.000000e+00 -4.308637e-01 -9.024170e-01
    outer loop
      vertex   -2.000000e+00 -3.271780e+01 6.590698e+02
      vertex   9.769963e-14 -3.271780e+01 6.590698e+02
      vertex   -2.000000e+00 -3.284047e+01 6.591283e+02
    endloop
  endfacet
  facet normal 4.592207e-15 -4.308637e-01 -9.024170e-01
    outer loop
      vertex   -2.000000e+00 -3.284047e+01 6.591283e+02
      vertex   9.769963e-14 -3.271780e+01 6.590698e+02
      vertex   9.769963e-14 -3.284047e+01 6.591283e+02
    endloop
  endfacet
  facet normal 3.671376e-15 -3.444669e-01 -9.387985e-01
    outer loop
      vertex   -2.000000e+00 -3.284047e+01 6.591283e+02
      vertex   9.769963e-14 -3.284047e+01 6.591283e+02
      vertex   -2.000000e+00 -3.296808e+01 6.591752e+02
    endloop
  endfacet
  facet normal 2.447584e-15 -3.444669e-01 -9.387985e-01
    outer loop
      vertex   -2.000000e+00 -3.296808e+01 6.591752e+02
      vertex   9.769963e-14 -3.284047e+01 6.591283e+02
      vertex   9.769963e-14 -3.296808e+01 6.591752e+02
    endloop
  endfacet
  facet normal 1.812188e-15 -2.550428e-01 -9.669298e-01
    outer loop
      vertex   -2.000000e+00 -3.296808e+01 6.591752e+02
      vertex   9.769963e-14 -3.296808e+01 6.591752e+02
      vertex   -2.000000e+00 -3.309951e+01 6.592098e+02
    endloop
  endfacet
  facet normal 0.000000e+00 -2.550428e-01 -9.669298e-01
    outer loop
      vertex   -2.000000e+00 -3.309951e+01 6.592098e+02
      vertex   9.769963e-14 -3.296808e+01 6.591752e+02
      vertex   9.769963e-14 -3.309951e+01 6.592098e+02
    endloop
  endfacet
  facet normal 0.000000e+00 -1.633774e-01 -9.865637e-01
    outer loop
      vertex   -2.000000e+00 -3.309951e+01 6.592098e+02
      vertex   9.769963e-14 -3.309951e+01 6.592098e+02
      vertex   -2.000000e+00 -3.323362e+01 6.592320e+02
    endloop
  endfacet
  facet normal 0.000000e+00 -1.633774e-01 -9.865637e-01
    outer loop
      vertex   -2.000000e+00 -3.323362e+01 6.592320e+02
      vertex   9.769963e-14 -3.309951e+01 6.592098e+02
      vertex   9.769963e-14 -3.323362e+01 6.592320e+02
    endloop
  endfacet
  facet normal 0.000000e+00 -7.027619e-02 -9.975276e-01
    outer loop
      vertex   -2.000000e+00 -3.323362e+01 6.592320e+02
      vertex   9.769963e-14 -3.323362e+01 6.592320e+02
      vertex   -2.000000e+00 -3.336921e+01 6.592416e+02
    endloop
  endfacet
  facet normal 0.000000e+00 -7.027619e-02 -9.975276e-01
    outer loop
      vertex   -2.000000e+00 -3.336921e+01 6.592416e+02
      vertex   9.769963e-14 -3.323362e+01 6.592320e+02
      vertex   9.769963e-14 -3.336921e+01 6.592416e+02
    endloop
  endfacet
  facet normal 0.000000e+00 2.344257e-02 -9.997252e-01
    outer loop
      vertex   -2.000000e+00 -3.336921e+01 6.592416e+02
      vertex   9.769963e-14 -3.336921e+01 6.592416e+02
      vertex   -2.000000e+00 -3.350510e+01 6.592384e+02
    endloop
  endfacet
  facet normal 0.000000e+00 2.344257e-02 -9.997252e-01
    outer loop
      vertex   -2.000000e+00 -3.350510e+01 6.592384e+02
      vertex   9.769963e-14 -3.336921e+01 6.592416e+02
      vertex   9.769963e-14 -3.350510e+01 6.592384e+02
    endloop
  endfacet
  facet normal 0.000000e+00 1.169553e-01 -9.931372e-01
    outer loop
      vertex   -2.000000e+00 -3.350510e+01 6.592384e+02
      vertex   9.769963e-14 -3.350510e+01 6.592384e+02
      vertex   -2.000000e+00 -3.364010e+01 6.592225e+02
    endloop
  endfacet
  facet normal 4.155088e-16 1.169553e-01 -9.931372e-01
    outer loop
      vertex   -2.000000e+00 -3.364010e+01 6.592225e+02
      vertex   9.769963e-14 -3.350510e+01 6.592384e+02
      vertex   9.769963e-14 -3.364010e+01 6.592225e+02
    endloop
  endfacet
  facet normal 7.440813e-16 2.094403e-01 -9.778214e-01
    outer loop
      vertex   -2.000000e+00 -3.364010e+01 6.592225e+02
      vertex   9.769963e-14 -3.364010e+01 6.592225e+02
      vertex   -2.000000e+00 -3.377301e+01 6.591940e+02
    endloop
  endfacet
  facet normal 2.232244e-15 2.094403e-01 -9.778214e-01
    outer loop
      vertex   -2.000000e+00 -3.377301e+01 6.591940e+02
      vertex   9.769963e-14 -3.364010e+01 6.592225e+02
      vertex   9.769963e-14 -3.377301e+01 6.591940e+02
    endloop
  endfacet
  facet normal 3.198344e-15 3.000846e-01 -9.539126e-01
    outer loop
      vertex   -2.000000e+00 -3.377301e+01 6.591940e+02
      vertex   9.769963e-14 -3.377301e+01 6.591940e+02
      vertex   -2.000000e+00 -3.390268e+01 6.591532e+02
    endloop
  endfacet
  facet normal -1.066115e-15 3.000846e-01 -9.539126e-01
    outer loop
      vertex   -2.000000e+00 -3.390268e+01 6.591532e+02
      vertex   9.769963e-14 -3.377301e+01 6.591940e+02
      vertex   9.769963e-14 -3.390268e+01 6.591532e+02
    endloop
  endfacet
  facet normal -1.378779e-15 3.880919e-01 -9.216207e-01
    outer loop
      vertex   -2.000000e+00 -3.390268e+01 6.591532e+02
      vertex   9.769963e-14 -3.390268e+01 6.591532e+02
      vertex   -2.000000e+00 -3.402795e+01 6.591005e+02
    endloop
  endfacet
  facet normal 4.136338e-15 3.880919e-01 -9.216207e-01
    outer loop
      vertex   -2.000000e+00 -3.402795e+01 6.591005e+02
      vertex   9.769963e-14 -3.390268e+01 6.591532e+02
      vertex   9.769963e-14 -3.402795e+01 6.591005e+02
    endloop
  endfacet
  facet normal 5.037981e-15 4.726885e-01 -8.812296e-01
    outer loop
      vertex   -2.000000e+00 -3.402795e+01 6.591005e+02
      vertex   9.769963e-14 -3.402795e+01 6.591005e+02
      vertex   -2.000000e+00 -3.414774e+01 6.590362e+02
    endloop
  endfacet
  facet normal 0.000000e+00 4.726885e-01 -8.812296e-01
    outer loop
      vertex   -2.000000e+00 -3.414774e+01 6.590362e+02
      vertex   9.769963e-14 -3.402795e+01 6.591005e+02
      vertex   9.769963e-14 -3.414774e+01 6.590362e+02
    endloop
  endfacet
  facet normal 0.000000e+00 5.531312e-01 -8.330942e-01
    outer loop
      vertex   -2.000000e+00 -3.414774e+01 6.590362e+02
      vertex   9.769963e-14 -3.414774e+01 6.590362e+02
      vertex   -2.000000e+00 -3.426098e+01 6.589610e+02
    endloop
  endfacet
  facet normal 0.000000e+00 5.531312e-01 -8.330942e-01
    outer loop
      vertex   -2.000000e+00 -3.426098e+01 6.589610e+02
      vertex   9.769963e-14 -3.414774e+01 6.590362e+02
      vertex   9.769963e-14 -3.426098e+01 6.589610e+02
    endloop
  endfacet
  facet normal 0.000000e+00 6.287129e-01 -7.776375e-01
    outer loop
      vertex   -2.000000e+00 -3.426098e+01 6.589610e+02
      vertex   9.769963e-14 -3.426098e+01 6.589610e+02
      vertex   -2.000000e+00 -3.436668e+01 6.588756e+02
    endloop
  endfacet
  facet normal 4.467274e-15 6.287129e-01 -7.776375e-01
    outer loop
      vertex   -2.000000e+00 -3.436668e+01 6.588756e+02
      vertex   9.769963e-14 -3.426098e+01 6.589610e+02
      vertex   9.769963e-14 -3.436668e+01 6.588756e+02
    endloop
  endfacet
  facet normal 4.965055e-15 6.987694e-01 -7.153470e-01
    outer loop
      vertex   -2.000000e+00 -3.436668e+01 6.588756e+02
      vertex   9.769963e-14 -3.436668e+01 6.588756e+02
      vertex   -2.000000e+00 -3.446392e+01 6.587806e+02
    endloop
  endfacet
  facet normal -2.482528e-15 6.987694e-01 -7.153470e-01
    outer loop
      vertex   -2.000000e+00 -3.446392e+01 6.587806e+02
      vertex   9.769963e-14 -3.436668e+01 6.588756e+02
      vertex   9.769963e-14 -3.446392e+01 6.587806e+02
    endloop
  endfacet
  facet normal -2.709602e-15 7.626852e-01 -6.467699e-01
    outer loop
      vertex   -2.000000e+00 -3.446392e+01 6.587806e+02
      vertex   9.769963e-14 -3.446392e+01 6.587806e+02
      vertex   -2.000000e+00 -3.455184e+01 6.586769e+02
    endloop
  endfacet
  facet normal 0.000000e+00 7.626852e-01 -6.467699e-01
    outer loop
      vertex   -2.000000e+00 -3.455184e+01 6.586769e+02
      vertex   9.769963e-14 -3.446392e+01 6.587806e+02
      vertex   9.769963e-14 -3.455184e+01 6.586769e+02
    endloop
  endfacet
  facet normal 0.000000e+00 8.198984e-01 -5.725090e-01
    outer loop
      vertex   -2.000000e+00 -3.455184e+01 6.586769e+02
      vertex   9.769963e-14 -3.455184e+01 6.586769e+02
      vertex   -2.000000e+00 -3.462966e+01 6.585655e+02
    endloop
  endfacet
  facet normal -8.738593e-15 8.198984e-01 -5.725090e-01
    outer loop
      vertex   -2.000000e+00 -3.462966e+01 6.585655e+02
      vertex   9.769963e-14 -3.455184e+01 6.586769e+02
      vertex   9.769963e-14 -3.462966e+01 6.585655e+02
    endloop
  endfacet
  facet normal -9.271585e-15 8.699064e-01 -4.932169e-01
    outer loop
      vertex   -2.000000e+00 -3.462966e+01 6.585655e+02
      vertex   9.769963e-14 -3.462966e+01 6.585655e+02
      vertex   -2.000000e+00 -3.469670e+01 6.584472e+02
    endloop
  endfacet
  facet normal -6.181057e-15 8.699064e-01 -4.932169e-01
    outer loop
      vertex   -2.000000e+00 -3.469670e+01 6.584472e+02
      vertex   9.769963e-14 -3.462966e+01 6.585655e+02
      vertex   9.769963e-14 -3.469670e+01 6.584472e+02
    endloop
  endfacet
  facet normal -6.482065e-15 9.122696e-01 -4.095904e-01
    outer loop
      vertex   -2.000000e+00 -3.469670e+01 6.584472e+02
      vertex   9.769963e-14 -3.469670e+01 6.584472e+02
      vertex   -2.000000e+00 -3.475238e+01 6.583232e+02
    endloop
  endfacet
  facet normal 6.482065e-15 9.122696e-01 -4.095904e-01
    outer loop
      vertex   -2.000000e+00 -3.475238e+01 6.583232e+02
      vertex   9.769963e-14 -3.469670e+01 6.584472e+02
      vertex   9.769963e-14 -3.475238e+01 6.583232e+02
    endloop
  endfacet
  facet normal 6.726109e-15 9.466157e-01 -3.223643e-01
    outer loop
      vertex   -2.000000e+00 -3.475238e+01 6.583232e+02
      vertex   9.769963e-14 -3.475238e+01 6.583232e+02
      vertex   -2.000000e+00 -3.479619e+01 6.581946e+02
    endloop
  endfacet
  facet normal 0.000000e+00 9.466157e-01 -3.223643e-01
    outer loop
      vertex   -2.000000e+00 -3.479619e+01 6.581946e+02
      vertex   9.769963e-14 -3.475238e+01 6.583232e+02
      vertex   9.769963e-14 -3.479619e+01 6.581946e+02
    endloop
  endfacet
  facet normal 0.000000e+00 9.726429e-01 -2.323054e-01
    outer loop
      vertex   -2.000000e+00 -3.479619e+01 6.581946e+02
      vertex   9.769963e-14 -3.479619e+01 6.581946e+02
      vertex   -2.000000e+00 -3.482777e+01 6.580623e+02
    endloop
  endfacet
  facet normal -3.455522e-15 9.726429e-01 -2.323054e-01
    outer loop
      vertex   -2.000000e+00 -3.482777e+01 6.580623e+02
      vertex   9.769963e-14 -3.479619e+01 6.581946e+02
      vertex   9.769963e-14 -3.482777e+01 6.580623e+02
    endloop
  endfacet
  facet normal -3.517622e-15 9.901225e-01 -1.402049e-01
    outer loop
      vertex   -2.000000e+00 -3.482777e+01 6.580623e+02
      vertex   9.769963e-14 -3.482777e+01 6.580623e+02
      vertex   -2.000000e+00 -3.484683e+01 6.579278e+02
    endloop
  endfacet
  facet normal 3.517622e-15 9.901225e-01 -1.402049e-01
    outer loop
      vertex   -2.000000e+00 -3.484683e+01 6.579278e+02
      vertex   9.769963e-14 -3.482777e+01 6.580623e+02
      vertex   9.769963e-14 -3.484683e+01 6.579278e+02
    endloop
  endfacet
  facet normal -3.548809e-15 9.989009e-01 4.687226e-02
    outer loop
      vertex   2.000000e+00 -3.484683e+01 6.576562e+02
      vertex   9.769963e-14 -3.484683e+01 6.576562e+02
      vertex   2.000000e+00 -3.485320e+01 6.577920e+02
    endloop
  endfacet
  facet normal 0.000000e+00 9.989009e-01 4.687226e-02
    outer loop
      vertex   2.000000e+00 -3.485320e+01 6.577920e+02
      vertex   9.769963e-14 -3.484683e+01 6.576562e+02
      vertex   9.769963e-14 -3.485320e+01 6.577920e+02
    endloop
  endfacet
  facet normal 0.000000e+00 9.989009e-01 -4.687226e-02
    outer loop
      vertex   2.000000e+00 -3.485320e+01 6.577920e+02
      vertex   9.769963e-14 -3.485320e+01 6.577920e+02
      vertex   2.000000e+00 -3.484683e+01 6.579278e+02
    endloop
  endfacet
  facet normal -3.548809e-15 9.989009e-01 -4.687226e-02
    outer loop
      vertex   2.000000e+00 -3.484683e+01 6.579278e+02
      vertex   9.769963e-14 -3.485320e+01 6.577920e+02
      vertex   9.769963e-14 -3.484683e+01 6.579278e+02
    endloop
  endfacet
  facet normal -3.517622e-15 9.901225e-01 -1.402049e-01
    outer loop
      vertex   2.000000e+00 -3.484683e+01 6.579278e+02
      vertex   9.769963e-14 -3.484683e+01 6.579278e+02
      vertex   2.000000e+00 -3.482777e+01 6.580623e+02
    endloop
  endfacet
  facet normal 3.517622e-15 9.901225e-01 -1.402049e-01
    outer loop
      vertex   2.000000e+00 -3.482777e+01 6.580623e+02
      vertex   9.769963e-14 -3.484683e+01 6.579278e+02
      vertex   9.769963e-14 -3.482777e+01 6.580623e+02
    endloop
  endfacet
  facet normal 3.455522e-15 9.726429e-01 -2.323054e-01
    outer loop
      vertex   2.000000e+00 -3.482777e+01 6.580623e+02
      vertex   9.769963e-14 -3.482777e+01 6.580623e+02
      vertex   2.000000e+00 -3.479619e+01 6.581946e+02
    endloop
  endfacet
  facet normal 3.455522e-15 9.726429e-01 -2.323054e-01
    outer loop
      vertex   2.000000e+00 -3.479619e+01 6.581946e+02
      vertex   9.769963e-14 -3.482777e+01 6.580623e+02
      vertex   9.769963e-14 -3.479619e+01 6.581946e+02
    endloop
  endfacet
  facet normal 3.363054e-15 9.466157e-01 -3.223643e-01
    outer loop
      vertex   2.000000e+00 -3.479619e+01 6.581946e+02
      vertex   9.769963e-14 -3.479619e+01 6.581946e+02
      vertex   2.000000e+00 -3.475238e+01 6.583232e+02
    endloop
  endfacet
  facet normal -3.363054e-15 9.466157e-01 -3.223643e-01
    outer loop
      vertex   2.000000e+00 -3.475238e+01 6.583232e+02
      vertex   9.769963e-14 -3.479619e+01 6.581946e+02
      vertex   9.769963e-14 -3.475238e+01 6.583232e+02
    endloop
  endfacet
  facet normal -3.241033e-15 9.122696e-01 -4.095904e-01
    outer loop
      vertex   2.000000e+00 -3.475238e+01 6.583232e+02
      vertex   9.769963e-14 -3.475238e+01 6.583232e+02
      vertex   2.000000e+00 -3.469670e+01 6.584472e+02
    endloop
  endfacet
  facet normal 6.482065e-15 9.122696e-01 -4.095904e-01
    outer loop
      vertex   2.000000e+00 -3.469670e+01 6.584472e+02
      vertex   9.769963e-14 -3.475238e+01 6.583232e+02
      vertex   9.769963e-14 -3.469670e+01 6.584472e+02
    endloop
  endfacet
  facet normal 6.181057e-15 8.699064e-01 -4.932169e-01
    outer loop
      vertex   2.000000e+00 -3.469670e+01 6.584472e+02
      vertex   9.769963e-14 -3.469670e+01 6.584472e+02
      vertex   2.000000e+00 -3.462966e+01 6.585655e+02
    endloop
  endfacet
  facet normal 9.271585e-15 8.699064e-01 -4.932169e-01
    outer loop
      vertex   2.000000e+00 -3.462966e+01 6.585655e+02
      vertex   9.769963e-14 -3.469670e+01 6.584472e+02
      vertex   9.769963e-14 -3.462966e+01 6.585655e+02
    endloop
  endfacet
  facet normal 8.738593e-15 8.198984e-01 -5.725090e-01
    outer loop
      vertex   2.000000e+00 -3.462966e+01 6.585655e+02
      vertex   9.769963e-14 -3.462966e+01 6.585655e+02
      vertex   2.000000e+00 -3.455184e+01 6.586769e+02
    endloop
  endfacet
  facet normal 2.912864e-15 8.198984e-01 -5.725090e-01
    outer loop
      vertex   2.000000e+00 -3.455184e+01 6.586769e+02
      vertex   9.769963e-14 -3.462966e+01 6.585655e+02
      vertex   9.769963e-14 -3.455184e+01 6.586769e+02
    endloop
  endfacet
  facet normal 2.709602e-15 7.626852e-01 -6.467699e-01
    outer loop
      vertex   2.000000e+00 -3.455184e+01 6.586769e+02
      vertex   9.769963e-14 -3.455184e+01 6.586769e+02
      vertex   2.000000e+00 -3.446392e+01 6.587806e+02
    endloop
  endfacet
  facet normal 5.419204e-15 7.626852e-01 -6.467699e-01
    outer loop
      vertex   2.000000e+00 -3.446392e+01 6.587806e+02
      vertex   9.769963e-14 -3.455184e+01 6.586769e+02
      vertex   9.769963e-14 -3.446392e+01 6.587806e+02
    endloop
  endfacet
  facet normal 4.965055e-15 6.987694e-01 -7.153470e-01
    outer loop
      vertex   2.000000e+00 -3.446392e+01 6.587806e+02
      vertex   9.769963e-14 -3.446392e+01 6.587806e+02
      vertex   2.000000e+00 -3.436668e+01 6.588756e+02
    endloop
  endfacet
  facet normal -2.482528e-15 6.987694e-01 -7.153470e-01
    outer loop
      vertex   2.000000e+00 -3.436668e+01 6.588756e+02
      vertex   9.769963e-14 -3.446392e+01 6.587806e+02
      vertex   9.769963e-14 -3.436668e+01 6.588756e+02
    endloop
  endfacet
  facet normal -2.233637e-15 6.287129e-01 -7.776375e-01
    outer loop
      vertex   2.000000e+00 -3.436668e+01 6.588756e+02
      vertex   9.769963e-14 -3.436668e+01 6.588756e+02
      vertex   2.000000e+00 -3.426098e+01 6.589610e+02
    endloop
  endfacet
  facet normal 2.233637e-15 6.287129e-01 -7.776375e-01
    outer loop
      vertex   2.000000e+00 -3.426098e+01 6.589610e+02
      vertex   9.769963e-14 -3.436668e+01 6.588756e+02
      vertex   9.769963e-14 -3.426098e+01 6.589610e+02
    endloop
  endfacet
  facet normal 1.965117e-15 5.531312e-01 -8.330942e-01
    outer loop
      vertex   2.000000e+00 -3.426098e+01 6.589610e+02
      vertex   9.769963e-14 -3.426098e+01 6.589610e+02
      vertex   2.000000e+00 -3.414774e+01 6.590362e+02
    endloop
  endfacet
  facet normal 0.000000e+00 5.531312e-01 -8.330942e-01
    outer loop
      vertex   2.000000e+00 -3.414774e+01 6.590362e+02
      vertex   9.769963e-14 -3.426098e+01 6.589610e+02
      vertex   9.769963e-14 -3.414774e+01 6.590362e+02
    endloop
  endfacet
  facet normal 0.000000e+00 4.726885e-01 -8.812296e-01
    outer loop
      vertex   2.000000e+00 -3.414774e+01 6.590362e+02
      vertex   9.769963e-14 -3.414774e+01 6.590362e+02
      vertex   2.000000e+00 -3.402795e+01 6.591005e+02
    endloop
  endfacet
  facet normal -3.358654e-15 4.726885e-01 -8.812296e-01
    outer loop
      vertex   2.000000e+00 -3.402795e+01 6.591005e+02
      vertex   9.769963e-14 -3.414774e+01 6.590362e+02
      vertex   9.769963e-14 -3.402795e+01 6.591005e+02
    endloop
  endfacet
  facet normal -2.757558e-15 3.880919e-01 -9.216207e-01
    outer loop
      vertex   2.000000e+00 -3.402795e+01 6.591005e+02
      vertex   9.769963e-14 -3.402795e+01 6.591005e+02
      vertex   2.000000e+00 -3.390268e+01 6.591532e+02
    endloop
  endfacet
  facet normal 2.757558e-15 3.880919e-01 -9.216207e-01
    outer loop
      vertex   2.000000e+00 -3.390268e+01 6.591532e+02
      vertex   9.769963e-14 -3.402795e+01 6.591005e+02
      vertex   9.769963e-14 -3.390268e+01 6.591532e+02
    endloop
  endfacet
  facet normal 2.132230e-15 3.000846e-01 -9.539126e-01
    outer loop
      vertex   2.000000e+00 -3.390268e+01 6.591532e+02
      vertex   9.769963e-14 -3.390268e+01 6.591532e+02
      vertex   2.000000e+00 -3.377301e+01 6.591940e+02
    endloop
  endfacet
  facet normal -2.132230e-15 3.000846e-01 -9.539126e-01
    outer loop
      vertex   2.000000e+00 -3.377301e+01 6.591940e+02
      vertex   9.769963e-14 -3.390268e+01 6.591532e+02
      vertex   9.769963e-14 -3.377301e+01 6.591940e+02
    endloop
  endfacet
  facet normal -1.488163e-15 2.094403e-01 -9.778214e-01
    outer loop
      vertex   2.000000e+00 -3.377301e+01 6.591940e+02
      vertex   9.769963e-14 -3.377301e+01 6.591940e+02
      vertex   2.000000e+00 -3.364010e+01 6.592225e+02
    endloop
  endfacet
  facet normal 0.000000e+00 2.094403e-01 -9.778214e-01
    outer loop
      vertex   2.000000e+00 -3.364010e+01 6.592225e+02
      vertex   9.769963e-14 -3.377301e+01 6.591940e+02
      vertex   9.769963e-14 -3.364010e+01 6.592225e+02
    endloop
  endfacet
  facet normal 0.000000e+00 1.169553e-01 -9.931372e-01
    outer loop
      vertex   2.000000e+00 -3.364010e+01 6.592225e+02
      vertex   9.769963e-14 -3.364010e+01 6.592225e+02
      vertex   2.000000e+00 -3.350510e+01 6.592384e+02
    endloop
  endfacet
  facet normal 0.000000e+00 1.169553e-01 -9.931372e-01
    outer loop
      vertex   2.000000e+00 -3.350510e+01 6.592384e+02
      vertex   9.769963e-14 -3.364010e+01 6.592225e+02
      vertex   9.769963e-14 -3.350510e+01 6.592384e+02
    endloop
  endfacet
  facet normal 0.000000e+00 2.344257e-02 -9.997252e-01
    outer loop
      vertex   2.000000e+00 -3.350510e+01 6.592384e+02
      vertex   9.769963e-14 -3.350510e+01 6.592384e+02
      vertex   2.000000e+00 -3.336921e+01 6.592416e+02
    endloop
  endfacet
  facet normal 0.000000e+00 2.344257e-02 -9.997252e-01
    outer loop
      vertex   2.000000e+00 -3.336921e+01 6.592416e+02
      vertex   9.769963e-14 -3.350510e+01 6.592384e+02
      vertex   9.769963e-14 -3.336921e+01 6.592416e+02
    endloop
  endfacet
  facet normal -0.000000e+00 -7.027619e-02 -9.975276e-01
    outer loop
      vertex   2.000000e+00 -3.336921e+01 6.592416e+02
      vertex   9.769963e-14 -3.336921e+01 6.592416e+02
      vertex   2.000000e+00 -3.323362e+01 6.592320e+02
    endloop
  endfacet
  facet normal -2.496712e-16 -7.027619e-02 -9.975276e-01
    outer loop
      vertex   2.000000e+00 -3.323362e+01 6.592320e+02
      vertex   9.769963e-14 -3.336921e+01 6.592416e+02
      vertex   9.769963e-14 -3.323362e+01 6.592320e+02
    endloop
  endfacet
  facet normal -5.804330e-16 -1.633774e-01 -9.865637e-01
    outer loop
      vertex   2.000000e+00 -3.323362e+01 6.592320e+02
      vertex   9.769963e-14 -3.323362e+01 6.592320e+02
      vertex   2.000000e+00 -3.309951e+01 6.592098e+02
    endloop
  endfacet
  facet normal -5.804330e-16 -1.633774e-01 -9.865637e-01
    outer loop
      vertex   2.000000e+00 -3.309951e+01 6.592098e+02
      vertex   9.769963e-14 -3.323362e+01 6.592320e+02
      vertex   9.769963e-14 -3.309951e+01 6.592098e+02
    endloop
  endfacet
  facet normal -9.060939e-16 -2.550428e-01 -9.669298e-01
    outer loop
      vertex   2.000000e+00 -3.309951e+01 6.592098e+02
      vertex   9.769963e-14 -3.309951e+01 6.592098e+02
      vertex   2.000000e+00 -3.296808e+01 6.591752e+02
    endloop
  endfacet
  facet normal -2.718282e-15 -2.550428e-01 -9.669298e-01
    outer loop
      vertex   2.000000e+00 -3.296808e+01 6.591752e+02
      vertex   9.769963e-14 -3.309951e+01 6.592098e+02
      vertex   9.769963e-14 -3.296808e+01 6.591752e+02
    endloop
  endfacet
  facet normal -3.671376e-15 -3.444669e-01 -9.387985e-01
    outer loop
      vertex   2.000000e+00 -3.296808e+01 6.591752e+02
      vertex   9.769963e-14 -3.296808e+01 6.591752e+02
      vertex   2.000000e+00 -3.284047e+01 6.591283e+02
    endloop
  endfacet
  facet normal -4.895168e-15 -3.444669e-01 -9.387985e-01
    outer loop
      vertex   2.000000e+00 -3.284047e+01 6.591283e+02
      vertex   9.769963e-14 -3.296808e+01 6.591752e+02
      vertex   9.769963e-14 -3.284047e+01 6.591283e+02
    endloop
  endfacet
  facet normal -6.122942e-15 -4.308637e-01 -9.024170e-01
    outer loop
      vertex   2.000000e+00 -3.284047e+01 6.591283e+02
      vertex   9.769963e-14 -3.284047e+01 6.591283e+02
      vertex   2.000000e+00 -3.271780e+01 6.590698e+02
    endloop
  endfacet
  facet normal -1.530736e-15 -4.308637e-01 -9.024170e-01
    outer loop
      vertex   2.000000e+00 -3.271780e+01 6.590698e+02
      vertex   9.769963e-14 -3.284047e+01 6.591283e+02
      vertex   9.769963e-14 -3.271780e+01 6.590698e+02
    endloop
  endfacet
  facet normal -1.824227e-15 -5.134742e-01 -8.581050e-01
    outer loop
      vertex   2.000000e+00 -3.271780e+01 6.590698e+02
      vertex   9.769963e-14 -3.271780e+01 6.590698e+02
      vertex   2.000000e+00 -3.260116e+01 6.590000e+02
    endloop
  endfacet
  facet normal -5.472680e-15 -5.134742e-01 -8.581050e-01
    outer loop
      vertex   2.000000e+00 -3.260116e+01 6.590000e+02
      vertex   9.769963e-14 -3.271780e+01 6.590698e+02
      vertex   9.769963e-14 -3.260116e+01 6.590000e+02
    endloop
  endfacet
  facet normal -6.305060e-15 -5.915722e-01 -8.062520e-01
    outer loop
      vertex   2.000000e+00 -3.260116e+01 6.590000e+02
      vertex   9.769963e-14 -3.260116e+01 6.590000e+02
      vertex   2.000000e+00 -3.249157e+01 6.589196e+02
    endloop
  endfacet
  facet normal -2.101687e-15 -5.915722e-01 -8.062520e-01
    outer loop
      vertex   2.000000e+00 -3.249157e+01 6.589196e+02
      vertex   9.769963e-14 -3.260116e+01 6.590000e+02
      vertex   9.769963e-14 -3.249157e+01 6.589196e+02
    endloop
  endfacet
  facet normal -2.360677e-15 -6.644715e-01 -7.473136e-01
    outer loop
      vertex   2.000000e+00 -3.249157e+01 6.589196e+02
      vertex   9.769963e-14 -3.249157e+01 6.589196e+02
      vertex   2.000000e+00 -3.238999e+01 6.588292e+02
    endloop
  endfacet
  facet normal -4.721354e-15 -6.644715e-01 -7.473136e-01
    outer loop
      vertex   2.000000e+00 -3.238999e+01 6.588292e+02
      vertex   9.769963e-14 -3.249157e+01 6.589196e+02
      vertex   9.769963e-14 -3.238999e+01 6.588292e+02
    endloop
  endfacet
  facet normal -5.197843e-15 -7.315313e-01 -6.818078e-01
    outer loop
      vertex   2.000000e+00 -3.238999e+01 6.588292e+02
      vertex   9.769963e-14 -3.238999e+01 6.588292e+02
      vertex   2.000000e+00 -3.229731e+01 6.587298e+02
    endloop
  endfacet
  facet normal -1.039569e-14 -7.315313e-01 -6.818078e-01
    outer loop
      vertex   2.000000e+00 -3.229731e+01 6.587298e+02
      vertex   9.769963e-14 -3.238999e+01 6.588292e+02
      vertex   9.769963e-14 -3.229731e+01 6.587298e+02
    endloop
  endfacet
  facet normal -1.125731e-14 -7.921625e-01 -6.103103e-01
    outer loop
      vertex   2.000000e+00 -3.229731e+01 6.587298e+02
      vertex   9.769963e-14 -3.229731e+01 6.587298e+02
      vertex   2.000000e+00 -3.221435e+01 6.586221e+02
    endloop
  endfacet
  facet normal -1.407163e-14 -7.921625e-01 -6.103103e-01
    outer loop
      vertex   2.000000e+00 -3.221435e+01 6.586221e+02
      vertex   9.769963e-14 -3.229731e+01 6.587298e+02
      vertex   9.769963e-14 -3.221435e+01 6.586221e+02
    endloop
  endfacet
  facet normal -1.502500e-14 -8.458321e-01 -5.334493e-01
    outer loop
      vertex   2.000000e+00 -3.221435e+01 6.586221e+02
      vertex   9.769963e-14 -3.221435e+01 6.586221e+02
      vertex   2.000000e+00 -3.214184e+01 6.585071e+02
    endloop
  endfacet
  facet normal -9.014997e-15 -8.458321e-01 -5.334493e-01
    outer loop
      vertex   2.000000e+00 -3.214184e+01 6.585071e+02
      vertex   9.769963e-14 -3.221435e+01 6.586221e+02
      vertex   9.769963e-14 -3.214184e+01 6.585071e+02
    endloop
  endfacet
  facet normal -9.507791e-15 -8.920684e-01 -4.519003e-01
    outer loop
      vertex   2.000000e+00 -3.214184e+01 6.585071e+02
      vertex   9.769963e-14 -3.214184e+01 6.585071e+02
      vertex   2.000000e+00 -3.208041e+01 6.583859e+02
    endloop
  endfacet
  facet normal 3.169264e-15 -8.920684e-01 -4.519003e-01
    outer loop
      vertex   2.000000e+00 -3.208041e+01 6.583859e+02
      vertex   9.769963e-14 -3.214184e+01 6.585071e+02
      vertex   9.769963e-14 -3.208041e+01 6.583859e+02
    endloop
  endfacet
  facet normal 3.305677e-15 -9.304653e-01 -3.663800e-01
    outer loop
      vertex   2.000000e+00 -3.208041e+01 6.583859e+02
      vertex   9.769963e-14 -3.208041e+01 6.583859e+02
      vertex   2.000000e+00 -3.203061e+01 6.582594e+02
    endloop
  endfacet
  facet normal 3.305677e-15 -9.304653e-01 -3.663800e-01
    outer loop
      vertex   2.000000e+00 -3.203061e+01 6.582594e+02
      vertex   9.769963e-14 -3.208041e+01 6.583859e+02
      vertex   9.769963e-14 -3.203061e+01 6.582594e+02
    endloop
  endfacet
  facet normal 3.413039e-15 -9.606852e-01 -2.776400e-01
    outer loop
      vertex   2.000000e+00 -3.203061e+01 6.582594e+02
      vertex   9.769963e-14 -3.203061e+01 6.582594e+02
      vertex   2.000000e+00 -3.199287e+01 6.581288e+02
    endloop
  endfacet
  facet normal -6.826079e-15 -9.606852e-01 -2.776400e-01
    outer loop
      vertex   2.000000e+00 -3.199287e+01 6.581288e+02
      vertex   9.769963e-14 -3.203061e+01 6.582594e+02
      vertex   9.769963e-14 -3.199287e+01 6.581288e+02
    endloop
  endfacet
  facet normal -6.980816e-15 -9.824625e-01 -1.864601e-01
    outer loop
      vertex   2.000000e+00 -3.199287e+01 6.581288e+02
      vertex   9.769963e-14 -3.199287e+01 6.581288e+02
      vertex   2.000000e+00 -3.196752e+01 6.579953e+02
    endloop
  endfacet
  facet normal 5.235612e-15 -9.824625e-01 -1.864601e-01
    outer loop
      vertex   2.000000e+00 -3.196752e+01 6.579953e+02
      vertex   9.769963e-14 -3.199287e+01 6.581288e+02
      vertex   9.769963e-14 -3.196752e+01 6.579953e+02
    endloop
  endfacet
  facet normal 5.305654e-15 -9.956060e-01 -9.364149e-02
    outer loop
      vertex   2.000000e+00 -3.196752e+01 6.579953e+02
      vertex   9.769963e-14 -3.196752e+01 6.579953e+02
      vertex   2.000000e+00 -3.195480e+01 6.578599e+02
    endloop
  endfacet
  facet normal -1.768551e-15 -9.956060e-01 -9.364149e-02
    outer loop
      vertex   2.000000e+00 -3.195480e+01 6.578599e+02
      vertex   9.769963e-14 -3.196752e+01 6.579953e+02
      vertex   9.769963e-14 -3.195480e+01 6.578599e+02
    endloop
  endfacet
  facet normal -1.776357e-15 -1.000000e+00 -0.000000e+00
    outer loop
      vertex   2.000000e+00 -3.195480e+01 6.578599e+02
      vertex   9.769963e-14 -3.195480e+01 6.578599e+02
      vertex   2.000000e+00 -3.195480e+01 6.577240e+02
    endloop
  endfacet
  facet normal -1.776357e-15 -1.000000e+00 0.000000e+00
    outer loop
      vertex   2.000000e+00 -3.195480e+01 6.577240e+02
      vertex   9.769963e-14 -3.195480e+01 6.578599e+02
      vertex   9.769963e-14 -3.195480e+01 6.577240e+02
    endloop
  endfacet
  facet normal -1.768551e-15 -9.956060e-01 9.364149e-02
    outer loop
      vertex   2.000000e+00 -3.195480e+01 6.577240e+02
      vertex   9.769963e-14 -3.195480e+01 6.577240e+02
      vertex   2.000000e+00 -3.196752e+01 6.575887e+02
    endloop
  endfacet
  facet normal 5.305654e-15 -9.956060e-01 9.364149e-02
    outer loop
      vertex   2.000000e+00 -3.196752e+01 6.575887e+02
      vertex   9.769963e-14 -3.195480e+01 6.577240e+02
      vertex   9.769963e-14 -3.196752e+01 6.575887e+02
    endloop
  endfacet
  facet normal 5.235612e-15 -9.824625e-01 1.864601e-01
    outer loop
      vertex   2.000000e+00 -3.196752e+01 6.575887e+02
      vertex   9.769963e-14 -3.196752e+01 6.575887e+02
      vertex   2.000000e+00 -3.199287e+01 6.574551e+02
    endloop
  endfacet
  facet normal -6.980816e-15 -9.824625e-01 1.864601e-01
    outer loop
      vertex   2.000000e+00 -3.199287e+01 6.574551e+02
      vertex   9.769963e-14 -3.196752e+01 6.575887e+02
      vertex   9.769963e-14 -3.199287e+01 6.574551e+02
    endloop
  endfacet
  facet normal -6.826079e-15 -9.606852e-01 2.776400e-01
    outer loop
      vertex   2.000000e+00 -3.199287e+01 6.574551e+02
      vertex   9.769963e-14 -3.199287e+01 6.574551e+02
      vertex   2.000000e+00 -3.203061e+01 6.573246e+02
    endloop
  endfacet
  facet normal 3.413039e-15 -9.606852e-01 2.776400e-01
    outer loop
      vertex   2.000000e+00 -3.203061e+01 6.573246e+02
      vertex   9.769963e-14 -3.199287e+01 6.574551e+02
      vertex   9.769963e-14 -3.203061e+01 6.573246e+02
    endloop
  endfacet
  facet normal 3.305677e-15 -9.304653e-01 3.663800e-01
    outer loop
      vertex   2.000000e+00 -3.203061e+01 6.573246e+02
      vertex   9.769963e-14 -3.203061e+01 6.573246e+02
      vertex   2.000000e+00 -3.208041e+01 6.571981e+02
    endloop
  endfacet
  facet normal 9.917030e-15 -9.304653e-01 3.663800e-01
    outer loop
      vertex   2.000000e+00 -3.208041e+01 6.571981e+02
      vertex   9.769963e-14 -3.203061e+01 6.573246e+02
      vertex   9.769963e-14 -3.208041e+01 6.571981e+02
    endloop
  endfacet
  facet normal 9.507791e-15 -8.920684e-01 4.519003e-01
    outer loop
      vertex   2.000000e+00 -3.208041e+01 6.571981e+02
      vertex   9.769963e-14 -3.208041e+01 6.571981e+02
      vertex   2.000000e+00 -3.214184e+01 6.570768e+02
    endloop
  endfacet
  facet normal -3.169264e-15 -8.920684e-01 4.519003e-01
    outer loop
      vertex   2.000000e+00 -3.214184e+01 6.570768e+02
      vertex   9.769963e-14 -3.208041e+01 6.571981e+02
      vertex   9.769963e-14 -3.214184e+01 6.570768e+02
    endloop
  endfacet
  facet normal -3.004999e-15 -8.458321e-01 5.334493e-01
    outer loop
      vertex   2.000000e+00 -3.214184e+01 6.570768e+02
      vertex   9.769963e-14 -3.214184e+01 6.570768e+02
      vertex   2.000000e+00 -3.221435e+01 6.569618e+02
    endloop
  endfacet
  facet normal -9.014997e-15 -8.458321e-01 5.334493e-01
    outer loop
      vertex   2.000000e+00 -3.221435e+01 6.569618e+02
      vertex   9.769963e-14 -3.214184e+01 6.570768e+02
      vertex   9.769963e-14 -3.221435e+01 6.569618e+02
    endloop
  endfacet
  facet normal -8.442979e-15 -7.921625e-01 6.103103e-01
    outer loop
      vertex   2.000000e+00 -3.221435e+01 6.569618e+02
      vertex   9.769963e-14 -3.221435e+01 6.569618e+02
      vertex   2.000000e+00 -3.229731e+01 6.568542e+02
    endloop
  endfacet
  facet normal -1.125731e-14 -7.921625e-01 6.103103e-01
    outer loop
      vertex   2.000000e+00 -3.229731e+01 6.568542e+02
      vertex   9.769963e-14 -3.221435e+01 6.569618e+02
      vertex   9.769963e-14 -3.229731e+01 6.568542e+02
    endloop
  endfacet
  facet normal -1.039569e-14 -7.315313e-01 6.818078e-01
    outer loop
      vertex   2.000000e+00 -3.229731e+01 6.568542e+02
      vertex   9.769963e-14 -3.229731e+01 6.568542e+02
      vertex   2.000000e+00 -3.238999e+01 6.567547e+02
    endloop
  endfacet
  facet normal -2.598921e-15 -7.315313e-01 6.818078e-01
    outer loop
      vertex   2.000000e+00 -3.238999e+01 6.567547e+02
      vertex   9.769963e-14 -3.229731e+01 6.568542e+02
      vertex   9.769963e-14 -3.238999e+01 6.567547e+02
    endloop
  endfacet
  facet normal -2.360677e-15 -6.644715e-01 7.473136e-01
    outer loop
      vertex   2.000000e+00 -3.238999e+01 6.567547e+02
      vertex   9.769963e-14 -3.238999e+01 6.567547e+02
      vertex   2.000000e+00 -3.249157e+01 6.566644e+02
    endloop
  endfacet
  facet normal 0.000000e+00 -6.644715e-01 7.473136e-01
    outer loop
      vertex   2.000000e+00 -3.249157e+01 6.566644e+02
      vertex   9.769963e-14 -3.238999e+01 6.567547e+02
      vertex   9.769963e-14 -3.249157e+01 6.566644e+02
    endloop
  endfacet
  facet normal 0.000000e+00 -5.915722e-01 8.062520e-01
    outer loop
      vertex   2.000000e+00 -3.249157e+01 6.566644e+02
      vertex   9.769963e-14 -3.249157e+01 6.566644e+02
      vertex   2.000000e+00 -3.260116e+01 6.565840e+02
    endloop
  endfacet
  facet normal -6.305060e-15 -5.915722e-01 8.062520e-01
    outer loop
      vertex   2.000000e+00 -3.260116e+01 6.565840e+02
      vertex   9.769963e-14 -3.249157e+01 6.566644e+02
      vertex   9.769963e-14 -3.260116e+01 6.565840e+02
    endloop
  endfacet
  facet normal -5.472680e-15 -5.134742e-01 8.581050e-01
    outer loop
      vertex   2.000000e+00 -3.260116e+01 6.565840e+02
      vertex   9.769963e-14 -3.260116e+01 6.565840e+02
      vertex   2.000000e+00 -3.271780e+01 6.565142e+02
    endloop
  endfacet
  facet normal -1.824227e-15 -5.134742e-01 8.581050e-01
    outer loop
      vertex   2.000000e+00 -3.271780e+01 6.565142e+02
      vertex   9.769963e-14 -3.260116e+01 6.565840e+02
      vertex   9.769963e-14 -3.271780e+01 6.565142e+02
    endloop
  endfacet
  facet normal -1.530736e-15 -4.308637e-01 9.024170e-01
    outer loop
      vertex   2.000000e+00 -3.271780e+01 6.565142e+02
      vertex   9.769963e-14 -3.271780e+01 6.565142e+02
      vertex   2.000000e+00 -3.284047e+01 6.564556e+02
    endloop
  endfacet
  facet normal -3.061471e-15 -4.308637e-01 9.024170e-01
    outer loop
      vertex   2.000000e+00 -3.284047e+01 6.564556e+02
      vertex   9.769963e-14 -3.271780e+01 6.565142e+02
      vertex   9.769963e-14 -3.284047e+01 6.564556e+02
    endloop
  endfacet
  facet normal -2.447584e-15 -3.444669e-01 9.387985e-01
    outer loop
      vertex   2.000000e+00 -3.284047e+01 6.564556e+02
      vertex   9.769963e-14 -3.284047e+01 6.564556e+02
      vertex   2.000000e+00 -3.296808e+01 6.564088e+02
    endloop
  endfacet
  facet normal -2.447584e-15 -3.444669e-01 9.387985e-01
    outer loop
      vertex   2.000000e+00 -3.296808e+01 6.564088e+02
      vertex   9.769963e-14 -3.284047e+01 6.564556e+02
      vertex   9.769963e-14 -3.296808e+01 6.564088e+02
    endloop
  endfacet
  facet normal -1.812188e-15 -2.550428e-01 9.669298e-01
    outer loop
      vertex   2.000000e+00 -3.296808e+01 6.564088e+02
      vertex   9.769963e-14 -3.296808e+01 6.564088e+02
      vertex   2.000000e+00 -3.309951e+01 6.563741e+02
    endloop
  endfacet
  facet normal 0.000000e+00 -2.550428e-01 9.669298e-01
    outer loop
      vertex   2.000000e+00 -3.309951e+01 6.563741e+02
      vertex   9.769963e-14 -3.296808e+01 6.564088e+02
      vertex   9.769963e-14 -3.309951e+01 6.563741e+02
    endloop
  endfacet
  facet normal 0.000000e+00 -1.633774e-01 9.865637e-01
    outer loop
      vertex   2.000000e+00 -3.309951e+01 6.563741e+02
      vertex   9.769963e-14 -3.309951e+01 6.563741e+02
      vertex   2.000000e+00 -3.323362e+01 6.563519e+02
    endloop
  endfacet
  facet normal 0.000000e+00 -1.633774e-01 9.865637e-01
    outer loop
      vertex   2.000000e+00 -3.323362e+01 6.563519e+02
      vertex   9.769963e-14 -3.309951e+01 6.563741e+02
      vertex   9.769963e-14 -3.323362e+01 6.563519e+02
    endloop
  endfacet
  facet normal 0.000000e+00 -7.027619e-02 9.975276e-01
    outer loop
      vertex   2.000000e+00 -3.323362e+01 6.563519e+02
      vertex   9.769963e-14 -3.323362e+01 6.563519e+02
      vertex   2.000000e+00 -3.336921e+01 6.563424e+02
    endloop
  endfacet
  facet normal 2.496712e-16 -7.027619e-02 9.975276e-01
    outer loop
      vertex   2.000000e+00 -3.336921e+01 6.563424e+02
      vertex   9.769963e-14 -3.323362e+01 6.563519e+02
      vertex   9.769963e-14 -3.336921e+01 6.563424e+02
    endloop
  endfacet
  facet normal -8.328475e-17 2.344257e-02 9.997252e-01
    outer loop
      vertex   2.000000e+00 -3.336921e+01 6.563424e+02
      vertex   9.769963e-14 -3.336921e+01 6.563424e+02
      vertex   2.000000e+00 -3.350510e+01 6.563456e+02
    endloop
  endfacet
  facet normal -8.328475e-17 2.344257e-02 9.997252e-01
    outer loop
      vertex   2.000000e+00 -3.350510e+01 6.563456e+02
      vertex   9.769963e-14 -3.336921e+01 6.563424e+02
      vertex   9.769963e-14 -3.350510e+01 6.563456e+02
    endloop
  endfacet
  facet normal -4.155088e-16 1.169553e-01 9.931372e-01
    outer loop
      vertex   2.000000e+00 -3.350510e+01 6.563456e+02
      vertex   9.769963e-14 -3.350510e+01 6.563456e+02
      vertex   2.000000e+00 -3.364010e+01 6.563615e+02
    endloop
  endfacet
  facet normal 0.000000e+00 1.169553e-01 9.931372e-01
    outer loop
      vertex   2.000000e+00 -3.364010e+01 6.563615e+02
      vertex   9.769963e-14 -3.350510e+01 6.563456e+02
      vertex   9.769963e-14 -3.364010e+01 6.563615e+02
    endloop
  endfacet
  facet normal 0.000000e+00 2.094403e-01 9.778214e-01
    outer loop
      vertex   2.000000e+00 -3.364010e+01 6.563615e+02
      vertex   9.769963e-14 -3.364010e+01 6.563615e+02
      vertex   2.000000e+00 -3.377301e+01 6.563899e+02
    endloop
  endfacet
  facet normal -1.488163e-15 2.094403e-01 9.778214e-01
    outer loop
      vertex   2.000000e+00 -3.377301e+01 6.563899e+02
      vertex   9.769963e-14 -3.364010e+01 6.563615e+02
      vertex   9.769963e-14 -3.377301e+01 6.563899e+02
    endloop
  endfacet
  facet normal -2.132230e-15 3.000846e-01 9.539126e-01
    outer loop
      vertex   2.000000e+00 -3.377301e+01 6.563899e+02
      vertex   9.769963e-14 -3.377301e+01 6.563899e+02
      vertex   2.000000e+00 -3.390268e+01 6.564307e+02
    endloop
  endfacet
  facet normal 0.000000e+00 3.000846e-01 9.539126e-01
    outer loop
      vertex   2.000000e+00 -3.390268e+01 6.564307e+02
      vertex   9.769963e-14 -3.377301e+01 6.563899e+02
      vertex   9.769963e-14 -3.390268e+01 6.564307e+02
    endloop
  endfacet
  facet normal 0.000000e+00 3.880919e-01 9.216207e-01
    outer loop
      vertex   2.000000e+00 -3.390268e+01 6.564307e+02
      vertex   9.769963e-14 -3.390268e+01 6.564307e+02
      vertex   2.000000e+00 -3.402795e+01 6.564835e+02
    endloop
  endfacet
  facet normal -4.136338e-15 3.880919e-01 9.216207e-01
    outer loop
      vertex   2.000000e+00 -3.402795e+01 6.564835e+02
      vertex   9.769963e-14 -3.390268e+01 6.564307e+02
      vertex   9.769963e-14 -3.402795e+01 6.564835e+02
    endloop
  endfacet
  facet normal -5.037981e-15 4.726885e-01 8.812296e-01
    outer loop
      vertex   2.000000e+00 -3.402795e+01 6.564835e+02
      vertex   9.769963e-14 -3.402795e+01 6.564835e+02
      vertex   2.000000e+00 -3.414774e+01 6.565477e+02
    endloop
  endfacet
  facet normal -1.679327e-15 4.726885e-01 8.812296e-01
    outer loop
      vertex   2.000000e+00 -3.414774e+01 6.565477e+02
      vertex   9.769963e-14 -3.402795e+01 6.564835e+02
      vertex   9.769963e-14 -3.414774e+01 6.565477e+02
    endloop
  endfacet
  facet normal -1.965117e-15 5.531312e-01 8.330942e-01
    outer loop
      vertex   2.000000e+00 -3.414774e+01 6.565477e+02
      vertex   9.769963e-14 -3.414774e+01 6.565477e+02
      vertex   2.000000e+00 -3.426098e+01 6.566229e+02
    endloop
  endfacet
  facet normal 0.000000e+00 5.531312e-01 8.330942e-01
    outer loop
      vertex   2.000000e+00 -3.426098e+01 6.566229e+02
      vertex   9.769963e-14 -3.414774e+01 6.565477e+02
      vertex   9.769963e-14 -3.426098e+01 6.566229e+02
    endloop
  endfacet
  facet normal 0.000000e+00 6.287129e-01 7.776375e-01
    outer loop
      vertex   2.000000e+00 -3.426098e+01 6.566229e+02
      vertex   9.769963e-14 -3.426098e+01 6.566229e+02
      vertex   2.000000e+00 -3.436668e+01 6.567084e+02
    endloop
  endfacet
  facet normal -6.700910e-15 6.287129e-01 7.776375e-01
    outer loop
      vertex   2.000000e+00 -3.436668e+01 6.567084e+02
      vertex   9.769963e-14 -3.426098e+01 6.566229e+02
      vertex   9.769963e-14 -3.436668e+01 6.567084e+02
    endloop
  endfacet
  facet normal -7.447583e-15 6.987694e-01 7.153470e-01
    outer loop
      vertex   2.000000e+00 -3.436668e+01 6.567084e+02
      vertex   9.769963e-14 -3.436668e+01 6.567084e+02
      vertex   2.000000e+00 -3.446392e+01 6.568034e+02
    endloop
  endfacet
  facet normal 4.965055e-15 6.987694e-01 7.153470e-01
    outer loop
      vertex   2.000000e+00 -3.446392e+01 6.568034e+02
      vertex   9.769963e-14 -3.436668e+01 6.567084e+02
      vertex   9.769963e-14 -3.446392e+01 6.568034e+02
    endloop
  endfacet
  facet normal 5.419204e-15 7.626852e-01 6.467699e-01
    outer loop
      vertex   2.000000e+00 -3.446392e+01 6.568034e+02
      vertex   9.769963e-14 -3.446392e+01 6.568034e+02
      vertex   2.000000e+00 -3.455184e+01 6.569070e+02
    endloop
  endfacet
  facet normal -2.709602e-15 7.626852e-01 6.467699e-01
    outer loop
      vertex   2.000000e+00 -3.455184e+01 6.569070e+02
      vertex   9.769963e-14 -3.446392e+01 6.568034e+02
      vertex   9.769963e-14 -3.455184e+01 6.569070e+02
    endloop
  endfacet
  facet normal -2.912864e-15 8.198984e-01 5.725090e-01
    outer loop
      vertex   2.000000e+00 -3.455184e+01 6.569070e+02
      vertex   9.769963e-14 -3.455184e+01 6.569070e+02
      vertex   2.000000e+00 -3.462966e+01 6.570185e+02
    endloop
  endfacet
  facet normal 5.825729e-15 8.198984e-01 5.725090e-01
    outer loop
      vertex   2.000000e+00 -3.462966e+01 6.570185e+02
      vertex   9.769963e-14 -3.455184e+01 6.569070e+02
      vertex   9.769963e-14 -3.462966e+01 6.570185e+02
    endloop
  endfacet
  facet normal 6.181057e-15 8.699064e-01 4.932169e-01
    outer loop
      vertex   2.000000e+00 -3.462966e+01 6.570185e+02
      vertex   9.769963e-14 -3.462966e+01 6.570185e+02
      vertex   2.000000e+00 -3.469670e+01 6.571367e+02
    endloop
  endfacet
  facet normal 6.181057e-15 8.699064e-01 4.932169e-01
    outer loop
      vertex   2.000000e+00 -3.469670e+01 6.571367e+02
      vertex   9.769963e-14 -3.462966e+01 6.570185e+02
      vertex   9.769963e-14 -3.469670e+01 6.571367e+02
    endloop
  endfacet
  facet normal 6.482065e-15 9.122696e-01 4.095904e-01
    outer loop
      vertex   2.000000e+00 -3.469670e+01 6.571367e+02
      vertex   9.769963e-14 -3.469670e+01 6.571367e+02
      vertex   2.000000e+00 -3.475238e+01 6.572607e+02
    endloop
  endfacet
  facet normal -3.241033e-15 9.122696e-01 4.095904e-01
    outer loop
      vertex   2.000000e+00 -3.475238e+01 6.572607e+02
      vertex   9.769963e-14 -3.469670e+01 6.571367e+02
      vertex   9.769963e-14 -3.475238e+01 6.572607e+02
    endloop
  endfacet
  facet normal -3.363054e-15 9.466157e-01 3.223643e-01
    outer loop
      vertex   2.000000e+00 -3.475238e+01 6.572607e+02
      vertex   9.769963e-14 -3.475238e+01 6.572607e+02
      vertex   2.000000e+00 -3.479619e+01 6.573894e+02
    endloop
  endfacet
  facet normal 3.363054e-15 9.466157e-01 3.223643e-01
    outer loop
      vertex   2.000000e+00 -3.479619e+01 6.573894e+02
      vertex   9.769963e-14 -3.475238e+01 6.572607e+02
      vertex   9.769963e-14 -3.479619e+01 6.573894e+02
    endloop
  endfacet
  facet normal 3.455522e-15 9.726429e-01 2.323054e-01
    outer loop
      vertex   2.000000e+00 -3.479619e+01 6.573894e+02
      vertex   9.769963e-14 -3.479619e+01 6.573894e+02
      vertex   2.000000e+00 -3.482777e+01 6.575216e+02
    endloop
  endfacet
  facet normal 3.455522e-15 9.726429e-01 2.323054e-01
    outer loop
      vertex   2.000000e+00 -3.482777e+01 6.575216e+02
      vertex   9.769963e-14 -3.479619e+01 6.573894e+02
      vertex   9.769963e-14 -3.482777e+01 6.575216e+02
    endloop
  endfacet
  facet normal 3.517622e-15 9.901225e-01 1.402049e-01
    outer loop
      vertex   2.000000e+00 -3.482777e+01 6.575216e+02
      vertex   9.769963e-14 -3.482777e+01 6.575216e+02
      vertex   2.000000e+00 -3.484683e+01 6.576562e+02
    endloop
  endfacet
  facet normal -3.517622e-15 9.901225e-01 1.402049e-01
    outer loop
      vertex   2.000000e+00 -3.484683e+01 6.576562e+02
      vertex   9.769963e-14 -3.482777e+01 6.575216e+02
      vertex   9.769963e-14 -3.484683e+01 6.576562e+02
    endloop
  endfacet
  facet normal 8.011663e-14 -9.063078e-01 -4.226183e-01
    outer loop
      vertex   -2.686364e+00 -3.969317e+01 6.592724e+02
      vertex   -2.000000e+00 -3.969317e+01 6.592724e+02
      vertex   -3.162446e+00 -4.083424e+01 6.617195e+02
    endloop
  endfacet
  facet normal -2.824901e-14 -9.063078e-01 -4.226183e-01
    outer loop
      vertex   -3.162446e+00 -4.083424e+01 6.617195e+02
      vertex   -2.000000e+00 -3.969317e+01 6.592724e+02
      vertex   2.000000e+00 -3.969317e+01 6.592724e+02
    endloop
  endfacet
  facet normal -7.127066e-15 -9.063078e-01 -4.226183e-01
    outer loop
      vertex   -3.162446e+00 -4.083424e+01 6.617195e+02
      vertex   2.000000e+00 -3.969317e+01 6.592724e+02
      vertex   3.162446e+00 -4.083424e+01 6.617195e+02
    endloop
  endfacet
  facet normal 1.083155e-13 -9.063078e-01 -4.226183e-01
    outer loop
      vertex   3.162446e+00 -4.083424e+01 6.617195e+02
      vertex   2.000000e+00 -3.969317e+01 6.592724e+02
      vertex   2.686364e+00 -3.969317e+01 6.592724e+02
    endloop
  endfacet
  facet normal -9.848078e-01 7.338689e-02 -1.573787e-01
    outer loop
      vertex   -2.686364e+00 -2.609855e+01 6.656117e+02
      vertex   -2.686364e+00 -3.969317e+01 6.592724e+02
      vertex   -3.162446e+00 -2.723962e+01 6.680587e+02
    endloop
  endfacet
  facet normal -9.848078e-01 7.338689e-02 -1.573787e-01
    outer loop
      vertex   -3.162446e+00 -2.723962e+01 6.680587e+02
      vertex   -2.686364e+00 -3.969317e+01 6.592724e+02
      vertex   -3.162446e+00 -4.083424e+01 6.617195e+02
    endloop
  endfacet
  facet normal 1.484188e-14 9.063078e-01 4.226183e-01
    outer loop
      vertex   2.686364e+00 -2.609855e+01 6.656117e+02
      vertex   -2.686364e+00 -2.609855e+01 6.656117e+02
      vertex   3.162446e+00 -2.723962e+01 6.680587e+02
    endloop
  endfacet
  facet normal -2.577015e-15 9.063078e-01 4.226183e-01
    outer loop
      vertex   3.162446e+00 -2.723962e+01 6.680587e+02
      vertex   -2.686364e+00 -2.609855e+01 6.656117e+02
      vertex   -3.162446e+00 -2.723962e+01 6.680587e+02
    endloop
  endfacet
  facet normal 9.848078e-01 7.338689e-02 -1.573787e-01
    outer loop
      vertex   2.686364e+00 -3.969317e+01 6.592724e+02
      vertex   2.686364e+00 -2.609855e+01 6.656117e+02
      vertex   3.162446e+00 -4.083424e+01 6.617195e+02
    endloop
  endfacet
  facet normal 9.848078e-01 7.338689e-02 -1.573787e-01
    outer loop
      vertex   3.162446e+00 -4.083424e+01 6.617195e+02
      vertex   2.686364e+00 -2.609855e+01 6.656117e+02
      vertex   3.162446e+00 -2.723962e+01 6.680587e+02
    endloop
  endfacet
  facet normal -2.201186e-13 4.226183e-01 -9.063078e-01
    outer loop
      vertex   -2.000000e+00 -3.969317e+01 6.592724e+02
      vertex   -2.686364e+00 -3.969317e+01 6.592724e+02
      vertex   -2.000000e+00 -2.766044e+01 6.648834e+02
    endloop
  endfacet
  facet normal -2.436237e-13 4.226183e-01 -9.063078e-01
    outer loop
      vertex   -2.000000e+00 -2.766044e+01 6.648834e+02
      vertex   -2.686364e+00 -3.969317e+01 6.592724e+02
      vertex   -2.686364e+00 -2.609855e+01 6.656117e+02
    endloop
  endfacet
  facet normal -6.311874e-14 4.226183e-01 -9.063078e-01
    outer loop
      vertex   -2.000000e+00 -2.766044e+01 6.648834e+02
      vertex   -2.686364e+00 -2.609855e+01 6.656117e+02
      vertex   2.686364e+00 -2.609855e+01 6.656117e+02
    endloop
  endfacet
  facet normal 0.000000e+00 4.226183e-01 -9.063078e-01
    outer loop
      vertex   -2.000000e+00 -2.766044e+01 6.648834e+02
      vertex   2.686364e+00 -2.609855e+01 6.656117e+02
      vertex   2.000000e+00 -2.766044e+01 6.648834e+02
    endloop
  endfacet
  facet normal -2.160176e-13 4.226183e-01 -9.063078e-01
    outer loop
      vertex   2.000000e+00 -2.766044e+01 6.648834e+02
      vertex   2.686364e+00 -2.609855e+01 6.656117e+02
      vertex   2.686364e+00 -3.969317e+01 6.592724e+02
    endloop
  endfacet
  facet normal -2.323613e-13 4.226183e-01 -9.063078e-01
    outer loop
      vertex   2.000000e+00 -2.766044e+01 6.648834e+02
      vertex   2.686364e+00 -3.969317e+01 6.592724e+02
      vertex   2.000000e+00 -3.969317e+01 6.592724e+02
    endloop
  endfacet
  facet normal -3.323406e-15 -4.226183e-01 9.063078e-01
    outer loop
      vertex   3.162446e+00 -4.083424e+01 6.617195e+02
      vertex   3.162446e+00 -2.723962e+01 6.680587e+02
      vertex   -3.162446e+00 -4.083424e+01 6.617195e+02
    endloop
  endfacet
  facet normal -2.368141e-13 -4.226183e-01 9.063078e-01
    outer loop
      vertex   -3.162446e+00 -4.083424e+01 6.617195e+02
      vertex   3.162446e+00 -2.723962e+01 6.680587e+02
      vertex   -3.162446e+00 -2.723962e+01 6.680587e+02
    endloop
  endfacet
  facet normal 0.000000e+00 4.482340e-01 -8.939163e-01
    outer loop
      vertex   -2.000000e+00 -2.766044e+01 6.648834e+02
      vertex   2.000000e+00 -2.766044e+01 6.648834e+02
      vertex   -2.000000e+00 -2.786391e+01 6.647814e+02
    endloop
  endfacet
  facet normal 0.000000e+00 4.482340e-01 -8.939163e-01
    outer loop
      vertex   -2.000000e+00 -2.786391e+01 6.647814e+02
      vertex   2.000000e+00 -2.766044e+01 6.648834e+02
      vertex   2.000000e+00 -2.786391e+01 6.647814e+02
    endloop
  endfacet
  facet normal 0.000000e+00 4.983562e-01 -8.669724e-01
    outer loop
      vertex   -2.000000e+00 -2.786391e+01 6.647814e+02
      vertex   2.000000e+00 -2.786391e+01 6.647814e+02
      vertex   -2.000000e+00 -2.806125e+01 6.646679e+02
    endloop
  endfacet
  facet normal 0.000000e+00 4.983562e-01 -8.669724e-01
    outer loop
      vertex   -2.000000e+00 -2.806125e+01 6.646679e+02
      vertex   2.000000e+00 -2.786391e+01 6.647814e+02
      vertex   2.000000e+00 -2.806125e+01 6.646679e+02
    endloop
  endfacet
  facet normal 0.000000e+00 5.468646e-01 -8.372211e-01
    outer loop
      vertex   -2.000000e+00 -2.806125e+01 6.646679e+02
      vertex   2.000000e+00 -2.806125e+01 6.646679e+02
      vertex   -2.000000e+00 -2.825182e+01 6.645434e+02
    endloop
  endfacet
  facet normal 0.000000e+00 5.468646e-01 -8.372211e-01
    outer loop
      vertex   -2.000000e+00 -2.825182e+01 6.645434e+02
      vertex   2.000000e+00 -2.806125e+01 6.646679e+02
      vertex   2.000000e+00 -2.825182e+01 6.645434e+02
    endloop
  endfacet
  facet normal 0.000000e+00 5.936021e-01 -8.047587e-01
    outer loop
      vertex   -2.000000e+00 -2.825182e+01 6.645434e+02
      vertex   2.000000e+00 -2.825182e+01 6.645434e+02
      vertex   -2.000000e+00 -2.843500e+01 6.644083e+02
    endloop
  endfacet
  facet normal 0.000000e+00 5.936021e-01 -8.047587e-01
    outer loop
      vertex   -2.000000e+00 -2.843500e+01 6.644083e+02
      vertex   2.000000e+00 -2.825182e+01 6.645434e+02
      vertex   2.000000e+00 -2.843500e+01 6.644083e+02
    endloop
  endfacet
  facet normal 0.000000e+00 6.384174e-01 -7.696903e-01
    outer loop
      vertex   -2.000000e+00 -2.843500e+01 6.644083e+02
      vertex   2.000000e+00 -2.843500e+01 6.644083e+02
      vertex   -2.000000e+00 -2.861020e+01 6.642630e+02
    endloop
  endfacet
  facet normal 0.000000e+00 6.384174e-01 -7.696903e-01
    outer loop
      vertex   -2.000000e+00 -2.861020e+01 6.642630e+02
      vertex   2.000000e+00 -2.843500e+01 6.644083e+02
      vertex   2.000000e+00 -2.861020e+01 6.642630e+02
    endloop
  endfacet
  facet normal 0.000000e+00 6.811654e-01 -7.321295e-01
    outer loop
      vertex   -2.000000e+00 -2.861020e+01 6.642630e+02
      vertex   2.000000e+00 -2.861020e+01 6.642630e+02
      vertex   -2.000000e+00 -2.877685e+01 6.641080e+02
    endloop
  endfacet
  facet normal 0.000000e+00 6.811654e-01 -7.321295e-01
    outer loop
      vertex   -2.000000e+00 -2.877685e+01 6.641080e+02
      vertex   2.000000e+00 -2.861020e+01 6.642630e+02
      vertex   2.000000e+00 -2.877685e+01 6.641080e+02
    endloop
  endfacet
  facet normal 0.000000e+00 7.217077e-01 -6.921979e-01
    outer loop
      vertex   -2.000000e+00 -2.877685e+01 6.641080e+02
      vertex   2.000000e+00 -2.877685e+01 6.641080e+02
      vertex   -2.000000e+00 -2.893441e+01 6.639437e+02
    endloop
  endfacet
  facet normal 0.000000e+00 7.217077e-01 -6.921979e-01
    outer loop
      vertex   -2.000000e+00 -2.893441e+01 6.639437e+02
      vertex   2.000000e+00 -2.877685e+01 6.641080e+02
      vertex   2.000000e+00 -2.893441e+01 6.639437e+02
    endloop
  endfacet
  facet normal 0.000000e+00 7.599129e-01 -6.500249e-01
    outer loop
      vertex   -2.000000e+00 -2.893441e+01 6.639437e+02
      vertex   2.000000e+00 -2.893441e+01 6.639437e+02
      vertex   -2.000000e+00 -2.908236e+01 6.637707e+02
    endloop
  endfacet
  facet normal 0.000000e+00 7.599129e-01 -6.500249e-01
    outer loop
      vertex   -2.000000e+00 -2.908236e+01 6.637707e+02
      vertex   2.000000e+00 -2.893441e+01 6.639437e+02
      vertex   2.000000e+00 -2.908236e+01 6.637707e+02
    endloop
  endfacet
  facet normal 0.000000e+00 7.956574e-01 -6.057469e-01
    outer loop
      vertex   -2.000000e+00 -2.908236e+01 6.637707e+02
      vertex   2.000000e+00 -2.908236e+01 6.637707e+02
      vertex   -2.000000e+00 -2.922025e+01 6.635896e+02
    endloop
  endfacet
  facet normal 0.000000e+00 7.956574e-01 -6.057469e-01
    outer loop
      vertex   -2.000000e+00 -2.922025e+01 6.635896e+02
      vertex   2.000000e+00 -2.908236e+01 6.637707e+02
      vertex   2.000000e+00 -2.922025e+01 6.635896e+02
    endloop
  endfacet
  facet normal 0.000000e+00 8.288253e-01 -5.595074e-01
    outer loop
      vertex   -2.000000e+00 -2.922025e+01 6.635896e+02
      vertex   2.000000e+00 -2.922025e+01 6.635896e+02
      vertex   -2.000000e+00 -2.934760e+01 6.634009e+02
    endloop
  endfacet
  facet normal 0.000000e+00 8.288253e-01 -5.595074e-01
    outer loop
      vertex   -2.000000e+00 -2.934760e+01 6.634009e+02
      vertex   2.000000e+00 -2.922025e+01 6.635896e+02
      vertex   2.000000e+00 -2.934760e+01 6.634009e+02
    endloop
  endfacet
  facet normal 0.000000e+00 8.593094e-01 -5.114561e-01
    outer loop
      vertex   -2.000000e+00 -2.934760e+01 6.634009e+02
      vertex   2.000000e+00 -2.934760e+01 6.634009e+02
      vertex   -2.000000e+00 -2.946402e+01 6.632054e+02
    endloop
  endfacet
  facet normal 0.000000e+00 8.593094e-01 -5.114561e-01
    outer loop
      vertex   -2.000000e+00 -2.946402e+01 6.632054e+02
      vertex   2.000000e+00 -2.934760e+01 6.634009e+02
      vertex   2.000000e+00 -2.946402e+01 6.632054e+02
    endloop
  endfacet
  facet normal 0.000000e+00 8.870108e-01 -4.617486e-01
    outer loop
      vertex   -2.000000e+00 -2.946402e+01 6.632054e+02
      vertex   2.000000e+00 -2.946402e+01 6.632054e+02
      vertex   -2.000000e+00 -2.956912e+01 6.630034e+02
    endloop
  endfacet
  facet normal 0.000000e+00 8.870108e-01 -4.617486e-01
    outer loop
      vertex   -2.000000e+00 -2.956912e+01 6.630034e+02
      vertex   2.000000e+00 -2.946402e+01 6.632054e+02
      vertex   2.000000e+00 -2.956912e+01 6.630034e+02
    endloop
  endfacet
  facet normal 0.000000e+00 9.118399e-01 -4.105459e-01
    outer loop
      vertex   -2.000000e+00 -2.956912e+01 6.630034e+02
      vertex   2.000000e+00 -2.956912e+01 6.630034e+02
      vertex   -2.000000e+00 -2.966257e+01 6.627959e+02
    endloop
  endfacet
  facet normal 0.000000e+00 9.118399e-01 -4.105459e-01
    outer loop
      vertex   -2.000000e+00 -2.966257e+01 6.627959e+02
      vertex   2.000000e+00 -2.956912e+01 6.630034e+02
      vertex   2.000000e+00 -2.966257e+01 6.627959e+02
    endloop
  endfacet
  facet normal 0.000000e+00 9.337163e-01 -3.580137e-01
    outer loop
      vertex   -2.000000e+00 -2.966257e+01 6.627959e+02
      vertex   2.000000e+00 -2.966257e+01 6.627959e+02
      vertex   -2.000000e+00 -2.974406e+01 6.625834e+02
    endloop
  endfacet
  facet normal 0.000000e+00 9.337163e-01 -3.580137e-01
    outer loop
      vertex   -2.000000e+00 -2.974406e+01 6.625834e+02
      vertex   2.000000e+00 -2.966257e+01 6.627959e+02
      vertex   2.000000e+00 -2.974406e+01 6.625834e+02
    endloop
  endfacet
  facet normal 0.000000e+00 9.525692e-01 -3.043222e-01
    outer loop
      vertex   -2.000000e+00 -2.974406e+01 6.625834e+02
      vertex   2.000000e+00 -2.974406e+01 6.625834e+02
      vertex   -2.000000e+00 -2.981333e+01 6.623665e+02
    endloop
  endfacet
  facet normal 0.000000e+00 9.525692e-01 -3.043222e-01
    outer loop
      vertex   -2.000000e+00 -2.981333e+01 6.623665e+02
      vertex   2.000000e+00 -2.974406e+01 6.625834e+02
      vertex   2.000000e+00 -2.981333e+01 6.623665e+02
    endloop
  endfacet
  facet normal 0.000000e+00 9.683374e-01 -2.496453e-01
    outer loop
      vertex   -2.000000e+00 -2.981333e+01 6.623665e+02
      vertex   2.000000e+00 -2.981333e+01 6.623665e+02
      vertex   -2.000000e+00 -2.987016e+01 6.621461e+02
    endloop
  endfacet
  facet normal 0.000000e+00 9.683374e-01 -2.496453e-01
    outer loop
      vertex   -2.000000e+00 -2.987016e+01 6.621461e+02
      vertex   2.000000e+00 -2.981333e+01 6.623665e+02
      vertex   2.000000e+00 -2.987016e+01 6.621461e+02
    endloop
  endfacet
  facet normal 0.000000e+00 9.809699e-01 -1.941599e-01
    outer loop
      vertex   -2.000000e+00 -2.987016e+01 6.621461e+02
      vertex   2.000000e+00 -2.987016e+01 6.621461e+02
      vertex   -2.000000e+00 -2.991435e+01 6.619228e+02
    endloop
  endfacet
  facet normal 0.000000e+00 9.809699e-01 -1.941599e-01
    outer loop
      vertex   -2.000000e+00 -2.991435e+01 6.619228e+02
      vertex   2.000000e+00 -2.987016e+01 6.621461e+02
      vertex   2.000000e+00 -2.991435e+01 6.619228e+02
    endloop
  endfacet
  facet normal 0.000000e+00 9.904258e-01 -1.380458e-01
    outer loop
      vertex   -2.000000e+00 -2.991435e+01 6.619228e+02
      vertex   2.000000e+00 -2.991435e+01 6.619228e+02
      vertex   -2.000000e+00 -2.994577e+01 6.616974e+02
    endloop
  endfacet
  facet normal 0.000000e+00 9.904258e-01 -1.380458e-01
    outer loop
      vertex   -2.000000e+00 -2.994577e+01 6.616974e+02
      vertex   2.000000e+00 -2.991435e+01 6.619228e+02
      vertex   2.000000e+00 -2.994577e+01 6.616974e+02
    endloop
  endfacet
  facet normal 0.000000e+00 9.966746e-01 -8.148473e-02
    outer loop
      vertex   -2.000000e+00 -2.994577e+01 6.616974e+02
      vertex   2.000000e+00 -2.994577e+01 6.616974e+02
      vertex   -2.000000e+00 -2.996432e+01 6.614705e+02
    endloop
  endfacet
  facet normal 0.000000e+00 9.966746e-01 -8.148473e-02
    outer loop
      vertex   -2.000000e+00 -2.996432e+01 6.614705e+02
      vertex   2.000000e+00 -2.994577e+01 6.616974e+02
      vertex   2.000000e+00 -2.996432e+01 6.614705e+02
    endloop
  endfacet
  facet normal 0.000000e+00 9.996959e-01 -2.465976e-02
    outer loop
      vertex   -2.000000e+00 -2.996432e+01 6.614705e+02
      vertex   2.000000e+00 -2.996432e+01 6.614705e+02
      vertex   -2.000000e+00 -2.996994e+01 6.612430e+02
    endloop
  endfacet
  facet normal 0.000000e+00 9.996959e-01 -2.465976e-02
    outer loop
      vertex   -2.000000e+00 -2.996994e+01 6.612430e+02
      vertex   2.000000e+00 -2.996432e+01 6.614705e+02
      vertex   2.000000e+00 -2.996994e+01 6.612430e+02
    endloop
  endfacet
  facet normal -0.000000e+00 9.994800e-01 3.224506e-02
    outer loop
      vertex   -2.000000e+00 -2.996994e+01 6.612430e+02
      vertex   2.000000e+00 -2.996994e+01 6.612430e+02
      vertex   -2.000000e+00 -2.996260e+01 6.610155e+02
    endloop
  endfacet
  facet normal -0.000000e+00 9.994800e-01 3.224506e-02
    outer loop
      vertex   -2.000000e+00 -2.996260e+01 6.610155e+02
      vertex   2.000000e+00 -2.996994e+01 6.612430e+02
      vertex   2.000000e+00 -2.996260e+01 6.610155e+02
    endloop
  endfacet
  facet normal -0.000000e+00 9.960276e-01 8.904546e-02
    outer loop
      vertex   -2.000000e+00 -2.996260e+01 6.610155e+02
      vertex   2.000000e+00 -2.996260e+01 6.610155e+02
      vertex   -2.000000e+00 -2.994233e+01 6.607888e+02
    endloop
  endfacet
  facet normal -0.000000e+00 9.960276e-01 8.904546e-02
    outer loop
      vertex   -2.000000e+00 -2.994233e+01 6.607888e+02
      vertex   2.000000e+00 -2.996260e+01 6.610155e+02
      vertex   2.000000e+00 -2.994233e+01 6.607888e+02
    endloop
  endfacet
  facet normal -0.000000e+00 9.893498e-01 1.455575e-01
    outer loop
      vertex   -2.000000e+00 -2.994233e+01 6.607888e+02
      vertex   2.000000e+00 -2.994233e+01 6.607888e+02
      vertex   -2.000000e+00 -2.990920e+01 6.605636e+02
    endloop
  endfacet
  facet normal -0.000000e+00 9.893498e-01 1.455575e-01
    outer loop
      vertex   -2.000000e+00 -2.990920e+01 6.605636e+02
      vertex   2.000000e+00 -2.994233e+01 6.607888e+02
      vertex   2.000000e+00 -2.990920e+01 6.605636e+02
    endloop
  endfacet
  facet normal 0.000000e+00 9.848078e-01 1.736482e-01
    outer loop
      vertex   2.000000e+00 -2.990920e+01 6.605636e+02
      vertex   2.000000e+00 -2.967691e+01 6.592462e+02
      vertex   -2.000000e+00 -2.990920e+01 6.605636e+02
    endloop
  endfacet
  facet normal 2.946334e-15 9.848078e-01 1.736482e-01
    outer loop
      vertex   -2.000000e+00 -2.990920e+01 6.605636e+02
      vertex   2.000000e+00 -2.967691e+01 6.592462e+02
      vertex   -2.000000e+00 -2.967691e+01 6.592462e+02
    endloop
  endfacet
  facet normal -1.575008e-14 -7.660444e-01 -6.427876e-01
    outer loop
      vertex   -2.000000e+00 -3.969317e+01 6.592724e+02
      vertex   -2.000000e+00 -3.702336e+01 6.560907e+02
      vertex   2.000000e+00 -3.969317e+01 6.592724e+02
    endloop
  endfacet
  facet normal -1.389957e-15 -7.660444e-01 -6.427876e-01
    outer loop
      vertex   2.000000e+00 -3.969317e+01 6.592724e+02
      vertex   -2.000000e+00 -3.702336e+01 6.560907e+02
      vertex   2.000000e+00 -3.702336e+01 6.560907e+02
    endloop
  endfacet
endsolid
