solid ASCII
  facet normal 6.123724e-01 3.535534e-01 -7.071068e-01
    outer loop
      vertex   -5.575247e+00 1.281943e+02 2.415000e+02
      vertex   -4.997897e+00 1.281943e+02 2.420000e+02
      vertex   -3.641123e+00 1.248443e+02 2.415000e+02
    endloop
  endfacet
  facet normal 6.123724e-01 3.535534e-01 -7.071068e-01
    outer loop
      vertex   -3.641123e+00 1.248443e+02 2.415000e+02
      vertex   -4.997897e+00 1.281943e+02 2.420000e+02
      vertex   -3.352448e+00 1.253443e+02 2.420000e+02
    endloop
  endfacet
  facet normal 6.123724e-01 -3.535534e-01 -7.071068e-01
    outer loop
      vertex   -5.575247e+00 1.281943e+02 2.415000e+02
      vertex   -3.641123e+00 1.315443e+02 2.415000e+02
      vertex   -4.997897e+00 1.281943e+02 2.420000e+02
    endloop
  endfacet
  facet normal 6.123724e-01 -3.535534e-01 -7.071068e-01
    outer loop
      vertex   -4.997897e+00 1.281943e+02 2.420000e+02
      vertex   -3.641123e+00 1.315443e+02 2.415000e+02
      vertex   -3.352448e+00 1.310443e+02 2.420000e+02
    endloop
  endfacet
  facet normal 0.000000e+00 -7.071068e-01 -7.071068e-01
    outer loop
      vertex   -3.641123e+00 1.315443e+02 2.415000e+02
      vertex   2.271234e-01 1.315443e+02 2.415000e+02
      vertex   -3.352448e+00 1.310443e+02 2.420000e+02
    endloop
  endfacet
  facet normal 0.000000e+00 -7.071068e-01 -7.071068e-01
    outer loop
      vertex   -3.352448e+00 1.310443e+02 2.420000e+02
      vertex   2.271234e-01 1.315443e+02 2.415000e+02
      vertex   -6.155173e-02 1.310443e+02 2.420000e+02
    endloop
  endfacet
  facet normal -6.123724e-01 -3.535534e-01 -7.071068e-01
    outer loop
      vertex   2.161247e+00 1.281943e+02 2.415000e+02
      vertex   1.583897e+00 1.281943e+02 2.420000e+02
      vertex   2.271234e-01 1.315443e+02 2.415000e+02
    endloop
  endfacet
  facet normal -6.123724e-01 -3.535534e-01 -7.071068e-01
    outer loop
      vertex   2.271234e-01 1.315443e+02 2.415000e+02
      vertex   1.583897e+00 1.281943e+02 2.420000e+02
      vertex   -6.155173e-02 1.310443e+02 2.420000e+02
    endloop
  endfacet
  facet normal -6.123724e-01 3.535534e-01 -7.071068e-01
    outer loop
      vertex   -6.155173e-02 1.253443e+02 2.420000e+02
      vertex   1.583897e+00 1.281943e+02 2.420000e+02
      vertex   2.271234e-01 1.248443e+02 2.415000e+02
    endloop
  endfacet
  facet normal -6.123724e-01 3.535534e-01 -7.071068e-01
    outer loop
      vertex   2.271234e-01 1.248443e+02 2.415000e+02
      vertex   1.583897e+00 1.281943e+02 2.420000e+02
      vertex   2.161247e+00 1.281943e+02 2.415000e+02
    endloop
  endfacet
  facet normal 0.000000e+00 7.071068e-01 -7.071068e-01
    outer loop
      vertex   -3.352448e+00 1.253443e+02 2.420000e+02
      vertex   -6.155173e-02 1.253443e+02 2.420000e+02
      vertex   -3.641123e+00 1.248443e+02 2.415000e+02
    endloop
  endfacet
  facet normal 0.000000e+00 7.071068e-01 -7.071068e-01
    outer loop
      vertex   -3.641123e+00 1.248443e+02 2.415000e+02
      vertex   -6.155173e-02 1.253443e+02 2.420000e+02
      vertex   2.271234e-01 1.248443e+02 2.415000e+02
    endloop
  endfacet
  facet normal -8.660254e-01 5.000000e-01 0.000000e+00
    outer loop
      vertex   1.583897e+00 1.281943e+02 2.420000e+02
      vertex   -6.155173e-02 1.253443e+02 2.420000e+02
      vertex   1.583897e+00 1.281943e+02 2.440000e+02
    endloop
  endfacet
  facet normal -8.660254e-01 5.000000e-01 0.000000e+00
    outer loop
      vertex   1.583897e+00 1.281943e+02 2.440000e+02
      vertex   -6.155173e-02 1.253443e+02 2.420000e+02
      vertex   -6.155173e-02 1.253443e+02 2.440000e+02
    endloop
  endfacet
  facet normal 0.000000e+00 1.000000e+00 -0.000000e+00
    outer loop
      vertex   -6.155173e-02 1.253443e+02 2.420000e+02
      vertex   -3.352448e+00 1.253443e+02 2.420000e+02
      vertex   -6.155173e-02 1.253443e+02 2.440000e+02
    endloop
  endfacet
  facet normal 0.000000e+00 1.000000e+00 0.000000e+00
    outer loop
      vertex   -6.155173e-02 1.253443e+02 2.440000e+02
      vertex   -3.352448e+00 1.253443e+02 2.420000e+02
      vertex   -3.352448e+00 1.253443e+02 2.440000e+02
    endloop
  endfacet
  facet normal 8.660254e-01 5.000000e-01 -0.000000e+00
    outer loop
      vertex   -3.352448e+00 1.253443e+02 2.420000e+02
      vertex   -4.997897e+00 1.281943e+02 2.420000e+02
      vertex   -3.352448e+00 1.253443e+02 2.440000e+02
    endloop
  endfacet
  facet normal 8.660254e-01 5.000000e-01 0.000000e+00
    outer loop
      vertex   -3.352448e+00 1.253443e+02 2.440000e+02
      vertex   -4.997897e+00 1.281943e+02 2.420000e+02
      vertex   -4.997897e+00 1.281943e+02 2.440000e+02
    endloop
  endfacet
  facet normal 0.000000e+00 0.000000e+00 -1.000000e+00
    outer loop
      vertex   3.431417e+00 1.281943e+02 2.415000e+02
      vertex   8.622087e-01 1.237443e+02 2.415000e+02
      vertex   2.271234e-01 1.248443e+02 2.415000e+02
    endloop
  endfacet
  facet normal 0.000000e+00 -0.000000e+00 -1.000000e+00
    outer loop
      vertex   2.271234e-01 1.248443e+02 2.415000e+02
      vertex   8.622087e-01 1.237443e+02 2.415000e+02
      vertex   -4.276209e+00 1.237443e+02 2.415000e+02
    endloop
  endfacet
  facet normal -0.000000e+00 0.000000e+00 -1.000000e+00
    outer loop
      vertex   2.271234e-01 1.248443e+02 2.415000e+02
      vertex   -4.276209e+00 1.237443e+02 2.415000e+02
      vertex   -3.641123e+00 1.248443e+02 2.415000e+02
    endloop
  endfacet
  facet normal -0.000000e+00 0.000000e+00 -1.000000e+00
    outer loop
      vertex   -3.641123e+00 1.248443e+02 2.415000e+02
      vertex   -4.276209e+00 1.237443e+02 2.415000e+02
      vertex   -6.845417e+00 1.281943e+02 2.415000e+02
    endloop
  endfacet
  facet normal 0.000000e+00 0.000000e+00 -1.000000e+00
    outer loop
      vertex   -3.641123e+00 1.248443e+02 2.415000e+02
      vertex   -6.845417e+00 1.281943e+02 2.415000e+02
      vertex   -5.575247e+00 1.281943e+02 2.415000e+02
    endloop
  endfacet
  facet normal 0.000000e+00 0.000000e+00 -1.000000e+00
    outer loop
      vertex   -5.575247e+00 1.281943e+02 2.415000e+02
      vertex   -6.845417e+00 1.281943e+02 2.415000e+02
      vertex   -3.641123e+00 1.315443e+02 2.415000e+02
    endloop
  endfacet
  facet normal -0.000000e+00 0.000000e+00 -1.000000e+00
    outer loop
      vertex   -3.641123e+00 1.315443e+02 2.415000e+02
      vertex   -6.845417e+00 1.281943e+02 2.415000e+02
      vertex   -4.276209e+00 1.326443e+02 2.415000e+02
    endloop
  endfacet
  facet normal 0.000000e+00 0.000000e+00 -1.000000e+00
    outer loop
      vertex   -3.641123e+00 1.315443e+02 2.415000e+02
      vertex   -4.276209e+00 1.326443e+02 2.415000e+02
      vertex   8.622087e-01 1.326443e+02 2.415000e+02
    endloop
  endfacet
  facet normal 0.000000e+00 0.000000e+00 -1.000000e+00
    outer loop
      vertex   -3.641123e+00 1.315443e+02 2.415000e+02
      vertex   8.622087e-01 1.326443e+02 2.415000e+02
      vertex   2.271234e-01 1.315443e+02 2.415000e+02
    endloop
  endfacet
  facet normal 0.000000e+00 0.000000e+00 -1.000000e+00
    outer loop
      vertex   2.271234e-01 1.315443e+02 2.415000e+02
      vertex   8.622087e-01 1.326443e+02 2.415000e+02
      vertex   3.431417e+00 1.281943e+02 2.415000e+02
    endloop
  endfacet
  facet normal 0.000000e+00 0.000000e+00 -1.000000e+00
    outer loop
      vertex   2.271234e-01 1.315443e+02 2.415000e+02
      vertex   3.431417e+00 1.281943e+02 2.415000e+02
      vertex   2.161247e+00 1.281943e+02 2.415000e+02
    endloop
  endfacet
  facet normal 0.000000e+00 -0.000000e+00 -1.000000e+00
    outer loop
      vertex   2.161247e+00 1.281943e+02 2.415000e+02
      vertex   3.431417e+00 1.281943e+02 2.415000e+02
      vertex   2.271234e-01 1.248443e+02 2.415000e+02
    endloop
  endfacet
  facet normal 2.125333e-02 -1.227061e-02 -9.996988e-01
    outer loop
      vertex   5.394408e+00 1.281943e+02 2.440000e+02
      vertex   1.843704e+00 1.220443e+02 2.440000e+02
      vertex   5.298089e+00 1.281943e+02 2.439980e+02
    endloop
  endfacet
  facet normal 5.057639e-02 -2.874058e-02 -9.983066e-01
    outer loop
      vertex   5.298089e+00 1.281943e+02 2.439980e+02
      vertex   1.843704e+00 1.220443e+02 2.440000e+02
      vertex   4.074999e+00 1.262227e+02 2.439927e+02
    endloop
  endfacet
  facet normal 6.370853e-02 -3.688996e-02 -9.972865e-01
    outer loop
      vertex   5.298089e+00 1.281943e+02 2.439980e+02
      vertex   4.074999e+00 1.262227e+02 2.439927e+02
      vertex   5.202002e+00 1.281943e+02 2.439918e+02
    endloop
  endfacet
  facet normal 1.060116e-01 -6.106927e-02 -9.924878e-01
    outer loop
      vertex   5.202002e+00 1.281943e+02 2.439918e+02
      vertex   4.074999e+00 1.262227e+02 2.439927e+02
      vertex   5.106378e+00 1.281943e+02 2.439816e+02
    endloop
  endfacet
  facet normal 1.200405e-01 -6.839637e-02 -9.904101e-01
    outer loop
      vertex   5.106378e+00 1.281943e+02 2.439816e+02
      vertex   4.074999e+00 1.262227e+02 2.439927e+02
      vertex   3.940316e+00 1.263005e+02 2.439711e+02
    endloop
  endfacet
  facet normal 1.480549e-01 -8.567410e-02 -9.852612e-01
    outer loop
      vertex   5.106378e+00 1.281943e+02 2.439816e+02
      vertex   3.940316e+00 1.263005e+02 2.439711e+02
      vertex   5.011448e+00 1.281943e+02 2.439673e+02
    endloop
  endfacet
  facet normal 1.897538e-01 -1.092401e-01 -9.757357e-01
    outer loop
      vertex   5.011448e+00 1.281943e+02 2.439673e+02
      vertex   3.940316e+00 1.263005e+02 2.439711e+02
      vertex   4.917440e+00 1.281943e+02 2.439491e+02
    endloop
  endfacet
  facet normal 1.986614e-01 -1.138093e-01 -9.734378e-01
    outer loop
      vertex   4.917440e+00 1.281943e+02 2.439491e+02
      vertex   3.940316e+00 1.263005e+02 2.439711e+02
      vertex   3.807942e+00 1.263769e+02 2.439351e+02
    endloop
  endfacet
  facet normal 2.309721e-01 -1.336091e-01 -9.637430e-01
    outer loop
      vertex   4.917440e+00 1.281943e+02 2.439491e+02
      vertex   3.807942e+00 1.263769e+02 2.439351e+02
      vertex   4.824582e+00 1.281943e+02 2.439268e+02
    endloop
  endfacet
  facet normal 2.716792e-01 -1.563160e-01 -9.496082e-01
    outer loop
      vertex   4.824582e+00 1.281943e+02 2.439268e+02
      vertex   3.807942e+00 1.263769e+02 2.439351e+02
      vertex   4.733097e+00 1.281943e+02 2.439006e+02
    endloop
  endfacet
  facet normal 2.755755e-01 -1.582719e-01 -9.481604e-01
    outer loop
      vertex   4.733097e+00 1.281943e+02 2.439006e+02
      vertex   3.807942e+00 1.263769e+02 2.439351e+02
      vertex   3.679005e+00 1.264513e+02 2.438852e+02
    endloop
  endfacet
  facet normal 3.116618e-01 -1.802308e-01 -9.329436e-01
    outer loop
      vertex   4.733097e+00 1.281943e+02 2.439006e+02
      vertex   3.679005e+00 1.264513e+02 2.438852e+02
      vertex   4.643204e+00 1.281943e+02 2.438706e+02
    endloop
  endfacet
  facet normal 3.501473e-01 -2.013689e-01 -9.147937e-01
    outer loop
      vertex   4.643204e+00 1.281943e+02 2.438706e+02
      vertex   3.679005e+00 1.264513e+02 2.438852e+02
      vertex   3.554605e+00 1.265232e+02 2.438218e+02
    endloop
  endfacet
  facet normal 3.509998e-01 -2.019374e-01 -9.143415e-01
    outer loop
      vertex   4.643204e+00 1.281943e+02 2.438706e+02
      vertex   3.554605e+00 1.265232e+02 2.438218e+02
      vertex   4.555122e+00 1.281943e+02 2.438368e+02
    endloop
  endfacet
  facet normal 3.893488e-01 -2.250875e-01 -8.931647e-01
    outer loop
      vertex   4.555122e+00 1.281943e+02 2.438368e+02
      vertex   3.554605e+00 1.265232e+02 2.438218e+02
      vertex   4.469061e+00 1.281943e+02 2.437993e+02
    endloop
  endfacet
  facet normal 4.218210e-01 -2.425933e-01 -8.736221e-01
    outer loop
      vertex   4.469061e+00 1.281943e+02 2.437993e+02
      vertex   3.554605e+00 1.265232e+02 2.438218e+02
      vertex   3.435804e+00 1.265918e+02 2.437454e+02
    endloop
  endfacet
  facet normal 4.269135e-01 -2.459922e-01 -8.701912e-01
    outer loop
      vertex   4.469061e+00 1.281943e+02 2.437993e+02
      vertex   3.435804e+00 1.265918e+02 2.437454e+02
      vertex   4.385229e+00 1.281943e+02 2.437581e+02
    endloop
  endfacet
  facet normal 4.632886e-01 -2.677451e-01 -8.447936e-01
    outer loop
      vertex   4.385229e+00 1.281943e+02 2.437581e+02
      vertex   3.435804e+00 1.265918e+02 2.437454e+02
      vertex   4.303829e+00 1.281943e+02 2.437135e+02
    endloop
  endfacet
  facet normal 4.898890e-01 -2.817597e-01 -8.249971e-01
    outer loop
      vertex   4.303829e+00 1.281943e+02 2.437135e+02
      vertex   3.435804e+00 1.265918e+02 2.437454e+02
      vertex   3.323616e+00 1.266565e+02 2.436566e+02
    endloop
  endfacet
  facet normal 4.987042e-01 -2.876505e-01 -8.176499e-01
    outer loop
      vertex   4.303829e+00 1.281943e+02 2.437135e+02
      vertex   3.323616e+00 1.266565e+02 2.436566e+02
      vertex   4.225056e+00 1.281943e+02 2.436655e+02
    endloop
  endfacet
  facet normal 5.327745e-01 -3.077910e-01 -7.882995e-01
    outer loop
      vertex   4.225056e+00 1.281943e+02 2.436655e+02
      vertex   3.323616e+00 1.266565e+02 2.436566e+02
      vertex   4.149100e+00 1.281943e+02 2.436141e+02
    endloop
  endfacet
  facet normal 5.537691e-01 -3.185368e-01 -7.693336e-01
    outer loop
      vertex   4.149100e+00 1.281943e+02 2.436141e+02
      vertex   3.323616e+00 1.266565e+02 2.436566e+02
      vertex   3.218996e+00 1.267169e+02 2.435563e+02
    endloop
  endfacet
  facet normal 5.656802e-01 -3.265093e-01 -7.572302e-01
    outer loop
      vertex   4.149100e+00 1.281943e+02 2.436141e+02
      vertex   3.218996e+00 1.267169e+02 2.435563e+02
      vertex   4.076144e+00 1.281943e+02 2.435596e+02
    endloop
  endfacet
  facet normal 5.971438e-01 -3.448379e-01 -7.242279e-01
    outer loop
      vertex   4.076144e+00 1.281943e+02 2.435596e+02
      vertex   3.218996e+00 1.267169e+02 2.435563e+02
      vertex   4.006364e+00 1.281943e+02 2.435021e+02
    endloop
  endfacet
  facet normal 6.129142e-01 -3.526143e-01 -7.071064e-01
    outer loop
      vertex   4.006364e+00 1.281943e+02 2.435021e+02
      vertex   3.218996e+00 1.267169e+02 2.435563e+02
      vertex   3.122839e+00 1.267724e+02 2.434453e+02
    endloop
  endfacet
  facet normal 6.271983e-01 -3.621928e-01 -6.895206e-01
    outer loop
      vertex   4.006364e+00 1.281943e+02 2.435021e+02
      vertex   3.122839e+00 1.267724e+02 2.434453e+02
      vertex   3.939928e+00 1.281943e+02 2.434417e+02
    endloop
  endfacet
  facet normal 6.557844e-01 -3.785276e-01 -6.531950e-01
    outer loop
      vertex   3.939928e+00 1.281943e+02 2.434417e+02
      vertex   3.122839e+00 1.267724e+02 2.434453e+02
      vertex   3.876996e+00 1.281943e+02 2.433785e+02
    endloop
  endfacet
  facet normal 6.668174e-01 -3.837053e-01 -6.388464e-01
    outer loop
      vertex   3.876996e+00 1.281943e+02 2.433785e+02
      vertex   3.122839e+00 1.267724e+02 2.434453e+02
      vertex   3.035965e+00 1.268226e+02 2.433245e+02
    endloop
  endfacet
  facet normal 6.826696e-01 -3.943565e-01 -6.151790e-01
    outer loop
      vertex   3.876996e+00 1.281943e+02 2.433785e+02
      vertex   3.035965e+00 1.268226e+02 2.433245e+02
      vertex   3.817719e+00 1.281943e+02 2.433127e+02
    endloop
  endfacet
  facet normal 7.081389e-01 -4.085342e-01 -5.758811e-01
    outer loop
      vertex   3.817719e+00 1.281943e+02 2.433127e+02
      vertex   3.035965e+00 1.268226e+02 2.433245e+02
      vertex   3.762241e+00 1.281943e+02 2.432445e+02
    endloop
  endfacet
  facet normal 7.150165e-01 -4.115490e-01 -5.651361e-01
    outer loop
      vertex   3.762241e+00 1.281943e+02 2.432445e+02
      vertex   3.035965e+00 1.268226e+02 2.433245e+02
      vertex   2.959114e+00 1.268670e+02 2.431949e+02
    endloop
  endfacet
  facet normal 7.315656e-01 -4.226899e-01 -5.349252e-01
    outer loop
      vertex   3.762241e+00 1.281943e+02 2.432445e+02
      vertex   2.959114e+00 1.268670e+02 2.431949e+02
      vertex   3.710695e+00 1.281943e+02 2.431740e+02
    endloop
  endfacet
  facet normal 7.537099e-01 -4.345672e-01 -4.930241e-01
    outer loop
      vertex   3.710695e+00 1.281943e+02 2.431740e+02
      vertex   2.959114e+00 1.268670e+02 2.431949e+02
      vertex   3.663205e+00 1.281943e+02 2.431014e+02
    endloop
  endfacet
  facet normal 7.570979e-01 -4.359119e-01 -4.866042e-01
    outer loop
      vertex   3.663205e+00 1.281943e+02 2.431014e+02
      vertex   2.959114e+00 1.268670e+02 2.431949e+02
      vertex   2.892942e+00 1.269052e+02 2.430578e+02
    endloop
  endfacet
  facet normal 7.734220e-01 -4.469201e-01 -4.495340e-01
    outer loop
      vertex   3.663205e+00 1.281943e+02 2.431014e+02
      vertex   2.892942e+00 1.269052e+02 2.430578e+02
      vertex   3.619886e+00 1.281943e+02 2.430268e+02
    endloop
  endfacet
  facet normal 7.920629e-01 -4.563740e-01 -4.054123e-01
    outer loop
      vertex   3.619886e+00 1.281943e+02 2.430268e+02
      vertex   2.892942e+00 1.269052e+02 2.430578e+02
      vertex   3.580841e+00 1.281943e+02 2.429506e+02
    endloop
  endfacet
  facet normal 7.927002e-01 -4.565900e-01 -4.039208e-01
    outer loop
      vertex   3.580841e+00 1.281943e+02 2.429506e+02
      vertex   2.892942e+00 1.269052e+02 2.430578e+02
      vertex   2.838014e+00 1.269369e+02 2.429141e+02
    endloop
  endfacet
  facet normal 8.078425e-01 -4.668138e-01 -3.598269e-01
    outer loop
      vertex   3.580841e+00 1.281943e+02 2.429506e+02
      vertex   2.838014e+00 1.269369e+02 2.429141e+02
      vertex   3.546166e+00 1.281943e+02 2.428727e+02
    endloop
  endfacet
  facet normal 8.216390e-01 -4.731998e-01 -3.177913e-01
    outer loop
      vertex   3.546166e+00 1.281943e+02 2.428727e+02
      vertex   2.838014e+00 1.269369e+02 2.429141e+02
      vertex   2.794799e+00 1.269618e+02 2.427652e+02
    endloop
  endfacet
  facet normal 8.226252e-01 -4.741492e-01 -3.137999e-01
    outer loop
      vertex   3.546166e+00 1.281943e+02 2.428727e+02
      vertex   2.794799e+00 1.269618e+02 2.427652e+02
      vertex   3.515943e+00 1.281943e+02 2.427935e+02
    endloop
  endfacet
  facet normal 8.345019e-01 -4.821793e-01 -2.666640e-01
    outer loop
      vertex   3.515943e+00 1.281943e+02 2.427935e+02
      vertex   2.794799e+00 1.269618e+02 2.427652e+02
      vertex   3.490246e+00 1.281943e+02 2.427131e+02
    endloop
  endfacet
  facet normal 8.435999e-01 -4.857170e-01 -2.289504e-01
    outer loop
      vertex   3.490246e+00 1.281943e+02 2.427131e+02
      vertex   2.794799e+00 1.269618e+02 2.427652e+02
      vertex   2.763665e+00 1.269798e+02 2.426124e+02
    endloop
  endfacet
  facet normal 8.451848e-01 -4.874775e-01 -2.191536e-01
    outer loop
      vertex   3.490246e+00 1.281943e+02 2.427131e+02
      vertex   2.763665e+00 1.269798e+02 2.426124e+02
      vertex   3.469136e+00 1.281943e+02 2.426317e+02
    endloop
  endfacet
  facet normal 8.531479e-01 -4.928686e-01 -1.709363e-01
    outer loop
      vertex   3.469136e+00 1.281943e+02 2.426317e+02
      vertex   2.763665e+00 1.269798e+02 2.426124e+02
      vertex   3.452664e+00 1.281943e+02 2.425494e+02
    endloop
  endfacet
  facet normal 8.583466e-01 -4.941193e-01 -1.381562e-01
    outer loop
      vertex   3.452664e+00 1.281943e+02 2.425494e+02
      vertex   2.763665e+00 1.269798e+02 2.426124e+02
      vertex   2.744877e+00 1.269907e+02 2.424569e+02
    endloop
  endfacet
  facet normal 8.596079e-01 -4.960711e-01 -1.224243e-01
    outer loop
      vertex   3.452664e+00 1.281943e+02 2.425494e+02
      vertex   2.744877e+00 1.269907e+02 2.424569e+02
      vertex   3.440870e+00 1.281943e+02 2.424666e+02
    endloop
  endfacet
  facet normal 8.636028e-01 -4.987779e-01 -7.355808e-02
    outer loop
      vertex   3.440870e+00 1.281943e+02 2.424666e+02
      vertex   2.744877e+00 1.269907e+02 2.424569e+02
      vertex   3.433782e+00 1.281943e+02 2.423834e+02
    endloop
  endfacet
  facet normal 8.669862e-01 -4.977257e-01 -2.457586e-02
    outer loop
      vertex   3.433782e+00 1.281943e+02 2.423834e+02
      vertex   2.744877e+00 1.269907e+02 2.424569e+02
      vertex   3.431417e+00 1.281943e+02 2.423000e+02
    endloop
  endfacet
  facet normal 8.651013e-01 -4.994665e-01 -4.618346e-02
    outer loop
      vertex   3.431417e+00 1.281943e+02 2.423000e+02
      vertex   2.744877e+00 1.269907e+02 2.424569e+02
      vertex   1.561309e+00 1.249407e+02 2.424569e+02
    endloop
  endfacet
  facet normal 8.641836e-01 -4.995998e-01 -5.988987e-02
    outer loop
      vertex   3.431417e+00 1.281943e+02 2.423000e+02
      vertex   1.561309e+00 1.249407e+02 2.424569e+02
      vertex   8.633910e-01 1.237422e+02 2.423834e+02
    endloop
  endfacet
  facet normal 8.637557e-01 -4.985130e-01 -7.355808e-02
    outer loop
      vertex   8.633910e-01 1.237422e+02 2.423834e+02
      vertex   1.561309e+00 1.249407e+02 2.424569e+02
      vertex   8.669349e-01 1.237361e+02 2.424666e+02
    endloop
  endfacet
  facet normal 8.594141e-01 -4.964067e-01 -1.224243e-01
    outer loop
      vertex   8.669349e-01 1.237361e+02 2.424666e+02
      vertex   1.561309e+00 1.249407e+02 2.424569e+02
      vertex   8.728319e-01 1.237259e+02 2.425494e+02
    endloop
  endfacet
  facet normal 8.570932e-01 -4.962904e-01 -1.381562e-01
    outer loop
      vertex   8.728319e-01 1.237259e+02 2.425494e+02
      vertex   1.561309e+00 1.249407e+02 2.424569e+02
      vertex   1.580097e+00 1.249298e+02 2.426124e+02
    endloop
  endfacet
  facet normal 8.534106e-01 -4.924135e-01 -1.709363e-01
    outer loop
      vertex   8.728319e-01 1.237259e+02 2.425494e+02
      vertex   1.580097e+00 1.249298e+02 2.426124e+02
      vertex   8.810679e-01 1.237116e+02 2.426317e+02
    endloop
  endfacet
  facet normal 8.447603e-01 -4.882128e-01 -2.191536e-01
    outer loop
      vertex   8.810679e-01 1.237116e+02 2.426317e+02
      vertex   1.580097e+00 1.249298e+02 2.426124e+02
      vertex   8.916229e-01 1.236933e+02 2.427131e+02
    endloop
  endfacet
  facet normal 8.424432e-01 -4.877204e-01 -2.289504e-01
    outer loop
      vertex   8.916229e-01 1.236933e+02 2.427131e+02
      vertex   1.580097e+00 1.249298e+02 2.426124e+02
      vertex   1.611231e+00 1.249118e+02 2.427652e+02
    endloop
  endfacet
  facet normal 8.348305e-01 -4.816102e-01 -2.666640e-01
    outer loop
      vertex   8.916229e-01 1.236933e+02 2.427131e+02
      vertex   1.611231e+00 1.249118e+02 2.427652e+02
      vertex   9.044716e-01 1.236711e+02 2.427935e+02
    endloop
  endfacet
  facet normal 8.219378e-01 -4.753397e-01 -3.137999e-01
    outer loop
      vertex   9.044716e-01 1.236711e+02 2.427935e+02
      vertex   1.611231e+00 1.249118e+02 2.427652e+02
      vertex   9.195829e-01 1.236449e+02 2.428727e+02
    endloop
  endfacet
  facet normal 8.206226e-01 -4.749603e-01 -3.177913e-01
    outer loop
      vertex   9.195829e-01 1.236449e+02 2.428727e+02
      vertex   1.611231e+00 1.249118e+02 2.427652e+02
      vertex   1.654446e+00 1.248869e+02 2.429141e+02
    endloop
  endfacet
  facet normal 8.081938e-01 -4.662052e-01 -3.598269e-01
    outer loop
      vertex   9.195829e-01 1.236449e+02 2.428727e+02
      vertex   1.654446e+00 1.248869e+02 2.429141e+02
      vertex   9.369206e-01 1.236149e+02 2.429506e+02
    endloop
  endfacet
  facet normal 7.917686e-01 -4.582035e-01 -4.039208e-01
    outer loop
      vertex   9.369206e-01 1.236149e+02 2.429506e+02
      vertex   1.654446e+00 1.248869e+02 2.429141e+02
      vertex   1.709374e+00 1.248552e+02 2.430578e+02
    endloop
  endfacet
  facet normal 7.912629e-01 -4.577596e-01 -4.054123e-01
    outer loop
      vertex   9.369206e-01 1.236149e+02 2.429506e+02
      vertex   1.709374e+00 1.248552e+02 2.430578e+02
      vertex   9.564428e-01 1.235811e+02 2.430268e+02
    endloop
  endfacet
  facet normal 7.737552e-01 -4.463430e-01 -4.495340e-01
    outer loop
      vertex   9.564428e-01 1.235811e+02 2.430268e+02
      vertex   1.709374e+00 1.248552e+02 2.430578e+02
      vertex   9.781024e-01 1.235436e+02 2.431014e+02
    endloop
  endfacet
  facet normal 7.560597e-01 -4.377100e-01 -4.866042e-01
    outer loop
      vertex   9.781024e-01 1.235436e+02 2.431014e+02
      vertex   1.709374e+00 1.248552e+02 2.430578e+02
      vertex   1.775546e+00 1.248170e+02 2.431949e+02
    endloop
  endfacet
  facet normal 7.532012e-01 -4.354483e-01 -4.930241e-01
    outer loop
      vertex   9.781024e-01 1.235436e+02 2.431014e+02
      vertex   1.775546e+00 1.248170e+02 2.431949e+02
      vertex   1.001847e+00 1.235024e+02 2.431740e+02
    endloop
  endfacet
  facet normal 7.318430e-01 -4.222095e-01 -5.349252e-01
    outer loop
      vertex   1.001847e+00 1.235024e+02 2.431740e+02
      vertex   1.775546e+00 1.248170e+02 2.431949e+02
      vertex   1.027621e+00 1.234578e+02 2.432445e+02
    endloop
  endfacet
  facet normal 7.139201e-01 -4.134480e-01 -5.651361e-01
    outer loop
      vertex   1.027621e+00 1.234578e+02 2.432445e+02
      vertex   1.775546e+00 1.248170e+02 2.431949e+02
      vertex   1.852397e+00 1.247726e+02 2.433245e+02
    endloop
  endfacet
  facet normal 7.078705e-01 -4.089992e-01 -5.758811e-01
    outer loop
      vertex   1.027621e+00 1.234578e+02 2.432445e+02
      vertex   1.852397e+00 1.247726e+02 2.433245e+02
      vertex   1.055360e+00 1.234097e+02 2.433127e+02
    endloop
  endfacet
  facet normal 6.828575e-01 -3.940310e-01 -6.151790e-01
    outer loop
      vertex   1.055360e+00 1.234097e+02 2.433127e+02
      vertex   1.852397e+00 1.247726e+02 2.433245e+02
      vertex   1.084998e+00 1.233584e+02 2.433785e+02
    endloop
  endfacet
  facet normal 6.657073e-01 -3.856282e-01 -6.388464e-01
    outer loop
      vertex   1.084998e+00 1.233584e+02 2.433785e+02
      vertex   1.852397e+00 1.247726e+02 2.433245e+02
      vertex   1.939271e+00 1.247224e+02 2.434453e+02
    endloop
  endfacet
  facet normal 6.557067e-01 -3.786621e-01 -6.531950e-01
    outer loop
      vertex   1.084998e+00 1.233584e+02 2.433785e+02
      vertex   1.939271e+00 1.247224e+02 2.434453e+02
      vertex   1.116464e+00 1.233039e+02 2.434417e+02
    endloop
  endfacet
  facet normal 6.272673e-01 -3.620732e-01 -6.895206e-01
    outer loop
      vertex   1.116464e+00 1.233039e+02 2.434417e+02
      vertex   1.939271e+00 1.247224e+02 2.434453e+02
      vertex   1.149682e+00 1.232464e+02 2.435021e+02
    endloop
  endfacet
  facet normal 6.118300e-01 -3.544921e-01 -7.071064e-01
    outer loop
      vertex   1.149682e+00 1.232464e+02 2.435021e+02
      vertex   1.939271e+00 1.247224e+02 2.434453e+02
      vertex   2.035428e+00 1.246669e+02 2.435563e+02
    endloop
  endfacet
  facet normal 5.972103e-01 -3.447228e-01 -7.242279e-01
    outer loop
      vertex   1.149682e+00 1.232464e+02 2.435021e+02
      vertex   2.035428e+00 1.246669e+02 2.435563e+02
      vertex   1.184572e+00 1.231859e+02 2.435596e+02
    endloop
  endfacet
  facet normal 5.656055e-01 -3.266388e-01 -7.572302e-01
    outer loop
      vertex   1.184572e+00 1.231859e+02 2.435596e+02
      vertex   2.035428e+00 1.246669e+02 2.435563e+02
      vertex   1.221050e+00 1.231228e+02 2.436141e+02
    endloop
  endfacet
  facet normal 5.527455e-01 -3.203097e-01 -7.693336e-01
    outer loop
      vertex   1.221050e+00 1.231228e+02 2.436141e+02
      vertex   2.035428e+00 1.246669e+02 2.435563e+02
      vertex   2.140047e+00 1.246065e+02 2.436566e+02
    endloop
  endfacet
  facet normal 5.329421e-01 -3.075007e-01 -7.882995e-01
    outer loop
      vertex   1.221050e+00 1.231228e+02 2.436141e+02
      vertex   2.140047e+00 1.246065e+02 2.436566e+02
      vertex   1.259028e+00 1.230570e+02 2.436655e+02
    endloop
  endfacet
  facet normal 4.984647e-01 -2.880653e-01 -8.176499e-01
    outer loop
      vertex   1.259028e+00 1.230570e+02 2.436655e+02
      vertex   2.140047e+00 1.246065e+02 2.436566e+02
      vertex   1.298414e+00 1.229888e+02 2.437135e+02
    endloop
  endfacet
  facet normal 4.889556e-01 -2.833765e-01 -8.249971e-01
    outer loop
      vertex   1.298414e+00 1.229888e+02 2.437135e+02
      vertex   2.140047e+00 1.246065e+02 2.436566e+02
      vertex   2.252236e+00 1.245418e+02 2.437454e+02
    endloop
  endfacet
  facet normal 4.635184e-01 -2.673472e-01 -8.447936e-01
    outer loop
      vertex   1.298414e+00 1.229888e+02 2.437135e+02
      vertex   2.252236e+00 1.245418e+02 2.437454e+02
      vertex   1.339115e+00 1.229183e+02 2.437581e+02
    endloop
  endfacet
  facet normal 4.264922e-01 -2.467218e-01 -8.701912e-01
    outer loop
      vertex   1.339115e+00 1.229183e+02 2.437581e+02
      vertex   2.252236e+00 1.245418e+02 2.437454e+02
      vertex   1.381030e+00 1.228457e+02 2.437993e+02
    endloop
  endfacet
  facet normal 4.210024e-01 -2.440110e-01 -8.736221e-01
    outer loop
      vertex   1.381030e+00 1.228457e+02 2.437993e+02
      vertex   2.252236e+00 1.245418e+02 2.437454e+02
      vertex   2.371037e+00 1.244732e+02 2.438218e+02
    endloop
  endfacet
  facet normal 3.896059e-01 -2.246422e-01 -8.931647e-01
    outer loop
      vertex   1.381030e+00 1.228457e+02 2.437993e+02
      vertex   2.371037e+00 1.244732e+02 2.438218e+02
      vertex   1.424061e+00 1.227711e+02 2.438368e+02
    endloop
  endfacet
  facet normal 3.503829e-01 -2.030061e-01 -9.143415e-01
    outer loop
      vertex   1.424061e+00 1.227711e+02 2.438368e+02
      vertex   2.371037e+00 1.244732e+02 2.438218e+02
      vertex   1.468102e+00 1.226949e+02 2.438706e+02
    endloop
  endfacet
  facet normal 3.494642e-01 -2.025520e-01 -9.147937e-01
    outer loop
      vertex   1.468102e+00 1.226949e+02 2.438706e+02
      vertex   2.371037e+00 1.244732e+02 2.438218e+02
      vertex   2.495437e+00 1.244013e+02 2.438852e+02
    endloop
  endfacet
  facet normal 3.119153e-01 -1.797917e-01 -9.329436e-01
    outer loop
      vertex   1.468102e+00 1.226949e+02 2.438706e+02
      vertex   2.495437e+00 1.244013e+02 2.438852e+02
      vertex   1.513048e+00 1.226170e+02 2.439006e+02
    endloop
  endfacet
  facet normal 2.748553e-01 -1.595194e-01 -9.481604e-01
    outer loop
      vertex   1.513048e+00 1.226170e+02 2.439006e+02
      vertex   2.495437e+00 1.244013e+02 2.438852e+02
      vertex   2.624374e+00 1.243269e+02 2.439351e+02
    endloop
  endfacet
  facet normal 2.712133e-01 -1.571231e-01 -9.496082e-01
    outer loop
      vertex   1.513048e+00 1.226170e+02 2.439006e+02
      vertex   2.624374e+00 1.243269e+02 2.439351e+02
      vertex   1.558791e+00 1.225378e+02 2.439268e+02
    endloop
  endfacet
  facet normal 2.311950e-01 -1.332231e-01 -9.637430e-01
    outer loop
      vertex   1.558791e+00 1.225378e+02 2.439268e+02
      vertex   2.624374e+00 1.243269e+02 2.439351e+02
      vertex   1.605220e+00 1.224574e+02 2.439491e+02
    endloop
  endfacet
  facet normal 1.978925e-01 -1.151411e-01 -9.734378e-01
    outer loop
      vertex   1.605220e+00 1.224574e+02 2.439491e+02
      vertex   2.624374e+00 1.243269e+02 2.439351e+02
      vertex   2.756748e+00 1.242505e+02 2.439711e+02
    endloop
  endfacet
  facet normal 1.894816e-01 -1.097115e-01 -9.757357e-01
    outer loop
      vertex   1.605220e+00 1.224574e+02 2.439491e+02
      vertex   2.756748e+00 1.242505e+02 2.439711e+02
      vertex   1.652224e+00 1.223759e+02 2.439673e+02
    endloop
  endfacet
  facet normal 1.482234e-01 -8.538223e-02 -9.852612e-01
    outer loop
      vertex   1.652224e+00 1.223759e+02 2.439673e+02
      vertex   2.756748e+00 1.242505e+02 2.439711e+02
      vertex   1.699689e+00 1.222937e+02 2.439816e+02
    endloop
  endfacet
  facet normal 1.192532e-01 -6.975994e-02 -9.904101e-01
    outer loop
      vertex   1.699689e+00 1.222937e+02 2.439816e+02
      vertex   2.756748e+00 1.242505e+02 2.439711e+02
      vertex   2.891431e+00 1.241727e+02 2.439927e+02
    endloop
  endfacet
  facet normal 1.058934e-01 -6.127414e-02 -9.924878e-01
    outer loop
      vertex   1.699689e+00 1.222937e+02 2.439816e+02
      vertex   2.891431e+00 1.241727e+02 2.439927e+02
      vertex   1.747501e+00 1.222109e+02 2.439918e+02
    endloop
  endfacet
  facet normal 6.380191e-02 -3.672822e-02 -9.972865e-01
    outer loop
      vertex   1.747501e+00 1.222109e+02 2.439918e+02
      vertex   2.891431e+00 1.241727e+02 2.439927e+02
      vertex   1.795544e+00 1.221277e+02 2.439980e+02
    endloop
  endfacet
  facet normal 1.976013e-02 -1.313320e-02 -9.997185e-01
    outer loop
      vertex   1.795544e+00 1.221277e+02 2.439980e+02
      vertex   2.891431e+00 1.241727e+02 2.439927e+02
      vertex   1.843704e+00 1.220443e+02 2.440000e+02
    endloop
  endfacet
  facet normal 3.999605e-02 -2.309173e-02 -9.989330e-01
    outer loop
      vertex   1.843704e+00 1.220443e+02 2.440000e+02
      vertex   2.891431e+00 1.241727e+02 2.439927e+02
      vertex   4.074999e+00 1.262227e+02 2.439927e+02
    endloop
  endfacet
  facet normal 8.657646e-01 -4.998494e-01 -2.454123e-02
    outer loop
      vertex   8.633910e-01 1.237422e+02 2.423834e+02
      vertex   8.622087e-01 1.237443e+02 2.423000e+02
      vertex   3.431417e+00 1.281943e+02 2.423000e+02
    endloop
  endfacet
  facet normal 1.196469e-01 -6.907818e-02 -9.904104e-01
    outer loop
      vertex   3.940316e+00 1.263005e+02 2.439711e+02
      vertex   4.074999e+00 1.262227e+02 2.439927e+02
      vertex   2.891431e+00 1.241727e+02 2.439927e+02
    endloop
  endfacet
  facet normal 1.982770e-01 -1.144753e-01 -9.734381e-01
    outer loop
      vertex   3.807942e+00 1.263769e+02 2.439351e+02
      vertex   3.940316e+00 1.263005e+02 2.439711e+02
      vertex   2.756748e+00 1.242505e+02 2.439711e+02
    endloop
  endfacet
  facet normal 1.196469e-01 -6.907818e-02 -9.904104e-01
    outer loop
      vertex   2.756748e+00 1.242505e+02 2.439711e+02
      vertex   3.940316e+00 1.263005e+02 2.439711e+02
      vertex   2.891431e+00 1.241727e+02 2.439927e+02
    endloop
  endfacet
  facet normal 2.752154e-01 -1.588957e-01 -9.481606e-01
    outer loop
      vertex   3.679005e+00 1.264513e+02 2.438852e+02
      vertex   3.807942e+00 1.263769e+02 2.439351e+02
      vertex   2.624374e+00 1.243269e+02 2.439351e+02
    endloop
  endfacet
  facet normal 1.982770e-01 -1.144753e-01 -9.734381e-01
    outer loop
      vertex   2.624374e+00 1.243269e+02 2.439351e+02
      vertex   3.807942e+00 1.263769e+02 2.439351e+02
      vertex   2.756748e+00 1.242505e+02 2.439711e+02
    endloop
  endfacet
  facet normal 3.498059e-01 -2.019605e-01 -9.147939e-01
    outer loop
      vertex   3.554605e+00 1.265232e+02 2.438218e+02
      vertex   3.679005e+00 1.264513e+02 2.438852e+02
      vertex   2.495437e+00 1.244013e+02 2.438852e+02
    endloop
  endfacet
  facet normal 2.752154e-01 -1.588957e-01 -9.481606e-01
    outer loop
      vertex   2.495437e+00 1.244013e+02 2.438852e+02
      vertex   3.679005e+00 1.264513e+02 2.438852e+02
      vertex   2.624374e+00 1.243269e+02 2.439351e+02
    endloop
  endfacet
  facet normal 4.214118e-01 -2.433022e-01 -8.736224e-01
    outer loop
      vertex   3.435804e+00 1.265918e+02 2.437454e+02
      vertex   3.554605e+00 1.265232e+02 2.438218e+02
      vertex   2.371037e+00 1.244732e+02 2.438218e+02
    endloop
  endfacet
  facet normal 3.498059e-01 -2.019605e-01 -9.147939e-01
    outer loop
      vertex   2.371037e+00 1.244732e+02 2.438218e+02
      vertex   3.554605e+00 1.265232e+02 2.438218e+02
      vertex   2.495437e+00 1.244013e+02 2.438852e+02
    endloop
  endfacet
  facet normal 4.894225e-01 -2.825682e-01 -8.249975e-01
    outer loop
      vertex   3.323616e+00 1.266565e+02 2.436566e+02
      vertex   3.435804e+00 1.265918e+02 2.437454e+02
      vertex   2.252236e+00 1.245418e+02 2.437454e+02
    endloop
  endfacet
  facet normal 4.214118e-01 -2.433022e-01 -8.736224e-01
    outer loop
      vertex   2.252236e+00 1.245418e+02 2.437454e+02
      vertex   3.435804e+00 1.265918e+02 2.437454e+02
      vertex   2.371037e+00 1.244732e+02 2.438218e+02
    endloop
  endfacet
  facet normal 5.532576e-01 -3.194234e-01 -7.693340e-01
    outer loop
      vertex   3.218996e+00 1.267169e+02 2.435563e+02
      vertex   3.323616e+00 1.266565e+02 2.436566e+02
      vertex   2.140047e+00 1.246065e+02 2.436566e+02
    endloop
  endfacet
  facet normal 4.894225e-01 -2.825682e-01 -8.249975e-01
    outer loop
      vertex   2.140047e+00 1.246065e+02 2.436566e+02
      vertex   3.323616e+00 1.266565e+02 2.436566e+02
      vertex   2.252236e+00 1.245418e+02 2.437454e+02
    endloop
  endfacet
  facet normal 6.123724e-01 -3.535534e-01 -7.071068e-01
    outer loop
      vertex   3.122839e+00 1.267724e+02 2.434453e+02
      vertex   3.218996e+00 1.267169e+02 2.435563e+02
      vertex   2.035428e+00 1.246669e+02 2.435563e+02
    endloop
  endfacet
  facet normal 5.532576e-01 -3.194234e-01 -7.693340e-01
    outer loop
      vertex   2.035428e+00 1.246669e+02 2.435563e+02
      vertex   3.218996e+00 1.267169e+02 2.435563e+02
      vertex   2.140047e+00 1.246065e+02 2.436566e+02
    endloop
  endfacet
  facet normal 6.662628e-01 -3.846670e-01 -6.388468e-01
    outer loop
      vertex   3.035965e+00 1.268226e+02 2.433245e+02
      vertex   3.122839e+00 1.267724e+02 2.434453e+02
      vertex   1.939271e+00 1.247224e+02 2.434453e+02
    endloop
  endfacet
  facet normal 6.123724e-01 -3.535534e-01 -7.071068e-01
    outer loop
      vertex   1.939271e+00 1.247224e+02 2.434453e+02
      vertex   3.122839e+00 1.267724e+02 2.434453e+02
      vertex   2.035428e+00 1.246669e+02 2.435563e+02
    endloop
  endfacet
  facet normal 7.144688e-01 -4.124987e-01 -5.651364e-01
    outer loop
      vertex   2.959114e+00 1.268670e+02 2.431949e+02
      vertex   3.035965e+00 1.268226e+02 2.433245e+02
      vertex   1.852397e+00 1.247726e+02 2.433245e+02
    endloop
  endfacet
  facet normal 6.662628e-01 -3.846670e-01 -6.388468e-01
    outer loop
      vertex   1.852397e+00 1.247726e+02 2.433245e+02
      vertex   3.035965e+00 1.268226e+02 2.433245e+02
      vertex   1.939271e+00 1.247224e+02 2.434453e+02
    endloop
  endfacet
  facet normal 7.565792e-01 -4.368112e-01 -4.866045e-01
    outer loop
      vertex   2.892942e+00 1.269052e+02 2.430578e+02
      vertex   2.959114e+00 1.268670e+02 2.431949e+02
      vertex   1.775546e+00 1.248170e+02 2.431949e+02
    endloop
  endfacet
  facet normal 7.144688e-01 -4.124987e-01 -5.651364e-01
    outer loop
      vertex   1.775546e+00 1.248170e+02 2.431949e+02
      vertex   2.959114e+00 1.268670e+02 2.431949e+02
      vertex   1.852397e+00 1.247726e+02 2.433245e+02
    endloop
  endfacet
  facet normal 7.922347e-01 -4.573969e-01 -4.039210e-01
    outer loop
      vertex   2.838014e+00 1.269369e+02 2.429141e+02
      vertex   2.892942e+00 1.269052e+02 2.430578e+02
      vertex   1.709374e+00 1.248552e+02 2.430578e+02
    endloop
  endfacet
  facet normal 7.565792e-01 -4.368112e-01 -4.866045e-01
    outer loop
      vertex   1.709374e+00 1.248552e+02 2.430578e+02
      vertex   2.892942e+00 1.269052e+02 2.430578e+02
      vertex   1.775546e+00 1.248170e+02 2.431949e+02
    endloop
  endfacet
  facet normal 8.211312e-01 -4.740803e-01 -3.177914e-01
    outer loop
      vertex   2.794799e+00 1.269618e+02 2.427652e+02
      vertex   2.838014e+00 1.269369e+02 2.429141e+02
      vertex   1.654446e+00 1.248869e+02 2.429141e+02
    endloop
  endfacet
  facet normal 7.922347e-01 -4.573969e-01 -4.039210e-01
    outer loop
      vertex   1.654446e+00 1.248869e+02 2.429141e+02
      vertex   2.838014e+00 1.269369e+02 2.429141e+02
      vertex   1.709374e+00 1.248552e+02 2.430578e+02
    endloop
  endfacet
  facet normal 8.430221e-01 -4.867190e-01 -2.289505e-01
    outer loop
      vertex   2.763665e+00 1.269798e+02 2.426124e+02
      vertex   2.794799e+00 1.269618e+02 2.427652e+02
      vertex   1.611231e+00 1.249118e+02 2.427652e+02
    endloop
  endfacet
  facet normal 8.211312e-01 -4.740803e-01 -3.177914e-01
    outer loop
      vertex   1.611231e+00 1.249118e+02 2.427652e+02
      vertex   2.794799e+00 1.269618e+02 2.427652e+02
      vertex   1.654446e+00 1.248869e+02 2.429141e+02
    endloop
  endfacet
  facet normal 8.577206e-01 -4.952052e-01 -1.381564e-01
    outer loop
      vertex   2.744877e+00 1.269907e+02 2.424569e+02
      vertex   2.763665e+00 1.269798e+02 2.426124e+02
      vertex   1.580097e+00 1.249298e+02 2.426124e+02
    endloop
  endfacet
  facet normal 8.430221e-01 -4.867190e-01 -2.289505e-01
    outer loop
      vertex   1.580097e+00 1.249298e+02 2.426124e+02
      vertex   2.763665e+00 1.269798e+02 2.426124e+02
      vertex   1.611231e+00 1.249118e+02 2.427652e+02
    endloop
  endfacet
  facet normal 8.577206e-01 -4.952052e-01 -1.381564e-01
    outer loop
      vertex   1.561309e+00 1.249407e+02 2.424569e+02
      vertex   2.744877e+00 1.269907e+02 2.424569e+02
      vertex   1.580097e+00 1.249298e+02 2.426124e+02
    endloop
  endfacet
  facet normal 8.657646e-01 4.998494e-01 -2.454123e-02
    outer loop
      vertex   3.431417e+00 1.281943e+02 2.423000e+02
      vertex   8.622087e-01 1.326443e+02 2.423000e+02
      vertex   3.433782e+00 1.281943e+02 2.423834e+02
    endloop
  endfacet
  facet normal 8.647579e-01 4.986051e-01 -5.988987e-02
    outer loop
      vertex   3.433782e+00 1.281943e+02 2.423834e+02
      vertex   8.622087e-01 1.326443e+02 2.423000e+02
      vertex   2.744877e+00 1.293979e+02 2.424569e+02
    endloop
  endfacet
  facet normal 8.636028e-01 4.987779e-01 -7.355808e-02
    outer loop
      vertex   3.433782e+00 1.281943e+02 2.423834e+02
      vertex   2.744877e+00 1.293979e+02 2.424569e+02
      vertex   3.440870e+00 1.281943e+02 2.424666e+02
    endloop
  endfacet
  facet normal 8.596079e-01 4.960711e-01 -1.224243e-01
    outer loop
      vertex   3.440870e+00 1.281943e+02 2.424666e+02
      vertex   2.744877e+00 1.293979e+02 2.424569e+02
      vertex   3.452664e+00 1.281943e+02 2.425494e+02
    endloop
  endfacet
  facet normal 8.583466e-01 4.941193e-01 -1.381562e-01
    outer loop
      vertex   3.452664e+00 1.281943e+02 2.425494e+02
      vertex   2.744877e+00 1.293979e+02 2.424569e+02
      vertex   2.763665e+00 1.294088e+02 2.426124e+02
    endloop
  endfacet
  facet normal 8.531479e-01 4.928686e-01 -1.709363e-01
    outer loop
      vertex   3.452664e+00 1.281943e+02 2.425494e+02
      vertex   2.763665e+00 1.294088e+02 2.426124e+02
      vertex   3.469136e+00 1.281943e+02 2.426317e+02
    endloop
  endfacet
  facet normal 8.451848e-01 4.874775e-01 -2.191536e-01
    outer loop
      vertex   3.469136e+00 1.281943e+02 2.426317e+02
      vertex   2.763665e+00 1.294088e+02 2.426124e+02
      vertex   3.490246e+00 1.281943e+02 2.427131e+02
    endloop
  endfacet
  facet normal 8.435999e-01 4.857170e-01 -2.289504e-01
    outer loop
      vertex   3.490246e+00 1.281943e+02 2.427131e+02
      vertex   2.763665e+00 1.294088e+02 2.426124e+02
      vertex   2.794799e+00 1.294267e+02 2.427652e+02
    endloop
  endfacet
  facet normal 8.345019e-01 4.821793e-01 -2.666640e-01
    outer loop
      vertex   3.490246e+00 1.281943e+02 2.427131e+02
      vertex   2.794799e+00 1.294267e+02 2.427652e+02
      vertex   3.515943e+00 1.281943e+02 2.427935e+02
    endloop
  endfacet
  facet normal 8.226252e-01 4.741492e-01 -3.137999e-01
    outer loop
      vertex   3.515943e+00 1.281943e+02 2.427935e+02
      vertex   2.794799e+00 1.294267e+02 2.427652e+02
      vertex   3.546166e+00 1.281943e+02 2.428727e+02
    endloop
  endfacet
  facet normal 8.216390e-01 4.731998e-01 -3.177913e-01
    outer loop
      vertex   3.546166e+00 1.281943e+02 2.428727e+02
      vertex   2.794799e+00 1.294267e+02 2.427652e+02
      vertex   2.838014e+00 1.294517e+02 2.429141e+02
    endloop
  endfacet
  facet normal 8.078425e-01 4.668138e-01 -3.598269e-01
    outer loop
      vertex   3.546166e+00 1.281943e+02 2.428727e+02
      vertex   2.838014e+00 1.294517e+02 2.429141e+02
      vertex   3.580841e+00 1.281943e+02 2.429506e+02
    endloop
  endfacet
  facet normal 7.927002e-01 4.565900e-01 -4.039208e-01
    outer loop
      vertex   3.580841e+00 1.281943e+02 2.429506e+02
      vertex   2.838014e+00 1.294517e+02 2.429141e+02
      vertex   2.892942e+00 1.294834e+02 2.430578e+02
    endloop
  endfacet
  facet normal 7.920629e-01 4.563740e-01 -4.054123e-01
    outer loop
      vertex   3.580841e+00 1.281943e+02 2.429506e+02
      vertex   2.892942e+00 1.294834e+02 2.430578e+02
      vertex   3.619886e+00 1.281943e+02 2.430268e+02
    endloop
  endfacet
  facet normal 7.734220e-01 4.469201e-01 -4.495340e-01
    outer loop
      vertex   3.619886e+00 1.281943e+02 2.430268e+02
      vertex   2.892942e+00 1.294834e+02 2.430578e+02
      vertex   3.663205e+00 1.281943e+02 2.431014e+02
    endloop
  endfacet
  facet normal 7.570979e-01 4.359119e-01 -4.866042e-01
    outer loop
      vertex   3.663205e+00 1.281943e+02 2.431014e+02
      vertex   2.892942e+00 1.294834e+02 2.430578e+02
      vertex   2.959114e+00 1.295216e+02 2.431949e+02
    endloop
  endfacet
  facet normal 7.537099e-01 4.345672e-01 -4.930241e-01
    outer loop
      vertex   3.663205e+00 1.281943e+02 2.431014e+02
      vertex   2.959114e+00 1.295216e+02 2.431949e+02
      vertex   3.710695e+00 1.281943e+02 2.431740e+02
    endloop
  endfacet
  facet normal 7.315656e-01 4.226899e-01 -5.349252e-01
    outer loop
      vertex   3.710695e+00 1.281943e+02 2.431740e+02
      vertex   2.959114e+00 1.295216e+02 2.431949e+02
      vertex   3.762241e+00 1.281943e+02 2.432445e+02
    endloop
  endfacet
  facet normal 7.150165e-01 4.115490e-01 -5.651361e-01
    outer loop
      vertex   3.762241e+00 1.281943e+02 2.432445e+02
      vertex   2.959114e+00 1.295216e+02 2.431949e+02
      vertex   3.035965e+00 1.295660e+02 2.433245e+02
    endloop
  endfacet
  facet normal 7.081389e-01 4.085342e-01 -5.758811e-01
    outer loop
      vertex   3.762241e+00 1.281943e+02 2.432445e+02
      vertex   3.035965e+00 1.295660e+02 2.433245e+02
      vertex   3.817719e+00 1.281943e+02 2.433127e+02
    endloop
  endfacet
  facet normal 6.826696e-01 3.943565e-01 -6.151790e-01
    outer loop
      vertex   3.817719e+00 1.281943e+02 2.433127e+02
      vertex   3.035965e+00 1.295660e+02 2.433245e+02
      vertex   3.876996e+00 1.281943e+02 2.433785e+02
    endloop
  endfacet
  facet normal 6.668174e-01 3.837053e-01 -6.388464e-01
    outer loop
      vertex   3.876996e+00 1.281943e+02 2.433785e+02
      vertex   3.035965e+00 1.295660e+02 2.433245e+02
      vertex   3.122839e+00 1.296161e+02 2.434453e+02
    endloop
  endfacet
  facet normal 6.557844e-01 3.785276e-01 -6.531950e-01
    outer loop
      vertex   3.876996e+00 1.281943e+02 2.433785e+02
      vertex   3.122839e+00 1.296161e+02 2.434453e+02
      vertex   3.939928e+00 1.281943e+02 2.434417e+02
    endloop
  endfacet
  facet normal 6.271983e-01 3.621928e-01 -6.895206e-01
    outer loop
      vertex   3.939928e+00 1.281943e+02 2.434417e+02
      vertex   3.122839e+00 1.296161e+02 2.434453e+02
      vertex   4.006364e+00 1.281943e+02 2.435021e+02
    endloop
  endfacet
  facet normal 6.129142e-01 3.526143e-01 -7.071064e-01
    outer loop
      vertex   4.006364e+00 1.281943e+02 2.435021e+02
      vertex   3.122839e+00 1.296161e+02 2.434453e+02
      vertex   3.218996e+00 1.296717e+02 2.435563e+02
    endloop
  endfacet
  facet normal 5.971438e-01 3.448379e-01 -7.242279e-01
    outer loop
      vertex   4.006364e+00 1.281943e+02 2.435021e+02
      vertex   3.218996e+00 1.296717e+02 2.435563e+02
      vertex   4.076144e+00 1.281943e+02 2.435596e+02
    endloop
  endfacet
  facet normal 5.656802e-01 3.265093e-01 -7.572302e-01
    outer loop
      vertex   4.076144e+00 1.281943e+02 2.435596e+02
      vertex   3.218996e+00 1.296717e+02 2.435563e+02
      vertex   4.149100e+00 1.281943e+02 2.436141e+02
    endloop
  endfacet
  facet normal 5.537691e-01 3.185368e-01 -7.693336e-01
    outer loop
      vertex   4.149100e+00 1.281943e+02 2.436141e+02
      vertex   3.218996e+00 1.296717e+02 2.435563e+02
      vertex   3.323616e+00 1.297321e+02 2.436566e+02
    endloop
  endfacet
  facet normal 5.327745e-01 3.077910e-01 -7.882995e-01
    outer loop
      vertex   4.149100e+00 1.281943e+02 2.436141e+02
      vertex   3.323616e+00 1.297321e+02 2.436566e+02
      vertex   4.225056e+00 1.281943e+02 2.436655e+02
    endloop
  endfacet
  facet normal 4.987042e-01 2.876505e-01 -8.176499e-01
    outer loop
      vertex   4.225056e+00 1.281943e+02 2.436655e+02
      vertex   3.323616e+00 1.297321e+02 2.436566e+02
      vertex   4.303829e+00 1.281943e+02 2.437135e+02
    endloop
  endfacet
  facet normal 4.898890e-01 2.817597e-01 -8.249971e-01
    outer loop
      vertex   4.303829e+00 1.281943e+02 2.437135e+02
      vertex   3.323616e+00 1.297321e+02 2.436566e+02
      vertex   3.435804e+00 1.297968e+02 2.437454e+02
    endloop
  endfacet
  facet normal 4.632886e-01 2.677451e-01 -8.447936e-01
    outer loop
      vertex   4.303829e+00 1.281943e+02 2.437135e+02
      vertex   3.435804e+00 1.297968e+02 2.437454e+02
      vertex   4.385229e+00 1.281943e+02 2.437581e+02
    endloop
  endfacet
  facet normal 4.269135e-01 2.459922e-01 -8.701912e-01
    outer loop
      vertex   4.385229e+00 1.281943e+02 2.437581e+02
      vertex   3.435804e+00 1.297968e+02 2.437454e+02
      vertex   4.469061e+00 1.281943e+02 2.437993e+02
    endloop
  endfacet
  facet normal 4.218210e-01 2.425933e-01 -8.736221e-01
    outer loop
      vertex   4.469061e+00 1.281943e+02 2.437993e+02
      vertex   3.435804e+00 1.297968e+02 2.437454e+02
      vertex   3.554605e+00 1.298654e+02 2.438218e+02
    endloop
  endfacet
  facet normal 3.893488e-01 2.250875e-01 -8.931647e-01
    outer loop
      vertex   4.469061e+00 1.281943e+02 2.437993e+02
      vertex   3.554605e+00 1.298654e+02 2.438218e+02
      vertex   4.555122e+00 1.281943e+02 2.438368e+02
    endloop
  endfacet
  facet normal 3.509998e-01 2.019374e-01 -9.143415e-01
    outer loop
      vertex   4.555122e+00 1.281943e+02 2.438368e+02
      vertex   3.554605e+00 1.298654e+02 2.438218e+02
      vertex   4.643204e+00 1.281943e+02 2.438706e+02
    endloop
  endfacet
  facet normal 3.501473e-01 2.013689e-01 -9.147937e-01
    outer loop
      vertex   4.643204e+00 1.281943e+02 2.438706e+02
      vertex   3.554605e+00 1.298654e+02 2.438218e+02
      vertex   3.679005e+00 1.299372e+02 2.438852e+02
    endloop
  endfacet
  facet normal 3.116618e-01 1.802308e-01 -9.329436e-01
    outer loop
      vertex   4.643204e+00 1.281943e+02 2.438706e+02
      vertex   3.679005e+00 1.299372e+02 2.438852e+02
      vertex   4.733097e+00 1.281943e+02 2.439006e+02
    endloop
  endfacet
  facet normal 2.755755e-01 1.582719e-01 -9.481604e-01
    outer loop
      vertex   4.733097e+00 1.281943e+02 2.439006e+02
      vertex   3.679005e+00 1.299372e+02 2.438852e+02
      vertex   3.807942e+00 1.300117e+02 2.439351e+02
    endloop
  endfacet
  facet normal 2.716792e-01 1.563160e-01 -9.496082e-01
    outer loop
      vertex   4.733097e+00 1.281943e+02 2.439006e+02
      vertex   3.807942e+00 1.300117e+02 2.439351e+02
      vertex   4.824582e+00 1.281943e+02 2.439268e+02
    endloop
  endfacet
  facet normal 2.309721e-01 1.336091e-01 -9.637430e-01
    outer loop
      vertex   4.824582e+00 1.281943e+02 2.439268e+02
      vertex   3.807942e+00 1.300117e+02 2.439351e+02
      vertex   4.917440e+00 1.281943e+02 2.439491e+02
    endloop
  endfacet
  facet normal 1.986614e-01 1.138093e-01 -9.734378e-01
    outer loop
      vertex   4.917440e+00 1.281943e+02 2.439491e+02
      vertex   3.807942e+00 1.300117e+02 2.439351e+02
      vertex   3.940316e+00 1.300881e+02 2.439711e+02
    endloop
  endfacet
  facet normal 1.897538e-01 1.092401e-01 -9.757357e-01
    outer loop
      vertex   4.917440e+00 1.281943e+02 2.439491e+02
      vertex   3.940316e+00 1.300881e+02 2.439711e+02
      vertex   5.011448e+00 1.281943e+02 2.439673e+02
    endloop
  endfacet
  facet normal 1.480549e-01 8.567410e-02 -9.852612e-01
    outer loop
      vertex   5.011448e+00 1.281943e+02 2.439673e+02
      vertex   3.940316e+00 1.300881e+02 2.439711e+02
      vertex   5.106378e+00 1.281943e+02 2.439816e+02
    endloop
  endfacet
  facet normal 1.200405e-01 6.839637e-02 -9.904101e-01
    outer loop
      vertex   5.106378e+00 1.281943e+02 2.439816e+02
      vertex   3.940316e+00 1.300881e+02 2.439711e+02
      vertex   4.074999e+00 1.301659e+02 2.439927e+02
    endloop
  endfacet
  facet normal 1.060116e-01 6.106927e-02 -9.924878e-01
    outer loop
      vertex   5.106378e+00 1.281943e+02 2.439816e+02
      vertex   4.074999e+00 1.301659e+02 2.439927e+02
      vertex   5.202002e+00 1.281943e+02 2.439918e+02
    endloop
  endfacet
  facet normal 6.370853e-02 3.688996e-02 -9.972865e-01
    outer loop
      vertex   5.202002e+00 1.281943e+02 2.439918e+02
      vertex   4.074999e+00 1.301659e+02 2.439927e+02
      vertex   5.298089e+00 1.281943e+02 2.439980e+02
    endloop
  endfacet
  facet normal 2.125375e-02 1.054617e-02 -9.997185e-01
    outer loop
      vertex   5.298089e+00 1.281943e+02 2.439980e+02
      vertex   4.074999e+00 1.301659e+02 2.439927e+02
      vertex   5.394408e+00 1.281943e+02 2.440000e+02
    endloop
  endfacet
  facet normal 3.999605e-02 2.309173e-02 -9.989330e-01
    outer loop
      vertex   5.394408e+00 1.281943e+02 2.440000e+02
      vertex   4.074999e+00 1.301659e+02 2.439927e+02
      vertex   2.891431e+00 1.322159e+02 2.439927e+02
    endloop
  endfacet
  facet normal 5.017827e-02 2.943015e-02 -9.983066e-01
    outer loop
      vertex   5.394408e+00 1.281943e+02 2.440000e+02
      vertex   2.891431e+00 1.322159e+02 2.439927e+02
      vertex   1.795544e+00 1.342609e+02 2.439980e+02
    endloop
  endfacet
  facet normal 6.380191e-02 3.672822e-02 -9.972865e-01
    outer loop
      vertex   1.795544e+00 1.342609e+02 2.439980e+02
      vertex   2.891431e+00 1.322159e+02 2.439927e+02
      vertex   1.747501e+00 1.341777e+02 2.439918e+02
    endloop
  endfacet
  facet normal 1.058934e-01 6.127414e-02 -9.924878e-01
    outer loop
      vertex   1.747501e+00 1.341777e+02 2.439918e+02
      vertex   2.891431e+00 1.322159e+02 2.439927e+02
      vertex   1.699689e+00 1.340948e+02 2.439816e+02
    endloop
  endfacet
  facet normal 1.192532e-01 6.975994e-02 -9.904101e-01
    outer loop
      vertex   1.699689e+00 1.340948e+02 2.439816e+02
      vertex   2.891431e+00 1.322159e+02 2.439927e+02
      vertex   2.756748e+00 1.321381e+02 2.439711e+02
    endloop
  endfacet
  facet normal 1.482234e-01 8.538223e-02 -9.852612e-01
    outer loop
      vertex   1.699689e+00 1.340948e+02 2.439816e+02
      vertex   2.756748e+00 1.321381e+02 2.439711e+02
      vertex   1.652224e+00 1.340126e+02 2.439673e+02
    endloop
  endfacet
  facet normal 1.894816e-01 1.097115e-01 -9.757357e-01
    outer loop
      vertex   1.652224e+00 1.340126e+02 2.439673e+02
      vertex   2.756748e+00 1.321381e+02 2.439711e+02
      vertex   1.605220e+00 1.339312e+02 2.439491e+02
    endloop
  endfacet
  facet normal 1.978925e-01 1.151411e-01 -9.734378e-01
    outer loop
      vertex   1.605220e+00 1.339312e+02 2.439491e+02
      vertex   2.756748e+00 1.321381e+02 2.439711e+02
      vertex   2.624374e+00 1.320617e+02 2.439351e+02
    endloop
  endfacet
  facet normal 2.311950e-01 1.332231e-01 -9.637430e-01
    outer loop
      vertex   1.605220e+00 1.339312e+02 2.439491e+02
      vertex   2.624374e+00 1.320617e+02 2.439351e+02
      vertex   1.558791e+00 1.338508e+02 2.439268e+02
    endloop
  endfacet
  facet normal 2.712133e-01 1.571231e-01 -9.496082e-01
    outer loop
      vertex   1.558791e+00 1.338508e+02 2.439268e+02
      vertex   2.624374e+00 1.320617e+02 2.439351e+02
      vertex   1.513048e+00 1.337716e+02 2.439006e+02
    endloop
  endfacet
  facet normal 2.748553e-01 1.595194e-01 -9.481604e-01
    outer loop
      vertex   1.513048e+00 1.337716e+02 2.439006e+02
      vertex   2.624374e+00 1.320617e+02 2.439351e+02
      vertex   2.495437e+00 1.319872e+02 2.438852e+02
    endloop
  endfacet
  facet normal 3.119153e-01 1.797917e-01 -9.329436e-01
    outer loop
      vertex   1.513048e+00 1.337716e+02 2.439006e+02
      vertex   2.495437e+00 1.319872e+02 2.438852e+02
      vertex   1.468102e+00 1.336937e+02 2.438706e+02
    endloop
  endfacet
  facet normal 3.494642e-01 2.025520e-01 -9.147937e-01
    outer loop
      vertex   1.468102e+00 1.336937e+02 2.438706e+02
      vertex   2.495437e+00 1.319872e+02 2.438852e+02
      vertex   2.371037e+00 1.319154e+02 2.438218e+02
    endloop
  endfacet
  facet normal 3.503829e-01 2.030061e-01 -9.143415e-01
    outer loop
      vertex   1.468102e+00 1.336937e+02 2.438706e+02
      vertex   2.371037e+00 1.319154e+02 2.438218e+02
      vertex   1.424061e+00 1.336174e+02 2.438368e+02
    endloop
  endfacet
  facet normal 3.896059e-01 2.246422e-01 -8.931647e-01
    outer loop
      vertex   1.424061e+00 1.336174e+02 2.438368e+02
      vertex   2.371037e+00 1.319154e+02 2.438218e+02
      vertex   1.381030e+00 1.335429e+02 2.437993e+02
    endloop
  endfacet
  facet normal 4.210024e-01 2.440110e-01 -8.736221e-01
    outer loop
      vertex   1.381030e+00 1.335429e+02 2.437993e+02
      vertex   2.371037e+00 1.319154e+02 2.438218e+02
      vertex   2.252236e+00 1.318468e+02 2.437454e+02
    endloop
  endfacet
  facet normal 4.264922e-01 2.467218e-01 -8.701912e-01
    outer loop
      vertex   1.381030e+00 1.335429e+02 2.437993e+02
      vertex   2.252236e+00 1.318468e+02 2.437454e+02
      vertex   1.339115e+00 1.334703e+02 2.437581e+02
    endloop
  endfacet
  facet normal 4.635184e-01 2.673472e-01 -8.447936e-01
    outer loop
      vertex   1.339115e+00 1.334703e+02 2.437581e+02
      vertex   2.252236e+00 1.318468e+02 2.437454e+02
      vertex   1.298414e+00 1.333998e+02 2.437135e+02
    endloop
  endfacet
  facet normal 4.889556e-01 2.833765e-01 -8.249971e-01
    outer loop
      vertex   1.298414e+00 1.333998e+02 2.437135e+02
      vertex   2.252236e+00 1.318468e+02 2.437454e+02
      vertex   2.140047e+00 1.317821e+02 2.436566e+02
    endloop
  endfacet
  facet normal 4.984647e-01 2.880653e-01 -8.176499e-01
    outer loop
      vertex   1.298414e+00 1.333998e+02 2.437135e+02
      vertex   2.140047e+00 1.317821e+02 2.436566e+02
      vertex   1.259028e+00 1.333316e+02 2.436655e+02
    endloop
  endfacet
  facet normal 5.329421e-01 3.075007e-01 -7.882995e-01
    outer loop
      vertex   1.259028e+00 1.333316e+02 2.436655e+02
      vertex   2.140047e+00 1.317821e+02 2.436566e+02
      vertex   1.221050e+00 1.332658e+02 2.436141e+02
    endloop
  endfacet
  facet normal 5.527455e-01 3.203097e-01 -7.693336e-01
    outer loop
      vertex   1.221050e+00 1.332658e+02 2.436141e+02
      vertex   2.140047e+00 1.317821e+02 2.436566e+02
      vertex   2.035428e+00 1.317217e+02 2.435563e+02
    endloop
  endfacet
  facet normal 5.656055e-01 3.266388e-01 -7.572302e-01
    outer loop
      vertex   1.221050e+00 1.332658e+02 2.436141e+02
      vertex   2.035428e+00 1.317217e+02 2.435563e+02
      vertex   1.184572e+00 1.332026e+02 2.435596e+02
    endloop
  endfacet
  facet normal 5.972103e-01 3.447228e-01 -7.242279e-01
    outer loop
      vertex   1.184572e+00 1.332026e+02 2.435596e+02
      vertex   2.035428e+00 1.317217e+02 2.435563e+02
      vertex   1.149682e+00 1.331422e+02 2.435021e+02
    endloop
  endfacet
  facet normal 6.118300e-01 3.544921e-01 -7.071064e-01
    outer loop
      vertex   1.149682e+00 1.331422e+02 2.435021e+02
      vertex   2.035428e+00 1.317217e+02 2.435563e+02
      vertex   1.939271e+00 1.316661e+02 2.434453e+02
    endloop
  endfacet
  facet normal 6.272673e-01 3.620732e-01 -6.895206e-01
    outer loop
      vertex   1.149682e+00 1.331422e+02 2.435021e+02
      vertex   1.939271e+00 1.316661e+02 2.434453e+02
      vertex   1.116464e+00 1.330847e+02 2.434417e+02
    endloop
  endfacet
  facet normal 6.557067e-01 3.786621e-01 -6.531950e-01
    outer loop
      vertex   1.116464e+00 1.330847e+02 2.434417e+02
      vertex   1.939271e+00 1.316661e+02 2.434453e+02
      vertex   1.084998e+00 1.330302e+02 2.433785e+02
    endloop
  endfacet
  facet normal 6.657073e-01 3.856282e-01 -6.388464e-01
    outer loop
      vertex   1.084998e+00 1.330302e+02 2.433785e+02
      vertex   1.939271e+00 1.316661e+02 2.434453e+02
      vertex   1.852397e+00 1.316160e+02 2.433245e+02
    endloop
  endfacet
  facet normal 6.828575e-01 3.940310e-01 -6.151790e-01
    outer loop
      vertex   1.084998e+00 1.330302e+02 2.433785e+02
      vertex   1.852397e+00 1.316160e+02 2.433245e+02
      vertex   1.055360e+00 1.329788e+02 2.433127e+02
    endloop
  endfacet
  facet normal 7.078705e-01 4.089992e-01 -5.758811e-01
    outer loop
      vertex   1.055360e+00 1.329788e+02 2.433127e+02
      vertex   1.852397e+00 1.316160e+02 2.433245e+02
      vertex   1.027621e+00 1.329308e+02 2.432445e+02
    endloop
  endfacet
  facet normal 7.139201e-01 4.134480e-01 -5.651361e-01
    outer loop
      vertex   1.027621e+00 1.329308e+02 2.432445e+02
      vertex   1.852397e+00 1.316160e+02 2.433245e+02
      vertex   1.775546e+00 1.315716e+02 2.431949e+02
    endloop
  endfacet
  facet normal 7.318430e-01 4.222095e-01 -5.349252e-01
    outer loop
      vertex   1.027621e+00 1.329308e+02 2.432445e+02
      vertex   1.775546e+00 1.315716e+02 2.431949e+02
      vertex   1.001847e+00 1.328862e+02 2.431740e+02
    endloop
  endfacet
  facet normal 7.532012e-01 4.354483e-01 -4.930241e-01
    outer loop
      vertex   1.001847e+00 1.328862e+02 2.431740e+02
      vertex   1.775546e+00 1.315716e+02 2.431949e+02
      vertex   9.781024e-01 1.328450e+02 2.431014e+02
    endloop
  endfacet
  facet normal 7.560597e-01 4.377100e-01 -4.866042e-01
    outer loop
      vertex   9.781024e-01 1.328450e+02 2.431014e+02
      vertex   1.775546e+00 1.315716e+02 2.431949e+02
      vertex   1.709374e+00 1.315334e+02 2.430578e+02
    endloop
  endfacet
  facet normal 7.737552e-01 4.463430e-01 -4.495340e-01
    outer loop
      vertex   9.781024e-01 1.328450e+02 2.431014e+02
      vertex   1.709374e+00 1.315334e+02 2.430578e+02
      vertex   9.564428e-01 1.328075e+02 2.430268e+02
    endloop
  endfacet
  facet normal 7.912629e-01 4.577596e-01 -4.054123e-01
    outer loop
      vertex   9.564428e-01 1.328075e+02 2.430268e+02
      vertex   1.709374e+00 1.315334e+02 2.430578e+02
      vertex   9.369206e-01 1.327737e+02 2.429506e+02
    endloop
  endfacet
  facet normal 7.917686e-01 4.582035e-01 -4.039208e-01
    outer loop
      vertex   9.369206e-01 1.327737e+02 2.429506e+02
      vertex   1.709374e+00 1.315334e+02 2.430578e+02
      vertex   1.654446e+00 1.315017e+02 2.429141e+02
    endloop
  endfacet
  facet normal 8.081938e-01 4.662052e-01 -3.598269e-01
    outer loop
      vertex   9.369206e-01 1.327737e+02 2.429506e+02
      vertex   1.654446e+00 1.315017e+02 2.429141e+02
      vertex   9.195829e-01 1.327437e+02 2.428727e+02
    endloop
  endfacet
  facet normal 8.206226e-01 4.749603e-01 -3.177913e-01
    outer loop
      vertex   9.195829e-01 1.327437e+02 2.428727e+02
      vertex   1.654446e+00 1.315017e+02 2.429141e+02
      vertex   1.611231e+00 1.314767e+02 2.427652e+02
    endloop
  endfacet
  facet normal 8.219378e-01 4.753397e-01 -3.137999e-01
    outer loop
      vertex   9.195829e-01 1.327437e+02 2.428727e+02
      vertex   1.611231e+00 1.314767e+02 2.427652e+02
      vertex   9.044716e-01 1.327175e+02 2.427935e+02
    endloop
  endfacet
  facet normal 8.348305e-01 4.816102e-01 -2.666640e-01
    outer loop
      vertex   9.044716e-01 1.327175e+02 2.427935e+02
      vertex   1.611231e+00 1.314767e+02 2.427652e+02
      vertex   8.916229e-01 1.326952e+02 2.427131e+02
    endloop
  endfacet
  facet normal 8.424432e-01 4.877204e-01 -2.289504e-01
    outer loop
      vertex   8.916229e-01 1.326952e+02 2.427131e+02
      vertex   1.611231e+00 1.314767e+02 2.427652e+02
      vertex   1.580097e+00 1.314588e+02 2.426124e+02
    endloop
  endfacet
  facet normal 8.447603e-01 4.882128e-01 -2.191536e-01
    outer loop
      vertex   8.916229e-01 1.326952e+02 2.427131e+02
      vertex   1.580097e+00 1.314588e+02 2.426124e+02
      vertex   8.810679e-01 1.326770e+02 2.426317e+02
    endloop
  endfacet
  facet normal 8.534106e-01 4.924135e-01 -1.709363e-01
    outer loop
      vertex   8.810679e-01 1.326770e+02 2.426317e+02
      vertex   1.580097e+00 1.314588e+02 2.426124e+02
      vertex   8.728319e-01 1.326627e+02 2.425494e+02
    endloop
  endfacet
  facet normal 8.570932e-01 4.962904e-01 -1.381562e-01
    outer loop
      vertex   8.728319e-01 1.326627e+02 2.425494e+02
      vertex   1.580097e+00 1.314588e+02 2.426124e+02
      vertex   1.561309e+00 1.314479e+02 2.424569e+02
    endloop
  endfacet
  facet normal 8.594141e-01 4.964067e-01 -1.224243e-01
    outer loop
      vertex   8.728319e-01 1.326627e+02 2.425494e+02
      vertex   1.561309e+00 1.314479e+02 2.424569e+02
      vertex   8.669349e-01 1.326525e+02 2.424666e+02
    endloop
  endfacet
  facet normal 8.637557e-01 4.985130e-01 -7.355808e-02
    outer loop
      vertex   8.669349e-01 1.326525e+02 2.424666e+02
      vertex   1.561309e+00 1.314479e+02 2.424569e+02
      vertex   8.633910e-01 1.326463e+02 2.423834e+02
    endloop
  endfacet
  facet normal 8.645362e-01 5.019692e-01 -2.457586e-02
    outer loop
      vertex   8.633910e-01 1.326463e+02 2.423834e+02
      vertex   1.561309e+00 1.314479e+02 2.424569e+02
      vertex   8.622087e-01 1.326443e+02 2.423000e+02
    endloop
  endfacet
  facet normal 8.651013e-01 4.994665e-01 -4.618346e-02
    outer loop
      vertex   8.622087e-01 1.326443e+02 2.423000e+02
      vertex   1.561309e+00 1.314479e+02 2.424569e+02
      vertex   2.744877e+00 1.293979e+02 2.424569e+02
    endloop
  endfacet
  facet normal 2.125333e-02 1.227061e-02 -9.996988e-01
    outer loop
      vertex   1.795544e+00 1.342609e+02 2.439980e+02
      vertex   1.843704e+00 1.343443e+02 2.440000e+02
      vertex   5.394408e+00 1.281943e+02 2.440000e+02
    endloop
  endfacet
  facet normal 8.577206e-01 4.952052e-01 -1.381564e-01
    outer loop
      vertex   2.763665e+00 1.294088e+02 2.426124e+02
      vertex   2.744877e+00 1.293979e+02 2.424569e+02
      vertex   1.561309e+00 1.314479e+02 2.424569e+02
    endloop
  endfacet
  facet normal 8.430221e-01 4.867190e-01 -2.289505e-01
    outer loop
      vertex   2.794799e+00 1.294267e+02 2.427652e+02
      vertex   2.763665e+00 1.294088e+02 2.426124e+02
      vertex   1.580097e+00 1.314588e+02 2.426124e+02
    endloop
  endfacet
  facet normal 8.577206e-01 4.952052e-01 -1.381564e-01
    outer loop
      vertex   1.580097e+00 1.314588e+02 2.426124e+02
      vertex   2.763665e+00 1.294088e+02 2.426124e+02
      vertex   1.561309e+00 1.314479e+02 2.424569e+02
    endloop
  endfacet
  facet normal 8.211312e-01 4.740803e-01 -3.177914e-01
    outer loop
      vertex   2.838014e+00 1.294517e+02 2.429141e+02
      vertex   2.794799e+00 1.294267e+02 2.427652e+02
      vertex   1.611231e+00 1.314767e+02 2.427652e+02
    endloop
  endfacet
  facet normal 8.430221e-01 4.867190e-01 -2.289505e-01
    outer loop
      vertex   1.611231e+00 1.314767e+02 2.427652e+02
      vertex   2.794799e+00 1.294267e+02 2.427652e+02
      vertex   1.580097e+00 1.314588e+02 2.426124e+02
    endloop
  endfacet
  facet normal 7.922347e-01 4.573969e-01 -4.039210e-01
    outer loop
      vertex   2.892942e+00 1.294834e+02 2.430578e+02
      vertex   2.838014e+00 1.294517e+02 2.429141e+02
      vertex   1.654446e+00 1.315017e+02 2.429141e+02
    endloop
  endfacet
  facet normal 8.211312e-01 4.740803e-01 -3.177914e-01
    outer loop
      vertex   1.654446e+00 1.315017e+02 2.429141e+02
      vertex   2.838014e+00 1.294517e+02 2.429141e+02
      vertex   1.611231e+00 1.314767e+02 2.427652e+02
    endloop
  endfacet
  facet normal 7.565792e-01 4.368112e-01 -4.866045e-01
    outer loop
      vertex   2.959114e+00 1.295216e+02 2.431949e+02
      vertex   2.892942e+00 1.294834e+02 2.430578e+02
      vertex   1.709374e+00 1.315334e+02 2.430578e+02
    endloop
  endfacet
  facet normal 7.922347e-01 4.573969e-01 -4.039210e-01
    outer loop
      vertex   1.709374e+00 1.315334e+02 2.430578e+02
      vertex   2.892942e+00 1.294834e+02 2.430578e+02
      vertex   1.654446e+00 1.315017e+02 2.429141e+02
    endloop
  endfacet
  facet normal 7.144688e-01 4.124987e-01 -5.651364e-01
    outer loop
      vertex   3.035965e+00 1.295660e+02 2.433245e+02
      vertex   2.959114e+00 1.295216e+02 2.431949e+02
      vertex   1.775546e+00 1.315716e+02 2.431949e+02
    endloop
  endfacet
  facet normal 7.565792e-01 4.368112e-01 -4.866045e-01
    outer loop
      vertex   1.775546e+00 1.315716e+02 2.431949e+02
      vertex   2.959114e+00 1.295216e+02 2.431949e+02
      vertex   1.709374e+00 1.315334e+02 2.430578e+02
    endloop
  endfacet
  facet normal 6.662628e-01 3.846670e-01 -6.388468e-01
    outer loop
      vertex   3.122839e+00 1.296161e+02 2.434453e+02
      vertex   3.035965e+00 1.295660e+02 2.433245e+02
      vertex   1.852397e+00 1.316160e+02 2.433245e+02
    endloop
  endfacet
  facet normal 7.144688e-01 4.124987e-01 -5.651364e-01
    outer loop
      vertex   1.852397e+00 1.316160e+02 2.433245e+02
      vertex   3.035965e+00 1.295660e+02 2.433245e+02
      vertex   1.775546e+00 1.315716e+02 2.431949e+02
    endloop
  endfacet
  facet normal 6.123724e-01 3.535534e-01 -7.071068e-01
    outer loop
      vertex   3.218996e+00 1.296717e+02 2.435563e+02
      vertex   3.122839e+00 1.296161e+02 2.434453e+02
      vertex   1.939271e+00 1.316661e+02 2.434453e+02
    endloop
  endfacet
  facet normal 6.662628e-01 3.846670e-01 -6.388468e-01
    outer loop
      vertex   1.939271e+00 1.316661e+02 2.434453e+02
      vertex   3.122839e+00 1.296161e+02 2.434453e+02
      vertex   1.852397e+00 1.316160e+02 2.433245e+02
    endloop
  endfacet
  facet normal 5.532576e-01 3.194234e-01 -7.693340e-01
    outer loop
      vertex   3.323616e+00 1.297321e+02 2.436566e+02
      vertex   3.218996e+00 1.296717e+02 2.435563e+02
      vertex   2.035428e+00 1.317217e+02 2.435563e+02
    endloop
  endfacet
  facet normal 6.123724e-01 3.535534e-01 -7.071068e-01
    outer loop
      vertex   2.035428e+00 1.317217e+02 2.435563e+02
      vertex   3.218996e+00 1.296717e+02 2.435563e+02
      vertex   1.939271e+00 1.316661e+02 2.434453e+02
    endloop
  endfacet
  facet normal 4.894225e-01 2.825682e-01 -8.249975e-01
    outer loop
      vertex   3.435804e+00 1.297968e+02 2.437454e+02
      vertex   3.323616e+00 1.297321e+02 2.436566e+02
      vertex   2.140047e+00 1.317821e+02 2.436566e+02
    endloop
  endfacet
  facet normal 5.532576e-01 3.194234e-01 -7.693340e-01
    outer loop
      vertex   2.140047e+00 1.317821e+02 2.436566e+02
      vertex   3.323616e+00 1.297321e+02 2.436566e+02
      vertex   2.035428e+00 1.317217e+02 2.435563e+02
    endloop
  endfacet
  facet normal 4.214118e-01 2.433022e-01 -8.736224e-01
    outer loop
      vertex   3.554605e+00 1.298654e+02 2.438218e+02
      vertex   3.435804e+00 1.297968e+02 2.437454e+02
      vertex   2.252236e+00 1.318468e+02 2.437454e+02
    endloop
  endfacet
  facet normal 4.894225e-01 2.825682e-01 -8.249975e-01
    outer loop
      vertex   2.252236e+00 1.318468e+02 2.437454e+02
      vertex   3.435804e+00 1.297968e+02 2.437454e+02
      vertex   2.140047e+00 1.317821e+02 2.436566e+02
    endloop
  endfacet
  facet normal 3.498059e-01 2.019605e-01 -9.147939e-01
    outer loop
      vertex   3.679005e+00 1.299372e+02 2.438852e+02
      vertex   3.554605e+00 1.298654e+02 2.438218e+02
      vertex   2.371037e+00 1.319154e+02 2.438218e+02
    endloop
  endfacet
  facet normal 4.214118e-01 2.433022e-01 -8.736224e-01
    outer loop
      vertex   2.371037e+00 1.319154e+02 2.438218e+02
      vertex   3.554605e+00 1.298654e+02 2.438218e+02
      vertex   2.252236e+00 1.318468e+02 2.437454e+02
    endloop
  endfacet
  facet normal 2.752154e-01 1.588957e-01 -9.481606e-01
    outer loop
      vertex   3.807942e+00 1.300117e+02 2.439351e+02
      vertex   3.679005e+00 1.299372e+02 2.438852e+02
      vertex   2.495437e+00 1.319872e+02 2.438852e+02
    endloop
  endfacet
  facet normal 3.498059e-01 2.019605e-01 -9.147939e-01
    outer loop
      vertex   2.495437e+00 1.319872e+02 2.438852e+02
      vertex   3.679005e+00 1.299372e+02 2.438852e+02
      vertex   2.371037e+00 1.319154e+02 2.438218e+02
    endloop
  endfacet
  facet normal 1.982770e-01 1.144753e-01 -9.734381e-01
    outer loop
      vertex   3.940316e+00 1.300881e+02 2.439711e+02
      vertex   3.807942e+00 1.300117e+02 2.439351e+02
      vertex   2.624374e+00 1.320617e+02 2.439351e+02
    endloop
  endfacet
  facet normal 2.752154e-01 1.588957e-01 -9.481606e-01
    outer loop
      vertex   2.624374e+00 1.320617e+02 2.439351e+02
      vertex   3.807942e+00 1.300117e+02 2.439351e+02
      vertex   2.495437e+00 1.319872e+02 2.438852e+02
    endloop
  endfacet
  facet normal 1.196469e-01 6.907818e-02 -9.904104e-01
    outer loop
      vertex   4.074999e+00 1.301659e+02 2.439927e+02
      vertex   3.940316e+00 1.300881e+02 2.439711e+02
      vertex   2.756748e+00 1.321381e+02 2.439711e+02
    endloop
  endfacet
  facet normal 1.982770e-01 1.144753e-01 -9.734381e-01
    outer loop
      vertex   2.756748e+00 1.321381e+02 2.439711e+02
      vertex   3.940316e+00 1.300881e+02 2.439711e+02
      vertex   2.624374e+00 1.320617e+02 2.439351e+02
    endloop
  endfacet
  facet normal 1.196469e-01 6.907818e-02 -9.904104e-01
    outer loop
      vertex   2.891431e+00 1.322159e+02 2.439927e+02
      vertex   4.074999e+00 1.301659e+02 2.439927e+02
      vertex   2.756748e+00 1.321381e+02 2.439711e+02
    endloop
  endfacet
  facet normal 0.000000e+00 9.996988e-01 -2.454123e-02
    outer loop
      vertex   8.622087e-01 1.326443e+02 2.423000e+02
      vertex   -4.276209e+00 1.326443e+02 2.423000e+02
      vertex   8.633910e-01 1.326463e+02 2.423834e+02
    endloop
  endfacet
  facet normal 5.742992e-04 9.982048e-01 -5.988987e-02
    outer loop
      vertex   8.633910e-01 1.326463e+02 2.423834e+02
      vertex   -4.276209e+00 1.326443e+02 2.423000e+02
      vertex   -5.234319e-01 1.326515e+02 2.424569e+02
    endloop
  endfacet
  facet normal -1.529496e-04 9.972909e-01 -7.355808e-02
    outer loop
      vertex   8.633910e-01 1.326463e+02 2.423834e+02
      vertex   -5.234319e-01 1.326515e+02 2.424569e+02
      vertex   8.669349e-01 1.326525e+02 2.424666e+02
    endloop
  endfacet
  facet normal 1.937656e-04 9.924778e-01 -1.224243e-01
    outer loop
      vertex   8.669349e-01 1.326525e+02 2.424666e+02
      vertex   -5.234319e-01 1.326515e+02 2.424569e+02
      vertex   8.728319e-01 1.326627e+02 2.425494e+02
    endloop
  endfacet
  facet normal 1.253459e-03 9.904097e-01 -1.381562e-01
    outer loop
      vertex   8.728319e-01 1.326627e+02 2.425494e+02
      vertex   -5.234319e-01 1.326515e+02 2.424569e+02
      vertex   -5.234319e-01 1.326732e+02 2.426124e+02
    endloop
  endfacet
  facet normal -2.627327e-04 9.852820e-01 -1.709363e-01
    outer loop
      vertex   8.728319e-01 1.326627e+02 2.425494e+02
      vertex   -5.234319e-01 1.326732e+02 2.426124e+02
      vertex   8.810679e-01 1.326770e+02 2.426317e+02
    endloop
  endfacet
  facet normal 4.245392e-04 9.756903e-01 -2.191536e-01
    outer loop
      vertex   8.810679e-01 1.326770e+02 2.426317e+02
      vertex   -5.234319e-01 1.326732e+02 2.426124e+02
      vertex   8.916229e-01 1.326952e+02 2.427131e+02
    endloop
  endfacet
  facet normal 1.156683e-03 9.734374e-01 -2.289504e-01
    outer loop
      vertex   8.916229e-01 1.326952e+02 2.427131e+02
      vertex   -5.234319e-01 1.326732e+02 2.426124e+02
      vertex   -5.234319e-01 1.327092e+02 2.427652e+02
    endloop
  endfacet
  facet normal -3.285970e-04 9.637895e-01 -2.666640e-01
    outer loop
      vertex   8.916229e-01 1.326952e+02 2.427131e+02
      vertex   -5.234319e-01 1.327092e+02 2.427652e+02
      vertex   9.044716e-01 1.327175e+02 2.427935e+02
    endloop
  endfacet
  facet normal 6.873536e-04 9.494889e-01 -3.137999e-01
    outer loop
      vertex   9.044716e-01 1.327175e+02 2.427935e+02
      vertex   -5.234319e-01 1.327092e+02 2.427652e+02
      vertex   9.195829e-01 1.327437e+02 2.428727e+02
    endloop
  endfacet
  facet normal 1.016408e-03 9.481602e-01 -3.177913e-01
    outer loop
      vertex   9.195829e-01 1.327437e+02 2.428727e+02
      vertex   -5.234319e-01 1.327092e+02 2.427652e+02
      vertex   -5.234319e-01 1.327591e+02 2.429141e+02
    endloop
  endfacet
  facet normal -3.513556e-04 9.330190e-01 -3.598269e-01
    outer loop
      vertex   9.195829e-01 1.327437e+02 2.428727e+02
      vertex   -5.234319e-01 1.327591e+02 2.429141e+02
      vertex   9.369206e-01 1.327737e+02 2.429506e+02
    endloop
  endfacet
  facet normal 9.315532e-04 9.147935e-01 -4.039208e-01
    outer loop
      vertex   9.369206e-01 1.327737e+02 2.429506e+02
      vertex   -5.234319e-01 1.327591e+02 2.429141e+02
      vertex   -5.234319e-01 1.328225e+02 2.430578e+02
    endloop
  endfacet
  facet normal 8.000172e-04 9.141336e-01 -4.054123e-01
    outer loop
      vertex   9.369206e-01 1.327737e+02 2.429506e+02
      vertex   -5.234319e-01 1.328225e+02 2.430578e+02
      vertex   9.564428e-01 1.328075e+02 2.430268e+02
    endloop
  endfacet
  facet normal -3.331977e-04 8.932631e-01 -4.495340e-01
    outer loop
      vertex   9.564428e-01 1.328075e+02 2.430268e+02
      vertex   -5.234319e-01 1.328225e+02 2.430578e+02
      vertex   9.781024e-01 1.328450e+02 2.431014e+02
    endloop
  endfacet
  facet normal 1.038150e-03 8.736219e-01 -4.866042e-01
    outer loop
      vertex   9.781024e-01 1.328450e+02 2.431014e+02
      vertex   -5.234319e-01 1.328225e+02 2.430578e+02
      vertex   -5.234319e-01 1.328989e+02 2.431949e+02
    endloop
  endfacet
  facet normal 5.086794e-04 8.700155e-01 -4.930241e-01
    outer loop
      vertex   9.781024e-01 1.328450e+02 2.431014e+02
      vertex   -5.234319e-01 1.328989e+02 2.431949e+02
      vertex   1.001847e+00 1.328862e+02 2.431740e+02
    endloop
  endfacet
  facet normal -2.773859e-04 8.448994e-01 -5.349252e-01
    outer loop
      vertex   1.001847e+00 1.328862e+02 2.431740e+02
      vertex   -5.234319e-01 1.328989e+02 2.431949e+02
      vertex   1.027621e+00 1.329308e+02 2.432445e+02
    endloop
  endfacet
  facet normal 1.096386e-03 8.249970e-01 -5.651361e-01
    outer loop
      vertex   1.027621e+00 1.329308e+02 2.432445e+02
      vertex   -5.234319e-01 1.328989e+02 2.431949e+02
      vertex   -5.234319e-01 1.329877e+02 2.433245e+02
    endloop
  endfacet
  facet normal 2.684612e-04 8.175334e-01 -5.758811e-01
    outer loop
      vertex   1.027621e+00 1.329308e+02 2.432445e+02
      vertex   -5.234319e-01 1.329877e+02 2.433245e+02
      vertex   1.055360e+00 1.329788e+02 2.433127e+02
    endloop
  endfacet
  facet normal -1.878963e-04 7.883875e-01 -6.151790e-01
    outer loop
      vertex   1.055360e+00 1.329788e+02 2.433127e+02
      vertex   -5.234319e-01 1.329877e+02 2.433245e+02
      vertex   1.084998e+00 1.330302e+02 2.433785e+02
    endloop
  endfacet
  facet normal 1.110147e-03 7.693335e-01 -6.388464e-01
    outer loop
      vertex   1.084998e+00 1.330302e+02 2.433785e+02
      vertex   -5.234319e-01 1.329877e+02 2.433245e+02
      vertex   -5.234319e-01 1.330880e+02 2.434453e+02
    endloop
  endfacet
  facet normal 7.769235e-05 7.571897e-01 -6.531950e-01
    outer loop
      vertex   1.084998e+00 1.330302e+02 2.433785e+02
      vertex   -5.234319e-01 1.330880e+02 2.434453e+02
      vertex   1.116464e+00 1.330847e+02 2.434417e+02
    endloop
  endfacet
  facet normal -6.905716e-05 7.242660e-01 -6.895206e-01
    outer loop
      vertex   1.116464e+00 1.330847e+02 2.434417e+02
      vertex   -5.234319e-01 1.330880e+02 2.434453e+02
      vertex   1.149682e+00 1.331422e+02 2.435021e+02
    endloop
  endfacet
  facet normal 1.084171e-03 7.071064e-01 -7.071064e-01
    outer loop
      vertex   1.149682e+00 1.331422e+02 2.435021e+02
      vertex   -5.234319e-01 1.330880e+02 2.434453e+02
      vertex   -5.234319e-01 1.331990e+02 2.435563e+02
    endloop
  endfacet
  facet normal -6.646229e-05 6.895607e-01 -7.242279e-01
    outer loop
      vertex   1.149682e+00 1.331422e+02 2.435021e+02
      vertex   -5.234319e-01 1.331990e+02 2.435563e+02
      vertex   1.184572e+00 1.332026e+02 2.435596e+02
    endloop
  endfacet
  facet normal 7.477239e-05 6.531481e-01 -7.572302e-01
    outer loop
      vertex   1.184572e+00 1.332026e+02 2.435596e+02
      vertex   -5.234319e-01 1.331990e+02 2.435563e+02
      vertex   1.221050e+00 1.332658e+02 2.436141e+02
    endloop
  endfacet
  facet normal 1.023567e-03 6.388465e-01 -7.693336e-01
    outer loop
      vertex   1.221050e+00 1.332658e+02 2.436141e+02
      vertex   -5.234319e-01 1.331990e+02 2.435563e+02
      vertex   -5.234319e-01 1.333198e+02 2.436566e+02
    endloop
  endfacet
  facet normal -1.676082e-04 6.152917e-01 -7.882995e-01
    outer loop
      vertex   1.221050e+00 1.332658e+02 2.436141e+02
      vertex   -5.234319e-01 1.333198e+02 2.436566e+02
      vertex   1.259028e+00 1.333316e+02 2.436655e+02
    endloop
  endfacet
  facet normal 2.394566e-04 5.757158e-01 -8.176499e-01
    outer loop
      vertex   1.259028e+00 1.333316e+02 2.436655e+02
      vertex   -5.234319e-01 1.333198e+02 2.436566e+02
      vertex   1.298414e+00 1.333998e+02 2.437135e+02
    endloop
  endfacet
  facet normal 9.334221e-04 5.651362e-01 -8.249971e-01
    outer loop
      vertex   1.298414e+00 1.333998e+02 2.437135e+02
      vertex   -5.234319e-01 1.333198e+02 2.436566e+02
      vertex   -5.234319e-01 1.334494e+02 2.437454e+02
    endloop
  endfacet
  facet normal -2.297627e-04 5.350923e-01 -8.447936e-01
    outer loop
      vertex   1.298414e+00 1.333998e+02 2.437135e+02
      vertex   -5.234319e-01 1.334494e+02 2.437454e+02
      vertex   1.339115e+00 1.334703e+02 2.437581e+02
    endloop
  endfacet
  facet normal 4.212622e-04 4.927140e-01 -8.701912e-01
    outer loop
      vertex   1.339115e+00 1.334703e+02 2.437581e+02
      vertex   -5.234319e-01 1.334494e+02 2.437454e+02
      vertex   1.381030e+00 1.335429e+02 2.437993e+02
    endloop
  endfacet
  facet normal 8.185080e-04 4.866043e-01 -8.736221e-01
    outer loop
      vertex   1.381030e+00 1.335429e+02 2.437993e+02
      vertex   -5.234319e-01 1.334494e+02 2.437454e+02
      vertex   -5.234319e-01 1.335865e+02 2.438218e+02
    endloop
  endfacet
  facet normal -2.570572e-04 4.497297e-01 -8.931647e-01
    outer loop
      vertex   1.381030e+00 1.335429e+02 2.437993e+02
      vertex   -5.234319e-01 1.335865e+02 2.438218e+02
      vertex   1.424061e+00 1.336174e+02 2.438368e+02
    endloop
  endfacet
  facet normal 6.169654e-04 4.049435e-01 -9.143415e-01
    outer loop
      vertex   1.424061e+00 1.336174e+02 2.438368e+02
      vertex   -5.234319e-01 1.335865e+02 2.438218e+02
      vertex   1.468102e+00 1.336937e+02 2.438706e+02
    endloop
  endfacet
  facet normal 6.830897e-04 4.039209e-01 -9.147937e-01
    outer loop
      vertex   1.468102e+00 1.336937e+02 2.438706e+02
      vertex   -5.234319e-01 1.335865e+02 2.438218e+02
      vertex   -5.234319e-01 1.337302e+02 2.438852e+02
    endloop
  endfacet
  facet normal -2.535103e-04 3.600224e-01 -9.329436e-01
    outer loop
      vertex   1.468102e+00 1.336937e+02 2.438706e+02
      vertex   -5.234319e-01 1.337302e+02 2.438852e+02
      vertex   1.513048e+00 1.337716e+02 2.439006e+02
    endloop
  endfacet
  facet normal 7.202096e-04 3.177913e-01 -9.481604e-01
    outer loop
      vertex   1.513048e+00 1.337716e+02 2.439006e+02
      vertex   -5.234319e-01 1.337302e+02 2.438852e+02
      vertex   -5.234319e-01 1.338791e+02 2.439351e+02
    endloop
  endfacet
  facet normal 4.659879e-04 3.134391e-01 -9.496082e-01
    outer loop
      vertex   1.513048e+00 1.337716e+02 2.439006e+02
      vertex   -5.234319e-01 1.338791e+02 2.439351e+02
      vertex   1.558791e+00 1.338508e+02 2.439268e+02
    endloop
  endfacet
  facet normal -2.228689e-04 2.668323e-01 -9.637430e-01
    outer loop
      vertex   1.558791e+00 1.338508e+02 2.439268e+02
      vertex   -5.234319e-01 1.338791e+02 2.439351e+02
      vertex   1.605220e+00 1.339312e+02 2.439491e+02
    endloop
  endfacet
  facet normal 7.689237e-04 2.289505e-01 -9.734378e-01
    outer loop
      vertex   1.605220e+00 1.339312e+02 2.439491e+02
      vertex   -5.234319e-01 1.338791e+02 2.439351e+02
      vertex   -5.234319e-01 1.340319e+02 2.439711e+02
    endloop
  endfacet
  facet normal 2.721947e-04 2.189516e-01 -9.757357e-01
    outer loop
      vertex   1.605220e+00 1.339312e+02 2.439491e+02
      vertex   -5.234319e-01 1.340319e+02 2.439711e+02
      vertex   1.652224e+00 1.340126e+02 2.439673e+02
    endloop
  endfacet
  facet normal -1.685088e-04 1.710563e-01 -9.852612e-01
    outer loop
      vertex   1.652224e+00 1.340126e+02 2.439673e+02
      vertex   -5.234319e-01 1.340319e+02 2.439711e+02
      vertex   1.699689e+00 1.340948e+02 2.439816e+02
    endloop
  endfacet
  facet normal 7.872536e-04 1.381563e-01 -9.904101e-01
    outer loop
      vertex   1.699689e+00 1.340948e+02 2.439816e+02
      vertex   -5.234319e-01 1.340319e+02 2.439711e+02
      vertex   -5.234319e-01 1.341874e+02 2.439927e+02
    endloop
  endfacet
  facet normal 1.182799e-04 1.223434e-01 -9.924878e-01
    outer loop
      vertex   1.699689e+00 1.340948e+02 2.439816e+02
      vertex   -5.234319e-01 1.341874e+02 2.439927e+02
      vertex   1.747501e+00 1.341777e+02 2.439918e+02
    endloop
  endfacet
  facet normal -9.338215e-05 7.361819e-02 -9.972865e-01
    outer loop
      vertex   1.747501e+00 1.341777e+02 2.439918e+02
      vertex   -5.234319e-01 1.341874e+02 2.439927e+02
      vertex   1.795544e+00 1.342609e+02 2.439980e+02
    endloop
  endfacet
  facet normal 1.493620e-03 2.367937e-02 -9.997185e-01
    outer loop
      vertex   1.795544e+00 1.342609e+02 2.439980e+02
      vertex   -5.234319e-01 1.341874e+02 2.439927e+02
      vertex   1.843704e+00 1.343443e+02 2.440000e+02
    endloop
  endfacet
  facet normal 0.000000e+00 4.618346e-02 -9.989330e-01
    outer loop
      vertex   1.843704e+00 1.343443e+02 2.440000e+02
      vertex   -5.234319e-01 1.341874e+02 2.439927e+02
      vertex   -2.890568e+00 1.341874e+02 2.439927e+02
    endloop
  endfacet
  facet normal -3.981226e-04 5.817073e-02 -9.983066e-01
    outer loop
      vertex   1.843704e+00 1.343443e+02 2.440000e+02
      vertex   -2.890568e+00 1.341874e+02 2.439927e+02
      vertex   -5.209544e+00 1.342609e+02 2.439980e+02
    endloop
  endfacet
  facet normal 9.338215e-05 7.361819e-02 -9.972865e-01
    outer loop
      vertex   -5.209544e+00 1.342609e+02 2.439980e+02
      vertex   -2.890568e+00 1.341874e+02 2.439927e+02
      vertex   -5.161501e+00 1.341777e+02 2.439918e+02
    endloop
  endfacet
  facet normal -1.182799e-04 1.223434e-01 -9.924878e-01
    outer loop
      vertex   -5.161501e+00 1.341777e+02 2.439918e+02
      vertex   -2.890568e+00 1.341874e+02 2.439927e+02
      vertex   -5.113689e+00 1.340948e+02 2.439816e+02
    endloop
  endfacet
  facet normal -7.872536e-04 1.381563e-01 -9.904101e-01
    outer loop
      vertex   -5.113689e+00 1.340948e+02 2.439816e+02
      vertex   -2.890568e+00 1.341874e+02 2.439927e+02
      vertex   -2.890568e+00 1.340319e+02 2.439711e+02
    endloop
  endfacet
  facet normal 1.685088e-04 1.710563e-01 -9.852612e-01
    outer loop
      vertex   -5.113689e+00 1.340948e+02 2.439816e+02
      vertex   -2.890568e+00 1.340319e+02 2.439711e+02
      vertex   -5.066224e+00 1.340126e+02 2.439673e+02
    endloop
  endfacet
  facet normal -2.721947e-04 2.189516e-01 -9.757357e-01
    outer loop
      vertex   -5.066224e+00 1.340126e+02 2.439673e+02
      vertex   -2.890568e+00 1.340319e+02 2.439711e+02
      vertex   -5.019220e+00 1.339312e+02 2.439491e+02
    endloop
  endfacet
  facet normal -7.689237e-04 2.289505e-01 -9.734378e-01
    outer loop
      vertex   -5.019220e+00 1.339312e+02 2.439491e+02
      vertex   -2.890568e+00 1.340319e+02 2.439711e+02
      vertex   -2.890568e+00 1.338791e+02 2.439351e+02
    endloop
  endfacet
  facet normal 2.228689e-04 2.668323e-01 -9.637430e-01
    outer loop
      vertex   -5.019220e+00 1.339312e+02 2.439491e+02
      vertex   -2.890568e+00 1.338791e+02 2.439351e+02
      vertex   -4.972791e+00 1.338508e+02 2.439268e+02
    endloop
  endfacet
  facet normal -4.659879e-04 3.134391e-01 -9.496082e-01
    outer loop
      vertex   -4.972791e+00 1.338508e+02 2.439268e+02
      vertex   -2.890568e+00 1.338791e+02 2.439351e+02
      vertex   -4.927048e+00 1.337716e+02 2.439006e+02
    endloop
  endfacet
  facet normal -7.202096e-04 3.177913e-01 -9.481604e-01
    outer loop
      vertex   -4.927048e+00 1.337716e+02 2.439006e+02
      vertex   -2.890568e+00 1.338791e+02 2.439351e+02
      vertex   -2.890568e+00 1.337302e+02 2.438852e+02
    endloop
  endfacet
  facet normal 2.535103e-04 3.600224e-01 -9.329436e-01
    outer loop
      vertex   -4.927048e+00 1.337716e+02 2.439006e+02
      vertex   -2.890568e+00 1.337302e+02 2.438852e+02
      vertex   -4.882102e+00 1.336937e+02 2.438706e+02
    endloop
  endfacet
  facet normal -6.830897e-04 4.039209e-01 -9.147937e-01
    outer loop
      vertex   -4.882102e+00 1.336937e+02 2.438706e+02
      vertex   -2.890568e+00 1.337302e+02 2.438852e+02
      vertex   -2.890568e+00 1.335865e+02 2.438218e+02
    endloop
  endfacet
  facet normal -6.169654e-04 4.049435e-01 -9.143415e-01
    outer loop
      vertex   -4.882102e+00 1.336937e+02 2.438706e+02
      vertex   -2.890568e+00 1.335865e+02 2.438218e+02
      vertex   -4.838061e+00 1.336174e+02 2.438368e+02
    endloop
  endfacet
  facet normal 2.570572e-04 4.497297e-01 -8.931647e-01
    outer loop
      vertex   -4.838061e+00 1.336174e+02 2.438368e+02
      vertex   -2.890568e+00 1.335865e+02 2.438218e+02
      vertex   -4.795030e+00 1.335429e+02 2.437993e+02
    endloop
  endfacet
  facet normal -8.185080e-04 4.866043e-01 -8.736221e-01
    outer loop
      vertex   -4.795030e+00 1.335429e+02 2.437993e+02
      vertex   -2.890568e+00 1.335865e+02 2.438218e+02
      vertex   -2.890568e+00 1.334494e+02 2.437454e+02
    endloop
  endfacet
  facet normal -4.212622e-04 4.927140e-01 -8.701912e-01
    outer loop
      vertex   -4.795030e+00 1.335429e+02 2.437993e+02
      vertex   -2.890568e+00 1.334494e+02 2.437454e+02
      vertex   -4.753115e+00 1.334703e+02 2.437581e+02
    endloop
  endfacet
  facet normal 2.297627e-04 5.350923e-01 -8.447936e-01
    outer loop
      vertex   -4.753115e+00 1.334703e+02 2.437581e+02
      vertex   -2.890568e+00 1.334494e+02 2.437454e+02
      vertex   -4.712414e+00 1.333998e+02 2.437135e+02
    endloop
  endfacet
  facet normal -9.334221e-04 5.651362e-01 -8.249971e-01
    outer loop
      vertex   -4.712414e+00 1.333998e+02 2.437135e+02
      vertex   -2.890568e+00 1.334494e+02 2.437454e+02
      vertex   -2.890568e+00 1.333198e+02 2.436566e+02
    endloop
  endfacet
  facet normal -2.394566e-04 5.757158e-01 -8.176499e-01
    outer loop
      vertex   -4.712414e+00 1.333998e+02 2.437135e+02
      vertex   -2.890568e+00 1.333198e+02 2.436566e+02
      vertex   -4.673028e+00 1.333316e+02 2.436655e+02
    endloop
  endfacet
  facet normal 1.676082e-04 6.152917e-01 -7.882995e-01
    outer loop
      vertex   -4.673028e+00 1.333316e+02 2.436655e+02
      vertex   -2.890568e+00 1.333198e+02 2.436566e+02
      vertex   -4.635050e+00 1.332658e+02 2.436141e+02
    endloop
  endfacet
  facet normal -1.023567e-03 6.388465e-01 -7.693336e-01
    outer loop
      vertex   -4.635050e+00 1.332658e+02 2.436141e+02
      vertex   -2.890568e+00 1.333198e+02 2.436566e+02
      vertex   -2.890568e+00 1.331990e+02 2.435563e+02
    endloop
  endfacet
  facet normal -7.477239e-05 6.531481e-01 -7.572302e-01
    outer loop
      vertex   -4.635050e+00 1.332658e+02 2.436141e+02
      vertex   -2.890568e+00 1.331990e+02 2.435563e+02
      vertex   -4.598572e+00 1.332026e+02 2.435596e+02
    endloop
  endfacet
  facet normal 6.646229e-05 6.895607e-01 -7.242279e-01
    outer loop
      vertex   -4.598572e+00 1.332026e+02 2.435596e+02
      vertex   -2.890568e+00 1.331990e+02 2.435563e+02
      vertex   -4.563682e+00 1.331422e+02 2.435021e+02
    endloop
  endfacet
  facet normal -1.084171e-03 7.071064e-01 -7.071064e-01
    outer loop
      vertex   -4.563682e+00 1.331422e+02 2.435021e+02
      vertex   -2.890568e+00 1.331990e+02 2.435563e+02
      vertex   -2.890568e+00 1.330880e+02 2.434453e+02
    endloop
  endfacet
  facet normal 6.905716e-05 7.242660e-01 -6.895206e-01
    outer loop
      vertex   -4.563682e+00 1.331422e+02 2.435021e+02
      vertex   -2.890568e+00 1.330880e+02 2.434453e+02
      vertex   -4.530464e+00 1.330847e+02 2.434417e+02
    endloop
  endfacet
  facet normal -7.769235e-05 7.571897e-01 -6.531950e-01
    outer loop
      vertex   -4.530464e+00 1.330847e+02 2.434417e+02
      vertex   -2.890568e+00 1.330880e+02 2.434453e+02
      vertex   -4.498998e+00 1.330302e+02 2.433785e+02
    endloop
  endfacet
  facet normal -1.110147e-03 7.693335e-01 -6.388464e-01
    outer loop
      vertex   -4.498998e+00 1.330302e+02 2.433785e+02
      vertex   -2.890568e+00 1.330880e+02 2.434453e+02
      vertex   -2.890568e+00 1.329877e+02 2.433245e+02
    endloop
  endfacet
  facet normal 1.878963e-04 7.883875e-01 -6.151790e-01
    outer loop
      vertex   -4.498998e+00 1.330302e+02 2.433785e+02
      vertex   -2.890568e+00 1.329877e+02 2.433245e+02
      vertex   -4.469360e+00 1.329788e+02 2.433127e+02
    endloop
  endfacet
  facet normal -2.684612e-04 8.175334e-01 -5.758811e-01
    outer loop
      vertex   -4.469360e+00 1.329788e+02 2.433127e+02
      vertex   -2.890568e+00 1.329877e+02 2.433245e+02
      vertex   -4.441621e+00 1.329308e+02 2.432445e+02
    endloop
  endfacet
  facet normal -1.096386e-03 8.249970e-01 -5.651361e-01
    outer loop
      vertex   -4.441621e+00 1.329308e+02 2.432445e+02
      vertex   -2.890568e+00 1.329877e+02 2.433245e+02
      vertex   -2.890568e+00 1.328989e+02 2.431949e+02
    endloop
  endfacet
  facet normal 2.773859e-04 8.448994e-01 -5.349252e-01
    outer loop
      vertex   -4.441621e+00 1.329308e+02 2.432445e+02
      vertex   -2.890568e+00 1.328989e+02 2.431949e+02
      vertex   -4.415847e+00 1.328862e+02 2.431740e+02
    endloop
  endfacet
  facet normal -5.086794e-04 8.700155e-01 -4.930241e-01
    outer loop
      vertex   -4.415847e+00 1.328862e+02 2.431740e+02
      vertex   -2.890568e+00 1.328989e+02 2.431949e+02
      vertex   -4.392102e+00 1.328450e+02 2.431014e+02
    endloop
  endfacet
  facet normal -1.038150e-03 8.736219e-01 -4.866042e-01
    outer loop
      vertex   -4.392102e+00 1.328450e+02 2.431014e+02
      vertex   -2.890568e+00 1.328989e+02 2.431949e+02
      vertex   -2.890568e+00 1.328225e+02 2.430578e+02
    endloop
  endfacet
  facet normal 3.331977e-04 8.932631e-01 -4.495340e-01
    outer loop
      vertex   -4.392102e+00 1.328450e+02 2.431014e+02
      vertex   -2.890568e+00 1.328225e+02 2.430578e+02
      vertex   -4.370443e+00 1.328075e+02 2.430268e+02
    endloop
  endfacet
  facet normal -8.000172e-04 9.141336e-01 -4.054123e-01
    outer loop
      vertex   -4.370443e+00 1.328075e+02 2.430268e+02
      vertex   -2.890568e+00 1.328225e+02 2.430578e+02
      vertex   -4.350921e+00 1.327737e+02 2.429506e+02
    endloop
  endfacet
  facet normal -9.315532e-04 9.147935e-01 -4.039208e-01
    outer loop
      vertex   -4.350921e+00 1.327737e+02 2.429506e+02
      vertex   -2.890568e+00 1.328225e+02 2.430578e+02
      vertex   -2.890568e+00 1.327591e+02 2.429141e+02
    endloop
  endfacet
  facet normal 3.513556e-04 9.330190e-01 -3.598269e-01
    outer loop
      vertex   -4.350921e+00 1.327737e+02 2.429506e+02
      vertex   -2.890568e+00 1.327591e+02 2.429141e+02
      vertex   -4.333583e+00 1.327437e+02 2.428727e+02
    endloop
  endfacet
  facet normal -1.016408e-03 9.481602e-01 -3.177913e-01
    outer loop
      vertex   -4.333583e+00 1.327437e+02 2.428727e+02
      vertex   -2.890568e+00 1.327591e+02 2.429141e+02
      vertex   -2.890568e+00 1.327092e+02 2.427652e+02
    endloop
  endfacet
  facet normal -6.873536e-04 9.494889e-01 -3.137999e-01
    outer loop
      vertex   -4.333583e+00 1.327437e+02 2.428727e+02
      vertex   -2.890568e+00 1.327092e+02 2.427652e+02
      vertex   -4.318472e+00 1.327175e+02 2.427935e+02
    endloop
  endfacet
  facet normal 3.285970e-04 9.637895e-01 -2.666640e-01
    outer loop
      vertex   -4.318472e+00 1.327175e+02 2.427935e+02
      vertex   -2.890568e+00 1.327092e+02 2.427652e+02
      vertex   -4.305623e+00 1.326952e+02 2.427131e+02
    endloop
  endfacet
  facet normal -1.156683e-03 9.734374e-01 -2.289504e-01
    outer loop
      vertex   -4.305623e+00 1.326952e+02 2.427131e+02
      vertex   -2.890568e+00 1.327092e+02 2.427652e+02
      vertex   -2.890568e+00 1.326732e+02 2.426124e+02
    endloop
  endfacet
  facet normal -4.245392e-04 9.756903e-01 -2.191536e-01
    outer loop
      vertex   -4.305623e+00 1.326952e+02 2.427131e+02
      vertex   -2.890568e+00 1.326732e+02 2.426124e+02
      vertex   -4.295068e+00 1.326770e+02 2.426317e+02
    endloop
  endfacet
  facet normal 2.627327e-04 9.852820e-01 -1.709363e-01
    outer loop
      vertex   -4.295068e+00 1.326770e+02 2.426317e+02
      vertex   -2.890568e+00 1.326732e+02 2.426124e+02
      vertex   -4.286832e+00 1.326627e+02 2.425494e+02
    endloop
  endfacet
  facet normal -1.253459e-03 9.904097e-01 -1.381562e-01
    outer loop
      vertex   -4.286832e+00 1.326627e+02 2.425494e+02
      vertex   -2.890568e+00 1.326732e+02 2.426124e+02
      vertex   -2.890568e+00 1.326515e+02 2.424569e+02
    endloop
  endfacet
  facet normal -1.937656e-04 9.924778e-01 -1.224243e-01
    outer loop
      vertex   -4.286832e+00 1.326627e+02 2.425494e+02
      vertex   -2.890568e+00 1.326515e+02 2.424569e+02
      vertex   -4.280935e+00 1.326525e+02 2.424666e+02
    endloop
  endfacet
  facet normal 1.529496e-04 9.972909e-01 -7.355808e-02
    outer loop
      vertex   -4.280935e+00 1.326525e+02 2.424666e+02
      vertex   -2.890568e+00 1.326515e+02 2.424569e+02
      vertex   -4.277391e+00 1.326463e+02 2.423834e+02
    endloop
  endfacet
  facet normal -2.449995e-03 9.996950e-01 -2.457586e-02
    outer loop
      vertex   -4.277391e+00 1.326463e+02 2.423834e+02
      vertex   -2.890568e+00 1.326515e+02 2.424569e+02
      vertex   -4.276209e+00 1.326443e+02 2.423000e+02
    endloop
  endfacet
  facet normal 0.000000e+00 9.989330e-01 -4.618346e-02
    outer loop
      vertex   -4.276209e+00 1.326443e+02 2.423000e+02
      vertex   -2.890568e+00 1.326515e+02 2.424569e+02
      vertex   -5.234319e-01 1.326515e+02 2.424569e+02
    endloop
  endfacet
  facet normal 0.000000e+00 2.454123e-02 -9.996988e-01
    outer loop
      vertex   -5.209544e+00 1.342609e+02 2.439980e+02
      vertex   -5.257704e+00 1.343443e+02 2.440000e+02
      vertex   1.843704e+00 1.343443e+02 2.440000e+02
    endloop
  endfacet
  facet normal 0.000000e+00 9.904104e-01 -1.381564e-01
    outer loop
      vertex   -5.234319e-01 1.326732e+02 2.426124e+02
      vertex   -5.234319e-01 1.326515e+02 2.424569e+02
      vertex   -2.890568e+00 1.326515e+02 2.424569e+02
    endloop
  endfacet
  facet normal 0.000000e+00 9.734381e-01 -2.289505e-01
    outer loop
      vertex   -5.234319e-01 1.327092e+02 2.427652e+02
      vertex   -5.234319e-01 1.326732e+02 2.426124e+02
      vertex   -2.890568e+00 1.326732e+02 2.426124e+02
    endloop
  endfacet
  facet normal 0.000000e+00 9.904104e-01 -1.381564e-01
    outer loop
      vertex   -2.890568e+00 1.326732e+02 2.426124e+02
      vertex   -5.234319e-01 1.326732e+02 2.426124e+02
      vertex   -2.890568e+00 1.326515e+02 2.424569e+02
    endloop
  endfacet
  facet normal 0.000000e+00 9.481606e-01 -3.177914e-01
    outer loop
      vertex   -5.234319e-01 1.327591e+02 2.429141e+02
      vertex   -5.234319e-01 1.327092e+02 2.427652e+02
      vertex   -2.890568e+00 1.327092e+02 2.427652e+02
    endloop
  endfacet
  facet normal 0.000000e+00 9.734381e-01 -2.289505e-01
    outer loop
      vertex   -2.890568e+00 1.327092e+02 2.427652e+02
      vertex   -5.234319e-01 1.327092e+02 2.427652e+02
      vertex   -2.890568e+00 1.326732e+02 2.426124e+02
    endloop
  endfacet
  facet normal 0.000000e+00 9.147939e-01 -4.039210e-01
    outer loop
      vertex   -5.234319e-01 1.328225e+02 2.430578e+02
      vertex   -5.234319e-01 1.327591e+02 2.429141e+02
      vertex   -2.890568e+00 1.327591e+02 2.429141e+02
    endloop
  endfacet
  facet normal 0.000000e+00 9.481606e-01 -3.177914e-01
    outer loop
      vertex   -2.890568e+00 1.327591e+02 2.429141e+02
      vertex   -5.234319e-01 1.327591e+02 2.429141e+02
      vertex   -2.890568e+00 1.327092e+02 2.427652e+02
    endloop
  endfacet
  facet normal 0.000000e+00 8.736224e-01 -4.866045e-01
    outer loop
      vertex   -5.234319e-01 1.328989e+02 2.431949e+02
      vertex   -5.234319e-01 1.328225e+02 2.430578e+02
      vertex   -2.890568e+00 1.328225e+02 2.430578e+02
    endloop
  endfacet
  facet normal 0.000000e+00 9.147939e-01 -4.039210e-01
    outer loop
      vertex   -2.890568e+00 1.328225e+02 2.430578e+02
      vertex   -5.234319e-01 1.328225e+02 2.430578e+02
      vertex   -2.890568e+00 1.327591e+02 2.429141e+02
    endloop
  endfacet
  facet normal 0.000000e+00 8.249975e-01 -5.651364e-01
    outer loop
      vertex   -5.234319e-01 1.329877e+02 2.433245e+02
      vertex   -5.234319e-01 1.328989e+02 2.431949e+02
      vertex   -2.890568e+00 1.328989e+02 2.431949e+02
    endloop
  endfacet
  facet normal 0.000000e+00 8.736224e-01 -4.866045e-01
    outer loop
      vertex   -2.890568e+00 1.328989e+02 2.431949e+02
      vertex   -5.234319e-01 1.328989e+02 2.431949e+02
      vertex   -2.890568e+00 1.328225e+02 2.430578e+02
    endloop
  endfacet
  facet normal 0.000000e+00 7.693340e-01 -6.388468e-01
    outer loop
      vertex   -5.234319e-01 1.330880e+02 2.434453e+02
      vertex   -5.234319e-01 1.329877e+02 2.433245e+02
      vertex   -2.890568e+00 1.329877e+02 2.433245e+02
    endloop
  endfacet
  facet normal 0.000000e+00 8.249975e-01 -5.651364e-01
    outer loop
      vertex   -2.890568e+00 1.329877e+02 2.433245e+02
      vertex   -5.234319e-01 1.329877e+02 2.433245e+02
      vertex   -2.890568e+00 1.328989e+02 2.431949e+02
    endloop
  endfacet
  facet normal 0.000000e+00 7.071068e-01 -7.071068e-01
    outer loop
      vertex   -5.234319e-01 1.331990e+02 2.435563e+02
      vertex   -5.234319e-01 1.330880e+02 2.434453e+02
      vertex   -2.890568e+00 1.330880e+02 2.434453e+02
    endloop
  endfacet
  facet normal 0.000000e+00 7.693340e-01 -6.388468e-01
    outer loop
      vertex   -2.890568e+00 1.330880e+02 2.434453e+02
      vertex   -5.234319e-01 1.330880e+02 2.434453e+02
      vertex   -2.890568e+00 1.329877e+02 2.433245e+02
    endloop
  endfacet
  facet normal 0.000000e+00 6.388468e-01 -7.693340e-01
    outer loop
      vertex   -5.234319e-01 1.333198e+02 2.436566e+02
      vertex   -5.234319e-01 1.331990e+02 2.435563e+02
      vertex   -2.890568e+00 1.331990e+02 2.435563e+02
    endloop
  endfacet
  facet normal 0.000000e+00 7.071068e-01 -7.071068e-01
    outer loop
      vertex   -2.890568e+00 1.331990e+02 2.435563e+02
      vertex   -5.234319e-01 1.331990e+02 2.435563e+02
      vertex   -2.890568e+00 1.330880e+02 2.434453e+02
    endloop
  endfacet
  facet normal 0.000000e+00 5.651364e-01 -8.249975e-01
    outer loop
      vertex   -5.234319e-01 1.334494e+02 2.437454e+02
      vertex   -5.234319e-01 1.333198e+02 2.436566e+02
      vertex   -2.890568e+00 1.333198e+02 2.436566e+02
    endloop
  endfacet
  facet normal 0.000000e+00 6.388468e-01 -7.693340e-01
    outer loop
      vertex   -2.890568e+00 1.333198e+02 2.436566e+02
      vertex   -5.234319e-01 1.333198e+02 2.436566e+02
      vertex   -2.890568e+00 1.331990e+02 2.435563e+02
    endloop
  endfacet
  facet normal 0.000000e+00 4.866045e-01 -8.736224e-01
    outer loop
      vertex   -5.234319e-01 1.335865e+02 2.438218e+02
      vertex   -5.234319e-01 1.334494e+02 2.437454e+02
      vertex   -2.890568e+00 1.334494e+02 2.437454e+02
    endloop
  endfacet
  facet normal 0.000000e+00 5.651364e-01 -8.249975e-01
    outer loop
      vertex   -2.890568e+00 1.334494e+02 2.437454e+02
      vertex   -5.234319e-01 1.334494e+02 2.437454e+02
      vertex   -2.890568e+00 1.333198e+02 2.436566e+02
    endloop
  endfacet
  facet normal 0.000000e+00 4.039210e-01 -9.147939e-01
    outer loop
      vertex   -5.234319e-01 1.337302e+02 2.438852e+02
      vertex   -5.234319e-01 1.335865e+02 2.438218e+02
      vertex   -2.890568e+00 1.335865e+02 2.438218e+02
    endloop
  endfacet
  facet normal 0.000000e+00 4.866045e-01 -8.736224e-01
    outer loop
      vertex   -2.890568e+00 1.335865e+02 2.438218e+02
      vertex   -5.234319e-01 1.335865e+02 2.438218e+02
      vertex   -2.890568e+00 1.334494e+02 2.437454e+02
    endloop
  endfacet
  facet normal 0.000000e+00 3.177914e-01 -9.481606e-01
    outer loop
      vertex   -5.234319e-01 1.338791e+02 2.439351e+02
      vertex   -5.234319e-01 1.337302e+02 2.438852e+02
      vertex   -2.890568e+00 1.337302e+02 2.438852e+02
    endloop
  endfacet
  facet normal 0.000000e+00 4.039210e-01 -9.147939e-01
    outer loop
      vertex   -2.890568e+00 1.337302e+02 2.438852e+02
      vertex   -5.234319e-01 1.337302e+02 2.438852e+02
      vertex   -2.890568e+00 1.335865e+02 2.438218e+02
    endloop
  endfacet
  facet normal 0.000000e+00 2.289505e-01 -9.734381e-01
    outer loop
      vertex   -5.234319e-01 1.340319e+02 2.439711e+02
      vertex   -5.234319e-01 1.338791e+02 2.439351e+02
      vertex   -2.890568e+00 1.338791e+02 2.439351e+02
    endloop
  endfacet
  facet normal 0.000000e+00 3.177914e-01 -9.481606e-01
    outer loop
      vertex   -2.890568e+00 1.338791e+02 2.439351e+02
      vertex   -5.234319e-01 1.338791e+02 2.439351e+02
      vertex   -2.890568e+00 1.337302e+02 2.438852e+02
    endloop
  endfacet
  facet normal 0.000000e+00 1.381564e-01 -9.904104e-01
    outer loop
      vertex   -5.234319e-01 1.341874e+02 2.439927e+02
      vertex   -5.234319e-01 1.340319e+02 2.439711e+02
      vertex   -2.890568e+00 1.340319e+02 2.439711e+02
    endloop
  endfacet
  facet normal 0.000000e+00 2.289505e-01 -9.734381e-01
    outer loop
      vertex   -2.890568e+00 1.340319e+02 2.439711e+02
      vertex   -5.234319e-01 1.340319e+02 2.439711e+02
      vertex   -2.890568e+00 1.338791e+02 2.439351e+02
    endloop
  endfacet
  facet normal 0.000000e+00 1.381564e-01 -9.904104e-01
    outer loop
      vertex   -2.890568e+00 1.341874e+02 2.439927e+02
      vertex   -5.234319e-01 1.341874e+02 2.439927e+02
      vertex   -2.890568e+00 1.340319e+02 2.439711e+02
    endloop
  endfacet
  facet normal -2.125333e-02 1.227061e-02 -9.996988e-01
    outer loop
      vertex   -8.808408e+00 1.281943e+02 2.440000e+02
      vertex   -5.257704e+00 1.343443e+02 2.440000e+02
      vertex   -8.712089e+00 1.281943e+02 2.439980e+02
    endloop
  endfacet
  facet normal -5.057639e-02 2.874058e-02 -9.983066e-01
    outer loop
      vertex   -8.712089e+00 1.281943e+02 2.439980e+02
      vertex   -5.257704e+00 1.343443e+02 2.440000e+02
      vertex   -7.488999e+00 1.301659e+02 2.439927e+02
    endloop
  endfacet
  facet normal -6.370853e-02 3.688996e-02 -9.972865e-01
    outer loop
      vertex   -8.712089e+00 1.281943e+02 2.439980e+02
      vertex   -7.488999e+00 1.301659e+02 2.439927e+02
      vertex   -8.616002e+00 1.281943e+02 2.439918e+02
    endloop
  endfacet
  facet normal -1.060116e-01 6.106927e-02 -9.924878e-01
    outer loop
      vertex   -8.616002e+00 1.281943e+02 2.439918e+02
      vertex   -7.488999e+00 1.301659e+02 2.439927e+02
      vertex   -8.520378e+00 1.281943e+02 2.439816e+02
    endloop
  endfacet
  facet normal -1.200405e-01 6.839637e-02 -9.904101e-01
    outer loop
      vertex   -8.520378e+00 1.281943e+02 2.439816e+02
      vertex   -7.488999e+00 1.301659e+02 2.439927e+02
      vertex   -7.354316e+00 1.300881e+02 2.439711e+02
    endloop
  endfacet
  facet normal -1.480549e-01 8.567410e-02 -9.852612e-01
    outer loop
      vertex   -8.520378e+00 1.281943e+02 2.439816e+02
      vertex   -7.354316e+00 1.300881e+02 2.439711e+02
      vertex   -8.425448e+00 1.281943e+02 2.439673e+02
    endloop
  endfacet
  facet normal -1.897538e-01 1.092401e-01 -9.757357e-01
    outer loop
      vertex   -8.425448e+00 1.281943e+02 2.439673e+02
      vertex   -7.354316e+00 1.300881e+02 2.439711e+02
      vertex   -8.331440e+00 1.281943e+02 2.439491e+02
    endloop
  endfacet
  facet normal -1.986614e-01 1.138093e-01 -9.734378e-01
    outer loop
      vertex   -8.331440e+00 1.281943e+02 2.439491e+02
      vertex   -7.354316e+00 1.300881e+02 2.439711e+02
      vertex   -7.221942e+00 1.300117e+02 2.439351e+02
    endloop
  endfacet
  facet normal -2.309721e-01 1.336091e-01 -9.637430e-01
    outer loop
      vertex   -8.331440e+00 1.281943e+02 2.439491e+02
      vertex   -7.221942e+00 1.300117e+02 2.439351e+02
      vertex   -8.238582e+00 1.281943e+02 2.439268e+02
    endloop
  endfacet
  facet normal -2.716792e-01 1.563160e-01 -9.496082e-01
    outer loop
      vertex   -8.238582e+00 1.281943e+02 2.439268e+02
      vertex   -7.221942e+00 1.300117e+02 2.439351e+02
      vertex   -8.147097e+00 1.281943e+02 2.439006e+02
    endloop
  endfacet
  facet normal -2.755755e-01 1.582719e-01 -9.481604e-01
    outer loop
      vertex   -8.147097e+00 1.281943e+02 2.439006e+02
      vertex   -7.221942e+00 1.300117e+02 2.439351e+02
      vertex   -7.093005e+00 1.299372e+02 2.438852e+02
    endloop
  endfacet
  facet normal -3.116618e-01 1.802308e-01 -9.329436e-01
    outer loop
      vertex   -8.147097e+00 1.281943e+02 2.439006e+02
      vertex   -7.093005e+00 1.299372e+02 2.438852e+02
      vertex   -8.057204e+00 1.281943e+02 2.438706e+02
    endloop
  endfacet
  facet normal -3.501473e-01 2.013689e-01 -9.147937e-01
    outer loop
      vertex   -8.057204e+00 1.281943e+02 2.438706e+02
      vertex   -7.093005e+00 1.299372e+02 2.438852e+02
      vertex   -6.968605e+00 1.298654e+02 2.438218e+02
    endloop
  endfacet
  facet normal -3.509998e-01 2.019374e-01 -9.143415e-01
    outer loop
      vertex   -8.057204e+00 1.281943e+02 2.438706e+02
      vertex   -6.968605e+00 1.298654e+02 2.438218e+02
      vertex   -7.969122e+00 1.281943e+02 2.438368e+02
    endloop
  endfacet
  facet normal -3.893488e-01 2.250875e-01 -8.931647e-01
    outer loop
      vertex   -7.969122e+00 1.281943e+02 2.438368e+02
      vertex   -6.968605e+00 1.298654e+02 2.438218e+02
      vertex   -7.883061e+00 1.281943e+02 2.437993e+02
    endloop
  endfacet
  facet normal -4.218210e-01 2.425933e-01 -8.736221e-01
    outer loop
      vertex   -7.883061e+00 1.281943e+02 2.437993e+02
      vertex   -6.968605e+00 1.298654e+02 2.438218e+02
      vertex   -6.849804e+00 1.297968e+02 2.437454e+02
    endloop
  endfacet
  facet normal -4.269135e-01 2.459922e-01 -8.701912e-01
    outer loop
      vertex   -7.883061e+00 1.281943e+02 2.437993e+02
      vertex   -6.849804e+00 1.297968e+02 2.437454e+02
      vertex   -7.799229e+00 1.281943e+02 2.437581e+02
    endloop
  endfacet
  facet normal -4.632886e-01 2.677451e-01 -8.447936e-01
    outer loop
      vertex   -7.799229e+00 1.281943e+02 2.437581e+02
      vertex   -6.849804e+00 1.297968e+02 2.437454e+02
      vertex   -7.717829e+00 1.281943e+02 2.437135e+02
    endloop
  endfacet
  facet normal -4.898890e-01 2.817597e-01 -8.249971e-01
    outer loop
      vertex   -7.717829e+00 1.281943e+02 2.437135e+02
      vertex   -6.849804e+00 1.297968e+02 2.437454e+02
      vertex   -6.737616e+00 1.297321e+02 2.436566e+02
    endloop
  endfacet
  facet normal -4.987042e-01 2.876505e-01 -8.176499e-01
    outer loop
      vertex   -7.717829e+00 1.281943e+02 2.437135e+02
      vertex   -6.737616e+00 1.297321e+02 2.436566e+02
      vertex   -7.639056e+00 1.281943e+02 2.436655e+02
    endloop
  endfacet
  facet normal -5.327745e-01 3.077910e-01 -7.882995e-01
    outer loop
      vertex   -7.639056e+00 1.281943e+02 2.436655e+02
      vertex   -6.737616e+00 1.297321e+02 2.436566e+02
      vertex   -7.563100e+00 1.281943e+02 2.436141e+02
    endloop
  endfacet
  facet normal -5.537691e-01 3.185368e-01 -7.693336e-01
    outer loop
      vertex   -7.563100e+00 1.281943e+02 2.436141e+02
      vertex   -6.737616e+00 1.297321e+02 2.436566e+02
      vertex   -6.632996e+00 1.296717e+02 2.435563e+02
    endloop
  endfacet
  facet normal -5.656802e-01 3.265093e-01 -7.572302e-01
    outer loop
      vertex   -7.563100e+00 1.281943e+02 2.436141e+02
      vertex   -6.632996e+00 1.296717e+02 2.435563e+02
      vertex   -7.490144e+00 1.281943e+02 2.435596e+02
    endloop
  endfacet
  facet normal -5.971438e-01 3.448379e-01 -7.242279e-01
    outer loop
      vertex   -7.490144e+00 1.281943e+02 2.435596e+02
      vertex   -6.632996e+00 1.296717e+02 2.435563e+02
      vertex   -7.420364e+00 1.281943e+02 2.435021e+02
    endloop
  endfacet
  facet normal -6.129142e-01 3.526143e-01 -7.071064e-01
    outer loop
      vertex   -7.420364e+00 1.281943e+02 2.435021e+02
      vertex   -6.632996e+00 1.296717e+02 2.435563e+02
      vertex   -6.536839e+00 1.296161e+02 2.434453e+02
    endloop
  endfacet
  facet normal -6.271983e-01 3.621928e-01 -6.895206e-01
    outer loop
      vertex   -7.420364e+00 1.281943e+02 2.435021e+02
      vertex   -6.536839e+00 1.296161e+02 2.434453e+02
      vertex   -7.353928e+00 1.281943e+02 2.434417e+02
    endloop
  endfacet
  facet normal -6.557844e-01 3.785276e-01 -6.531950e-01
    outer loop
      vertex   -7.353928e+00 1.281943e+02 2.434417e+02
      vertex   -6.536839e+00 1.296161e+02 2.434453e+02
      vertex   -7.290996e+00 1.281943e+02 2.433785e+02
    endloop
  endfacet
  facet normal -6.668174e-01 3.837053e-01 -6.388464e-01
    outer loop
      vertex   -7.290996e+00 1.281943e+02 2.433785e+02
      vertex   -6.536839e+00 1.296161e+02 2.434453e+02
      vertex   -6.449965e+00 1.295660e+02 2.433245e+02
    endloop
  endfacet
  facet normal -6.826696e-01 3.943565e-01 -6.151790e-01
    outer loop
      vertex   -7.290996e+00 1.281943e+02 2.433785e+02
      vertex   -6.449965e+00 1.295660e+02 2.433245e+02
      vertex   -7.231719e+00 1.281943e+02 2.433127e+02
    endloop
  endfacet
  facet normal -7.081389e-01 4.085342e-01 -5.758811e-01
    outer loop
      vertex   -7.231719e+00 1.281943e+02 2.433127e+02
      vertex   -6.449965e+00 1.295660e+02 2.433245e+02
      vertex   -7.176241e+00 1.281943e+02 2.432445e+02
    endloop
  endfacet
  facet normal -7.150165e-01 4.115490e-01 -5.651361e-01
    outer loop
      vertex   -7.176241e+00 1.281943e+02 2.432445e+02
      vertex   -6.449965e+00 1.295660e+02 2.433245e+02
      vertex   -6.373114e+00 1.295216e+02 2.431949e+02
    endloop
  endfacet
  facet normal -7.315656e-01 4.226899e-01 -5.349252e-01
    outer loop
      vertex   -7.176241e+00 1.281943e+02 2.432445e+02
      vertex   -6.373114e+00 1.295216e+02 2.431949e+02
      vertex   -7.124695e+00 1.281943e+02 2.431740e+02
    endloop
  endfacet
  facet normal -7.537099e-01 4.345672e-01 -4.930241e-01
    outer loop
      vertex   -7.124695e+00 1.281943e+02 2.431740e+02
      vertex   -6.373114e+00 1.295216e+02 2.431949e+02
      vertex   -7.077205e+00 1.281943e+02 2.431014e+02
    endloop
  endfacet
  facet normal -7.570979e-01 4.359119e-01 -4.866042e-01
    outer loop
      vertex   -7.077205e+00 1.281943e+02 2.431014e+02
      vertex   -6.373114e+00 1.295216e+02 2.431949e+02
      vertex   -6.306942e+00 1.294834e+02 2.430578e+02
    endloop
  endfacet
  facet normal -7.734220e-01 4.469201e-01 -4.495340e-01
    outer loop
      vertex   -7.077205e+00 1.281943e+02 2.431014e+02
      vertex   -6.306942e+00 1.294834e+02 2.430578e+02
      vertex   -7.033886e+00 1.281943e+02 2.430268e+02
    endloop
  endfacet
  facet normal -7.920629e-01 4.563740e-01 -4.054123e-01
    outer loop
      vertex   -7.033886e+00 1.281943e+02 2.430268e+02
      vertex   -6.306942e+00 1.294834e+02 2.430578e+02
      vertex   -6.994841e+00 1.281943e+02 2.429506e+02
    endloop
  endfacet
  facet normal -7.927002e-01 4.565900e-01 -4.039208e-01
    outer loop
      vertex   -6.994841e+00 1.281943e+02 2.429506e+02
      vertex   -6.306942e+00 1.294834e+02 2.430578e+02
      vertex   -6.252014e+00 1.294517e+02 2.429141e+02
    endloop
  endfacet
  facet normal -8.078425e-01 4.668138e-01 -3.598269e-01
    outer loop
      vertex   -6.994841e+00 1.281943e+02 2.429506e+02
      vertex   -6.252014e+00 1.294517e+02 2.429141e+02
      vertex   -6.960166e+00 1.281943e+02 2.428727e+02
    endloop
  endfacet
  facet normal -8.216390e-01 4.731998e-01 -3.177913e-01
    outer loop
      vertex   -6.960166e+00 1.281943e+02 2.428727e+02
      vertex   -6.252014e+00 1.294517e+02 2.429141e+02
      vertex   -6.208799e+00 1.294267e+02 2.427652e+02
    endloop
  endfacet
  facet normal -8.226252e-01 4.741492e-01 -3.137999e-01
    outer loop
      vertex   -6.960166e+00 1.281943e+02 2.428727e+02
      vertex   -6.208799e+00 1.294267e+02 2.427652e+02
      vertex   -6.929943e+00 1.281943e+02 2.427935e+02
    endloop
  endfacet
  facet normal -8.345019e-01 4.821793e-01 -2.666640e-01
    outer loop
      vertex   -6.929943e+00 1.281943e+02 2.427935e+02
      vertex   -6.208799e+00 1.294267e+02 2.427652e+02
      vertex   -6.904246e+00 1.281943e+02 2.427131e+02
    endloop
  endfacet
  facet normal -8.435999e-01 4.857170e-01 -2.289504e-01
    outer loop
      vertex   -6.904246e+00 1.281943e+02 2.427131e+02
      vertex   -6.208799e+00 1.294267e+02 2.427652e+02
      vertex   -6.177665e+00 1.294088e+02 2.426124e+02
    endloop
  endfacet
  facet normal -8.451848e-01 4.874775e-01 -2.191536e-01
    outer loop
      vertex   -6.904246e+00 1.281943e+02 2.427131e+02
      vertex   -6.177665e+00 1.294088e+02 2.426124e+02
      vertex   -6.883136e+00 1.281943e+02 2.426317e+02
    endloop
  endfacet
  facet normal -8.531479e-01 4.928686e-01 -1.709363e-01
    outer loop
      vertex   -6.883136e+00 1.281943e+02 2.426317e+02
      vertex   -6.177665e+00 1.294088e+02 2.426124e+02
      vertex   -6.866664e+00 1.281943e+02 2.425494e+02
    endloop
  endfacet
  facet normal -8.583466e-01 4.941193e-01 -1.381562e-01
    outer loop
      vertex   -6.866664e+00 1.281943e+02 2.425494e+02
      vertex   -6.177665e+00 1.294088e+02 2.426124e+02
      vertex   -6.158877e+00 1.293979e+02 2.424569e+02
    endloop
  endfacet
  facet normal -8.596079e-01 4.960711e-01 -1.224243e-01
    outer loop
      vertex   -6.866664e+00 1.281943e+02 2.425494e+02
      vertex   -6.158877e+00 1.293979e+02 2.424569e+02
      vertex   -6.854870e+00 1.281943e+02 2.424666e+02
    endloop
  endfacet
  facet normal -8.636028e-01 4.987779e-01 -7.355808e-02
    outer loop
      vertex   -6.854870e+00 1.281943e+02 2.424666e+02
      vertex   -6.158877e+00 1.293979e+02 2.424569e+02
      vertex   -6.847782e+00 1.281943e+02 2.423834e+02
    endloop
  endfacet
  facet normal -8.669862e-01 4.977257e-01 -2.457586e-02
    outer loop
      vertex   -6.847782e+00 1.281943e+02 2.423834e+02
      vertex   -6.158877e+00 1.293979e+02 2.424569e+02
      vertex   -6.845417e+00 1.281943e+02 2.423000e+02
    endloop
  endfacet
  facet normal -8.651013e-01 4.994665e-01 -4.618346e-02
    outer loop
      vertex   -6.845417e+00 1.281943e+02 2.423000e+02
      vertex   -6.158877e+00 1.293979e+02 2.424569e+02
      vertex   -4.975309e+00 1.314479e+02 2.424569e+02
    endloop
  endfacet
  facet normal -8.641836e-01 4.995998e-01 -5.988987e-02
    outer loop
      vertex   -6.845417e+00 1.281943e+02 2.423000e+02
      vertex   -4.975309e+00 1.314479e+02 2.424569e+02
      vertex   -4.277391e+00 1.326463e+02 2.423834e+02
    endloop
  endfacet
  facet normal -8.637557e-01 4.985130e-01 -7.355808e-02
    outer loop
      vertex   -4.277391e+00 1.326463e+02 2.423834e+02
      vertex   -4.975309e+00 1.314479e+02 2.424569e+02
      vertex   -4.280935e+00 1.326525e+02 2.424666e+02
    endloop
  endfacet
  facet normal -8.594141e-01 4.964067e-01 -1.224243e-01
    outer loop
      vertex   -4.280935e+00 1.326525e+02 2.424666e+02
      vertex   -4.975309e+00 1.314479e+02 2.424569e+02
      vertex   -4.286832e+00 1.326627e+02 2.425494e+02
    endloop
  endfacet
  facet normal -8.570932e-01 4.962904e-01 -1.381562e-01
    outer loop
      vertex   -4.286832e+00 1.326627e+02 2.425494e+02
      vertex   -4.975309e+00 1.314479e+02 2.424569e+02
      vertex   -4.994097e+00 1.314588e+02 2.426124e+02
    endloop
  endfacet
  facet normal -8.534106e-01 4.924135e-01 -1.709363e-01
    outer loop
      vertex   -4.286832e+00 1.326627e+02 2.425494e+02
      vertex   -4.994097e+00 1.314588e+02 2.426124e+02
      vertex   -4.295068e+00 1.326770e+02 2.426317e+02
    endloop
  endfacet
  facet normal -8.447603e-01 4.882128e-01 -2.191536e-01
    outer loop
      vertex   -4.295068e+00 1.326770e+02 2.426317e+02
      vertex   -4.994097e+00 1.314588e+02 2.426124e+02
      vertex   -4.305623e+00 1.326952e+02 2.427131e+02
    endloop
  endfacet
  facet normal -8.424432e-01 4.877204e-01 -2.289504e-01
    outer loop
      vertex   -4.305623e+00 1.326952e+02 2.427131e+02
      vertex   -4.994097e+00 1.314588e+02 2.426124e+02
      vertex   -5.025231e+00 1.314767e+02 2.427652e+02
    endloop
  endfacet
  facet normal -8.348305e-01 4.816102e-01 -2.666640e-01
    outer loop
      vertex   -4.305623e+00 1.326952e+02 2.427131e+02
      vertex   -5.025231e+00 1.314767e+02 2.427652e+02
      vertex   -4.318472e+00 1.327175e+02 2.427935e+02
    endloop
  endfacet
  facet normal -8.219378e-01 4.753397e-01 -3.137999e-01
    outer loop
      vertex   -4.318472e+00 1.327175e+02 2.427935e+02
      vertex   -5.025231e+00 1.314767e+02 2.427652e+02
      vertex   -4.333583e+00 1.327437e+02 2.428727e+02
    endloop
  endfacet
  facet normal -8.206226e-01 4.749603e-01 -3.177913e-01
    outer loop
      vertex   -4.333583e+00 1.327437e+02 2.428727e+02
      vertex   -5.025231e+00 1.314767e+02 2.427652e+02
      vertex   -5.068446e+00 1.315017e+02 2.429141e+02
    endloop
  endfacet
  facet normal -8.081938e-01 4.662052e-01 -3.598269e-01
    outer loop
      vertex   -4.333583e+00 1.327437e+02 2.428727e+02
      vertex   -5.068446e+00 1.315017e+02 2.429141e+02
      vertex   -4.350921e+00 1.327737e+02 2.429506e+02
    endloop
  endfacet
  facet normal -7.917686e-01 4.582035e-01 -4.039208e-01
    outer loop
      vertex   -4.350921e+00 1.327737e+02 2.429506e+02
      vertex   -5.068446e+00 1.315017e+02 2.429141e+02
      vertex   -5.123374e+00 1.315334e+02 2.430578e+02
    endloop
  endfacet
  facet normal -7.912629e-01 4.577596e-01 -4.054123e-01
    outer loop
      vertex   -4.350921e+00 1.327737e+02 2.429506e+02
      vertex   -5.123374e+00 1.315334e+02 2.430578e+02
      vertex   -4.370443e+00 1.328075e+02 2.430268e+02
    endloop
  endfacet
  facet normal -7.737552e-01 4.463430e-01 -4.495340e-01
    outer loop
      vertex   -4.370443e+00 1.328075e+02 2.430268e+02
      vertex   -5.123374e+00 1.315334e+02 2.430578e+02
      vertex   -4.392102e+00 1.328450e+02 2.431014e+02
    endloop
  endfacet
  facet normal -7.560597e-01 4.377100e-01 -4.866042e-01
    outer loop
      vertex   -4.392102e+00 1.328450e+02 2.431014e+02
      vertex   -5.123374e+00 1.315334e+02 2.430578e+02
      vertex   -5.189546e+00 1.315716e+02 2.431949e+02
    endloop
  endfacet
  facet normal -7.532012e-01 4.354483e-01 -4.930241e-01
    outer loop
      vertex   -4.392102e+00 1.328450e+02 2.431014e+02
      vertex   -5.189546e+00 1.315716e+02 2.431949e+02
      vertex   -4.415847e+00 1.328862e+02 2.431740e+02
    endloop
  endfacet
  facet normal -7.318430e-01 4.222095e-01 -5.349252e-01
    outer loop
      vertex   -4.415847e+00 1.328862e+02 2.431740e+02
      vertex   -5.189546e+00 1.315716e+02 2.431949e+02
      vertex   -4.441621e+00 1.329308e+02 2.432445e+02
    endloop
  endfacet
  facet normal -7.139201e-01 4.134480e-01 -5.651361e-01
    outer loop
      vertex   -4.441621e+00 1.329308e+02 2.432445e+02
      vertex   -5.189546e+00 1.315716e+02 2.431949e+02
      vertex   -5.266397e+00 1.316160e+02 2.433245e+02
    endloop
  endfacet
  facet normal -7.078705e-01 4.089992e-01 -5.758811e-01
    outer loop
      vertex   -4.441621e+00 1.329308e+02 2.432445e+02
      vertex   -5.266397e+00 1.316160e+02 2.433245e+02
      vertex   -4.469360e+00 1.329788e+02 2.433127e+02
    endloop
  endfacet
  facet normal -6.828575e-01 3.940310e-01 -6.151790e-01
    outer loop
      vertex   -4.469360e+00 1.329788e+02 2.433127e+02
      vertex   -5.266397e+00 1.316160e+02 2.433245e+02
      vertex   -4.498998e+00 1.330302e+02 2.433785e+02
    endloop
  endfacet
  facet normal -6.657073e-01 3.856282e-01 -6.388464e-01
    outer loop
      vertex   -4.498998e+00 1.330302e+02 2.433785e+02
      vertex   -5.266397e+00 1.316160e+02 2.433245e+02
      vertex   -5.353271e+00 1.316661e+02 2.434453e+02
    endloop
  endfacet
  facet normal -6.557067e-01 3.786621e-01 -6.531950e-01
    outer loop
      vertex   -4.498998e+00 1.330302e+02 2.433785e+02
      vertex   -5.353271e+00 1.316661e+02 2.434453e+02
      vertex   -4.530464e+00 1.330847e+02 2.434417e+02
    endloop
  endfacet
  facet normal -6.272673e-01 3.620732e-01 -6.895206e-01
    outer loop
      vertex   -4.530464e+00 1.330847e+02 2.434417e+02
      vertex   -5.353271e+00 1.316661e+02 2.434453e+02
      vertex   -4.563682e+00 1.331422e+02 2.435021e+02
    endloop
  endfacet
  facet normal -6.118300e-01 3.544921e-01 -7.071064e-01
    outer loop
      vertex   -4.563682e+00 1.331422e+02 2.435021e+02
      vertex   -5.353271e+00 1.316661e+02 2.434453e+02
      vertex   -5.449428e+00 1.317217e+02 2.435563e+02
    endloop
  endfacet
  facet normal -5.972103e-01 3.447228e-01 -7.242279e-01
    outer loop
      vertex   -4.563682e+00 1.331422e+02 2.435021e+02
      vertex   -5.449428e+00 1.317217e+02 2.435563e+02
      vertex   -4.598572e+00 1.332026e+02 2.435596e+02
    endloop
  endfacet
  facet normal -5.656055e-01 3.266388e-01 -7.572302e-01
    outer loop
      vertex   -4.598572e+00 1.332026e+02 2.435596e+02
      vertex   -5.449428e+00 1.317217e+02 2.435563e+02
      vertex   -4.635050e+00 1.332658e+02 2.436141e+02
    endloop
  endfacet
  facet normal -5.527455e-01 3.203097e-01 -7.693336e-01
    outer loop
      vertex   -4.635050e+00 1.332658e+02 2.436141e+02
      vertex   -5.449428e+00 1.317217e+02 2.435563e+02
      vertex   -5.554047e+00 1.317821e+02 2.436566e+02
    endloop
  endfacet
  facet normal -5.329421e-01 3.075007e-01 -7.882995e-01
    outer loop
      vertex   -4.635050e+00 1.332658e+02 2.436141e+02
      vertex   -5.554047e+00 1.317821e+02 2.436566e+02
      vertex   -4.673028e+00 1.333316e+02 2.436655e+02
    endloop
  endfacet
  facet normal -4.984647e-01 2.880653e-01 -8.176499e-01
    outer loop
      vertex   -4.673028e+00 1.333316e+02 2.436655e+02
      vertex   -5.554047e+00 1.317821e+02 2.436566e+02
      vertex   -4.712414e+00 1.333998e+02 2.437135e+02
    endloop
  endfacet
  facet normal -4.889556e-01 2.833765e-01 -8.249971e-01
    outer loop
      vertex   -4.712414e+00 1.333998e+02 2.437135e+02
      vertex   -5.554047e+00 1.317821e+02 2.436566e+02
      vertex   -5.666236e+00 1.318468e+02 2.437454e+02
    endloop
  endfacet
  facet normal -4.635184e-01 2.673472e-01 -8.447936e-01
    outer loop
      vertex   -4.712414e+00 1.333998e+02 2.437135e+02
      vertex   -5.666236e+00 1.318468e+02 2.437454e+02
      vertex   -4.753115e+00 1.334703e+02 2.437581e+02
    endloop
  endfacet
  facet normal -4.264922e-01 2.467218e-01 -8.701912e-01
    outer loop
      vertex   -4.753115e+00 1.334703e+02 2.437581e+02
      vertex   -5.666236e+00 1.318468e+02 2.437454e+02
      vertex   -4.795030e+00 1.335429e+02 2.437993e+02
    endloop
  endfacet
  facet normal -4.210024e-01 2.440110e-01 -8.736221e-01
    outer loop
      vertex   -4.795030e+00 1.335429e+02 2.437993e+02
      vertex   -5.666236e+00 1.318468e+02 2.437454e+02
      vertex   -5.785037e+00 1.319154e+02 2.438218e+02
    endloop
  endfacet
  facet normal -3.896059e-01 2.246422e-01 -8.931647e-01
    outer loop
      vertex   -4.795030e+00 1.335429e+02 2.437993e+02
      vertex   -5.785037e+00 1.319154e+02 2.438218e+02
      vertex   -4.838061e+00 1.336174e+02 2.438368e+02
    endloop
  endfacet
  facet normal -3.503829e-01 2.030061e-01 -9.143415e-01
    outer loop
      vertex   -4.838061e+00 1.336174e+02 2.438368e+02
      vertex   -5.785037e+00 1.319154e+02 2.438218e+02
      vertex   -4.882102e+00 1.336937e+02 2.438706e+02
    endloop
  endfacet
  facet normal -3.494642e-01 2.025520e-01 -9.147937e-01
    outer loop
      vertex   -4.882102e+00 1.336937e+02 2.438706e+02
      vertex   -5.785037e+00 1.319154e+02 2.438218e+02
      vertex   -5.909437e+00 1.319872e+02 2.438852e+02
    endloop
  endfacet
  facet normal -3.119153e-01 1.797917e-01 -9.329436e-01
    outer loop
      vertex   -4.882102e+00 1.336937e+02 2.438706e+02
      vertex   -5.909437e+00 1.319872e+02 2.438852e+02
      vertex   -4.927048e+00 1.337716e+02 2.439006e+02
    endloop
  endfacet
  facet normal -2.748553e-01 1.595194e-01 -9.481604e-01
    outer loop
      vertex   -4.927048e+00 1.337716e+02 2.439006e+02
      vertex   -5.909437e+00 1.319872e+02 2.438852e+02
      vertex   -6.038374e+00 1.320617e+02 2.439351e+02
    endloop
  endfacet
  facet normal -2.712133e-01 1.571231e-01 -9.496082e-01
    outer loop
      vertex   -4.927048e+00 1.337716e+02 2.439006e+02
      vertex   -6.038374e+00 1.320617e+02 2.439351e+02
      vertex   -4.972791e+00 1.338508e+02 2.439268e+02
    endloop
  endfacet
  facet normal -2.311950e-01 1.332231e-01 -9.637430e-01
    outer loop
      vertex   -4.972791e+00 1.338508e+02 2.439268e+02
      vertex   -6.038374e+00 1.320617e+02 2.439351e+02
      vertex   -5.019220e+00 1.339312e+02 2.439491e+02
    endloop
  endfacet
  facet normal -1.978925e-01 1.151411e-01 -9.734378e-01
    outer loop
      vertex   -5.019220e+00 1.339312e+02 2.439491e+02
      vertex   -6.038374e+00 1.320617e+02 2.439351e+02
      vertex   -6.170748e+00 1.321381e+02 2.439711e+02
    endloop
  endfacet
  facet normal -1.894816e-01 1.097115e-01 -9.757357e-01
    outer loop
      vertex   -5.019220e+00 1.339312e+02 2.439491e+02
      vertex   -6.170748e+00 1.321381e+02 2.439711e+02
      vertex   -5.066224e+00 1.340126e+02 2.439673e+02
    endloop
  endfacet
  facet normal -1.482234e-01 8.538223e-02 -9.852612e-01
    outer loop
      vertex   -5.066224e+00 1.340126e+02 2.439673e+02
      vertex   -6.170748e+00 1.321381e+02 2.439711e+02
      vertex   -5.113689e+00 1.340948e+02 2.439816e+02
    endloop
  endfacet
  facet normal -1.192532e-01 6.975994e-02 -9.904101e-01
    outer loop
      vertex   -5.113689e+00 1.340948e+02 2.439816e+02
      vertex   -6.170748e+00 1.321381e+02 2.439711e+02
      vertex   -6.305431e+00 1.322159e+02 2.439927e+02
    endloop
  endfacet
  facet normal -1.058934e-01 6.127414e-02 -9.924878e-01
    outer loop
      vertex   -5.113689e+00 1.340948e+02 2.439816e+02
      vertex   -6.305431e+00 1.322159e+02 2.439927e+02
      vertex   -5.161501e+00 1.341777e+02 2.439918e+02
    endloop
  endfacet
  facet normal -6.380191e-02 3.672822e-02 -9.972865e-01
    outer loop
      vertex   -5.161501e+00 1.341777e+02 2.439918e+02
      vertex   -6.305431e+00 1.322159e+02 2.439927e+02
      vertex   -5.209544e+00 1.342609e+02 2.439980e+02
    endloop
  endfacet
  facet normal -1.976013e-02 1.313320e-02 -9.997185e-01
    outer loop
      vertex   -5.209544e+00 1.342609e+02 2.439980e+02
      vertex   -6.305431e+00 1.322159e+02 2.439927e+02
      vertex   -5.257704e+00 1.343443e+02 2.440000e+02
    endloop
  endfacet
  facet normal -3.999605e-02 2.309173e-02 -9.989330e-01
    outer loop
      vertex   -5.257704e+00 1.343443e+02 2.440000e+02
      vertex   -6.305431e+00 1.322159e+02 2.439927e+02
      vertex   -7.488999e+00 1.301659e+02 2.439927e+02
    endloop
  endfacet
  facet normal -8.657646e-01 4.998494e-01 -2.454123e-02
    outer loop
      vertex   -4.277391e+00 1.326463e+02 2.423834e+02
      vertex   -4.276209e+00 1.326443e+02 2.423000e+02
      vertex   -6.845417e+00 1.281943e+02 2.423000e+02
    endloop
  endfacet
  facet normal -1.196469e-01 6.907818e-02 -9.904104e-01
    outer loop
      vertex   -7.354316e+00 1.300881e+02 2.439711e+02
      vertex   -7.488999e+00 1.301659e+02 2.439927e+02
      vertex   -6.305431e+00 1.322159e+02 2.439927e+02
    endloop
  endfacet
  facet normal -1.982770e-01 1.144753e-01 -9.734381e-01
    outer loop
      vertex   -7.221942e+00 1.300117e+02 2.439351e+02
      vertex   -7.354316e+00 1.300881e+02 2.439711e+02
      vertex   -6.170748e+00 1.321381e+02 2.439711e+02
    endloop
  endfacet
  facet normal -1.196469e-01 6.907818e-02 -9.904104e-01
    outer loop
      vertex   -6.170748e+00 1.321381e+02 2.439711e+02
      vertex   -7.354316e+00 1.300881e+02 2.439711e+02
      vertex   -6.305431e+00 1.322159e+02 2.439927e+02
    endloop
  endfacet
  facet normal -2.752154e-01 1.588957e-01 -9.481606e-01
    outer loop
      vertex   -7.093005e+00 1.299372e+02 2.438852e+02
      vertex   -7.221942e+00 1.300117e+02 2.439351e+02
      vertex   -6.038374e+00 1.320617e+02 2.439351e+02
    endloop
  endfacet
  facet normal -1.982770e-01 1.144753e-01 -9.734381e-01
    outer loop
      vertex   -6.038374e+00 1.320617e+02 2.439351e+02
      vertex   -7.221942e+00 1.300117e+02 2.439351e+02
      vertex   -6.170748e+00 1.321381e+02 2.439711e+02
    endloop
  endfacet
  facet normal -3.498059e-01 2.019605e-01 -9.147939e-01
    outer loop
      vertex   -6.968605e+00 1.298654e+02 2.438218e+02
      vertex   -7.093005e+00 1.299372e+02 2.438852e+02
      vertex   -5.909437e+00 1.319872e+02 2.438852e+02
    endloop
  endfacet
  facet normal -2.752154e-01 1.588957e-01 -9.481606e-01
    outer loop
      vertex   -5.909437e+00 1.319872e+02 2.438852e+02
      vertex   -7.093005e+00 1.299372e+02 2.438852e+02
      vertex   -6.038374e+00 1.320617e+02 2.439351e+02
    endloop
  endfacet
  facet normal -4.214118e-01 2.433022e-01 -8.736224e-01
    outer loop
      vertex   -6.849804e+00 1.297968e+02 2.437454e+02
      vertex   -6.968605e+00 1.298654e+02 2.438218e+02
      vertex   -5.785037e+00 1.319154e+02 2.438218e+02
    endloop
  endfacet
  facet normal -3.498059e-01 2.019605e-01 -9.147939e-01
    outer loop
      vertex   -5.785037e+00 1.319154e+02 2.438218e+02
      vertex   -6.968605e+00 1.298654e+02 2.438218e+02
      vertex   -5.909437e+00 1.319872e+02 2.438852e+02
    endloop
  endfacet
  facet normal -4.894225e-01 2.825682e-01 -8.249975e-01
    outer loop
      vertex   -6.737616e+00 1.297321e+02 2.436566e+02
      vertex   -6.849804e+00 1.297968e+02 2.437454e+02
      vertex   -5.666236e+00 1.318468e+02 2.437454e+02
    endloop
  endfacet
  facet normal -4.214118e-01 2.433022e-01 -8.736224e-01
    outer loop
      vertex   -5.666236e+00 1.318468e+02 2.437454e+02
      vertex   -6.849804e+00 1.297968e+02 2.437454e+02
      vertex   -5.785037e+00 1.319154e+02 2.438218e+02
    endloop
  endfacet
  facet normal -5.532576e-01 3.194234e-01 -7.693340e-01
    outer loop
      vertex   -6.632996e+00 1.296717e+02 2.435563e+02
      vertex   -6.737616e+00 1.297321e+02 2.436566e+02
      vertex   -5.554047e+00 1.317821e+02 2.436566e+02
    endloop
  endfacet
  facet normal -4.894225e-01 2.825682e-01 -8.249975e-01
    outer loop
      vertex   -5.554047e+00 1.317821e+02 2.436566e+02
      vertex   -6.737616e+00 1.297321e+02 2.436566e+02
      vertex   -5.666236e+00 1.318468e+02 2.437454e+02
    endloop
  endfacet
  facet normal -6.123724e-01 3.535534e-01 -7.071068e-01
    outer loop
      vertex   -6.536839e+00 1.296161e+02 2.434453e+02
      vertex   -6.632996e+00 1.296717e+02 2.435563e+02
      vertex   -5.449428e+00 1.317217e+02 2.435563e+02
    endloop
  endfacet
  facet normal -5.532576e-01 3.194234e-01 -7.693340e-01
    outer loop
      vertex   -5.449428e+00 1.317217e+02 2.435563e+02
      vertex   -6.632996e+00 1.296717e+02 2.435563e+02
      vertex   -5.554047e+00 1.317821e+02 2.436566e+02
    endloop
  endfacet
  facet normal -6.662628e-01 3.846670e-01 -6.388468e-01
    outer loop
      vertex   -6.449965e+00 1.295660e+02 2.433245e+02
      vertex   -6.536839e+00 1.296161e+02 2.434453e+02
      vertex   -5.353271e+00 1.316661e+02 2.434453e+02
    endloop
  endfacet
  facet normal -6.123724e-01 3.535534e-01 -7.071068e-01
    outer loop
      vertex   -5.353271e+00 1.316661e+02 2.434453e+02
      vertex   -6.536839e+00 1.296161e+02 2.434453e+02
      vertex   -5.449428e+00 1.317217e+02 2.435563e+02
    endloop
  endfacet
  facet normal -7.144688e-01 4.124987e-01 -5.651364e-01
    outer loop
      vertex   -6.373114e+00 1.295216e+02 2.431949e+02
      vertex   -6.449965e+00 1.295660e+02 2.433245e+02
      vertex   -5.266397e+00 1.316160e+02 2.433245e+02
    endloop
  endfacet
  facet normal -6.662628e-01 3.846670e-01 -6.388468e-01
    outer loop
      vertex   -5.266397e+00 1.316160e+02 2.433245e+02
      vertex   -6.449965e+00 1.295660e+02 2.433245e+02
      vertex   -5.353271e+00 1.316661e+02 2.434453e+02
    endloop
  endfacet
  facet normal -7.565792e-01 4.368112e-01 -4.866045e-01
    outer loop
      vertex   -6.306942e+00 1.294834e+02 2.430578e+02
      vertex   -6.373114e+00 1.295216e+02 2.431949e+02
      vertex   -5.189546e+00 1.315716e+02 2.431949e+02
    endloop
  endfacet
  facet normal -7.144688e-01 4.124987e-01 -5.651364e-01
    outer loop
      vertex   -5.189546e+00 1.315716e+02 2.431949e+02
      vertex   -6.373114e+00 1.295216e+02 2.431949e+02
      vertex   -5.266397e+00 1.316160e+02 2.433245e+02
    endloop
  endfacet
  facet normal -7.922347e-01 4.573969e-01 -4.039210e-01
    outer loop
      vertex   -6.252014e+00 1.294517e+02 2.429141e+02
      vertex   -6.306942e+00 1.294834e+02 2.430578e+02
      vertex   -5.123374e+00 1.315334e+02 2.430578e+02
    endloop
  endfacet
  facet normal -7.565792e-01 4.368112e-01 -4.866045e-01
    outer loop
      vertex   -5.123374e+00 1.315334e+02 2.430578e+02
      vertex   -6.306942e+00 1.294834e+02 2.430578e+02
      vertex   -5.189546e+00 1.315716e+02 2.431949e+02
    endloop
  endfacet
  facet normal -8.211312e-01 4.740803e-01 -3.177914e-01
    outer loop
      vertex   -6.208799e+00 1.294267e+02 2.427652e+02
      vertex   -6.252014e+00 1.294517e+02 2.429141e+02
      vertex   -5.068446e+00 1.315017e+02 2.429141e+02
    endloop
  endfacet
  facet normal -7.922347e-01 4.573969e-01 -4.039210e-01
    outer loop
      vertex   -5.068446e+00 1.315017e+02 2.429141e+02
      vertex   -6.252014e+00 1.294517e+02 2.429141e+02
      vertex   -5.123374e+00 1.315334e+02 2.430578e+02
    endloop
  endfacet
  facet normal -8.430221e-01 4.867190e-01 -2.289505e-01
    outer loop
      vertex   -6.177665e+00 1.294088e+02 2.426124e+02
      vertex   -6.208799e+00 1.294267e+02 2.427652e+02
      vertex   -5.025231e+00 1.314767e+02 2.427652e+02
    endloop
  endfacet
  facet normal -8.211312e-01 4.740803e-01 -3.177914e-01
    outer loop
      vertex   -5.025231e+00 1.314767e+02 2.427652e+02
      vertex   -6.208799e+00 1.294267e+02 2.427652e+02
      vertex   -5.068446e+00 1.315017e+02 2.429141e+02
    endloop
  endfacet
  facet normal -8.577206e-01 4.952052e-01 -1.381564e-01
    outer loop
      vertex   -6.158877e+00 1.293979e+02 2.424569e+02
      vertex   -6.177665e+00 1.294088e+02 2.426124e+02
      vertex   -4.994097e+00 1.314588e+02 2.426124e+02
    endloop
  endfacet
  facet normal -8.430221e-01 4.867190e-01 -2.289505e-01
    outer loop
      vertex   -4.994097e+00 1.314588e+02 2.426124e+02
      vertex   -6.177665e+00 1.294088e+02 2.426124e+02
      vertex   -5.025231e+00 1.314767e+02 2.427652e+02
    endloop
  endfacet
  facet normal -8.577206e-01 4.952052e-01 -1.381564e-01
    outer loop
      vertex   -4.975309e+00 1.314479e+02 2.424569e+02
      vertex   -6.158877e+00 1.293979e+02 2.424569e+02
      vertex   -4.994097e+00 1.314588e+02 2.426124e+02
    endloop
  endfacet
  facet normal -2.125333e-02 -1.227061e-02 -9.996988e-01
    outer loop
      vertex   -5.257704e+00 1.220443e+02 2.440000e+02
      vertex   -8.808408e+00 1.281943e+02 2.440000e+02
      vertex   -5.209544e+00 1.221277e+02 2.439980e+02
    endloop
  endfacet
  facet normal -5.017827e-02 -2.943015e-02 -9.983066e-01
    outer loop
      vertex   -5.209544e+00 1.221277e+02 2.439980e+02
      vertex   -8.808408e+00 1.281943e+02 2.440000e+02
      vertex   -6.305431e+00 1.241727e+02 2.439927e+02
    endloop
  endfacet
  facet normal -6.380191e-02 -3.672822e-02 -9.972865e-01
    outer loop
      vertex   -5.209544e+00 1.221277e+02 2.439980e+02
      vertex   -6.305431e+00 1.241727e+02 2.439927e+02
      vertex   -5.161501e+00 1.222109e+02 2.439918e+02
    endloop
  endfacet
  facet normal -1.058934e-01 -6.127414e-02 -9.924878e-01
    outer loop
      vertex   -5.161501e+00 1.222109e+02 2.439918e+02
      vertex   -6.305431e+00 1.241727e+02 2.439927e+02
      vertex   -5.113689e+00 1.222937e+02 2.439816e+02
    endloop
  endfacet
  facet normal -1.192532e-01 -6.975994e-02 -9.904101e-01
    outer loop
      vertex   -5.113689e+00 1.222937e+02 2.439816e+02
      vertex   -6.305431e+00 1.241727e+02 2.439927e+02
      vertex   -6.170748e+00 1.242505e+02 2.439711e+02
    endloop
  endfacet
  facet normal -1.482234e-01 -8.538223e-02 -9.852612e-01
    outer loop
      vertex   -5.113689e+00 1.222937e+02 2.439816e+02
      vertex   -6.170748e+00 1.242505e+02 2.439711e+02
      vertex   -5.066224e+00 1.223759e+02 2.439673e+02
    endloop
  endfacet
  facet normal -1.894816e-01 -1.097115e-01 -9.757357e-01
    outer loop
      vertex   -5.066224e+00 1.223759e+02 2.439673e+02
      vertex   -6.170748e+00 1.242505e+02 2.439711e+02
      vertex   -5.019220e+00 1.224574e+02 2.439491e+02
    endloop
  endfacet
  facet normal -1.978925e-01 -1.151411e-01 -9.734378e-01
    outer loop
      vertex   -5.019220e+00 1.224574e+02 2.439491e+02
      vertex   -6.170748e+00 1.242505e+02 2.439711e+02
      vertex   -6.038374e+00 1.243269e+02 2.439351e+02
    endloop
  endfacet
  facet normal -2.311950e-01 -1.332231e-01 -9.637430e-01
    outer loop
      vertex   -5.019220e+00 1.224574e+02 2.439491e+02
      vertex   -6.038374e+00 1.243269e+02 2.439351e+02
      vertex   -4.972791e+00 1.225378e+02 2.439268e+02
    endloop
  endfacet
  facet normal -2.712133e-01 -1.571231e-01 -9.496082e-01
    outer loop
      vertex   -4.972791e+00 1.225378e+02 2.439268e+02
      vertex   -6.038374e+00 1.243269e+02 2.439351e+02
      vertex   -4.927048e+00 1.226170e+02 2.439006e+02
    endloop
  endfacet
  facet normal -2.748553e-01 -1.595194e-01 -9.481604e-01
    outer loop
      vertex   -4.927048e+00 1.226170e+02 2.439006e+02
      vertex   -6.038374e+00 1.243269e+02 2.439351e+02
      vertex   -5.909437e+00 1.244013e+02 2.438852e+02
    endloop
  endfacet
  facet normal -3.119153e-01 -1.797917e-01 -9.329436e-01
    outer loop
      vertex   -4.927048e+00 1.226170e+02 2.439006e+02
      vertex   -5.909437e+00 1.244013e+02 2.438852e+02
      vertex   -4.882102e+00 1.226949e+02 2.438706e+02
    endloop
  endfacet
  facet normal -3.494642e-01 -2.025520e-01 -9.147937e-01
    outer loop
      vertex   -4.882102e+00 1.226949e+02 2.438706e+02
      vertex   -5.909437e+00 1.244013e+02 2.438852e+02
      vertex   -5.785037e+00 1.244732e+02 2.438218e+02
    endloop
  endfacet
  facet normal -3.503829e-01 -2.030061e-01 -9.143415e-01
    outer loop
      vertex   -4.882102e+00 1.226949e+02 2.438706e+02
      vertex   -5.785037e+00 1.244732e+02 2.438218e+02
      vertex   -4.838061e+00 1.227711e+02 2.438368e+02
    endloop
  endfacet
  facet normal -3.896059e-01 -2.246422e-01 -8.931647e-01
    outer loop
      vertex   -4.838061e+00 1.227711e+02 2.438368e+02
      vertex   -5.785037e+00 1.244732e+02 2.438218e+02
      vertex   -4.795030e+00 1.228457e+02 2.437993e+02
    endloop
  endfacet
  facet normal -4.210024e-01 -2.440110e-01 -8.736221e-01
    outer loop
      vertex   -4.795030e+00 1.228457e+02 2.437993e+02
      vertex   -5.785037e+00 1.244732e+02 2.438218e+02
      vertex   -5.666236e+00 1.245418e+02 2.437454e+02
    endloop
  endfacet
  facet normal -4.264922e-01 -2.467218e-01 -8.701912e-01
    outer loop
      vertex   -4.795030e+00 1.228457e+02 2.437993e+02
      vertex   -5.666236e+00 1.245418e+02 2.437454e+02
      vertex   -4.753115e+00 1.229183e+02 2.437581e+02
    endloop
  endfacet
  facet normal -4.635184e-01 -2.673472e-01 -8.447936e-01
    outer loop
      vertex   -4.753115e+00 1.229183e+02 2.437581e+02
      vertex   -5.666236e+00 1.245418e+02 2.437454e+02
      vertex   -4.712414e+00 1.229888e+02 2.437135e+02
    endloop
  endfacet
  facet normal -4.889556e-01 -2.833765e-01 -8.249971e-01
    outer loop
      vertex   -4.712414e+00 1.229888e+02 2.437135e+02
      vertex   -5.666236e+00 1.245418e+02 2.437454e+02
      vertex   -5.554047e+00 1.246065e+02 2.436566e+02
    endloop
  endfacet
  facet normal -4.984647e-01 -2.880653e-01 -8.176499e-01
    outer loop
      vertex   -4.712414e+00 1.229888e+02 2.437135e+02
      vertex   -5.554047e+00 1.246065e+02 2.436566e+02
      vertex   -4.673028e+00 1.230570e+02 2.436655e+02
    endloop
  endfacet
  facet normal -5.329421e-01 -3.075007e-01 -7.882995e-01
    outer loop
      vertex   -4.673028e+00 1.230570e+02 2.436655e+02
      vertex   -5.554047e+00 1.246065e+02 2.436566e+02
      vertex   -4.635050e+00 1.231228e+02 2.436141e+02
    endloop
  endfacet
  facet normal -5.527455e-01 -3.203097e-01 -7.693336e-01
    outer loop
      vertex   -4.635050e+00 1.231228e+02 2.436141e+02
      vertex   -5.554047e+00 1.246065e+02 2.436566e+02
      vertex   -5.449428e+00 1.246669e+02 2.435563e+02
    endloop
  endfacet
  facet normal -5.656055e-01 -3.266388e-01 -7.572302e-01
    outer loop
      vertex   -4.635050e+00 1.231228e+02 2.436141e+02
      vertex   -5.449428e+00 1.246669e+02 2.435563e+02
      vertex   -4.598572e+00 1.231859e+02 2.435596e+02
    endloop
  endfacet
  facet normal -5.972103e-01 -3.447228e-01 -7.242279e-01
    outer loop
      vertex   -4.598572e+00 1.231859e+02 2.435596e+02
      vertex   -5.449428e+00 1.246669e+02 2.435563e+02
      vertex   -4.563682e+00 1.232464e+02 2.435021e+02
    endloop
  endfacet
  facet normal -6.118300e-01 -3.544921e-01 -7.071064e-01
    outer loop
      vertex   -4.563682e+00 1.232464e+02 2.435021e+02
      vertex   -5.449428e+00 1.246669e+02 2.435563e+02
      vertex   -5.353271e+00 1.247224e+02 2.434453e+02
    endloop
  endfacet
  facet normal -6.272673e-01 -3.620732e-01 -6.895206e-01
    outer loop
      vertex   -4.563682e+00 1.232464e+02 2.435021e+02
      vertex   -5.353271e+00 1.247224e+02 2.434453e+02
      vertex   -4.530464e+00 1.233039e+02 2.434417e+02
    endloop
  endfacet
  facet normal -6.557067e-01 -3.786621e-01 -6.531950e-01
    outer loop
      vertex   -4.530464e+00 1.233039e+02 2.434417e+02
      vertex   -5.353271e+00 1.247224e+02 2.434453e+02
      vertex   -4.498998e+00 1.233584e+02 2.433785e+02
    endloop
  endfacet
  facet normal -6.657073e-01 -3.856282e-01 -6.388464e-01
    outer loop
      vertex   -4.498998e+00 1.233584e+02 2.433785e+02
      vertex   -5.353271e+00 1.247224e+02 2.434453e+02
      vertex   -5.266397e+00 1.247726e+02 2.433245e+02
    endloop
  endfacet
  facet normal -6.828575e-01 -3.940310e-01 -6.151790e-01
    outer loop
      vertex   -4.498998e+00 1.233584e+02 2.433785e+02
      vertex   -5.266397e+00 1.247726e+02 2.433245e+02
      vertex   -4.469360e+00 1.234097e+02 2.433127e+02
    endloop
  endfacet
  facet normal -7.078705e-01 -4.089992e-01 -5.758811e-01
    outer loop
      vertex   -4.469360e+00 1.234097e+02 2.433127e+02
      vertex   -5.266397e+00 1.247726e+02 2.433245e+02
      vertex   -4.441621e+00 1.234578e+02 2.432445e+02
    endloop
  endfacet
  facet normal -7.139201e-01 -4.134480e-01 -5.651361e-01
    outer loop
      vertex   -4.441621e+00 1.234578e+02 2.432445e+02
      vertex   -5.266397e+00 1.247726e+02 2.433245e+02
      vertex   -5.189546e+00 1.248170e+02 2.431949e+02
    endloop
  endfacet
  facet normal -7.318430e-01 -4.222095e-01 -5.349252e-01
    outer loop
      vertex   -4.441621e+00 1.234578e+02 2.432445e+02
      vertex   -5.189546e+00 1.248170e+02 2.431949e+02
      vertex   -4.415847e+00 1.235024e+02 2.431740e+02
    endloop
  endfacet
  facet normal -7.532012e-01 -4.354483e-01 -4.930241e-01
    outer loop
      vertex   -4.415847e+00 1.235024e+02 2.431740e+02
      vertex   -5.189546e+00 1.248170e+02 2.431949e+02
      vertex   -4.392102e+00 1.235436e+02 2.431014e+02
    endloop
  endfacet
  facet normal -7.560597e-01 -4.377100e-01 -4.866042e-01
    outer loop
      vertex   -4.392102e+00 1.235436e+02 2.431014e+02
      vertex   -5.189546e+00 1.248170e+02 2.431949e+02
      vertex   -5.123374e+00 1.248552e+02 2.430578e+02
    endloop
  endfacet
  facet normal -7.737552e-01 -4.463430e-01 -4.495340e-01
    outer loop
      vertex   -4.392102e+00 1.235436e+02 2.431014e+02
      vertex   -5.123374e+00 1.248552e+02 2.430578e+02
      vertex   -4.370443e+00 1.235811e+02 2.430268e+02
    endloop
  endfacet
  facet normal -7.912629e-01 -4.577596e-01 -4.054123e-01
    outer loop
      vertex   -4.370443e+00 1.235811e+02 2.430268e+02
      vertex   -5.123374e+00 1.248552e+02 2.430578e+02
      vertex   -4.350921e+00 1.236149e+02 2.429506e+02
    endloop
  endfacet
  facet normal -7.917686e-01 -4.582035e-01 -4.039208e-01
    outer loop
      vertex   -4.350921e+00 1.236149e+02 2.429506e+02
      vertex   -5.123374e+00 1.248552e+02 2.430578e+02
      vertex   -5.068446e+00 1.248869e+02 2.429141e+02
    endloop
  endfacet
  facet normal -8.081938e-01 -4.662052e-01 -3.598269e-01
    outer loop
      vertex   -4.350921e+00 1.236149e+02 2.429506e+02
      vertex   -5.068446e+00 1.248869e+02 2.429141e+02
      vertex   -4.333583e+00 1.236449e+02 2.428727e+02
    endloop
  endfacet
  facet normal -8.206226e-01 -4.749603e-01 -3.177913e-01
    outer loop
      vertex   -4.333583e+00 1.236449e+02 2.428727e+02
      vertex   -5.068446e+00 1.248869e+02 2.429141e+02
      vertex   -5.025231e+00 1.249118e+02 2.427652e+02
    endloop
  endfacet
  facet normal -8.219378e-01 -4.753397e-01 -3.137999e-01
    outer loop
      vertex   -4.333583e+00 1.236449e+02 2.428727e+02
      vertex   -5.025231e+00 1.249118e+02 2.427652e+02
      vertex   -4.318472e+00 1.236711e+02 2.427935e+02
    endloop
  endfacet
  facet normal -8.348305e-01 -4.816102e-01 -2.666640e-01
    outer loop
      vertex   -4.318472e+00 1.236711e+02 2.427935e+02
      vertex   -5.025231e+00 1.249118e+02 2.427652e+02
      vertex   -4.305623e+00 1.236933e+02 2.427131e+02
    endloop
  endfacet
  facet normal -8.424432e-01 -4.877204e-01 -2.289504e-01
    outer loop
      vertex   -4.305623e+00 1.236933e+02 2.427131e+02
      vertex   -5.025231e+00 1.249118e+02 2.427652e+02
      vertex   -4.994097e+00 1.249298e+02 2.426124e+02
    endloop
  endfacet
  facet normal -8.447603e-01 -4.882128e-01 -2.191536e-01
    outer loop
      vertex   -4.305623e+00 1.236933e+02 2.427131e+02
      vertex   -4.994097e+00 1.249298e+02 2.426124e+02
      vertex   -4.295068e+00 1.237116e+02 2.426317e+02
    endloop
  endfacet
  facet normal -8.534106e-01 -4.924135e-01 -1.709363e-01
    outer loop
      vertex   -4.295068e+00 1.237116e+02 2.426317e+02
      vertex   -4.994097e+00 1.249298e+02 2.426124e+02
      vertex   -4.286832e+00 1.237259e+02 2.425494e+02
    endloop
  endfacet
  facet normal -8.570932e-01 -4.962904e-01 -1.381562e-01
    outer loop
      vertex   -4.286832e+00 1.237259e+02 2.425494e+02
      vertex   -4.994097e+00 1.249298e+02 2.426124e+02
      vertex   -4.975309e+00 1.249407e+02 2.424569e+02
    endloop
  endfacet
  facet normal -8.594141e-01 -4.964067e-01 -1.224243e-01
    outer loop
      vertex   -4.286832e+00 1.237259e+02 2.425494e+02
      vertex   -4.975309e+00 1.249407e+02 2.424569e+02
      vertex   -4.280935e+00 1.237361e+02 2.424666e+02
    endloop
  endfacet
  facet normal -8.637557e-01 -4.985130e-01 -7.355808e-02
    outer loop
      vertex   -4.280935e+00 1.237361e+02 2.424666e+02
      vertex   -4.975309e+00 1.249407e+02 2.424569e+02
      vertex   -4.277391e+00 1.237422e+02 2.423834e+02
    endloop
  endfacet
  facet normal -8.645362e-01 -5.019692e-01 -2.457586e-02
    outer loop
      vertex   -4.277391e+00 1.237422e+02 2.423834e+02
      vertex   -4.975309e+00 1.249407e+02 2.424569e+02
      vertex   -4.276209e+00 1.237443e+02 2.423000e+02
    endloop
  endfacet
  facet normal -8.651013e-01 -4.994665e-01 -4.618346e-02
    outer loop
      vertex   -4.276209e+00 1.237443e+02 2.423000e+02
      vertex   -4.975309e+00 1.249407e+02 2.424569e+02
      vertex   -6.158877e+00 1.269907e+02 2.424569e+02
    endloop
  endfacet
  facet normal -8.647579e-01 -4.986051e-01 -5.988987e-02
    outer loop
      vertex   -4.276209e+00 1.237443e+02 2.423000e+02
      vertex   -6.158877e+00 1.269907e+02 2.424569e+02
      vertex   -6.847782e+00 1.281943e+02 2.423834e+02
    endloop
  endfacet
  facet normal -8.636028e-01 -4.987779e-01 -7.355808e-02
    outer loop
      vertex   -6.847782e+00 1.281943e+02 2.423834e+02
      vertex   -6.158877e+00 1.269907e+02 2.424569e+02
      vertex   -6.854870e+00 1.281943e+02 2.424666e+02
    endloop
  endfacet
  facet normal -8.596079e-01 -4.960711e-01 -1.224243e-01
    outer loop
      vertex   -6.854870e+00 1.281943e+02 2.424666e+02
      vertex   -6.158877e+00 1.269907e+02 2.424569e+02
      vertex   -6.866664e+00 1.281943e+02 2.425494e+02
    endloop
  endfacet
  facet normal -8.583466e-01 -4.941193e-01 -1.381562e-01
    outer loop
      vertex   -6.866664e+00 1.281943e+02 2.425494e+02
      vertex   -6.158877e+00 1.269907e+02 2.424569e+02
      vertex   -6.177665e+00 1.269798e+02 2.426124e+02
    endloop
  endfacet
  facet normal -8.531479e-01 -4.928686e-01 -1.709363e-01
    outer loop
      vertex   -6.866664e+00 1.281943e+02 2.425494e+02
      vertex   -6.177665e+00 1.269798e+02 2.426124e+02
      vertex   -6.883136e+00 1.281943e+02 2.426317e+02
    endloop
  endfacet
  facet normal -8.451848e-01 -4.874775e-01 -2.191536e-01
    outer loop
      vertex   -6.883136e+00 1.281943e+02 2.426317e+02
      vertex   -6.177665e+00 1.269798e+02 2.426124e+02
      vertex   -6.904246e+00 1.281943e+02 2.427131e+02
    endloop
  endfacet
  facet normal -8.435999e-01 -4.857170e-01 -2.289504e-01
    outer loop
      vertex   -6.904246e+00 1.281943e+02 2.427131e+02
      vertex   -6.177665e+00 1.269798e+02 2.426124e+02
      vertex   -6.208799e+00 1.269618e+02 2.427652e+02
    endloop
  endfacet
  facet normal -8.345019e-01 -4.821793e-01 -2.666640e-01
    outer loop
      vertex   -6.904246e+00 1.281943e+02 2.427131e+02
      vertex   -6.208799e+00 1.269618e+02 2.427652e+02
      vertex   -6.929943e+00 1.281943e+02 2.427935e+02
    endloop
  endfacet
  facet normal -8.226252e-01 -4.741492e-01 -3.137999e-01
    outer loop
      vertex   -6.929943e+00 1.281943e+02 2.427935e+02
      vertex   -6.208799e+00 1.269618e+02 2.427652e+02
      vertex   -6.960166e+00 1.281943e+02 2.428727e+02
    endloop
  endfacet
  facet normal -8.216390e-01 -4.731998e-01 -3.177913e-01
    outer loop
      vertex   -6.960166e+00 1.281943e+02 2.428727e+02
      vertex   -6.208799e+00 1.269618e+02 2.427652e+02
      vertex   -6.252014e+00 1.269369e+02 2.429141e+02
    endloop
  endfacet
  facet normal -8.078425e-01 -4.668138e-01 -3.598269e-01
    outer loop
      vertex   -6.960166e+00 1.281943e+02 2.428727e+02
      vertex   -6.252014e+00 1.269369e+02 2.429141e+02
      vertex   -6.994841e+00 1.281943e+02 2.429506e+02
    endloop
  endfacet
  facet normal -7.927002e-01 -4.565900e-01 -4.039208e-01
    outer loop
      vertex   -6.994841e+00 1.281943e+02 2.429506e+02
      vertex   -6.252014e+00 1.269369e+02 2.429141e+02
      vertex   -6.306942e+00 1.269052e+02 2.430578e+02
    endloop
  endfacet
  facet normal -7.920629e-01 -4.563740e-01 -4.054123e-01
    outer loop
      vertex   -6.994841e+00 1.281943e+02 2.429506e+02
      vertex   -6.306942e+00 1.269052e+02 2.430578e+02
      vertex   -7.033886e+00 1.281943e+02 2.430268e+02
    endloop
  endfacet
  facet normal -7.734220e-01 -4.469201e-01 -4.495340e-01
    outer loop
      vertex   -7.033886e+00 1.281943e+02 2.430268e+02
      vertex   -6.306942e+00 1.269052e+02 2.430578e+02
      vertex   -7.077205e+00 1.281943e+02 2.431014e+02
    endloop
  endfacet
  facet normal -7.570979e-01 -4.359119e-01 -4.866042e-01
    outer loop
      vertex   -7.077205e+00 1.281943e+02 2.431014e+02
      vertex   -6.306942e+00 1.269052e+02 2.430578e+02
      vertex   -6.373114e+00 1.268670e+02 2.431949e+02
    endloop
  endfacet
  facet normal -7.537099e-01 -4.345672e-01 -4.930241e-01
    outer loop
      vertex   -7.077205e+00 1.281943e+02 2.431014e+02
      vertex   -6.373114e+00 1.268670e+02 2.431949e+02
      vertex   -7.124695e+00 1.281943e+02 2.431740e+02
    endloop
  endfacet
  facet normal -7.315656e-01 -4.226899e-01 -5.349252e-01
    outer loop
      vertex   -7.124695e+00 1.281943e+02 2.431740e+02
      vertex   -6.373114e+00 1.268670e+02 2.431949e+02
      vertex   -7.176241e+00 1.281943e+02 2.432445e+02
    endloop
  endfacet
  facet normal -7.150165e-01 -4.115490e-01 -5.651361e-01
    outer loop
      vertex   -7.176241e+00 1.281943e+02 2.432445e+02
      vertex   -6.373114e+00 1.268670e+02 2.431949e+02
      vertex   -6.449965e+00 1.268226e+02 2.433245e+02
    endloop
  endfacet
  facet normal -7.081389e-01 -4.085342e-01 -5.758811e-01
    outer loop
      vertex   -7.176241e+00 1.281943e+02 2.432445e+02
      vertex   -6.449965e+00 1.268226e+02 2.433245e+02
      vertex   -7.231719e+00 1.281943e+02 2.433127e+02
    endloop
  endfacet
  facet normal -6.826696e-01 -3.943565e-01 -6.151790e-01
    outer loop
      vertex   -7.231719e+00 1.281943e+02 2.433127e+02
      vertex   -6.449965e+00 1.268226e+02 2.433245e+02
      vertex   -7.290996e+00 1.281943e+02 2.433785e+02
    endloop
  endfacet
  facet normal -6.668174e-01 -3.837053e-01 -6.388464e-01
    outer loop
      vertex   -7.290996e+00 1.281943e+02 2.433785e+02
      vertex   -6.449965e+00 1.268226e+02 2.433245e+02
      vertex   -6.536839e+00 1.267724e+02 2.434453e+02
    endloop
  endfacet
  facet normal -6.557844e-01 -3.785276e-01 -6.531950e-01
    outer loop
      vertex   -7.290996e+00 1.281943e+02 2.433785e+02
      vertex   -6.536839e+00 1.267724e+02 2.434453e+02
      vertex   -7.353928e+00 1.281943e+02 2.434417e+02
    endloop
  endfacet
  facet normal -6.271983e-01 -3.621928e-01 -6.895206e-01
    outer loop
      vertex   -7.353928e+00 1.281943e+02 2.434417e+02
      vertex   -6.536839e+00 1.267724e+02 2.434453e+02
      vertex   -7.420364e+00 1.281943e+02 2.435021e+02
    endloop
  endfacet
  facet normal -6.129142e-01 -3.526143e-01 -7.071064e-01
    outer loop
      vertex   -7.420364e+00 1.281943e+02 2.435021e+02
      vertex   -6.536839e+00 1.267724e+02 2.434453e+02
      vertex   -6.632996e+00 1.267169e+02 2.435563e+02
    endloop
  endfacet
  facet normal -5.971438e-01 -3.448379e-01 -7.242279e-01
    outer loop
      vertex   -7.420364e+00 1.281943e+02 2.435021e+02
      vertex   -6.632996e+00 1.267169e+02 2.435563e+02
      vertex   -7.490144e+00 1.281943e+02 2.435596e+02
    endloop
  endfacet
  facet normal -5.656802e-01 -3.265093e-01 -7.572302e-01
    outer loop
      vertex   -7.490144e+00 1.281943e+02 2.435596e+02
      vertex   -6.632996e+00 1.267169e+02 2.435563e+02
      vertex   -7.563100e+00 1.281943e+02 2.436141e+02
    endloop
  endfacet
  facet normal -5.537691e-01 -3.185368e-01 -7.693336e-01
    outer loop
      vertex   -7.563100e+00 1.281943e+02 2.436141e+02
      vertex   -6.632996e+00 1.267169e+02 2.435563e+02
      vertex   -6.737616e+00 1.266565e+02 2.436566e+02
    endloop
  endfacet
  facet normal -5.327745e-01 -3.077910e-01 -7.882995e-01
    outer loop
      vertex   -7.563100e+00 1.281943e+02 2.436141e+02
      vertex   -6.737616e+00 1.266565e+02 2.436566e+02
      vertex   -7.639056e+00 1.281943e+02 2.436655e+02
    endloop
  endfacet
  facet normal -4.987042e-01 -2.876505e-01 -8.176499e-01
    outer loop
      vertex   -7.639056e+00 1.281943e+02 2.436655e+02
      vertex   -6.737616e+00 1.266565e+02 2.436566e+02
      vertex   -7.717829e+00 1.281943e+02 2.437135e+02
    endloop
  endfacet
  facet normal -4.898890e-01 -2.817597e-01 -8.249971e-01
    outer loop
      vertex   -7.717829e+00 1.281943e+02 2.437135e+02
      vertex   -6.737616e+00 1.266565e+02 2.436566e+02
      vertex   -6.849804e+00 1.265918e+02 2.437454e+02
    endloop
  endfacet
  facet normal -4.632886e-01 -2.677451e-01 -8.447936e-01
    outer loop
      vertex   -7.717829e+00 1.281943e+02 2.437135e+02
      vertex   -6.849804e+00 1.265918e+02 2.437454e+02
      vertex   -7.799229e+00 1.281943e+02 2.437581e+02
    endloop
  endfacet
  facet normal -4.269135e-01 -2.459922e-01 -8.701912e-01
    outer loop
      vertex   -7.799229e+00 1.281943e+02 2.437581e+02
      vertex   -6.849804e+00 1.265918e+02 2.437454e+02
      vertex   -7.883061e+00 1.281943e+02 2.437993e+02
    endloop
  endfacet
  facet normal -4.218210e-01 -2.425933e-01 -8.736221e-01
    outer loop
      vertex   -7.883061e+00 1.281943e+02 2.437993e+02
      vertex   -6.849804e+00 1.265918e+02 2.437454e+02
      vertex   -6.968605e+00 1.265232e+02 2.438218e+02
    endloop
  endfacet
  facet normal -3.893488e-01 -2.250875e-01 -8.931647e-01
    outer loop
      vertex   -7.883061e+00 1.281943e+02 2.437993e+02
      vertex   -6.968605e+00 1.265232e+02 2.438218e+02
      vertex   -7.969122e+00 1.281943e+02 2.438368e+02
    endloop
  endfacet
  facet normal -3.509998e-01 -2.019374e-01 -9.143415e-01
    outer loop
      vertex   -7.969122e+00 1.281943e+02 2.438368e+02
      vertex   -6.968605e+00 1.265232e+02 2.438218e+02
      vertex   -8.057204e+00 1.281943e+02 2.438706e+02
    endloop
  endfacet
  facet normal -3.501473e-01 -2.013689e-01 -9.147937e-01
    outer loop
      vertex   -8.057204e+00 1.281943e+02 2.438706e+02
      vertex   -6.968605e+00 1.265232e+02 2.438218e+02
      vertex   -7.093005e+00 1.264513e+02 2.438852e+02
    endloop
  endfacet
  facet normal -3.116618e-01 -1.802308e-01 -9.329436e-01
    outer loop
      vertex   -8.057204e+00 1.281943e+02 2.438706e+02
      vertex   -7.093005e+00 1.264513e+02 2.438852e+02
      vertex   -8.147097e+00 1.281943e+02 2.439006e+02
    endloop
  endfacet
  facet normal -2.755755e-01 -1.582719e-01 -9.481604e-01
    outer loop
      vertex   -8.147097e+00 1.281943e+02 2.439006e+02
      vertex   -7.093005e+00 1.264513e+02 2.438852e+02
      vertex   -7.221942e+00 1.263769e+02 2.439351e+02
    endloop
  endfacet
  facet normal -2.716792e-01 -1.563160e-01 -9.496082e-01
    outer loop
      vertex   -8.147097e+00 1.281943e+02 2.439006e+02
      vertex   -7.221942e+00 1.263769e+02 2.439351e+02
      vertex   -8.238582e+00 1.281943e+02 2.439268e+02
    endloop
  endfacet
  facet normal -2.309721e-01 -1.336091e-01 -9.637430e-01
    outer loop
      vertex   -8.238582e+00 1.281943e+02 2.439268e+02
      vertex   -7.221942e+00 1.263769e+02 2.439351e+02
      vertex   -8.331440e+00 1.281943e+02 2.439491e+02
    endloop
  endfacet
  facet normal -1.986614e-01 -1.138093e-01 -9.734378e-01
    outer loop
      vertex   -8.331440e+00 1.281943e+02 2.439491e+02
      vertex   -7.221942e+00 1.263769e+02 2.439351e+02
      vertex   -7.354316e+00 1.263005e+02 2.439711e+02
    endloop
  endfacet
  facet normal -1.897538e-01 -1.092401e-01 -9.757357e-01
    outer loop
      vertex   -8.331440e+00 1.281943e+02 2.439491e+02
      vertex   -7.354316e+00 1.263005e+02 2.439711e+02
      vertex   -8.425448e+00 1.281943e+02 2.439673e+02
    endloop
  endfacet
  facet normal -1.480549e-01 -8.567410e-02 -9.852612e-01
    outer loop
      vertex   -8.425448e+00 1.281943e+02 2.439673e+02
      vertex   -7.354316e+00 1.263005e+02 2.439711e+02
      vertex   -8.520378e+00 1.281943e+02 2.439816e+02
    endloop
  endfacet
  facet normal -1.200405e-01 -6.839637e-02 -9.904101e-01
    outer loop
      vertex   -8.520378e+00 1.281943e+02 2.439816e+02
      vertex   -7.354316e+00 1.263005e+02 2.439711e+02
      vertex   -7.488999e+00 1.262227e+02 2.439927e+02
    endloop
  endfacet
  facet normal -1.060116e-01 -6.106927e-02 -9.924878e-01
    outer loop
      vertex   -8.520378e+00 1.281943e+02 2.439816e+02
      vertex   -7.488999e+00 1.262227e+02 2.439927e+02
      vertex   -8.616002e+00 1.281943e+02 2.439918e+02
    endloop
  endfacet
  facet normal -6.370853e-02 -3.688996e-02 -9.972865e-01
    outer loop
      vertex   -8.616002e+00 1.281943e+02 2.439918e+02
      vertex   -7.488999e+00 1.262227e+02 2.439927e+02
      vertex   -8.712089e+00 1.281943e+02 2.439980e+02
    endloop
  endfacet
  facet normal -2.125375e-02 -1.054617e-02 -9.997185e-01
    outer loop
      vertex   -8.712089e+00 1.281943e+02 2.439980e+02
      vertex   -7.488999e+00 1.262227e+02 2.439927e+02
      vertex   -8.808408e+00 1.281943e+02 2.440000e+02
    endloop
  endfacet
  facet normal -3.999605e-02 -2.309173e-02 -9.989330e-01
    outer loop
      vertex   -8.808408e+00 1.281943e+02 2.440000e+02
      vertex   -7.488999e+00 1.262227e+02 2.439927e+02
      vertex   -6.305431e+00 1.241727e+02 2.439927e+02
    endloop
  endfacet
  facet normal -8.657646e-01 -4.998494e-01 -2.454123e-02
    outer loop
      vertex   -6.847782e+00 1.281943e+02 2.423834e+02
      vertex   -6.845417e+00 1.281943e+02 2.423000e+02
      vertex   -4.276209e+00 1.237443e+02 2.423000e+02
    endloop
  endfacet
  facet normal -1.196469e-01 -6.907818e-02 -9.904104e-01
    outer loop
      vertex   -6.170748e+00 1.242505e+02 2.439711e+02
      vertex   -6.305431e+00 1.241727e+02 2.439927e+02
      vertex   -7.488999e+00 1.262227e+02 2.439927e+02
    endloop
  endfacet
  facet normal -1.982770e-01 -1.144753e-01 -9.734381e-01
    outer loop
      vertex   -6.038374e+00 1.243269e+02 2.439351e+02
      vertex   -6.170748e+00 1.242505e+02 2.439711e+02
      vertex   -7.354316e+00 1.263005e+02 2.439711e+02
    endloop
  endfacet
  facet normal -1.196469e-01 -6.907818e-02 -9.904104e-01
    outer loop
      vertex   -7.354316e+00 1.263005e+02 2.439711e+02
      vertex   -6.170748e+00 1.242505e+02 2.439711e+02
      vertex   -7.488999e+00 1.262227e+02 2.439927e+02
    endloop
  endfacet
  facet normal -2.752154e-01 -1.588957e-01 -9.481606e-01
    outer loop
      vertex   -5.909437e+00 1.244013e+02 2.438852e+02
      vertex   -6.038374e+00 1.243269e+02 2.439351e+02
      vertex   -7.221942e+00 1.263769e+02 2.439351e+02
    endloop
  endfacet
  facet normal -1.982770e-01 -1.144753e-01 -9.734381e-01
    outer loop
      vertex   -7.221942e+00 1.263769e+02 2.439351e+02
      vertex   -6.038374e+00 1.243269e+02 2.439351e+02
      vertex   -7.354316e+00 1.263005e+02 2.439711e+02
    endloop
  endfacet
  facet normal -3.498059e-01 -2.019605e-01 -9.147939e-01
    outer loop
      vertex   -5.785037e+00 1.244732e+02 2.438218e+02
      vertex   -5.909437e+00 1.244013e+02 2.438852e+02
      vertex   -7.093005e+00 1.264513e+02 2.438852e+02
    endloop
  endfacet
  facet normal -2.752154e-01 -1.588957e-01 -9.481606e-01
    outer loop
      vertex   -7.093005e+00 1.264513e+02 2.438852e+02
      vertex   -5.909437e+00 1.244013e+02 2.438852e+02
      vertex   -7.221942e+00 1.263769e+02 2.439351e+02
    endloop
  endfacet
  facet normal -4.214118e-01 -2.433022e-01 -8.736224e-01
    outer loop
      vertex   -5.666236e+00 1.245418e+02 2.437454e+02
      vertex   -5.785037e+00 1.244732e+02 2.438218e+02
      vertex   -6.968605e+00 1.265232e+02 2.438218e+02
    endloop
  endfacet
  facet normal -3.498059e-01 -2.019605e-01 -9.147939e-01
    outer loop
      vertex   -6.968605e+00 1.265232e+02 2.438218e+02
      vertex   -5.785037e+00 1.244732e+02 2.438218e+02
      vertex   -7.093005e+00 1.264513e+02 2.438852e+02
    endloop
  endfacet
  facet normal -4.894225e-01 -2.825682e-01 -8.249975e-01
    outer loop
      vertex   -5.554047e+00 1.246065e+02 2.436566e+02
      vertex   -5.666236e+00 1.245418e+02 2.437454e+02
      vertex   -6.849804e+00 1.265918e+02 2.437454e+02
    endloop
  endfacet
  facet normal -4.214118e-01 -2.433022e-01 -8.736224e-01
    outer loop
      vertex   -6.849804e+00 1.265918e+02 2.437454e+02
      vertex   -5.666236e+00 1.245418e+02 2.437454e+02
      vertex   -6.968605e+00 1.265232e+02 2.438218e+02
    endloop
  endfacet
  facet normal -5.532576e-01 -3.194234e-01 -7.693340e-01
    outer loop
      vertex   -5.449428e+00 1.246669e+02 2.435563e+02
      vertex   -5.554047e+00 1.246065e+02 2.436566e+02
      vertex   -6.737616e+00 1.266565e+02 2.436566e+02
    endloop
  endfacet
  facet normal -4.894225e-01 -2.825682e-01 -8.249975e-01
    outer loop
      vertex   -6.737616e+00 1.266565e+02 2.436566e+02
      vertex   -5.554047e+00 1.246065e+02 2.436566e+02
      vertex   -6.849804e+00 1.265918e+02 2.437454e+02
    endloop
  endfacet
  facet normal -6.123724e-01 -3.535534e-01 -7.071068e-01
    outer loop
      vertex   -5.353271e+00 1.247224e+02 2.434453e+02
      vertex   -5.449428e+00 1.246669e+02 2.435563e+02
      vertex   -6.632996e+00 1.267169e+02 2.435563e+02
    endloop
  endfacet
  facet normal -5.532576e-01 -3.194234e-01 -7.693340e-01
    outer loop
      vertex   -6.632996e+00 1.267169e+02 2.435563e+02
      vertex   -5.449428e+00 1.246669e+02 2.435563e+02
      vertex   -6.737616e+00 1.266565e+02 2.436566e+02
    endloop
  endfacet
  facet normal -6.662628e-01 -3.846670e-01 -6.388468e-01
    outer loop
      vertex   -5.266397e+00 1.247726e+02 2.433245e+02
      vertex   -5.353271e+00 1.247224e+02 2.434453e+02
      vertex   -6.536839e+00 1.267724e+02 2.434453e+02
    endloop
  endfacet
  facet normal -6.123724e-01 -3.535534e-01 -7.071068e-01
    outer loop
      vertex   -6.536839e+00 1.267724e+02 2.434453e+02
      vertex   -5.353271e+00 1.247224e+02 2.434453e+02
      vertex   -6.632996e+00 1.267169e+02 2.435563e+02
    endloop
  endfacet
  facet normal -7.144688e-01 -4.124987e-01 -5.651364e-01
    outer loop
      vertex   -5.189546e+00 1.248170e+02 2.431949e+02
      vertex   -5.266397e+00 1.247726e+02 2.433245e+02
      vertex   -6.449965e+00 1.268226e+02 2.433245e+02
    endloop
  endfacet
  facet normal -6.662628e-01 -3.846670e-01 -6.388468e-01
    outer loop
      vertex   -6.449965e+00 1.268226e+02 2.433245e+02
      vertex   -5.266397e+00 1.247726e+02 2.433245e+02
      vertex   -6.536839e+00 1.267724e+02 2.434453e+02
    endloop
  endfacet
  facet normal -7.565792e-01 -4.368112e-01 -4.866045e-01
    outer loop
      vertex   -5.123374e+00 1.248552e+02 2.430578e+02
      vertex   -5.189546e+00 1.248170e+02 2.431949e+02
      vertex   -6.373114e+00 1.268670e+02 2.431949e+02
    endloop
  endfacet
  facet normal -7.144688e-01 -4.124987e-01 -5.651364e-01
    outer loop
      vertex   -6.373114e+00 1.268670e+02 2.431949e+02
      vertex   -5.189546e+00 1.248170e+02 2.431949e+02
      vertex   -6.449965e+00 1.268226e+02 2.433245e+02
    endloop
  endfacet
  facet normal -7.922347e-01 -4.573969e-01 -4.039210e-01
    outer loop
      vertex   -5.068446e+00 1.248869e+02 2.429141e+02
      vertex   -5.123374e+00 1.248552e+02 2.430578e+02
      vertex   -6.306942e+00 1.269052e+02 2.430578e+02
    endloop
  endfacet
  facet normal -7.565792e-01 -4.368112e-01 -4.866045e-01
    outer loop
      vertex   -6.306942e+00 1.269052e+02 2.430578e+02
      vertex   -5.123374e+00 1.248552e+02 2.430578e+02
      vertex   -6.373114e+00 1.268670e+02 2.431949e+02
    endloop
  endfacet
  facet normal -8.211312e-01 -4.740803e-01 -3.177914e-01
    outer loop
      vertex   -5.025231e+00 1.249118e+02 2.427652e+02
      vertex   -5.068446e+00 1.248869e+02 2.429141e+02
      vertex   -6.252014e+00 1.269369e+02 2.429141e+02
    endloop
  endfacet
  facet normal -7.922347e-01 -4.573969e-01 -4.039210e-01
    outer loop
      vertex   -6.252014e+00 1.269369e+02 2.429141e+02
      vertex   -5.068446e+00 1.248869e+02 2.429141e+02
      vertex   -6.306942e+00 1.269052e+02 2.430578e+02
    endloop
  endfacet
  facet normal -8.430221e-01 -4.867190e-01 -2.289505e-01
    outer loop
      vertex   -4.994097e+00 1.249298e+02 2.426124e+02
      vertex   -5.025231e+00 1.249118e+02 2.427652e+02
      vertex   -6.208799e+00 1.269618e+02 2.427652e+02
    endloop
  endfacet
  facet normal -8.211312e-01 -4.740803e-01 -3.177914e-01
    outer loop
      vertex   -6.208799e+00 1.269618e+02 2.427652e+02
      vertex   -5.025231e+00 1.249118e+02 2.427652e+02
      vertex   -6.252014e+00 1.269369e+02 2.429141e+02
    endloop
  endfacet
  facet normal -8.577206e-01 -4.952052e-01 -1.381564e-01
    outer loop
      vertex   -4.975309e+00 1.249407e+02 2.424569e+02
      vertex   -4.994097e+00 1.249298e+02 2.426124e+02
      vertex   -6.177665e+00 1.269798e+02 2.426124e+02
    endloop
  endfacet
  facet normal -8.430221e-01 -4.867190e-01 -2.289505e-01
    outer loop
      vertex   -6.177665e+00 1.269798e+02 2.426124e+02
      vertex   -4.994097e+00 1.249298e+02 2.426124e+02
      vertex   -6.208799e+00 1.269618e+02 2.427652e+02
    endloop
  endfacet
  facet normal -8.577206e-01 -4.952052e-01 -1.381564e-01
    outer loop
      vertex   -6.158877e+00 1.269907e+02 2.424569e+02
      vertex   -4.975309e+00 1.249407e+02 2.424569e+02
      vertex   -6.177665e+00 1.269798e+02 2.426124e+02
    endloop
  endfacet
  facet normal -0.000000e+00 -2.454123e-02 -9.996988e-01
    outer loop
      vertex   1.843704e+00 1.220443e+02 2.440000e+02
      vertex   -5.257704e+00 1.220443e+02 2.440000e+02
      vertex   1.795544e+00 1.221277e+02 2.439980e+02
    endloop
  endfacet
  facet normal 3.981226e-04 -5.817073e-02 -9.983066e-01
    outer loop
      vertex   1.795544e+00 1.221277e+02 2.439980e+02
      vertex   -5.257704e+00 1.220443e+02 2.440000e+02
      vertex   -5.234319e-01 1.222011e+02 2.439927e+02
    endloop
  endfacet
  facet normal -9.338215e-05 -7.361819e-02 -9.972865e-01
    outer loop
      vertex   1.795544e+00 1.221277e+02 2.439980e+02
      vertex   -5.234319e-01 1.222011e+02 2.439927e+02
      vertex   1.747501e+00 1.222109e+02 2.439918e+02
    endloop
  endfacet
  facet normal 1.182799e-04 -1.223434e-01 -9.924878e-01
    outer loop
      vertex   1.747501e+00 1.222109e+02 2.439918e+02
      vertex   -5.234319e-01 1.222011e+02 2.439927e+02
      vertex   1.699689e+00 1.222937e+02 2.439816e+02
    endloop
  endfacet
  facet normal 7.872536e-04 -1.381563e-01 -9.904101e-01
    outer loop
      vertex   1.699689e+00 1.222937e+02 2.439816e+02
      vertex   -5.234319e-01 1.222011e+02 2.439927e+02
      vertex   -5.234319e-01 1.223567e+02 2.439711e+02
    endloop
  endfacet
  facet normal -1.685088e-04 -1.710563e-01 -9.852612e-01
    outer loop
      vertex   1.699689e+00 1.222937e+02 2.439816e+02
      vertex   -5.234319e-01 1.223567e+02 2.439711e+02
      vertex   1.652224e+00 1.223759e+02 2.439673e+02
    endloop
  endfacet
  facet normal 2.721947e-04 -2.189516e-01 -9.757357e-01
    outer loop
      vertex   1.652224e+00 1.223759e+02 2.439673e+02
      vertex   -5.234319e-01 1.223567e+02 2.439711e+02
      vertex   1.605220e+00 1.224574e+02 2.439491e+02
    endloop
  endfacet
  facet normal 7.689237e-04 -2.289505e-01 -9.734378e-01
    outer loop
      vertex   1.605220e+00 1.224574e+02 2.439491e+02
      vertex   -5.234319e-01 1.223567e+02 2.439711e+02
      vertex   -5.234319e-01 1.225095e+02 2.439351e+02
    endloop
  endfacet
  facet normal -2.228689e-04 -2.668323e-01 -9.637430e-01
    outer loop
      vertex   1.605220e+00 1.224574e+02 2.439491e+02
      vertex   -5.234319e-01 1.225095e+02 2.439351e+02
      vertex   1.558791e+00 1.225378e+02 2.439268e+02
    endloop
  endfacet
  facet normal 4.659879e-04 -3.134391e-01 -9.496082e-01
    outer loop
      vertex   1.558791e+00 1.225378e+02 2.439268e+02
      vertex   -5.234319e-01 1.225095e+02 2.439351e+02
      vertex   1.513048e+00 1.226170e+02 2.439006e+02
    endloop
  endfacet
  facet normal 7.202096e-04 -3.177913e-01 -9.481604e-01
    outer loop
      vertex   1.513048e+00 1.226170e+02 2.439006e+02
      vertex   -5.234319e-01 1.225095e+02 2.439351e+02
      vertex   -5.234319e-01 1.226584e+02 2.438852e+02
    endloop
  endfacet
  facet normal -2.535103e-04 -3.600224e-01 -9.329436e-01
    outer loop
      vertex   1.513048e+00 1.226170e+02 2.439006e+02
      vertex   -5.234319e-01 1.226584e+02 2.438852e+02
      vertex   1.468102e+00 1.226949e+02 2.438706e+02
    endloop
  endfacet
  facet normal 6.830897e-04 -4.039209e-01 -9.147937e-01
    outer loop
      vertex   1.468102e+00 1.226949e+02 2.438706e+02
      vertex   -5.234319e-01 1.226584e+02 2.438852e+02
      vertex   -5.234319e-01 1.228020e+02 2.438218e+02
    endloop
  endfacet
  facet normal 6.169654e-04 -4.049435e-01 -9.143415e-01
    outer loop
      vertex   1.468102e+00 1.226949e+02 2.438706e+02
      vertex   -5.234319e-01 1.228020e+02 2.438218e+02
      vertex   1.424061e+00 1.227711e+02 2.438368e+02
    endloop
  endfacet
  facet normal -2.570572e-04 -4.497297e-01 -8.931647e-01
    outer loop
      vertex   1.424061e+00 1.227711e+02 2.438368e+02
      vertex   -5.234319e-01 1.228020e+02 2.438218e+02
      vertex   1.381030e+00 1.228457e+02 2.437993e+02
    endloop
  endfacet
  facet normal 8.185080e-04 -4.866043e-01 -8.736221e-01
    outer loop
      vertex   1.381030e+00 1.228457e+02 2.437993e+02
      vertex   -5.234319e-01 1.228020e+02 2.438218e+02
      vertex   -5.234319e-01 1.229392e+02 2.437454e+02
    endloop
  endfacet
  facet normal 4.212622e-04 -4.927140e-01 -8.701912e-01
    outer loop
      vertex   1.381030e+00 1.228457e+02 2.437993e+02
      vertex   -5.234319e-01 1.229392e+02 2.437454e+02
      vertex   1.339115e+00 1.229183e+02 2.437581e+02
    endloop
  endfacet
  facet normal -2.297627e-04 -5.350923e-01 -8.447936e-01
    outer loop
      vertex   1.339115e+00 1.229183e+02 2.437581e+02
      vertex   -5.234319e-01 1.229392e+02 2.437454e+02
      vertex   1.298414e+00 1.229888e+02 2.437135e+02
    endloop
  endfacet
  facet normal 9.334221e-04 -5.651362e-01 -8.249971e-01
    outer loop
      vertex   1.298414e+00 1.229888e+02 2.437135e+02
      vertex   -5.234319e-01 1.229392e+02 2.437454e+02
      vertex   -5.234319e-01 1.230688e+02 2.436566e+02
    endloop
  endfacet
  facet normal 2.394566e-04 -5.757158e-01 -8.176499e-01
    outer loop
      vertex   1.298414e+00 1.229888e+02 2.437135e+02
      vertex   -5.234319e-01 1.230688e+02 2.436566e+02
      vertex   1.259028e+00 1.230570e+02 2.436655e+02
    endloop
  endfacet
  facet normal -1.676082e-04 -6.152917e-01 -7.882995e-01
    outer loop
      vertex   1.259028e+00 1.230570e+02 2.436655e+02
      vertex   -5.234319e-01 1.230688e+02 2.436566e+02
      vertex   1.221050e+00 1.231228e+02 2.436141e+02
    endloop
  endfacet
  facet normal 1.023567e-03 -6.388465e-01 -7.693336e-01
    outer loop
      vertex   1.221050e+00 1.231228e+02 2.436141e+02
      vertex   -5.234319e-01 1.230688e+02 2.436566e+02
      vertex   -5.234319e-01 1.231896e+02 2.435563e+02
    endloop
  endfacet
  facet normal 7.477239e-05 -6.531481e-01 -7.572302e-01
    outer loop
      vertex   1.221050e+00 1.231228e+02 2.436141e+02
      vertex   -5.234319e-01 1.231896e+02 2.435563e+02
      vertex   1.184572e+00 1.231859e+02 2.435596e+02
    endloop
  endfacet
  facet normal -6.646229e-05 -6.895607e-01 -7.242279e-01
    outer loop
      vertex   1.184572e+00 1.231859e+02 2.435596e+02
      vertex   -5.234319e-01 1.231896e+02 2.435563e+02
      vertex   1.149682e+00 1.232464e+02 2.435021e+02
    endloop
  endfacet
  facet normal 1.084171e-03 -7.071064e-01 -7.071064e-01
    outer loop
      vertex   1.149682e+00 1.232464e+02 2.435021e+02
      vertex   -5.234319e-01 1.231896e+02 2.435563e+02
      vertex   -5.234319e-01 1.233006e+02 2.434453e+02
    endloop
  endfacet
  facet normal -6.905716e-05 -7.242660e-01 -6.895206e-01
    outer loop
      vertex   1.149682e+00 1.232464e+02 2.435021e+02
      vertex   -5.234319e-01 1.233006e+02 2.434453e+02
      vertex   1.116464e+00 1.233039e+02 2.434417e+02
    endloop
  endfacet
  facet normal 7.769235e-05 -7.571897e-01 -6.531950e-01
    outer loop
      vertex   1.116464e+00 1.233039e+02 2.434417e+02
      vertex   -5.234319e-01 1.233006e+02 2.434453e+02
      vertex   1.084998e+00 1.233584e+02 2.433785e+02
    endloop
  endfacet
  facet normal 1.110147e-03 -7.693335e-01 -6.388464e-01
    outer loop
      vertex   1.084998e+00 1.233584e+02 2.433785e+02
      vertex   -5.234319e-01 1.233006e+02 2.434453e+02
      vertex   -5.234319e-01 1.234009e+02 2.433245e+02
    endloop
  endfacet
  facet normal -1.878963e-04 -7.883875e-01 -6.151790e-01
    outer loop
      vertex   1.084998e+00 1.233584e+02 2.433785e+02
      vertex   -5.234319e-01 1.234009e+02 2.433245e+02
      vertex   1.055360e+00 1.234097e+02 2.433127e+02
    endloop
  endfacet
  facet normal 2.684612e-04 -8.175334e-01 -5.758811e-01
    outer loop
      vertex   1.055360e+00 1.234097e+02 2.433127e+02
      vertex   -5.234319e-01 1.234009e+02 2.433245e+02
      vertex   1.027621e+00 1.234578e+02 2.432445e+02
    endloop
  endfacet
  facet normal 1.096386e-03 -8.249970e-01 -5.651361e-01
    outer loop
      vertex   1.027621e+00 1.234578e+02 2.432445e+02
      vertex   -5.234319e-01 1.234009e+02 2.433245e+02
      vertex   -5.234319e-01 1.234897e+02 2.431949e+02
    endloop
  endfacet
  facet normal -2.773859e-04 -8.448994e-01 -5.349252e-01
    outer loop
      vertex   1.027621e+00 1.234578e+02 2.432445e+02
      vertex   -5.234319e-01 1.234897e+02 2.431949e+02
      vertex   1.001847e+00 1.235024e+02 2.431740e+02
    endloop
  endfacet
  facet normal 5.086794e-04 -8.700155e-01 -4.930241e-01
    outer loop
      vertex   1.001847e+00 1.235024e+02 2.431740e+02
      vertex   -5.234319e-01 1.234897e+02 2.431949e+02
      vertex   9.781024e-01 1.235436e+02 2.431014e+02
    endloop
  endfacet
  facet normal 1.038150e-03 -8.736219e-01 -4.866042e-01
    outer loop
      vertex   9.781024e-01 1.235436e+02 2.431014e+02
      vertex   -5.234319e-01 1.234897e+02 2.431949e+02
      vertex   -5.234319e-01 1.235661e+02 2.430578e+02
    endloop
  endfacet
  facet normal -3.331977e-04 -8.932631e-01 -4.495340e-01
    outer loop
      vertex   9.781024e-01 1.235436e+02 2.431014e+02
      vertex   -5.234319e-01 1.235661e+02 2.430578e+02
      vertex   9.564428e-01 1.235811e+02 2.430268e+02
    endloop
  endfacet
  facet normal 8.000172e-04 -9.141336e-01 -4.054123e-01
    outer loop
      vertex   9.564428e-01 1.235811e+02 2.430268e+02
      vertex   -5.234319e-01 1.235661e+02 2.430578e+02
      vertex   9.369206e-01 1.236149e+02 2.429506e+02
    endloop
  endfacet
  facet normal 9.315532e-04 -9.147935e-01 -4.039208e-01
    outer loop
      vertex   9.369206e-01 1.236149e+02 2.429506e+02
      vertex   -5.234319e-01 1.235661e+02 2.430578e+02
      vertex   -5.234319e-01 1.236295e+02 2.429141e+02
    endloop
  endfacet
  facet normal -3.513556e-04 -9.330190e-01 -3.598269e-01
    outer loop
      vertex   9.369206e-01 1.236149e+02 2.429506e+02
      vertex   -5.234319e-01 1.236295e+02 2.429141e+02
      vertex   9.195829e-01 1.236449e+02 2.428727e+02
    endloop
  endfacet
  facet normal 1.016408e-03 -9.481602e-01 -3.177913e-01
    outer loop
      vertex   9.195829e-01 1.236449e+02 2.428727e+02
      vertex   -5.234319e-01 1.236295e+02 2.429141e+02
      vertex   -5.234319e-01 1.236794e+02 2.427652e+02
    endloop
  endfacet
  facet normal 6.873536e-04 -9.494889e-01 -3.137999e-01
    outer loop
      vertex   9.195829e-01 1.236449e+02 2.428727e+02
      vertex   -5.234319e-01 1.236794e+02 2.427652e+02
      vertex   9.044716e-01 1.236711e+02 2.427935e+02
    endloop
  endfacet
  facet normal -3.285970e-04 -9.637895e-01 -2.666640e-01
    outer loop
      vertex   9.044716e-01 1.236711e+02 2.427935e+02
      vertex   -5.234319e-01 1.236794e+02 2.427652e+02
      vertex   8.916229e-01 1.236933e+02 2.427131e+02
    endloop
  endfacet
  facet normal 1.156683e-03 -9.734374e-01 -2.289504e-01
    outer loop
      vertex   8.916229e-01 1.236933e+02 2.427131e+02
      vertex   -5.234319e-01 1.236794e+02 2.427652e+02
      vertex   -5.234319e-01 1.237153e+02 2.426124e+02
    endloop
  endfacet
  facet normal 4.245392e-04 -9.756903e-01 -2.191536e-01
    outer loop
      vertex   8.916229e-01 1.236933e+02 2.427131e+02
      vertex   -5.234319e-01 1.237153e+02 2.426124e+02
      vertex   8.810679e-01 1.237116e+02 2.426317e+02
    endloop
  endfacet
  facet normal -2.627327e-04 -9.852820e-01 -1.709363e-01
    outer loop
      vertex   8.810679e-01 1.237116e+02 2.426317e+02
      vertex   -5.234319e-01 1.237153e+02 2.426124e+02
      vertex   8.728319e-01 1.237259e+02 2.425494e+02
    endloop
  endfacet
  facet normal 1.253459e-03 -9.904097e-01 -1.381562e-01
    outer loop
      vertex   8.728319e-01 1.237259e+02 2.425494e+02
      vertex   -5.234319e-01 1.237153e+02 2.426124e+02
      vertex   -5.234319e-01 1.237370e+02 2.424569e+02
    endloop
  endfacet
  facet normal 1.937656e-04 -9.924778e-01 -1.224243e-01
    outer loop
      vertex   8.728319e-01 1.237259e+02 2.425494e+02
      vertex   -5.234319e-01 1.237370e+02 2.424569e+02
      vertex   8.669349e-01 1.237361e+02 2.424666e+02
    endloop
  endfacet
  facet normal -1.529496e-04 -9.972909e-01 -7.355808e-02
    outer loop
      vertex   8.669349e-01 1.237361e+02 2.424666e+02
      vertex   -5.234319e-01 1.237370e+02 2.424569e+02
      vertex   8.633910e-01 1.237422e+02 2.423834e+02
    endloop
  endfacet
  facet normal 2.449995e-03 -9.996950e-01 -2.457586e-02
    outer loop
      vertex   8.633910e-01 1.237422e+02 2.423834e+02
      vertex   -5.234319e-01 1.237370e+02 2.424569e+02
      vertex   8.622087e-01 1.237443e+02 2.423000e+02
    endloop
  endfacet
  facet normal 0.000000e+00 -9.989330e-01 -4.618346e-02
    outer loop
      vertex   8.622087e-01 1.237443e+02 2.423000e+02
      vertex   -5.234319e-01 1.237370e+02 2.424569e+02
      vertex   -2.890568e+00 1.237370e+02 2.424569e+02
    endloop
  endfacet
  facet normal -5.742992e-04 -9.982048e-01 -5.988987e-02
    outer loop
      vertex   8.622087e-01 1.237443e+02 2.423000e+02
      vertex   -2.890568e+00 1.237370e+02 2.424569e+02
      vertex   -4.277391e+00 1.237422e+02 2.423834e+02
    endloop
  endfacet
  facet normal 1.529496e-04 -9.972909e-01 -7.355808e-02
    outer loop
      vertex   -4.277391e+00 1.237422e+02 2.423834e+02
      vertex   -2.890568e+00 1.237370e+02 2.424569e+02
      vertex   -4.280935e+00 1.237361e+02 2.424666e+02
    endloop
  endfacet
  facet normal -1.937656e-04 -9.924778e-01 -1.224243e-01
    outer loop
      vertex   -4.280935e+00 1.237361e+02 2.424666e+02
      vertex   -2.890568e+00 1.237370e+02 2.424569e+02
      vertex   -4.286832e+00 1.237259e+02 2.425494e+02
    endloop
  endfacet
  facet normal -1.253459e-03 -9.904097e-01 -1.381562e-01
    outer loop
      vertex   -4.286832e+00 1.237259e+02 2.425494e+02
      vertex   -2.890568e+00 1.237370e+02 2.424569e+02
      vertex   -2.890568e+00 1.237153e+02 2.426124e+02
    endloop
  endfacet
  facet normal 2.627327e-04 -9.852820e-01 -1.709363e-01
    outer loop
      vertex   -4.286832e+00 1.237259e+02 2.425494e+02
      vertex   -2.890568e+00 1.237153e+02 2.426124e+02
      vertex   -4.295068e+00 1.237116e+02 2.426317e+02
    endloop
  endfacet
  facet normal -4.245392e-04 -9.756903e-01 -2.191536e-01
    outer loop
      vertex   -4.295068e+00 1.237116e+02 2.426317e+02
      vertex   -2.890568e+00 1.237153e+02 2.426124e+02
      vertex   -4.305623e+00 1.236933e+02 2.427131e+02
    endloop
  endfacet
  facet normal -1.156683e-03 -9.734374e-01 -2.289504e-01
    outer loop
      vertex   -4.305623e+00 1.236933e+02 2.427131e+02
      vertex   -2.890568e+00 1.237153e+02 2.426124e+02
      vertex   -2.890568e+00 1.236794e+02 2.427652e+02
    endloop
  endfacet
  facet normal 3.285970e-04 -9.637895e-01 -2.666640e-01
    outer loop
      vertex   -4.305623e+00 1.236933e+02 2.427131e+02
      vertex   -2.890568e+00 1.236794e+02 2.427652e+02
      vertex   -4.318472e+00 1.236711e+02 2.427935e+02
    endloop
  endfacet
  facet normal -6.873536e-04 -9.494889e-01 -3.137999e-01
    outer loop
      vertex   -4.318472e+00 1.236711e+02 2.427935e+02
      vertex   -2.890568e+00 1.236794e+02 2.427652e+02
      vertex   -4.333583e+00 1.236449e+02 2.428727e+02
    endloop
  endfacet
  facet normal -1.016408e-03 -9.481602e-01 -3.177913e-01
    outer loop
      vertex   -4.333583e+00 1.236449e+02 2.428727e+02
      vertex   -2.890568e+00 1.236794e+02 2.427652e+02
      vertex   -2.890568e+00 1.236295e+02 2.429141e+02
    endloop
  endfacet
  facet normal 3.513556e-04 -9.330190e-01 -3.598269e-01
    outer loop
      vertex   -4.333583e+00 1.236449e+02 2.428727e+02
      vertex   -2.890568e+00 1.236295e+02 2.429141e+02
      vertex   -4.350921e+00 1.236149e+02 2.429506e+02
    endloop
  endfacet
  facet normal -9.315532e-04 -9.147935e-01 -4.039208e-01
    outer loop
      vertex   -4.350921e+00 1.236149e+02 2.429506e+02
      vertex   -2.890568e+00 1.236295e+02 2.429141e+02
      vertex   -2.890568e+00 1.235661e+02 2.430578e+02
    endloop
  endfacet
  facet normal -8.000172e-04 -9.141336e-01 -4.054123e-01
    outer loop
      vertex   -4.350921e+00 1.236149e+02 2.429506e+02
      vertex   -2.890568e+00 1.235661e+02 2.430578e+02
      vertex   -4.370443e+00 1.235811e+02 2.430268e+02
    endloop
  endfacet
  facet normal 3.331977e-04 -8.932631e-01 -4.495340e-01
    outer loop
      vertex   -4.370443e+00 1.235811e+02 2.430268e+02
      vertex   -2.890568e+00 1.235661e+02 2.430578e+02
      vertex   -4.392102e+00 1.235436e+02 2.431014e+02
    endloop
  endfacet
  facet normal -1.038150e-03 -8.736219e-01 -4.866042e-01
    outer loop
      vertex   -4.392102e+00 1.235436e+02 2.431014e+02
      vertex   -2.890568e+00 1.235661e+02 2.430578e+02
      vertex   -2.890568e+00 1.234897e+02 2.431949e+02
    endloop
  endfacet
  facet normal -5.086794e-04 -8.700155e-01 -4.930241e-01
    outer loop
      vertex   -4.392102e+00 1.235436e+02 2.431014e+02
      vertex   -2.890568e+00 1.234897e+02 2.431949e+02
      vertex   -4.415847e+00 1.235024e+02 2.431740e+02
    endloop
  endfacet
  facet normal 2.773859e-04 -8.448994e-01 -5.349252e-01
    outer loop
      vertex   -4.415847e+00 1.235024e+02 2.431740e+02
      vertex   -2.890568e+00 1.234897e+02 2.431949e+02
      vertex   -4.441621e+00 1.234578e+02 2.432445e+02
    endloop
  endfacet
  facet normal -1.096386e-03 -8.249970e-01 -5.651361e-01
    outer loop
      vertex   -4.441621e+00 1.234578e+02 2.432445e+02
      vertex   -2.890568e+00 1.234897e+02 2.431949e+02
      vertex   -2.890568e+00 1.234009e+02 2.433245e+02
    endloop
  endfacet
  facet normal -2.684612e-04 -8.175334e-01 -5.758811e-01
    outer loop
      vertex   -4.441621e+00 1.234578e+02 2.432445e+02
      vertex   -2.890568e+00 1.234009e+02 2.433245e+02
      vertex   -4.469360e+00 1.234097e+02 2.433127e+02
    endloop
  endfacet
  facet normal 1.878963e-04 -7.883875e-01 -6.151790e-01
    outer loop
      vertex   -4.469360e+00 1.234097e+02 2.433127e+02
      vertex   -2.890568e+00 1.234009e+02 2.433245e+02
      vertex   -4.498998e+00 1.233584e+02 2.433785e+02
    endloop
  endfacet
  facet normal -1.110147e-03 -7.693335e-01 -6.388464e-01
    outer loop
      vertex   -4.498998e+00 1.233584e+02 2.433785e+02
      vertex   -2.890568e+00 1.234009e+02 2.433245e+02
      vertex   -2.890568e+00 1.233006e+02 2.434453e+02
    endloop
  endfacet
  facet normal -7.769235e-05 -7.571897e-01 -6.531950e-01
    outer loop
      vertex   -4.498998e+00 1.233584e+02 2.433785e+02
      vertex   -2.890568e+00 1.233006e+02 2.434453e+02
      vertex   -4.530464e+00 1.233039e+02 2.434417e+02
    endloop
  endfacet
  facet normal 6.905716e-05 -7.242660e-01 -6.895206e-01
    outer loop
      vertex   -4.530464e+00 1.233039e+02 2.434417e+02
      vertex   -2.890568e+00 1.233006e+02 2.434453e+02
      vertex   -4.563682e+00 1.232464e+02 2.435021e+02
    endloop
  endfacet
  facet normal -1.084171e-03 -7.071064e-01 -7.071064e-01
    outer loop
      vertex   -4.563682e+00 1.232464e+02 2.435021e+02
      vertex   -2.890568e+00 1.233006e+02 2.434453e+02
      vertex   -2.890568e+00 1.231896e+02 2.435563e+02
    endloop
  endfacet
  facet normal 6.646229e-05 -6.895607e-01 -7.242279e-01
    outer loop
      vertex   -4.563682e+00 1.232464e+02 2.435021e+02
      vertex   -2.890568e+00 1.231896e+02 2.435563e+02
      vertex   -4.598572e+00 1.231859e+02 2.435596e+02
    endloop
  endfacet
  facet normal -7.477239e-05 -6.531481e-01 -7.572302e-01
    outer loop
      vertex   -4.598572e+00 1.231859e+02 2.435596e+02
      vertex   -2.890568e+00 1.231896e+02 2.435563e+02
      vertex   -4.635050e+00 1.231228e+02 2.436141e+02
    endloop
  endfacet
  facet normal -1.023567e-03 -6.388465e-01 -7.693336e-01
    outer loop
      vertex   -4.635050e+00 1.231228e+02 2.436141e+02
      vertex   -2.890568e+00 1.231896e+02 2.435563e+02
      vertex   -2.890568e+00 1.230688e+02 2.436566e+02
    endloop
  endfacet
  facet normal 1.676082e-04 -6.152917e-01 -7.882995e-01
    outer loop
      vertex   -4.635050e+00 1.231228e+02 2.436141e+02
      vertex   -2.890568e+00 1.230688e+02 2.436566e+02
      vertex   -4.673028e+00 1.230570e+02 2.436655e+02
    endloop
  endfacet
  facet normal -2.394566e-04 -5.757158e-01 -8.176499e-01
    outer loop
      vertex   -4.673028e+00 1.230570e+02 2.436655e+02
      vertex   -2.890568e+00 1.230688e+02 2.436566e+02
      vertex   -4.712414e+00 1.229888e+02 2.437135e+02
    endloop
  endfacet
  facet normal -9.334221e-04 -5.651362e-01 -8.249971e-01
    outer loop
      vertex   -4.712414e+00 1.229888e+02 2.437135e+02
      vertex   -2.890568e+00 1.230688e+02 2.436566e+02
      vertex   -2.890568e+00 1.229392e+02 2.437454e+02
    endloop
  endfacet
  facet normal 2.297627e-04 -5.350923e-01 -8.447936e-01
    outer loop
      vertex   -4.712414e+00 1.229888e+02 2.437135e+02
      vertex   -2.890568e+00 1.229392e+02 2.437454e+02
      vertex   -4.753115e+00 1.229183e+02 2.437581e+02
    endloop
  endfacet
  facet normal -4.212622e-04 -4.927140e-01 -8.701912e-01
    outer loop
      vertex   -4.753115e+00 1.229183e+02 2.437581e+02
      vertex   -2.890568e+00 1.229392e+02 2.437454e+02
      vertex   -4.795030e+00 1.228457e+02 2.437993e+02
    endloop
  endfacet
  facet normal -8.185080e-04 -4.866043e-01 -8.736221e-01
    outer loop
      vertex   -4.795030e+00 1.228457e+02 2.437993e+02
      vertex   -2.890568e+00 1.229392e+02 2.437454e+02
      vertex   -2.890568e+00 1.228020e+02 2.438218e+02
    endloop
  endfacet
  facet normal 2.570572e-04 -4.497297e-01 -8.931647e-01
    outer loop
      vertex   -4.795030e+00 1.228457e+02 2.437993e+02
      vertex   -2.890568e+00 1.228020e+02 2.438218e+02
      vertex   -4.838061e+00 1.227711e+02 2.438368e+02
    endloop
  endfacet
  facet normal -6.169654e-04 -4.049435e-01 -9.143415e-01
    outer loop
      vertex   -4.838061e+00 1.227711e+02 2.438368e+02
      vertex   -2.890568e+00 1.228020e+02 2.438218e+02
      vertex   -4.882102e+00 1.226949e+02 2.438706e+02
    endloop
  endfacet
  facet normal -6.830897e-04 -4.039209e-01 -9.147937e-01
    outer loop
      vertex   -4.882102e+00 1.226949e+02 2.438706e+02
      vertex   -2.890568e+00 1.228020e+02 2.438218e+02
      vertex   -2.890568e+00 1.226584e+02 2.438852e+02
    endloop
  endfacet
  facet normal 2.535103e-04 -3.600224e-01 -9.329436e-01
    outer loop
      vertex   -4.882102e+00 1.226949e+02 2.438706e+02
      vertex   -2.890568e+00 1.226584e+02 2.438852e+02
      vertex   -4.927048e+00 1.226170e+02 2.439006e+02
    endloop
  endfacet
  facet normal -7.202096e-04 -3.177913e-01 -9.481604e-01
    outer loop
      vertex   -4.927048e+00 1.226170e+02 2.439006e+02
      vertex   -2.890568e+00 1.226584e+02 2.438852e+02
      vertex   -2.890568e+00 1.225095e+02 2.439351e+02
    endloop
  endfacet
  facet normal -4.659879e-04 -3.134391e-01 -9.496082e-01
    outer loop
      vertex   -4.927048e+00 1.226170e+02 2.439006e+02
      vertex   -2.890568e+00 1.225095e+02 2.439351e+02
      vertex   -4.972791e+00 1.225378e+02 2.439268e+02
    endloop
  endfacet
  facet normal 2.228689e-04 -2.668323e-01 -9.637430e-01
    outer loop
      vertex   -4.972791e+00 1.225378e+02 2.439268e+02
      vertex   -2.890568e+00 1.225095e+02 2.439351e+02
      vertex   -5.019220e+00 1.224574e+02 2.439491e+02
    endloop
  endfacet
  facet normal -7.689237e-04 -2.289505e-01 -9.734378e-01
    outer loop
      vertex   -5.019220e+00 1.224574e+02 2.439491e+02
      vertex   -2.890568e+00 1.225095e+02 2.439351e+02
      vertex   -2.890568e+00 1.223567e+02 2.439711e+02
    endloop
  endfacet
  facet normal -2.721947e-04 -2.189516e-01 -9.757357e-01
    outer loop
      vertex   -5.019220e+00 1.224574e+02 2.439491e+02
      vertex   -2.890568e+00 1.223567e+02 2.439711e+02
      vertex   -5.066224e+00 1.223759e+02 2.439673e+02
    endloop
  endfacet
  facet normal 1.685088e-04 -1.710563e-01 -9.852612e-01
    outer loop
      vertex   -5.066224e+00 1.223759e+02 2.439673e+02
      vertex   -2.890568e+00 1.223567e+02 2.439711e+02
      vertex   -5.113689e+00 1.222937e+02 2.439816e+02
    endloop
  endfacet
  facet normal -7.872536e-04 -1.381563e-01 -9.904101e-01
    outer loop
      vertex   -5.113689e+00 1.222937e+02 2.439816e+02
      vertex   -2.890568e+00 1.223567e+02 2.439711e+02
      vertex   -2.890568e+00 1.222011e+02 2.439927e+02
    endloop
  endfacet
  facet normal -1.182799e-04 -1.223434e-01 -9.924878e-01
    outer loop
      vertex   -5.113689e+00 1.222937e+02 2.439816e+02
      vertex   -2.890568e+00 1.222011e+02 2.439927e+02
      vertex   -5.161501e+00 1.222109e+02 2.439918e+02
    endloop
  endfacet
  facet normal 9.338215e-05 -7.361819e-02 -9.972865e-01
    outer loop
      vertex   -5.161501e+00 1.222109e+02 2.439918e+02
      vertex   -2.890568e+00 1.222011e+02 2.439927e+02
      vertex   -5.209544e+00 1.221277e+02 2.439980e+02
    endloop
  endfacet
  facet normal -1.493620e-03 -2.367937e-02 -9.997185e-01
    outer loop
      vertex   -5.209544e+00 1.221277e+02 2.439980e+02
      vertex   -2.890568e+00 1.222011e+02 2.439927e+02
      vertex   -5.257704e+00 1.220443e+02 2.440000e+02
    endloop
  endfacet
  facet normal 0.000000e+00 -4.618346e-02 -9.989330e-01
    outer loop
      vertex   -5.257704e+00 1.220443e+02 2.440000e+02
      vertex   -2.890568e+00 1.222011e+02 2.439927e+02
      vertex   -5.234319e-01 1.222011e+02 2.439927e+02
    endloop
  endfacet
  facet normal 0.000000e+00 -9.996988e-01 -2.454123e-02
    outer loop
      vertex   -4.277391e+00 1.237422e+02 2.423834e+02
      vertex   -4.276209e+00 1.237443e+02 2.423000e+02
      vertex   8.622087e-01 1.237443e+02 2.423000e+02
    endloop
  endfacet
  facet normal 0.000000e+00 -1.381564e-01 -9.904104e-01
    outer loop
      vertex   -5.234319e-01 1.223567e+02 2.439711e+02
      vertex   -5.234319e-01 1.222011e+02 2.439927e+02
      vertex   -2.890568e+00 1.222011e+02 2.439927e+02
    endloop
  endfacet
  facet normal 0.000000e+00 -2.289505e-01 -9.734381e-01
    outer loop
      vertex   -5.234319e-01 1.225095e+02 2.439351e+02
      vertex   -5.234319e-01 1.223567e+02 2.439711e+02
      vertex   -2.890568e+00 1.223567e+02 2.439711e+02
    endloop
  endfacet
  facet normal 0.000000e+00 -1.381564e-01 -9.904104e-01
    outer loop
      vertex   -2.890568e+00 1.223567e+02 2.439711e+02
      vertex   -5.234319e-01 1.223567e+02 2.439711e+02
      vertex   -2.890568e+00 1.222011e+02 2.439927e+02
    endloop
  endfacet
  facet normal 0.000000e+00 -3.177914e-01 -9.481606e-01
    outer loop
      vertex   -5.234319e-01 1.226584e+02 2.438852e+02
      vertex   -5.234319e-01 1.225095e+02 2.439351e+02
      vertex   -2.890568e+00 1.225095e+02 2.439351e+02
    endloop
  endfacet
  facet normal 0.000000e+00 -2.289505e-01 -9.734381e-01
    outer loop
      vertex   -2.890568e+00 1.225095e+02 2.439351e+02
      vertex   -5.234319e-01 1.225095e+02 2.439351e+02
      vertex   -2.890568e+00 1.223567e+02 2.439711e+02
    endloop
  endfacet
  facet normal 0.000000e+00 -4.039210e-01 -9.147939e-01
    outer loop
      vertex   -5.234319e-01 1.228020e+02 2.438218e+02
      vertex   -5.234319e-01 1.226584e+02 2.438852e+02
      vertex   -2.890568e+00 1.226584e+02 2.438852e+02
    endloop
  endfacet
  facet normal 0.000000e+00 -3.177914e-01 -9.481606e-01
    outer loop
      vertex   -2.890568e+00 1.226584e+02 2.438852e+02
      vertex   -5.234319e-01 1.226584e+02 2.438852e+02
      vertex   -2.890568e+00 1.225095e+02 2.439351e+02
    endloop
  endfacet
  facet normal 0.000000e+00 -4.866045e-01 -8.736224e-01
    outer loop
      vertex   -5.234319e-01 1.229392e+02 2.437454e+02
      vertex   -5.234319e-01 1.228020e+02 2.438218e+02
      vertex   -2.890568e+00 1.228020e+02 2.438218e+02
    endloop
  endfacet
  facet normal 0.000000e+00 -4.039210e-01 -9.147939e-01
    outer loop
      vertex   -2.890568e+00 1.228020e+02 2.438218e+02
      vertex   -5.234319e-01 1.228020e+02 2.438218e+02
      vertex   -2.890568e+00 1.226584e+02 2.438852e+02
    endloop
  endfacet
  facet normal 0.000000e+00 -5.651364e-01 -8.249975e-01
    outer loop
      vertex   -5.234319e-01 1.230688e+02 2.436566e+02
      vertex   -5.234319e-01 1.229392e+02 2.437454e+02
      vertex   -2.890568e+00 1.229392e+02 2.437454e+02
    endloop
  endfacet
  facet normal 0.000000e+00 -4.866045e-01 -8.736224e-01
    outer loop
      vertex   -2.890568e+00 1.229392e+02 2.437454e+02
      vertex   -5.234319e-01 1.229392e+02 2.437454e+02
      vertex   -2.890568e+00 1.228020e+02 2.438218e+02
    endloop
  endfacet
  facet normal 0.000000e+00 -6.388468e-01 -7.693340e-01
    outer loop
      vertex   -5.234319e-01 1.231896e+02 2.435563e+02
      vertex   -5.234319e-01 1.230688e+02 2.436566e+02
      vertex   -2.890568e+00 1.230688e+02 2.436566e+02
    endloop
  endfacet
  facet normal 0.000000e+00 -5.651364e-01 -8.249975e-01
    outer loop
      vertex   -2.890568e+00 1.230688e+02 2.436566e+02
      vertex   -5.234319e-01 1.230688e+02 2.436566e+02
      vertex   -2.890568e+00 1.229392e+02 2.437454e+02
    endloop
  endfacet
  facet normal 0.000000e+00 -7.071068e-01 -7.071068e-01
    outer loop
      vertex   -5.234319e-01 1.233006e+02 2.434453e+02
      vertex   -5.234319e-01 1.231896e+02 2.435563e+02
      vertex   -2.890568e+00 1.231896e+02 2.435563e+02
    endloop
  endfacet
  facet normal 0.000000e+00 -6.388468e-01 -7.693340e-01
    outer loop
      vertex   -2.890568e+00 1.231896e+02 2.435563e+02
      vertex   -5.234319e-01 1.231896e+02 2.435563e+02
      vertex   -2.890568e+00 1.230688e+02 2.436566e+02
    endloop
  endfacet
  facet normal 0.000000e+00 -7.693340e-01 -6.388468e-01
    outer loop
      vertex   -5.234319e-01 1.234009e+02 2.433245e+02
      vertex   -5.234319e-01 1.233006e+02 2.434453e+02
      vertex   -2.890568e+00 1.233006e+02 2.434453e+02
    endloop
  endfacet
  facet normal 0.000000e+00 -7.071068e-01 -7.071068e-01
    outer loop
      vertex   -2.890568e+00 1.233006e+02 2.434453e+02
      vertex   -5.234319e-01 1.233006e+02 2.434453e+02
      vertex   -2.890568e+00 1.231896e+02 2.435563e+02
    endloop
  endfacet
  facet normal 0.000000e+00 -8.249975e-01 -5.651364e-01
    outer loop
      vertex   -5.234319e-01 1.234897e+02 2.431949e+02
      vertex   -5.234319e-01 1.234009e+02 2.433245e+02
      vertex   -2.890568e+00 1.234009e+02 2.433245e+02
    endloop
  endfacet
  facet normal 0.000000e+00 -7.693340e-01 -6.388468e-01
    outer loop
      vertex   -2.890568e+00 1.234009e+02 2.433245e+02
      vertex   -5.234319e-01 1.234009e+02 2.433245e+02
      vertex   -2.890568e+00 1.233006e+02 2.434453e+02
    endloop
  endfacet
  facet normal 0.000000e+00 -8.736224e-01 -4.866045e-01
    outer loop
      vertex   -5.234319e-01 1.235661e+02 2.430578e+02
      vertex   -5.234319e-01 1.234897e+02 2.431949e+02
      vertex   -2.890568e+00 1.234897e+02 2.431949e+02
    endloop
  endfacet
  facet normal 0.000000e+00 -8.249975e-01 -5.651364e-01
    outer loop
      vertex   -2.890568e+00 1.234897e+02 2.431949e+02
      vertex   -5.234319e-01 1.234897e+02 2.431949e+02
      vertex   -2.890568e+00 1.234009e+02 2.433245e+02
    endloop
  endfacet
  facet normal 0.000000e+00 -9.147939e-01 -4.039210e-01
    outer loop
      vertex   -5.234319e-01 1.236295e+02 2.429141e+02
      vertex   -5.234319e-01 1.235661e+02 2.430578e+02
      vertex   -2.890568e+00 1.235661e+02 2.430578e+02
    endloop
  endfacet
  facet normal 0.000000e+00 -8.736224e-01 -4.866045e-01
    outer loop
      vertex   -2.890568e+00 1.235661e+02 2.430578e+02
      vertex   -5.234319e-01 1.235661e+02 2.430578e+02
      vertex   -2.890568e+00 1.234897e+02 2.431949e+02
    endloop
  endfacet
  facet normal 0.000000e+00 -9.481606e-01 -3.177914e-01
    outer loop
      vertex   -5.234319e-01 1.236794e+02 2.427652e+02
      vertex   -5.234319e-01 1.236295e+02 2.429141e+02
      vertex   -2.890568e+00 1.236295e+02 2.429141e+02
    endloop
  endfacet
  facet normal 0.000000e+00 -9.147939e-01 -4.039210e-01
    outer loop
      vertex   -2.890568e+00 1.236295e+02 2.429141e+02
      vertex   -5.234319e-01 1.236295e+02 2.429141e+02
      vertex   -2.890568e+00 1.235661e+02 2.430578e+02
    endloop
  endfacet
  facet normal 0.000000e+00 -9.734381e-01 -2.289505e-01
    outer loop
      vertex   -5.234319e-01 1.237153e+02 2.426124e+02
      vertex   -5.234319e-01 1.236794e+02 2.427652e+02
      vertex   -2.890568e+00 1.236794e+02 2.427652e+02
    endloop
  endfacet
  facet normal 0.000000e+00 -9.481606e-01 -3.177914e-01
    outer loop
      vertex   -2.890568e+00 1.236794e+02 2.427652e+02
      vertex   -5.234319e-01 1.236794e+02 2.427652e+02
      vertex   -2.890568e+00 1.236295e+02 2.429141e+02
    endloop
  endfacet
  facet normal 0.000000e+00 -9.904104e-01 -1.381564e-01
    outer loop
      vertex   -5.234319e-01 1.237370e+02 2.424569e+02
      vertex   -5.234319e-01 1.237153e+02 2.426124e+02
      vertex   -2.890568e+00 1.237153e+02 2.426124e+02
    endloop
  endfacet
  facet normal 0.000000e+00 -9.734381e-01 -2.289505e-01
    outer loop
      vertex   -2.890568e+00 1.237153e+02 2.426124e+02
      vertex   -5.234319e-01 1.237153e+02 2.426124e+02
      vertex   -2.890568e+00 1.236794e+02 2.427652e+02
    endloop
  endfacet
  facet normal 0.000000e+00 -9.904104e-01 -1.381564e-01
    outer loop
      vertex   -2.890568e+00 1.237370e+02 2.424569e+02
      vertex   -5.234319e-01 1.237370e+02 2.424569e+02
      vertex   -2.890568e+00 1.237153e+02 2.426124e+02
    endloop
  endfacet
  facet normal -0.000000e+00 1.000000e+00 0.000000e+00
    outer loop
      vertex   -4.276209e+00 1.326443e+02 2.423000e+02
      vertex   8.622087e-01 1.326443e+02 2.423000e+02
      vertex   -4.276209e+00 1.326443e+02 2.415000e+02
    endloop
  endfacet
  facet normal 0.000000e+00 1.000000e+00 0.000000e+00
    outer loop
      vertex   -4.276209e+00 1.326443e+02 2.415000e+02
      vertex   8.622087e-01 1.326443e+02 2.423000e+02
      vertex   8.622087e-01 1.326443e+02 2.415000e+02
    endloop
  endfacet
  facet normal 8.660254e-01 5.000000e-01 0.000000e+00
    outer loop
      vertex   8.622087e-01 1.326443e+02 2.423000e+02
      vertex   3.431417e+00 1.281943e+02 2.423000e+02
      vertex   8.622087e-01 1.326443e+02 2.415000e+02
    endloop
  endfacet
  facet normal 8.660254e-01 5.000000e-01 0.000000e+00
    outer loop
      vertex   8.622087e-01 1.326443e+02 2.415000e+02
      vertex   3.431417e+00 1.281943e+02 2.423000e+02
      vertex   3.431417e+00 1.281943e+02 2.415000e+02
    endloop
  endfacet
  facet normal 8.660254e-01 -5.000000e-01 0.000000e+00
    outer loop
      vertex   3.431417e+00 1.281943e+02 2.423000e+02
      vertex   8.622087e-01 1.237443e+02 2.423000e+02
      vertex   3.431417e+00 1.281943e+02 2.415000e+02
    endloop
  endfacet
  facet normal 8.660254e-01 -5.000000e-01 0.000000e+00
    outer loop
      vertex   3.431417e+00 1.281943e+02 2.415000e+02
      vertex   8.622087e-01 1.237443e+02 2.423000e+02
      vertex   8.622087e-01 1.237443e+02 2.415000e+02
    endloop
  endfacet
  facet normal 0.000000e+00 0.000000e+00 -1.000000e+00
    outer loop
      vertex   -1.170700e+01 1.211943e+02 2.440000e+02
      vertex   1.843704e+00 1.220443e+02 2.440000e+02
      vertex   8.293000e+00 1.211943e+02 2.440000e+02
    endloop
  endfacet
  facet normal 0.000000e+00 0.000000e+00 -1.000000e+00
    outer loop
      vertex   8.293000e+00 1.211943e+02 2.440000e+02
      vertex   1.843704e+00 1.220443e+02 2.440000e+02
      vertex   5.394408e+00 1.281943e+02 2.440000e+02
    endloop
  endfacet
  facet normal 0.000000e+00 0.000000e+00 -1.000000e+00
    outer loop
      vertex   8.293000e+00 1.211943e+02 2.440000e+02
      vertex   5.394408e+00 1.281943e+02 2.440000e+02
      vertex   8.293000e+00 1.381943e+02 2.440000e+02
    endloop
  endfacet
  facet normal 0.000000e+00 0.000000e+00 -1.000000e+00
    outer loop
      vertex   8.293000e+00 1.381943e+02 2.440000e+02
      vertex   5.394408e+00 1.281943e+02 2.440000e+02
      vertex   1.843704e+00 1.343443e+02 2.440000e+02
    endloop
  endfacet
  facet normal 0.000000e+00 0.000000e+00 -1.000000e+00
    outer loop
      vertex   8.293000e+00 1.381943e+02 2.440000e+02
      vertex   1.843704e+00 1.343443e+02 2.440000e+02
      vertex   -5.257704e+00 1.343443e+02 2.440000e+02
    endloop
  endfacet
  facet normal 0.000000e+00 0.000000e+00 -1.000000e+00
    outer loop
      vertex   -1.170700e+01 1.381943e+02 2.440000e+02
      vertex   -8.808408e+00 1.281943e+02 2.440000e+02
      vertex   -1.170700e+01 1.211943e+02 2.440000e+02
    endloop
  endfacet
  facet normal 0.000000e+00 0.000000e+00 -1.000000e+00
    outer loop
      vertex   -1.170700e+01 1.211943e+02 2.440000e+02
      vertex   -8.808408e+00 1.281943e+02 2.440000e+02
      vertex   -5.257704e+00 1.220443e+02 2.440000e+02
    endloop
  endfacet
  facet normal 0.000000e+00 0.000000e+00 -1.000000e+00
    outer loop
      vertex   -1.170700e+01 1.211943e+02 2.440000e+02
      vertex   -5.257704e+00 1.220443e+02 2.440000e+02
      vertex   1.843704e+00 1.220443e+02 2.440000e+02
    endloop
  endfacet
  facet normal 0.000000e+00 0.000000e+00 -1.000000e+00
    outer loop
      vertex   -8.808408e+00 1.281943e+02 2.440000e+02
      vertex   -1.170700e+01 1.381943e+02 2.440000e+02
      vertex   -5.257704e+00 1.343443e+02 2.440000e+02
    endloop
  endfacet
  facet normal 0.000000e+00 0.000000e+00 -1.000000e+00
    outer loop
      vertex   -5.257704e+00 1.343443e+02 2.440000e+02
      vertex   -1.170700e+01 1.381943e+02 2.440000e+02
      vertex   8.293000e+00 1.381943e+02 2.440000e+02
    endloop
  endfacet
  facet normal -9.988673e-01 0.000000e+00 4.758192e-02
    outer loop
      vertex   -6.447133e-02 1.181943e+02 2.368811e+02
      vertex   -6.447133e-02 1.151943e+02 2.368811e+02
      vertex   -5.700000e-02 1.181943e+02 2.370379e+02
    endloop
  endfacet
  facet normal -9.988673e-01 0.000000e+00 4.758192e-02
    outer loop
      vertex   -5.700000e-02 1.181943e+02 2.370379e+02
      vertex   -6.447133e-02 1.151943e+02 2.368811e+02
      vertex   -5.700000e-02 1.151943e+02 2.370379e+02
    endloop
  endfacet
  facet normal -9.988673e-01 -0.000000e+00 -4.758192e-02
    outer loop
      vertex   -5.700000e-02 1.181943e+02 2.370379e+02
      vertex   -5.700000e-02 1.151943e+02 2.370379e+02
      vertex   -6.447133e-02 1.181943e+02 2.371948e+02
    endloop
  endfacet
  facet normal -9.988673e-01 -0.000000e+00 -4.758192e-02
    outer loop
      vertex   -6.447133e-02 1.181943e+02 2.371948e+02
      vertex   -5.700000e-02 1.151943e+02 2.370379e+02
      vertex   -6.447133e-02 1.151943e+02 2.371948e+02
    endloop
  endfacet
  facet normal -9.898214e-01 -0.000000e+00 -1.423148e-01
    outer loop
      vertex   -6.447133e-02 1.181943e+02 2.371948e+02
      vertex   -6.447133e-02 1.151943e+02 2.371948e+02
      vertex   -8.681765e-02 1.151943e+02 2.373502e+02
    endloop
  endfacet
  facet normal -9.898214e-01 0.000000e+00 1.423148e-01
    outer loop
      vertex   -6.447133e-02 1.181943e+02 2.368811e+02
      vertex   -8.681765e-02 1.181943e+02 2.367257e+02
      vertex   -6.447133e-02 1.151943e+02 2.368811e+02
    endloop
  endfacet
  facet normal -9.898214e-01 0.000000e+00 1.423148e-01
    outer loop
      vertex   -6.447133e-02 1.151943e+02 2.368811e+02
      vertex   -8.681765e-02 1.181943e+02 2.367257e+02
      vertex   -8.681765e-02 1.151943e+02 2.367257e+02
    endloop
  endfacet
  facet normal -9.718116e-01 0.000000e+00 2.357589e-01
    outer loop
      vertex   -8.681765e-02 1.151943e+02 2.367257e+02
      vertex   -8.681765e-02 1.181943e+02 2.367257e+02
      vertex   -1.238366e-01 1.181943e+02 2.365731e+02
    endloop
  endfacet
  facet normal -9.718116e-01 0.000000e+00 2.357589e-01
    outer loop
      vertex   -8.681765e-02 1.151943e+02 2.367257e+02
      vertex   -1.238366e-01 1.181943e+02 2.365731e+02
      vertex   -1.238366e-01 1.151943e+02 2.365731e+02
    endloop
  endfacet
  facet normal -9.450008e-01 0.000000e+00 3.270680e-01
    outer loop
      vertex   -1.238366e-01 1.151943e+02 2.365731e+02
      vertex   -1.238366e-01 1.181943e+02 2.365731e+02
      vertex   -1.751929e-01 1.181943e+02 2.364247e+02
    endloop
  endfacet
  facet normal -9.450008e-01 -8.654082e-17 3.270680e-01
    outer loop
      vertex   -1.238366e-01 1.151943e+02 2.365731e+02
      vertex   -1.751929e-01 1.181943e+02 2.364247e+02
      vertex   -1.751929e-01 1.151943e+02 2.364247e+02
    endloop
  endfacet
  facet normal -9.096320e-01 -8.415787e-17 4.154150e-01
    outer loop
      vertex   -1.751929e-01 1.151943e+02 2.364247e+02
      vertex   -1.751929e-01 1.181943e+02 2.364247e+02
      vertex   -2.404215e-01 1.181943e+02 2.362819e+02
    endloop
  endfacet
  facet normal -9.096320e-01 0.000000e+00 4.154150e-01
    outer loop
      vertex   -1.751929e-01 1.151943e+02 2.364247e+02
      vertex   -2.404215e-01 1.181943e+02 2.362819e+02
      vertex   -2.404215e-01 1.151943e+02 2.362819e+02
    endloop
  endfacet
  facet normal -8.660254e-01 0.000000e+00 5.000000e-01
    outer loop
      vertex   -2.404215e-01 1.151943e+02 2.362819e+02
      vertex   -2.404215e-01 1.181943e+02 2.362819e+02
      vertex   -3.189317e-01 1.181943e+02 2.361459e+02
    endloop
  endfacet
  facet normal -8.660254e-01 -1.620339e-16 5.000000e-01
    outer loop
      vertex   -2.404215e-01 1.151943e+02 2.362819e+02
      vertex   -3.189317e-01 1.181943e+02 2.361459e+02
      vertex   -3.189317e-01 1.151943e+02 2.361459e+02
    endloop
  endfacet
  facet normal -8.145760e-01 -1.507268e-16 5.800569e-01
    outer loop
      vertex   -3.189317e-01 1.151943e+02 2.361459e+02
      vertex   -3.189317e-01 1.181943e+02 2.361459e+02
      vertex   -4.100124e-01 1.181943e+02 2.360180e+02
    endloop
  endfacet
  facet normal -8.145760e-01 0.000000e+00 5.800569e-01
    outer loop
      vertex   -3.189317e-01 1.151943e+02 2.361459e+02
      vertex   -4.100124e-01 1.181943e+02 2.360180e+02
      vertex   -4.100124e-01 1.151943e+02 2.360180e+02
    endloop
  endfacet
  facet normal -7.557496e-01 0.000000e+00 6.548607e-01
    outer loop
      vertex   -4.100124e-01 1.151943e+02 2.360180e+02
      vertex   -4.100124e-01 1.181943e+02 2.360180e+02
      vertex   -5.128388e-01 1.181943e+02 2.358993e+02
    endloop
  endfacet
  facet normal -7.557496e-01 0.000000e+00 6.548607e-01
    outer loop
      vertex   -4.100124e-01 1.151943e+02 2.360180e+02
      vertex   -5.128388e-01 1.181943e+02 2.358993e+02
      vertex   -5.128388e-01 1.151943e+02 2.358993e+02
    endloop
  endfacet
  facet normal -6.900790e-01 0.000000e+00 7.237340e-01
    outer loop
      vertex   -5.128388e-01 1.151943e+02 2.358993e+02
      vertex   -5.128388e-01 1.181943e+02 2.358993e+02
      vertex   -6.264798e-01 1.181943e+02 2.357909e+02
    endloop
  endfacet
  facet normal -6.900790e-01 -9.942988e-17 7.237340e-01
    outer loop
      vertex   -5.128388e-01 1.151943e+02 2.358993e+02
      vertex   -6.264798e-01 1.181943e+02 2.357909e+02
      vertex   -6.264798e-01 1.151943e+02 2.357909e+02
    endloop
  endfacet
  facet normal -6.181590e-01 -9.150591e-17 7.860531e-01
    outer loop
      vertex   -6.264798e-01 1.151943e+02 2.357909e+02
      vertex   -6.264798e-01 1.181943e+02 2.357909e+02
      vertex   -7.499061e-01 1.181943e+02 2.356939e+02
    endloop
  endfacet
  facet normal -6.181590e-01 0.000000e+00 7.860531e-01
    outer loop
      vertex   -6.264798e-01 1.151943e+02 2.357909e+02
      vertex   -7.499061e-01 1.181943e+02 2.356939e+02
      vertex   -7.499061e-01 1.151943e+02 2.356939e+02
    endloop
  endfacet
  facet normal -5.406408e-01 0.000000e+00 8.412535e-01
    outer loop
      vertex   -7.499061e-01 1.151943e+02 2.356939e+02
      vertex   -7.499061e-01 1.181943e+02 2.356939e+02
      vertex   -8.820000e-01 1.181943e+02 2.356090e+02
    endloop
  endfacet
  facet normal -5.406408e-01 -2.025423e-16 8.412535e-01
    outer loop
      vertex   -7.499061e-01 1.151943e+02 2.356939e+02
      vertex   -8.820000e-01 1.181943e+02 2.356090e+02
      vertex   -8.820000e-01 1.151943e+02 2.356090e+02
    endloop
  endfacet
  facet normal -4.582265e-01 -1.695779e-16 8.888354e-01
    outer loop
      vertex   -8.820000e-01 1.151943e+02 2.356090e+02
      vertex   -8.820000e-01 1.181943e+02 2.356090e+02
      vertex   -1.021565e+00 1.181943e+02 2.355370e+02
    endloop
  endfacet
  facet normal -4.582265e-01 -3.682588e-17 8.888354e-01
    outer loop
      vertex   -8.820000e-01 1.151943e+02 2.356090e+02
      vertex   -1.021565e+00 1.181943e+02 2.355370e+02
      vertex   -1.021565e+00 1.151943e+02 2.355370e+02
    endloop
  endfacet
  facet normal -3.716625e-01 -2.750855e-17 9.283679e-01
    outer loop
      vertex   -1.021565e+00 1.151943e+02 2.355370e+02
      vertex   -1.021565e+00 1.181943e+02 2.355370e+02
      vertex   -1.167338e+00 1.181943e+02 2.354787e+02
    endloop
  endfacet
  facet normal -3.716625e-01 0.000000e+00 9.283679e-01
    outer loop
      vertex   -1.021565e+00 1.151943e+02 2.355370e+02
      vertex   -1.167338e+00 1.181943e+02 2.354787e+02
      vertex   -1.167338e+00 1.151943e+02 2.354787e+02
    endloop
  endfacet
  facet normal -2.817326e-01 0.000000e+00 9.594930e-01
    outer loop
      vertex   -1.167338e+00 1.151943e+02 2.354787e+02
      vertex   -1.167338e+00 1.181943e+02 2.354787e+02
      vertex   -1.317998e+00 1.181943e+02 2.354344e+02
    endloop
  endfacet
  facet normal -2.817326e-01 -6.260400e-17 9.594930e-01
    outer loop
      vertex   -1.167338e+00 1.151943e+02 2.354787e+02
      vertex   -1.317998e+00 1.181943e+02 2.354344e+02
      vertex   -1.317998e+00 1.151943e+02 2.354344e+02
    endloop
  endfacet
  facet normal -1.892512e-01 -4.202222e-17 9.819287e-01
    outer loop
      vertex   -1.317998e+00 1.151943e+02 2.354344e+02
      vertex   -1.317998e+00 1.181943e+02 2.354344e+02
      vertex   -1.472181e+00 1.181943e+02 2.354047e+02
    endloop
  endfacet
  facet normal -1.892512e-01 -1.288906e-17 9.819287e-01
    outer loop
      vertex   -1.317998e+00 1.151943e+02 2.354344e+02
      vertex   -1.472181e+00 1.181943e+02 2.354047e+02
      vertex   -1.472181e+00 1.151943e+02 2.354047e+02
    endloop
  endfacet
  facet normal -9.505604e-02 -7.035561e-18 9.954719e-01
    outer loop
      vertex   -1.472181e+00 1.151943e+02 2.354047e+02
      vertex   -1.472181e+00 1.181943e+02 2.354047e+02
      vertex   -1.628490e+00 1.181943e+02 2.353898e+02
    endloop
  endfacet
  facet normal -9.505604e-02 2.117488e-17 9.954719e-01
    outer loop
      vertex   -1.472181e+00 1.151943e+02 2.354047e+02
      vertex   -1.628490e+00 1.181943e+02 2.353898e+02
      vertex   -1.628490e+00 1.151943e+02 2.353898e+02
    endloop
  endfacet
  facet normal 0.000000e+00 -0.000000e+00 1.000000e+00
    outer loop
      vertex   -1.628490e+00 1.151943e+02 2.353898e+02
      vertex   -1.628490e+00 1.181943e+02 2.353898e+02
      vertex   -1.785510e+00 1.181943e+02 2.353898e+02
    endloop
  endfacet
  facet normal 0.000000e+00 0.000000e+00 1.000000e+00
    outer loop
      vertex   -1.628490e+00 1.151943e+02 2.353898e+02
      vertex   -1.785510e+00 1.181943e+02 2.353898e+02
      vertex   -1.785510e+00 1.151943e+02 2.353898e+02
    endloop
  endfacet
  facet normal 9.505604e-02 7.035561e-18 9.954719e-01
    outer loop
      vertex   -1.785510e+00 1.151943e+02 2.353898e+02
      vertex   -1.785510e+00 1.181943e+02 2.353898e+02
      vertex   -1.941819e+00 1.181943e+02 2.354047e+02
    endloop
  endfacet
  facet normal 9.505604e-02 0.000000e+00 9.954719e-01
    outer loop
      vertex   -1.785510e+00 1.151943e+02 2.353898e+02
      vertex   -1.941819e+00 1.181943e+02 2.354047e+02
      vertex   -1.941819e+00 1.151943e+02 2.354047e+02
    endloop
  endfacet
  facet normal 1.892512e-01 -0.000000e+00 9.819287e-01
    outer loop
      vertex   -1.941819e+00 1.151943e+02 2.354047e+02
      vertex   -1.941819e+00 1.181943e+02 2.354047e+02
      vertex   -2.096002e+00 1.181943e+02 2.354344e+02
    endloop
  endfacet
  facet normal 1.892512e-01 5.708011e-17 9.819287e-01
    outer loop
      vertex   -1.941819e+00 1.151943e+02 2.354047e+02
      vertex   -2.096002e+00 1.181943e+02 2.354344e+02
      vertex   -2.096002e+00 1.151943e+02 2.354344e+02
    endloop
  endfacet
  facet normal 2.817326e-01 8.340959e-17 9.594930e-01
    outer loop
      vertex   -2.096002e+00 1.151943e+02 2.354344e+02
      vertex   -2.096002e+00 1.181943e+02 2.354344e+02
      vertex   -2.246662e+00 1.181943e+02 2.354787e+02
    endloop
  endfacet
  facet normal 2.817326e-01 4.234976e-17 9.594930e-01
    outer loop
      vertex   -2.096002e+00 1.151943e+02 2.354344e+02
      vertex   -2.246662e+00 1.181943e+02 2.354787e+02
      vertex   -2.246662e+00 1.151943e+02 2.354787e+02
    endloop
  endfacet
  facet normal 3.716625e-01 5.501710e-17 9.283679e-01
    outer loop
      vertex   -2.246662e+00 1.151943e+02 2.354787e+02
      vertex   -2.246662e+00 1.181943e+02 2.354787e+02
      vertex   -2.392435e+00 1.181943e+02 2.355370e+02
    endloop
  endfacet
  facet normal 3.716625e-01 -5.523882e-17 9.283679e-01
    outer loop
      vertex   -2.246662e+00 1.151943e+02 2.354787e+02
      vertex   -2.392435e+00 1.181943e+02 2.355370e+02
      vertex   -2.392435e+00 1.151943e+02 2.355370e+02
    endloop
  endfacet
  facet normal 4.582265e-01 -6.783115e-17 8.888354e-01
    outer loop
      vertex   -2.392435e+00 1.151943e+02 2.355370e+02
      vertex   -2.392435e+00 1.181943e+02 2.355370e+02
      vertex   -2.532000e+00 1.181943e+02 2.356090e+02
    endloop
  endfacet
  facet normal 4.582265e-01 1.362558e-16 8.888354e-01
    outer loop
      vertex   -2.392435e+00 1.151943e+02 2.355370e+02
      vertex   -2.532000e+00 1.181943e+02 2.356090e+02
      vertex   -2.532000e+00 1.151943e+02 2.356090e+02
    endloop
  endfacet
  facet normal 5.406408e-01 1.600618e-16 8.412535e-01
    outer loop
      vertex   -2.532000e+00 1.151943e+02 2.356090e+02
      vertex   -2.532000e+00 1.181943e+02 2.356090e+02
      vertex   -2.664094e+00 1.181943e+02 2.356939e+02
    endloop
  endfacet
  facet normal 5.406408e-01 0.000000e+00 8.412535e-01
    outer loop
      vertex   -2.532000e+00 1.151943e+02 2.356090e+02
      vertex   -2.664094e+00 1.181943e+02 2.356939e+02
      vertex   -2.664094e+00 1.151943e+02 2.356939e+02
    endloop
  endfacet
  facet normal 6.181590e-01 -0.000000e+00 7.860531e-01
    outer loop
      vertex   -2.664094e+00 1.151943e+02 2.356939e+02
      vertex   -2.664094e+00 1.181943e+02 2.356939e+02
      vertex   -2.787520e+00 1.181943e+02 2.357909e+02
    endloop
  endfacet
  facet normal 6.181590e-01 0.000000e+00 7.860531e-01
    outer loop
      vertex   -2.664094e+00 1.151943e+02 2.356939e+02
      vertex   -2.787520e+00 1.181943e+02 2.357909e+02
      vertex   -2.787520e+00 1.151943e+02 2.357909e+02
    endloop
  endfacet
  facet normal 6.900790e-01 -0.000000e+00 7.237340e-01
    outer loop
      vertex   -2.787520e+00 1.151943e+02 2.357909e+02
      vertex   -2.787520e+00 1.181943e+02 2.357909e+02
      vertex   -2.901161e+00 1.181943e+02 2.358993e+02
    endloop
  endfacet
  facet normal 6.900790e-01 0.000000e+00 7.237340e-01
    outer loop
      vertex   -2.787520e+00 1.151943e+02 2.357909e+02
      vertex   -2.901161e+00 1.181943e+02 2.358993e+02
      vertex   -2.901161e+00 1.151943e+02 2.358993e+02
    endloop
  endfacet
  facet normal 7.557496e-01 -0.000000e+00 6.548607e-01
    outer loop
      vertex   -2.901161e+00 1.151943e+02 2.358993e+02
      vertex   -2.901161e+00 1.181943e+02 2.358993e+02
      vertex   -3.003988e+00 1.181943e+02 2.360180e+02
    endloop
  endfacet
  facet normal 7.557496e-01 1.141602e-16 6.548607e-01
    outer loop
      vertex   -2.901161e+00 1.151943e+02 2.358993e+02
      vertex   -3.003988e+00 1.181943e+02 2.360180e+02
      vertex   -3.003988e+00 1.151943e+02 2.360180e+02
    endloop
  endfacet
  facet normal 8.145760e-01 1.205815e-16 5.800569e-01
    outer loop
      vertex   -3.003988e+00 1.151943e+02 2.360180e+02
      vertex   -3.003988e+00 1.181943e+02 2.360180e+02
      vertex   -3.095068e+00 1.181943e+02 2.361459e+02
    endloop
  endfacet
  facet normal 8.145760e-01 0.000000e+00 5.800569e-01
    outer loop
      vertex   -3.003988e+00 1.151943e+02 2.360180e+02
      vertex   -3.095068e+00 1.181943e+02 2.361459e+02
      vertex   -3.095068e+00 1.151943e+02 2.361459e+02
    endloop
  endfacet
  facet normal 8.660254e-01 -0.000000e+00 5.000000e-01
    outer loop
      vertex   -3.095068e+00 1.151943e+02 2.361459e+02
      vertex   -3.095068e+00 1.181943e+02 2.361459e+02
      vertex   -3.173578e+00 1.181943e+02 2.362819e+02
    endloop
  endfacet
  facet normal 8.660254e-01 0.000000e+00 5.000000e-01
    outer loop
      vertex   -3.095068e+00 1.151943e+02 2.361459e+02
      vertex   -3.173578e+00 1.181943e+02 2.362819e+02
      vertex   -3.173578e+00 1.151943e+02 2.362819e+02
    endloop
  endfacet
  facet normal 9.096320e-01 -0.000000e+00 4.154150e-01
    outer loop
      vertex   -3.173578e+00 1.151943e+02 2.362819e+02
      vertex   -3.173578e+00 1.181943e+02 2.362819e+02
      vertex   -3.238807e+00 1.181943e+02 2.364247e+02
    endloop
  endfacet
  facet normal 9.096320e-01 0.000000e+00 4.154150e-01
    outer loop
      vertex   -3.173578e+00 1.151943e+02 2.362819e+02
      vertex   -3.238807e+00 1.181943e+02 2.364247e+02
      vertex   -3.238807e+00 1.151943e+02 2.364247e+02
    endloop
  endfacet
  facet normal 9.450008e-01 -0.000000e+00 3.270680e-01
    outer loop
      vertex   -3.238807e+00 1.151943e+02 2.364247e+02
      vertex   -3.238807e+00 1.181943e+02 2.364247e+02
      vertex   -3.290163e+00 1.181943e+02 2.365731e+02
    endloop
  endfacet
  facet normal 9.450008e-01 0.000000e+00 3.270680e-01
    outer loop
      vertex   -3.238807e+00 1.151943e+02 2.364247e+02
      vertex   -3.290163e+00 1.181943e+02 2.365731e+02
      vertex   -3.290163e+00 1.151943e+02 2.365731e+02
    endloop
  endfacet
  facet normal 9.718116e-01 -0.000000e+00 2.357589e-01
    outer loop
      vertex   -3.290163e+00 1.151943e+02 2.365731e+02
      vertex   -3.290163e+00 1.181943e+02 2.365731e+02
      vertex   -3.327182e+00 1.181943e+02 2.367257e+02
    endloop
  endfacet
  facet normal 9.718116e-01 0.000000e+00 2.357589e-01
    outer loop
      vertex   -3.290163e+00 1.151943e+02 2.365731e+02
      vertex   -3.327182e+00 1.181943e+02 2.367257e+02
      vertex   -3.327182e+00 1.151943e+02 2.367257e+02
    endloop
  endfacet
  facet normal 9.898214e-01 -0.000000e+00 1.423148e-01
    outer loop
      vertex   -3.327182e+00 1.151943e+02 2.367257e+02
      vertex   -3.327182e+00 1.181943e+02 2.367257e+02
      vertex   -3.349529e+00 1.181943e+02 2.368811e+02
    endloop
  endfacet
  facet normal 9.898214e-01 0.000000e+00 1.423148e-01
    outer loop
      vertex   -3.327182e+00 1.151943e+02 2.367257e+02
      vertex   -3.349529e+00 1.181943e+02 2.368811e+02
      vertex   -3.349529e+00 1.151943e+02 2.368811e+02
    endloop
  endfacet
  facet normal 9.988673e-01 -0.000000e+00 4.758192e-02
    outer loop
      vertex   -3.349529e+00 1.151943e+02 2.368811e+02
      vertex   -3.349529e+00 1.181943e+02 2.368811e+02
      vertex   -3.357000e+00 1.181943e+02 2.370379e+02
    endloop
  endfacet
  facet normal 9.988673e-01 0.000000e+00 4.758192e-02
    outer loop
      vertex   -3.349529e+00 1.151943e+02 2.368811e+02
      vertex   -3.357000e+00 1.181943e+02 2.370379e+02
      vertex   -3.357000e+00 1.151943e+02 2.370379e+02
    endloop
  endfacet
  facet normal 9.988673e-01 0.000000e+00 -4.758192e-02
    outer loop
      vertex   -3.357000e+00 1.151943e+02 2.370379e+02
      vertex   -3.357000e+00 1.181943e+02 2.370379e+02
      vertex   -3.349529e+00 1.181943e+02 2.371948e+02
    endloop
  endfacet
  facet normal 9.988673e-01 0.000000e+00 -4.758192e-02
    outer loop
      vertex   -3.357000e+00 1.151943e+02 2.370379e+02
      vertex   -3.349529e+00 1.181943e+02 2.371948e+02
      vertex   -3.349529e+00 1.151943e+02 2.371948e+02
    endloop
  endfacet
  facet normal 9.898214e-01 0.000000e+00 -1.423148e-01
    outer loop
      vertex   -3.349529e+00 1.151943e+02 2.371948e+02
      vertex   -3.349529e+00 1.181943e+02 2.371948e+02
      vertex   -3.327182e+00 1.181943e+02 2.373502e+02
    endloop
  endfacet
  facet normal 9.898214e-01 0.000000e+00 -1.423148e-01
    outer loop
      vertex   -3.349529e+00 1.151943e+02 2.371948e+02
      vertex   -3.327182e+00 1.181943e+02 2.373502e+02
      vertex   -3.327182e+00 1.151943e+02 2.373502e+02
    endloop
  endfacet
  facet normal 9.718116e-01 0.000000e+00 -2.357589e-01
    outer loop
      vertex   -3.327182e+00 1.151943e+02 2.373502e+02
      vertex   -3.327182e+00 1.181943e+02 2.373502e+02
      vertex   -3.290163e+00 1.181943e+02 2.375028e+02
    endloop
  endfacet
  facet normal 9.718116e-01 0.000000e+00 -2.357589e-01
    outer loop
      vertex   -3.327182e+00 1.151943e+02 2.373502e+02
      vertex   -3.290163e+00 1.181943e+02 2.375028e+02
      vertex   -3.290163e+00 1.151943e+02 2.375028e+02
    endloop
  endfacet
  facet normal 9.450008e-01 0.000000e+00 -3.270680e-01
    outer loop
      vertex   -3.290163e+00 1.151943e+02 2.375028e+02
      vertex   -3.290163e+00 1.181943e+02 2.375028e+02
      vertex   -3.238807e+00 1.181943e+02 2.376512e+02
    endloop
  endfacet
  facet normal 9.450008e-01 0.000000e+00 -3.270680e-01
    outer loop
      vertex   -3.290163e+00 1.151943e+02 2.375028e+02
      vertex   -3.238807e+00 1.181943e+02 2.376512e+02
      vertex   -3.238807e+00 1.151943e+02 2.376512e+02
    endloop
  endfacet
  facet normal 9.096320e-01 0.000000e+00 -4.154150e-01
    outer loop
      vertex   -3.238807e+00 1.151943e+02 2.376512e+02
      vertex   -3.238807e+00 1.181943e+02 2.376512e+02
      vertex   -3.173578e+00 1.181943e+02 2.377940e+02
    endloop
  endfacet
  facet normal 9.096320e-01 0.000000e+00 -4.154150e-01
    outer loop
      vertex   -3.238807e+00 1.151943e+02 2.376512e+02
      vertex   -3.173578e+00 1.181943e+02 2.377940e+02
      vertex   -3.173578e+00 1.151943e+02 2.377940e+02
    endloop
  endfacet
  facet normal 8.660254e-01 0.000000e+00 -5.000000e-01
    outer loop
      vertex   -3.173578e+00 1.151943e+02 2.377940e+02
      vertex   -3.173578e+00 1.181943e+02 2.377940e+02
      vertex   -3.095068e+00 1.181943e+02 2.379300e+02
    endloop
  endfacet
  facet normal 8.660254e-01 0.000000e+00 -5.000000e-01
    outer loop
      vertex   -3.173578e+00 1.151943e+02 2.377940e+02
      vertex   -3.095068e+00 1.181943e+02 2.379300e+02
      vertex   -3.095068e+00 1.151943e+02 2.379300e+02
    endloop
  endfacet
  facet normal 8.145760e-01 0.000000e+00 -5.800569e-01
    outer loop
      vertex   -3.095068e+00 1.151943e+02 2.379300e+02
      vertex   -3.095068e+00 1.181943e+02 2.379300e+02
      vertex   -3.003988e+00 1.181943e+02 2.380579e+02
    endloop
  endfacet
  facet normal 8.145760e-01 -1.215254e-16 -5.800569e-01
    outer loop
      vertex   -3.095068e+00 1.151943e+02 2.379300e+02
      vertex   -3.003988e+00 1.181943e+02 2.380579e+02
      vertex   -3.003988e+00 1.151943e+02 2.380579e+02
    endloop
  endfacet
  facet normal 7.557496e-01 -1.118734e-16 -6.548607e-01
    outer loop
      vertex   -3.003988e+00 1.151943e+02 2.380579e+02
      vertex   -3.003988e+00 1.181943e+02 2.380579e+02
      vertex   -2.901161e+00 1.181943e+02 2.381766e+02
    endloop
  endfacet
  facet normal 7.557496e-01 0.000000e+00 -6.548607e-01
    outer loop
      vertex   -3.003988e+00 1.151943e+02 2.380579e+02
      vertex   -2.901161e+00 1.181943e+02 2.381766e+02
      vertex   -2.901161e+00 1.151943e+02 2.381766e+02
    endloop
  endfacet
  facet normal 6.900790e-01 0.000000e+00 -7.237340e-01
    outer loop
      vertex   -2.901161e+00 1.151943e+02 2.381766e+02
      vertex   -2.901161e+00 1.181943e+02 2.381766e+02
      vertex   -2.787520e+00 1.181943e+02 2.382849e+02
    endloop
  endfacet
  facet normal 6.900790e-01 0.000000e+00 -7.237340e-01
    outer loop
      vertex   -2.901161e+00 1.151943e+02 2.381766e+02
      vertex   -2.787520e+00 1.181943e+02 2.382849e+02
      vertex   -2.787520e+00 1.151943e+02 2.382849e+02
    endloop
  endfacet
  facet normal 6.181590e-01 0.000000e+00 -7.860531e-01
    outer loop
      vertex   -2.787520e+00 1.151943e+02 2.382849e+02
      vertex   -2.787520e+00 1.181943e+02 2.382849e+02
      vertex   -2.664094e+00 1.181943e+02 2.383820e+02
    endloop
  endfacet
  facet normal 6.181590e-01 0.000000e+00 -7.860531e-01
    outer loop
      vertex   -2.787520e+00 1.151943e+02 2.382849e+02
      vertex   -2.664094e+00 1.181943e+02 2.383820e+02
      vertex   -2.664094e+00 1.151943e+02 2.383820e+02
    endloop
  endfacet
  facet normal 5.406408e-01 0.000000e+00 -8.412535e-01
    outer loop
      vertex   -2.664094e+00 1.151943e+02 2.383820e+02
      vertex   -2.664094e+00 1.181943e+02 2.383820e+02
      vertex   -2.532000e+00 1.181943e+02 2.384669e+02
    endloop
  endfacet
  facet normal 5.406408e-01 -1.620339e-16 -8.412535e-01
    outer loop
      vertex   -2.664094e+00 1.151943e+02 2.383820e+02
      vertex   -2.532000e+00 1.181943e+02 2.384669e+02
      vertex   -2.532000e+00 1.151943e+02 2.384669e+02
    endloop
  endfacet
  facet normal 4.582265e-01 -1.356623e-16 -8.888354e-01
    outer loop
      vertex   -2.532000e+00 1.151943e+02 2.384669e+02
      vertex   -2.532000e+00 1.181943e+02 2.384669e+02
      vertex   -2.392435e+00 1.181943e+02 2.385388e+02
    endloop
  endfacet
  facet normal 4.582265e-01 6.996917e-17 -8.888354e-01
    outer loop
      vertex   -2.532000e+00 1.151943e+02 2.384669e+02
      vertex   -2.392435e+00 1.181943e+02 2.385388e+02
      vertex   -2.392435e+00 1.151943e+02 2.385388e+02
    endloop
  endfacet
  facet normal 3.716625e-01 5.501710e-17 -9.283679e-01
    outer loop
      vertex   -2.392435e+00 1.151943e+02 2.385388e+02
      vertex   -2.392435e+00 1.181943e+02 2.385388e+02
      vertex   -2.246662e+00 1.181943e+02 2.385972e+02
    endloop
  endfacet
  facet normal 3.716625e-01 -5.523882e-17 -9.283679e-01
    outer loop
      vertex   -2.392435e+00 1.151943e+02 2.385388e+02
      vertex   -2.246662e+00 1.181943e+02 2.385972e+02
      vertex   -2.246662e+00 1.151943e+02 2.385972e+02
    endloop
  endfacet
  facet normal 2.817326e-01 -4.170480e-17 -9.594930e-01
    outer loop
      vertex   -2.246662e+00 1.151943e+02 2.385972e+02
      vertex   -2.246662e+00 1.181943e+02 2.385972e+02
      vertex   -2.096002e+00 1.181943e+02 2.386414e+02
    endloop
  endfacet
  facet normal 2.817326e-01 -8.469952e-17 -9.594930e-01
    outer loop
      vertex   -2.246662e+00 1.151943e+02 2.385972e+02
      vertex   -2.096002e+00 1.181943e+02 2.386414e+02
      vertex   -2.096002e+00 1.151943e+02 2.386414e+02
    endloop
  endfacet
  facet normal 1.892512e-01 -5.602962e-17 -9.819287e-01
    outer loop
      vertex   -2.096002e+00 1.151943e+02 2.386414e+02
      vertex   -2.096002e+00 1.181943e+02 2.386414e+02
      vertex   -1.941819e+00 1.181943e+02 2.386711e+02
    endloop
  endfacet
  facet normal 1.892512e-01 0.000000e+00 -9.819287e-01
    outer loop
      vertex   -2.096002e+00 1.151943e+02 2.386414e+02
      vertex   -1.941819e+00 1.181943e+02 2.386711e+02
      vertex   -1.941819e+00 1.151943e+02 2.386711e+02
    endloop
  endfacet
  facet normal 9.505604e-02 0.000000e+00 -9.954719e-01
    outer loop
      vertex   -1.941819e+00 1.151943e+02 2.386711e+02
      vertex   -1.941819e+00 1.181943e+02 2.386711e+02
      vertex   -1.785510e+00 1.181943e+02 2.386861e+02
    endloop
  endfacet
  facet normal 9.505604e-02 -6.444529e-18 -9.954719e-01
    outer loop
      vertex   -1.941819e+00 1.151943e+02 2.386711e+02
      vertex   -1.785510e+00 1.181943e+02 2.386861e+02
      vertex   -1.785510e+00 1.151943e+02 2.386861e+02
    endloop
  endfacet
  facet normal 0.000000e+00 0.000000e+00 -1.000000e+00
    outer loop
      vertex   -1.785510e+00 1.151943e+02 2.386861e+02
      vertex   -1.785510e+00 1.181943e+02 2.386861e+02
      vertex   -1.628490e+00 1.181943e+02 2.386861e+02
    endloop
  endfacet
  facet normal 0.000000e+00 0.000000e+00 -1.000000e+00
    outer loop
      vertex   -1.785510e+00 1.151943e+02 2.386861e+02
      vertex   -1.628490e+00 1.181943e+02 2.386861e+02
      vertex   -1.628490e+00 1.151943e+02 2.386861e+02
    endloop
  endfacet
  facet normal -9.505604e-02 -2.110668e-17 -9.954719e-01
    outer loop
      vertex   -1.628490e+00 1.151943e+02 2.386861e+02
      vertex   -1.628490e+00 1.181943e+02 2.386861e+02
      vertex   -1.472181e+00 1.181943e+02 2.386711e+02
    endloop
  endfacet
  facet normal -9.505604e-02 7.365176e-18 -9.954719e-01
    outer loop
      vertex   -1.628490e+00 1.151943e+02 2.386861e+02
      vertex   -1.472181e+00 1.181943e+02 2.386711e+02
      vertex   -1.472181e+00 1.151943e+02 2.386711e+02
    endloop
  endfacet
  facet normal -1.892512e-01 1.400741e-17 -9.819287e-01
    outer loop
      vertex   -1.472181e+00 1.151943e+02 2.386711e+02
      vertex   -1.472181e+00 1.181943e+02 2.386711e+02
      vertex   -1.317998e+00 1.181943e+02 2.386414e+02
    endloop
  endfacet
  facet normal -1.892512e-01 4.234976e-17 -9.819287e-01
    outer loop
      vertex   -1.472181e+00 1.151943e+02 2.386711e+02
      vertex   -1.317998e+00 1.181943e+02 2.386414e+02
      vertex   -1.317998e+00 1.151943e+02 2.386414e+02
    endloop
  endfacet
  facet normal -2.817326e-01 6.255719e-17 -9.594930e-01
    outer loop
      vertex   -1.317998e+00 1.151943e+02 2.386414e+02
      vertex   -1.317998e+00 1.181943e+02 2.386414e+02
      vertex   -1.167338e+00 1.181943e+02 2.385972e+02
    endloop
  endfacet
  facet normal -2.817326e-01 0.000000e+00 -9.594930e-01
    outer loop
      vertex   -1.317998e+00 1.151943e+02 2.386414e+02
      vertex   -1.167338e+00 1.181943e+02 2.385972e+02
      vertex   -1.167338e+00 1.151943e+02 2.385972e+02
    endloop
  endfacet
  facet normal -3.716625e-01 0.000000e+00 -9.283679e-01
    outer loop
      vertex   -1.167338e+00 1.151943e+02 2.385972e+02
      vertex   -1.167338e+00 1.181943e+02 2.385972e+02
      vertex   -1.021565e+00 1.181943e+02 2.385388e+02
    endloop
  endfacet
  facet normal -3.716625e-01 2.946070e-17 -9.283679e-01
    outer loop
      vertex   -1.167338e+00 1.151943e+02 2.385972e+02
      vertex   -1.021565e+00 1.181943e+02 2.385388e+02
      vertex   -1.021565e+00 1.151943e+02 2.385388e+02
    endloop
  endfacet
  facet normal -4.582265e-01 3.391558e-17 -8.888354e-01
    outer loop
      vertex   -1.021565e+00 1.151943e+02 2.385388e+02
      vertex   -1.021565e+00 1.181943e+02 2.385388e+02
      vertex   -8.820000e-01 1.181943e+02 2.384669e+02
    endloop
  endfacet
  facet normal -4.582265e-01 1.730816e-16 -8.888354e-01
    outer loop
      vertex   -1.021565e+00 1.151943e+02 2.385388e+02
      vertex   -8.820000e-01 1.181943e+02 2.384669e+02
      vertex   -8.820000e-01 1.151943e+02 2.384669e+02
    endloop
  endfacet
  facet normal -5.406408e-01 2.000773e-16 -8.412535e-01
    outer loop
      vertex   -8.820000e-01 1.151943e+02 2.384669e+02
      vertex   -8.820000e-01 1.181943e+02 2.384669e+02
      vertex   -7.499061e-01 1.181943e+02 2.383820e+02
    endloop
  endfacet
  facet normal -5.406408e-01 0.000000e+00 -8.412535e-01
    outer loop
      vertex   -8.820000e-01 1.151943e+02 2.384669e+02
      vertex   -7.499061e-01 1.181943e+02 2.383820e+02
      vertex   -7.499061e-01 1.151943e+02 2.383820e+02
    endloop
  endfacet
  facet normal -6.181590e-01 0.000000e+00 -7.860531e-01
    outer loop
      vertex   -7.499061e-01 1.151943e+02 2.383820e+02
      vertex   -7.499061e-01 1.181943e+02 2.383820e+02
      vertex   -6.264798e-01 1.181943e+02 2.382849e+02
    endloop
  endfacet
  facet normal -6.181590e-01 9.206470e-17 -7.860531e-01
    outer loop
      vertex   -7.499061e-01 1.151943e+02 2.383820e+02
      vertex   -6.264798e-01 1.181943e+02 2.382849e+02
      vertex   -6.264798e-01 1.151943e+02 2.382849e+02
    endloop
  endfacet
  facet normal -6.900790e-01 1.021522e-16 -7.237340e-01
    outer loop
      vertex   -6.264798e-01 1.151943e+02 2.382849e+02
      vertex   -6.264798e-01 1.181943e+02 2.382849e+02
      vertex   -5.128388e-01 1.181943e+02 2.381766e+02
    endloop
  endfacet
  facet normal -6.900790e-01 0.000000e+00 -7.237340e-01
    outer loop
      vertex   -6.264798e-01 1.151943e+02 2.382849e+02
      vertex   -5.128388e-01 1.181943e+02 2.381766e+02
      vertex   -5.128388e-01 1.151943e+02 2.381766e+02
    endloop
  endfacet
  facet normal -7.557496e-01 0.000000e+00 -6.548607e-01
    outer loop
      vertex   -5.128388e-01 1.151943e+02 2.381766e+02
      vertex   -5.128388e-01 1.181943e+02 2.381766e+02
      vertex   -4.100124e-01 1.181943e+02 2.380579e+02
    endloop
  endfacet
  facet normal -7.557496e-01 0.000000e+00 -6.548607e-01
    outer loop
      vertex   -5.128388e-01 1.151943e+02 2.381766e+02
      vertex   -4.100124e-01 1.181943e+02 2.380579e+02
      vertex   -4.100124e-01 1.151943e+02 2.380579e+02
    endloop
  endfacet
  facet normal -8.145760e-01 0.000000e+00 -5.800569e-01
    outer loop
      vertex   -4.100124e-01 1.151943e+02 2.380579e+02
      vertex   -4.100124e-01 1.181943e+02 2.380579e+02
      vertex   -3.189317e-01 1.181943e+02 2.379300e+02
    endloop
  endfacet
  facet normal -8.145760e-01 1.509861e-16 -5.800569e-01
    outer loop
      vertex   -4.100124e-01 1.151943e+02 2.380579e+02
      vertex   -3.189317e-01 1.181943e+02 2.379300e+02
      vertex   -3.189317e-01 1.151943e+02 2.379300e+02
    endloop
  endfacet
  facet normal -8.660254e-01 1.602469e-16 -5.000000e-01
    outer loop
      vertex   -3.189317e-01 1.151943e+02 2.379300e+02
      vertex   -3.189317e-01 1.181943e+02 2.379300e+02
      vertex   -2.404215e-01 1.181943e+02 2.377940e+02
    endloop
  endfacet
  facet normal -8.660254e-01 0.000000e+00 -5.000000e-01
    outer loop
      vertex   -3.189317e-01 1.151943e+02 2.379300e+02
      vertex   -2.404215e-01 1.181943e+02 2.377940e+02
      vertex   -2.404215e-01 1.151943e+02 2.377940e+02
    endloop
  endfacet
  facet normal -9.096320e-01 0.000000e+00 -4.154150e-01
    outer loop
      vertex   -2.404215e-01 1.151943e+02 2.377940e+02
      vertex   -2.404215e-01 1.181943e+02 2.377940e+02
      vertex   -1.751929e-01 1.181943e+02 2.376512e+02
    endloop
  endfacet
  facet normal -9.096320e-01 8.469952e-17 -4.154150e-01
    outer loop
      vertex   -2.404215e-01 1.151943e+02 2.377940e+02
      vertex   -1.751929e-01 1.181943e+02 2.376512e+02
      vertex   -1.751929e-01 1.151943e+02 2.376512e+02
    endloop
  endfacet
  facet normal -9.450008e-01 8.743014e-17 -3.270680e-01
    outer loop
      vertex   -1.751929e-01 1.151943e+02 2.376512e+02
      vertex   -1.751929e-01 1.181943e+02 2.376512e+02
      vertex   -1.238366e-01 1.181943e+02 2.375028e+02
    endloop
  endfacet
  facet normal -9.450008e-01 0.000000e+00 -3.270680e-01
    outer loop
      vertex   -1.751929e-01 1.151943e+02 2.376512e+02
      vertex   -1.238366e-01 1.181943e+02 2.375028e+02
      vertex   -1.238366e-01 1.151943e+02 2.375028e+02
    endloop
  endfacet
  facet normal -9.718116e-01 0.000000e+00 -2.357589e-01
    outer loop
      vertex   -1.238366e-01 1.151943e+02 2.375028e+02
      vertex   -1.238366e-01 1.181943e+02 2.375028e+02
      vertex   -8.681765e-02 1.181943e+02 2.373502e+02
    endloop
  endfacet
  facet normal -9.718116e-01 0.000000e+00 -2.357589e-01
    outer loop
      vertex   -1.238366e-01 1.151943e+02 2.375028e+02
      vertex   -8.681765e-02 1.181943e+02 2.373502e+02
      vertex   -8.681765e-02 1.151943e+02 2.373502e+02
    endloop
  endfacet
  facet normal -9.898214e-01 0.000000e+00 -1.423148e-01
    outer loop
      vertex   -8.681765e-02 1.151943e+02 2.373502e+02
      vertex   -8.681765e-02 1.181943e+02 2.373502e+02
      vertex   -6.447133e-02 1.181943e+02 2.371948e+02
    endloop
  endfacet
  facet normal -8.660254e-01 -5.000000e-01 0.000000e+00
    outer loop
      vertex   -6.155173e-02 1.310443e+02 2.420000e+02
      vertex   1.583897e+00 1.281943e+02 2.420000e+02
      vertex   -6.155173e-02 1.310443e+02 2.440000e+02
    endloop
  endfacet
  facet normal -8.660254e-01 -5.000000e-01 0.000000e+00
    outer loop
      vertex   -6.155173e-02 1.310443e+02 2.440000e+02
      vertex   1.583897e+00 1.281943e+02 2.420000e+02
      vertex   1.583897e+00 1.281943e+02 2.440000e+02
    endloop
  endfacet
  facet normal 8.660254e-01 -5.000000e-01 0.000000e+00
    outer loop
      vertex   -4.997897e+00 1.281943e+02 2.420000e+02
      vertex   -3.352448e+00 1.310443e+02 2.420000e+02
      vertex   -4.997897e+00 1.281943e+02 2.440000e+02
    endloop
  endfacet
  facet normal 8.660254e-01 -5.000000e-01 0.000000e+00
    outer loop
      vertex   -4.997897e+00 1.281943e+02 2.440000e+02
      vertex   -3.352448e+00 1.310443e+02 2.420000e+02
      vertex   -3.352448e+00 1.310443e+02 2.440000e+02
    endloop
  endfacet
  facet normal 0.000000e+00 -1.000000e+00 0.000000e+00
    outer loop
      vertex   -3.352448e+00 1.310443e+02 2.420000e+02
      vertex   -6.155173e-02 1.310443e+02 2.420000e+02
      vertex   -3.352448e+00 1.310443e+02 2.440000e+02
    endloop
  endfacet
  facet normal 0.000000e+00 -1.000000e+00 0.000000e+00
    outer loop
      vertex   -3.352448e+00 1.310443e+02 2.440000e+02
      vertex   -6.155173e-02 1.310443e+02 2.420000e+02
      vertex   -6.155173e-02 1.310443e+02 2.440000e+02
    endloop
  endfacet
  facet normal -8.660254e-01 5.000000e-01 0.000000e+00
    outer loop
      vertex   -6.845417e+00 1.281943e+02 2.423000e+02
      vertex   -4.276209e+00 1.326443e+02 2.423000e+02
      vertex   -6.845417e+00 1.281943e+02 2.415000e+02
    endloop
  endfacet
  facet normal -8.660254e-01 5.000000e-01 0.000000e+00
    outer loop
      vertex   -6.845417e+00 1.281943e+02 2.415000e+02
      vertex   -4.276209e+00 1.326443e+02 2.423000e+02
      vertex   -4.276209e+00 1.326443e+02 2.415000e+02
    endloop
  endfacet
  facet normal -8.660254e-01 -5.000000e-01 -0.000000e+00
    outer loop
      vertex   -4.276209e+00 1.237443e+02 2.423000e+02
      vertex   -6.845417e+00 1.281943e+02 2.423000e+02
      vertex   -4.276209e+00 1.237443e+02 2.415000e+02
    endloop
  endfacet
  facet normal -8.660254e-01 -5.000000e-01 0.000000e+00
    outer loop
      vertex   -4.276209e+00 1.237443e+02 2.415000e+02
      vertex   -6.845417e+00 1.281943e+02 2.423000e+02
      vertex   -6.845417e+00 1.281943e+02 2.415000e+02
    endloop
  endfacet
  facet normal -0.000000e+00 -1.000000e+00 -0.000000e+00
    outer loop
      vertex   8.622087e-01 1.237443e+02 2.423000e+02
      vertex   -4.276209e+00 1.237443e+02 2.423000e+02
      vertex   8.622087e-01 1.237443e+02 2.415000e+02
    endloop
  endfacet
  facet normal 0.000000e+00 -1.000000e+00 0.000000e+00
    outer loop
      vertex   8.622087e-01 1.237443e+02 2.415000e+02
      vertex   -4.276209e+00 1.237443e+02 2.423000e+02
      vertex   -4.276209e+00 1.237443e+02 2.415000e+02
    endloop
  endfacet
  facet normal -9.987969e-01 -4.903347e-02 6.976383e-04
    outer loop
      vertex   3.797815e+00 1.130963e+02 2.340548e+02
      vertex   3.800291e+00 1.130738e+02 2.360167e+02
      vertex   3.793000e+00 1.131943e+02 2.340500e+02
    endloop
  endfacet
  facet normal -9.981756e-01 -6.037850e-02 0.000000e+00
    outer loop
      vertex   3.793000e+00 1.131943e+02 2.340500e+02
      vertex   3.800291e+00 1.130738e+02 2.360167e+02
      vertex   3.800291e+00 1.130738e+02 2.379833e+02
    endloop
  endfacet
  facet normal -9.972757e-01 -7.376348e-02 -4.118497e-04
    outer loop
      vertex   3.793000e+00 1.131943e+02 2.340500e+02
      vertex   3.800291e+00 1.130738e+02 2.379833e+02
      vertex   3.797815e+00 1.130963e+02 2.399452e+02
    endloop
  endfacet
  facet normal -9.891670e-01 -1.467938e-01 4.366784e-04
    outer loop
      vertex   3.797815e+00 1.130963e+02 2.399452e+02
      vertex   3.800291e+00 1.130738e+02 2.379833e+02
      vertex   3.812215e+00 1.129992e+02 2.399308e+02
    endloop
  endfacet
  facet normal -9.836195e-01 -1.802550e-01 -8.782680e-04
    outer loop
      vertex   3.812215e+00 1.129992e+02 2.399308e+02
      vertex   3.800291e+00 1.130738e+02 2.379833e+02
      vertex   3.822058e+00 1.129550e+02 2.379833e+02
    endloop
  endfacet
  facet normal -9.699945e-01 -2.431259e-01 6.183565e-04
    outer loop
      vertex   3.812215e+00 1.129992e+02 2.399308e+02
      vertex   3.822058e+00 1.129550e+02 2.379833e+02
      vertex   3.836060e+00 1.129040e+02 2.399069e+02
    endloop
  endfacet
  facet normal -9.547205e-01 -2.975029e-01 -9.336260e-04
    outer loop
      vertex   3.836060e+00 1.129040e+02 2.399069e+02
      vertex   3.822058e+00 1.129550e+02 2.379833e+02
      vertex   3.857984e+00 1.128397e+02 2.379833e+02
    endloop
  endfacet
  facet normal -9.414826e-01 -3.370611e-01 5.399680e-04
    outer loop
      vertex   3.836060e+00 1.129040e+02 2.399069e+02
      vertex   3.857984e+00 1.128397e+02 2.379833e+02
      vertex   3.869120e+00 1.128116e+02 2.398739e+02
    endloop
  endfacet
  facet normal -9.118996e-01 -4.104127e-01 -7.237220e-04
    outer loop
      vertex   3.869120e+00 1.128116e+02 2.398739e+02
      vertex   3.857984e+00 1.128397e+02 2.379833e+02
      vertex   3.907544e+00 1.127296e+02 2.379833e+02
    endloop
  endfacet
  facet normal -9.039555e-01 -4.276265e-01 1.847215e-04
    outer loop
      vertex   3.869120e+00 1.128116e+02 2.398739e+02
      vertex   3.907544e+00 1.127296e+02 2.379833e+02
      vertex   3.911079e+00 1.127229e+02 2.398319e+02
    endloop
  endfacet
  facet normal -8.577855e-01 -5.140077e-01 -2.154060e-04
    outer loop
      vertex   3.911079e+00 1.127229e+02 2.398319e+02
      vertex   3.907544e+00 1.127296e+02 2.379833e+02
      vertex   3.961530e+00 1.126387e+02 2.397815e+02
    endloop
  endfacet
  facet normal -8.557812e-01 -5.173378e-01 -4.438253e-04
    outer loop
      vertex   3.961530e+00 1.126387e+02 2.397815e+02
      vertex   3.907544e+00 1.127296e+02 2.379833e+02
      vertex   3.970016e+00 1.126262e+02 2.379833e+02
    endloop
  endfacet
  facet normal -8.030831e-01 -5.958670e-01 3.505345e-04
    outer loop
      vertex   3.961530e+00 1.126387e+02 2.397815e+02
      vertex   3.970016e+00 1.126262e+02 2.379833e+02
      vertex   4.019990e+00 1.125599e+02 2.397230e+02
    endloop
  endfacet
  facet normal -7.871832e-01 -6.167186e-01 -9.012106e-04
    outer loop
      vertex   4.019990e+00 1.125599e+02 2.397230e+02
      vertex   3.970016e+00 1.126262e+02 2.379833e+02
      vertex   4.044489e+00 1.125312e+02 2.379833e+02
    endloop
  endfacet
  facet normal -7.406509e-01 -6.718897e-01 6.652058e-04
    outer loop
      vertex   4.019990e+00 1.125599e+02 2.397230e+02
      vertex   4.044489e+00 1.125312e+02 2.379833e+02
      vertex   4.085893e+00 1.124872e+02 2.396571e+02
    endloop
  endfacet
  facet normal -7.071064e-01 -7.071064e-01 -1.090019e-03
    outer loop
      vertex   4.085893e+00 1.124872e+02 2.396571e+02
      vertex   4.044489e+00 1.125312e+02 2.379833e+02
      vertex   4.129877e+00 1.124458e+02 2.379833e+02
    endloop
  endfacet
  facet normal -6.711744e-01 -7.412992e-01 7.000414e-04
    outer loop
      vertex   4.085893e+00 1.124872e+02 2.396571e+02
      vertex   4.129877e+00 1.124458e+02 2.379833e+02
      vertex   4.158607e+00 1.124213e+02 2.395844e+02
    endloop
  endfacet
  facet normal -6.167186e-01 -7.871831e-01 -9.792358e-04
    outer loop
      vertex   4.158607e+00 1.124213e+02 2.395844e+02
      vertex   4.129877e+00 1.124458e+02 2.379833e+02
      vertex   4.224935e+00 1.123713e+02 2.379833e+02
    endloop
  endfacet
  facet normal -5.954355e-01 -8.034030e-01 4.087427e-04
    outer loop
      vertex   4.158607e+00 1.124213e+02 2.395844e+02
      vertex   4.224935e+00 1.123713e+02 2.379833e+02
      vertex   4.237430e+00 1.123628e+02 2.395056e+02
    endloop
  endfacet
  facet normal -5.173377e-01 -8.557812e-01 -5.242668e-04
    outer loop
      vertex   4.237430e+00 1.123628e+02 2.395056e+02
      vertex   4.224935e+00 1.123713e+02 2.379833e+02
      vertex   4.328277e+00 1.123088e+02 2.379833e+02
    endloop
  endfacet
  facet normal -5.143078e-01 -8.576056e-01 -2.787325e-04
    outer loop
      vertex   4.237430e+00 1.123628e+02 2.395056e+02
      vertex   4.328277e+00 1.123088e+02 2.379833e+02
      vertex   4.321603e+00 1.123124e+02 2.394214e+02
    endloop
  endfacet
  facet normal -4.273598e-01 -9.040816e-01 2.390018e-04
    outer loop
      vertex   4.321603e+00 1.123124e+02 2.394214e+02
      vertex   4.328277e+00 1.123088e+02 2.379833e+02
      vertex   4.410317e+00 1.122704e+02 2.393327e+02
    endloop
  endfacet
  facet normal -4.104126e-01 -9.118994e-01 -1.013992e-03
    outer loop
      vertex   4.410317e+00 1.122704e+02 2.393327e+02
      vertex   4.328277e+00 1.123088e+02 2.379833e+02
      vertex   4.438395e+00 1.122593e+02 2.379833e+02
    endloop
  endfacet
  facet normal -3.362009e-01 -9.417900e-01 7.769746e-04
    outer loop
      vertex   4.410317e+00 1.122704e+02 2.393327e+02
      vertex   4.438395e+00 1.122593e+02 2.379833e+02
      vertex   4.502715e+00 1.122374e+02 2.392403e+02
    endloop
  endfacet
  facet normal -2.975028e-01 -9.547199e-01 -1.428797e-03
    outer loop
      vertex   4.502715e+00 1.122374e+02 2.392403e+02
      vertex   4.438395e+00 1.122593e+02 2.379833e+02
      vertex   4.553684e+00 1.122233e+02 2.379833e+02
    endloop
  endfacet
  facet normal -2.420454e-01 -9.702644e-01 9.931345e-04
    outer loop
      vertex   4.502715e+00 1.122374e+02 2.392403e+02
      vertex   4.553684e+00 1.122233e+02 2.379833e+02
      vertex   4.597910e+00 1.122135e+02 2.391451e+02
    endloop
  endfacet
  facet normal -1.802548e-01 -9.836188e-01 -1.472239e-03
    outer loop
      vertex   4.597910e+00 1.122135e+02 2.391451e+02
      vertex   4.553684e+00 1.122233e+02 2.379833e+02
      vertex   4.672463e+00 1.122016e+02 2.379833e+02
    endloop
  endfacet
  facet normal -1.459606e-01 -9.892901e-01 7.867395e-04
    outer loop
      vertex   4.597910e+00 1.122135e+02 2.391451e+02
      vertex   4.672463e+00 1.122016e+02 2.379833e+02
      vertex   4.694983e+00 1.121991e+02 2.390480e+02
    endloop
  endfacet
  facet normal -5.032266e-02 -9.987322e-01 -1.258092e-03
    outer loop
      vertex   4.694983e+00 1.121991e+02 2.390480e+02
      vertex   4.672463e+00 1.122016e+02 2.379833e+02
      vertex   4.793000e+00 1.121943e+02 2.389500e+02
    endloop
  endfacet
  facet normal -6.037850e-02 -9.981756e-01 0.000000e+00
    outer loop
      vertex   4.793000e+00 1.121943e+02 2.389500e+02
      vertex   4.672463e+00 1.122016e+02 2.379833e+02
      vertex   4.672463e+00 1.122016e+02 2.360167e+02
    endloop
  endfacet
  facet normal -7.706414e-02 -9.970259e-01 6.885050e-04
    outer loop
      vertex   4.793000e+00 1.121943e+02 2.389500e+02
      vertex   4.672463e+00 1.122016e+02 2.360167e+02
      vertex   4.694983e+00 1.121991e+02 2.349520e+02
    endloop
  endfacet
  facet normal -1.459606e-01 -9.892901e-01 -7.867395e-04
    outer loop
      vertex   4.694983e+00 1.121991e+02 2.349520e+02
      vertex   4.672463e+00 1.122016e+02 2.360167e+02
      vertex   4.597910e+00 1.122135e+02 2.348549e+02
    endloop
  endfacet
  facet normal -1.802548e-01 -9.836188e-01 1.472239e-03
    outer loop
      vertex   4.597910e+00 1.122135e+02 2.348549e+02
      vertex   4.672463e+00 1.122016e+02 2.360167e+02
      vertex   4.553684e+00 1.122233e+02 2.360167e+02
    endloop
  endfacet
  facet normal -2.420454e-01 -9.702644e-01 -9.931345e-04
    outer loop
      vertex   4.597910e+00 1.122135e+02 2.348549e+02
      vertex   4.553684e+00 1.122233e+02 2.360167e+02
      vertex   4.502715e+00 1.122374e+02 2.347597e+02
    endloop
  endfacet
  facet normal -2.975028e-01 -9.547199e-01 1.428797e-03
    outer loop
      vertex   4.502715e+00 1.122374e+02 2.347597e+02
      vertex   4.553684e+00 1.122233e+02 2.360167e+02
      vertex   4.438395e+00 1.122593e+02 2.360167e+02
    endloop
  endfacet
  facet normal -3.362009e-01 -9.417900e-01 -7.769746e-04
    outer loop
      vertex   4.502715e+00 1.122374e+02 2.347597e+02
      vertex   4.438395e+00 1.122593e+02 2.360167e+02
      vertex   4.410317e+00 1.122704e+02 2.346673e+02
    endloop
  endfacet
  facet normal -4.104126e-01 -9.118994e-01 1.013992e-03
    outer loop
      vertex   4.410317e+00 1.122704e+02 2.346673e+02
      vertex   4.438395e+00 1.122593e+02 2.360167e+02
      vertex   4.328277e+00 1.123088e+02 2.360167e+02
    endloop
  endfacet
  facet normal -4.273598e-01 -9.040816e-01 -2.390018e-04
    outer loop
      vertex   4.410317e+00 1.122704e+02 2.346673e+02
      vertex   4.328277e+00 1.123088e+02 2.360167e+02
      vertex   4.321603e+00 1.123124e+02 2.345786e+02
    endloop
  endfacet
  facet normal -5.143078e-01 -8.576056e-01 2.787325e-04
    outer loop
      vertex   4.321603e+00 1.123124e+02 2.345786e+02
      vertex   4.328277e+00 1.123088e+02 2.360167e+02
      vertex   4.237430e+00 1.123628e+02 2.344944e+02
    endloop
  endfacet
  facet normal -5.173377e-01 -8.557812e-01 5.242668e-04
    outer loop
      vertex   4.237430e+00 1.123628e+02 2.344944e+02
      vertex   4.328277e+00 1.123088e+02 2.360167e+02
      vertex   4.224935e+00 1.123713e+02 2.360167e+02
    endloop
  endfacet
  facet normal -5.954355e-01 -8.034030e-01 -4.087427e-04
    outer loop
      vertex   4.237430e+00 1.123628e+02 2.344944e+02
      vertex   4.224935e+00 1.123713e+02 2.360167e+02
      vertex   4.158607e+00 1.124213e+02 2.344156e+02
    endloop
  endfacet
  facet normal -6.167186e-01 -7.871831e-01 9.792358e-04
    outer loop
      vertex   4.158607e+00 1.124213e+02 2.344156e+02
      vertex   4.224935e+00 1.123713e+02 2.360167e+02
      vertex   4.129877e+00 1.124458e+02 2.360167e+02
    endloop
  endfacet
  facet normal -6.711744e-01 -7.412992e-01 -7.000414e-04
    outer loop
      vertex   4.158607e+00 1.124213e+02 2.344156e+02
      vertex   4.129877e+00 1.124458e+02 2.360167e+02
      vertex   4.085893e+00 1.124872e+02 2.343429e+02
    endloop
  endfacet
  facet normal -7.071064e-01 -7.071064e-01 1.090019e-03
    outer loop
      vertex   4.085893e+00 1.124872e+02 2.343429e+02
      vertex   4.129877e+00 1.124458e+02 2.360167e+02
      vertex   4.044489e+00 1.125312e+02 2.360167e+02
    endloop
  endfacet
  facet normal -7.406509e-01 -6.718897e-01 -6.652058e-04
    outer loop
      vertex   4.085893e+00 1.124872e+02 2.343429e+02
      vertex   4.044489e+00 1.125312e+02 2.360167e+02
      vertex   4.019990e+00 1.125599e+02 2.342770e+02
    endloop
  endfacet
  facet normal -7.871832e-01 -6.167186e-01 9.012106e-04
    outer loop
      vertex   4.019990e+00 1.125599e+02 2.342770e+02
      vertex   4.044489e+00 1.125312e+02 2.360167e+02
      vertex   3.970016e+00 1.126262e+02 2.360167e+02
    endloop
  endfacet
  facet normal -8.030831e-01 -5.958670e-01 -3.505345e-04
    outer loop
      vertex   4.019990e+00 1.125599e+02 2.342770e+02
      vertex   3.970016e+00 1.126262e+02 2.360167e+02
      vertex   3.961530e+00 1.126387e+02 2.342185e+02
    endloop
  endfacet
  facet normal -8.557812e-01 -5.173378e-01 4.438253e-04
    outer loop
      vertex   3.961530e+00 1.126387e+02 2.342185e+02
      vertex   3.970016e+00 1.126262e+02 2.360167e+02
      vertex   3.907544e+00 1.127296e+02 2.360167e+02
    endloop
  endfacet
  facet normal -8.577855e-01 -5.140077e-01 2.154060e-04
    outer loop
      vertex   3.961530e+00 1.126387e+02 2.342185e+02
      vertex   3.907544e+00 1.127296e+02 2.360167e+02
      vertex   3.911079e+00 1.127229e+02 2.341681e+02
    endloop
  endfacet
  facet normal -9.039555e-01 -4.276265e-01 -1.847215e-04
    outer loop
      vertex   3.911079e+00 1.127229e+02 2.341681e+02
      vertex   3.907544e+00 1.127296e+02 2.360167e+02
      vertex   3.869120e+00 1.128116e+02 2.341261e+02
    endloop
  endfacet
  facet normal -9.118996e-01 -4.104127e-01 7.237220e-04
    outer loop
      vertex   3.869120e+00 1.128116e+02 2.341261e+02
      vertex   3.907544e+00 1.127296e+02 2.360167e+02
      vertex   3.857984e+00 1.128397e+02 2.360167e+02
    endloop
  endfacet
  facet normal -9.414826e-01 -3.370611e-01 -5.399680e-04
    outer loop
      vertex   3.869120e+00 1.128116e+02 2.341261e+02
      vertex   3.857984e+00 1.128397e+02 2.360167e+02
      vertex   3.836060e+00 1.129040e+02 2.340931e+02
    endloop
  endfacet
  facet normal -9.547205e-01 -2.975029e-01 9.336260e-04
    outer loop
      vertex   3.836060e+00 1.129040e+02 2.340931e+02
      vertex   3.857984e+00 1.128397e+02 2.360167e+02
      vertex   3.822058e+00 1.129550e+02 2.360167e+02
    endloop
  endfacet
  facet normal -9.699945e-01 -2.431259e-01 -6.183565e-04
    outer loop
      vertex   3.836060e+00 1.129040e+02 2.340931e+02
      vertex   3.822058e+00 1.129550e+02 2.360167e+02
      vertex   3.812215e+00 1.129992e+02 2.340692e+02
    endloop
  endfacet
  facet normal -9.836195e-01 -1.802550e-01 8.782680e-04
    outer loop
      vertex   3.812215e+00 1.129992e+02 2.340692e+02
      vertex   3.822058e+00 1.129550e+02 2.360167e+02
      vertex   3.800291e+00 1.130738e+02 2.360167e+02
    endloop
  endfacet
  facet normal -9.891670e-01 -1.467938e-01 -4.366784e-04
    outer loop
      vertex   3.812215e+00 1.129992e+02 2.340692e+02
      vertex   3.800291e+00 1.130738e+02 2.360167e+02
      vertex   3.797815e+00 1.130963e+02 2.340548e+02
    endloop
  endfacet
  facet normal -4.906767e-02 -9.987955e-01 0.000000e+00
    outer loop
      vertex   4.694983e+00 1.121991e+02 2.349520e+02
      vertex   4.793000e+00 1.121943e+02 2.350500e+02
      vertex   4.793000e+00 1.121943e+02 2.389500e+02
    endloop
  endfacet
  facet normal -9.987955e-01 -4.906767e-02 0.000000e+00
    outer loop
      vertex   3.797815e+00 1.130963e+02 2.399452e+02
      vertex   3.793000e+00 1.131943e+02 2.399500e+02
      vertex   3.793000e+00 1.131943e+02 2.340500e+02
    endloop
  endfacet
  facet normal -9.836199e-01 -1.802550e-01 0.000000e+00
    outer loop
      vertex   3.822058e+00 1.129550e+02 2.379833e+02
      vertex   3.800291e+00 1.130738e+02 2.379833e+02
      vertex   3.800291e+00 1.130738e+02 2.360167e+02
    endloop
  endfacet
  facet normal -9.547209e-01 -2.975031e-01 0.000000e+00
    outer loop
      vertex   3.857984e+00 1.128397e+02 2.379833e+02
      vertex   3.822058e+00 1.129550e+02 2.379833e+02
      vertex   3.822058e+00 1.129550e+02 2.360167e+02
    endloop
  endfacet
  facet normal -9.836199e-01 -1.802550e-01 0.000000e+00
    outer loop
      vertex   3.822058e+00 1.129550e+02 2.360167e+02
      vertex   3.822058e+00 1.129550e+02 2.379833e+02
      vertex   3.800291e+00 1.130738e+02 2.360167e+02
    endloop
  endfacet
  facet normal -9.118998e-01 -4.104128e-01 0.000000e+00
    outer loop
      vertex   3.907544e+00 1.127296e+02 2.379833e+02
      vertex   3.857984e+00 1.128397e+02 2.379833e+02
      vertex   3.857984e+00 1.128397e+02 2.360167e+02
    endloop
  endfacet
  facet normal -9.547209e-01 -2.975031e-01 0.000000e+00
    outer loop
      vertex   3.857984e+00 1.128397e+02 2.360167e+02
      vertex   3.857984e+00 1.128397e+02 2.379833e+02
      vertex   3.822058e+00 1.129550e+02 2.360167e+02
    endloop
  endfacet
  facet normal -8.557813e-01 -5.173378e-01 0.000000e+00
    outer loop
      vertex   3.970016e+00 1.126262e+02 2.379833e+02
      vertex   3.907544e+00 1.127296e+02 2.379833e+02
      vertex   3.907544e+00 1.127296e+02 2.360167e+02
    endloop
  endfacet
  facet normal -9.118998e-01 -4.104128e-01 0.000000e+00
    outer loop
      vertex   3.907544e+00 1.127296e+02 2.360167e+02
      vertex   3.907544e+00 1.127296e+02 2.379833e+02
      vertex   3.857984e+00 1.128397e+02 2.360167e+02
    endloop
  endfacet
  facet normal -7.871835e-01 -6.167189e-01 0.000000e+00
    outer loop
      vertex   4.044489e+00 1.125312e+02 2.379833e+02
      vertex   3.970016e+00 1.126262e+02 2.379833e+02
      vertex   3.970016e+00 1.126262e+02 2.360167e+02
    endloop
  endfacet
  facet normal -8.557813e-01 -5.173378e-01 0.000000e+00
    outer loop
      vertex   3.970016e+00 1.126262e+02 2.360167e+02
      vertex   3.970016e+00 1.126262e+02 2.379833e+02
      vertex   3.907544e+00 1.127296e+02 2.360167e+02
    endloop
  endfacet
  facet normal -7.071068e-01 -7.071068e-01 0.000000e+00
    outer loop
      vertex   4.129877e+00 1.124458e+02 2.379833e+02
      vertex   4.044489e+00 1.125312e+02 2.379833e+02
      vertex   4.044489e+00 1.125312e+02 2.360167e+02
    endloop
  endfacet
  facet normal -7.871835e-01 -6.167189e-01 0.000000e+00
    outer loop
      vertex   4.044489e+00 1.125312e+02 2.360167e+02
      vertex   4.044489e+00 1.125312e+02 2.379833e+02
      vertex   3.970016e+00 1.126262e+02 2.360167e+02
    endloop
  endfacet
  facet normal -6.167189e-01 -7.871835e-01 0.000000e+00
    outer loop
      vertex   4.224935e+00 1.123713e+02 2.379833e+02
      vertex   4.129877e+00 1.124458e+02 2.379833e+02
      vertex   4.129877e+00 1.124458e+02 2.360167e+02
    endloop
  endfacet
  facet normal -7.071068e-01 -7.071068e-01 0.000000e+00
    outer loop
      vertex   4.129877e+00 1.124458e+02 2.360167e+02
      vertex   4.129877e+00 1.124458e+02 2.379833e+02
      vertex   4.044489e+00 1.125312e+02 2.360167e+02
    endloop
  endfacet
  facet normal -5.173378e-01 -8.557813e-01 0.000000e+00
    outer loop
      vertex   4.328277e+00 1.123088e+02 2.379833e+02
      vertex   4.224935e+00 1.123713e+02 2.379833e+02
      vertex   4.224935e+00 1.123713e+02 2.360167e+02
    endloop
  endfacet
  facet normal -6.167189e-01 -7.871835e-01 0.000000e+00
    outer loop
      vertex   4.224935e+00 1.123713e+02 2.360167e+02
      vertex   4.224935e+00 1.123713e+02 2.379833e+02
      vertex   4.129877e+00 1.124458e+02 2.360167e+02
    endloop
  endfacet
  facet normal -4.104128e-01 -9.118998e-01 0.000000e+00
    outer loop
      vertex   4.438395e+00 1.122593e+02 2.379833e+02
      vertex   4.328277e+00 1.123088e+02 2.379833e+02
      vertex   4.328277e+00 1.123088e+02 2.360167e+02
    endloop
  endfacet
  facet normal -5.173378e-01 -8.557813e-01 0.000000e+00
    outer loop
      vertex   4.328277e+00 1.123088e+02 2.360167e+02
      vertex   4.328277e+00 1.123088e+02 2.379833e+02
      vertex   4.224935e+00 1.123713e+02 2.360167e+02
    endloop
  endfacet
  facet normal -2.975031e-01 -9.547209e-01 0.000000e+00
    outer loop
      vertex   4.553684e+00 1.122233e+02 2.379833e+02
      vertex   4.438395e+00 1.122593e+02 2.379833e+02
      vertex   4.438395e+00 1.122593e+02 2.360167e+02
    endloop
  endfacet
  facet normal -4.104128e-01 -9.118998e-01 0.000000e+00
    outer loop
      vertex   4.438395e+00 1.122593e+02 2.360167e+02
      vertex   4.438395e+00 1.122593e+02 2.379833e+02
      vertex   4.328277e+00 1.123088e+02 2.360167e+02
    endloop
  endfacet
  facet normal -1.802550e-01 -9.836199e-01 0.000000e+00
    outer loop
      vertex   4.672463e+00 1.122016e+02 2.379833e+02
      vertex   4.553684e+00 1.122233e+02 2.379833e+02
      vertex   4.553684e+00 1.122233e+02 2.360167e+02
    endloop
  endfacet
  facet normal -2.975031e-01 -9.547209e-01 0.000000e+00
    outer loop
      vertex   4.553684e+00 1.122233e+02 2.360167e+02
      vertex   4.553684e+00 1.122233e+02 2.379833e+02
      vertex   4.438395e+00 1.122593e+02 2.360167e+02
    endloop
  endfacet
  facet normal -1.802550e-01 -9.836199e-01 0.000000e+00
    outer loop
      vertex   4.672463e+00 1.122016e+02 2.360167e+02
      vertex   4.672463e+00 1.122016e+02 2.379833e+02
      vertex   4.553684e+00 1.122233e+02 2.360167e+02
    endloop
  endfacet
  facet normal -1.000000e+00 0.000000e+00 0.000000e+00
    outer loop
      vertex   3.793000e+00 1.131943e+02 2.340500e+02
      vertex   3.793000e+00 1.131943e+02 2.399500e+02
      vertex   3.793000e+00 1.151943e+02 2.340500e+02
    endloop
  endfacet
  facet normal -1.000000e+00 0.000000e+00 0.000000e+00
    outer loop
      vertex   3.793000e+00 1.151943e+02 2.340500e+02
      vertex   3.793000e+00 1.131943e+02 2.399500e+02
      vertex   3.793000e+00 1.151943e+02 2.399500e+02
    endloop
  endfacet
  facet normal 6.095556e-04 -4.903779e-02 9.987967e-01
    outer loop
      vertex   3.797815e+00 1.130963e+02 2.399452e+02
      vertex   6.043000e+00 1.130738e+02 2.399427e+02
      vertex   3.793000e+00 1.131943e+02 2.399500e+02
    endloop
  endfacet
  facet normal -4.168315e-04 -6.812910e-02 9.976764e-01
    outer loop
      vertex   3.793000e+00 1.131943e+02 2.399500e+02
      vertex   6.043000e+00 1.130738e+02 2.399427e+02
      vertex   8.288185e+00 1.130963e+02 2.399452e+02
    endloop
  endfacet
  facet normal 0.000000e+00 -4.906767e-02 9.987955e-01
    outer loop
      vertex   3.793000e+00 1.131943e+02 2.399500e+02
      vertex   8.288185e+00 1.130963e+02 2.399452e+02
      vertex   8.293000e+00 1.131943e+02 2.399500e+02
    endloop
  endfacet
  facet normal -3.814897e-04 -1.467858e-01 9.891682e-01
    outer loop
      vertex   3.797815e+00 1.130963e+02 2.399452e+02
      vertex   3.812215e+00 1.129992e+02 2.399308e+02
      vertex   6.043000e+00 1.130738e+02 2.399427e+02
    endloop
  endfacet
  facet normal 7.667187e-04 -1.802550e-01 9.836196e-01
    outer loop
      vertex   6.043000e+00 1.130738e+02 2.399427e+02
      vertex   3.812215e+00 1.129992e+02 2.399308e+02
      vertex   6.043000e+00 1.129550e+02 2.399209e+02
    endloop
  endfacet
  facet normal -7.667187e-04 -1.802550e-01 9.836196e-01
    outer loop
      vertex   6.043000e+00 1.130738e+02 2.399427e+02
      vertex   6.043000e+00 1.129550e+02 2.399209e+02
      vertex   8.273785e+00 1.129992e+02 2.399308e+02
    endloop
  endfacet
  facet normal 5.394294e-04 -2.431073e-01 9.699993e-01
    outer loop
      vertex   8.273785e+00 1.129992e+02 2.399308e+02
      vertex   6.043000e+00 1.129550e+02 2.399209e+02
      vertex   8.249940e+00 1.129040e+02 2.399069e+02
    endloop
  endfacet
  facet normal -8.137645e-04 -2.975030e-01 9.547206e-01
    outer loop
      vertex   8.249940e+00 1.129040e+02 2.399069e+02
      vertex   6.043000e+00 1.129550e+02 2.399209e+02
      vertex   6.043000e+00 1.128397e+02 2.398850e+02
    endloop
  endfacet
  facet normal 4.699189e-04 -3.370389e-01 9.414906e-01
    outer loop
      vertex   8.249940e+00 1.129040e+02 2.399069e+02
      vertex   6.043000e+00 1.128397e+02 2.398850e+02
      vertex   8.216880e+00 1.128116e+02 2.398739e+02
    endloop
  endfacet
  facet normal -6.293955e-04 -4.104127e-01 9.118997e-01
    outer loop
      vertex   8.216880e+00 1.128116e+02 2.398739e+02
      vertex   6.043000e+00 1.128397e+02 2.398850e+02
      vertex   6.043000e+00 1.127296e+02 2.398355e+02
    endloop
  endfacet
  facet normal 1.602090e-04 -4.276170e-01 9.039600e-01
    outer loop
      vertex   8.216880e+00 1.128116e+02 2.398739e+02
      vertex   6.043000e+00 1.127296e+02 2.398355e+02
      vertex   8.174921e+00 1.127229e+02 2.398319e+02
    endloop
  endfacet
  facet normal -1.868304e-04 -5.140203e-01 8.577780e-01
    outer loop
      vertex   8.174921e+00 1.127229e+02 2.398319e+02
      vertex   6.043000e+00 1.127296e+02 2.398355e+02
      vertex   8.124470e+00 1.126387e+02 2.397815e+02
    endloop
  endfacet
  facet normal -3.834110e-04 -5.173378e-01 8.557812e-01
    outer loop
      vertex   8.124470e+00 1.126387e+02 2.397815e+02
      vertex   6.043000e+00 1.127296e+02 2.398355e+02
      vertex   6.043000e+00 1.126262e+02 2.397730e+02
    endloop
  endfacet
  facet normal 3.026121e-04 -5.958441e-01 8.031001e-01
    outer loop
      vertex   8.124470e+00 1.126387e+02 2.397815e+02
      vertex   6.043000e+00 1.126262e+02 2.397730e+02
      vertex   8.066010e+00 1.125599e+02 2.397230e+02
    endloop
  endfacet
  facet normal -7.749913e-04 -6.167187e-01 7.871832e-01
    outer loop
      vertex   8.066010e+00 1.125599e+02 2.397230e+02
      vertex   6.043000e+00 1.126262e+02 2.397730e+02
      vertex   6.043000e+00 1.125312e+02 2.396985e+02
    endloop
  endfacet
  facet normal 5.708583e-04 -6.718429e-01 7.406935e-01
    outer loop
      vertex   8.066010e+00 1.125599e+02 2.397230e+02
      vertex   6.043000e+00 1.125312e+02 2.396985e+02
      vertex   8.000107e+00 1.124872e+02 2.396571e+02
    endloop
  endfacet
  facet normal -9.322154e-04 -7.071065e-01 7.071065e-01
    outer loop
      vertex   8.000107e+00 1.124872e+02 2.396571e+02
      vertex   6.043000e+00 1.125312e+02 2.396985e+02
      vertex   6.043000e+00 1.124458e+02 2.396131e+02
    endloop
  endfacet
  facet normal 5.963238e-04 -7.412476e-01 6.712314e-01
    outer loop
      vertex   8.000107e+00 1.124872e+02 2.396571e+02
      vertex   6.043000e+00 1.124458e+02 2.396131e+02
      vertex   7.927393e+00 1.124213e+02 2.395844e+02
    endloop
  endfacet
  facet normal -8.320001e-04 -7.871832e-01 6.167187e-01
    outer loop
      vertex   7.927393e+00 1.124213e+02 2.395844e+02
      vertex   6.043000e+00 1.124458e+02 2.396131e+02
      vertex   6.043000e+00 1.123713e+02 2.395181e+02
    endloop
  endfacet
  facet normal 3.450298e-04 -8.033725e-01 5.954767e-01
    outer loop
      vertex   7.927393e+00 1.124213e+02 2.395844e+02
      vertex   6.043000e+00 1.123713e+02 2.395181e+02
      vertex   7.848570e+00 1.123628e+02 2.395056e+02
    endloop
  endfacet
  facet normal -4.419980e-04 -8.557812e-01 5.173378e-01
    outer loop
      vertex   7.848570e+00 1.123628e+02 2.395056e+02
      vertex   6.043000e+00 1.123713e+02 2.395181e+02
      vertex   6.043000e+00 1.123088e+02 2.394147e+02
    endloop
  endfacet
  facet normal -2.326815e-04 -8.576260e-01 5.142739e-01
    outer loop
      vertex   7.848570e+00 1.123628e+02 2.395056e+02
      vertex   6.043000e+00 1.123088e+02 2.394147e+02
      vertex   7.764397e+00 1.123124e+02 2.394214e+02
    endloop
  endfacet
  facet normal 1.995068e-04 -9.040664e-01 4.273920e-01
    outer loop
      vertex   7.764397e+00 1.123124e+02 2.394214e+02
      vertex   6.043000e+00 1.123088e+02 2.394147e+02
      vertex   7.675683e+00 1.122704e+02 2.393327e+02
    endloop
  endfacet
  facet normal -8.380252e-04 -9.118995e-01 4.104127e-01
    outer loop
      vertex   7.675683e+00 1.122704e+02 2.393327e+02
      vertex   6.043000e+00 1.123088e+02 2.394147e+02
      vertex   6.043000e+00 1.122593e+02 2.393046e+02
    endloop
  endfacet
  facet normal 6.397507e-04 -9.417466e-01 3.363226e-01
    outer loop
      vertex   7.675683e+00 1.122704e+02 2.393327e+02
      vertex   6.043000e+00 1.122593e+02 2.393046e+02
      vertex   7.583285e+00 1.122374e+02 2.392403e+02
    endloop
  endfacet
  facet normal -1.165972e-03 -9.547202e-01 2.975029e-01
    outer loop
      vertex   7.583285e+00 1.122374e+02 2.392403e+02
      vertex   6.043000e+00 1.122593e+02 2.393046e+02
      vertex   6.043000e+00 1.122233e+02 2.391893e+02
    endloop
  endfacet
  facet normal 8.041600e-04 -9.702202e-01 2.422233e-01
    outer loop
      vertex   7.583285e+00 1.122374e+02 2.392403e+02
      vertex   6.043000e+00 1.122233e+02 2.391893e+02
      vertex   7.488090e+00 1.122135e+02 2.391451e+02
    endloop
  endfacet
  facet normal -1.183583e-03 -9.836192e-01 1.802549e-01
    outer loop
      vertex   7.488090e+00 1.122135e+02 2.391451e+02
      vertex   6.043000e+00 1.122233e+02 2.391893e+02
      vertex   6.043000e+00 1.122016e+02 2.390705e+02
    endloop
  endfacet
  facet normal 6.240807e-04 -9.892667e-01 1.461198e-01
    outer loop
      vertex   7.488090e+00 1.122135e+02 2.391451e+02
      vertex   6.043000e+00 1.122016e+02 2.390705e+02
      vertex   7.391017e+00 1.121991e+02 2.390480e+02
    endloop
  endfacet
  facet normal -9.980182e-04 -9.987456e-01 5.006324e-02
    outer loop
      vertex   7.391017e+00 1.121991e+02 2.390480e+02
      vertex   6.043000e+00 1.122016e+02 2.390705e+02
      vertex   7.293000e+00 1.121943e+02 2.389500e+02
    endloop
  endfacet
  facet normal 7.025513e-04 -9.977098e-01 6.763598e-02
    outer loop
      vertex   7.293000e+00 1.121943e+02 2.389500e+02
      vertex   6.043000e+00 1.122016e+02 2.390705e+02
      vertex   4.694983e+00 1.121991e+02 2.390480e+02
    endloop
  endfacet
  facet normal 0.000000e+00 -9.987955e-01 4.906767e-02
    outer loop
      vertex   7.293000e+00 1.121943e+02 2.389500e+02
      vertex   4.694983e+00 1.121991e+02 2.390480e+02
      vertex   4.793000e+00 1.121943e+02 2.389500e+02
    endloop
  endfacet
  facet normal -5.394294e-04 -2.431073e-01 9.699993e-01
    outer loop
      vertex   3.812215e+00 1.129992e+02 2.399308e+02
      vertex   3.836060e+00 1.129040e+02 2.399069e+02
      vertex   6.043000e+00 1.129550e+02 2.399209e+02
    endloop
  endfacet
  facet normal 8.137645e-04 -2.975030e-01 9.547206e-01
    outer loop
      vertex   6.043000e+00 1.129550e+02 2.399209e+02
      vertex   3.836060e+00 1.129040e+02 2.399069e+02
      vertex   6.043000e+00 1.128397e+02 2.398850e+02
    endloop
  endfacet
  facet normal -4.699189e-04 -3.370389e-01 9.414906e-01
    outer loop
      vertex   3.836060e+00 1.129040e+02 2.399069e+02
      vertex   3.869120e+00 1.128116e+02 2.398739e+02
      vertex   6.043000e+00 1.128397e+02 2.398850e+02
    endloop
  endfacet
  facet normal 6.293955e-04 -4.104127e-01 9.118997e-01
    outer loop
      vertex   6.043000e+00 1.128397e+02 2.398850e+02
      vertex   3.869120e+00 1.128116e+02 2.398739e+02
      vertex   6.043000e+00 1.127296e+02 2.398355e+02
    endloop
  endfacet
  facet normal -1.602090e-04 -4.276170e-01 9.039600e-01
    outer loop
      vertex   3.869120e+00 1.128116e+02 2.398739e+02
      vertex   3.911079e+00 1.127229e+02 2.398319e+02
      vertex   6.043000e+00 1.127296e+02 2.398355e+02
    endloop
  endfacet
  facet normal 1.868304e-04 -5.140203e-01 8.577780e-01
    outer loop
      vertex   6.043000e+00 1.127296e+02 2.398355e+02
      vertex   3.911079e+00 1.127229e+02 2.398319e+02
      vertex   3.961530e+00 1.126387e+02 2.397815e+02
    endloop
  endfacet
  facet normal 3.834110e-04 -5.173378e-01 8.557812e-01
    outer loop
      vertex   6.043000e+00 1.127296e+02 2.398355e+02
      vertex   3.961530e+00 1.126387e+02 2.397815e+02
      vertex   6.043000e+00 1.126262e+02 2.397730e+02
    endloop
  endfacet
  facet normal -3.026121e-04 -5.958441e-01 8.031001e-01
    outer loop
      vertex   6.043000e+00 1.126262e+02 2.397730e+02
      vertex   3.961530e+00 1.126387e+02 2.397815e+02
      vertex   4.019990e+00 1.125599e+02 2.397230e+02
    endloop
  endfacet
  facet normal 7.749913e-04 -6.167187e-01 7.871832e-01
    outer loop
      vertex   6.043000e+00 1.126262e+02 2.397730e+02
      vertex   4.019990e+00 1.125599e+02 2.397230e+02
      vertex   6.043000e+00 1.125312e+02 2.396985e+02
    endloop
  endfacet
  facet normal -5.708583e-04 -6.718429e-01 7.406935e-01
    outer loop
      vertex   6.043000e+00 1.125312e+02 2.396985e+02
      vertex   4.019990e+00 1.125599e+02 2.397230e+02
      vertex   4.085893e+00 1.124872e+02 2.396571e+02
    endloop
  endfacet
  facet normal 9.322154e-04 -7.071065e-01 7.071065e-01
    outer loop
      vertex   6.043000e+00 1.125312e+02 2.396985e+02
      vertex   4.085893e+00 1.124872e+02 2.396571e+02
      vertex   6.043000e+00 1.124458e+02 2.396131e+02
    endloop
  endfacet
  facet normal -5.963238e-04 -7.412476e-01 6.712314e-01
    outer loop
      vertex   6.043000e+00 1.124458e+02 2.396131e+02
      vertex   4.085893e+00 1.124872e+02 2.396571e+02
      vertex   4.158607e+00 1.124213e+02 2.395844e+02
    endloop
  endfacet
  facet normal 8.320001e-04 -7.871832e-01 6.167187e-01
    outer loop
      vertex   6.043000e+00 1.124458e+02 2.396131e+02
      vertex   4.158607e+00 1.124213e+02 2.395844e+02
      vertex   6.043000e+00 1.123713e+02 2.395181e+02
    endloop
  endfacet
  facet normal -3.450298e-04 -8.033725e-01 5.954767e-01
    outer loop
      vertex   6.043000e+00 1.123713e+02 2.395181e+02
      vertex   4.158607e+00 1.124213e+02 2.395844e+02
      vertex   4.237430e+00 1.123628e+02 2.395056e+02
    endloop
  endfacet
  facet normal 4.419980e-04 -8.557812e-01 5.173378e-01
    outer loop
      vertex   6.043000e+00 1.123713e+02 2.395181e+02
      vertex   4.237430e+00 1.123628e+02 2.395056e+02
      vertex   6.043000e+00 1.123088e+02 2.394147e+02
    endloop
  endfacet
  facet normal 2.326815e-04 -8.576260e-01 5.142739e-01
    outer loop
      vertex   6.043000e+00 1.123088e+02 2.394147e+02
      vertex   4.237430e+00 1.123628e+02 2.395056e+02
      vertex   4.321603e+00 1.123124e+02 2.394214e+02
    endloop
  endfacet
  facet normal -1.995068e-04 -9.040664e-01 4.273920e-01
    outer loop
      vertex   6.043000e+00 1.123088e+02 2.394147e+02
      vertex   4.321603e+00 1.123124e+02 2.394214e+02
      vertex   4.410317e+00 1.122704e+02 2.393327e+02
    endloop
  endfacet
  facet normal 8.380252e-04 -9.118995e-01 4.104127e-01
    outer loop
      vertex   6.043000e+00 1.123088e+02 2.394147e+02
      vertex   4.410317e+00 1.122704e+02 2.393327e+02
      vertex   6.043000e+00 1.122593e+02 2.393046e+02
    endloop
  endfacet
  facet normal -6.397507e-04 -9.417466e-01 3.363226e-01
    outer loop
      vertex   6.043000e+00 1.122593e+02 2.393046e+02
      vertex   4.410317e+00 1.122704e+02 2.393327e+02
      vertex   4.502715e+00 1.122374e+02 2.392403e+02
    endloop
  endfacet
  facet normal 1.165972e-03 -9.547202e-01 2.975029e-01
    outer loop
      vertex   6.043000e+00 1.122593e+02 2.393046e+02
      vertex   4.502715e+00 1.122374e+02 2.392403e+02
      vertex   6.043000e+00 1.122233e+02 2.391893e+02
    endloop
  endfacet
  facet normal -8.041600e-04 -9.702202e-01 2.422233e-01
    outer loop
      vertex   6.043000e+00 1.122233e+02 2.391893e+02
      vertex   4.502715e+00 1.122374e+02 2.392403e+02
      vertex   4.597910e+00 1.122135e+02 2.391451e+02
    endloop
  endfacet
  facet normal 1.183583e-03 -9.836192e-01 1.802549e-01
    outer loop
      vertex   6.043000e+00 1.122233e+02 2.391893e+02
      vertex   4.597910e+00 1.122135e+02 2.391451e+02
      vertex   6.043000e+00 1.122016e+02 2.390705e+02
    endloop
  endfacet
  facet normal -6.240807e-04 -9.892667e-01 1.461198e-01
    outer loop
      vertex   6.043000e+00 1.122016e+02 2.390705e+02
      vertex   4.597910e+00 1.122135e+02 2.391451e+02
      vertex   4.694983e+00 1.121991e+02 2.390480e+02
    endloop
  endfacet
  facet normal 3.814897e-04 -1.467858e-01 9.891682e-01
    outer loop
      vertex   8.273785e+00 1.129992e+02 2.399308e+02
      vertex   8.288185e+00 1.130963e+02 2.399452e+02
      vertex   6.043000e+00 1.130738e+02 2.399427e+02
    endloop
  endfacet
  facet normal 9.980182e-04 -9.987456e-01 -5.006324e-02
    outer loop
      vertex   4.694983e+00 1.121991e+02 2.349520e+02
      vertex   6.043000e+00 1.122016e+02 2.349295e+02
      vertex   4.793000e+00 1.121943e+02 2.350500e+02
    endloop
  endfacet
  facet normal -7.025513e-04 -9.977098e-01 -6.763598e-02
    outer loop
      vertex   4.793000e+00 1.121943e+02 2.350500e+02
      vertex   6.043000e+00 1.122016e+02 2.349295e+02
      vertex   7.391017e+00 1.121991e+02 2.349520e+02
    endloop
  endfacet
  facet normal 0.000000e+00 -9.987955e-01 -4.906767e-02
    outer loop
      vertex   4.793000e+00 1.121943e+02 2.350500e+02
      vertex   7.391017e+00 1.121991e+02 2.349520e+02
      vertex   7.293000e+00 1.121943e+02 2.350500e+02
    endloop
  endfacet
  facet normal -6.240807e-04 -9.892667e-01 -1.461198e-01
    outer loop
      vertex   4.694983e+00 1.121991e+02 2.349520e+02
      vertex   4.597910e+00 1.122135e+02 2.348549e+02
      vertex   6.043000e+00 1.122016e+02 2.349295e+02
    endloop
  endfacet
  facet normal 1.183583e-03 -9.836192e-01 -1.802549e-01
    outer loop
      vertex   6.043000e+00 1.122016e+02 2.349295e+02
      vertex   4.597910e+00 1.122135e+02 2.348549e+02
      vertex   6.043000e+00 1.122233e+02 2.348107e+02
    endloop
  endfacet
  facet normal -1.183583e-03 -9.836192e-01 -1.802549e-01
    outer loop
      vertex   6.043000e+00 1.122016e+02 2.349295e+02
      vertex   6.043000e+00 1.122233e+02 2.348107e+02
      vertex   7.488090e+00 1.122135e+02 2.348549e+02
    endloop
  endfacet
  facet normal 8.041600e-04 -9.702202e-01 -2.422233e-01
    outer loop
      vertex   7.488090e+00 1.122135e+02 2.348549e+02
      vertex   6.043000e+00 1.122233e+02 2.348107e+02
      vertex   7.583285e+00 1.122374e+02 2.347597e+02
    endloop
  endfacet
  facet normal -1.165972e-03 -9.547202e-01 -2.975029e-01
    outer loop
      vertex   7.583285e+00 1.122374e+02 2.347597e+02
      vertex   6.043000e+00 1.122233e+02 2.348107e+02
      vertex   6.043000e+00 1.122593e+02 2.346954e+02
    endloop
  endfacet
  facet normal 6.397507e-04 -9.417466e-01 -3.363226e-01
    outer loop
      vertex   7.583285e+00 1.122374e+02 2.347597e+02
      vertex   6.043000e+00 1.122593e+02 2.346954e+02
      vertex   7.675683e+00 1.122704e+02 2.346673e+02
    endloop
  endfacet
  facet normal -8.380252e-04 -9.118995e-01 -4.104127e-01
    outer loop
      vertex   7.675683e+00 1.122704e+02 2.346673e+02
      vertex   6.043000e+00 1.122593e+02 2.346954e+02
      vertex   6.043000e+00 1.123088e+02 2.345853e+02
    endloop
  endfacet
  facet normal 1.995068e-04 -9.040664e-01 -4.273920e-01
    outer loop
      vertex   7.675683e+00 1.122704e+02 2.346673e+02
      vertex   6.043000e+00 1.123088e+02 2.345853e+02
      vertex   7.764397e+00 1.123124e+02 2.345786e+02
    endloop
  endfacet
  facet normal -2.326815e-04 -8.576260e-01 -5.142739e-01
    outer loop
      vertex   7.764397e+00 1.123124e+02 2.345786e+02
      vertex   6.043000e+00 1.123088e+02 2.345853e+02
      vertex   7.848570e+00 1.123628e+02 2.344944e+02
    endloop
  endfacet
  facet normal -4.419980e-04 -8.557812e-01 -5.173378e-01
    outer loop
      vertex   7.848570e+00 1.123628e+02 2.344944e+02
      vertex   6.043000e+00 1.123088e+02 2.345853e+02
      vertex   6.043000e+00 1.123713e+02 2.344819e+02
    endloop
  endfacet
  facet normal 3.450298e-04 -8.033725e-01 -5.954767e-01
    outer loop
      vertex   7.848570e+00 1.123628e+02 2.344944e+02
      vertex   6.043000e+00 1.123713e+02 2.344819e+02
      vertex   7.927393e+00 1.124213e+02 2.344156e+02
    endloop
  endfacet
  facet normal -8.320001e-04 -7.871832e-01 -6.167187e-01
    outer loop
      vertex   7.927393e+00 1.124213e+02 2.344156e+02
      vertex   6.043000e+00 1.123713e+02 2.344819e+02
      vertex   6.043000e+00 1.124458e+02 2.343869e+02
    endloop
  endfacet
  facet normal 5.963238e-04 -7.412476e-01 -6.712314e-01
    outer loop
      vertex   7.927393e+00 1.124213e+02 2.344156e+02
      vertex   6.043000e+00 1.124458e+02 2.343869e+02
      vertex   8.000107e+00 1.124872e+02 2.343429e+02
    endloop
  endfacet
  facet normal -9.322154e-04 -7.071065e-01 -7.071065e-01
    outer loop
      vertex   8.000107e+00 1.124872e+02 2.343429e+02
      vertex   6.043000e+00 1.124458e+02 2.343869e+02
      vertex   6.043000e+00 1.125312e+02 2.343015e+02
    endloop
  endfacet
  facet normal 5.708583e-04 -6.718429e-01 -7.406935e-01
    outer loop
      vertex   8.000107e+00 1.124872e+02 2.343429e+02
      vertex   6.043000e+00 1.125312e+02 2.343015e+02
      vertex   8.066010e+00 1.125599e+02 2.342770e+02
    endloop
  endfacet
  facet normal -7.749913e-04 -6.167187e-01 -7.871832e-01
    outer loop
      vertex   8.066010e+00 1.125599e+02 2.342770e+02
      vertex   6.043000e+00 1.125312e+02 2.343015e+02
      vertex   6.043000e+00 1.126262e+02 2.342270e+02
    endloop
  endfacet
  facet normal 3.026121e-04 -5.958441e-01 -8.031001e-01
    outer loop
      vertex   8.066010e+00 1.125599e+02 2.342770e+02
      vertex   6.043000e+00 1.126262e+02 2.342270e+02
      vertex   8.124470e+00 1.126387e+02 2.342185e+02
    endloop
  endfacet
  facet normal -3.834110e-04 -5.173378e-01 -8.557812e-01
    outer loop
      vertex   8.124470e+00 1.126387e+02 2.342185e+02
      vertex   6.043000e+00 1.126262e+02 2.342270e+02
      vertex   6.043000e+00 1.127296e+02 2.341645e+02
    endloop
  endfacet
  facet normal -1.868304e-04 -5.140203e-01 -8.577780e-01
    outer loop
      vertex   8.124470e+00 1.126387e+02 2.342185e+02
      vertex   6.043000e+00 1.127296e+02 2.341645e+02
      vertex   8.174921e+00 1.127229e+02 2.341681e+02
    endloop
  endfacet
  facet normal 1.602090e-04 -4.276170e-01 -9.039600e-01
    outer loop
      vertex   8.174921e+00 1.127229e+02 2.341681e+02
      vertex   6.043000e+00 1.127296e+02 2.341645e+02
      vertex   8.216880e+00 1.128116e+02 2.341261e+02
    endloop
  endfacet
  facet normal -6.293955e-04 -4.104127e-01 -9.118997e-01
    outer loop
      vertex   8.216880e+00 1.128116e+02 2.341261e+02
      vertex   6.043000e+00 1.127296e+02 2.341645e+02
      vertex   6.043000e+00 1.128397e+02 2.341150e+02
    endloop
  endfacet
  facet normal 4.699189e-04 -3.370389e-01 -9.414906e-01
    outer loop
      vertex   8.216880e+00 1.128116e+02 2.341261e+02
      vertex   6.043000e+00 1.128397e+02 2.341150e+02
      vertex   8.249940e+00 1.129040e+02 2.340931e+02
    endloop
  endfacet
  facet normal -8.137645e-04 -2.975030e-01 -9.547206e-01
    outer loop
      vertex   8.249940e+00 1.129040e+02 2.340931e+02
      vertex   6.043000e+00 1.128397e+02 2.341150e+02
      vertex   6.043000e+00 1.129550e+02 2.340791e+02
    endloop
  endfacet
  facet normal 5.394294e-04 -2.431073e-01 -9.699993e-01
    outer loop
      vertex   8.249940e+00 1.129040e+02 2.340931e+02
      vertex   6.043000e+00 1.129550e+02 2.340791e+02
      vertex   8.273785e+00 1.129992e+02 2.340692e+02
    endloop
  endfacet
  facet normal -7.667187e-04 -1.802550e-01 -9.836196e-01
    outer loop
      vertex   8.273785e+00 1.129992e+02 2.340692e+02
      vertex   6.043000e+00 1.129550e+02 2.340791e+02
      vertex   6.043000e+00 1.130738e+02 2.340573e+02
    endloop
  endfacet
  facet normal 3.814897e-04 -1.467858e-01 -9.891682e-01
    outer loop
      vertex   8.273785e+00 1.129992e+02 2.340692e+02
      vertex   6.043000e+00 1.130738e+02 2.340573e+02
      vertex   8.288185e+00 1.130963e+02 2.340548e+02
    endloop
  endfacet
  facet normal -6.095556e-04 -4.903779e-02 -9.987967e-01
    outer loop
      vertex   8.288185e+00 1.130963e+02 2.340548e+02
      vertex   6.043000e+00 1.130738e+02 2.340573e+02
      vertex   8.293000e+00 1.131943e+02 2.340500e+02
    endloop
  endfacet
  facet normal 4.168315e-04 -6.812910e-02 -9.976764e-01
    outer loop
      vertex   8.293000e+00 1.131943e+02 2.340500e+02
      vertex   6.043000e+00 1.130738e+02 2.340573e+02
      vertex   3.797815e+00 1.130963e+02 2.340548e+02
    endloop
  endfacet
  facet normal -0.000000e+00 -4.906767e-02 -9.987955e-01
    outer loop
      vertex   8.293000e+00 1.131943e+02 2.340500e+02
      vertex   3.797815e+00 1.130963e+02 2.340548e+02
      vertex   3.793000e+00 1.131943e+02 2.340500e+02
    endloop
  endfacet
  facet normal -8.041600e-04 -9.702202e-01 -2.422233e-01
    outer loop
      vertex   4.597910e+00 1.122135e+02 2.348549e+02
      vertex   4.502715e+00 1.122374e+02 2.347597e+02
      vertex   6.043000e+00 1.122233e+02 2.348107e+02
    endloop
  endfacet
  facet normal 1.165972e-03 -9.547202e-01 -2.975029e-01
    outer loop
      vertex   6.043000e+00 1.122233e+02 2.348107e+02
      vertex   4.502715e+00 1.122374e+02 2.347597e+02
      vertex   6.043000e+00 1.122593e+02 2.346954e+02
    endloop
  endfacet
  facet normal -6.397507e-04 -9.417466e-01 -3.363226e-01
    outer loop
      vertex   4.502715e+00 1.122374e+02 2.347597e+02
      vertex   4.410317e+00 1.122704e+02 2.346673e+02
      vertex   6.043000e+00 1.122593e+02 2.346954e+02
    endloop
  endfacet
  facet normal 8.380252e-04 -9.118995e-01 -4.104127e-01
    outer loop
      vertex   6.043000e+00 1.122593e+02 2.346954e+02
      vertex   4.410317e+00 1.122704e+02 2.346673e+02
      vertex   6.043000e+00 1.123088e+02 2.345853e+02
    endloop
  endfacet
  facet normal -1.995068e-04 -9.040664e-01 -4.273920e-01
    outer loop
      vertex   4.410317e+00 1.122704e+02 2.346673e+02
      vertex   4.321603e+00 1.123124e+02 2.345786e+02
      vertex   6.043000e+00 1.123088e+02 2.345853e+02
    endloop
  endfacet
  facet normal 2.326815e-04 -8.576260e-01 -5.142739e-01
    outer loop
      vertex   6.043000e+00 1.123088e+02 2.345853e+02
      vertex   4.321603e+00 1.123124e+02 2.345786e+02
      vertex   4.237430e+00 1.123628e+02 2.344944e+02
    endloop
  endfacet
  facet normal 4.419980e-04 -8.557812e-01 -5.173378e-01
    outer loop
      vertex   6.043000e+00 1.123088e+02 2.345853e+02
      vertex   4.237430e+00 1.123628e+02 2.344944e+02
      vertex   6.043000e+00 1.123713e+02 2.344819e+02
    endloop
  endfacet
  facet normal -3.450298e-04 -8.033725e-01 -5.954767e-01
    outer loop
      vertex   6.043000e+00 1.123713e+02 2.344819e+02
      vertex   4.237430e+00 1.123628e+02 2.344944e+02
      vertex   4.158607e+00 1.124213e+02 2.344156e+02
    endloop
  endfacet
  facet normal 8.320001e-04 -7.871832e-01 -6.167187e-01
    outer loop
      vertex   6.043000e+00 1.123713e+02 2.344819e+02
      vertex   4.158607e+00 1.124213e+02 2.344156e+02
      vertex   6.043000e+00 1.124458e+02 2.343869e+02
    endloop
  endfacet
  facet normal -5.963238e-04 -7.412476e-01 -6.712314e-01
    outer loop
      vertex   6.043000e+00 1.124458e+02 2.343869e+02
      vertex   4.158607e+00 1.124213e+02 2.344156e+02
      vertex   4.085893e+00 1.124872e+02 2.343429e+02
    endloop
  endfacet
  facet normal 9.322154e-04 -7.071065e-01 -7.071065e-01
    outer loop
      vertex   6.043000e+00 1.124458e+02 2.343869e+02
      vertex   4.085893e+00 1.124872e+02 2.343429e+02
      vertex   6.043000e+00 1.125312e+02 2.343015e+02
    endloop
  endfacet
  facet normal -5.708583e-04 -6.718429e-01 -7.406935e-01
    outer loop
      vertex   6.043000e+00 1.125312e+02 2.343015e+02
      vertex   4.085893e+00 1.124872e+02 2.343429e+02
      vertex   4.019990e+00 1.125599e+02 2.342770e+02
    endloop
  endfacet
  facet normal 7.749913e-04 -6.167187e-01 -7.871832e-01
    outer loop
      vertex   6.043000e+00 1.125312e+02 2.343015e+02
      vertex   4.019990e+00 1.125599e+02 2.342770e+02
      vertex   6.043000e+00 1.126262e+02 2.342270e+02
    endloop
  endfacet
  facet normal -3.026121e-04 -5.958441e-01 -8.031001e-01
    outer loop
      vertex   6.043000e+00 1.126262e+02 2.342270e+02
      vertex   4.019990e+00 1.125599e+02 2.342770e+02
      vertex   3.961530e+00 1.126387e+02 2.342185e+02
    endloop
  endfacet
  facet normal 3.834110e-04 -5.173378e-01 -8.557812e-01
    outer loop
      vertex   6.043000e+00 1.126262e+02 2.342270e+02
      vertex   3.961530e+00 1.126387e+02 2.342185e+02
      vertex   6.043000e+00 1.127296e+02 2.341645e+02
    endloop
  endfacet
  facet normal 1.868304e-04 -5.140203e-01 -8.577780e-01
    outer loop
      vertex   6.043000e+00 1.127296e+02 2.341645e+02
      vertex   3.961530e+00 1.126387e+02 2.342185e+02
      vertex   3.911079e+00 1.127229e+02 2.341681e+02
    endloop
  endfacet
  facet normal -1.602090e-04 -4.276170e-01 -9.039600e-01
    outer loop
      vertex   6.043000e+00 1.127296e+02 2.341645e+02
      vertex   3.911079e+00 1.127229e+02 2.341681e+02
      vertex   3.869120e+00 1.128116e+02 2.341261e+02
    endloop
  endfacet
  facet normal 6.293955e-04 -4.104127e-01 -9.118997e-01
    outer loop
      vertex   6.043000e+00 1.127296e+02 2.341645e+02
      vertex   3.869120e+00 1.128116e+02 2.341261e+02
      vertex   6.043000e+00 1.128397e+02 2.341150e+02
    endloop
  endfacet
  facet normal -4.699189e-04 -3.370389e-01 -9.414906e-01
    outer loop
      vertex   6.043000e+00 1.128397e+02 2.341150e+02
      vertex   3.869120e+00 1.128116e+02 2.341261e+02
      vertex   3.836060e+00 1.129040e+02 2.340931e+02
    endloop
  endfacet
  facet normal 8.137645e-04 -2.975030e-01 -9.547206e-01
    outer loop
      vertex   6.043000e+00 1.128397e+02 2.341150e+02
      vertex   3.836060e+00 1.129040e+02 2.340931e+02
      vertex   6.043000e+00 1.129550e+02 2.340791e+02
    endloop
  endfacet
  facet normal -5.394294e-04 -2.431073e-01 -9.699993e-01
    outer loop
      vertex   6.043000e+00 1.129550e+02 2.340791e+02
      vertex   3.836060e+00 1.129040e+02 2.340931e+02
      vertex   3.812215e+00 1.129992e+02 2.340692e+02
    endloop
  endfacet
  facet normal 7.667187e-04 -1.802550e-01 -9.836196e-01
    outer loop
      vertex   6.043000e+00 1.129550e+02 2.340791e+02
      vertex   3.812215e+00 1.129992e+02 2.340692e+02
      vertex   6.043000e+00 1.130738e+02 2.340573e+02
    endloop
  endfacet
  facet normal -3.814897e-04 -1.467858e-01 -9.891682e-01
    outer loop
      vertex   6.043000e+00 1.130738e+02 2.340573e+02
      vertex   3.812215e+00 1.129992e+02 2.340692e+02
      vertex   3.797815e+00 1.130963e+02 2.340548e+02
    endloop
  endfacet
  facet normal 6.240807e-04 -9.892667e-01 -1.461198e-01
    outer loop
      vertex   7.488090e+00 1.122135e+02 2.348549e+02
      vertex   7.391017e+00 1.121991e+02 2.349520e+02
      vertex   6.043000e+00 1.122016e+02 2.349295e+02
    endloop
  endfacet
  facet normal 9.987969e-01 -4.903347e-02 -6.976383e-04
    outer loop
      vertex   -7.211815e+00 1.130963e+02 2.399452e+02
      vertex   -7.214291e+00 1.130738e+02 2.379833e+02
      vertex   -7.207000e+00 1.131943e+02 2.399500e+02
    endloop
  endfacet
  facet normal 9.981756e-01 -6.037850e-02 0.000000e+00
    outer loop
      vertex   -7.207000e+00 1.131943e+02 2.399500e+02
      vertex   -7.214291e+00 1.130738e+02 2.379833e+02
      vertex   -7.214291e+00 1.130738e+02 2.360167e+02
    endloop
  endfacet
  facet normal 9.972757e-01 -7.376348e-02 4.118497e-04
    outer loop
      vertex   -7.207000e+00 1.131943e+02 2.399500e+02
      vertex   -7.214291e+00 1.130738e+02 2.360167e+02
      vertex   -7.211815e+00 1.130963e+02 2.340548e+02
    endloop
  endfacet
  facet normal 9.891670e-01 -1.467938e-01 -4.366784e-04
    outer loop
      vertex   -7.211815e+00 1.130963e+02 2.340548e+02
      vertex   -7.214291e+00 1.130738e+02 2.360167e+02
      vertex   -7.226215e+00 1.129992e+02 2.340692e+02
    endloop
  endfacet
  facet normal 9.836195e-01 -1.802550e-01 8.782680e-04
    outer loop
      vertex   -7.226215e+00 1.129992e+02 2.340692e+02
      vertex   -7.214291e+00 1.130738e+02 2.360167e+02
      vertex   -7.236058e+00 1.129550e+02 2.360167e+02
    endloop
  endfacet
  facet normal 9.699945e-01 -2.431259e-01 -6.183565e-04
    outer loop
      vertex   -7.226215e+00 1.129992e+02 2.340692e+02
      vertex   -7.236058e+00 1.129550e+02 2.360167e+02
      vertex   -7.250060e+00 1.129040e+02 2.340931e+02
    endloop
  endfacet
  facet normal 9.547205e-01 -2.975029e-01 9.336260e-04
    outer loop
      vertex   -7.250060e+00 1.129040e+02 2.340931e+02
      vertex   -7.236058e+00 1.129550e+02 2.360167e+02
      vertex   -7.271984e+00 1.128397e+02 2.360167e+02
    endloop
  endfacet
  facet normal 9.414826e-01 -3.370611e-01 -5.399680e-04
    outer loop
      vertex   -7.250060e+00 1.129040e+02 2.340931e+02
      vertex   -7.271984e+00 1.128397e+02 2.360167e+02
      vertex   -7.283120e+00 1.128116e+02 2.341261e+02
    endloop
  endfacet
  facet normal 9.118996e-01 -4.104127e-01 7.237220e-04
    outer loop
      vertex   -7.283120e+00 1.128116e+02 2.341261e+02
      vertex   -7.271984e+00 1.128397e+02 2.360167e+02
      vertex   -7.321544e+00 1.127296e+02 2.360167e+02
    endloop
  endfacet
  facet normal 9.039555e-01 -4.276265e-01 -1.847215e-04
    outer loop
      vertex   -7.283120e+00 1.128116e+02 2.341261e+02
      vertex   -7.321544e+00 1.127296e+02 2.360167e+02
      vertex   -7.325079e+00 1.127229e+02 2.341681e+02
    endloop
  endfacet
  facet normal 8.577855e-01 -5.140077e-01 2.154060e-04
    outer loop
      vertex   -7.325079e+00 1.127229e+02 2.341681e+02
      vertex   -7.321544e+00 1.127296e+02 2.360167e+02
      vertex   -7.375530e+00 1.126387e+02 2.342185e+02
    endloop
  endfacet
  facet normal 8.557812e-01 -5.173378e-01 4.438253e-04
    outer loop
      vertex   -7.375530e+00 1.126387e+02 2.342185e+02
      vertex   -7.321544e+00 1.127296e+02 2.360167e+02
      vertex   -7.384016e+00 1.126262e+02 2.360167e+02
    endloop
  endfacet
  facet normal 8.030831e-01 -5.958670e-01 -3.505345e-04
    outer loop
      vertex   -7.375530e+00 1.126387e+02 2.342185e+02
      vertex   -7.384016e+00 1.126262e+02 2.360167e+02
      vertex   -7.433990e+00 1.125599e+02 2.342770e+02
    endloop
  endfacet
  facet normal 7.871832e-01 -6.167186e-01 9.012106e-04
    outer loop
      vertex   -7.433990e+00 1.125599e+02 2.342770e+02
      vertex   -7.384016e+00 1.126262e+02 2.360167e+02
      vertex   -7.458489e+00 1.125312e+02 2.360167e+02
    endloop
  endfacet
  facet normal 7.406509e-01 -6.718897e-01 -6.652058e-04
    outer loop
      vertex   -7.433990e+00 1.125599e+02 2.342770e+02
      vertex   -7.458489e+00 1.125312e+02 2.360167e+02
      vertex   -7.499893e+00 1.124872e+02 2.343429e+02
    endloop
  endfacet
  facet normal 7.071064e-01 -7.071064e-01 1.090019e-03
    outer loop
      vertex   -7.499893e+00 1.124872e+02 2.343429e+02
      vertex   -7.458489e+00 1.125312e+02 2.360167e+02
      vertex   -7.543877e+00 1.124458e+02 2.360167e+02
    endloop
  endfacet
  facet normal 6.711744e-01 -7.412992e-01 -7.000414e-04
    outer loop
      vertex   -7.499893e+00 1.124872e+02 2.343429e+02
      vertex   -7.543877e+00 1.124458e+02 2.360167e+02
      vertex   -7.572607e+00 1.124213e+02 2.344156e+02
    endloop
  endfacet
  facet normal 6.167186e-01 -7.871831e-01 9.792358e-04
    outer loop
      vertex   -7.572607e+00 1.124213e+02 2.344156e+02
      vertex   -7.543877e+00 1.124458e+02 2.360167e+02
      vertex   -7.638935e+00 1.123713e+02 2.360167e+02
    endloop
  endfacet
  facet normal 5.954355e-01 -8.034030e-01 -4.087427e-04
    outer loop
      vertex   -7.572607e+00 1.124213e+02 2.344156e+02
      vertex   -7.638935e+00 1.123713e+02 2.360167e+02
      vertex   -7.651430e+00 1.123628e+02 2.344944e+02
    endloop
  endfacet
  facet normal 5.173377e-01 -8.557812e-01 5.242668e-04
    outer loop
      vertex   -7.651430e+00 1.123628e+02 2.344944e+02
      vertex   -7.638935e+00 1.123713e+02 2.360167e+02
      vertex   -7.742277e+00 1.123088e+02 2.360167e+02
    endloop
  endfacet
  facet normal 5.143078e-01 -8.576056e-01 2.787325e-04
    outer loop
      vertex   -7.651430e+00 1.123628e+02 2.344944e+02
      vertex   -7.742277e+00 1.123088e+02 2.360167e+02
      vertex   -7.735603e+00 1.123124e+02 2.345786e+02
    endloop
  endfacet
  facet normal 4.273598e-01 -9.040816e-01 -2.390018e-04
    outer loop
      vertex   -7.735603e+00 1.123124e+02 2.345786e+02
      vertex   -7.742277e+00 1.123088e+02 2.360167e+02
      vertex   -7.824317e+00 1.122704e+02 2.346673e+02
    endloop
  endfacet
  facet normal 4.104126e-01 -9.118994e-01 1.013992e-03
    outer loop
      vertex   -7.824317e+00 1.122704e+02 2.346673e+02
      vertex   -7.742277e+00 1.123088e+02 2.360167e+02
      vertex   -7.852395e+00 1.122593e+02 2.360167e+02
    endloop
  endfacet
  facet normal 3.362009e-01 -9.417900e-01 -7.769746e-04
    outer loop
      vertex   -7.824317e+00 1.122704e+02 2.346673e+02
      vertex   -7.852395e+00 1.122593e+02 2.360167e+02
      vertex   -7.916715e+00 1.122374e+02 2.347597e+02
    endloop
  endfacet
  facet normal 2.975028e-01 -9.547199e-01 1.428797e-03
    outer loop
      vertex   -7.916715e+00 1.122374e+02 2.347597e+02
      vertex   -7.852395e+00 1.122593e+02 2.360167e+02
      vertex   -7.967684e+00 1.122233e+02 2.360167e+02
    endloop
  endfacet
  facet normal 2.420454e-01 -9.702644e-01 -9.931345e-04
    outer loop
      vertex   -7.916715e+00 1.122374e+02 2.347597e+02
      vertex   -7.967684e+00 1.122233e+02 2.360167e+02
      vertex   -8.011910e+00 1.122135e+02 2.348549e+02
    endloop
  endfacet
  facet normal 1.802548e-01 -9.836188e-01 1.472239e-03
    outer loop
      vertex   -8.011910e+00 1.122135e+02 2.348549e+02
      vertex   -7.967684e+00 1.122233e+02 2.360167e+02
      vertex   -8.086463e+00 1.122016e+02 2.360167e+02
    endloop
  endfacet
  facet normal 1.459606e-01 -9.892901e-01 -7.867395e-04
    outer loop
      vertex   -8.011910e+00 1.122135e+02 2.348549e+02
      vertex   -8.086463e+00 1.122016e+02 2.360167e+02
      vertex   -8.108983e+00 1.121991e+02 2.349520e+02
    endloop
  endfacet
  facet normal 5.032266e-02 -9.987322e-01 1.258092e-03
    outer loop
      vertex   -8.108983e+00 1.121991e+02 2.349520e+02
      vertex   -8.086463e+00 1.122016e+02 2.360167e+02
      vertex   -8.207000e+00 1.121943e+02 2.350500e+02
    endloop
  endfacet
  facet normal 6.037850e-02 -9.981756e-01 0.000000e+00
    outer loop
      vertex   -8.207000e+00 1.121943e+02 2.350500e+02
      vertex   -8.086463e+00 1.122016e+02 2.360167e+02
      vertex   -8.086463e+00 1.122016e+02 2.379833e+02
    endloop
  endfacet
  facet normal 7.706414e-02 -9.970259e-01 -6.885050e-04
    outer loop
      vertex   -8.207000e+00 1.121943e+02 2.350500e+02
      vertex   -8.086463e+00 1.122016e+02 2.379833e+02
      vertex   -8.108983e+00 1.121991e+02 2.390480e+02
    endloop
  endfacet
  facet normal 1.459606e-01 -9.892901e-01 7.867395e-04
    outer loop
      vertex   -8.108983e+00 1.121991e+02 2.390480e+02
      vertex   -8.086463e+00 1.122016e+02 2.379833e+02
      vertex   -8.011910e+00 1.122135e+02 2.391451e+02
    endloop
  endfacet
  facet normal 1.802548e-01 -9.836188e-01 -1.472239e-03
    outer loop
      vertex   -8.011910e+00 1.122135e+02 2.391451e+02
      vertex   -8.086463e+00 1.122016e+02 2.379833e+02
      vertex   -7.967684e+00 1.122233e+02 2.379833e+02
    endloop
  endfacet
  facet normal 2.420454e-01 -9.702644e-01 9.931345e-04
    outer loop
      vertex   -8.011910e+00 1.122135e+02 2.391451e+02
      vertex   -7.967684e+00 1.122233e+02 2.379833e+02
      vertex   -7.916715e+00 1.122374e+02 2.392403e+02
    endloop
  endfacet
  facet normal 2.975028e-01 -9.547199e-01 -1.428797e-03
    outer loop
      vertex   -7.916715e+00 1.122374e+02 2.392403e+02
      vertex   -7.967684e+00 1.122233e+02 2.379833e+02
      vertex   -7.852395e+00 1.122593e+02 2.379833e+02
    endloop
  endfacet
  facet normal 3.362009e-01 -9.417900e-01 7.769746e-04
    outer loop
      vertex   -7.916715e+00 1.122374e+02 2.392403e+02
      vertex   -7.852395e+00 1.122593e+02 2.379833e+02
      vertex   -7.824317e+00 1.122704e+02 2.393327e+02
    endloop
  endfacet
  facet normal 4.104126e-01 -9.118994e-01 -1.013992e-03
    outer loop
      vertex   -7.824317e+00 1.122704e+02 2.393327e+02
      vertex   -7.852395e+00 1.122593e+02 2.379833e+02
      vertex   -7.742277e+00 1.123088e+02 2.379833e+02
    endloop
  endfacet
  facet normal 4.273598e-01 -9.040816e-01 2.390018e-04
    outer loop
      vertex   -7.824317e+00 1.122704e+02 2.393327e+02
      vertex   -7.742277e+00 1.123088e+02 2.379833e+02
      vertex   -7.735603e+00 1.123124e+02 2.394214e+02
    endloop
  endfacet
  facet normal 5.143078e-01 -8.576056e-01 -2.787325e-04
    outer loop
      vertex   -7.735603e+00 1.123124e+02 2.394214e+02
      vertex   -7.742277e+00 1.123088e+02 2.379833e+02
      vertex   -7.651430e+00 1.123628e+02 2.395056e+02
    endloop
  endfacet
  facet normal 5.173377e-01 -8.557812e-01 -5.242668e-04
    outer loop
      vertex   -7.651430e+00 1.123628e+02 2.395056e+02
      vertex   -7.742277e+00 1.123088e+02 2.379833e+02
      vertex   -7.638935e+00 1.123713e+02 2.379833e+02
    endloop
  endfacet
  facet normal 5.954355e-01 -8.034030e-01 4.087427e-04
    outer loop
      vertex   -7.651430e+00 1.123628e+02 2.395056e+02
      vertex   -7.638935e+00 1.123713e+02 2.379833e+02
      vertex   -7.572607e+00 1.124213e+02 2.395844e+02
    endloop
  endfacet
  facet normal 6.167186e-01 -7.871831e-01 -9.792358e-04
    outer loop
      vertex   -7.572607e+00 1.124213e+02 2.395844e+02
      vertex   -7.638935e+00 1.123713e+02 2.379833e+02
      vertex   -7.543877e+00 1.124458e+02 2.379833e+02
    endloop
  endfacet
  facet normal 6.711744e-01 -7.412992e-01 7.000414e-04
    outer loop
      vertex   -7.572607e+00 1.124213e+02 2.395844e+02
      vertex   -7.543877e+00 1.124458e+02 2.379833e+02
      vertex   -7.499893e+00 1.124872e+02 2.396571e+02
    endloop
  endfacet
  facet normal 7.071064e-01 -7.071064e-01 -1.090019e-03
    outer loop
      vertex   -7.499893e+00 1.124872e+02 2.396571e+02
      vertex   -7.543877e+00 1.124458e+02 2.379833e+02
      vertex   -7.458489e+00 1.125312e+02 2.379833e+02
    endloop
  endfacet
  facet normal 7.406509e-01 -6.718897e-01 6.652058e-04
    outer loop
      vertex   -7.499893e+00 1.124872e+02 2.396571e+02
      vertex   -7.458489e+00 1.125312e+02 2.379833e+02
      vertex   -7.433990e+00 1.125599e+02 2.397230e+02
    endloop
  endfacet
  facet normal 7.871832e-01 -6.167186e-01 -9.012106e-04
    outer loop
      vertex   -7.433990e+00 1.125599e+02 2.397230e+02
      vertex   -7.458489e+00 1.125312e+02 2.379833e+02
      vertex   -7.384016e+00 1.126262e+02 2.379833e+02
    endloop
  endfacet
  facet normal 8.030831e-01 -5.958670e-01 3.505345e-04
    outer loop
      vertex   -7.433990e+00 1.125599e+02 2.397230e+02
      vertex   -7.384016e+00 1.126262e+02 2.379833e+02
      vertex   -7.375530e+00 1.126387e+02 2.397815e+02
    endloop
  endfacet
  facet normal 8.557812e-01 -5.173378e-01 -4.438253e-04
    outer loop
      vertex   -7.375530e+00 1.126387e+02 2.397815e+02
      vertex   -7.384016e+00 1.126262e+02 2.379833e+02
      vertex   -7.321544e+00 1.127296e+02 2.379833e+02
    endloop
  endfacet
  facet normal 8.577855e-01 -5.140077e-01 -2.154060e-04
    outer loop
      vertex   -7.375530e+00 1.126387e+02 2.397815e+02
      vertex   -7.321544e+00 1.127296e+02 2.379833e+02
      vertex   -7.325079e+00 1.127229e+02 2.398319e+02
    endloop
  endfacet
  facet normal 9.039555e-01 -4.276265e-01 1.847215e-04
    outer loop
      vertex   -7.325079e+00 1.127229e+02 2.398319e+02
      vertex   -7.321544e+00 1.127296e+02 2.379833e+02
      vertex   -7.283120e+00 1.128116e+02 2.398739e+02
    endloop
  endfacet
  facet normal 9.118996e-01 -4.104127e-01 -7.237220e-04
    outer loop
      vertex   -7.283120e+00 1.128116e+02 2.398739e+02
      vertex   -7.321544e+00 1.127296e+02 2.379833e+02
      vertex   -7.271984e+00 1.128397e+02 2.379833e+02
    endloop
  endfacet
  facet normal 9.414826e-01 -3.370611e-01 5.399680e-04
    outer loop
      vertex   -7.283120e+00 1.128116e+02 2.398739e+02
      vertex   -7.271984e+00 1.128397e+02 2.379833e+02
      vertex   -7.250060e+00 1.129040e+02 2.399069e+02
    endloop
  endfacet
  facet normal 9.547205e-01 -2.975029e-01 -9.336260e-04
    outer loop
      vertex   -7.250060e+00 1.129040e+02 2.399069e+02
      vertex   -7.271984e+00 1.128397e+02 2.379833e+02
      vertex   -7.236058e+00 1.129550e+02 2.379833e+02
    endloop
  endfacet
  facet normal 9.699945e-01 -2.431259e-01 6.183565e-04
    outer loop
      vertex   -7.250060e+00 1.129040e+02 2.399069e+02
      vertex   -7.236058e+00 1.129550e+02 2.379833e+02
      vertex   -7.226215e+00 1.129992e+02 2.399308e+02
    endloop
  endfacet
  facet normal 9.836195e-01 -1.802550e-01 -8.782680e-04
    outer loop
      vertex   -7.226215e+00 1.129992e+02 2.399308e+02
      vertex   -7.236058e+00 1.129550e+02 2.379833e+02
      vertex   -7.214291e+00 1.130738e+02 2.379833e+02
    endloop
  endfacet
  facet normal 9.891670e-01 -1.467938e-01 4.366784e-04
    outer loop
      vertex   -7.226215e+00 1.129992e+02 2.399308e+02
      vertex   -7.214291e+00 1.130738e+02 2.379833e+02
      vertex   -7.211815e+00 1.130963e+02 2.399452e+02
    endloop
  endfacet
  facet normal 4.906767e-02 -9.987955e-01 0.000000e+00
    outer loop
      vertex   -8.108983e+00 1.121991e+02 2.390480e+02
      vertex   -8.207000e+00 1.121943e+02 2.389500e+02
      vertex   -8.207000e+00 1.121943e+02 2.350500e+02
    endloop
  endfacet
  facet normal 9.987955e-01 -4.906767e-02 0.000000e+00
    outer loop
      vertex   -7.211815e+00 1.130963e+02 2.340548e+02
      vertex   -7.207000e+00 1.131943e+02 2.340500e+02
      vertex   -7.207000e+00 1.131943e+02 2.399500e+02
    endloop
  endfacet
  facet normal 9.836199e-01 -1.802550e-01 0.000000e+00
    outer loop
      vertex   -7.236058e+00 1.129550e+02 2.360167e+02
      vertex   -7.214291e+00 1.130738e+02 2.360167e+02
      vertex   -7.214291e+00 1.130738e+02 2.379833e+02
    endloop
  endfacet
  facet normal 9.547209e-01 -2.975031e-01 0.000000e+00
    outer loop
      vertex   -7.271984e+00 1.128397e+02 2.360167e+02
      vertex   -7.236058e+00 1.129550e+02 2.360167e+02
      vertex   -7.236058e+00 1.129550e+02 2.379833e+02
    endloop
  endfacet
  facet normal 9.836199e-01 -1.802550e-01 0.000000e+00
    outer loop
      vertex   -7.236058e+00 1.129550e+02 2.379833e+02
      vertex   -7.236058e+00 1.129550e+02 2.360167e+02
      vertex   -7.214291e+00 1.130738e+02 2.379833e+02
    endloop
  endfacet
  facet normal 9.118998e-01 -4.104128e-01 0.000000e+00
    outer loop
      vertex   -7.321544e+00 1.127296e+02 2.360167e+02
      vertex   -7.271984e+00 1.128397e+02 2.360167e+02
      vertex   -7.271984e+00 1.128397e+02 2.379833e+02
    endloop
  endfacet
  facet normal 9.547209e-01 -2.975031e-01 0.000000e+00
    outer loop
      vertex   -7.271984e+00 1.128397e+02 2.379833e+02
      vertex   -7.271984e+00 1.128397e+02 2.360167e+02
      vertex   -7.236058e+00 1.129550e+02 2.379833e+02
    endloop
  endfacet
  facet normal 8.557813e-01 -5.173378e-01 0.000000e+00
    outer loop
      vertex   -7.384016e+00 1.126262e+02 2.360167e+02
      vertex   -7.321544e+00 1.127296e+02 2.360167e+02
      vertex   -7.321544e+00 1.127296e+02 2.379833e+02
    endloop
  endfacet
  facet normal 9.118998e-01 -4.104128e-01 0.000000e+00
    outer loop
      vertex   -7.321544e+00 1.127296e+02 2.379833e+02
      vertex   -7.321544e+00 1.127296e+02 2.360167e+02
      vertex   -7.271984e+00 1.128397e+02 2.379833e+02
    endloop
  endfacet
  facet normal 7.871835e-01 -6.167189e-01 0.000000e+00
    outer loop
      vertex   -7.458489e+00 1.125312e+02 2.360167e+02
      vertex   -7.384016e+00 1.126262e+02 2.360167e+02
      vertex   -7.384016e+00 1.126262e+02 2.379833e+02
    endloop
  endfacet
  facet normal 8.557813e-01 -5.173378e-01 0.000000e+00
    outer loop
      vertex   -7.384016e+00 1.126262e+02 2.379833e+02
      vertex   -7.384016e+00 1.126262e+02 2.360167e+02
      vertex   -7.321544e+00 1.127296e+02 2.379833e+02
    endloop
  endfacet
  facet normal 7.071068e-01 -7.071068e-01 0.000000e+00
    outer loop
      vertex   -7.543877e+00 1.124458e+02 2.360167e+02
      vertex   -7.458489e+00 1.125312e+02 2.360167e+02
      vertex   -7.458489e+00 1.125312e+02 2.379833e+02
    endloop
  endfacet
  facet normal 7.871835e-01 -6.167189e-01 0.000000e+00
    outer loop
      vertex   -7.458489e+00 1.125312e+02 2.379833e+02
      vertex   -7.458489e+00 1.125312e+02 2.360167e+02
      vertex   -7.384016e+00 1.126262e+02 2.379833e+02
    endloop
  endfacet
  facet normal 6.167189e-01 -7.871835e-01 0.000000e+00
    outer loop
      vertex   -7.638935e+00 1.123713e+02 2.360167e+02
      vertex   -7.543877e+00 1.124458e+02 2.360167e+02
      vertex   -7.543877e+00 1.124458e+02 2.379833e+02
    endloop
  endfacet
  facet normal 7.071068e-01 -7.071068e-01 0.000000e+00
    outer loop
      vertex   -7.543877e+00 1.124458e+02 2.379833e+02
      vertex   -7.543877e+00 1.124458e+02 2.360167e+02
      vertex   -7.458489e+00 1.125312e+02 2.379833e+02
    endloop
  endfacet
  facet normal 5.173378e-01 -8.557813e-01 0.000000e+00
    outer loop
      vertex   -7.742277e+00 1.123088e+02 2.360167e+02
      vertex   -7.638935e+00 1.123713e+02 2.360167e+02
      vertex   -7.638935e+00 1.123713e+02 2.379833e+02
    endloop
  endfacet
  facet normal 6.167189e-01 -7.871835e-01 0.000000e+00
    outer loop
      vertex   -7.638935e+00 1.123713e+02 2.379833e+02
      vertex   -7.638935e+00 1.123713e+02 2.360167e+02
      vertex   -7.543877e+00 1.124458e+02 2.379833e+02
    endloop
  endfacet
  facet normal 4.104128e-01 -9.118998e-01 0.000000e+00
    outer loop
      vertex   -7.852395e+00 1.122593e+02 2.360167e+02
      vertex   -7.742277e+00 1.123088e+02 2.360167e+02
      vertex   -7.742277e+00 1.123088e+02 2.379833e+02
    endloop
  endfacet
  facet normal 5.173378e-01 -8.557813e-01 0.000000e+00
    outer loop
      vertex   -7.742277e+00 1.123088e+02 2.379833e+02
      vertex   -7.742277e+00 1.123088e+02 2.360167e+02
      vertex   -7.638935e+00 1.123713e+02 2.379833e+02
    endloop
  endfacet
  facet normal 2.975031e-01 -9.547209e-01 0.000000e+00
    outer loop
      vertex   -7.967684e+00 1.122233e+02 2.360167e+02
      vertex   -7.852395e+00 1.122593e+02 2.360167e+02
      vertex   -7.852395e+00 1.122593e+02 2.379833e+02
    endloop
  endfacet
  facet normal 4.104128e-01 -9.118998e-01 0.000000e+00
    outer loop
      vertex   -7.852395e+00 1.122593e+02 2.379833e+02
      vertex   -7.852395e+00 1.122593e+02 2.360167e+02
      vertex   -7.742277e+00 1.123088e+02 2.379833e+02
    endloop
  endfacet
  facet normal 1.802550e-01 -9.836199e-01 0.000000e+00
    outer loop
      vertex   -8.086463e+00 1.122016e+02 2.360167e+02
      vertex   -7.967684e+00 1.122233e+02 2.360167e+02
      vertex   -7.967684e+00 1.122233e+02 2.379833e+02
    endloop
  endfacet
  facet normal 2.975031e-01 -9.547209e-01 0.000000e+00
    outer loop
      vertex   -7.967684e+00 1.122233e+02 2.379833e+02
      vertex   -7.967684e+00 1.122233e+02 2.360167e+02
      vertex   -7.852395e+00 1.122593e+02 2.379833e+02
    endloop
  endfacet
  facet normal 1.802550e-01 -9.836199e-01 0.000000e+00
    outer loop
      vertex   -8.086463e+00 1.122016e+02 2.379833e+02
      vertex   -8.086463e+00 1.122016e+02 2.360167e+02
      vertex   -7.967684e+00 1.122233e+02 2.379833e+02
    endloop
  endfacet
  facet normal 1.000000e+00 -0.000000e+00 0.000000e+00
    outer loop
      vertex   -7.207000e+00 1.131943e+02 2.399500e+02
      vertex   -7.207000e+00 1.131943e+02 2.340500e+02
      vertex   -7.207000e+00 1.151943e+02 2.399500e+02
    endloop
  endfacet
  facet normal 1.000000e+00 0.000000e+00 0.000000e+00
    outer loop
      vertex   -7.207000e+00 1.151943e+02 2.399500e+02
      vertex   -7.207000e+00 1.131943e+02 2.340500e+02
      vertex   -7.207000e+00 1.151943e+02 2.340500e+02
    endloop
  endfacet
  facet normal -6.095556e-04 -4.903779e-02 -9.987967e-01
    outer loop
      vertex   -7.211815e+00 1.130963e+02 2.340548e+02
      vertex   -9.457000e+00 1.130738e+02 2.340573e+02
      vertex   -7.207000e+00 1.131943e+02 2.340500e+02
    endloop
  endfacet
  facet normal 4.168315e-04 -6.812910e-02 -9.976764e-01
    outer loop
      vertex   -7.207000e+00 1.131943e+02 2.340500e+02
      vertex   -9.457000e+00 1.130738e+02 2.340573e+02
      vertex   -1.170218e+01 1.130963e+02 2.340548e+02
    endloop
  endfacet
  facet normal -0.000000e+00 -4.906767e-02 -9.987955e-01
    outer loop
      vertex   -7.207000e+00 1.131943e+02 2.340500e+02
      vertex   -1.170218e+01 1.130963e+02 2.340548e+02
      vertex   -1.170700e+01 1.131943e+02 2.340500e+02
    endloop
  endfacet
  facet normal 3.814897e-04 -1.467858e-01 -9.891682e-01
    outer loop
      vertex   -7.211815e+00 1.130963e+02 2.340548e+02
      vertex   -7.226215e+00 1.129992e+02 2.340692e+02
      vertex   -9.457000e+00 1.130738e+02 2.340573e+02
    endloop
  endfacet
  facet normal -7.667187e-04 -1.802550e-01 -9.836196e-01
    outer loop
      vertex   -9.457000e+00 1.130738e+02 2.340573e+02
      vertex   -7.226215e+00 1.129992e+02 2.340692e+02
      vertex   -9.457000e+00 1.129550e+02 2.340791e+02
    endloop
  endfacet
  facet normal 7.667187e-04 -1.802550e-01 -9.836196e-01
    outer loop
      vertex   -9.457000e+00 1.130738e+02 2.340573e+02
      vertex   -9.457000e+00 1.129550e+02 2.340791e+02
      vertex   -1.168779e+01 1.129992e+02 2.340692e+02
    endloop
  endfacet
  facet normal -5.394294e-04 -2.431073e-01 -9.699993e-01
    outer loop
      vertex   -1.168779e+01 1.129992e+02 2.340692e+02
      vertex   -9.457000e+00 1.129550e+02 2.340791e+02
      vertex   -1.166394e+01 1.129040e+02 2.340931e+02
    endloop
  endfacet
  facet normal 8.137645e-04 -2.975030e-01 -9.547206e-01
    outer loop
      vertex   -1.166394e+01 1.129040e+02 2.340931e+02
      vertex   -9.457000e+00 1.129550e+02 2.340791e+02
      vertex   -9.457000e+00 1.128397e+02 2.341150e+02
    endloop
  endfacet
  facet normal -4.699189e-04 -3.370389e-01 -9.414906e-01
    outer loop
      vertex   -1.166394e+01 1.129040e+02 2.340931e+02
      vertex   -9.457000e+00 1.128397e+02 2.341150e+02
      vertex   -1.163088e+01 1.128116e+02 2.341261e+02
    endloop
  endfacet
  facet normal 6.293955e-04 -4.104127e-01 -9.118997e-01
    outer loop
      vertex   -1.163088e+01 1.128116e+02 2.341261e+02
      vertex   -9.457000e+00 1.128397e+02 2.341150e+02
      vertex   -9.457000e+00 1.127296e+02 2.341645e+02
    endloop
  endfacet
  facet normal -1.602090e-04 -4.276170e-01 -9.039600e-01
    outer loop
      vertex   -1.163088e+01 1.128116e+02 2.341261e+02
      vertex   -9.457000e+00 1.127296e+02 2.341645e+02
      vertex   -1.158892e+01 1.127229e+02 2.341681e+02
    endloop
  endfacet
  facet normal 1.868304e-04 -5.140203e-01 -8.577780e-01
    outer loop
      vertex   -1.158892e+01 1.127229e+02 2.341681e+02
      vertex   -9.457000e+00 1.127296e+02 2.341645e+02
      vertex   -1.153847e+01 1.126387e+02 2.342185e+02
    endloop
  endfacet
  facet normal 3.834110e-04 -5.173378e-01 -8.557812e-01
    outer loop
      vertex   -1.153847e+01 1.126387e+02 2.342185e+02
      vertex   -9.457000e+00 1.127296e+02 2.341645e+02
      vertex   -9.457000e+00 1.126262e+02 2.342270e+02
    endloop
  endfacet
  facet normal -3.026121e-04 -5.958441e-01 -8.031001e-01
    outer loop
      vertex   -1.153847e+01 1.126387e+02 2.342185e+02
      vertex   -9.457000e+00 1.126262e+02 2.342270e+02
      vertex   -1.148001e+01 1.125599e+02 2.342770e+02
    endloop
  endfacet
  facet normal 7.749913e-04 -6.167187e-01 -7.871832e-01
    outer loop
      vertex   -1.148001e+01 1.125599e+02 2.342770e+02
      vertex   -9.457000e+00 1.126262e+02 2.342270e+02
      vertex   -9.457000e+00 1.125312e+02 2.343015e+02
    endloop
  endfacet
  facet normal -5.708583e-04 -6.718429e-01 -7.406935e-01
    outer loop
      vertex   -1.148001e+01 1.125599e+02 2.342770e+02
      vertex   -9.457000e+00 1.125312e+02 2.343015e+02
      vertex   -1.141411e+01 1.124872e+02 2.343429e+02
    endloop
  endfacet
  facet normal 9.322154e-04 -7.071065e-01 -7.071065e-01
    outer loop
      vertex   -1.141411e+01 1.124872e+02 2.343429e+02
      vertex   -9.457000e+00 1.125312e+02 2.343015e+02
      vertex   -9.457000e+00 1.124458e+02 2.343869e+02
    endloop
  endfacet
  facet normal -5.963238e-04 -7.412476e-01 -6.712314e-01
    outer loop
      vertex   -1.141411e+01 1.124872e+02 2.343429e+02
      vertex   -9.457000e+00 1.124458e+02 2.343869e+02
      vertex   -1.134139e+01 1.124213e+02 2.344156e+02
    endloop
  endfacet
  facet normal 8.320001e-04 -7.871832e-01 -6.167187e-01
    outer loop
      vertex   -1.134139e+01 1.124213e+02 2.344156e+02
      vertex   -9.457000e+00 1.124458e+02 2.343869e+02
      vertex   -9.457000e+00 1.123713e+02 2.344819e+02
    endloop
  endfacet
  facet normal -3.450298e-04 -8.033725e-01 -5.954767e-01
    outer loop
      vertex   -1.134139e+01 1.124213e+02 2.344156e+02
      vertex   -9.457000e+00 1.123713e+02 2.344819e+02
      vertex   -1.126257e+01 1.123628e+02 2.344944e+02
    endloop
  endfacet
  facet normal 4.419980e-04 -8.557812e-01 -5.173378e-01
    outer loop
      vertex   -1.126257e+01 1.123628e+02 2.344944e+02
      vertex   -9.457000e+00 1.123713e+02 2.344819e+02
      vertex   -9.457000e+00 1.123088e+02 2.345853e+02
    endloop
  endfacet
  facet normal 2.326815e-04 -8.576260e-01 -5.142739e-01
    outer loop
      vertex   -1.126257e+01 1.123628e+02 2.344944e+02
      vertex   -9.457000e+00 1.123088e+02 2.345853e+02
      vertex   -1.117840e+01 1.123124e+02 2.345786e+02
    endloop
  endfacet
  facet normal -1.995068e-04 -9.040664e-01 -4.273920e-01
    outer loop
      vertex   -1.117840e+01 1.123124e+02 2.345786e+02
      vertex   -9.457000e+00 1.123088e+02 2.345853e+02
      vertex   -1.108968e+01 1.122704e+02 2.346673e+02
    endloop
  endfacet
  facet normal 8.380252e-04 -9.118995e-01 -4.104127e-01
    outer loop
      vertex   -1.108968e+01 1.122704e+02 2.346673e+02
      vertex   -9.457000e+00 1.123088e+02 2.345853e+02
      vertex   -9.457000e+00 1.122593e+02 2.346954e+02
    endloop
  endfacet
  facet normal -6.397507e-04 -9.417466e-01 -3.363226e-01
    outer loop
      vertex   -1.108968e+01 1.122704e+02 2.346673e+02
      vertex   -9.457000e+00 1.122593e+02 2.346954e+02
      vertex   -1.099728e+01 1.122374e+02 2.347597e+02
    endloop
  endfacet
  facet normal 1.165972e-03 -9.547202e-01 -2.975029e-01
    outer loop
      vertex   -1.099728e+01 1.122374e+02 2.347597e+02
      vertex   -9.457000e+00 1.122593e+02 2.346954e+02
      vertex   -9.457000e+00 1.122233e+02 2.348107e+02
    endloop
  endfacet
  facet normal -8.041600e-04 -9.702202e-01 -2.422233e-01
    outer loop
      vertex   -1.099728e+01 1.122374e+02 2.347597e+02
      vertex   -9.457000e+00 1.122233e+02 2.348107e+02
      vertex   -1.090209e+01 1.122135e+02 2.348549e+02
    endloop
  endfacet
  facet normal 1.183583e-03 -9.836192e-01 -1.802549e-01
    outer loop
      vertex   -1.090209e+01 1.122135e+02 2.348549e+02
      vertex   -9.457000e+00 1.122233e+02 2.348107e+02
      vertex   -9.457000e+00 1.122016e+02 2.349295e+02
    endloop
  endfacet
  facet normal -6.240807e-04 -9.892667e-01 -1.461198e-01
    outer loop
      vertex   -1.090209e+01 1.122135e+02 2.348549e+02
      vertex   -9.457000e+00 1.122016e+02 2.349295e+02
      vertex   -1.080502e+01 1.121991e+02 2.349520e+02
    endloop
  endfacet
  facet normal 9.980182e-04 -9.987456e-01 -5.006324e-02
    outer loop
      vertex   -1.080502e+01 1.121991e+02 2.349520e+02
      vertex   -9.457000e+00 1.122016e+02 2.349295e+02
      vertex   -1.070700e+01 1.121943e+02 2.350500e+02
    endloop
  endfacet
  facet normal -7.025513e-04 -9.977098e-01 -6.763598e-02
    outer loop
      vertex   -1.070700e+01 1.121943e+02 2.350500e+02
      vertex   -9.457000e+00 1.122016e+02 2.349295e+02
      vertex   -8.108983e+00 1.121991e+02 2.349520e+02
    endloop
  endfacet
  facet normal 0.000000e+00 -9.987955e-01 -4.906767e-02
    outer loop
      vertex   -1.070700e+01 1.121943e+02 2.350500e+02
      vertex   -8.108983e+00 1.121991e+02 2.349520e+02
      vertex   -8.207000e+00 1.121943e+02 2.350500e+02
    endloop
  endfacet
  facet normal 5.394294e-04 -2.431073e-01 -9.699993e-01
    outer loop
      vertex   -7.226215e+00 1.129992e+02 2.340692e+02
      vertex   -7.250060e+00 1.129040e+02 2.340931e+02
      vertex   -9.457000e+00 1.129550e+02 2.340791e+02
    endloop
  endfacet
  facet normal -8.137645e-04 -2.975030e-01 -9.547206e-01
    outer loop
      vertex   -9.457000e+00 1.129550e+02 2.340791e+02
      vertex   -7.250060e+00 1.129040e+02 2.340931e+02
      vertex   -9.457000e+00 1.128397e+02 2.341150e+02
    endloop
  endfacet
  facet normal 4.699189e-04 -3.370389e-01 -9.414906e-01
    outer loop
      vertex   -7.250060e+00 1.129040e+02 2.340931e+02
      vertex   -7.283120e+00 1.128116e+02 2.341261e+02
      vertex   -9.457000e+00 1.128397e+02 2.341150e+02
    endloop
  endfacet
  facet normal -6.293955e-04 -4.104127e-01 -9.118997e-01
    outer loop
      vertex   -9.457000e+00 1.128397e+02 2.341150e+02
      vertex   -7.283120e+00 1.128116e+02 2.341261e+02
      vertex   -9.457000e+00 1.127296e+02 2.341645e+02
    endloop
  endfacet
  facet normal 1.602090e-04 -4.276170e-01 -9.039600e-01
    outer loop
      vertex   -7.283120e+00 1.128116e+02 2.341261e+02
      vertex   -7.325079e+00 1.127229e+02 2.341681e+02
      vertex   -9.457000e+00 1.127296e+02 2.341645e+02
    endloop
  endfacet
  facet normal -1.868304e-04 -5.140203e-01 -8.577780e-01
    outer loop
      vertex   -9.457000e+00 1.127296e+02 2.341645e+02
      vertex   -7.325079e+00 1.127229e+02 2.341681e+02
      vertex   -7.375530e+00 1.126387e+02 2.342185e+02
    endloop
  endfacet
  facet normal -3.834110e-04 -5.173378e-01 -8.557812e-01
    outer loop
      vertex   -9.457000e+00 1.127296e+02 2.341645e+02
      vertex   -7.375530e+00 1.126387e+02 2.342185e+02
      vertex   -9.457000e+00 1.126262e+02 2.342270e+02
    endloop
  endfacet
  facet normal 3.026121e-04 -5.958441e-01 -8.031001e-01
    outer loop
      vertex   -9.457000e+00 1.126262e+02 2.342270e+02
      vertex   -7.375530e+00 1.126387e+02 2.342185e+02
      vertex   -7.433990e+00 1.125599e+02 2.342770e+02
    endloop
  endfacet
  facet normal -7.749913e-04 -6.167187e-01 -7.871832e-01
    outer loop
      vertex   -9.457000e+00 1.126262e+02 2.342270e+02
      vertex   -7.433990e+00 1.125599e+02 2.342770e+02
      vertex   -9.457000e+00 1.125312e+02 2.343015e+02
    endloop
  endfacet
  facet normal 5.708583e-04 -6.718429e-01 -7.406935e-01
    outer loop
      vertex   -9.457000e+00 1.125312e+02 2.343015e+02
      vertex   -7.433990e+00 1.125599e+02 2.342770e+02
      vertex   -7.499893e+00 1.124872e+02 2.343429e+02
    endloop
  endfacet
  facet normal -9.322154e-04 -7.071065e-01 -7.071065e-01
    outer loop
      vertex   -9.457000e+00 1.125312e+02 2.343015e+02
      vertex   -7.499893e+00 1.124872e+02 2.343429e+02
      vertex   -9.457000e+00 1.124458e+02 2.343869e+02
    endloop
  endfacet
  facet normal 5.963238e-04 -7.412476e-01 -6.712314e-01
    outer loop
      vertex   -9.457000e+00 1.124458e+02 2.343869e+02
      vertex   -7.499893e+00 1.124872e+02 2.343429e+02
      vertex   -7.572607e+00 1.124213e+02 2.344156e+02
    endloop
  endfacet
  facet normal -8.320001e-04 -7.871832e-01 -6.167187e-01
    outer loop
      vertex   -9.457000e+00 1.124458e+02 2.343869e+02
      vertex   -7.572607e+00 1.124213e+02 2.344156e+02
      vertex   -9.457000e+00 1.123713e+02 2.344819e+02
    endloop
  endfacet
  facet normal 3.450298e-04 -8.033725e-01 -5.954767e-01
    outer loop
      vertex   -9.457000e+00 1.123713e+02 2.344819e+02
      vertex   -7.572607e+00 1.124213e+02 2.344156e+02
      vertex   -7.651430e+00 1.123628e+02 2.344944e+02
    endloop
  endfacet
  facet normal -4.419980e-04 -8.557812e-01 -5.173378e-01
    outer loop
      vertex   -9.457000e+00 1.123713e+02 2.344819e+02
      vertex   -7.651430e+00 1.123628e+02 2.344944e+02
      vertex   -9.457000e+00 1.123088e+02 2.345853e+02
    endloop
  endfacet
  facet normal -2.326815e-04 -8.576260e-01 -5.142739e-01
    outer loop
      vertex   -9.457000e+00 1.123088e+02 2.345853e+02
      vertex   -7.651430e+00 1.123628e+02 2.344944e+02
      vertex   -7.735603e+00 1.123124e+02 2.345786e+02
    endloop
  endfacet
  facet normal 1.995068e-04 -9.040664e-01 -4.273920e-01
    outer loop
      vertex   -9.457000e+00 1.123088e+02 2.345853e+02
      vertex   -7.735603e+00 1.123124e+02 2.345786e+02
      vertex   -7.824317e+00 1.122704e+02 2.346673e+02
    endloop
  endfacet
  facet normal -8.380252e-04 -9.118995e-01 -4.104127e-01
    outer loop
      vertex   -9.457000e+00 1.123088e+02 2.345853e+02
      vertex   -7.824317e+00 1.122704e+02 2.346673e+02
      vertex   -9.457000e+00 1.122593e+02 2.346954e+02
    endloop
  endfacet
  facet normal 6.397507e-04 -9.417466e-01 -3.363226e-01
    outer loop
      vertex   -9.457000e+00 1.122593e+02 2.346954e+02
      vertex   -7.824317e+00 1.122704e+02 2.346673e+02
      vertex   -7.916715e+00 1.122374e+02 2.347597e+02
    endloop
  endfacet
  facet normal -1.165972e-03 -9.547202e-01 -2.975029e-01
    outer loop
      vertex   -9.457000e+00 1.122593e+02 2.346954e+02
      vertex   -7.916715e+00 1.122374e+02 2.347597e+02
      vertex   -9.457000e+00 1.122233e+02 2.348107e+02
    endloop
  endfacet
  facet normal 8.041600e-04 -9.702202e-01 -2.422233e-01
    outer loop
      vertex   -9.457000e+00 1.122233e+02 2.348107e+02
      vertex   -7.916715e+00 1.122374e+02 2.347597e+02
      vertex   -8.011910e+00 1.122135e+02 2.348549e+02
    endloop
  endfacet
  facet normal -1.183583e-03 -9.836192e-01 -1.802549e-01
    outer loop
      vertex   -9.457000e+00 1.122233e+02 2.348107e+02
      vertex   -8.011910e+00 1.122135e+02 2.348549e+02
      vertex   -9.457000e+00 1.122016e+02 2.349295e+02
    endloop
  endfacet
  facet normal 6.240807e-04 -9.892667e-01 -1.461198e-01
    outer loop
      vertex   -9.457000e+00 1.122016e+02 2.349295e+02
      vertex   -8.011910e+00 1.122135e+02 2.348549e+02
      vertex   -8.108983e+00 1.121991e+02 2.349520e+02
    endloop
  endfacet
  facet normal -3.814897e-04 -1.467858e-01 -9.891682e-01
    outer loop
      vertex   -1.168779e+01 1.129992e+02 2.340692e+02
      vertex   -1.170218e+01 1.130963e+02 2.340548e+02
      vertex   -9.457000e+00 1.130738e+02 2.340573e+02
    endloop
  endfacet
  facet normal -9.980182e-04 -9.987456e-01 5.006324e-02
    outer loop
      vertex   -8.108983e+00 1.121991e+02 2.390480e+02
      vertex   -9.457000e+00 1.122016e+02 2.390705e+02
      vertex   -8.207000e+00 1.121943e+02 2.389500e+02
    endloop
  endfacet
  facet normal 7.025513e-04 -9.977098e-01 6.763598e-02
    outer loop
      vertex   -8.207000e+00 1.121943e+02 2.389500e+02
      vertex   -9.457000e+00 1.122016e+02 2.390705e+02
      vertex   -1.080502e+01 1.121991e+02 2.390480e+02
    endloop
  endfacet
  facet normal 0.000000e+00 -9.987955e-01 4.906767e-02
    outer loop
      vertex   -8.207000e+00 1.121943e+02 2.389500e+02
      vertex   -1.080502e+01 1.121991e+02 2.390480e+02
      vertex   -1.070700e+01 1.121943e+02 2.389500e+02
    endloop
  endfacet
  facet normal 6.240807e-04 -9.892667e-01 1.461198e-01
    outer loop
      vertex   -8.108983e+00 1.121991e+02 2.390480e+02
      vertex   -8.011910e+00 1.122135e+02 2.391451e+02
      vertex   -9.457000e+00 1.122016e+02 2.390705e+02
    endloop
  endfacet
  facet normal -1.183583e-03 -9.836192e-01 1.802549e-01
    outer loop
      vertex   -9.457000e+00 1.122016e+02 2.390705e+02
      vertex   -8.011910e+00 1.122135e+02 2.391451e+02
      vertex   -9.457000e+00 1.122233e+02 2.391893e+02
    endloop
  endfacet
  facet normal 1.183583e-03 -9.836192e-01 1.802549e-01
    outer loop
      vertex   -9.457000e+00 1.122016e+02 2.390705e+02
      vertex   -9.457000e+00 1.122233e+02 2.391893e+02
      vertex   -1.090209e+01 1.122135e+02 2.391451e+02
    endloop
  endfacet
  facet normal -8.041600e-04 -9.702202e-01 2.422233e-01
    outer loop
      vertex   -1.090209e+01 1.122135e+02 2.391451e+02
      vertex   -9.457000e+00 1.122233e+02 2.391893e+02
      vertex   -1.099728e+01 1.122374e+02 2.392403e+02
    endloop
  endfacet
  facet normal 1.165972e-03 -9.547202e-01 2.975029e-01
    outer loop
      vertex   -1.099728e+01 1.122374e+02 2.392403e+02
      vertex   -9.457000e+00 1.122233e+02 2.391893e+02
      vertex   -9.457000e+00 1.122593e+02 2.393046e+02
    endloop
  endfacet
  facet normal -6.397507e-04 -9.417466e-01 3.363226e-01
    outer loop
      vertex   -1.099728e+01 1.122374e+02 2.392403e+02
      vertex   -9.457000e+00 1.122593e+02 2.393046e+02
      vertex   -1.108968e+01 1.122704e+02 2.393327e+02
    endloop
  endfacet
  facet normal 8.380252e-04 -9.118995e-01 4.104127e-01
    outer loop
      vertex   -1.108968e+01 1.122704e+02 2.393327e+02
      vertex   -9.457000e+00 1.122593e+02 2.393046e+02
      vertex   -9.457000e+00 1.123088e+02 2.394147e+02
    endloop
  endfacet
  facet normal -1.995068e-04 -9.040664e-01 4.273920e-01
    outer loop
      vertex   -1.108968e+01 1.122704e+02 2.393327e+02
      vertex   -9.457000e+00 1.123088e+02 2.394147e+02
      vertex   -1.117840e+01 1.123124e+02 2.394214e+02
    endloop
  endfacet
  facet normal 2.326815e-04 -8.576260e-01 5.142739e-01
    outer loop
      vertex   -1.117840e+01 1.123124e+02 2.394214e+02
      vertex   -9.457000e+00 1.123088e+02 2.394147e+02
      vertex   -1.126257e+01 1.123628e+02 2.395056e+02
    endloop
  endfacet
  facet normal 4.419980e-04 -8.557812e-01 5.173378e-01
    outer loop
      vertex   -1.126257e+01 1.123628e+02 2.395056e+02
      vertex   -9.457000e+00 1.123088e+02 2.394147e+02
      vertex   -9.457000e+00 1.123713e+02 2.395181e+02
    endloop
  endfacet
  facet normal -3.450298e-04 -8.033725e-01 5.954767e-01
    outer loop
      vertex   -1.126257e+01 1.123628e+02 2.395056e+02
      vertex   -9.457000e+00 1.123713e+02 2.395181e+02
      vertex   -1.134139e+01 1.124213e+02 2.395844e+02
    endloop
  endfacet
  facet normal 8.320001e-04 -7.871832e-01 6.167187e-01
    outer loop
      vertex   -1.134139e+01 1.124213e+02 2.395844e+02
      vertex   -9.457000e+00 1.123713e+02 2.395181e+02
      vertex   -9.457000e+00 1.124458e+02 2.396131e+02
    endloop
  endfacet
  facet normal -5.963238e-04 -7.412476e-01 6.712314e-01
    outer loop
      vertex   -1.134139e+01 1.124213e+02 2.395844e+02
      vertex   -9.457000e+00 1.124458e+02 2.396131e+02
      vertex   -1.141411e+01 1.124872e+02 2.396571e+02
    endloop
  endfacet
  facet normal 9.322154e-04 -7.071065e-01 7.071065e-01
    outer loop
      vertex   -1.141411e+01 1.124872e+02 2.396571e+02
      vertex   -9.457000e+00 1.124458e+02 2.396131e+02
      vertex   -9.457000e+00 1.125312e+02 2.396985e+02
    endloop
  endfacet
  facet normal -5.708583e-04 -6.718429e-01 7.406935e-01
    outer loop
      vertex   -1.141411e+01 1.124872e+02 2.396571e+02
      vertex   -9.457000e+00 1.125312e+02 2.396985e+02
      vertex   -1.148001e+01 1.125599e+02 2.397230e+02
    endloop
  endfacet
  facet normal 7.749913e-04 -6.167187e-01 7.871832e-01
    outer loop
      vertex   -1.148001e+01 1.125599e+02 2.397230e+02
      vertex   -9.457000e+00 1.125312e+02 2.396985e+02
      vertex   -9.457000e+00 1.126262e+02 2.397730e+02
    endloop
  endfacet
  facet normal -3.026121e-04 -5.958441e-01 8.031001e-01
    outer loop
      vertex   -1.148001e+01 1.125599e+02 2.397230e+02
      vertex   -9.457000e+00 1.126262e+02 2.397730e+02
      vertex   -1.153847e+01 1.126387e+02 2.397815e+02
    endloop
  endfacet
  facet normal 3.834110e-04 -5.173378e-01 8.557812e-01
    outer loop
      vertex   -1.153847e+01 1.126387e+02 2.397815e+02
      vertex   -9.457000e+00 1.126262e+02 2.397730e+02
      vertex   -9.457000e+00 1.127296e+02 2.398355e+02
    endloop
  endfacet
  facet normal 1.868304e-04 -5.140203e-01 8.577780e-01
    outer loop
      vertex   -1.153847e+01 1.126387e+02 2.397815e+02
      vertex   -9.457000e+00 1.127296e+02 2.398355e+02
      vertex   -1.158892e+01 1.127229e+02 2.398319e+02
    endloop
  endfacet
  facet normal -1.602090e-04 -4.276170e-01 9.039600e-01
    outer loop
      vertex   -1.158892e+01 1.127229e+02 2.398319e+02
      vertex   -9.457000e+00 1.127296e+02 2.398355e+02
      vertex   -1.163088e+01 1.128116e+02 2.398739e+02
    endloop
  endfacet
  facet normal 6.293955e-04 -4.104127e-01 9.118997e-01
    outer loop
      vertex   -1.163088e+01 1.128116e+02 2.398739e+02
      vertex   -9.457000e+00 1.127296e+02 2.398355e+02
      vertex   -9.457000e+00 1.128397e+02 2.398850e+02
    endloop
  endfacet
  facet normal -4.699189e-04 -3.370389e-01 9.414906e-01
    outer loop
      vertex   -1.163088e+01 1.128116e+02 2.398739e+02
      vertex   -9.457000e+00 1.128397e+02 2.398850e+02
      vertex   -1.166394e+01 1.129040e+02 2.399069e+02
    endloop
  endfacet
  facet normal 8.137645e-04 -2.975030e-01 9.547206e-01
    outer loop
      vertex   -1.166394e+01 1.129040e+02 2.399069e+02
      vertex   -9.457000e+00 1.128397e+02 2.398850e+02
      vertex   -9.457000e+00 1.129550e+02 2.399209e+02
    endloop
  endfacet
  facet normal -5.394294e-04 -2.431073e-01 9.699993e-01
    outer loop
      vertex   -1.166394e+01 1.129040e+02 2.399069e+02
      vertex   -9.457000e+00 1.129550e+02 2.399209e+02
      vertex   -1.168779e+01 1.129992e+02 2.399308e+02
    endloop
  endfacet
  facet normal 7.667187e-04 -1.802550e-01 9.836196e-01
    outer loop
      vertex   -1.168779e+01 1.129992e+02 2.399308e+02
      vertex   -9.457000e+00 1.129550e+02 2.399209e+02
      vertex   -9.457000e+00 1.130738e+02 2.399427e+02
    endloop
  endfacet
  facet normal -3.814897e-04 -1.467858e-01 9.891682e-01
    outer loop
      vertex   -1.168779e+01 1.129992e+02 2.399308e+02
      vertex   -9.457000e+00 1.130738e+02 2.399427e+02
      vertex   -1.170218e+01 1.130963e+02 2.399452e+02
    endloop
  endfacet
  facet normal 6.095556e-04 -4.903779e-02 9.987967e-01
    outer loop
      vertex   -1.170218e+01 1.130963e+02 2.399452e+02
      vertex   -9.457000e+00 1.130738e+02 2.399427e+02
      vertex   -1.170700e+01 1.131943e+02 2.399500e+02
    endloop
  endfacet
  facet normal -4.168315e-04 -6.812910e-02 9.976764e-01
    outer loop
      vertex   -1.170700e+01 1.131943e+02 2.399500e+02
      vertex   -9.457000e+00 1.130738e+02 2.399427e+02
      vertex   -7.211815e+00 1.130963e+02 2.399452e+02
    endloop
  endfacet
  facet normal 0.000000e+00 -4.906767e-02 9.987955e-01
    outer loop
      vertex   -1.170700e+01 1.131943e+02 2.399500e+02
      vertex   -7.211815e+00 1.130963e+02 2.399452e+02
      vertex   -7.207000e+00 1.131943e+02 2.399500e+02
    endloop
  endfacet
  facet normal 8.041600e-04 -9.702202e-01 2.422233e-01
    outer loop
      vertex   -8.011910e+00 1.122135e+02 2.391451e+02
      vertex   -7.916715e+00 1.122374e+02 2.392403e+02
      vertex   -9.457000e+00 1.122233e+02 2.391893e+02
    endloop
  endfacet
  facet normal -1.165972e-03 -9.547202e-01 2.975029e-01
    outer loop
      vertex   -9.457000e+00 1.122233e+02 2.391893e+02
      vertex   -7.916715e+00 1.122374e+02 2.392403e+02
      vertex   -9.457000e+00 1.122593e+02 2.393046e+02
    endloop
  endfacet
  facet normal 6.397507e-04 -9.417466e-01 3.363226e-01
    outer loop
      vertex   -7.916715e+00 1.122374e+02 2.392403e+02
      vertex   -7.824317e+00 1.122704e+02 2.393327e+02
      vertex   -9.457000e+00 1.122593e+02 2.393046e+02
    endloop
  endfacet
  facet normal -8.380252e-04 -9.118995e-01 4.104127e-01
    outer loop
      vertex   -9.457000e+00 1.122593e+02 2.393046e+02
      vertex   -7.824317e+00 1.122704e+02 2.393327e+02
      vertex   -9.457000e+00 1.123088e+02 2.394147e+02
    endloop
  endfacet
  facet normal 1.995068e-04 -9.040664e-01 4.273920e-01
    outer loop
      vertex   -7.824317e+00 1.122704e+02 2.393327e+02
      vertex   -7.735603e+00 1.123124e+02 2.394214e+02
      vertex   -9.457000e+00 1.123088e+02 2.394147e+02
    endloop
  endfacet
  facet normal -2.326815e-04 -8.576260e-01 5.142739e-01
    outer loop
      vertex   -9.457000e+00 1.123088e+02 2.394147e+02
      vertex   -7.735603e+00 1.123124e+02 2.394214e+02
      vertex   -7.651430e+00 1.123628e+02 2.395056e+02
    endloop
  endfacet
  facet normal -4.419980e-04 -8.557812e-01 5.173378e-01
    outer loop
      vertex   -9.457000e+00 1.123088e+02 2.394147e+02
      vertex   -7.651430e+00 1.123628e+02 2.395056e+02
      vertex   -9.457000e+00 1.123713e+02 2.395181e+02
    endloop
  endfacet
  facet normal 3.450298e-04 -8.033725e-01 5.954767e-01
    outer loop
      vertex   -9.457000e+00 1.123713e+02 2.395181e+02
      vertex   -7.651430e+00 1.123628e+02 2.395056e+02
      vertex   -7.572607e+00 1.124213e+02 2.395844e+02
    endloop
  endfacet
  facet normal -8.320001e-04 -7.871832e-01 6.167187e-01
    outer loop
      vertex   -9.457000e+00 1.123713e+02 2.395181e+02
      vertex   -7.572607e+00 1.124213e+02 2.395844e+02
      vertex   -9.457000e+00 1.124458e+02 2.396131e+02
    endloop
  endfacet
  facet normal 5.963238e-04 -7.412476e-01 6.712314e-01
    outer loop
      vertex   -9.457000e+00 1.124458e+02 2.396131e+02
      vertex   -7.572607e+00 1.124213e+02 2.395844e+02
      vertex   -7.499893e+00 1.124872e+02 2.396571e+02
    endloop
  endfacet
  facet normal -9.322154e-04 -7.071065e-01 7.071065e-01
    outer loop
      vertex   -9.457000e+00 1.124458e+02 2.396131e+02
      vertex   -7.499893e+00 1.124872e+02 2.396571e+02
      vertex   -9.457000e+00 1.125312e+02 2.396985e+02
    endloop
  endfacet
  facet normal 5.708583e-04 -6.718429e-01 7.406935e-01
    outer loop
      vertex   -9.457000e+00 1.125312e+02 2.396985e+02
      vertex   -7.499893e+00 1.124872e+02 2.396571e+02
      vertex   -7.433990e+00 1.125599e+02 2.397230e+02
    endloop
  endfacet
  facet normal -7.749913e-04 -6.167187e-01 7.871832e-01
    outer loop
      vertex   -9.457000e+00 1.125312e+02 2.396985e+02
      vertex   -7.433990e+00 1.125599e+02 2.397230e+02
      vertex   -9.457000e+00 1.126262e+02 2.397730e+02
    endloop
  endfacet
  facet normal 3.026121e-04 -5.958441e-01 8.031001e-01
    outer loop
      vertex   -9.457000e+00 1.126262e+02 2.397730e+02
      vertex   -7.433990e+00 1.125599e+02 2.397230e+02
      vertex   -7.375530e+00 1.126387e+02 2.397815e+02
    endloop
  endfacet
  facet normal -3.834110e-04 -5.173378e-01 8.557812e-01
    outer loop
      vertex   -9.457000e+00 1.126262e+02 2.397730e+02
      vertex   -7.375530e+00 1.126387e+02 2.397815e+02
      vertex   -9.457000e+00 1.127296e+02 2.398355e+02
    endloop
  endfacet
  facet normal -1.868304e-04 -5.140203e-01 8.577780e-01
    outer loop
      vertex   -9.457000e+00 1.127296e+02 2.398355e+02
      vertex   -7.375530e+00 1.126387e+02 2.397815e+02
      vertex   -7.325079e+00 1.127229e+02 2.398319e+02
    endloop
  endfacet
  facet normal 1.602090e-04 -4.276170e-01 9.039600e-01
    outer loop
      vertex   -9.457000e+00 1.127296e+02 2.398355e+02
      vertex   -7.325079e+00 1.127229e+02 2.398319e+02
      vertex   -7.283120e+00 1.128116e+02 2.398739e+02
    endloop
  endfacet
  facet normal -6.293955e-04 -4.104127e-01 9.118997e-01
    outer loop
      vertex   -9.457000e+00 1.127296e+02 2.398355e+02
      vertex   -7.283120e+00 1.128116e+02 2.398739e+02
      vertex   -9.457000e+00 1.128397e+02 2.398850e+02
    endloop
  endfacet
  facet normal 4.699189e-04 -3.370389e-01 9.414906e-01
    outer loop
      vertex   -9.457000e+00 1.128397e+02 2.398850e+02
      vertex   -7.283120e+00 1.128116e+02 2.398739e+02
      vertex   -7.250060e+00 1.129040e+02 2.399069e+02
    endloop
  endfacet
  facet normal -8.137645e-04 -2.975030e-01 9.547206e-01
    outer loop
      vertex   -9.457000e+00 1.128397e+02 2.398850e+02
      vertex   -7.250060e+00 1.129040e+02 2.399069e+02
      vertex   -9.457000e+00 1.129550e+02 2.399209e+02
    endloop
  endfacet
  facet normal 5.394294e-04 -2.431073e-01 9.699993e-01
    outer loop
      vertex   -9.457000e+00 1.129550e+02 2.399209e+02
      vertex   -7.250060e+00 1.129040e+02 2.399069e+02
      vertex   -7.226215e+00 1.129992e+02 2.399308e+02
    endloop
  endfacet
  facet normal -7.667187e-04 -1.802550e-01 9.836196e-01
    outer loop
      vertex   -9.457000e+00 1.129550e+02 2.399209e+02
      vertex   -7.226215e+00 1.129992e+02 2.399308e+02
      vertex   -9.457000e+00 1.130738e+02 2.399427e+02
    endloop
  endfacet
  facet normal 3.814897e-04 -1.467858e-01 9.891682e-01
    outer loop
      vertex   -9.457000e+00 1.130738e+02 2.399427e+02
      vertex   -7.226215e+00 1.129992e+02 2.399308e+02
      vertex   -7.211815e+00 1.130963e+02 2.399452e+02
    endloop
  endfacet
  facet normal -6.240807e-04 -9.892667e-01 1.461198e-01
    outer loop
      vertex   -1.090209e+01 1.122135e+02 2.391451e+02
      vertex   -1.080502e+01 1.121991e+02 2.390480e+02
      vertex   -9.457000e+00 1.122016e+02 2.390705e+02
    endloop
  endfacet
  facet normal -9.988673e-01 4.758192e-02 0.000000e+00
    outer loop
      vertex   -6.447133e-02 1.280374e+02 2.440000e+02
      vertex   -6.447133e-02 1.280374e+02 2.470000e+02
      vertex   -5.700000e-02 1.281943e+02 2.440000e+02
    endloop
  endfacet
  facet normal -9.988673e-01 4.758192e-02 0.000000e+00
    outer loop
      vertex   -5.700000e-02 1.281943e+02 2.440000e+02
      vertex   -6.447133e-02 1.280374e+02 2.470000e+02
      vertex   -5.700000e-02 1.281943e+02 2.470000e+02
    endloop
  endfacet
  facet normal -9.988673e-01 -4.758192e-02 0.000000e+00
    outer loop
      vertex   -5.700000e-02 1.281943e+02 2.440000e+02
      vertex   -5.700000e-02 1.281943e+02 2.470000e+02
      vertex   -6.447133e-02 1.283511e+02 2.440000e+02
    endloop
  endfacet
  facet normal -9.988673e-01 -4.758192e-02 0.000000e+00
    outer loop
      vertex   -6.447133e-02 1.283511e+02 2.440000e+02
      vertex   -5.700000e-02 1.281943e+02 2.470000e+02
      vertex   -6.447133e-02 1.283511e+02 2.470000e+02
    endloop
  endfacet
  facet normal -9.898214e-01 -1.423148e-01 0.000000e+00
    outer loop
      vertex   -6.447133e-02 1.283511e+02 2.440000e+02
      vertex   -6.447133e-02 1.283511e+02 2.470000e+02
      vertex   -8.681765e-02 1.285066e+02 2.470000e+02
    endloop
  endfacet
  facet normal -9.898214e-01 1.423148e-01 0.000000e+00
    outer loop
      vertex   -6.447133e-02 1.280374e+02 2.440000e+02
      vertex   -8.681765e-02 1.278820e+02 2.440000e+02
      vertex   -6.447133e-02 1.280374e+02 2.470000e+02
    endloop
  endfacet
  facet normal -9.898214e-01 1.423148e-01 0.000000e+00
    outer loop
      vertex   -6.447133e-02 1.280374e+02 2.470000e+02
      vertex   -8.681765e-02 1.278820e+02 2.440000e+02
      vertex   -8.681765e-02 1.278820e+02 2.470000e+02
    endloop
  endfacet
  facet normal -9.718116e-01 2.357589e-01 0.000000e+00
    outer loop
      vertex   -8.681765e-02 1.278820e+02 2.470000e+02
      vertex   -8.681765e-02 1.278820e+02 2.440000e+02
      vertex   -1.238366e-01 1.277294e+02 2.440000e+02
    endloop
  endfacet
  facet normal -9.718116e-01 2.357589e-01 0.000000e+00
    outer loop
      vertex   -8.681765e-02 1.278820e+02 2.470000e+02
      vertex   -1.238366e-01 1.277294e+02 2.440000e+02
      vertex   -1.238366e-01 1.277294e+02 2.470000e+02
    endloop
  endfacet
  facet normal -9.450008e-01 3.270680e-01 0.000000e+00
    outer loop
      vertex   -1.238366e-01 1.277294e+02 2.470000e+02
      vertex   -1.238366e-01 1.277294e+02 2.440000e+02
      vertex   -1.751929e-01 1.275810e+02 2.440000e+02
    endloop
  endfacet
  facet normal -9.450008e-01 3.270680e-01 8.654082e-17
    outer loop
      vertex   -1.238366e-01 1.277294e+02 2.470000e+02
      vertex   -1.751929e-01 1.275810e+02 2.440000e+02
      vertex   -1.751929e-01 1.275810e+02 2.470000e+02
    endloop
  endfacet
  facet normal -9.096320e-01 4.154150e-01 8.415787e-17
    outer loop
      vertex   -1.751929e-01 1.275810e+02 2.470000e+02
      vertex   -1.751929e-01 1.275810e+02 2.440000e+02
      vertex   -2.404215e-01 1.274382e+02 2.440000e+02
    endloop
  endfacet
  facet normal -9.096320e-01 4.154150e-01 0.000000e+00
    outer loop
      vertex   -1.751929e-01 1.275810e+02 2.470000e+02
      vertex   -2.404215e-01 1.274382e+02 2.440000e+02
      vertex   -2.404215e-01 1.274382e+02 2.470000e+02
    endloop
  endfacet
  facet normal -8.660254e-01 5.000000e-01 0.000000e+00
    outer loop
      vertex   -2.404215e-01 1.274382e+02 2.470000e+02
      vertex   -2.404215e-01 1.274382e+02 2.440000e+02
      vertex   -3.189317e-01 1.273022e+02 2.440000e+02
    endloop
  endfacet
  facet normal -8.660254e-01 5.000000e-01 1.620339e-16
    outer loop
      vertex   -2.404215e-01 1.274382e+02 2.470000e+02
      vertex   -3.189317e-01 1.273022e+02 2.440000e+02
      vertex   -3.189317e-01 1.273022e+02 2.470000e+02
    endloop
  endfacet
  facet normal -8.145760e-01 5.800569e-01 1.507268e-16
    outer loop
      vertex   -3.189317e-01 1.273022e+02 2.470000e+02
      vertex   -3.189317e-01 1.273022e+02 2.440000e+02
      vertex   -4.100124e-01 1.271743e+02 2.440000e+02
    endloop
  endfacet
  facet normal -8.145760e-01 5.800569e-01 0.000000e+00
    outer loop
      vertex   -3.189317e-01 1.273022e+02 2.470000e+02
      vertex   -4.100124e-01 1.271743e+02 2.440000e+02
      vertex   -4.100124e-01 1.271743e+02 2.470000e+02
    endloop
  endfacet
  facet normal -7.557496e-01 6.548607e-01 0.000000e+00
    outer loop
      vertex   -4.100124e-01 1.271743e+02 2.470000e+02
      vertex   -4.100124e-01 1.271743e+02 2.440000e+02
      vertex   -5.128388e-01 1.270557e+02 2.440000e+02
    endloop
  endfacet
  facet normal -7.557496e-01 6.548607e-01 0.000000e+00
    outer loop
      vertex   -4.100124e-01 1.271743e+02 2.470000e+02
      vertex   -5.128388e-01 1.270557e+02 2.440000e+02
      vertex   -5.128388e-01 1.270557e+02 2.470000e+02
    endloop
  endfacet
  facet normal -6.900790e-01 7.237340e-01 0.000000e+00
    outer loop
      vertex   -5.128388e-01 1.270557e+02 2.470000e+02
      vertex   -5.128388e-01 1.270557e+02 2.440000e+02
      vertex   -6.264798e-01 1.269473e+02 2.440000e+02
    endloop
  endfacet
  facet normal -6.900790e-01 7.237340e-01 -6.702310e-15
    outer loop
      vertex   -5.128388e-01 1.270557e+02 2.470000e+02
      vertex   -6.264798e-01 1.269473e+02 2.440000e+02
      vertex   -6.264798e-01 1.269473e+02 2.470000e+02
    endloop
  endfacet
  facet normal -6.181590e-01 7.860531e-01 -7.309732e-15
    outer loop
      vertex   -6.264798e-01 1.269473e+02 2.470000e+02
      vertex   -6.264798e-01 1.269473e+02 2.440000e+02
      vertex   -7.499061e-01 1.268502e+02 2.440000e+02
    endloop
  endfacet
  facet normal -6.181590e-01 7.860531e-01 0.000000e+00
    outer loop
      vertex   -6.264798e-01 1.269473e+02 2.470000e+02
      vertex   -7.499061e-01 1.268502e+02 2.440000e+02
      vertex   -7.499061e-01 1.268502e+02 2.470000e+02
    endloop
  endfacet
  facet normal -5.406408e-01 8.412535e-01 0.000000e+00
    outer loop
      vertex   -7.499061e-01 1.268502e+02 2.470000e+02
      vertex   -7.499061e-01 1.268502e+02 2.440000e+02
      vertex   -8.820000e-01 1.267653e+02 2.440000e+02
    endloop
  endfacet
  facet normal -5.406408e-01 8.412535e-01 1.988598e-16
    outer loop
      vertex   -7.499061e-01 1.268502e+02 2.470000e+02
      vertex   -8.820000e-01 1.267653e+02 2.440000e+02
      vertex   -8.820000e-01 1.267653e+02 2.470000e+02
    endloop
  endfacet
  facet normal -4.582265e-01 8.888354e-01 1.695779e-16
    outer loop
      vertex   -8.820000e-01 1.267653e+02 2.470000e+02
      vertex   -8.820000e-01 1.267653e+02 2.440000e+02
      vertex   -1.021565e+00 1.266934e+02 2.440000e+02
    endloop
  endfacet
  facet normal -4.582265e-01 8.888354e-01 3.682588e-17
    outer loop
      vertex   -8.820000e-01 1.267653e+02 2.470000e+02
      vertex   -1.021565e+00 1.266934e+02 2.440000e+02
      vertex   -1.021565e+00 1.266934e+02 2.470000e+02
    endloop
  endfacet
  facet normal -3.716625e-01 9.283679e-01 2.750855e-17
    outer loop
      vertex   -1.021565e+00 1.266934e+02 2.470000e+02
      vertex   -1.021565e+00 1.266934e+02 2.440000e+02
      vertex   -1.167338e+00 1.266350e+02 2.440000e+02
    endloop
  endfacet
  facet normal -3.716625e-01 9.283679e-01 0.000000e+00
    outer loop
      vertex   -1.021565e+00 1.266934e+02 2.470000e+02
      vertex   -1.167338e+00 1.266350e+02 2.440000e+02
      vertex   -1.167338e+00 1.266350e+02 2.470000e+02
    endloop
  endfacet
  facet normal -2.817326e-01 9.594930e-01 0.000000e+00
    outer loop
      vertex   -1.167338e+00 1.266350e+02 2.470000e+02
      vertex   -1.167338e+00 1.266350e+02 2.440000e+02
      vertex   -1.317998e+00 1.265908e+02 2.440000e+02
    endloop
  endfacet
  facet normal -2.817326e-01 9.594930e-01 8.469952e-17
    outer loop
      vertex   -1.167338e+00 1.266350e+02 2.470000e+02
      vertex   -1.317998e+00 1.265908e+02 2.440000e+02
      vertex   -1.317998e+00 1.265908e+02 2.470000e+02
    endloop
  endfacet
  facet normal -1.892512e-01 9.819287e-01 5.602962e-17
    outer loop
      vertex   -1.317998e+00 1.265908e+02 2.470000e+02
      vertex   -1.317998e+00 1.265908e+02 2.440000e+02
      vertex   -1.472181e+00 1.265611e+02 2.440000e+02
    endloop
  endfacet
  facet normal -1.892512e-01 9.819287e-01 2.761941e-17
    outer loop
      vertex   -1.317998e+00 1.265908e+02 2.470000e+02
      vertex   -1.472181e+00 1.265611e+02 2.440000e+02
      vertex   -1.472181e+00 1.265611e+02 2.470000e+02
    endloop
  endfacet
  facet normal -9.505604e-02 9.954719e-01 1.407112e-17
    outer loop
      vertex   -1.472181e+00 1.265611e+02 2.470000e+02
      vertex   -1.472181e+00 1.265611e+02 2.440000e+02
      vertex   -1.628490e+00 1.265462e+02 2.440000e+02
    endloop
  endfacet
  facet normal -9.505604e-02 9.954719e-01 -7.365176e-18
    outer loop
      vertex   -1.472181e+00 1.265611e+02 2.470000e+02
      vertex   -1.628490e+00 1.265462e+02 2.440000e+02
      vertex   -1.628490e+00 1.265462e+02 2.470000e+02
    endloop
  endfacet
  facet normal 0.000000e+00 1.000000e+00 0.000000e+00
    outer loop
      vertex   -1.628490e+00 1.265462e+02 2.470000e+02
      vertex   -1.628490e+00 1.265462e+02 2.440000e+02
      vertex   -1.785510e+00 1.265462e+02 2.440000e+02
    endloop
  endfacet
  facet normal 0.000000e+00 1.000000e+00 0.000000e+00
    outer loop
      vertex   -1.628490e+00 1.265462e+02 2.470000e+02
      vertex   -1.785510e+00 1.265462e+02 2.440000e+02
      vertex   -1.785510e+00 1.265462e+02 2.470000e+02
    endloop
  endfacet
  facet normal 9.505604e-02 9.954719e-01 -1.407112e-17
    outer loop
      vertex   -1.785510e+00 1.265462e+02 2.470000e+02
      vertex   -1.785510e+00 1.265462e+02 2.440000e+02
      vertex   -1.941819e+00 1.265611e+02 2.440000e+02
    endloop
  endfacet
  facet normal 9.505604e-02 9.954719e-01 0.000000e+00
    outer loop
      vertex   -1.785510e+00 1.265462e+02 2.470000e+02
      vertex   -1.941819e+00 1.265611e+02 2.440000e+02
      vertex   -1.941819e+00 1.265611e+02 2.470000e+02
    endloop
  endfacet
  facet normal 1.892512e-01 9.819287e-01 0.000000e+00
    outer loop
      vertex   -1.941819e+00 1.265611e+02 2.470000e+02
      vertex   -1.941819e+00 1.265611e+02 2.440000e+02
      vertex   -2.096002e+00 1.265908e+02 2.440000e+02
    endloop
  endfacet
  facet normal 1.892512e-01 9.819287e-01 -2.761941e-17
    outer loop
      vertex   -1.941819e+00 1.265611e+02 2.470000e+02
      vertex   -2.096002e+00 1.265908e+02 2.440000e+02
      vertex   -2.096002e+00 1.265908e+02 2.470000e+02
    endloop
  endfacet
  facet normal 2.817326e-01 9.594930e-01 -4.170480e-17
    outer loop
      vertex   -2.096002e+00 1.265908e+02 2.470000e+02
      vertex   -2.096002e+00 1.265908e+02 2.440000e+02
      vertex   -2.246662e+00 1.266350e+02 2.440000e+02
    endloop
  endfacet
  facet normal 2.817326e-01 9.594930e-01 0.000000e+00
    outer loop
      vertex   -2.096002e+00 1.265908e+02 2.470000e+02
      vertex   -2.246662e+00 1.266350e+02 2.440000e+02
      vertex   -2.246662e+00 1.266350e+02 2.470000e+02
    endloop
  endfacet
  facet normal 3.716625e-01 9.283679e-01 0.000000e+00
    outer loop
      vertex   -2.246662e+00 1.266350e+02 2.470000e+02
      vertex   -2.246662e+00 1.266350e+02 2.440000e+02
      vertex   -2.392435e+00 1.266934e+02 2.440000e+02
    endloop
  endfacet
  facet normal 3.716625e-01 9.283679e-01 5.523882e-17
    outer loop
      vertex   -2.246662e+00 1.266350e+02 2.470000e+02
      vertex   -2.392435e+00 1.266934e+02 2.440000e+02
      vertex   -2.392435e+00 1.266934e+02 2.470000e+02
    endloop
  endfacet
  facet normal 4.582265e-01 8.888354e-01 6.783115e-17
    outer loop
      vertex   -2.392435e+00 1.266934e+02 2.470000e+02
      vertex   -2.392435e+00 1.266934e+02 2.440000e+02
      vertex   -2.532000e+00 1.267653e+02 2.440000e+02
    endloop
  endfacet
  facet normal 4.582265e-01 8.888354e-01 -6.996917e-17
    outer loop
      vertex   -2.392435e+00 1.266934e+02 2.470000e+02
      vertex   -2.532000e+00 1.267653e+02 2.440000e+02
      vertex   -2.532000e+00 1.267653e+02 2.470000e+02
    endloop
  endfacet
  facet normal 5.406408e-01 8.412535e-01 -8.003092e-17
    outer loop
      vertex   -2.532000e+00 1.267653e+02 2.470000e+02
      vertex   -2.532000e+00 1.267653e+02 2.440000e+02
      vertex   -2.664094e+00 1.268502e+02 2.440000e+02
    endloop
  endfacet
  facet normal 5.406408e-01 8.412535e-01 0.000000e+00
    outer loop
      vertex   -2.532000e+00 1.267653e+02 2.470000e+02
      vertex   -2.664094e+00 1.268502e+02 2.440000e+02
      vertex   -2.664094e+00 1.268502e+02 2.470000e+02
    endloop
  endfacet
  facet normal 6.181590e-01 7.860531e-01 0.000000e+00
    outer loop
      vertex   -2.664094e+00 1.268502e+02 2.470000e+02
      vertex   -2.664094e+00 1.268502e+02 2.440000e+02
      vertex   -2.787520e+00 1.269473e+02 2.440000e+02
    endloop
  endfacet
  facet normal 6.181590e-01 7.860531e-01 0.000000e+00
    outer loop
      vertex   -2.664094e+00 1.268502e+02 2.470000e+02
      vertex   -2.787520e+00 1.269473e+02 2.440000e+02
      vertex   -2.787520e+00 1.269473e+02 2.470000e+02
    endloop
  endfacet
  facet normal 6.900790e-01 7.237340e-01 0.000000e+00
    outer loop
      vertex   -2.787520e+00 1.269473e+02 2.470000e+02
      vertex   -2.787520e+00 1.269473e+02 2.440000e+02
      vertex   -2.901161e+00 1.270557e+02 2.440000e+02
    endloop
  endfacet
  facet normal 6.900790e-01 7.237340e-01 0.000000e+00
    outer loop
      vertex   -2.787520e+00 1.269473e+02 2.470000e+02
      vertex   -2.901161e+00 1.270557e+02 2.440000e+02
      vertex   -2.901161e+00 1.270557e+02 2.470000e+02
    endloop
  endfacet
  facet normal 7.557496e-01 6.548607e-01 0.000000e+00
    outer loop
      vertex   -2.901161e+00 1.270557e+02 2.470000e+02
      vertex   -2.901161e+00 1.270557e+02 2.440000e+02
      vertex   -3.003988e+00 1.271743e+02 2.440000e+02
    endloop
  endfacet
  facet normal 7.557496e-01 6.548607e-01 -1.104776e-16
    outer loop
      vertex   -2.901161e+00 1.270557e+02 2.470000e+02
      vertex   -3.003988e+00 1.271743e+02 2.440000e+02
      vertex   -3.003988e+00 1.271743e+02 2.470000e+02
    endloop
  endfacet
  facet normal 8.145760e-01 5.800569e-01 -1.205815e-16
    outer loop
      vertex   -3.003988e+00 1.271743e+02 2.470000e+02
      vertex   -3.003988e+00 1.271743e+02 2.440000e+02
      vertex   -3.095068e+00 1.273022e+02 2.440000e+02
    endloop
  endfacet
  facet normal 8.145760e-01 5.800569e-01 -1.178428e-16
    outer loop
      vertex   -3.003988e+00 1.271743e+02 2.470000e+02
      vertex   -3.095068e+00 1.273022e+02 2.440000e+02
      vertex   -3.095068e+00 1.273022e+02 2.470000e+02
    endloop
  endfacet
  facet normal 8.660254e-01 5.000000e-01 -1.281975e-16
    outer loop
      vertex   -3.095068e+00 1.273022e+02 2.470000e+02
      vertex   -3.095068e+00 1.273022e+02 2.440000e+02
      vertex   -3.173578e+00 1.274382e+02 2.440000e+02
    endloop
  endfacet
  facet normal 8.660254e-01 5.000000e-01 0.000000e+00
    outer loop
      vertex   -3.095068e+00 1.273022e+02 2.470000e+02
      vertex   -3.173578e+00 1.274382e+02 2.440000e+02
      vertex   -3.173578e+00 1.274382e+02 2.470000e+02
    endloop
  endfacet
  facet normal 9.096320e-01 4.154150e-01 0.000000e+00
    outer loop
      vertex   -3.173578e+00 1.274382e+02 2.470000e+02
      vertex   -3.173578e+00 1.274382e+02 2.440000e+02
      vertex   -3.238807e+00 1.275810e+02 2.440000e+02
    endloop
  endfacet
  facet normal 9.096320e-01 4.154150e-01 0.000000e+00
    outer loop
      vertex   -3.173578e+00 1.274382e+02 2.470000e+02
      vertex   -3.238807e+00 1.275810e+02 2.440000e+02
      vertex   -3.238807e+00 1.275810e+02 2.470000e+02
    endloop
  endfacet
  facet normal 9.450008e-01 3.270680e-01 0.000000e+00
    outer loop
      vertex   -3.238807e+00 1.275810e+02 2.470000e+02
      vertex   -3.238807e+00 1.275810e+02 2.440000e+02
      vertex   -3.290163e+00 1.277294e+02 2.440000e+02
    endloop
  endfacet
  facet normal 9.450008e-01 3.270680e-01 0.000000e+00
    outer loop
      vertex   -3.238807e+00 1.275810e+02 2.470000e+02
      vertex   -3.290163e+00 1.277294e+02 2.440000e+02
      vertex   -3.290163e+00 1.277294e+02 2.470000e+02
    endloop
  endfacet
  facet normal 9.718116e-01 2.357589e-01 0.000000e+00
    outer loop
      vertex   -3.290163e+00 1.277294e+02 2.470000e+02
      vertex   -3.290163e+00 1.277294e+02 2.440000e+02
      vertex   -3.327182e+00 1.278820e+02 2.440000e+02
    endloop
  endfacet
  facet normal 9.718116e-01 2.357589e-01 0.000000e+00
    outer loop
      vertex   -3.290163e+00 1.277294e+02 2.470000e+02
      vertex   -3.327182e+00 1.278820e+02 2.440000e+02
      vertex   -3.327182e+00 1.278820e+02 2.470000e+02
    endloop
  endfacet
  facet normal 9.898214e-01 1.423148e-01 0.000000e+00
    outer loop
      vertex   -3.327182e+00 1.278820e+02 2.470000e+02
      vertex   -3.327182e+00 1.278820e+02 2.440000e+02
      vertex   -3.349529e+00 1.280374e+02 2.440000e+02
    endloop
  endfacet
  facet normal 9.898214e-01 1.423148e-01 0.000000e+00
    outer loop
      vertex   -3.327182e+00 1.278820e+02 2.470000e+02
      vertex   -3.349529e+00 1.280374e+02 2.440000e+02
      vertex   -3.349529e+00 1.280374e+02 2.470000e+02
    endloop
  endfacet
  facet normal 9.988673e-01 4.758192e-02 0.000000e+00
    outer loop
      vertex   -3.349529e+00 1.280374e+02 2.470000e+02
      vertex   -3.349529e+00 1.280374e+02 2.440000e+02
      vertex   -3.357000e+00 1.281943e+02 2.440000e+02
    endloop
  endfacet
  facet normal 9.988673e-01 4.758192e-02 0.000000e+00
    outer loop
      vertex   -3.349529e+00 1.280374e+02 2.470000e+02
      vertex   -3.357000e+00 1.281943e+02 2.440000e+02
      vertex   -3.357000e+00 1.281943e+02 2.470000e+02
    endloop
  endfacet
  facet normal 9.988673e-01 -4.758192e-02 0.000000e+00
    outer loop
      vertex   -3.357000e+00 1.281943e+02 2.470000e+02
      vertex   -3.357000e+00 1.281943e+02 2.440000e+02
      vertex   -3.349529e+00 1.283511e+02 2.440000e+02
    endloop
  endfacet
  facet normal 9.988673e-01 -4.758192e-02 0.000000e+00
    outer loop
      vertex   -3.357000e+00 1.281943e+02 2.470000e+02
      vertex   -3.349529e+00 1.283511e+02 2.440000e+02
      vertex   -3.349529e+00 1.283511e+02 2.470000e+02
    endloop
  endfacet
  facet normal 9.898214e-01 -1.423148e-01 0.000000e+00
    outer loop
      vertex   -3.349529e+00 1.283511e+02 2.470000e+02
      vertex   -3.349529e+00 1.283511e+02 2.440000e+02
      vertex   -3.327182e+00 1.285066e+02 2.440000e+02
    endloop
  endfacet
  facet normal 9.898214e-01 -1.423148e-01 0.000000e+00
    outer loop
      vertex   -3.349529e+00 1.283511e+02 2.470000e+02
      vertex   -3.327182e+00 1.285066e+02 2.440000e+02
      vertex   -3.327182e+00 1.285066e+02 2.470000e+02
    endloop
  endfacet
  facet normal 9.718116e-01 -2.357589e-01 0.000000e+00
    outer loop
      vertex   -3.327182e+00 1.285066e+02 2.470000e+02
      vertex   -3.327182e+00 1.285066e+02 2.440000e+02
      vertex   -3.290163e+00 1.286592e+02 2.440000e+02
    endloop
  endfacet
  facet normal 9.718116e-01 -2.357589e-01 0.000000e+00
    outer loop
      vertex   -3.327182e+00 1.285066e+02 2.470000e+02
      vertex   -3.290163e+00 1.286592e+02 2.440000e+02
      vertex   -3.290163e+00 1.286592e+02 2.470000e+02
    endloop
  endfacet
  facet normal 9.450008e-01 -3.270680e-01 0.000000e+00
    outer loop
      vertex   -3.290163e+00 1.286592e+02 2.470000e+02
      vertex   -3.290163e+00 1.286592e+02 2.440000e+02
      vertex   -3.238807e+00 1.288075e+02 2.440000e+02
    endloop
  endfacet
  facet normal 9.450008e-01 -3.270680e-01 0.000000e+00
    outer loop
      vertex   -3.290163e+00 1.286592e+02 2.470000e+02
      vertex   -3.238807e+00 1.288075e+02 2.440000e+02
      vertex   -3.238807e+00 1.288075e+02 2.470000e+02
    endloop
  endfacet
  facet normal 9.096320e-01 -4.154150e-01 0.000000e+00
    outer loop
      vertex   -3.238807e+00 1.288075e+02 2.470000e+02
      vertex   -3.238807e+00 1.288075e+02 2.440000e+02
      vertex   -3.173578e+00 1.289504e+02 2.440000e+02
    endloop
  endfacet
  facet normal 9.096320e-01 -4.154150e-01 0.000000e+00
    outer loop
      vertex   -3.238807e+00 1.288075e+02 2.470000e+02
      vertex   -3.173578e+00 1.289504e+02 2.440000e+02
      vertex   -3.173578e+00 1.289504e+02 2.470000e+02
    endloop
  endfacet
  facet normal 8.660254e-01 -5.000000e-01 0.000000e+00
    outer loop
      vertex   -3.173578e+00 1.289504e+02 2.470000e+02
      vertex   -3.173578e+00 1.289504e+02 2.440000e+02
      vertex   -3.095068e+00 1.290863e+02 2.440000e+02
    endloop
  endfacet
  facet normal 8.660254e-01 -5.000000e-01 1.288906e-16
    outer loop
      vertex   -3.173578e+00 1.289504e+02 2.470000e+02
      vertex   -3.095068e+00 1.290863e+02 2.440000e+02
      vertex   -3.095068e+00 1.290863e+02 2.470000e+02
    endloop
  endfacet
  facet normal 8.145760e-01 -5.800569e-01 1.205815e-16
    outer loop
      vertex   -3.095068e+00 1.290863e+02 2.470000e+02
      vertex   -3.095068e+00 1.290863e+02 2.440000e+02
      vertex   -3.003988e+00 1.292143e+02 2.440000e+02
    endloop
  endfacet
  facet normal 8.145760e-01 -5.800569e-01 1.178428e-16
    outer loop
      vertex   -3.095068e+00 1.290863e+02 2.470000e+02
      vertex   -3.003988e+00 1.292143e+02 2.440000e+02
      vertex   -3.003988e+00 1.292143e+02 2.470000e+02
    endloop
  endfacet
  facet normal 7.557496e-01 -6.548607e-01 1.118734e-16
    outer loop
      vertex   -3.003988e+00 1.292143e+02 2.470000e+02
      vertex   -3.003988e+00 1.292143e+02 2.440000e+02
      vertex   -2.901161e+00 1.293329e+02 2.440000e+02
    endloop
  endfacet
  facet normal 7.557496e-01 -6.548607e-01 0.000000e+00
    outer loop
      vertex   -3.003988e+00 1.292143e+02 2.470000e+02
      vertex   -2.901161e+00 1.293329e+02 2.440000e+02
      vertex   -2.901161e+00 1.293329e+02 2.470000e+02
    endloop
  endfacet
  facet normal 6.900790e-01 -7.237340e-01 0.000000e+00
    outer loop
      vertex   -2.901161e+00 1.293329e+02 2.470000e+02
      vertex   -2.901161e+00 1.293329e+02 2.440000e+02
      vertex   -2.787520e+00 1.294413e+02 2.440000e+02
    endloop
  endfacet
  facet normal 6.900790e-01 -7.237340e-01 0.000000e+00
    outer loop
      vertex   -2.901161e+00 1.293329e+02 2.470000e+02
      vertex   -2.787520e+00 1.294413e+02 2.440000e+02
      vertex   -2.787520e+00 1.294413e+02 2.470000e+02
    endloop
  endfacet
  facet normal 6.181590e-01 -7.860531e-01 0.000000e+00
    outer loop
      vertex   -2.787520e+00 1.294413e+02 2.470000e+02
      vertex   -2.787520e+00 1.294413e+02 2.440000e+02
      vertex   -2.664094e+00 1.295383e+02 2.440000e+02
    endloop
  endfacet
  facet normal 6.181590e-01 -7.860531e-01 0.000000e+00
    outer loop
      vertex   -2.787520e+00 1.294413e+02 2.470000e+02
      vertex   -2.664094e+00 1.295383e+02 2.440000e+02
      vertex   -2.664094e+00 1.295383e+02 2.470000e+02
    endloop
  endfacet
  facet normal 5.406408e-01 -8.412535e-01 0.000000e+00
    outer loop
      vertex   -2.664094e+00 1.295383e+02 2.470000e+02
      vertex   -2.664094e+00 1.295383e+02 2.440000e+02
      vertex   -2.532000e+00 1.296232e+02 2.440000e+02
    endloop
  endfacet
  facet normal 5.406408e-01 -8.412535e-01 8.101694e-17
    outer loop
      vertex   -2.664094e+00 1.295383e+02 2.470000e+02
      vertex   -2.532000e+00 1.296232e+02 2.440000e+02
      vertex   -2.532000e+00 1.296232e+02 2.470000e+02
    endloop
  endfacet
  facet normal 4.582265e-01 -8.888354e-01 6.783115e-17
    outer loop
      vertex   -2.532000e+00 1.296232e+02 2.470000e+02
      vertex   -2.532000e+00 1.296232e+02 2.440000e+02
      vertex   -2.392435e+00 1.296952e+02 2.440000e+02
    endloop
  endfacet
  facet normal 4.582265e-01 -8.888354e-01 -6.996917e-17
    outer loop
      vertex   -2.532000e+00 1.296232e+02 2.470000e+02
      vertex   -2.392435e+00 1.296952e+02 2.440000e+02
      vertex   -2.392435e+00 1.296952e+02 2.470000e+02
    endloop
  endfacet
  facet normal 3.716625e-01 -9.283679e-01 -5.501710e-17
    outer loop
      vertex   -2.392435e+00 1.296952e+02 2.470000e+02
      vertex   -2.392435e+00 1.296952e+02 2.440000e+02
      vertex   -2.246662e+00 1.297535e+02 2.440000e+02
    endloop
  endfacet
  facet normal 3.716625e-01 -9.283679e-01 0.000000e+00
    outer loop
      vertex   -2.392435e+00 1.296952e+02 2.470000e+02
      vertex   -2.246662e+00 1.297535e+02 2.440000e+02
      vertex   -2.246662e+00 1.297535e+02 2.470000e+02
    endloop
  endfacet
  facet normal 2.817326e-01 -9.594930e-01 0.000000e+00
    outer loop
      vertex   -2.246662e+00 1.297535e+02 2.470000e+02
      vertex   -2.246662e+00 1.297535e+02 2.440000e+02
      vertex   -2.096002e+00 1.297978e+02 2.440000e+02
    endloop
  endfacet
  facet normal 2.817326e-01 -9.594930e-01 4.234976e-17
    outer loop
      vertex   -2.246662e+00 1.297535e+02 2.470000e+02
      vertex   -2.096002e+00 1.297978e+02 2.440000e+02
      vertex   -2.096002e+00 1.297978e+02 2.470000e+02
    endloop
  endfacet
  facet normal 1.892512e-01 -9.819287e-01 2.801481e-17
    outer loop
      vertex   -2.096002e+00 1.297978e+02 2.470000e+02
      vertex   -2.096002e+00 1.297978e+02 2.440000e+02
      vertex   -1.941819e+00 1.298275e+02 2.440000e+02
    endloop
  endfacet
  facet normal 1.892512e-01 -9.819287e-01 0.000000e+00
    outer loop
      vertex   -2.096002e+00 1.297978e+02 2.470000e+02
      vertex   -1.941819e+00 1.298275e+02 2.440000e+02
      vertex   -1.941819e+00 1.298275e+02 2.470000e+02
    endloop
  endfacet
  facet normal 9.505604e-02 -9.954719e-01 0.000000e+00
    outer loop
      vertex   -1.941819e+00 1.298275e+02 2.470000e+02
      vertex   -1.941819e+00 1.298275e+02 2.440000e+02
      vertex   -1.785510e+00 1.298424e+02 2.440000e+02
    endloop
  endfacet
  facet normal 9.505604e-02 -9.954719e-01 1.380971e-17
    outer loop
      vertex   -1.941819e+00 1.298275e+02 2.470000e+02
      vertex   -1.785510e+00 1.298424e+02 2.440000e+02
      vertex   -1.785510e+00 1.298424e+02 2.470000e+02
    endloop
  endfacet
  facet normal 0.000000e+00 -1.000000e+00 0.000000e+00
    outer loop
      vertex   -1.785510e+00 1.298424e+02 2.470000e+02
      vertex   -1.785510e+00 1.298424e+02 2.440000e+02
      vertex   -1.628490e+00 1.298424e+02 2.440000e+02
    endloop
  endfacet
  facet normal 0.000000e+00 -1.000000e+00 0.000000e+00
    outer loop
      vertex   -1.785510e+00 1.298424e+02 2.470000e+02
      vertex   -1.628490e+00 1.298424e+02 2.440000e+02
      vertex   -1.628490e+00 1.298424e+02 2.470000e+02
    endloop
  endfacet
  facet normal -9.505604e-02 -9.954719e-01 7.035561e-18
    outer loop
      vertex   -1.628490e+00 1.298424e+02 2.470000e+02
      vertex   -1.628490e+00 1.298424e+02 2.440000e+02
      vertex   -1.472181e+00 1.298275e+02 2.440000e+02
    endloop
  endfacet
  facet normal -9.505604e-02 -9.954719e-01 -1.473035e-17
    outer loop
      vertex   -1.628490e+00 1.298424e+02 2.470000e+02
      vertex   -1.472181e+00 1.298275e+02 2.440000e+02
      vertex   -1.472181e+00 1.298275e+02 2.470000e+02
    endloop
  endfacet
  facet normal -1.892512e-01 -9.819287e-01 -2.801481e-17
    outer loop
      vertex   -1.472181e+00 1.298275e+02 2.470000e+02
      vertex   -1.472181e+00 1.298275e+02 2.440000e+02
      vertex   -1.317998e+00 1.297978e+02 2.440000e+02
    endloop
  endfacet
  facet normal -1.892512e-01 -9.819287e-01 -5.708011e-17
    outer loop
      vertex   -1.472181e+00 1.298275e+02 2.470000e+02
      vertex   -1.317998e+00 1.297978e+02 2.440000e+02
      vertex   -1.317998e+00 1.297978e+02 2.470000e+02
    endloop
  endfacet
  facet normal -2.817326e-01 -9.594930e-01 -8.340959e-17
    outer loop
      vertex   -1.317998e+00 1.297978e+02 2.470000e+02
      vertex   -1.317998e+00 1.297978e+02 2.440000e+02
      vertex   -1.167338e+00 1.297535e+02 2.440000e+02
    endloop
  endfacet
  facet normal -2.817326e-01 -9.594930e-01 0.000000e+00
    outer loop
      vertex   -1.317998e+00 1.297978e+02 2.470000e+02
      vertex   -1.167338e+00 1.297535e+02 2.440000e+02
      vertex   -1.167338e+00 1.297535e+02 2.470000e+02
    endloop
  endfacet
  facet normal -3.716625e-01 -9.283679e-01 -0.000000e+00
    outer loop
      vertex   -1.167338e+00 1.297535e+02 2.470000e+02
      vertex   -1.167338e+00 1.297535e+02 2.440000e+02
      vertex   -1.021565e+00 1.296952e+02 2.440000e+02
    endloop
  endfacet
  facet normal -3.716625e-01 -9.283679e-01 -2.946070e-17
    outer loop
      vertex   -1.167338e+00 1.297535e+02 2.470000e+02
      vertex   -1.021565e+00 1.296952e+02 2.440000e+02
      vertex   -1.021565e+00 1.296952e+02 2.470000e+02
    endloop
  endfacet
  facet normal -4.582265e-01 -8.888354e-01 -3.391558e-17
    outer loop
      vertex   -1.021565e+00 1.296952e+02 2.470000e+02
      vertex   -1.021565e+00 1.296952e+02 2.440000e+02
      vertex   -8.820000e-01 1.296232e+02 2.440000e+02
    endloop
  endfacet
  facet normal -4.582265e-01 -8.888354e-01 -1.693990e-16
    outer loop
      vertex   -1.021565e+00 1.296952e+02 2.470000e+02
      vertex   -8.820000e-01 1.296232e+02 2.440000e+02
      vertex   -8.820000e-01 1.296232e+02 2.470000e+02
    endloop
  endfacet
  facet normal -5.406408e-01 -8.412535e-01 -2.000773e-16
    outer loop
      vertex   -8.820000e-01 1.296232e+02 2.470000e+02
      vertex   -8.820000e-01 1.296232e+02 2.440000e+02
      vertex   -7.499061e-01 1.295383e+02 2.440000e+02
    endloop
  endfacet
  facet normal -5.406408e-01 -8.412535e-01 0.000000e+00
    outer loop
      vertex   -8.820000e-01 1.296232e+02 2.470000e+02
      vertex   -7.499061e-01 1.295383e+02 2.440000e+02
      vertex   -7.499061e-01 1.295383e+02 2.470000e+02
    endloop
  endfacet
  facet normal -6.181590e-01 -7.860531e-01 -0.000000e+00
    outer loop
      vertex   -7.499061e-01 1.295383e+02 2.470000e+02
      vertex   -7.499061e-01 1.295383e+02 2.440000e+02
      vertex   -6.264798e-01 1.294413e+02 2.440000e+02
    endloop
  endfacet
  facet normal -6.181590e-01 -7.860531e-01 7.309937e-15
    outer loop
      vertex   -7.499061e-01 1.295383e+02 2.470000e+02
      vertex   -6.264798e-01 1.294413e+02 2.440000e+02
      vertex   -6.264798e-01 1.294413e+02 2.470000e+02
    endloop
  endfacet
  facet normal -6.900790e-01 -7.237340e-01 6.703358e-15
    outer loop
      vertex   -6.264798e-01 1.294413e+02 2.470000e+02
      vertex   -6.264798e-01 1.294413e+02 2.440000e+02
      vertex   -5.128388e-01 1.293329e+02 2.440000e+02
    endloop
  endfacet
  facet normal -6.900790e-01 -7.237340e-01 0.000000e+00
    outer loop
      vertex   -6.264798e-01 1.294413e+02 2.470000e+02
      vertex   -5.128388e-01 1.293329e+02 2.440000e+02
      vertex   -5.128388e-01 1.293329e+02 2.470000e+02
    endloop
  endfacet
  facet normal -7.557496e-01 -6.548607e-01 -0.000000e+00
    outer loop
      vertex   -5.128388e-01 1.293329e+02 2.470000e+02
      vertex   -5.128388e-01 1.293329e+02 2.440000e+02
      vertex   -4.100124e-01 1.292143e+02 2.440000e+02
    endloop
  endfacet
  facet normal -7.557496e-01 -6.548607e-01 0.000000e+00
    outer loop
      vertex   -5.128388e-01 1.293329e+02 2.470000e+02
      vertex   -4.100124e-01 1.292143e+02 2.440000e+02
      vertex   -4.100124e-01 1.292143e+02 2.470000e+02
    endloop
  endfacet
  facet normal -8.145760e-01 -5.800569e-01 -0.000000e+00
    outer loop
      vertex   -4.100124e-01 1.292143e+02 2.470000e+02
      vertex   -4.100124e-01 1.292143e+02 2.440000e+02
      vertex   -3.189317e-01 1.290863e+02 2.440000e+02
    endloop
  endfacet
  facet normal -8.145760e-01 -5.800569e-01 -1.509861e-16
    outer loop
      vertex   -4.100124e-01 1.292143e+02 2.470000e+02
      vertex   -3.189317e-01 1.290863e+02 2.440000e+02
      vertex   -3.189317e-01 1.290863e+02 2.470000e+02
    endloop
  endfacet
  facet normal -8.660254e-01 -5.000000e-01 -1.602469e-16
    outer loop
      vertex   -3.189317e-01 1.290863e+02 2.470000e+02
      vertex   -3.189317e-01 1.290863e+02 2.440000e+02
      vertex   -2.404215e-01 1.289504e+02 2.440000e+02
    endloop
  endfacet
  facet normal -8.660254e-01 -5.000000e-01 0.000000e+00
    outer loop
      vertex   -3.189317e-01 1.290863e+02 2.470000e+02
      vertex   -2.404215e-01 1.289504e+02 2.440000e+02
      vertex   -2.404215e-01 1.289504e+02 2.470000e+02
    endloop
  endfacet
  facet normal -9.096320e-01 -4.154150e-01 -0.000000e+00
    outer loop
      vertex   -2.404215e-01 1.289504e+02 2.470000e+02
      vertex   -2.404215e-01 1.289504e+02 2.440000e+02
      vertex   -1.751929e-01 1.288075e+02 2.440000e+02
    endloop
  endfacet
  facet normal -9.096320e-01 -4.154150e-01 -8.469952e-17
    outer loop
      vertex   -2.404215e-01 1.289504e+02 2.470000e+02
      vertex   -1.751929e-01 1.288075e+02 2.440000e+02
      vertex   -1.751929e-01 1.288075e+02 2.470000e+02
    endloop
  endfacet
  facet normal -9.450008e-01 -3.270680e-01 -8.743014e-17
    outer loop
      vertex   -1.751929e-01 1.288075e+02 2.470000e+02
      vertex   -1.751929e-01 1.288075e+02 2.440000e+02
      vertex   -1.238366e-01 1.286592e+02 2.440000e+02
    endloop
  endfacet
  facet normal -9.450008e-01 -3.270680e-01 0.000000e+00
    outer loop
      vertex   -1.751929e-01 1.288075e+02 2.470000e+02
      vertex   -1.238366e-01 1.286592e+02 2.440000e+02
      vertex   -1.238366e-01 1.286592e+02 2.470000e+02
    endloop
  endfacet
  facet normal -9.718116e-01 -2.357589e-01 -0.000000e+00
    outer loop
      vertex   -1.238366e-01 1.286592e+02 2.470000e+02
      vertex   -1.238366e-01 1.286592e+02 2.440000e+02
      vertex   -8.681765e-02 1.285066e+02 2.440000e+02
    endloop
  endfacet
  facet normal -9.718116e-01 -2.357589e-01 0.000000e+00
    outer loop
      vertex   -1.238366e-01 1.286592e+02 2.470000e+02
      vertex   -8.681765e-02 1.285066e+02 2.440000e+02
      vertex   -8.681765e-02 1.285066e+02 2.470000e+02
    endloop
  endfacet
  facet normal -9.898214e-01 -1.423148e-01 -0.000000e+00
    outer loop
      vertex   -8.681765e-02 1.285066e+02 2.470000e+02
      vertex   -8.681765e-02 1.285066e+02 2.440000e+02
      vertex   -6.447133e-02 1.283511e+02 2.440000e+02
    endloop
  endfacet
  facet normal 0.000000e+00 9.993628e-01 -3.569233e-02
    outer loop
      vertex   -1.170700e+01 1.182019e+02 2.412140e+02
      vertex   -7.707000e+00 1.182019e+02 2.412140e+02
      vertex   -1.170700e+01 1.181943e+02 2.410000e+02
    endloop
  endfacet
  facet normal 0.000000e+00 9.993628e-01 -3.569233e-02
    outer loop
      vertex   -1.170700e+01 1.181943e+02 2.410000e+02
      vertex   -7.707000e+00 1.182019e+02 2.412140e+02
      vertex   -3.707000e+00 1.182019e+02 2.412140e+02
    endloop
  endfacet
  facet normal 0.000000e+00 9.993628e-01 -3.569233e-02
    outer loop
      vertex   -1.170700e+01 1.181943e+02 2.410000e+02
      vertex   -3.707000e+00 1.182019e+02 2.412140e+02
      vertex   2.930000e-01 1.182019e+02 2.412140e+02
    endloop
  endfacet
  facet normal 0.000000e+00 9.942703e-01 -1.068951e-01
    outer loop
      vertex   2.930000e-01 1.182019e+02 2.412140e+02
      vertex   -3.707000e+00 1.182019e+02 2.412140e+02
      vertex   2.930000e-01 1.182248e+02 2.414269e+02
    endloop
  endfacet
  facet normal 0.000000e+00 9.942703e-01 -1.068951e-01
    outer loop
      vertex   2.930000e-01 1.182019e+02 2.412140e+02
      vertex   2.930000e-01 1.182248e+02 2.414269e+02
      vertex   4.293000e+00 1.182248e+02 2.414269e+02
    endloop
  endfacet
  facet normal 0.000000e+00 9.841112e-01 -1.775532e-01
    outer loop
      vertex   4.293000e+00 1.182248e+02 2.414269e+02
      vertex   2.930000e-01 1.182248e+02 2.414269e+02
      vertex   4.293000e+00 1.182629e+02 2.416377e+02
    endloop
  endfacet
  facet normal -3.497328e-15 9.841112e-01 -1.775532e-01
    outer loop
      vertex   4.293000e+00 1.182248e+02 2.414269e+02
      vertex   4.293000e+00 1.182629e+02 2.416377e+02
      vertex   8.293000e+00 1.182629e+02 2.416377e+02
    endloop
  endfacet
  facet normal -3.442357e-15 9.689373e-01 -2.473065e-01
    outer loop
      vertex   8.293000e+00 1.182629e+02 2.416377e+02
      vertex   4.293000e+00 1.182629e+02 2.416377e+02
      vertex   8.293000e+00 1.183158e+02 2.418452e+02
    endloop
  endfacet
  facet normal -3.442357e-15 9.689373e-01 -2.473065e-01
    outer loop
      vertex   8.293000e+00 1.183158e+02 2.418452e+02
      vertex   4.293000e+00 1.182629e+02 2.416377e+02
      vertex   4.293000e+00 1.183158e+02 2.418452e+02
    endloop
  endfacet
  facet normal -3.370907e-15 9.488259e-01 -3.157996e-01
    outer loop
      vertex   8.293000e+00 1.183158e+02 2.418452e+02
      vertex   4.293000e+00 1.183158e+02 2.418452e+02
      vertex   8.293000e+00 1.183834e+02 2.420484e+02
    endloop
  endfacet
  facet normal 3.370907e-15 9.488259e-01 -3.157996e-01
    outer loop
      vertex   8.293000e+00 1.183834e+02 2.420484e+02
      vertex   4.293000e+00 1.183158e+02 2.418452e+02
      vertex   4.293000e+00 1.183834e+02 2.420484e+02
    endloop
  endfacet
  facet normal 3.282279e-15 9.238795e-01 -3.826834e-01
    outer loop
      vertex   8.293000e+00 1.183834e+02 2.420484e+02
      vertex   4.293000e+00 1.183834e+02 2.420484e+02
      vertex   8.293000e+00 1.184654e+02 2.422462e+02
    endloop
  endfacet
  facet normal 0.000000e+00 9.238795e-01 -3.826834e-01
    outer loop
      vertex   8.293000e+00 1.184654e+02 2.422462e+02
      vertex   4.293000e+00 1.183834e+02 2.420484e+02
      vertex   4.293000e+00 1.184654e+02 2.422462e+02
    endloop
  endfacet
  facet normal 0.000000e+00 8.942253e-01 -4.476172e-01
    outer loop
      vertex   8.293000e+00 1.184654e+02 2.422462e+02
      vertex   4.293000e+00 1.184654e+02 2.422462e+02
      vertex   8.293000e+00 1.185613e+02 2.424377e+02
    endloop
  endfacet
  facet normal 0.000000e+00 8.942253e-01 -4.476172e-01
    outer loop
      vertex   8.293000e+00 1.185613e+02 2.424377e+02
      vertex   4.293000e+00 1.184654e+02 2.422462e+02
      vertex   4.293000e+00 1.185613e+02 2.424377e+02
    endloop
  endfacet
  facet normal 0.000000e+00 8.600142e-01 -5.102700e-01
    outer loop
      vertex   8.293000e+00 1.185613e+02 2.424377e+02
      vertex   4.293000e+00 1.185613e+02 2.424377e+02
      vertex   8.293000e+00 1.186705e+02 2.426219e+02
    endloop
  endfacet
  facet normal 0.000000e+00 8.600142e-01 -5.102700e-01
    outer loop
      vertex   8.293000e+00 1.186705e+02 2.426219e+02
      vertex   4.293000e+00 1.185613e+02 2.424377e+02
      vertex   4.293000e+00 1.186705e+02 2.426219e+02
    endloop
  endfacet
  facet normal 0.000000e+00 8.214208e-01 -5.703226e-01
    outer loop
      vertex   8.293000e+00 1.186705e+02 2.426219e+02
      vertex   4.293000e+00 1.186705e+02 2.426219e+02
      vertex   8.293000e+00 1.187927e+02 2.427978e+02
    endloop
  endfacet
  facet normal 2.918273e-15 8.214208e-01 -5.703226e-01
    outer loop
      vertex   8.293000e+00 1.187927e+02 2.427978e+02
      vertex   4.293000e+00 1.186705e+02 2.426219e+02
      vertex   4.293000e+00 1.187927e+02 2.427978e+02
    endloop
  endfacet
  facet normal 2.766290e-15 7.786415e-01 -6.274690e-01
    outer loop
      vertex   8.293000e+00 1.187927e+02 2.427978e+02
      vertex   4.293000e+00 1.187927e+02 2.427978e+02
      vertex   8.293000e+00 1.189270e+02 2.429646e+02
    endloop
  endfacet
  facet normal 0.000000e+00 7.786415e-01 -6.274690e-01
    outer loop
      vertex   8.293000e+00 1.189270e+02 2.429646e+02
      vertex   4.293000e+00 1.187927e+02 2.427978e+02
      vertex   4.293000e+00 1.189270e+02 2.429646e+02
    endloop
  endfacet
  facet normal 0.000000e+00 7.318945e-01 -6.814179e-01
    outer loop
      vertex   8.293000e+00 1.189270e+02 2.429646e+02
      vertex   4.293000e+00 1.189270e+02 2.429646e+02
      vertex   8.293000e+00 1.190730e+02 2.431213e+02
    endloop
  endfacet
  facet normal 0.000000e+00 7.318945e-01 -6.814179e-01
    outer loop
      vertex   8.293000e+00 1.190730e+02 2.431213e+02
      vertex   4.293000e+00 1.189270e+02 2.429646e+02
      vertex   4.293000e+00 1.190730e+02 2.431213e+02
    endloop
  endfacet
  facet normal 0.000000e+00 6.814179e-01 -7.318945e-01
    outer loop
      vertex   8.293000e+00 1.190730e+02 2.431213e+02
      vertex   4.293000e+00 1.190730e+02 2.431213e+02
      vertex   8.293000e+00 1.192297e+02 2.432672e+02
    endloop
  endfacet
  facet normal 0.000000e+00 6.814179e-01 -7.318945e-01
    outer loop
      vertex   8.293000e+00 1.192297e+02 2.432672e+02
      vertex   4.293000e+00 1.190730e+02 2.431213e+02
      vertex   4.293000e+00 1.192297e+02 2.432672e+02
    endloop
  endfacet
  facet normal 0.000000e+00 6.274690e-01 -7.786415e-01
    outer loop
      vertex   8.293000e+00 1.192297e+02 2.432672e+02
      vertex   4.293000e+00 1.192297e+02 2.432672e+02
      vertex   8.293000e+00 1.193965e+02 2.434016e+02
    endloop
  endfacet
  facet normal 7.761799e-15 6.274690e-01 -7.786415e-01
    outer loop
      vertex   8.293000e+00 1.193965e+02 2.434016e+02
      vertex   4.293000e+00 1.192297e+02 2.432672e+02
      vertex   4.293000e+00 1.193965e+02 2.434016e+02
    endloop
  endfacet
  facet normal 7.862739e-15 5.703226e-01 -8.214208e-01
    outer loop
      vertex   8.293000e+00 1.193965e+02 2.434016e+02
      vertex   4.293000e+00 1.193965e+02 2.434016e+02
      vertex   8.293000e+00 1.195724e+02 2.435238e+02
    endloop
  endfacet
  facet normal 0.000000e+00 5.703226e-01 -8.214208e-01
    outer loop
      vertex   8.293000e+00 1.195724e+02 2.435238e+02
      vertex   4.293000e+00 1.193965e+02 2.434016e+02
      vertex   4.293000e+00 1.195724e+02 2.435238e+02
    endloop
  endfacet
  facet normal 0.000000e+00 5.102700e-01 -8.600142e-01
    outer loop
      vertex   8.293000e+00 1.195724e+02 2.435238e+02
      vertex   4.293000e+00 1.195724e+02 2.435238e+02
      vertex   8.293000e+00 1.197565e+02 2.436330e+02
    endloop
  endfacet
  facet normal 0.000000e+00 5.102700e-01 -8.600142e-01
    outer loop
      vertex   8.293000e+00 1.197565e+02 2.436330e+02
      vertex   4.293000e+00 1.195724e+02 2.435238e+02
      vertex   4.293000e+00 1.197565e+02 2.436330e+02
    endloop
  endfacet
  facet normal 0.000000e+00 4.476172e-01 -8.942253e-01
    outer loop
      vertex   8.293000e+00 1.197565e+02 2.436330e+02
      vertex   4.293000e+00 1.197565e+02 2.436330e+02
      vertex   8.293000e+00 1.199480e+02 2.437289e+02
    endloop
  endfacet
  facet normal 0.000000e+00 4.476172e-01 -8.942253e-01
    outer loop
      vertex   8.293000e+00 1.199480e+02 2.437289e+02
      vertex   4.293000e+00 1.197565e+02 2.436330e+02
      vertex   4.293000e+00 1.199480e+02 2.437289e+02
    endloop
  endfacet
  facet normal 0.000000e+00 3.826834e-01 -9.238795e-01
    outer loop
      vertex   8.293000e+00 1.199480e+02 2.437289e+02
      vertex   4.293000e+00 1.199480e+02 2.437289e+02
      vertex   8.293000e+00 1.201459e+02 2.438108e+02
    endloop
  endfacet
  facet normal 0.000000e+00 3.826834e-01 -9.238795e-01
    outer loop
      vertex   8.293000e+00 1.201459e+02 2.438108e+02
      vertex   4.293000e+00 1.199480e+02 2.437289e+02
      vertex   4.293000e+00 1.201459e+02 2.438108e+02
    endloop
  endfacet
  facet normal 0.000000e+00 3.157996e-01 -9.488259e-01
    outer loop
      vertex   8.293000e+00 1.201459e+02 2.438108e+02
      vertex   4.293000e+00 1.201459e+02 2.438108e+02
      vertex   8.293000e+00 1.203491e+02 2.438785e+02
    endloop
  endfacet
  facet normal 0.000000e+00 3.157996e-01 -9.488259e-01
    outer loop
      vertex   8.293000e+00 1.203491e+02 2.438785e+02
      vertex   4.293000e+00 1.201459e+02 2.438108e+02
      vertex   4.293000e+00 1.203491e+02 2.438785e+02
    endloop
  endfacet
  facet normal 0.000000e+00 2.473065e-01 -9.689373e-01
    outer loop
      vertex   8.293000e+00 1.203491e+02 2.438785e+02
      vertex   4.293000e+00 1.203491e+02 2.438785e+02
      vertex   8.293000e+00 1.205566e+02 2.439314e+02
    endloop
  endfacet
  facet normal 0.000000e+00 2.473065e-01 -9.689373e-01
    outer loop
      vertex   8.293000e+00 1.205566e+02 2.439314e+02
      vertex   4.293000e+00 1.203491e+02 2.438785e+02
      vertex   4.293000e+00 1.205566e+02 2.439314e+02
    endloop
  endfacet
  facet normal 0.000000e+00 1.775532e-01 -9.841112e-01
    outer loop
      vertex   8.293000e+00 1.205566e+02 2.439314e+02
      vertex   4.293000e+00 1.205566e+02 2.439314e+02
      vertex   8.293000e+00 1.207673e+02 2.439695e+02
    endloop
  endfacet
  facet normal 0.000000e+00 1.775532e-01 -9.841112e-01
    outer loop
      vertex   8.293000e+00 1.207673e+02 2.439695e+02
      vertex   4.293000e+00 1.205566e+02 2.439314e+02
      vertex   4.293000e+00 1.207673e+02 2.439695e+02
    endloop
  endfacet
  facet normal 0.000000e+00 1.068951e-01 -9.942703e-01
    outer loop
      vertex   8.293000e+00 1.207673e+02 2.439695e+02
      vertex   4.293000e+00 1.207673e+02 2.439695e+02
      vertex   8.293000e+00 1.209803e+02 2.439924e+02
    endloop
  endfacet
  facet normal 0.000000e+00 1.068951e-01 -9.942703e-01
    outer loop
      vertex   8.293000e+00 1.209803e+02 2.439924e+02
      vertex   4.293000e+00 1.207673e+02 2.439695e+02
      vertex   4.293000e+00 1.209803e+02 2.439924e+02
    endloop
  endfacet
  facet normal 0.000000e+00 3.569233e-02 -9.993628e-01
    outer loop
      vertex   8.293000e+00 1.209803e+02 2.439924e+02
      vertex   4.293000e+00 1.209803e+02 2.439924e+02
      vertex   8.293000e+00 1.211943e+02 2.440000e+02
    endloop
  endfacet
  facet normal 0.000000e+00 3.569233e-02 -9.993628e-01
    outer loop
      vertex   8.293000e+00 1.211943e+02 2.440000e+02
      vertex   4.293000e+00 1.209803e+02 2.439924e+02
      vertex   2.930000e-01 1.209803e+02 2.439924e+02
    endloop
  endfacet
  facet normal 0.000000e+00 3.569233e-02 -9.993628e-01
    outer loop
      vertex   8.293000e+00 1.211943e+02 2.440000e+02
      vertex   2.930000e-01 1.209803e+02 2.439924e+02
      vertex   -3.707000e+00 1.209803e+02 2.439924e+02
    endloop
  endfacet
  facet normal 0.000000e+00 1.068951e-01 -9.942703e-01
    outer loop
      vertex   -3.707000e+00 1.209803e+02 2.439924e+02
      vertex   2.930000e-01 1.209803e+02 2.439924e+02
      vertex   -3.707000e+00 1.207673e+02 2.439695e+02
    endloop
  endfacet
  facet normal 0.000000e+00 1.068951e-01 -9.942703e-01
    outer loop
      vertex   -3.707000e+00 1.209803e+02 2.439924e+02
      vertex   -3.707000e+00 1.207673e+02 2.439695e+02
      vertex   -7.707000e+00 1.207673e+02 2.439695e+02
    endloop
  endfacet
  facet normal 0.000000e+00 1.775532e-01 -9.841112e-01
    outer loop
      vertex   -7.707000e+00 1.207673e+02 2.439695e+02
      vertex   -3.707000e+00 1.207673e+02 2.439695e+02
      vertex   -7.707000e+00 1.205566e+02 2.439314e+02
    endloop
  endfacet
  facet normal 0.000000e+00 1.775532e-01 -9.841112e-01
    outer loop
      vertex   -7.707000e+00 1.207673e+02 2.439695e+02
      vertex   -7.707000e+00 1.205566e+02 2.439314e+02
      vertex   -1.170700e+01 1.205566e+02 2.439314e+02
    endloop
  endfacet
  facet normal 0.000000e+00 2.473065e-01 -9.689373e-01
    outer loop
      vertex   -1.170700e+01 1.205566e+02 2.439314e+02
      vertex   -7.707000e+00 1.205566e+02 2.439314e+02
      vertex   -1.170700e+01 1.203491e+02 2.438785e+02
    endloop
  endfacet
  facet normal 0.000000e+00 2.473065e-01 -9.689373e-01
    outer loop
      vertex   -1.170700e+01 1.203491e+02 2.438785e+02
      vertex   -7.707000e+00 1.205566e+02 2.439314e+02
      vertex   -7.707000e+00 1.203491e+02 2.438785e+02
    endloop
  endfacet
  facet normal 0.000000e+00 3.157996e-01 -9.488259e-01
    outer loop
      vertex   -1.170700e+01 1.203491e+02 2.438785e+02
      vertex   -7.707000e+00 1.203491e+02 2.438785e+02
      vertex   -1.170700e+01 1.201459e+02 2.438108e+02
    endloop
  endfacet
  facet normal 0.000000e+00 3.157996e-01 -9.488259e-01
    outer loop
      vertex   -1.170700e+01 1.201459e+02 2.438108e+02
      vertex   -7.707000e+00 1.203491e+02 2.438785e+02
      vertex   -7.707000e+00 1.201459e+02 2.438108e+02
    endloop
  endfacet
  facet normal 0.000000e+00 3.826834e-01 -9.238795e-01
    outer loop
      vertex   -1.170700e+01 1.201459e+02 2.438108e+02
      vertex   -7.707000e+00 1.201459e+02 2.438108e+02
      vertex   -1.170700e+01 1.199480e+02 2.437289e+02
    endloop
  endfacet
  facet normal 0.000000e+00 3.826834e-01 -9.238795e-01
    outer loop
      vertex   -1.170700e+01 1.199480e+02 2.437289e+02
      vertex   -7.707000e+00 1.201459e+02 2.438108e+02
      vertex   -7.707000e+00 1.199480e+02 2.437289e+02
    endloop
  endfacet
  facet normal 0.000000e+00 4.476172e-01 -8.942253e-01
    outer loop
      vertex   -1.170700e+01 1.199480e+02 2.437289e+02
      vertex   -7.707000e+00 1.199480e+02 2.437289e+02
      vertex   -1.170700e+01 1.197565e+02 2.436330e+02
    endloop
  endfacet
  facet normal 0.000000e+00 4.476172e-01 -8.942253e-01
    outer loop
      vertex   -1.170700e+01 1.197565e+02 2.436330e+02
      vertex   -7.707000e+00 1.199480e+02 2.437289e+02
      vertex   -7.707000e+00 1.197565e+02 2.436330e+02
    endloop
  endfacet
  facet normal 0.000000e+00 5.102700e-01 -8.600142e-01
    outer loop
      vertex   -1.170700e+01 1.197565e+02 2.436330e+02
      vertex   -7.707000e+00 1.197565e+02 2.436330e+02
      vertex   -1.170700e+01 1.195724e+02 2.435238e+02
    endloop
  endfacet
  facet normal 0.000000e+00 5.102700e-01 -8.600142e-01
    outer loop
      vertex   -1.170700e+01 1.195724e+02 2.435238e+02
      vertex   -7.707000e+00 1.197565e+02 2.436330e+02
      vertex   -7.707000e+00 1.195724e+02 2.435238e+02
    endloop
  endfacet
  facet normal 0.000000e+00 5.703226e-01 -8.214208e-01
    outer loop
      vertex   -1.170700e+01 1.195724e+02 2.435238e+02
      vertex   -7.707000e+00 1.195724e+02 2.435238e+02
      vertex   -1.170700e+01 1.193965e+02 2.434016e+02
    endloop
  endfacet
  facet normal -7.862739e-15 5.703226e-01 -8.214208e-01
    outer loop
      vertex   -1.170700e+01 1.193965e+02 2.434016e+02
      vertex   -7.707000e+00 1.195724e+02 2.435238e+02
      vertex   -7.707000e+00 1.193965e+02 2.434016e+02
    endloop
  endfacet
  facet normal -7.761799e-15 6.274690e-01 -7.786415e-01
    outer loop
      vertex   -1.170700e+01 1.193965e+02 2.434016e+02
      vertex   -7.707000e+00 1.193965e+02 2.434016e+02
      vertex   -1.170700e+01 1.192297e+02 2.432672e+02
    endloop
  endfacet
  facet normal 0.000000e+00 6.274690e-01 -7.786415e-01
    outer loop
      vertex   -1.170700e+01 1.192297e+02 2.432672e+02
      vertex   -7.707000e+00 1.193965e+02 2.434016e+02
      vertex   -7.707000e+00 1.192297e+02 2.432672e+02
    endloop
  endfacet
  facet normal 0.000000e+00 6.814179e-01 -7.318945e-01
    outer loop
      vertex   -1.170700e+01 1.192297e+02 2.432672e+02
      vertex   -7.707000e+00 1.192297e+02 2.432672e+02
      vertex   -1.170700e+01 1.190730e+02 2.431213e+02
    endloop
  endfacet
  facet normal 0.000000e+00 6.814179e-01 -7.318945e-01
    outer loop
      vertex   -1.170700e+01 1.190730e+02 2.431213e+02
      vertex   -7.707000e+00 1.192297e+02 2.432672e+02
      vertex   -7.707000e+00 1.190730e+02 2.431213e+02
    endloop
  endfacet
  facet normal 0.000000e+00 7.318945e-01 -6.814179e-01
    outer loop
      vertex   -1.170700e+01 1.190730e+02 2.431213e+02
      vertex   -7.707000e+00 1.190730e+02 2.431213e+02
      vertex   -1.170700e+01 1.189270e+02 2.429646e+02
    endloop
  endfacet
  facet normal 0.000000e+00 7.318945e-01 -6.814179e-01
    outer loop
      vertex   -1.170700e+01 1.189270e+02 2.429646e+02
      vertex   -7.707000e+00 1.190730e+02 2.431213e+02
      vertex   -7.707000e+00 1.189270e+02 2.429646e+02
    endloop
  endfacet
  facet normal 0.000000e+00 7.786415e-01 -6.274690e-01
    outer loop
      vertex   -1.170700e+01 1.189270e+02 2.429646e+02
      vertex   -7.707000e+00 1.189270e+02 2.429646e+02
      vertex   -1.170700e+01 1.187927e+02 2.427978e+02
    endloop
  endfacet
  facet normal -2.766290e-15 7.786415e-01 -6.274690e-01
    outer loop
      vertex   -1.170700e+01 1.187927e+02 2.427978e+02
      vertex   -7.707000e+00 1.189270e+02 2.429646e+02
      vertex   -7.707000e+00 1.187927e+02 2.427978e+02
    endloop
  endfacet
  facet normal -2.918273e-15 8.214208e-01 -5.703226e-01
    outer loop
      vertex   -1.170700e+01 1.187927e+02 2.427978e+02
      vertex   -7.707000e+00 1.187927e+02 2.427978e+02
      vertex   -1.170700e+01 1.186705e+02 2.426219e+02
    endloop
  endfacet
  facet normal 0.000000e+00 8.214208e-01 -5.703226e-01
    outer loop
      vertex   -1.170700e+01 1.186705e+02 2.426219e+02
      vertex   -7.707000e+00 1.187927e+02 2.427978e+02
      vertex   -7.707000e+00 1.186705e+02 2.426219e+02
    endloop
  endfacet
  facet normal 0.000000e+00 8.600142e-01 -5.102700e-01
    outer loop
      vertex   -1.170700e+01 1.186705e+02 2.426219e+02
      vertex   -7.707000e+00 1.186705e+02 2.426219e+02
      vertex   -1.170700e+01 1.185613e+02 2.424377e+02
    endloop
  endfacet
  facet normal 0.000000e+00 8.600142e-01 -5.102700e-01
    outer loop
      vertex   -1.170700e+01 1.185613e+02 2.424377e+02
      vertex   -7.707000e+00 1.186705e+02 2.426219e+02
      vertex   -7.707000e+00 1.185613e+02 2.424377e+02
    endloop
  endfacet
  facet normal 0.000000e+00 8.942253e-01 -4.476172e-01
    outer loop
      vertex   -1.170700e+01 1.185613e+02 2.424377e+02
      vertex   -7.707000e+00 1.185613e+02 2.424377e+02
      vertex   -1.170700e+01 1.184654e+02 2.422462e+02
    endloop
  endfacet
  facet normal 0.000000e+00 8.942253e-01 -4.476172e-01
    outer loop
      vertex   -1.170700e+01 1.184654e+02 2.422462e+02
      vertex   -7.707000e+00 1.185613e+02 2.424377e+02
      vertex   -7.707000e+00 1.184654e+02 2.422462e+02
    endloop
  endfacet
  facet normal 0.000000e+00 9.238795e-01 -3.826834e-01
    outer loop
      vertex   -1.170700e+01 1.184654e+02 2.422462e+02
      vertex   -7.707000e+00 1.184654e+02 2.422462e+02
      vertex   -1.170700e+01 1.183834e+02 2.420484e+02
    endloop
  endfacet
  facet normal -3.282279e-15 9.238795e-01 -3.826834e-01
    outer loop
      vertex   -1.170700e+01 1.183834e+02 2.420484e+02
      vertex   -7.707000e+00 1.184654e+02 2.422462e+02
      vertex   -7.707000e+00 1.183834e+02 2.420484e+02
    endloop
  endfacet
  facet normal -3.370907e-15 9.488259e-01 -3.157996e-01
    outer loop
      vertex   -1.170700e+01 1.183834e+02 2.420484e+02
      vertex   -7.707000e+00 1.183834e+02 2.420484e+02
      vertex   -1.170700e+01 1.183158e+02 2.418452e+02
    endloop
  endfacet
  facet normal 3.370907e-15 9.488259e-01 -3.157996e-01
    outer loop
      vertex   -1.170700e+01 1.183158e+02 2.418452e+02
      vertex   -7.707000e+00 1.183834e+02 2.420484e+02
      vertex   -7.707000e+00 1.183158e+02 2.418452e+02
    endloop
  endfacet
  facet normal 3.442357e-15 9.689373e-01 -2.473065e-01
    outer loop
      vertex   -1.170700e+01 1.183158e+02 2.418452e+02
      vertex   -7.707000e+00 1.183158e+02 2.418452e+02
      vertex   -1.170700e+01 1.182629e+02 2.416377e+02
    endloop
  endfacet
  facet normal 3.442357e-15 9.689373e-01 -2.473065e-01
    outer loop
      vertex   -1.170700e+01 1.182629e+02 2.416377e+02
      vertex   -7.707000e+00 1.183158e+02 2.418452e+02
      vertex   -7.707000e+00 1.182629e+02 2.416377e+02
    endloop
  endfacet
  facet normal 3.496265e-15 9.841112e-01 -1.775532e-01
    outer loop
      vertex   -1.170700e+01 1.182629e+02 2.416377e+02
      vertex   -7.707000e+00 1.182629e+02 2.416377e+02
      vertex   -1.170700e+01 1.182248e+02 2.414269e+02
    endloop
  endfacet
  facet normal 0.000000e+00 9.841112e-01 -1.775532e-01
    outer loop
      vertex   -1.170700e+01 1.182248e+02 2.414269e+02
      vertex   -7.707000e+00 1.182629e+02 2.416377e+02
      vertex   -7.707000e+00 1.182248e+02 2.414269e+02
    endloop
  endfacet
  facet normal 0.000000e+00 9.942703e-01 -1.068951e-01
    outer loop
      vertex   -1.170700e+01 1.182248e+02 2.414269e+02
      vertex   -7.707000e+00 1.182248e+02 2.414269e+02
      vertex   -1.170700e+01 1.182019e+02 2.412140e+02
    endloop
  endfacet
  facet normal 0.000000e+00 9.942703e-01 -1.068951e-01
    outer loop
      vertex   -1.170700e+01 1.182019e+02 2.412140e+02
      vertex   -7.707000e+00 1.182248e+02 2.414269e+02
      vertex   -7.707000e+00 1.182019e+02 2.412140e+02
    endloop
  endfacet
  facet normal 0.000000e+00 1.775532e-01 -9.841112e-01
    outer loop
      vertex   -1.170700e+01 1.205566e+02 2.439314e+02
      vertex   -1.170700e+01 1.207673e+02 2.439695e+02
      vertex   -7.707000e+00 1.207673e+02 2.439695e+02
    endloop
  endfacet
  facet normal 0.000000e+00 1.068951e-01 -9.942703e-01
    outer loop
      vertex   -7.707000e+00 1.207673e+02 2.439695e+02
      vertex   -1.170700e+01 1.207673e+02 2.439695e+02
      vertex   -7.707000e+00 1.209803e+02 2.439924e+02
    endloop
  endfacet
  facet normal 0.000000e+00 1.068951e-01 -9.942703e-01
    outer loop
      vertex   -7.707000e+00 1.207673e+02 2.439695e+02
      vertex   -7.707000e+00 1.209803e+02 2.439924e+02
      vertex   -3.707000e+00 1.209803e+02 2.439924e+02
    endloop
  endfacet
  facet normal 0.000000e+00 3.569233e-02 -9.993628e-01
    outer loop
      vertex   -3.707000e+00 1.209803e+02 2.439924e+02
      vertex   -7.707000e+00 1.209803e+02 2.439924e+02
      vertex   -1.170700e+01 1.211943e+02 2.440000e+02
    endloop
  endfacet
  facet normal 0.000000e+00 3.569233e-02 -9.993628e-01
    outer loop
      vertex   -3.707000e+00 1.209803e+02 2.439924e+02
      vertex   -1.170700e+01 1.211943e+02 2.440000e+02
      vertex   8.293000e+00 1.211943e+02 2.440000e+02
    endloop
  endfacet
  facet normal 0.000000e+00 1.068951e-01 -9.942703e-01
    outer loop
      vertex   -1.170700e+01 1.207673e+02 2.439695e+02
      vertex   -1.170700e+01 1.209803e+02 2.439924e+02
      vertex   -7.707000e+00 1.209803e+02 2.439924e+02
    endloop
  endfacet
  facet normal 0.000000e+00 3.569233e-02 -9.993628e-01
    outer loop
      vertex   -7.707000e+00 1.209803e+02 2.439924e+02
      vertex   -1.170700e+01 1.209803e+02 2.439924e+02
      vertex   -1.170700e+01 1.211943e+02 2.440000e+02
    endloop
  endfacet
  facet normal 0.000000e+00 9.841112e-01 -1.775532e-01
    outer loop
      vertex   8.293000e+00 1.182629e+02 2.416377e+02
      vertex   8.293000e+00 1.182248e+02 2.414269e+02
      vertex   4.293000e+00 1.182248e+02 2.414269e+02
    endloop
  endfacet
  facet normal 0.000000e+00 9.942703e-01 -1.068951e-01
    outer loop
      vertex   4.293000e+00 1.182248e+02 2.414269e+02
      vertex   8.293000e+00 1.182248e+02 2.414269e+02
      vertex   4.293000e+00 1.182019e+02 2.412140e+02
    endloop
  endfacet
  facet normal 0.000000e+00 9.942703e-01 -1.068951e-01
    outer loop
      vertex   4.293000e+00 1.182248e+02 2.414269e+02
      vertex   4.293000e+00 1.182019e+02 2.412140e+02
      vertex   2.930000e-01 1.182019e+02 2.412140e+02
    endloop
  endfacet
  facet normal 0.000000e+00 9.993628e-01 -3.569233e-02
    outer loop
      vertex   2.930000e-01 1.182019e+02 2.412140e+02
      vertex   4.293000e+00 1.182019e+02 2.412140e+02
      vertex   8.293000e+00 1.181943e+02 2.410000e+02
    endloop
  endfacet
  facet normal 0.000000e+00 9.993628e-01 -3.569233e-02
    outer loop
      vertex   2.930000e-01 1.182019e+02 2.412140e+02
      vertex   8.293000e+00 1.181943e+02 2.410000e+02
      vertex   -1.170700e+01 1.181943e+02 2.410000e+02
    endloop
  endfacet
  facet normal 0.000000e+00 9.942703e-01 -1.068951e-01
    outer loop
      vertex   8.293000e+00 1.182248e+02 2.414269e+02
      vertex   8.293000e+00 1.182019e+02 2.412140e+02
      vertex   4.293000e+00 1.182019e+02 2.412140e+02
    endloop
  endfacet
  facet normal 0.000000e+00 9.993628e-01 -3.569233e-02
    outer loop
      vertex   4.293000e+00 1.182019e+02 2.412140e+02
      vertex   8.293000e+00 1.182019e+02 2.412140e+02
      vertex   8.293000e+00 1.181943e+02 2.410000e+02
    endloop
  endfacet
  facet normal 0.000000e+00 9.942703e-01 -1.068951e-01
    outer loop
      vertex   -3.707000e+00 1.182019e+02 2.412140e+02
      vertex   -7.707000e+00 1.182019e+02 2.412140e+02
      vertex   -3.707000e+00 1.182248e+02 2.414269e+02
    endloop
  endfacet
  facet normal 0.000000e+00 9.942703e-01 -1.068951e-01
    outer loop
      vertex   -3.707000e+00 1.182248e+02 2.414269e+02
      vertex   -7.707000e+00 1.182019e+02 2.412140e+02
      vertex   -7.707000e+00 1.182248e+02 2.414269e+02
    endloop
  endfacet
  facet normal 0.000000e+00 9.841112e-01 -1.775532e-01
    outer loop
      vertex   -3.707000e+00 1.182248e+02 2.414269e+02
      vertex   -7.707000e+00 1.182248e+02 2.414269e+02
      vertex   -3.707000e+00 1.182629e+02 2.416377e+02
    endloop
  endfacet
  facet normal 0.000000e+00 9.841112e-01 -1.775532e-01
    outer loop
      vertex   -3.707000e+00 1.182629e+02 2.416377e+02
      vertex   -7.707000e+00 1.182248e+02 2.414269e+02
      vertex   -7.707000e+00 1.182629e+02 2.416377e+02
    endloop
  endfacet
  facet normal 0.000000e+00 9.689373e-01 -2.473065e-01
    outer loop
      vertex   -3.707000e+00 1.182629e+02 2.416377e+02
      vertex   -7.707000e+00 1.182629e+02 2.416377e+02
      vertex   -3.707000e+00 1.183158e+02 2.418452e+02
    endloop
  endfacet
  facet normal 0.000000e+00 9.689373e-01 -2.473065e-01
    outer loop
      vertex   -3.707000e+00 1.183158e+02 2.418452e+02
      vertex   -7.707000e+00 1.182629e+02 2.416377e+02
      vertex   -7.707000e+00 1.183158e+02 2.418452e+02
    endloop
  endfacet
  facet normal 0.000000e+00 9.488259e-01 -3.157996e-01
    outer loop
      vertex   -3.707000e+00 1.183158e+02 2.418452e+02
      vertex   -7.707000e+00 1.183158e+02 2.418452e+02
      vertex   -3.707000e+00 1.183834e+02 2.420484e+02
    endloop
  endfacet
  facet normal 0.000000e+00 9.488259e-01 -3.157996e-01
    outer loop
      vertex   -3.707000e+00 1.183834e+02 2.420484e+02
      vertex   -7.707000e+00 1.183158e+02 2.418452e+02
      vertex   -7.707000e+00 1.183834e+02 2.420484e+02
    endloop
  endfacet
  facet normal 0.000000e+00 9.238795e-01 -3.826834e-01
    outer loop
      vertex   -3.707000e+00 1.183834e+02 2.420484e+02
      vertex   -7.707000e+00 1.183834e+02 2.420484e+02
      vertex   -3.707000e+00 1.184654e+02 2.422462e+02
    endloop
  endfacet
  facet normal 0.000000e+00 9.238795e-01 -3.826834e-01
    outer loop
      vertex   -3.707000e+00 1.184654e+02 2.422462e+02
      vertex   -7.707000e+00 1.183834e+02 2.420484e+02
      vertex   -7.707000e+00 1.184654e+02 2.422462e+02
    endloop
  endfacet
  facet normal 0.000000e+00 8.942253e-01 -4.476172e-01
    outer loop
      vertex   -3.707000e+00 1.184654e+02 2.422462e+02
      vertex   -7.707000e+00 1.184654e+02 2.422462e+02
      vertex   -3.707000e+00 1.185613e+02 2.424377e+02
    endloop
  endfacet
  facet normal 0.000000e+00 8.942253e-01 -4.476172e-01
    outer loop
      vertex   -3.707000e+00 1.185613e+02 2.424377e+02
      vertex   -7.707000e+00 1.184654e+02 2.422462e+02
      vertex   -7.707000e+00 1.185613e+02 2.424377e+02
    endloop
  endfacet
  facet normal 0.000000e+00 8.600142e-01 -5.102700e-01
    outer loop
      vertex   -3.707000e+00 1.185613e+02 2.424377e+02
      vertex   -7.707000e+00 1.185613e+02 2.424377e+02
      vertex   -3.707000e+00 1.186705e+02 2.426219e+02
    endloop
  endfacet
  facet normal 0.000000e+00 8.600142e-01 -5.102700e-01
    outer loop
      vertex   -3.707000e+00 1.186705e+02 2.426219e+02
      vertex   -7.707000e+00 1.185613e+02 2.424377e+02
      vertex   -7.707000e+00 1.186705e+02 2.426219e+02
    endloop
  endfacet
  facet normal 0.000000e+00 8.214208e-01 -5.703226e-01
    outer loop
      vertex   -3.707000e+00 1.186705e+02 2.426219e+02
      vertex   -7.707000e+00 1.186705e+02 2.426219e+02
      vertex   -3.707000e+00 1.187927e+02 2.427978e+02
    endloop
  endfacet
  facet normal 0.000000e+00 8.214208e-01 -5.703226e-01
    outer loop
      vertex   -3.707000e+00 1.187927e+02 2.427978e+02
      vertex   -7.707000e+00 1.186705e+02 2.426219e+02
      vertex   -7.707000e+00 1.187927e+02 2.427978e+02
    endloop
  endfacet
  facet normal 0.000000e+00 7.786415e-01 -6.274690e-01
    outer loop
      vertex   -3.707000e+00 1.187927e+02 2.427978e+02
      vertex   -7.707000e+00 1.187927e+02 2.427978e+02
      vertex   -3.707000e+00 1.189270e+02 2.429646e+02
    endloop
  endfacet
  facet normal 0.000000e+00 7.786415e-01 -6.274690e-01
    outer loop
      vertex   -3.707000e+00 1.189270e+02 2.429646e+02
      vertex   -7.707000e+00 1.187927e+02 2.427978e+02
      vertex   -7.707000e+00 1.189270e+02 2.429646e+02
    endloop
  endfacet
  facet normal 0.000000e+00 7.318945e-01 -6.814179e-01
    outer loop
      vertex   -3.707000e+00 1.189270e+02 2.429646e+02
      vertex   -7.707000e+00 1.189270e+02 2.429646e+02
      vertex   -3.707000e+00 1.190730e+02 2.431213e+02
    endloop
  endfacet
  facet normal 0.000000e+00 7.318945e-01 -6.814179e-01
    outer loop
      vertex   -3.707000e+00 1.190730e+02 2.431213e+02
      vertex   -7.707000e+00 1.189270e+02 2.429646e+02
      vertex   -7.707000e+00 1.190730e+02 2.431213e+02
    endloop
  endfacet
  facet normal 0.000000e+00 6.814179e-01 -7.318945e-01
    outer loop
      vertex   -3.707000e+00 1.190730e+02 2.431213e+02
      vertex   -7.707000e+00 1.190730e+02 2.431213e+02
      vertex   -3.707000e+00 1.192297e+02 2.432672e+02
    endloop
  endfacet
  facet normal 0.000000e+00 6.814179e-01 -7.318945e-01
    outer loop
      vertex   -3.707000e+00 1.192297e+02 2.432672e+02
      vertex   -7.707000e+00 1.190730e+02 2.431213e+02
      vertex   -7.707000e+00 1.192297e+02 2.432672e+02
    endloop
  endfacet
  facet normal 0.000000e+00 6.274690e-01 -7.786415e-01
    outer loop
      vertex   -3.707000e+00 1.192297e+02 2.432672e+02
      vertex   -7.707000e+00 1.192297e+02 2.432672e+02
      vertex   -3.707000e+00 1.193965e+02 2.434016e+02
    endloop
  endfacet
  facet normal 0.000000e+00 6.274690e-01 -7.786415e-01
    outer loop
      vertex   -3.707000e+00 1.193965e+02 2.434016e+02
      vertex   -7.707000e+00 1.192297e+02 2.432672e+02
      vertex   -7.707000e+00 1.193965e+02 2.434016e+02
    endloop
  endfacet
  facet normal 0.000000e+00 5.703226e-01 -8.214208e-01
    outer loop
      vertex   -3.707000e+00 1.193965e+02 2.434016e+02
      vertex   -7.707000e+00 1.193965e+02 2.434016e+02
      vertex   -3.707000e+00 1.195724e+02 2.435238e+02
    endloop
  endfacet
  facet normal 0.000000e+00 5.703226e-01 -8.214208e-01
    outer loop
      vertex   -3.707000e+00 1.195724e+02 2.435238e+02
      vertex   -7.707000e+00 1.193965e+02 2.434016e+02
      vertex   -7.707000e+00 1.195724e+02 2.435238e+02
    endloop
  endfacet
  facet normal 0.000000e+00 5.102700e-01 -8.600142e-01
    outer loop
      vertex   -3.707000e+00 1.195724e+02 2.435238e+02
      vertex   -7.707000e+00 1.195724e+02 2.435238e+02
      vertex   -3.707000e+00 1.197565e+02 2.436330e+02
    endloop
  endfacet
  facet normal 0.000000e+00 5.102700e-01 -8.600142e-01
    outer loop
      vertex   -3.707000e+00 1.197565e+02 2.436330e+02
      vertex   -7.707000e+00 1.195724e+02 2.435238e+02
      vertex   -7.707000e+00 1.197565e+02 2.436330e+02
    endloop
  endfacet
  facet normal 0.000000e+00 4.476172e-01 -8.942253e-01
    outer loop
      vertex   -3.707000e+00 1.197565e+02 2.436330e+02
      vertex   -7.707000e+00 1.197565e+02 2.436330e+02
      vertex   -3.707000e+00 1.199480e+02 2.437289e+02
    endloop
  endfacet
  facet normal 0.000000e+00 4.476172e-01 -8.942253e-01
    outer loop
      vertex   -3.707000e+00 1.199480e+02 2.437289e+02
      vertex   -7.707000e+00 1.197565e+02 2.436330e+02
      vertex   -7.707000e+00 1.199480e+02 2.437289e+02
    endloop
  endfacet
  facet normal 0.000000e+00 3.826834e-01 -9.238795e-01
    outer loop
      vertex   -3.707000e+00 1.199480e+02 2.437289e+02
      vertex   -7.707000e+00 1.199480e+02 2.437289e+02
      vertex   -3.707000e+00 1.201459e+02 2.438108e+02
    endloop
  endfacet
  facet normal 0.000000e+00 3.826834e-01 -9.238795e-01
    outer loop
      vertex   -3.707000e+00 1.201459e+02 2.438108e+02
      vertex   -7.707000e+00 1.199480e+02 2.437289e+02
      vertex   -7.707000e+00 1.201459e+02 2.438108e+02
    endloop
  endfacet
  facet normal 0.000000e+00 3.157996e-01 -9.488259e-01
    outer loop
      vertex   -3.707000e+00 1.201459e+02 2.438108e+02
      vertex   -7.707000e+00 1.201459e+02 2.438108e+02
      vertex   -3.707000e+00 1.203491e+02 2.438785e+02
    endloop
  endfacet
  facet normal 0.000000e+00 3.157996e-01 -9.488259e-01
    outer loop
      vertex   -3.707000e+00 1.203491e+02 2.438785e+02
      vertex   -7.707000e+00 1.201459e+02 2.438108e+02
      vertex   -7.707000e+00 1.203491e+02 2.438785e+02
    endloop
  endfacet
  facet normal 0.000000e+00 2.473065e-01 -9.689373e-01
    outer loop
      vertex   -3.707000e+00 1.203491e+02 2.438785e+02
      vertex   -7.707000e+00 1.203491e+02 2.438785e+02
      vertex   -3.707000e+00 1.205566e+02 2.439314e+02
    endloop
  endfacet
  facet normal 0.000000e+00 2.473065e-01 -9.689373e-01
    outer loop
      vertex   -3.707000e+00 1.205566e+02 2.439314e+02
      vertex   -7.707000e+00 1.203491e+02 2.438785e+02
      vertex   -7.707000e+00 1.205566e+02 2.439314e+02
    endloop
  endfacet
  facet normal 0.000000e+00 1.775532e-01 -9.841112e-01
    outer loop
      vertex   -3.707000e+00 1.205566e+02 2.439314e+02
      vertex   -7.707000e+00 1.205566e+02 2.439314e+02
      vertex   -3.707000e+00 1.207673e+02 2.439695e+02
    endloop
  endfacet
  facet normal 0.000000e+00 9.942703e-01 -1.068951e-01
    outer loop
      vertex   -3.707000e+00 1.182019e+02 2.412140e+02
      vertex   -3.707000e+00 1.182248e+02 2.414269e+02
      vertex   2.930000e-01 1.182248e+02 2.414269e+02
    endloop
  endfacet
  facet normal 0.000000e+00 9.841112e-01 -1.775532e-01
    outer loop
      vertex   2.930000e-01 1.182248e+02 2.414269e+02
      vertex   -3.707000e+00 1.182248e+02 2.414269e+02
      vertex   2.930000e-01 1.182629e+02 2.416377e+02
    endloop
  endfacet
  facet normal 0.000000e+00 9.841112e-01 -1.775532e-01
    outer loop
      vertex   2.930000e-01 1.182248e+02 2.414269e+02
      vertex   2.930000e-01 1.182629e+02 2.416377e+02
      vertex   4.293000e+00 1.182629e+02 2.416377e+02
    endloop
  endfacet
  facet normal 0.000000e+00 9.689373e-01 -2.473065e-01
    outer loop
      vertex   4.293000e+00 1.182629e+02 2.416377e+02
      vertex   2.930000e-01 1.182629e+02 2.416377e+02
      vertex   4.293000e+00 1.183158e+02 2.418452e+02
    endloop
  endfacet
  facet normal 0.000000e+00 9.841112e-01 -1.775532e-01
    outer loop
      vertex   2.930000e-01 1.182629e+02 2.416377e+02
      vertex   -3.707000e+00 1.182248e+02 2.414269e+02
      vertex   -3.707000e+00 1.182629e+02 2.416377e+02
    endloop
  endfacet
  facet normal 0.000000e+00 9.689373e-01 -2.473065e-01
    outer loop
      vertex   2.930000e-01 1.182629e+02 2.416377e+02
      vertex   -3.707000e+00 1.182629e+02 2.416377e+02
      vertex   2.930000e-01 1.183158e+02 2.418452e+02
    endloop
  endfacet
  facet normal 0.000000e+00 9.689373e-01 -2.473065e-01
    outer loop
      vertex   2.930000e-01 1.183158e+02 2.418452e+02
      vertex   -3.707000e+00 1.182629e+02 2.416377e+02
      vertex   -3.707000e+00 1.183158e+02 2.418452e+02
    endloop
  endfacet
  facet normal 0.000000e+00 9.488259e-01 -3.157996e-01
    outer loop
      vertex   2.930000e-01 1.183158e+02 2.418452e+02
      vertex   -3.707000e+00 1.183158e+02 2.418452e+02
      vertex   2.930000e-01 1.183834e+02 2.420484e+02
    endloop
  endfacet
  facet normal 0.000000e+00 9.488259e-01 -3.157996e-01
    outer loop
      vertex   2.930000e-01 1.183834e+02 2.420484e+02
      vertex   -3.707000e+00 1.183158e+02 2.418452e+02
      vertex   -3.707000e+00 1.183834e+02 2.420484e+02
    endloop
  endfacet
  facet normal 0.000000e+00 9.238795e-01 -3.826834e-01
    outer loop
      vertex   2.930000e-01 1.183834e+02 2.420484e+02
      vertex   -3.707000e+00 1.183834e+02 2.420484e+02
      vertex   2.930000e-01 1.184654e+02 2.422462e+02
    endloop
  endfacet
  facet normal 0.000000e+00 9.238795e-01 -3.826834e-01
    outer loop
      vertex   2.930000e-01 1.184654e+02 2.422462e+02
      vertex   -3.707000e+00 1.183834e+02 2.420484e+02
      vertex   -3.707000e+00 1.184654e+02 2.422462e+02
    endloop
  endfacet
  facet normal 0.000000e+00 8.942253e-01 -4.476172e-01
    outer loop
      vertex   2.930000e-01 1.184654e+02 2.422462e+02
      vertex   -3.707000e+00 1.184654e+02 2.422462e+02
      vertex   2.930000e-01 1.185613e+02 2.424377e+02
    endloop
  endfacet
  facet normal 0.000000e+00 8.942253e-01 -4.476172e-01
    outer loop
      vertex   2.930000e-01 1.185613e+02 2.424377e+02
      vertex   -3.707000e+00 1.184654e+02 2.422462e+02
      vertex   -3.707000e+00 1.185613e+02 2.424377e+02
    endloop
  endfacet
  facet normal 0.000000e+00 8.600142e-01 -5.102700e-01
    outer loop
      vertex   2.930000e-01 1.185613e+02 2.424377e+02
      vertex   -3.707000e+00 1.185613e+02 2.424377e+02
      vertex   2.930000e-01 1.186705e+02 2.426219e+02
    endloop
  endfacet
  facet normal 0.000000e+00 8.600142e-01 -5.102700e-01
    outer loop
      vertex   2.930000e-01 1.186705e+02 2.426219e+02
      vertex   -3.707000e+00 1.185613e+02 2.424377e+02
      vertex   -3.707000e+00 1.186705e+02 2.426219e+02
    endloop
  endfacet
  facet normal 0.000000e+00 8.214208e-01 -5.703226e-01
    outer loop
      vertex   2.930000e-01 1.186705e+02 2.426219e+02
      vertex   -3.707000e+00 1.186705e+02 2.426219e+02
      vertex   2.930000e-01 1.187927e+02 2.427978e+02
    endloop
  endfacet
  facet normal 0.000000e+00 8.214208e-01 -5.703226e-01
    outer loop
      vertex   2.930000e-01 1.187927e+02 2.427978e+02
      vertex   -3.707000e+00 1.186705e+02 2.426219e+02
      vertex   -3.707000e+00 1.187927e+02 2.427978e+02
    endloop
  endfacet
  facet normal 0.000000e+00 7.786415e-01 -6.274690e-01
    outer loop
      vertex   2.930000e-01 1.187927e+02 2.427978e+02
      vertex   -3.707000e+00 1.187927e+02 2.427978e+02
      vertex   2.930000e-01 1.189270e+02 2.429646e+02
    endloop
  endfacet
  facet normal 0.000000e+00 7.786415e-01 -6.274690e-01
    outer loop
      vertex   2.930000e-01 1.189270e+02 2.429646e+02
      vertex   -3.707000e+00 1.187927e+02 2.427978e+02
      vertex   -3.707000e+00 1.189270e+02 2.429646e+02
    endloop
  endfacet
  facet normal 0.000000e+00 7.318945e-01 -6.814179e-01
    outer loop
      vertex   2.930000e-01 1.189270e+02 2.429646e+02
      vertex   -3.707000e+00 1.189270e+02 2.429646e+02
      vertex   2.930000e-01 1.190730e+02 2.431213e+02
    endloop
  endfacet
  facet normal 0.000000e+00 7.318945e-01 -6.814179e-01
    outer loop
      vertex   2.930000e-01 1.190730e+02 2.431213e+02
      vertex   -3.707000e+00 1.189270e+02 2.429646e+02
      vertex   -3.707000e+00 1.190730e+02 2.431213e+02
    endloop
  endfacet
  facet normal 0.000000e+00 6.814179e-01 -7.318945e-01
    outer loop
      vertex   2.930000e-01 1.190730e+02 2.431213e+02
      vertex   -3.707000e+00 1.190730e+02 2.431213e+02
      vertex   2.930000e-01 1.192297e+02 2.432672e+02
    endloop
  endfacet
  facet normal 0.000000e+00 6.814179e-01 -7.318945e-01
    outer loop
      vertex   2.930000e-01 1.192297e+02 2.432672e+02
      vertex   -3.707000e+00 1.190730e+02 2.431213e+02
      vertex   -3.707000e+00 1.192297e+02 2.432672e+02
    endloop
  endfacet
  facet normal 0.000000e+00 6.274690e-01 -7.786415e-01
    outer loop
      vertex   2.930000e-01 1.192297e+02 2.432672e+02
      vertex   -3.707000e+00 1.192297e+02 2.432672e+02
      vertex   2.930000e-01 1.193965e+02 2.434016e+02
    endloop
  endfacet
  facet normal 0.000000e+00 6.274690e-01 -7.786415e-01
    outer loop
      vertex   2.930000e-01 1.193965e+02 2.434016e+02
      vertex   -3.707000e+00 1.192297e+02 2.432672e+02
      vertex   -3.707000e+00 1.193965e+02 2.434016e+02
    endloop
  endfacet
  facet normal 0.000000e+00 5.703226e-01 -8.214208e-01
    outer loop
      vertex   2.930000e-01 1.193965e+02 2.434016e+02
      vertex   -3.707000e+00 1.193965e+02 2.434016e+02
      vertex   2.930000e-01 1.195724e+02 2.435238e+02
    endloop
  endfacet
  facet normal 0.000000e+00 5.703226e-01 -8.214208e-01
    outer loop
      vertex   2.930000e-01 1.195724e+02 2.435238e+02
      vertex   -3.707000e+00 1.193965e+02 2.434016e+02
      vertex   -3.707000e+00 1.195724e+02 2.435238e+02
    endloop
  endfacet
  facet normal 0.000000e+00 5.102700e-01 -8.600142e-01
    outer loop
      vertex   2.930000e-01 1.195724e+02 2.435238e+02
      vertex   -3.707000e+00 1.195724e+02 2.435238e+02
      vertex   2.930000e-01 1.197565e+02 2.436330e+02
    endloop
  endfacet
  facet normal 0.000000e+00 5.102700e-01 -8.600142e-01
    outer loop
      vertex   2.930000e-01 1.197565e+02 2.436330e+02
      vertex   -3.707000e+00 1.195724e+02 2.435238e+02
      vertex   -3.707000e+00 1.197565e+02 2.436330e+02
    endloop
  endfacet
  facet normal 0.000000e+00 4.476172e-01 -8.942253e-01
    outer loop
      vertex   2.930000e-01 1.197565e+02 2.436330e+02
      vertex   -3.707000e+00 1.197565e+02 2.436330e+02
      vertex   2.930000e-01 1.199480e+02 2.437289e+02
    endloop
  endfacet
  facet normal 0.000000e+00 4.476172e-01 -8.942253e-01
    outer loop
      vertex   2.930000e-01 1.199480e+02 2.437289e+02
      vertex   -3.707000e+00 1.197565e+02 2.436330e+02
      vertex   -3.707000e+00 1.199480e+02 2.437289e+02
    endloop
  endfacet
  facet normal 0.000000e+00 3.826834e-01 -9.238795e-01
    outer loop
      vertex   2.930000e-01 1.199480e+02 2.437289e+02
      vertex   -3.707000e+00 1.199480e+02 2.437289e+02
      vertex   2.930000e-01 1.201459e+02 2.438108e+02
    endloop
  endfacet
  facet normal 0.000000e+00 3.826834e-01 -9.238795e-01
    outer loop
      vertex   2.930000e-01 1.201459e+02 2.438108e+02
      vertex   -3.707000e+00 1.199480e+02 2.437289e+02
      vertex   -3.707000e+00 1.201459e+02 2.438108e+02
    endloop
  endfacet
  facet normal 0.000000e+00 3.157996e-01 -9.488259e-01
    outer loop
      vertex   2.930000e-01 1.201459e+02 2.438108e+02
      vertex   -3.707000e+00 1.201459e+02 2.438108e+02
      vertex   2.930000e-01 1.203491e+02 2.438785e+02
    endloop
  endfacet
  facet normal 0.000000e+00 3.157996e-01 -9.488259e-01
    outer loop
      vertex   2.930000e-01 1.203491e+02 2.438785e+02
      vertex   -3.707000e+00 1.201459e+02 2.438108e+02
      vertex   -3.707000e+00 1.203491e+02 2.438785e+02
    endloop
  endfacet
  facet normal 0.000000e+00 2.473065e-01 -9.689373e-01
    outer loop
      vertex   2.930000e-01 1.203491e+02 2.438785e+02
      vertex   -3.707000e+00 1.203491e+02 2.438785e+02
      vertex   2.930000e-01 1.205566e+02 2.439314e+02
    endloop
  endfacet
  facet normal 0.000000e+00 2.473065e-01 -9.689373e-01
    outer loop
      vertex   2.930000e-01 1.205566e+02 2.439314e+02
      vertex   -3.707000e+00 1.203491e+02 2.438785e+02
      vertex   -3.707000e+00 1.205566e+02 2.439314e+02
    endloop
  endfacet
  facet normal 0.000000e+00 1.775532e-01 -9.841112e-01
    outer loop
      vertex   2.930000e-01 1.205566e+02 2.439314e+02
      vertex   -3.707000e+00 1.205566e+02 2.439314e+02
      vertex   2.930000e-01 1.207673e+02 2.439695e+02
    endloop
  endfacet
  facet normal 0.000000e+00 1.775532e-01 -9.841112e-01
    outer loop
      vertex   2.930000e-01 1.207673e+02 2.439695e+02
      vertex   -3.707000e+00 1.205566e+02 2.439314e+02
      vertex   -3.707000e+00 1.207673e+02 2.439695e+02
    endloop
  endfacet
  facet normal 0.000000e+00 1.068951e-01 -9.942703e-01
    outer loop
      vertex   2.930000e-01 1.207673e+02 2.439695e+02
      vertex   -3.707000e+00 1.207673e+02 2.439695e+02
      vertex   2.930000e-01 1.209803e+02 2.439924e+02
    endloop
  endfacet
  facet normal 0.000000e+00 9.488259e-01 -3.157996e-01
    outer loop
      vertex   4.293000e+00 1.183834e+02 2.420484e+02
      vertex   4.293000e+00 1.183158e+02 2.418452e+02
      vertex   2.930000e-01 1.183158e+02 2.418452e+02
    endloop
  endfacet
  facet normal 0.000000e+00 9.689373e-01 -2.473065e-01
    outer loop
      vertex   2.930000e-01 1.183158e+02 2.418452e+02
      vertex   4.293000e+00 1.183158e+02 2.418452e+02
      vertex   2.930000e-01 1.182629e+02 2.416377e+02
    endloop
  endfacet
  facet normal 0.000000e+00 9.488259e-01 -3.157996e-01
    outer loop
      vertex   4.293000e+00 1.183834e+02 2.420484e+02
      vertex   2.930000e-01 1.183158e+02 2.418452e+02
      vertex   2.930000e-01 1.183834e+02 2.420484e+02
    endloop
  endfacet
  facet normal 0.000000e+00 9.238795e-01 -3.826834e-01
    outer loop
      vertex   4.293000e+00 1.184654e+02 2.422462e+02
      vertex   4.293000e+00 1.183834e+02 2.420484e+02
      vertex   2.930000e-01 1.183834e+02 2.420484e+02
    endloop
  endfacet
  facet normal 0.000000e+00 9.238795e-01 -3.826834e-01
    outer loop
      vertex   4.293000e+00 1.184654e+02 2.422462e+02
      vertex   2.930000e-01 1.183834e+02 2.420484e+02
      vertex   2.930000e-01 1.184654e+02 2.422462e+02
    endloop
  endfacet
  facet normal 0.000000e+00 8.942253e-01 -4.476172e-01
    outer loop
      vertex   4.293000e+00 1.185613e+02 2.424377e+02
      vertex   4.293000e+00 1.184654e+02 2.422462e+02
      vertex   2.930000e-01 1.184654e+02 2.422462e+02
    endloop
  endfacet
  facet normal 0.000000e+00 8.942253e-01 -4.476172e-01
    outer loop
      vertex   4.293000e+00 1.185613e+02 2.424377e+02
      vertex   2.930000e-01 1.184654e+02 2.422462e+02
      vertex   2.930000e-01 1.185613e+02 2.424377e+02
    endloop
  endfacet
  facet normal 0.000000e+00 8.600142e-01 -5.102700e-01
    outer loop
      vertex   4.293000e+00 1.186705e+02 2.426219e+02
      vertex   4.293000e+00 1.185613e+02 2.424377e+02
      vertex   2.930000e-01 1.185613e+02 2.424377e+02
    endloop
  endfacet
  facet normal 0.000000e+00 8.600142e-01 -5.102700e-01
    outer loop
      vertex   4.293000e+00 1.186705e+02 2.426219e+02
      vertex   2.930000e-01 1.185613e+02 2.424377e+02
      vertex   2.930000e-01 1.186705e+02 2.426219e+02
    endloop
  endfacet
  facet normal 0.000000e+00 8.214208e-01 -5.703226e-01
    outer loop
      vertex   4.293000e+00 1.187927e+02 2.427978e+02
      vertex   4.293000e+00 1.186705e+02 2.426219e+02
      vertex   2.930000e-01 1.186705e+02 2.426219e+02
    endloop
  endfacet
  facet normal 0.000000e+00 8.214208e-01 -5.703226e-01
    outer loop
      vertex   4.293000e+00 1.187927e+02 2.427978e+02
      vertex   2.930000e-01 1.186705e+02 2.426219e+02
      vertex   2.930000e-01 1.187927e+02 2.427978e+02
    endloop
  endfacet
  facet normal 0.000000e+00 7.786415e-01 -6.274690e-01
    outer loop
      vertex   4.293000e+00 1.189270e+02 2.429646e+02
      vertex   4.293000e+00 1.187927e+02 2.427978e+02
      vertex   2.930000e-01 1.187927e+02 2.427978e+02
    endloop
  endfacet
  facet normal 0.000000e+00 7.786415e-01 -6.274690e-01
    outer loop
      vertex   4.293000e+00 1.189270e+02 2.429646e+02
      vertex   2.930000e-01 1.187927e+02 2.427978e+02
      vertex   2.930000e-01 1.189270e+02 2.429646e+02
    endloop
  endfacet
  facet normal 0.000000e+00 7.318945e-01 -6.814179e-01
    outer loop
      vertex   4.293000e+00 1.190730e+02 2.431213e+02
      vertex   4.293000e+00 1.189270e+02 2.429646e+02
      vertex   2.930000e-01 1.189270e+02 2.429646e+02
    endloop
  endfacet
  facet normal 0.000000e+00 7.318945e-01 -6.814179e-01
    outer loop
      vertex   4.293000e+00 1.190730e+02 2.431213e+02
      vertex   2.930000e-01 1.189270e+02 2.429646e+02
      vertex   2.930000e-01 1.190730e+02 2.431213e+02
    endloop
  endfacet
  facet normal 0.000000e+00 6.814179e-01 -7.318945e-01
    outer loop
      vertex   4.293000e+00 1.192297e+02 2.432672e+02
      vertex   4.293000e+00 1.190730e+02 2.431213e+02
      vertex   2.930000e-01 1.190730e+02 2.431213e+02
    endloop
  endfacet
  facet normal 0.000000e+00 6.814179e-01 -7.318945e-01
    outer loop
      vertex   4.293000e+00 1.192297e+02 2.432672e+02
      vertex   2.930000e-01 1.190730e+02 2.431213e+02
      vertex   2.930000e-01 1.192297e+02 2.432672e+02
    endloop
  endfacet
  facet normal 0.000000e+00 6.274690e-01 -7.786415e-01
    outer loop
      vertex   4.293000e+00 1.193965e+02 2.434016e+02
      vertex   4.293000e+00 1.192297e+02 2.432672e+02
      vertex   2.930000e-01 1.192297e+02 2.432672e+02
    endloop
  endfacet
  facet normal 0.000000e+00 6.274690e-01 -7.786415e-01
    outer loop
      vertex   4.293000e+00 1.193965e+02 2.434016e+02
      vertex   2.930000e-01 1.192297e+02 2.432672e+02
      vertex   2.930000e-01 1.193965e+02 2.434016e+02
    endloop
  endfacet
  facet normal 0.000000e+00 5.703226e-01 -8.214208e-01
    outer loop
      vertex   4.293000e+00 1.195724e+02 2.435238e+02
      vertex   4.293000e+00 1.193965e+02 2.434016e+02
      vertex   2.930000e-01 1.193965e+02 2.434016e+02
    endloop
  endfacet
  facet normal 0.000000e+00 5.703226e-01 -8.214208e-01
    outer loop
      vertex   4.293000e+00 1.195724e+02 2.435238e+02
      vertex   2.930000e-01 1.193965e+02 2.434016e+02
      vertex   2.930000e-01 1.195724e+02 2.435238e+02
    endloop
  endfacet
  facet normal 0.000000e+00 5.102700e-01 -8.600142e-01
    outer loop
      vertex   4.293000e+00 1.197565e+02 2.436330e+02
      vertex   4.293000e+00 1.195724e+02 2.435238e+02
      vertex   2.930000e-01 1.195724e+02 2.435238e+02
    endloop
  endfacet
  facet normal 0.000000e+00 5.102700e-01 -8.600142e-01
    outer loop
      vertex   4.293000e+00 1.197565e+02 2.436330e+02
      vertex   2.930000e-01 1.195724e+02 2.435238e+02
      vertex   2.930000e-01 1.197565e+02 2.436330e+02
    endloop
  endfacet
  facet normal 0.000000e+00 4.476172e-01 -8.942253e-01
    outer loop
      vertex   4.293000e+00 1.199480e+02 2.437289e+02
      vertex   4.293000e+00 1.197565e+02 2.436330e+02
      vertex   2.930000e-01 1.197565e+02 2.436330e+02
    endloop
  endfacet
  facet normal 0.000000e+00 4.476172e-01 -8.942253e-01
    outer loop
      vertex   4.293000e+00 1.199480e+02 2.437289e+02
      vertex   2.930000e-01 1.197565e+02 2.436330e+02
      vertex   2.930000e-01 1.199480e+02 2.437289e+02
    endloop
  endfacet
  facet normal 0.000000e+00 3.826834e-01 -9.238795e-01
    outer loop
      vertex   4.293000e+00 1.201459e+02 2.438108e+02
      vertex   4.293000e+00 1.199480e+02 2.437289e+02
      vertex   2.930000e-01 1.199480e+02 2.437289e+02
    endloop
  endfacet
  facet normal 0.000000e+00 3.826834e-01 -9.238795e-01
    outer loop
      vertex   4.293000e+00 1.201459e+02 2.438108e+02
      vertex   2.930000e-01 1.199480e+02 2.437289e+02
      vertex   2.930000e-01 1.201459e+02 2.438108e+02
    endloop
  endfacet
  facet normal 0.000000e+00 3.157996e-01 -9.488259e-01
    outer loop
      vertex   4.293000e+00 1.203491e+02 2.438785e+02
      vertex   4.293000e+00 1.201459e+02 2.438108e+02
      vertex   2.930000e-01 1.201459e+02 2.438108e+02
    endloop
  endfacet
  facet normal 0.000000e+00 3.157996e-01 -9.488259e-01
    outer loop
      vertex   4.293000e+00 1.203491e+02 2.438785e+02
      vertex   2.930000e-01 1.201459e+02 2.438108e+02
      vertex   2.930000e-01 1.203491e+02 2.438785e+02
    endloop
  endfacet
  facet normal 0.000000e+00 2.473065e-01 -9.689373e-01
    outer loop
      vertex   4.293000e+00 1.205566e+02 2.439314e+02
      vertex   4.293000e+00 1.203491e+02 2.438785e+02
      vertex   2.930000e-01 1.203491e+02 2.438785e+02
    endloop
  endfacet
  facet normal 0.000000e+00 2.473065e-01 -9.689373e-01
    outer loop
      vertex   4.293000e+00 1.205566e+02 2.439314e+02
      vertex   2.930000e-01 1.203491e+02 2.438785e+02
      vertex   2.930000e-01 1.205566e+02 2.439314e+02
    endloop
  endfacet
  facet normal 0.000000e+00 1.775532e-01 -9.841112e-01
    outer loop
      vertex   4.293000e+00 1.207673e+02 2.439695e+02
      vertex   4.293000e+00 1.205566e+02 2.439314e+02
      vertex   2.930000e-01 1.205566e+02 2.439314e+02
    endloop
  endfacet
  facet normal 0.000000e+00 1.775532e-01 -9.841112e-01
    outer loop
      vertex   4.293000e+00 1.207673e+02 2.439695e+02
      vertex   2.930000e-01 1.205566e+02 2.439314e+02
      vertex   2.930000e-01 1.207673e+02 2.439695e+02
    endloop
  endfacet
  facet normal 0.000000e+00 1.068951e-01 -9.942703e-01
    outer loop
      vertex   4.293000e+00 1.209803e+02 2.439924e+02
      vertex   4.293000e+00 1.207673e+02 2.439695e+02
      vertex   2.930000e-01 1.207673e+02 2.439695e+02
    endloop
  endfacet
  facet normal 0.000000e+00 1.068951e-01 -9.942703e-01
    outer loop
      vertex   4.293000e+00 1.209803e+02 2.439924e+02
      vertex   2.930000e-01 1.207673e+02 2.439695e+02
      vertex   2.930000e-01 1.209803e+02 2.439924e+02
    endloop
  endfacet
  facet normal 0.000000e+00 0.000000e+00 -1.000000e+00
    outer loop
      vertex   1.583897e+00 1.281943e+02 2.440000e+02
      vertex   -3.189317e-01 1.290863e+02 2.440000e+02
      vertex   -6.155173e-02 1.310443e+02 2.440000e+02
    endloop
  endfacet
  facet normal 0.000000e+00 0.000000e+00 -1.000000e+00
    outer loop
      vertex   -6.155173e-02 1.310443e+02 2.440000e+02
      vertex   -3.189317e-01 1.290863e+02 2.440000e+02
      vertex   -4.100124e-01 1.292143e+02 2.440000e+02
    endloop
  endfacet
  facet normal 0.000000e+00 0.000000e+00 -1.000000e+00
    outer loop
      vertex   -6.155173e-02 1.310443e+02 2.440000e+02
      vertex   -4.100124e-01 1.292143e+02 2.440000e+02
      vertex   -5.128388e-01 1.293329e+02 2.440000e+02
    endloop
  endfacet
  facet normal 0.000000e+00 0.000000e+00 -1.000000e+00
    outer loop
      vertex   -6.155173e-02 1.253443e+02 2.440000e+02
      vertex   -3.189317e-01 1.273022e+02 2.440000e+02
      vertex   1.583897e+00 1.281943e+02 2.440000e+02
    endloop
  endfacet
  facet normal 0.000000e+00 0.000000e+00 -1.000000e+00
    outer loop
      vertex   1.583897e+00 1.281943e+02 2.440000e+02
      vertex   -3.189317e-01 1.273022e+02 2.440000e+02
      vertex   -2.404215e-01 1.274382e+02 2.440000e+02
    endloop
  endfacet
  facet normal 0.000000e+00 0.000000e+00 -1.000000e+00
    outer loop
      vertex   1.583897e+00 1.281943e+02 2.440000e+02
      vertex   -2.404215e-01 1.274382e+02 2.440000e+02
      vertex   -1.751929e-01 1.275810e+02 2.440000e+02
    endloop
  endfacet
  facet normal 0.000000e+00 0.000000e+00 -1.000000e+00
    outer loop
      vertex   -3.352448e+00 1.253443e+02 2.440000e+02
      vertex   -1.628490e+00 1.265462e+02 2.440000e+02
      vertex   -6.155173e-02 1.253443e+02 2.440000e+02
    endloop
  endfacet
  facet normal 0.000000e+00 0.000000e+00 -1.000000e+00
    outer loop
      vertex   -6.155173e-02 1.253443e+02 2.440000e+02
      vertex   -1.628490e+00 1.265462e+02 2.440000e+02
      vertex   -1.472181e+00 1.265611e+02 2.440000e+02
    endloop
  endfacet
  facet normal 0.000000e+00 0.000000e+00 -1.000000e+00
    outer loop
      vertex   -6.155173e-02 1.253443e+02 2.440000e+02
      vertex   -1.472181e+00 1.265611e+02 2.440000e+02
      vertex   -1.317998e+00 1.265908e+02 2.440000e+02
    endloop
  endfacet
  facet normal 0.000000e+00 0.000000e+00 -1.000000e+00
    outer loop
      vertex   -4.997897e+00 1.281943e+02 2.440000e+02
      vertex   -3.095068e+00 1.273022e+02 2.440000e+02
      vertex   -3.352448e+00 1.253443e+02 2.440000e+02
    endloop
  endfacet
  facet normal 0.000000e+00 0.000000e+00 -1.000000e+00
    outer loop
      vertex   -3.352448e+00 1.253443e+02 2.440000e+02
      vertex   -3.095068e+00 1.273022e+02 2.440000e+02
      vertex   -3.003988e+00 1.271743e+02 2.440000e+02
    endloop
  endfacet
  facet normal 0.000000e+00 0.000000e+00 -1.000000e+00
    outer loop
      vertex   -3.352448e+00 1.253443e+02 2.440000e+02
      vertex   -3.003988e+00 1.271743e+02 2.440000e+02
      vertex   -2.901161e+00 1.270557e+02 2.440000e+02
    endloop
  endfacet
  facet normal 0.000000e+00 -0.000000e+00 -1.000000e+00
    outer loop
      vertex   -3.352448e+00 1.310443e+02 2.440000e+02
      vertex   -3.095068e+00 1.290863e+02 2.440000e+02
      vertex   -4.997897e+00 1.281943e+02 2.440000e+02
    endloop
  endfacet
  facet normal 0.000000e+00 0.000000e+00 -1.000000e+00
    outer loop
      vertex   -4.997897e+00 1.281943e+02 2.440000e+02
      vertex   -3.095068e+00 1.290863e+02 2.440000e+02
      vertex   -3.173578e+00 1.289504e+02 2.440000e+02
    endloop
  endfacet
  facet normal 0.000000e+00 0.000000e+00 -1.000000e+00
    outer loop
      vertex   -4.997897e+00 1.281943e+02 2.440000e+02
      vertex   -3.173578e+00 1.289504e+02 2.440000e+02
      vertex   -3.238807e+00 1.288075e+02 2.440000e+02
    endloop
  endfacet
  facet normal -0.000000e+00 0.000000e+00 -1.000000e+00
    outer loop
      vertex   -6.155173e-02 1.310443e+02 2.440000e+02
      vertex   -1.785510e+00 1.298424e+02 2.440000e+02
      vertex   -3.352448e+00 1.310443e+02 2.440000e+02
    endloop
  endfacet
  facet normal 0.000000e+00 0.000000e+00 -1.000000e+00
    outer loop
      vertex   -3.352448e+00 1.310443e+02 2.440000e+02
      vertex   -1.785510e+00 1.298424e+02 2.440000e+02
      vertex   -1.941819e+00 1.298275e+02 2.440000e+02
    endloop
  endfacet
  facet normal 0.000000e+00 0.000000e+00 -1.000000e+00
    outer loop
      vertex   -3.352448e+00 1.310443e+02 2.440000e+02
      vertex   -1.941819e+00 1.298275e+02 2.440000e+02
      vertex   -2.096002e+00 1.297978e+02 2.440000e+02
    endloop
  endfacet
  facet normal 0.000000e+00 0.000000e+00 -1.000000e+00
    outer loop
      vertex   -6.447133e-02 1.280374e+02 2.440000e+02
      vertex   -5.700000e-02 1.281943e+02 2.440000e+02
      vertex   1.583897e+00 1.281943e+02 2.440000e+02
    endloop
  endfacet
  facet normal 0.000000e+00 0.000000e+00 -1.000000e+00
    outer loop
      vertex   1.583897e+00 1.281943e+02 2.440000e+02
      vertex   -5.700000e-02 1.281943e+02 2.440000e+02
      vertex   -6.447133e-02 1.283511e+02 2.440000e+02
    endloop
  endfacet
  facet normal 0.000000e+00 0.000000e+00 -1.000000e+00
    outer loop
      vertex   1.583897e+00 1.281943e+02 2.440000e+02
      vertex   -6.447133e-02 1.283511e+02 2.440000e+02
      vertex   -8.681765e-02 1.285066e+02 2.440000e+02
    endloop
  endfacet
  facet normal 0.000000e+00 0.000000e+00 -1.000000e+00
    outer loop
      vertex   -8.681765e-02 1.285066e+02 2.440000e+02
      vertex   -1.238366e-01 1.286592e+02 2.440000e+02
      vertex   1.583897e+00 1.281943e+02 2.440000e+02
    endloop
  endfacet
  facet normal 0.000000e+00 0.000000e+00 -1.000000e+00
    outer loop
      vertex   1.583897e+00 1.281943e+02 2.440000e+02
      vertex   -1.238366e-01 1.286592e+02 2.440000e+02
      vertex   -1.751929e-01 1.288075e+02 2.440000e+02
    endloop
  endfacet
  facet normal 0.000000e+00 0.000000e+00 -1.000000e+00
    outer loop
      vertex   1.583897e+00 1.281943e+02 2.440000e+02
      vertex   -1.751929e-01 1.288075e+02 2.440000e+02
      vertex   -2.404215e-01 1.289504e+02 2.440000e+02
    endloop
  endfacet
  facet normal 0.000000e+00 0.000000e+00 -1.000000e+00
    outer loop
      vertex   -2.404215e-01 1.289504e+02 2.440000e+02
      vertex   -3.189317e-01 1.290863e+02 2.440000e+02
      vertex   1.583897e+00 1.281943e+02 2.440000e+02
    endloop
  endfacet
  facet normal 0.000000e+00 0.000000e+00 -1.000000e+00
    outer loop
      vertex   -5.128388e-01 1.293329e+02 2.440000e+02
      vertex   -6.264798e-01 1.294413e+02 2.440000e+02
      vertex   -6.155173e-02 1.310443e+02 2.440000e+02
    endloop
  endfacet
  facet normal 0.000000e+00 0.000000e+00 -1.000000e+00
    outer loop
      vertex   -6.155173e-02 1.310443e+02 2.440000e+02
      vertex   -6.264798e-01 1.294413e+02 2.440000e+02
      vertex   -7.499061e-01 1.295383e+02 2.440000e+02
    endloop
  endfacet
  facet normal 0.000000e+00 0.000000e+00 -1.000000e+00
    outer loop
      vertex   -6.155173e-02 1.310443e+02 2.440000e+02
      vertex   -7.499061e-01 1.295383e+02 2.440000e+02
      vertex   -8.820000e-01 1.296232e+02 2.440000e+02
    endloop
  endfacet
  facet normal 0.000000e+00 0.000000e+00 -1.000000e+00
    outer loop
      vertex   -8.820000e-01 1.296232e+02 2.440000e+02
      vertex   -1.021565e+00 1.296952e+02 2.440000e+02
      vertex   -6.155173e-02 1.310443e+02 2.440000e+02
    endloop
  endfacet
  facet normal 0.000000e+00 0.000000e+00 -1.000000e+00
    outer loop
      vertex   -6.155173e-02 1.310443e+02 2.440000e+02
      vertex   -1.021565e+00 1.296952e+02 2.440000e+02
      vertex   -1.167338e+00 1.297535e+02 2.440000e+02
    endloop
  endfacet
  facet normal 0.000000e+00 0.000000e+00 -1.000000e+00
    outer loop
      vertex   -6.155173e-02 1.310443e+02 2.440000e+02
      vertex   -1.167338e+00 1.297535e+02 2.440000e+02
      vertex   -1.317998e+00 1.297978e+02 2.440000e+02
    endloop
  endfacet
  facet normal 0.000000e+00 0.000000e+00 -1.000000e+00
    outer loop
      vertex   -1.317998e+00 1.297978e+02 2.440000e+02
      vertex   -1.472181e+00 1.298275e+02 2.440000e+02
      vertex   -6.155173e-02 1.310443e+02 2.440000e+02
    endloop
  endfacet
  facet normal 0.000000e+00 0.000000e+00 -1.000000e+00
    outer loop
      vertex   -6.155173e-02 1.310443e+02 2.440000e+02
      vertex   -1.472181e+00 1.298275e+02 2.440000e+02
      vertex   -1.628490e+00 1.298424e+02 2.440000e+02
    endloop
  endfacet
  facet normal 0.000000e+00 0.000000e+00 -1.000000e+00
    outer loop
      vertex   -6.155173e-02 1.310443e+02 2.440000e+02
      vertex   -1.628490e+00 1.298424e+02 2.440000e+02
      vertex   -1.785510e+00 1.298424e+02 2.440000e+02
    endloop
  endfacet
  facet normal -0.000000e+00 0.000000e+00 -1.000000e+00
    outer loop
      vertex   -2.096002e+00 1.297978e+02 2.440000e+02
      vertex   -2.246662e+00 1.297535e+02 2.440000e+02
      vertex   -3.352448e+00 1.310443e+02 2.440000e+02
    endloop
  endfacet
  facet normal 0.000000e+00 0.000000e+00 -1.000000e+00
    outer loop
      vertex   -3.352448e+00 1.310443e+02 2.440000e+02
      vertex   -2.246662e+00 1.297535e+02 2.440000e+02
      vertex   -2.392435e+00 1.296952e+02 2.440000e+02
    endloop
  endfacet
  facet normal 0.000000e+00 0.000000e+00 -1.000000e+00
    outer loop
      vertex   -3.352448e+00 1.310443e+02 2.440000e+02
      vertex   -2.392435e+00 1.296952e+02 2.440000e+02
      vertex   -2.532000e+00 1.296232e+02 2.440000e+02
    endloop
  endfacet
  facet normal -0.000000e+00 0.000000e+00 -1.000000e+00
    outer loop
      vertex   -2.532000e+00 1.296232e+02 2.440000e+02
      vertex   -2.664094e+00 1.295383e+02 2.440000e+02
      vertex   -3.352448e+00 1.310443e+02 2.440000e+02
    endloop
  endfacet
  facet normal 0.000000e+00 0.000000e+00 -1.000000e+00
    outer loop
      vertex   -3.352448e+00 1.310443e+02 2.440000e+02
      vertex   -2.664094e+00 1.295383e+02 2.440000e+02
      vertex   -2.787520e+00 1.294413e+02 2.440000e+02
    endloop
  endfacet
  facet normal 0.000000e+00 0.000000e+00 -1.000000e+00
    outer loop
      vertex   -3.352448e+00 1.310443e+02 2.440000e+02
      vertex   -2.787520e+00 1.294413e+02 2.440000e+02
      vertex   -2.901161e+00 1.293329e+02 2.440000e+02
    endloop
  endfacet
  facet normal -0.000000e+00 0.000000e+00 -1.000000e+00
    outer loop
      vertex   -2.901161e+00 1.293329e+02 2.440000e+02
      vertex   -3.003988e+00 1.292143e+02 2.440000e+02
      vertex   -3.352448e+00 1.310443e+02 2.440000e+02
    endloop
  endfacet
  facet normal 0.000000e+00 0.000000e+00 -1.000000e+00
    outer loop
      vertex   -3.352448e+00 1.310443e+02 2.440000e+02
      vertex   -3.003988e+00 1.292143e+02 2.440000e+02
      vertex   -3.095068e+00 1.290863e+02 2.440000e+02
    endloop
  endfacet
  facet normal 0.000000e+00 0.000000e+00 -1.000000e+00
    outer loop
      vertex   -3.238807e+00 1.288075e+02 2.440000e+02
      vertex   -3.290163e+00 1.286592e+02 2.440000e+02
      vertex   -4.997897e+00 1.281943e+02 2.440000e+02
    endloop
  endfacet
  facet normal 0.000000e+00 0.000000e+00 -1.000000e+00
    outer loop
      vertex   -4.997897e+00 1.281943e+02 2.440000e+02
      vertex   -3.290163e+00 1.286592e+02 2.440000e+02
      vertex   -3.327182e+00 1.285066e+02 2.440000e+02
    endloop
  endfacet
  facet normal 0.000000e+00 0.000000e+00 -1.000000e+00
    outer loop
      vertex   -4.997897e+00 1.281943e+02 2.440000e+02
      vertex   -3.327182e+00 1.285066e+02 2.440000e+02
      vertex   -3.349529e+00 1.283511e+02 2.440000e+02
    endloop
  endfacet
  facet normal 0.000000e+00 0.000000e+00 -1.000000e+00
    outer loop
      vertex   -3.349529e+00 1.283511e+02 2.440000e+02
      vertex   -3.357000e+00 1.281943e+02 2.440000e+02
      vertex   -4.997897e+00 1.281943e+02 2.440000e+02
    endloop
  endfacet
  facet normal 0.000000e+00 0.000000e+00 -1.000000e+00
    outer loop
      vertex   -4.997897e+00 1.281943e+02 2.440000e+02
      vertex   -3.357000e+00 1.281943e+02 2.440000e+02
      vertex   -3.349529e+00 1.280374e+02 2.440000e+02
    endloop
  endfacet
  facet normal 0.000000e+00 0.000000e+00 -1.000000e+00
    outer loop
      vertex   -4.997897e+00 1.281943e+02 2.440000e+02
      vertex   -3.349529e+00 1.280374e+02 2.440000e+02
      vertex   -3.327182e+00 1.278820e+02 2.440000e+02
    endloop
  endfacet
  facet normal -0.000000e+00 -0.000000e+00 -1.000000e+00
    outer loop
      vertex   -3.327182e+00 1.278820e+02 2.440000e+02
      vertex   -3.290163e+00 1.277294e+02 2.440000e+02
      vertex   -4.997897e+00 1.281943e+02 2.440000e+02
    endloop
  endfacet
  facet normal 0.000000e+00 0.000000e+00 -1.000000e+00
    outer loop
      vertex   -4.997897e+00 1.281943e+02 2.440000e+02
      vertex   -3.290163e+00 1.277294e+02 2.440000e+02
      vertex   -3.238807e+00 1.275810e+02 2.440000e+02
    endloop
  endfacet
  facet normal 0.000000e+00 0.000000e+00 -1.000000e+00
    outer loop
      vertex   -4.997897e+00 1.281943e+02 2.440000e+02
      vertex   -3.238807e+00 1.275810e+02 2.440000e+02
      vertex   -3.173578e+00 1.274382e+02 2.440000e+02
    endloop
  endfacet
  facet normal -0.000000e+00 -0.000000e+00 -1.000000e+00
    outer loop
      vertex   -3.173578e+00 1.274382e+02 2.440000e+02
      vertex   -3.095068e+00 1.273022e+02 2.440000e+02
      vertex   -4.997897e+00 1.281943e+02 2.440000e+02
    endloop
  endfacet
  facet normal 0.000000e+00 -0.000000e+00 -1.000000e+00
    outer loop
      vertex   -2.901161e+00 1.270557e+02 2.440000e+02
      vertex   -2.787520e+00 1.269473e+02 2.440000e+02
      vertex   -3.352448e+00 1.253443e+02 2.440000e+02
    endloop
  endfacet
  facet normal 0.000000e+00 0.000000e+00 -1.000000e+00
    outer loop
      vertex   -3.352448e+00 1.253443e+02 2.440000e+02
      vertex   -2.787520e+00 1.269473e+02 2.440000e+02
      vertex   -2.664094e+00 1.268502e+02 2.440000e+02
    endloop
  endfacet
  facet normal 0.000000e+00 0.000000e+00 -1.000000e+00
    outer loop
      vertex   -3.352448e+00 1.253443e+02 2.440000e+02
      vertex   -2.664094e+00 1.268502e+02 2.440000e+02
      vertex   -2.532000e+00 1.267653e+02 2.440000e+02
    endloop
  endfacet
  facet normal 0.000000e+00 -0.000000e+00 -1.000000e+00
    outer loop
      vertex   -2.532000e+00 1.267653e+02 2.440000e+02
      vertex   -2.392435e+00 1.266934e+02 2.440000e+02
      vertex   -3.352448e+00 1.253443e+02 2.440000e+02
    endloop
  endfacet
  facet normal 0.000000e+00 0.000000e+00 -1.000000e+00
    outer loop
      vertex   -3.352448e+00 1.253443e+02 2.440000e+02
      vertex   -2.392435e+00 1.266934e+02 2.440000e+02
      vertex   -2.246662e+00 1.266350e+02 2.440000e+02
    endloop
  endfacet
  facet normal 0.000000e+00 0.000000e+00 -1.000000e+00
    outer loop
      vertex   -3.352448e+00 1.253443e+02 2.440000e+02
      vertex   -2.246662e+00 1.266350e+02 2.440000e+02
      vertex   -2.096002e+00 1.265908e+02 2.440000e+02
    endloop
  endfacet
  facet normal 0.000000e+00 -0.000000e+00 -1.000000e+00
    outer loop
      vertex   -2.096002e+00 1.265908e+02 2.440000e+02
      vertex   -1.941819e+00 1.265611e+02 2.440000e+02
      vertex   -3.352448e+00 1.253443e+02 2.440000e+02
    endloop
  endfacet
  facet normal 0.000000e+00 0.000000e+00 -1.000000e+00
    outer loop
      vertex   -3.352448e+00 1.253443e+02 2.440000e+02
      vertex   -1.941819e+00 1.265611e+02 2.440000e+02
      vertex   -1.785510e+00 1.265462e+02 2.440000e+02
    endloop
  endfacet
  facet normal 0.000000e+00 0.000000e+00 -1.000000e+00
    outer loop
      vertex   -3.352448e+00 1.253443e+02 2.440000e+02
      vertex   -1.785510e+00 1.265462e+02 2.440000e+02
      vertex   -1.628490e+00 1.265462e+02 2.440000e+02
    endloop
  endfacet
  facet normal 0.000000e+00 0.000000e+00 -1.000000e+00
    outer loop
      vertex   -1.317998e+00 1.265908e+02 2.440000e+02
      vertex   -1.167338e+00 1.266350e+02 2.440000e+02
      vertex   -6.155173e-02 1.253443e+02 2.440000e+02
    endloop
  endfacet
  facet normal 0.000000e+00 0.000000e+00 -1.000000e+00
    outer loop
      vertex   -6.155173e-02 1.253443e+02 2.440000e+02
      vertex   -1.167338e+00 1.266350e+02 2.440000e+02
      vertex   -1.021565e+00 1.266934e+02 2.440000e+02
    endloop
  endfacet
  facet normal 0.000000e+00 0.000000e+00 -1.000000e+00
    outer loop
      vertex   -6.155173e-02 1.253443e+02 2.440000e+02
      vertex   -1.021565e+00 1.266934e+02 2.440000e+02
      vertex   -8.820000e-01 1.267653e+02 2.440000e+02
    endloop
  endfacet
  facet normal 0.000000e+00 0.000000e+00 -1.000000e+00
    outer loop
      vertex   -8.820000e-01 1.267653e+02 2.440000e+02
      vertex   -7.499061e-01 1.268502e+02 2.440000e+02
      vertex   -6.155173e-02 1.253443e+02 2.440000e+02
    endloop
  endfacet
  facet normal 0.000000e+00 0.000000e+00 -1.000000e+00
    outer loop
      vertex   -6.155173e-02 1.253443e+02 2.440000e+02
      vertex   -7.499061e-01 1.268502e+02 2.440000e+02
      vertex   -6.264798e-01 1.269473e+02 2.440000e+02
    endloop
  endfacet
  facet normal 0.000000e+00 0.000000e+00 -1.000000e+00
    outer loop
      vertex   -6.155173e-02 1.253443e+02 2.440000e+02
      vertex   -6.264798e-01 1.269473e+02 2.440000e+02
      vertex   -5.128388e-01 1.270557e+02 2.440000e+02
    endloop
  endfacet
  facet normal 0.000000e+00 0.000000e+00 -1.000000e+00
    outer loop
      vertex   -5.128388e-01 1.270557e+02 2.440000e+02
      vertex   -4.100124e-01 1.271743e+02 2.440000e+02
      vertex   -6.155173e-02 1.253443e+02 2.440000e+02
    endloop
  endfacet
  facet normal 0.000000e+00 0.000000e+00 -1.000000e+00
    outer loop
      vertex   -6.155173e-02 1.253443e+02 2.440000e+02
      vertex   -4.100124e-01 1.271743e+02 2.440000e+02
      vertex   -3.189317e-01 1.273022e+02 2.440000e+02
    endloop
  endfacet
  facet normal 0.000000e+00 0.000000e+00 -1.000000e+00
    outer loop
      vertex   -1.751929e-01 1.275810e+02 2.440000e+02
      vertex   -1.238366e-01 1.277294e+02 2.440000e+02
      vertex   1.583897e+00 1.281943e+02 2.440000e+02
    endloop
  endfacet
  facet normal 0.000000e+00 0.000000e+00 -1.000000e+00
    outer loop
      vertex   1.583897e+00 1.281943e+02 2.440000e+02
      vertex   -1.238366e-01 1.277294e+02 2.440000e+02
      vertex   -8.681765e-02 1.278820e+02 2.440000e+02
    endloop
  endfacet
  facet normal 0.000000e+00 0.000000e+00 -1.000000e+00
    outer loop
      vertex   1.583897e+00 1.281943e+02 2.440000e+02
      vertex   -8.681765e-02 1.278820e+02 2.440000e+02
      vertex   -6.447133e-02 1.280374e+02 2.440000e+02
    endloop
  endfacet
  facet normal 0.000000e+00 1.000000e+00 0.000000e+00
    outer loop
      vertex   -1.170700e+01 1.381943e+02 2.440000e+02
      vertex   -1.170700e+01 1.381943e+02 2.470000e+02
      vertex   8.293000e+00 1.381943e+02 2.440000e+02
    endloop
  endfacet
  facet normal 0.000000e+00 1.000000e+00 -0.000000e+00
    outer loop
      vertex   8.293000e+00 1.381943e+02 2.440000e+02
      vertex   -1.170700e+01 1.381943e+02 2.470000e+02
      vertex   8.293000e+00 1.381943e+02 2.470000e+02
    endloop
  endfacet
  facet normal 0.000000e+00 1.000000e+00 0.000000e+00
    outer loop
      vertex   -6.447133e-02 1.181943e+02 2.368811e+02
      vertex   -5.700000e-02 1.181943e+02 2.370379e+02
      vertex   8.293000e+00 1.181943e+02 2.410000e+02
    endloop
  endfacet
  facet normal 0.000000e+00 1.000000e+00 0.000000e+00
    outer loop
      vertex   8.293000e+00 1.181943e+02 2.410000e+02
      vertex   -5.700000e-02 1.181943e+02 2.370379e+02
      vertex   -6.447133e-02 1.181943e+02 2.371948e+02
    endloop
  endfacet
  facet normal 0.000000e+00 1.000000e+00 0.000000e+00
    outer loop
      vertex   8.293000e+00 1.181943e+02 2.410000e+02
      vertex   -6.447133e-02 1.181943e+02 2.371948e+02
      vertex   -8.681765e-02 1.181943e+02 2.373502e+02
    endloop
  endfacet
  facet normal 0.000000e+00 1.000000e+00 -0.000000e+00
    outer loop
      vertex   -8.681765e-02 1.181943e+02 2.373502e+02
      vertex   -1.238366e-01 1.181943e+02 2.375028e+02
      vertex   8.293000e+00 1.181943e+02 2.410000e+02
    endloop
  endfacet
  facet normal 0.000000e+00 1.000000e+00 0.000000e+00
    outer loop
      vertex   8.293000e+00 1.181943e+02 2.410000e+02
      vertex   -1.238366e-01 1.181943e+02 2.375028e+02
      vertex   -1.751929e-01 1.181943e+02 2.376512e+02
    endloop
  endfacet
  facet normal 0.000000e+00 1.000000e+00 0.000000e+00
    outer loop
      vertex   8.293000e+00 1.181943e+02 2.410000e+02
      vertex   -1.751929e-01 1.181943e+02 2.376512e+02
      vertex   -2.404215e-01 1.181943e+02 2.377940e+02
    endloop
  endfacet
  facet normal 0.000000e+00 1.000000e+00 -0.000000e+00
    outer loop
      vertex   -2.404215e-01 1.181943e+02 2.377940e+02
      vertex   -3.189317e-01 1.181943e+02 2.379300e+02
      vertex   8.293000e+00 1.181943e+02 2.410000e+02
    endloop
  endfacet
  facet normal 0.000000e+00 1.000000e+00 0.000000e+00
    outer loop
      vertex   8.293000e+00 1.181943e+02 2.410000e+02
      vertex   -3.189317e-01 1.181943e+02 2.379300e+02
      vertex   -4.100124e-01 1.181943e+02 2.380579e+02
    endloop
  endfacet
  facet normal 0.000000e+00 1.000000e+00 0.000000e+00
    outer loop
      vertex   8.293000e+00 1.181943e+02 2.410000e+02
      vertex   -4.100124e-01 1.181943e+02 2.380579e+02
      vertex   -5.128388e-01 1.181943e+02 2.381766e+02
    endloop
  endfacet
  facet normal 0.000000e+00 1.000000e+00 -0.000000e+00
    outer loop
      vertex   -5.128388e-01 1.181943e+02 2.381766e+02
      vertex   -6.264798e-01 1.181943e+02 2.382849e+02
      vertex   8.293000e+00 1.181943e+02 2.410000e+02
    endloop
  endfacet
  facet normal 0.000000e+00 1.000000e+00 0.000000e+00
    outer loop
      vertex   8.293000e+00 1.181943e+02 2.410000e+02
      vertex   -6.264798e-01 1.181943e+02 2.382849e+02
      vertex   -7.499061e-01 1.181943e+02 2.383820e+02
    endloop
  endfacet
  facet normal 0.000000e+00 1.000000e+00 0.000000e+00
    outer loop
      vertex   8.293000e+00 1.181943e+02 2.410000e+02
      vertex   -7.499061e-01 1.181943e+02 2.383820e+02
      vertex   -8.820000e-01 1.181943e+02 2.384669e+02
    endloop
  endfacet
  facet normal 0.000000e+00 1.000000e+00 -0.000000e+00
    outer loop
      vertex   -8.820000e-01 1.181943e+02 2.384669e+02
      vertex   -1.021565e+00 1.181943e+02 2.385388e+02
      vertex   8.293000e+00 1.181943e+02 2.410000e+02
    endloop
  endfacet
  facet normal 0.000000e+00 1.000000e+00 0.000000e+00
    outer loop
      vertex   8.293000e+00 1.181943e+02 2.410000e+02
      vertex   -1.021565e+00 1.181943e+02 2.385388e+02
      vertex   -1.167338e+00 1.181943e+02 2.385972e+02
    endloop
  endfacet
  facet normal 0.000000e+00 1.000000e+00 0.000000e+00
    outer loop
      vertex   8.293000e+00 1.181943e+02 2.410000e+02
      vertex   -1.167338e+00 1.181943e+02 2.385972e+02
      vertex   -1.317998e+00 1.181943e+02 2.386414e+02
    endloop
  endfacet
  facet normal 0.000000e+00 1.000000e+00 -0.000000e+00
    outer loop
      vertex   -1.317998e+00 1.181943e+02 2.386414e+02
      vertex   -1.472181e+00 1.181943e+02 2.386711e+02
      vertex   8.293000e+00 1.181943e+02 2.410000e+02
    endloop
  endfacet
  facet normal 0.000000e+00 1.000000e+00 0.000000e+00
    outer loop
      vertex   8.293000e+00 1.181943e+02 2.410000e+02
      vertex   -1.472181e+00 1.181943e+02 2.386711e+02
      vertex   -1.628490e+00 1.181943e+02 2.386861e+02
    endloop
  endfacet
  facet normal 0.000000e+00 1.000000e+00 0.000000e+00
    outer loop
      vertex   8.293000e+00 1.181943e+02 2.410000e+02
      vertex   -1.628490e+00 1.181943e+02 2.386861e+02
      vertex   -1.170700e+01 1.181943e+02 2.410000e+02
    endloop
  endfacet
  facet normal 0.000000e+00 1.000000e+00 0.000000e+00
    outer loop
      vertex   -1.170700e+01 1.181943e+02 2.410000e+02
      vertex   -1.628490e+00 1.181943e+02 2.386861e+02
      vertex   -1.785510e+00 1.181943e+02 2.386861e+02
    endloop
  endfacet
  facet normal 0.000000e+00 1.000000e+00 0.000000e+00
    outer loop
      vertex   -1.170700e+01 1.181943e+02 2.410000e+02
      vertex   -1.785510e+00 1.181943e+02 2.386861e+02
      vertex   -1.941819e+00 1.181943e+02 2.386711e+02
    endloop
  endfacet
  facet normal 0.000000e+00 1.000000e+00 0.000000e+00
    outer loop
      vertex   -1.941819e+00 1.181943e+02 2.386711e+02
      vertex   -2.096002e+00 1.181943e+02 2.386414e+02
      vertex   -1.170700e+01 1.181943e+02 2.410000e+02
    endloop
  endfacet
  facet normal 0.000000e+00 1.000000e+00 0.000000e+00
    outer loop
      vertex   -1.170700e+01 1.181943e+02 2.410000e+02
      vertex   -2.096002e+00 1.181943e+02 2.386414e+02
      vertex   -2.246662e+00 1.181943e+02 2.385972e+02
    endloop
  endfacet
  facet normal 0.000000e+00 1.000000e+00 0.000000e+00
    outer loop
      vertex   -1.170700e+01 1.181943e+02 2.410000e+02
      vertex   -2.246662e+00 1.181943e+02 2.385972e+02
      vertex   -2.392435e+00 1.181943e+02 2.385388e+02
    endloop
  endfacet
  facet normal 0.000000e+00 1.000000e+00 0.000000e+00
    outer loop
      vertex   -2.392435e+00 1.181943e+02 2.385388e+02
      vertex   -2.532000e+00 1.181943e+02 2.384669e+02
      vertex   -1.170700e+01 1.181943e+02 2.410000e+02
    endloop
  endfacet
  facet normal 0.000000e+00 1.000000e+00 0.000000e+00
    outer loop
      vertex   -1.170700e+01 1.181943e+02 2.410000e+02
      vertex   -2.532000e+00 1.181943e+02 2.384669e+02
      vertex   -2.664094e+00 1.181943e+02 2.383820e+02
    endloop
  endfacet
  facet normal 0.000000e+00 1.000000e+00 0.000000e+00
    outer loop
      vertex   -1.170700e+01 1.181943e+02 2.410000e+02
      vertex   -2.664094e+00 1.181943e+02 2.383820e+02
      vertex   -2.787520e+00 1.181943e+02 2.382849e+02
    endloop
  endfacet
  facet normal 0.000000e+00 1.000000e+00 0.000000e+00
    outer loop
      vertex   -2.787520e+00 1.181943e+02 2.382849e+02
      vertex   -2.901161e+00 1.181943e+02 2.381766e+02
      vertex   -1.170700e+01 1.181943e+02 2.410000e+02
    endloop
  endfacet
  facet normal 0.000000e+00 1.000000e+00 0.000000e+00
    outer loop
      vertex   -1.170700e+01 1.181943e+02 2.410000e+02
      vertex   -2.901161e+00 1.181943e+02 2.381766e+02
      vertex   -3.003988e+00 1.181943e+02 2.380579e+02
    endloop
  endfacet
  facet normal 0.000000e+00 1.000000e+00 0.000000e+00
    outer loop
      vertex   -1.170700e+01 1.181943e+02 2.410000e+02
      vertex   -3.003988e+00 1.181943e+02 2.380579e+02
      vertex   -3.095068e+00 1.181943e+02 2.379300e+02
    endloop
  endfacet
  facet normal 0.000000e+00 1.000000e+00 0.000000e+00
    outer loop
      vertex   -3.095068e+00 1.181943e+02 2.379300e+02
      vertex   -3.173578e+00 1.181943e+02 2.377940e+02
      vertex   -1.170700e+01 1.181943e+02 2.410000e+02
    endloop
  endfacet
  facet normal 0.000000e+00 1.000000e+00 0.000000e+00
    outer loop
      vertex   -1.170700e+01 1.181943e+02 2.410000e+02
      vertex   -3.173578e+00 1.181943e+02 2.377940e+02
      vertex   -3.238807e+00 1.181943e+02 2.376512e+02
    endloop
  endfacet
  facet normal 0.000000e+00 1.000000e+00 0.000000e+00
    outer loop
      vertex   -1.170700e+01 1.181943e+02 2.410000e+02
      vertex   -3.238807e+00 1.181943e+02 2.376512e+02
      vertex   -3.290163e+00 1.181943e+02 2.375028e+02
    endloop
  endfacet
  facet normal 0.000000e+00 1.000000e+00 0.000000e+00
    outer loop
      vertex   -3.290163e+00 1.181943e+02 2.375028e+02
      vertex   -3.327182e+00 1.181943e+02 2.373502e+02
      vertex   -1.170700e+01 1.181943e+02 2.410000e+02
    endloop
  endfacet
  facet normal 0.000000e+00 1.000000e+00 0.000000e+00
    outer loop
      vertex   -1.170700e+01 1.181943e+02 2.410000e+02
      vertex   -3.327182e+00 1.181943e+02 2.373502e+02
      vertex   -3.349529e+00 1.181943e+02 2.371948e+02
    endloop
  endfacet
  facet normal 0.000000e+00 1.000000e+00 0.000000e+00
    outer loop
      vertex   -1.170700e+01 1.181943e+02 2.410000e+02
      vertex   -3.349529e+00 1.181943e+02 2.371948e+02
      vertex   -3.357000e+00 1.181943e+02 2.370379e+02
    endloop
  endfacet
  facet normal 0.000000e+00 1.000000e+00 0.000000e+00
    outer loop
      vertex   -3.357000e+00 1.181943e+02 2.370379e+02
      vertex   -3.349529e+00 1.181943e+02 2.368811e+02
      vertex   -1.170700e+01 1.181943e+02 2.410000e+02
    endloop
  endfacet
  facet normal 0.000000e+00 1.000000e+00 0.000000e+00
    outer loop
      vertex   -1.170700e+01 1.181943e+02 2.410000e+02
      vertex   -3.349529e+00 1.181943e+02 2.368811e+02
      vertex   -3.327182e+00 1.181943e+02 2.367257e+02
    endloop
  endfacet
  facet normal 0.000000e+00 1.000000e+00 0.000000e+00
    outer loop
      vertex   -1.170700e+01 1.181943e+02 2.410000e+02
      vertex   -3.327182e+00 1.181943e+02 2.367257e+02
      vertex   -3.290163e+00 1.181943e+02 2.365731e+02
    endloop
  endfacet
  facet normal 0.000000e+00 1.000000e+00 0.000000e+00
    outer loop
      vertex   -3.290163e+00 1.181943e+02 2.365731e+02
      vertex   -3.238807e+00 1.181943e+02 2.364247e+02
      vertex   -1.170700e+01 1.181943e+02 2.410000e+02
    endloop
  endfacet
  facet normal 0.000000e+00 1.000000e+00 0.000000e+00
    outer loop
      vertex   -1.170700e+01 1.181943e+02 2.410000e+02
      vertex   -3.238807e+00 1.181943e+02 2.364247e+02
      vertex   -3.173578e+00 1.181943e+02 2.362819e+02
    endloop
  endfacet
  facet normal 0.000000e+00 1.000000e+00 0.000000e+00
    outer loop
      vertex   -1.170700e+01 1.181943e+02 2.410000e+02
      vertex   -3.173578e+00 1.181943e+02 2.362819e+02
      vertex   -1.170700e+01 1.181943e+02 2.270000e+02
    endloop
  endfacet
  facet normal 0.000000e+00 1.000000e+00 0.000000e+00
    outer loop
      vertex   -1.170700e+01 1.181943e+02 2.270000e+02
      vertex   -3.173578e+00 1.181943e+02 2.362819e+02
      vertex   -3.095068e+00 1.181943e+02 2.361459e+02
    endloop
  endfacet
  facet normal 0.000000e+00 1.000000e+00 0.000000e+00
    outer loop
      vertex   -1.170700e+01 1.181943e+02 2.270000e+02
      vertex   -3.095068e+00 1.181943e+02 2.361459e+02
      vertex   -3.003988e+00 1.181943e+02 2.360180e+02
    endloop
  endfacet
  facet normal 0.000000e+00 1.000000e+00 0.000000e+00
    outer loop
      vertex   -3.003988e+00 1.181943e+02 2.360180e+02
      vertex   -2.901161e+00 1.181943e+02 2.358993e+02
      vertex   -1.170700e+01 1.181943e+02 2.270000e+02
    endloop
  endfacet
  facet normal 0.000000e+00 1.000000e+00 0.000000e+00
    outer loop
      vertex   -1.170700e+01 1.181943e+02 2.270000e+02
      vertex   -2.901161e+00 1.181943e+02 2.358993e+02
      vertex   -2.787520e+00 1.181943e+02 2.357909e+02
    endloop
  endfacet
  facet normal 0.000000e+00 1.000000e+00 0.000000e+00
    outer loop
      vertex   -1.170700e+01 1.181943e+02 2.270000e+02
      vertex   -2.787520e+00 1.181943e+02 2.357909e+02
      vertex   -2.664094e+00 1.181943e+02 2.356939e+02
    endloop
  endfacet
  facet normal 0.000000e+00 1.000000e+00 0.000000e+00
    outer loop
      vertex   -2.664094e+00 1.181943e+02 2.356939e+02
      vertex   -2.532000e+00 1.181943e+02 2.356090e+02
      vertex   -1.170700e+01 1.181943e+02 2.270000e+02
    endloop
  endfacet
  facet normal 0.000000e+00 1.000000e+00 0.000000e+00
    outer loop
      vertex   -1.170700e+01 1.181943e+02 2.270000e+02
      vertex   -2.532000e+00 1.181943e+02 2.356090e+02
      vertex   -2.392435e+00 1.181943e+02 2.355370e+02
    endloop
  endfacet
  facet normal 0.000000e+00 1.000000e+00 0.000000e+00
    outer loop
      vertex   -1.170700e+01 1.181943e+02 2.270000e+02
      vertex   -2.392435e+00 1.181943e+02 2.355370e+02
      vertex   -2.246662e+00 1.181943e+02 2.354787e+02
    endloop
  endfacet
  facet normal 0.000000e+00 1.000000e+00 0.000000e+00
    outer loop
      vertex   -2.246662e+00 1.181943e+02 2.354787e+02
      vertex   -2.096002e+00 1.181943e+02 2.354344e+02
      vertex   -1.170700e+01 1.181943e+02 2.270000e+02
    endloop
  endfacet
  facet normal 0.000000e+00 1.000000e+00 0.000000e+00
    outer loop
      vertex   -1.170700e+01 1.181943e+02 2.270000e+02
      vertex   -2.096002e+00 1.181943e+02 2.354344e+02
      vertex   -1.941819e+00 1.181943e+02 2.354047e+02
    endloop
  endfacet
  facet normal 0.000000e+00 1.000000e+00 0.000000e+00
    outer loop
      vertex   -1.170700e+01 1.181943e+02 2.270000e+02
      vertex   -1.941819e+00 1.181943e+02 2.354047e+02
      vertex   -1.785510e+00 1.181943e+02 2.353898e+02
    endloop
  endfacet
  facet normal -0.000000e+00 1.000000e+00 0.000000e+00
    outer loop
      vertex   -1.785510e+00 1.181943e+02 2.353898e+02
      vertex   -1.628490e+00 1.181943e+02 2.353898e+02
      vertex   -1.170700e+01 1.181943e+02 2.270000e+02
    endloop
  endfacet
  facet normal 0.000000e+00 1.000000e+00 0.000000e+00
    outer loop
      vertex   -1.170700e+01 1.181943e+02 2.270000e+02
      vertex   -1.628490e+00 1.181943e+02 2.353898e+02
      vertex   8.293000e+00 1.181943e+02 2.270000e+02
    endloop
  endfacet
  facet normal 0.000000e+00 1.000000e+00 0.000000e+00
    outer loop
      vertex   8.293000e+00 1.181943e+02 2.270000e+02
      vertex   -1.628490e+00 1.181943e+02 2.353898e+02
      vertex   -1.472181e+00 1.181943e+02 2.354047e+02
    endloop
  endfacet
  facet normal 0.000000e+00 1.000000e+00 0.000000e+00
    outer loop
      vertex   8.293000e+00 1.181943e+02 2.270000e+02
      vertex   -1.472181e+00 1.181943e+02 2.354047e+02
      vertex   -1.317998e+00 1.181943e+02 2.354344e+02
    endloop
  endfacet
  facet normal -0.000000e+00 1.000000e+00 0.000000e+00
    outer loop
      vertex   -1.317998e+00 1.181943e+02 2.354344e+02
      vertex   -1.167338e+00 1.181943e+02 2.354787e+02
      vertex   8.293000e+00 1.181943e+02 2.270000e+02
    endloop
  endfacet
  facet normal 0.000000e+00 1.000000e+00 0.000000e+00
    outer loop
      vertex   8.293000e+00 1.181943e+02 2.270000e+02
      vertex   -1.167338e+00 1.181943e+02 2.354787e+02
      vertex   -1.021565e+00 1.181943e+02 2.355370e+02
    endloop
  endfacet
  facet normal 0.000000e+00 1.000000e+00 0.000000e+00
    outer loop
      vertex   8.293000e+00 1.181943e+02 2.270000e+02
      vertex   -1.021565e+00 1.181943e+02 2.355370e+02
      vertex   -8.820000e-01 1.181943e+02 2.356090e+02
    endloop
  endfacet
  facet normal -0.000000e+00 1.000000e+00 0.000000e+00
    outer loop
      vertex   -8.820000e-01 1.181943e+02 2.356090e+02
      vertex   -7.499061e-01 1.181943e+02 2.356939e+02
      vertex   8.293000e+00 1.181943e+02 2.270000e+02
    endloop
  endfacet
  facet normal 0.000000e+00 1.000000e+00 0.000000e+00
    outer loop
      vertex   8.293000e+00 1.181943e+02 2.270000e+02
      vertex   -7.499061e-01 1.181943e+02 2.356939e+02
      vertex   -6.264798e-01 1.181943e+02 2.357909e+02
    endloop
  endfacet
  facet normal 0.000000e+00 1.000000e+00 0.000000e+00
    outer loop
      vertex   8.293000e+00 1.181943e+02 2.270000e+02
      vertex   -6.264798e-01 1.181943e+02 2.357909e+02
      vertex   -5.128388e-01 1.181943e+02 2.358993e+02
    endloop
  endfacet
  facet normal -0.000000e+00 1.000000e+00 0.000000e+00
    outer loop
      vertex   -5.128388e-01 1.181943e+02 2.358993e+02
      vertex   -4.100124e-01 1.181943e+02 2.360180e+02
      vertex   8.293000e+00 1.181943e+02 2.270000e+02
    endloop
  endfacet
  facet normal 0.000000e+00 1.000000e+00 0.000000e+00
    outer loop
      vertex   8.293000e+00 1.181943e+02 2.270000e+02
      vertex   -4.100124e-01 1.181943e+02 2.360180e+02
      vertex   -3.189317e-01 1.181943e+02 2.361459e+02
    endloop
  endfacet
  facet normal 0.000000e+00 1.000000e+00 0.000000e+00
    outer loop
      vertex   8.293000e+00 1.181943e+02 2.270000e+02
      vertex   -3.189317e-01 1.181943e+02 2.361459e+02
      vertex   -2.404215e-01 1.181943e+02 2.362819e+02
    endloop
  endfacet
  facet normal 0.000000e+00 1.000000e+00 -0.000000e+00
    outer loop
      vertex   8.293000e+00 1.181943e+02 2.270000e+02
      vertex   -2.404215e-01 1.181943e+02 2.362819e+02
      vertex   8.293000e+00 1.181943e+02 2.410000e+02
    endloop
  endfacet
  facet normal 0.000000e+00 1.000000e+00 0.000000e+00
    outer loop
      vertex   8.293000e+00 1.181943e+02 2.410000e+02
      vertex   -2.404215e-01 1.181943e+02 2.362819e+02
      vertex   -1.751929e-01 1.181943e+02 2.364247e+02
    endloop
  endfacet
  facet normal 0.000000e+00 1.000000e+00 0.000000e+00
    outer loop
      vertex   8.293000e+00 1.181943e+02 2.410000e+02
      vertex   -1.751929e-01 1.181943e+02 2.364247e+02
      vertex   -1.238366e-01 1.181943e+02 2.365731e+02
    endloop
  endfacet
  facet normal 0.000000e+00 1.000000e+00 0.000000e+00
    outer loop
      vertex   -1.238366e-01 1.181943e+02 2.365731e+02
      vertex   -8.681765e-02 1.181943e+02 2.367257e+02
      vertex   8.293000e+00 1.181943e+02 2.410000e+02
    endloop
  endfacet
  facet normal 0.000000e+00 1.000000e+00 0.000000e+00
    outer loop
      vertex   8.293000e+00 1.181943e+02 2.410000e+02
      vertex   -8.681765e-02 1.181943e+02 2.367257e+02
      vertex   -6.447133e-02 1.181943e+02 2.368811e+02
    endloop
  endfacet
  facet normal -9.987955e-01 -4.906767e-02 -0.000000e+00
    outer loop
      vertex   -1.170700e+01 1.131943e+02 2.399500e+02
      vertex   -1.170700e+01 1.131943e+02 2.340500e+02
      vertex   -1.170218e+01 1.130963e+02 2.399452e+02
    endloop
  endfacet
  facet normal -9.972757e-01 -7.376348e-02 -4.118497e-04
    outer loop
      vertex   -1.170218e+01 1.130963e+02 2.399452e+02
      vertex   -1.170700e+01 1.131943e+02 2.340500e+02
      vertex   -1.169971e+01 1.130738e+02 2.379833e+02
    endloop
  endfacet
  facet normal -9.891670e-01 -1.467938e-01 4.366784e-04
    outer loop
      vertex   -1.170218e+01 1.130963e+02 2.399452e+02
      vertex   -1.169971e+01 1.130738e+02 2.379833e+02
      vertex   -1.168779e+01 1.129992e+02 2.399308e+02
    endloop
  endfacet
  facet normal -9.836195e-01 -1.802550e-01 -8.782680e-04
    outer loop
      vertex   -1.168779e+01 1.129992e+02 2.399308e+02
      vertex   -1.169971e+01 1.130738e+02 2.379833e+02
      vertex   -1.167794e+01 1.129550e+02 2.379833e+02
    endloop
  endfacet
  facet normal -9.699945e-01 -2.431259e-01 6.183565e-04
    outer loop
      vertex   -1.168779e+01 1.129992e+02 2.399308e+02
      vertex   -1.167794e+01 1.129550e+02 2.379833e+02
      vertex   -1.166394e+01 1.129040e+02 2.399069e+02
    endloop
  endfacet
  facet normal -9.547205e-01 -2.975029e-01 -9.336260e-04
    outer loop
      vertex   -1.166394e+01 1.129040e+02 2.399069e+02
      vertex   -1.167794e+01 1.129550e+02 2.379833e+02
      vertex   -1.164202e+01 1.128397e+02 2.379833e+02
    endloop
  endfacet
  facet normal -9.414826e-01 -3.370611e-01 5.399680e-04
    outer loop
      vertex   -1.166394e+01 1.129040e+02 2.399069e+02
      vertex   -1.164202e+01 1.128397e+02 2.379833e+02
      vertex   -1.163088e+01 1.128116e+02 2.398739e+02
    endloop
  endfacet
  facet normal -9.118996e-01 -4.104127e-01 -7.237220e-04
    outer loop
      vertex   -1.163088e+01 1.128116e+02 2.398739e+02
      vertex   -1.164202e+01 1.128397e+02 2.379833e+02
      vertex   -1.159246e+01 1.127296e+02 2.379833e+02
    endloop
  endfacet
  facet normal -9.039555e-01 -4.276265e-01 1.847215e-04
    outer loop
      vertex   -1.163088e+01 1.128116e+02 2.398739e+02
      vertex   -1.159246e+01 1.127296e+02 2.379833e+02
      vertex   -1.158892e+01 1.127229e+02 2.398319e+02
    endloop
  endfacet
  facet normal -8.577855e-01 -5.140077e-01 -2.154060e-04
    outer loop
      vertex   -1.158892e+01 1.127229e+02 2.398319e+02
      vertex   -1.159246e+01 1.127296e+02 2.379833e+02
      vertex   -1.153847e+01 1.126387e+02 2.397815e+02
    endloop
  endfacet
  facet normal -8.557812e-01 -5.173378e-01 -4.438253e-04
    outer loop
      vertex   -1.153847e+01 1.126387e+02 2.397815e+02
      vertex   -1.159246e+01 1.127296e+02 2.379833e+02
      vertex   -1.152998e+01 1.126262e+02 2.379833e+02
    endloop
  endfacet
  facet normal -8.030831e-01 -5.958670e-01 3.505345e-04
    outer loop
      vertex   -1.153847e+01 1.126387e+02 2.397815e+02
      vertex   -1.152998e+01 1.126262e+02 2.379833e+02
      vertex   -1.148001e+01 1.125599e+02 2.397230e+02
    endloop
  endfacet
  facet normal -7.871832e-01 -6.167186e-01 -9.012106e-04
    outer loop
      vertex   -1.148001e+01 1.125599e+02 2.397230e+02
      vertex   -1.152998e+01 1.126262e+02 2.379833e+02
      vertex   -1.145551e+01 1.125312e+02 2.379833e+02
    endloop
  endfacet
  facet normal -7.406509e-01 -6.718897e-01 6.652058e-04
    outer loop
      vertex   -1.148001e+01 1.125599e+02 2.397230e+02
      vertex   -1.145551e+01 1.125312e+02 2.379833e+02
      vertex   -1.141411e+01 1.124872e+02 2.396571e+02
    endloop
  endfacet
  facet normal -7.071064e-01 -7.071064e-01 -1.090019e-03
    outer loop
      vertex   -1.141411e+01 1.124872e+02 2.396571e+02
      vertex   -1.145551e+01 1.125312e+02 2.379833e+02
      vertex   -1.137012e+01 1.124458e+02 2.379833e+02
    endloop
  endfacet
  facet normal -6.711744e-01 -7.412992e-01 7.000414e-04
    outer loop
      vertex   -1.141411e+01 1.124872e+02 2.396571e+02
      vertex   -1.137012e+01 1.124458e+02 2.379833e+02
      vertex   -1.134139e+01 1.124213e+02 2.395844e+02
    endloop
  endfacet
  facet normal -6.167186e-01 -7.871831e-01 -9.792358e-04
    outer loop
      vertex   -1.134139e+01 1.124213e+02 2.395844e+02
      vertex   -1.137012e+01 1.124458e+02 2.379833e+02
      vertex   -1.127506e+01 1.123713e+02 2.379833e+02
    endloop
  endfacet
  facet normal -5.954355e-01 -8.034030e-01 4.087427e-04
    outer loop
      vertex   -1.134139e+01 1.124213e+02 2.395844e+02
      vertex   -1.127506e+01 1.123713e+02 2.379833e+02
      vertex   -1.126257e+01 1.123628e+02 2.395056e+02
    endloop
  endfacet
  facet normal -5.173377e-01 -8.557812e-01 -5.242668e-04
    outer loop
      vertex   -1.126257e+01 1.123628e+02 2.395056e+02
      vertex   -1.127506e+01 1.123713e+02 2.379833e+02
      vertex   -1.117172e+01 1.123088e+02 2.379833e+02
    endloop
  endfacet
  facet normal -5.143078e-01 -8.576056e-01 -2.787325e-04
    outer loop
      vertex   -1.126257e+01 1.123628e+02 2.395056e+02
      vertex   -1.117172e+01 1.123088e+02 2.379833e+02
      vertex   -1.117840e+01 1.123124e+02 2.394214e+02
    endloop
  endfacet
  facet normal -4.273598e-01 -9.040816e-01 2.390018e-04
    outer loop
      vertex   -1.117840e+01 1.123124e+02 2.394214e+02
      vertex   -1.117172e+01 1.123088e+02 2.379833e+02
      vertex   -1.108968e+01 1.122704e+02 2.393327e+02
    endloop
  endfacet
  facet normal -4.104126e-01 -9.118994e-01 -1.013992e-03
    outer loop
      vertex   -1.108968e+01 1.122704e+02 2.393327e+02
      vertex   -1.117172e+01 1.123088e+02 2.379833e+02
      vertex   -1.106160e+01 1.122593e+02 2.379833e+02
    endloop
  endfacet
  facet normal -3.362009e-01 -9.417900e-01 7.769746e-04
    outer loop
      vertex   -1.108968e+01 1.122704e+02 2.393327e+02
      vertex   -1.106160e+01 1.122593e+02 2.379833e+02
      vertex   -1.099728e+01 1.122374e+02 2.392403e+02
    endloop
  endfacet
  facet normal -2.975028e-01 -9.547199e-01 -1.428797e-03
    outer loop
      vertex   -1.099728e+01 1.122374e+02 2.392403e+02
      vertex   -1.106160e+01 1.122593e+02 2.379833e+02
      vertex   -1.094632e+01 1.122233e+02 2.379833e+02
    endloop
  endfacet
  facet normal -2.420454e-01 -9.702644e-01 9.931345e-04
    outer loop
      vertex   -1.099728e+01 1.122374e+02 2.392403e+02
      vertex   -1.094632e+01 1.122233e+02 2.379833e+02
      vertex   -1.090209e+01 1.122135e+02 2.391451e+02
    endloop
  endfacet
  facet normal -1.802548e-01 -9.836188e-01 -1.472239e-03
    outer loop
      vertex   -1.090209e+01 1.122135e+02 2.391451e+02
      vertex   -1.094632e+01 1.122233e+02 2.379833e+02
      vertex   -1.082754e+01 1.122016e+02 2.379833e+02
    endloop
  endfacet
  facet normal -1.459606e-01 -9.892901e-01 7.867395e-04
    outer loop
      vertex   -1.090209e+01 1.122135e+02 2.391451e+02
      vertex   -1.082754e+01 1.122016e+02 2.379833e+02
      vertex   -1.080502e+01 1.121991e+02 2.390480e+02
    endloop
  endfacet
  facet normal -5.032266e-02 -9.987322e-01 -1.258092e-03
    outer loop
      vertex   -1.080502e+01 1.121991e+02 2.390480e+02
      vertex   -1.082754e+01 1.122016e+02 2.379833e+02
      vertex   -1.070700e+01 1.121943e+02 2.389500e+02
    endloop
  endfacet
  facet normal -6.037850e-02 -9.981756e-01 0.000000e+00
    outer loop
      vertex   -1.070700e+01 1.121943e+02 2.389500e+02
      vertex   -1.082754e+01 1.122016e+02 2.379833e+02
      vertex   -1.082754e+01 1.122016e+02 2.360167e+02
    endloop
  endfacet
  facet normal -7.706414e-02 -9.970259e-01 6.885050e-04
    outer loop
      vertex   -1.070700e+01 1.121943e+02 2.389500e+02
      vertex   -1.082754e+01 1.122016e+02 2.360167e+02
      vertex   -1.080502e+01 1.121991e+02 2.349520e+02
    endloop
  endfacet
  facet normal -1.459606e-01 -9.892901e-01 -7.867395e-04
    outer loop
      vertex   -1.080502e+01 1.121991e+02 2.349520e+02
      vertex   -1.082754e+01 1.122016e+02 2.360167e+02
      vertex   -1.090209e+01 1.122135e+02 2.348549e+02
    endloop
  endfacet
  facet normal -1.802548e-01 -9.836188e-01 1.472239e-03
    outer loop
      vertex   -1.090209e+01 1.122135e+02 2.348549e+02
      vertex   -1.082754e+01 1.122016e+02 2.360167e+02
      vertex   -1.094632e+01 1.122233e+02 2.360167e+02
    endloop
  endfacet
  facet normal -2.420454e-01 -9.702644e-01 -9.931345e-04
    outer loop
      vertex   -1.090209e+01 1.122135e+02 2.348549e+02
      vertex   -1.094632e+01 1.122233e+02 2.360167e+02
      vertex   -1.099728e+01 1.122374e+02 2.347597e+02
    endloop
  endfacet
  facet normal -2.975028e-01 -9.547199e-01 1.428797e-03
    outer loop
      vertex   -1.099728e+01 1.122374e+02 2.347597e+02
      vertex   -1.094632e+01 1.122233e+02 2.360167e+02
      vertex   -1.106160e+01 1.122593e+02 2.360167e+02
    endloop
  endfacet
  facet normal -3.362009e-01 -9.417900e-01 -7.769746e-04
    outer loop
      vertex   -1.099728e+01 1.122374e+02 2.347597e+02
      vertex   -1.106160e+01 1.122593e+02 2.360167e+02
      vertex   -1.108968e+01 1.122704e+02 2.346673e+02
    endloop
  endfacet
  facet normal -4.104126e-01 -9.118994e-01 1.013992e-03
    outer loop
      vertex   -1.108968e+01 1.122704e+02 2.346673e+02
      vertex   -1.106160e+01 1.122593e+02 2.360167e+02
      vertex   -1.117172e+01 1.123088e+02 2.360167e+02
    endloop
  endfacet
  facet normal -4.273598e-01 -9.040816e-01 -2.390018e-04
    outer loop
      vertex   -1.108968e+01 1.122704e+02 2.346673e+02
      vertex   -1.117172e+01 1.123088e+02 2.360167e+02
      vertex   -1.117840e+01 1.123124e+02 2.345786e+02
    endloop
  endfacet
  facet normal -5.143078e-01 -8.576056e-01 2.787325e-04
    outer loop
      vertex   -1.117840e+01 1.123124e+02 2.345786e+02
      vertex   -1.117172e+01 1.123088e+02 2.360167e+02
      vertex   -1.126257e+01 1.123628e+02 2.344944e+02
    endloop
  endfacet
  facet normal -5.173377e-01 -8.557812e-01 5.242668e-04
    outer loop
      vertex   -1.126257e+01 1.123628e+02 2.344944e+02
      vertex   -1.117172e+01 1.123088e+02 2.360167e+02
      vertex   -1.127506e+01 1.123713e+02 2.360167e+02
    endloop
  endfacet
  facet normal -5.954355e-01 -8.034030e-01 -4.087427e-04
    outer loop
      vertex   -1.126257e+01 1.123628e+02 2.344944e+02
      vertex   -1.127506e+01 1.123713e+02 2.360167e+02
      vertex   -1.134139e+01 1.124213e+02 2.344156e+02
    endloop
  endfacet
  facet normal -6.167186e-01 -7.871831e-01 9.792358e-04
    outer loop
      vertex   -1.134139e+01 1.124213e+02 2.344156e+02
      vertex   -1.127506e+01 1.123713e+02 2.360167e+02
      vertex   -1.137012e+01 1.124458e+02 2.360167e+02
    endloop
  endfacet
  facet normal -6.711744e-01 -7.412992e-01 -7.000414e-04
    outer loop
      vertex   -1.134139e+01 1.124213e+02 2.344156e+02
      vertex   -1.137012e+01 1.124458e+02 2.360167e+02
      vertex   -1.141411e+01 1.124872e+02 2.343429e+02
    endloop
  endfacet
  facet normal -7.071064e-01 -7.071064e-01 1.090019e-03
    outer loop
      vertex   -1.141411e+01 1.124872e+02 2.343429e+02
      vertex   -1.137012e+01 1.124458e+02 2.360167e+02
      vertex   -1.145551e+01 1.125312e+02 2.360167e+02
    endloop
  endfacet
  facet normal -7.406509e-01 -6.718897e-01 -6.652058e-04
    outer loop
      vertex   -1.141411e+01 1.124872e+02 2.343429e+02
      vertex   -1.145551e+01 1.125312e+02 2.360167e+02
      vertex   -1.148001e+01 1.125599e+02 2.342770e+02
    endloop
  endfacet
  facet normal -7.871832e-01 -6.167186e-01 9.012106e-04
    outer loop
      vertex   -1.148001e+01 1.125599e+02 2.342770e+02
      vertex   -1.145551e+01 1.125312e+02 2.360167e+02
      vertex   -1.152998e+01 1.126262e+02 2.360167e+02
    endloop
  endfacet
  facet normal -8.030831e-01 -5.958670e-01 -3.505345e-04
    outer loop
      vertex   -1.148001e+01 1.125599e+02 2.342770e+02
      vertex   -1.152998e+01 1.126262e+02 2.360167e+02
      vertex   -1.153847e+01 1.126387e+02 2.342185e+02
    endloop
  endfacet
  facet normal -8.557812e-01 -5.173378e-01 4.438253e-04
    outer loop
      vertex   -1.153847e+01 1.126387e+02 2.342185e+02
      vertex   -1.152998e+01 1.126262e+02 2.360167e+02
      vertex   -1.159246e+01 1.127296e+02 2.360167e+02
    endloop
  endfacet
  facet normal -8.577855e-01 -5.140077e-01 2.154060e-04
    outer loop
      vertex   -1.153847e+01 1.126387e+02 2.342185e+02
      vertex   -1.159246e+01 1.127296e+02 2.360167e+02
      vertex   -1.158892e+01 1.127229e+02 2.341681e+02
    endloop
  endfacet
  facet normal -9.039555e-01 -4.276265e-01 -1.847215e-04
    outer loop
      vertex   -1.158892e+01 1.127229e+02 2.341681e+02
      vertex   -1.159246e+01 1.127296e+02 2.360167e+02
      vertex   -1.163088e+01 1.128116e+02 2.341261e+02
    endloop
  endfacet
  facet normal -9.118996e-01 -4.104127e-01 7.237220e-04
    outer loop
      vertex   -1.163088e+01 1.128116e+02 2.341261e+02
      vertex   -1.159246e+01 1.127296e+02 2.360167e+02
      vertex   -1.164202e+01 1.128397e+02 2.360167e+02
    endloop
  endfacet
  facet normal -9.414826e-01 -3.370611e-01 -5.399680e-04
    outer loop
      vertex   -1.163088e+01 1.128116e+02 2.341261e+02
      vertex   -1.164202e+01 1.128397e+02 2.360167e+02
      vertex   -1.166394e+01 1.129040e+02 2.340931e+02
    endloop
  endfacet
  facet normal -9.547205e-01 -2.975029e-01 9.336260e-04
    outer loop
      vertex   -1.166394e+01 1.129040e+02 2.340931e+02
      vertex   -1.164202e+01 1.128397e+02 2.360167e+02
      vertex   -1.167794e+01 1.129550e+02 2.360167e+02
    endloop
  endfacet
  facet normal -9.699945e-01 -2.431259e-01 -6.183565e-04
    outer loop
      vertex   -1.166394e+01 1.129040e+02 2.340931e+02
      vertex   -1.167794e+01 1.129550e+02 2.360167e+02
      vertex   -1.168779e+01 1.129992e+02 2.340692e+02
    endloop
  endfacet
  facet normal -9.836195e-01 -1.802550e-01 8.782680e-04
    outer loop
      vertex   -1.168779e+01 1.129992e+02 2.340692e+02
      vertex   -1.167794e+01 1.129550e+02 2.360167e+02
      vertex   -1.169971e+01 1.130738e+02 2.360167e+02
    endloop
  endfacet
  facet normal -9.891670e-01 -1.467938e-01 -4.366784e-04
    outer loop
      vertex   -1.168779e+01 1.129992e+02 2.340692e+02
      vertex   -1.169971e+01 1.130738e+02 2.360167e+02
      vertex   -1.170218e+01 1.130963e+02 2.340548e+02
    endloop
  endfacet
  facet normal -9.987969e-01 -4.903347e-02 6.976383e-04
    outer loop
      vertex   -1.170218e+01 1.130963e+02 2.340548e+02
      vertex   -1.169971e+01 1.130738e+02 2.360167e+02
      vertex   -1.170700e+01 1.131943e+02 2.340500e+02
    endloop
  endfacet
  facet normal -9.981756e-01 -6.037850e-02 0.000000e+00
    outer loop
      vertex   -1.170700e+01 1.131943e+02 2.340500e+02
      vertex   -1.169971e+01 1.130738e+02 2.360167e+02
      vertex   -1.169971e+01 1.130738e+02 2.379833e+02
    endloop
  endfacet
  facet normal -4.906767e-02 -9.987955e-01 0.000000e+00
    outer loop
      vertex   -1.080502e+01 1.121991e+02 2.349520e+02
      vertex   -1.070700e+01 1.121943e+02 2.350500e+02
      vertex   -1.070700e+01 1.121943e+02 2.389500e+02
    endloop
  endfacet
  facet normal -9.836199e-01 -1.802550e-01 0.000000e+00
    outer loop
      vertex   -1.167794e+01 1.129550e+02 2.379833e+02
      vertex   -1.169971e+01 1.130738e+02 2.379833e+02
      vertex   -1.169971e+01 1.130738e+02 2.360167e+02
    endloop
  endfacet
  facet normal -9.547209e-01 -2.975031e-01 0.000000e+00
    outer loop
      vertex   -1.164202e+01 1.128397e+02 2.379833e+02
      vertex   -1.167794e+01 1.129550e+02 2.379833e+02
      vertex   -1.167794e+01 1.129550e+02 2.360167e+02
    endloop
  endfacet
  facet normal -9.836199e-01 -1.802550e-01 0.000000e+00
    outer loop
      vertex   -1.167794e+01 1.129550e+02 2.360167e+02
      vertex   -1.167794e+01 1.129550e+02 2.379833e+02
      vertex   -1.169971e+01 1.130738e+02 2.360167e+02
    endloop
  endfacet
  facet normal -9.118998e-01 -4.104128e-01 0.000000e+00
    outer loop
      vertex   -1.159246e+01 1.127296e+02 2.379833e+02
      vertex   -1.164202e+01 1.128397e+02 2.379833e+02
      vertex   -1.164202e+01 1.128397e+02 2.360167e+02
    endloop
  endfacet
  facet normal -9.547209e-01 -2.975031e-01 0.000000e+00
    outer loop
      vertex   -1.164202e+01 1.128397e+02 2.360167e+02
      vertex   -1.164202e+01 1.128397e+02 2.379833e+02
      vertex   -1.167794e+01 1.129550e+02 2.360167e+02
    endloop
  endfacet
  facet normal -8.557813e-01 -5.173378e-01 0.000000e+00
    outer loop
      vertex   -1.152998e+01 1.126262e+02 2.379833e+02
      vertex   -1.159246e+01 1.127296e+02 2.379833e+02
      vertex   -1.159246e+01 1.127296e+02 2.360167e+02
    endloop
  endfacet
  facet normal -9.118998e-01 -4.104128e-01 0.000000e+00
    outer loop
      vertex   -1.159246e+01 1.127296e+02 2.360167e+02
      vertex   -1.159246e+01 1.127296e+02 2.379833e+02
      vertex   -1.164202e+01 1.128397e+02 2.360167e+02
    endloop
  endfacet
  facet normal -7.871835e-01 -6.167189e-01 0.000000e+00
    outer loop
      vertex   -1.145551e+01 1.125312e+02 2.379833e+02
      vertex   -1.152998e+01 1.126262e+02 2.379833e+02
      vertex   -1.152998e+01 1.126262e+02 2.360167e+02
    endloop
  endfacet
  facet normal -8.557813e-01 -5.173378e-01 0.000000e+00
    outer loop
      vertex   -1.152998e+01 1.126262e+02 2.360167e+02
      vertex   -1.152998e+01 1.126262e+02 2.379833e+02
      vertex   -1.159246e+01 1.127296e+02 2.360167e+02
    endloop
  endfacet
  facet normal -7.071068e-01 -7.071068e-01 0.000000e+00
    outer loop
      vertex   -1.137012e+01 1.124458e+02 2.379833e+02
      vertex   -1.145551e+01 1.125312e+02 2.379833e+02
      vertex   -1.145551e+01 1.125312e+02 2.360167e+02
    endloop
  endfacet
  facet normal -7.871835e-01 -6.167189e-01 0.000000e+00
    outer loop
      vertex   -1.145551e+01 1.125312e+02 2.360167e+02
      vertex   -1.145551e+01 1.125312e+02 2.379833e+02
      vertex   -1.152998e+01 1.126262e+02 2.360167e+02
    endloop
  endfacet
  facet normal -6.167189e-01 -7.871835e-01 0.000000e+00
    outer loop
      vertex   -1.127506e+01 1.123713e+02 2.379833e+02
      vertex   -1.137012e+01 1.124458e+02 2.379833e+02
      vertex   -1.137012e+01 1.124458e+02 2.360167e+02
    endloop
  endfacet
  facet normal -7.071068e-01 -7.071068e-01 0.000000e+00
    outer loop
      vertex   -1.137012e+01 1.124458e+02 2.360167e+02
      vertex   -1.137012e+01 1.124458e+02 2.379833e+02
      vertex   -1.145551e+01 1.125312e+02 2.360167e+02
    endloop
  endfacet
  facet normal -5.173378e-01 -8.557813e-01 0.000000e+00
    outer loop
      vertex   -1.117172e+01 1.123088e+02 2.379833e+02
      vertex   -1.127506e+01 1.123713e+02 2.379833e+02
      vertex   -1.127506e+01 1.123713e+02 2.360167e+02
    endloop
  endfacet
  facet normal -6.167189e-01 -7.871835e-01 0.000000e+00
    outer loop
      vertex   -1.127506e+01 1.123713e+02 2.360167e+02
      vertex   -1.127506e+01 1.123713e+02 2.379833e+02
      vertex   -1.137012e+01 1.124458e+02 2.360167e+02
    endloop
  endfacet
  facet normal -4.104128e-01 -9.118998e-01 0.000000e+00
    outer loop
      vertex   -1.106160e+01 1.122593e+02 2.379833e+02
      vertex   -1.117172e+01 1.123088e+02 2.379833e+02
      vertex   -1.117172e+01 1.123088e+02 2.360167e+02
    endloop
  endfacet
  facet normal -5.173378e-01 -8.557813e-01 0.000000e+00
    outer loop
      vertex   -1.117172e+01 1.123088e+02 2.360167e+02
      vertex   -1.117172e+01 1.123088e+02 2.379833e+02
      vertex   -1.127506e+01 1.123713e+02 2.360167e+02
    endloop
  endfacet
  facet normal -2.975031e-01 -9.547209e-01 0.000000e+00
    outer loop
      vertex   -1.094632e+01 1.122233e+02 2.379833e+02
      vertex   -1.106160e+01 1.122593e+02 2.379833e+02
      vertex   -1.106160e+01 1.122593e+02 2.360167e+02
    endloop
  endfacet
  facet normal -4.104128e-01 -9.118998e-01 0.000000e+00
    outer loop
      vertex   -1.106160e+01 1.122593e+02 2.360167e+02
      vertex   -1.106160e+01 1.122593e+02 2.379833e+02
      vertex   -1.117172e+01 1.123088e+02 2.360167e+02
    endloop
  endfacet
  facet normal -1.802550e-01 -9.836199e-01 0.000000e+00
    outer loop
      vertex   -1.082754e+01 1.122016e+02 2.379833e+02
      vertex   -1.094632e+01 1.122233e+02 2.379833e+02
      vertex   -1.094632e+01 1.122233e+02 2.360167e+02
    endloop
  endfacet
  facet normal -2.975031e-01 -9.547209e-01 0.000000e+00
    outer loop
      vertex   -1.094632e+01 1.122233e+02 2.360167e+02
      vertex   -1.094632e+01 1.122233e+02 2.379833e+02
      vertex   -1.106160e+01 1.122593e+02 2.360167e+02
    endloop
  endfacet
  facet normal -1.802550e-01 -9.836199e-01 0.000000e+00
    outer loop
      vertex   -1.082754e+01 1.122016e+02 2.360167e+02
      vertex   -1.082754e+01 1.122016e+02 2.379833e+02
      vertex   -1.094632e+01 1.122233e+02 2.360167e+02
    endloop
  endfacet
  facet normal -1.000000e+00 0.000000e+00 0.000000e+00
    outer loop
      vertex   -1.170700e+01 1.131943e+02 2.340500e+02
      vertex   -1.170700e+01 1.131943e+02 2.399500e+02
      vertex   -1.170700e+01 1.151943e+02 2.340500e+02
    endloop
  endfacet
  facet normal -1.000000e+00 0.000000e+00 0.000000e+00
    outer loop
      vertex   -1.170700e+01 1.151943e+02 2.340500e+02
      vertex   -1.170700e+01 1.131943e+02 2.399500e+02
      vertex   -1.170700e+01 1.151943e+02 2.399500e+02
    endloop
  endfacet
  facet normal -1.000000e+00 0.000000e+00 0.000000e+00
    outer loop
      vertex   -1.170700e+01 1.151943e+02 2.340500e+02
      vertex   -1.170700e+01 1.151943e+02 2.399500e+02
      vertex   -1.170700e+01 1.181943e+02 2.410000e+02
    endloop
  endfacet
  facet normal -1.000000e+00 -0.000000e+00 0.000000e+00
    outer loop
      vertex   -1.170700e+01 1.181943e+02 2.410000e+02
      vertex   -1.170700e+01 1.151943e+02 2.399500e+02
      vertex   -1.170700e+01 1.182019e+02 2.412140e+02
    endloop
  endfacet
  facet normal -1.000000e+00 -0.000000e+00 0.000000e+00
    outer loop
      vertex   -1.170700e+01 1.182019e+02 2.412140e+02
      vertex   -1.170700e+01 1.151943e+02 2.399500e+02
      vertex   -1.170700e+01 1.182248e+02 2.414269e+02
    endloop
  endfacet
  facet normal -1.000000e+00 -0.000000e+00 0.000000e+00
    outer loop
      vertex   -1.170700e+01 1.182248e+02 2.414269e+02
      vertex   -1.170700e+01 1.151943e+02 2.399500e+02
      vertex   -1.170700e+01 1.182629e+02 2.416377e+02
    endloop
  endfacet
  facet normal -1.000000e+00 -0.000000e+00 0.000000e+00
    outer loop
      vertex   -1.170700e+01 1.182629e+02 2.416377e+02
      vertex   -1.170700e+01 1.151943e+02 2.399500e+02
      vertex   -1.170700e+01 1.183158e+02 2.418452e+02
    endloop
  endfacet
  facet normal -1.000000e+00 -0.000000e+00 0.000000e+00
    outer loop
      vertex   -1.170700e+01 1.183158e+02 2.418452e+02
      vertex   -1.170700e+01 1.151943e+02 2.399500e+02
      vertex   -1.170700e+01 1.183834e+02 2.420484e+02
    endloop
  endfacet
  facet normal -1.000000e+00 -0.000000e+00 0.000000e+00
    outer loop
      vertex   -1.170700e+01 1.183834e+02 2.420484e+02
      vertex   -1.170700e+01 1.151943e+02 2.399500e+02
      vertex   -1.170700e+01 1.184654e+02 2.422462e+02
    endloop
  endfacet
  facet normal -1.000000e+00 -0.000000e+00 0.000000e+00
    outer loop
      vertex   -1.170700e+01 1.184654e+02 2.422462e+02
      vertex   -1.170700e+01 1.151943e+02 2.399500e+02
      vertex   -1.170700e+01 1.151943e+02 2.470000e+02
    endloop
  endfacet
  facet normal -1.000000e+00 0.000000e+00 0.000000e+00
    outer loop
      vertex   -1.170700e+01 1.184654e+02 2.422462e+02
      vertex   -1.170700e+01 1.151943e+02 2.470000e+02
      vertex   -1.170700e+01 1.185613e+02 2.424377e+02
    endloop
  endfacet
  facet normal -1.000000e+00 0.000000e+00 0.000000e+00
    outer loop
      vertex   -1.170700e+01 1.185613e+02 2.424377e+02
      vertex   -1.170700e+01 1.151943e+02 2.470000e+02
      vertex   -1.170700e+01 1.186705e+02 2.426219e+02
    endloop
  endfacet
  facet normal -1.000000e+00 0.000000e+00 0.000000e+00
    outer loop
      vertex   -1.170700e+01 1.186705e+02 2.426219e+02
      vertex   -1.170700e+01 1.151943e+02 2.470000e+02
      vertex   -1.170700e+01 1.187927e+02 2.427978e+02
    endloop
  endfacet
  facet normal -1.000000e+00 0.000000e+00 0.000000e+00
    outer loop
      vertex   -1.170700e+01 1.187927e+02 2.427978e+02
      vertex   -1.170700e+01 1.151943e+02 2.470000e+02
      vertex   -1.170700e+01 1.189270e+02 2.429646e+02
    endloop
  endfacet
  facet normal -1.000000e+00 0.000000e+00 0.000000e+00
    outer loop
      vertex   -1.170700e+01 1.189270e+02 2.429646e+02
      vertex   -1.170700e+01 1.151943e+02 2.470000e+02
      vertex   -1.170700e+01 1.190730e+02 2.431213e+02
    endloop
  endfacet
  facet normal -1.000000e+00 0.000000e+00 0.000000e+00
    outer loop
      vertex   -1.170700e+01 1.190730e+02 2.431213e+02
      vertex   -1.170700e+01 1.151943e+02 2.470000e+02
      vertex   -1.170700e+01 1.192297e+02 2.432672e+02
    endloop
  endfacet
  facet normal -1.000000e+00 0.000000e+00 0.000000e+00
    outer loop
      vertex   -1.170700e+01 1.192297e+02 2.432672e+02
      vertex   -1.170700e+01 1.151943e+02 2.470000e+02
      vertex   -1.170700e+01 1.193965e+02 2.434016e+02
    endloop
  endfacet
  facet normal -1.000000e+00 0.000000e+00 0.000000e+00
    outer loop
      vertex   -1.170700e+01 1.193965e+02 2.434016e+02
      vertex   -1.170700e+01 1.151943e+02 2.470000e+02
      vertex   -1.170700e+01 1.195724e+02 2.435238e+02
    endloop
  endfacet
  facet normal -1.000000e+00 0.000000e+00 0.000000e+00
    outer loop
      vertex   -1.170700e+01 1.195724e+02 2.435238e+02
      vertex   -1.170700e+01 1.151943e+02 2.470000e+02
      vertex   -1.170700e+01 1.197565e+02 2.436330e+02
    endloop
  endfacet
  facet normal -1.000000e+00 0.000000e+00 0.000000e+00
    outer loop
      vertex   -1.170700e+01 1.197565e+02 2.436330e+02
      vertex   -1.170700e+01 1.151943e+02 2.470000e+02
      vertex   -1.170700e+01 1.199480e+02 2.437289e+02
    endloop
  endfacet
  facet normal -1.000000e+00 0.000000e+00 0.000000e+00
    outer loop
      vertex   -1.170700e+01 1.199480e+02 2.437289e+02
      vertex   -1.170700e+01 1.151943e+02 2.470000e+02
      vertex   -1.170700e+01 1.201459e+02 2.438108e+02
    endloop
  endfacet
  facet normal -1.000000e+00 0.000000e+00 0.000000e+00
    outer loop
      vertex   -1.170700e+01 1.201459e+02 2.438108e+02
      vertex   -1.170700e+01 1.151943e+02 2.470000e+02
      vertex   -1.170700e+01 1.203491e+02 2.438785e+02
    endloop
  endfacet
  facet normal -1.000000e+00 0.000000e+00 0.000000e+00
    outer loop
      vertex   -1.170700e+01 1.203491e+02 2.438785e+02
      vertex   -1.170700e+01 1.151943e+02 2.470000e+02
      vertex   -1.170700e+01 1.205566e+02 2.439314e+02
    endloop
  endfacet
  facet normal -1.000000e+00 0.000000e+00 0.000000e+00
    outer loop
      vertex   -1.170700e+01 1.205566e+02 2.439314e+02
      vertex   -1.170700e+01 1.151943e+02 2.470000e+02
      vertex   -1.170700e+01 1.207673e+02 2.439695e+02
    endloop
  endfacet
  facet normal -1.000000e+00 0.000000e+00 0.000000e+00
    outer loop
      vertex   -1.170700e+01 1.207673e+02 2.439695e+02
      vertex   -1.170700e+01 1.151943e+02 2.470000e+02
      vertex   -1.170700e+01 1.209803e+02 2.439924e+02
    endloop
  endfacet
  facet normal -1.000000e+00 0.000000e+00 0.000000e+00
    outer loop
      vertex   -1.170700e+01 1.209803e+02 2.439924e+02
      vertex   -1.170700e+01 1.151943e+02 2.470000e+02
      vertex   -1.170700e+01 1.211943e+02 2.440000e+02
    endloop
  endfacet
  facet normal -1.000000e+00 0.000000e+00 0.000000e+00
    outer loop
      vertex   -1.170700e+01 1.211943e+02 2.440000e+02
      vertex   -1.170700e+01 1.151943e+02 2.470000e+02
      vertex   -1.170700e+01 1.381943e+02 2.470000e+02
    endloop
  endfacet
  facet normal -1.000000e+00 0.000000e+00 0.000000e+00
    outer loop
      vertex   -1.170700e+01 1.211943e+02 2.440000e+02
      vertex   -1.170700e+01 1.381943e+02 2.470000e+02
      vertex   -1.170700e+01 1.381943e+02 2.440000e+02
    endloop
  endfacet
  facet normal -1.000000e+00 0.000000e+00 -0.000000e+00
    outer loop
      vertex   -1.170700e+01 1.181943e+02 2.410000e+02
      vertex   -1.170700e+01 1.181943e+02 2.270000e+02
      vertex   -1.170700e+01 1.151943e+02 2.340500e+02
    endloop
  endfacet
  facet normal -1.000000e+00 0.000000e+00 0.000000e+00
    outer loop
      vertex   -1.170700e+01 1.151943e+02 2.340500e+02
      vertex   -1.170700e+01 1.181943e+02 2.270000e+02
      vertex   -1.170700e+01 1.151943e+02 2.270000e+02
    endloop
  endfacet
  facet normal 0.000000e+00 0.000000e+00 1.000000e+00
    outer loop
      vertex   -1.170700e+01 1.131943e+02 2.399500e+02
      vertex   -7.207000e+00 1.131943e+02 2.399500e+02
      vertex   -1.170700e+01 1.151943e+02 2.399500e+02
    endloop
  endfacet
  facet normal -6.315935e-15 -1.421085e-14 1.000000e+00
    outer loop
      vertex   -1.170700e+01 1.151943e+02 2.399500e+02
      vertex   -7.207000e+00 1.131943e+02 2.399500e+02
      vertex   -7.207000e+00 1.151943e+02 2.399500e+02
    endloop
  endfacet
  facet normal 0.000000e+00 -1.000000e+00 0.000000e+00
    outer loop
      vertex   -8.207000e+00 1.121943e+02 2.350500e+02
      vertex   -8.207000e+00 1.121943e+02 2.389500e+02
      vertex   -1.070700e+01 1.121943e+02 2.350500e+02
    endloop
  endfacet
  facet normal 0.000000e+00 -1.000000e+00 0.000000e+00
    outer loop
      vertex   -1.070700e+01 1.121943e+02 2.350500e+02
      vertex   -8.207000e+00 1.121943e+02 2.389500e+02
      vertex   -1.070700e+01 1.121943e+02 2.389500e+02
    endloop
  endfacet
  facet normal 4.906767e-02 -9.987955e-01 0.000000e+00
    outer loop
      vertex   7.293000e+00 1.121943e+02 2.389500e+02
      vertex   7.293000e+00 1.121943e+02 2.350500e+02
      vertex   7.391017e+00 1.121991e+02 2.390480e+02
    endloop
  endfacet
  facet normal 7.706414e-02 -9.970259e-01 -6.885050e-04
    outer loop
      vertex   7.391017e+00 1.121991e+02 2.390480e+02
      vertex   7.293000e+00 1.121943e+02 2.350500e+02
      vertex   7.413537e+00 1.122016e+02 2.379833e+02
    endloop
  endfacet
  facet normal 1.459606e-01 -9.892901e-01 7.867395e-04
    outer loop
      vertex   7.391017e+00 1.121991e+02 2.390480e+02
      vertex   7.413537e+00 1.122016e+02 2.379833e+02
      vertex   7.488090e+00 1.122135e+02 2.391451e+02
    endloop
  endfacet
  facet normal 1.802548e-01 -9.836188e-01 -1.472239e-03
    outer loop
      vertex   7.488090e+00 1.122135e+02 2.391451e+02
      vertex   7.413537e+00 1.122016e+02 2.379833e+02
      vertex   7.532316e+00 1.122233e+02 2.379833e+02
    endloop
  endfacet
  facet normal 2.420454e-01 -9.702644e-01 9.931345e-04
    outer loop
      vertex   7.488090e+00 1.122135e+02 2.391451e+02
      vertex   7.532316e+00 1.122233e+02 2.379833e+02
      vertex   7.583285e+00 1.122374e+02 2.392403e+02
    endloop
  endfacet
  facet normal 2.975028e-01 -9.547199e-01 -1.428797e-03
    outer loop
      vertex   7.583285e+00 1.122374e+02 2.392403e+02
      vertex   7.532316e+00 1.122233e+02 2.379833e+02
      vertex   7.647605e+00 1.122593e+02 2.379833e+02
    endloop
  endfacet
  facet normal 3.362009e-01 -9.417900e-01 7.769746e-04
    outer loop
      vertex   7.583285e+00 1.122374e+02 2.392403e+02
      vertex   7.647605e+00 1.122593e+02 2.379833e+02
      vertex   7.675683e+00 1.122704e+02 2.393327e+02
    endloop
  endfacet
  facet normal 4.104126e-01 -9.118994e-01 -1.013992e-03
    outer loop
      vertex   7.675683e+00 1.122704e+02 2.393327e+02
      vertex   7.647605e+00 1.122593e+02 2.379833e+02
      vertex   7.757723e+00 1.123088e+02 2.379833e+02
    endloop
  endfacet
  facet normal 4.273598e-01 -9.040816e-01 2.390018e-04
    outer loop
      vertex   7.675683e+00 1.122704e+02 2.393327e+02
      vertex   7.757723e+00 1.123088e+02 2.379833e+02
      vertex   7.764397e+00 1.123124e+02 2.394214e+02
    endloop
  endfacet
  facet normal 5.143078e-01 -8.576056e-01 -2.787325e-04
    outer loop
      vertex   7.764397e+00 1.123124e+02 2.394214e+02
      vertex   7.757723e+00 1.123088e+02 2.379833e+02
      vertex   7.848570e+00 1.123628e+02 2.395056e+02
    endloop
  endfacet
  facet normal 5.173377e-01 -8.557812e-01 -5.242668e-04
    outer loop
      vertex   7.848570e+00 1.123628e+02 2.395056e+02
      vertex   7.757723e+00 1.123088e+02 2.379833e+02
      vertex   7.861065e+00 1.123713e+02 2.379833e+02
    endloop
  endfacet
  facet normal 5.954355e-01 -8.034030e-01 4.087427e-04
    outer loop
      vertex   7.848570e+00 1.123628e+02 2.395056e+02
      vertex   7.861065e+00 1.123713e+02 2.379833e+02
      vertex   7.927393e+00 1.124213e+02 2.395844e+02
    endloop
  endfacet
  facet normal 6.167186e-01 -7.871831e-01 -9.792358e-04
    outer loop
      vertex   7.927393e+00 1.124213e+02 2.395844e+02
      vertex   7.861065e+00 1.123713e+02 2.379833e+02
      vertex   7.956123e+00 1.124458e+02 2.379833e+02
    endloop
  endfacet
  facet normal 6.711744e-01 -7.412992e-01 7.000414e-04
    outer loop
      vertex   7.927393e+00 1.124213e+02 2.395844e+02
      vertex   7.956123e+00 1.124458e+02 2.379833e+02
      vertex   8.000107e+00 1.124872e+02 2.396571e+02
    endloop
  endfacet
  facet normal 7.071064e-01 -7.071064e-01 -1.090019e-03
    outer loop
      vertex   8.000107e+00 1.124872e+02 2.396571e+02
      vertex   7.956123e+00 1.124458e+02 2.379833e+02
      vertex   8.041511e+00 1.125312e+02 2.379833e+02
    endloop
  endfacet
  facet normal 7.406509e-01 -6.718897e-01 6.652058e-04
    outer loop
      vertex   8.000107e+00 1.124872e+02 2.396571e+02
      vertex   8.041511e+00 1.125312e+02 2.379833e+02
      vertex   8.066010e+00 1.125599e+02 2.397230e+02
    endloop
  endfacet
  facet normal 7.871832e-01 -6.167186e-01 -9.012106e-04
    outer loop
      vertex   8.066010e+00 1.125599e+02 2.397230e+02
      vertex   8.041511e+00 1.125312e+02 2.379833e+02
      vertex   8.115984e+00 1.126262e+02 2.379833e+02
    endloop
  endfacet
  facet normal 8.030831e-01 -5.958670e-01 3.505345e-04
    outer loop
      vertex   8.066010e+00 1.125599e+02 2.397230e+02
      vertex   8.115984e+00 1.126262e+02 2.379833e+02
      vertex   8.124470e+00 1.126387e+02 2.397815e+02
    endloop
  endfacet
  facet normal 8.557812e-01 -5.173378e-01 -4.438253e-04
    outer loop
      vertex   8.124470e+00 1.126387e+02 2.397815e+02
      vertex   8.115984e+00 1.126262e+02 2.379833e+02
      vertex   8.178456e+00 1.127296e+02 2.379833e+02
    endloop
  endfacet
  facet normal 8.577855e-01 -5.140077e-01 -2.154060e-04
    outer loop
      vertex   8.124470e+00 1.126387e+02 2.397815e+02
      vertex   8.178456e+00 1.127296e+02 2.379833e+02
      vertex   8.174921e+00 1.127229e+02 2.398319e+02
    endloop
  endfacet
  facet normal 9.039555e-01 -4.276265e-01 1.847215e-04
    outer loop
      vertex   8.174921e+00 1.127229e+02 2.398319e+02
      vertex   8.178456e+00 1.127296e+02 2.379833e+02
      vertex   8.216880e+00 1.128116e+02 2.398739e+02
    endloop
  endfacet
  facet normal 9.118996e-01 -4.104127e-01 -7.237220e-04
    outer loop
      vertex   8.216880e+00 1.128116e+02 2.398739e+02
      vertex   8.178456e+00 1.127296e+02 2.379833e+02
      vertex   8.228016e+00 1.128397e+02 2.379833e+02
    endloop
  endfacet
  facet normal 9.414826e-01 -3.370611e-01 5.399680e-04
    outer loop
      vertex   8.216880e+00 1.128116e+02 2.398739e+02
      vertex   8.228016e+00 1.128397e+02 2.379833e+02
      vertex   8.249940e+00 1.129040e+02 2.399069e+02
    endloop
  endfacet
  facet normal 9.547205e-01 -2.975029e-01 -9.336260e-04
    outer loop
      vertex   8.249940e+00 1.129040e+02 2.399069e+02
      vertex   8.228016e+00 1.128397e+02 2.379833e+02
      vertex   8.263942e+00 1.129550e+02 2.379833e+02
    endloop
  endfacet
  facet normal 9.699945e-01 -2.431259e-01 6.183565e-04
    outer loop
      vertex   8.249940e+00 1.129040e+02 2.399069e+02
      vertex   8.263942e+00 1.129550e+02 2.379833e+02
      vertex   8.273785e+00 1.129992e+02 2.399308e+02
    endloop
  endfacet
  facet normal 9.836195e-01 -1.802550e-01 -8.782680e-04
    outer loop
      vertex   8.273785e+00 1.129992e+02 2.399308e+02
      vertex   8.263942e+00 1.129550e+02 2.379833e+02
      vertex   8.285709e+00 1.130738e+02 2.379833e+02
    endloop
  endfacet
  facet normal 9.891670e-01 -1.467938e-01 4.366784e-04
    outer loop
      vertex   8.273785e+00 1.129992e+02 2.399308e+02
      vertex   8.285709e+00 1.130738e+02 2.379833e+02
      vertex   8.288185e+00 1.130963e+02 2.399452e+02
    endloop
  endfacet
  facet normal 9.987969e-01 -4.903347e-02 -6.976383e-04
    outer loop
      vertex   8.288185e+00 1.130963e+02 2.399452e+02
      vertex   8.285709e+00 1.130738e+02 2.379833e+02
      vertex   8.293000e+00 1.131943e+02 2.399500e+02
    endloop
  endfacet
  facet normal 9.981756e-01 -6.037850e-02 0.000000e+00
    outer loop
      vertex   8.293000e+00 1.131943e+02 2.399500e+02
      vertex   8.285709e+00 1.130738e+02 2.379833e+02
      vertex   8.285709e+00 1.130738e+02 2.360167e+02
    endloop
  endfacet
  facet normal 9.972757e-01 -7.376348e-02 4.118497e-04
    outer loop
      vertex   8.293000e+00 1.131943e+02 2.399500e+02
      vertex   8.285709e+00 1.130738e+02 2.360167e+02
      vertex   8.288185e+00 1.130963e+02 2.340548e+02
    endloop
  endfacet
  facet normal 9.891670e-01 -1.467938e-01 -4.366784e-04
    outer loop
      vertex   8.288185e+00 1.130963e+02 2.340548e+02
      vertex   8.285709e+00 1.130738e+02 2.360167e+02
      vertex   8.273785e+00 1.129992e+02 2.340692e+02
    endloop
  endfacet
  facet normal 9.836195e-01 -1.802550e-01 8.782680e-04
    outer loop
      vertex   8.273785e+00 1.129992e+02 2.340692e+02
      vertex   8.285709e+00 1.130738e+02 2.360167e+02
      vertex   8.263942e+00 1.129550e+02 2.360167e+02
    endloop
  endfacet
  facet normal 9.699945e-01 -2.431259e-01 -6.183565e-04
    outer loop
      vertex   8.273785e+00 1.129992e+02 2.340692e+02
      vertex   8.263942e+00 1.129550e+02 2.360167e+02
      vertex   8.249940e+00 1.129040e+02 2.340931e+02
    endloop
  endfacet
  facet normal 9.547205e-01 -2.975029e-01 9.336260e-04
    outer loop
      vertex   8.249940e+00 1.129040e+02 2.340931e+02
      vertex   8.263942e+00 1.129550e+02 2.360167e+02
      vertex   8.228016e+00 1.128397e+02 2.360167e+02
    endloop
  endfacet
  facet normal 9.414826e-01 -3.370611e-01 -5.399680e-04
    outer loop
      vertex   8.249940e+00 1.129040e+02 2.340931e+02
      vertex   8.228016e+00 1.128397e+02 2.360167e+02
      vertex   8.216880e+00 1.128116e+02 2.341261e+02
    endloop
  endfacet
  facet normal 9.118996e-01 -4.104127e-01 7.237220e-04
    outer loop
      vertex   8.216880e+00 1.128116e+02 2.341261e+02
      vertex   8.228016e+00 1.128397e+02 2.360167e+02
      vertex   8.178456e+00 1.127296e+02 2.360167e+02
    endloop
  endfacet
  facet normal 9.039555e-01 -4.276265e-01 -1.847215e-04
    outer loop
      vertex   8.216880e+00 1.128116e+02 2.341261e+02
      vertex   8.178456e+00 1.127296e+02 2.360167e+02
      vertex   8.174921e+00 1.127229e+02 2.341681e+02
    endloop
  endfacet
  facet normal 8.577855e-01 -5.140077e-01 2.154060e-04
    outer loop
      vertex   8.174921e+00 1.127229e+02 2.341681e+02
      vertex   8.178456e+00 1.127296e+02 2.360167e+02
      vertex   8.124470e+00 1.126387e+02 2.342185e+02
    endloop
  endfacet
  facet normal 8.557812e-01 -5.173378e-01 4.438253e-04
    outer loop
      vertex   8.124470e+00 1.126387e+02 2.342185e+02
      vertex   8.178456e+00 1.127296e+02 2.360167e+02
      vertex   8.115984e+00 1.126262e+02 2.360167e+02
    endloop
  endfacet
  facet normal 8.030831e-01 -5.958670e-01 -3.505345e-04
    outer loop
      vertex   8.124470e+00 1.126387e+02 2.342185e+02
      vertex   8.115984e+00 1.126262e+02 2.360167e+02
      vertex   8.066010e+00 1.125599e+02 2.342770e+02
    endloop
  endfacet
  facet normal 7.871832e-01 -6.167186e-01 9.012106e-04
    outer loop
      vertex   8.066010e+00 1.125599e+02 2.342770e+02
      vertex   8.115984e+00 1.126262e+02 2.360167e+02
      vertex   8.041511e+00 1.125312e+02 2.360167e+02
    endloop
  endfacet
  facet normal 7.406509e-01 -6.718897e-01 -6.652058e-04
    outer loop
      vertex   8.066010e+00 1.125599e+02 2.342770e+02
      vertex   8.041511e+00 1.125312e+02 2.360167e+02
      vertex   8.000107e+00 1.124872e+02 2.343429e+02
    endloop
  endfacet
  facet normal 7.071064e-01 -7.071064e-01 1.090019e-03
    outer loop
      vertex   8.000107e+00 1.124872e+02 2.343429e+02
      vertex   8.041511e+00 1.125312e+02 2.360167e+02
      vertex   7.956123e+00 1.124458e+02 2.360167e+02
    endloop
  endfacet
  facet normal 6.711744e-01 -7.412992e-01 -7.000414e-04
    outer loop
      vertex   8.000107e+00 1.124872e+02 2.343429e+02
      vertex   7.956123e+00 1.124458e+02 2.360167e+02
      vertex   7.927393e+00 1.124213e+02 2.344156e+02
    endloop
  endfacet
  facet normal 6.167186e-01 -7.871831e-01 9.792358e-04
    outer loop
      vertex   7.927393e+00 1.124213e+02 2.344156e+02
      vertex   7.956123e+00 1.124458e+02 2.360167e+02
      vertex   7.861065e+00 1.123713e+02 2.360167e+02
    endloop
  endfacet
  facet normal 5.954355e-01 -8.034030e-01 -4.087427e-04
    outer loop
      vertex   7.927393e+00 1.124213e+02 2.344156e+02
      vertex   7.861065e+00 1.123713e+02 2.360167e+02
      vertex   7.848570e+00 1.123628e+02 2.344944e+02
    endloop
  endfacet
  facet normal 5.173377e-01 -8.557812e-01 5.242668e-04
    outer loop
      vertex   7.848570e+00 1.123628e+02 2.344944e+02
      vertex   7.861065e+00 1.123713e+02 2.360167e+02
      vertex   7.757723e+00 1.123088e+02 2.360167e+02
    endloop
  endfacet
  facet normal 5.143078e-01 -8.576056e-01 2.787325e-04
    outer loop
      vertex   7.848570e+00 1.123628e+02 2.344944e+02
      vertex   7.757723e+00 1.123088e+02 2.360167e+02
      vertex   7.764397e+00 1.123124e+02 2.345786e+02
    endloop
  endfacet
  facet normal 4.273598e-01 -9.040816e-01 -2.390018e-04
    outer loop
      vertex   7.764397e+00 1.123124e+02 2.345786e+02
      vertex   7.757723e+00 1.123088e+02 2.360167e+02
      vertex   7.675683e+00 1.122704e+02 2.346673e+02
    endloop
  endfacet
  facet normal 4.104126e-01 -9.118994e-01 1.013992e-03
    outer loop
      vertex   7.675683e+00 1.122704e+02 2.346673e+02
      vertex   7.757723e+00 1.123088e+02 2.360167e+02
      vertex   7.647605e+00 1.122593e+02 2.360167e+02
    endloop
  endfacet
  facet normal 3.362009e-01 -9.417900e-01 -7.769746e-04
    outer loop
      vertex   7.675683e+00 1.122704e+02 2.346673e+02
      vertex   7.647605e+00 1.122593e+02 2.360167e+02
      vertex   7.583285e+00 1.122374e+02 2.347597e+02
    endloop
  endfacet
  facet normal 2.975028e-01 -9.547199e-01 1.428797e-03
    outer loop
      vertex   7.583285e+00 1.122374e+02 2.347597e+02
      vertex   7.647605e+00 1.122593e+02 2.360167e+02
      vertex   7.532316e+00 1.122233e+02 2.360167e+02
    endloop
  endfacet
  facet normal 2.420454e-01 -9.702644e-01 -9.931345e-04
    outer loop
      vertex   7.583285e+00 1.122374e+02 2.347597e+02
      vertex   7.532316e+00 1.122233e+02 2.360167e+02
      vertex   7.488090e+00 1.122135e+02 2.348549e+02
    endloop
  endfacet
  facet normal 1.802548e-01 -9.836188e-01 1.472239e-03
    outer loop
      vertex   7.488090e+00 1.122135e+02 2.348549e+02
      vertex   7.532316e+00 1.122233e+02 2.360167e+02
      vertex   7.413537e+00 1.122016e+02 2.360167e+02
    endloop
  endfacet
  facet normal 1.459606e-01 -9.892901e-01 -7.867395e-04
    outer loop
      vertex   7.488090e+00 1.122135e+02 2.348549e+02
      vertex   7.413537e+00 1.122016e+02 2.360167e+02
      vertex   7.391017e+00 1.121991e+02 2.349520e+02
    endloop
  endfacet
  facet normal 5.032266e-02 -9.987322e-01 1.258092e-03
    outer loop
      vertex   7.391017e+00 1.121991e+02 2.349520e+02
      vertex   7.413537e+00 1.122016e+02 2.360167e+02
      vertex   7.293000e+00 1.121943e+02 2.350500e+02
    endloop
  endfacet
  facet normal 6.037850e-02 -9.981756e-01 0.000000e+00
    outer loop
      vertex   7.293000e+00 1.121943e+02 2.350500e+02
      vertex   7.413537e+00 1.122016e+02 2.360167e+02
      vertex   7.413537e+00 1.122016e+02 2.379833e+02
    endloop
  endfacet
  facet normal 9.987955e-01 -4.906767e-02 0.000000e+00
    outer loop
      vertex   8.288185e+00 1.130963e+02 2.340548e+02
      vertex   8.293000e+00 1.131943e+02 2.340500e+02
      vertex   8.293000e+00 1.131943e+02 2.399500e+02
    endloop
  endfacet
  facet normal 1.802550e-01 -9.836199e-01 0.000000e+00
    outer loop
      vertex   7.532316e+00 1.122233e+02 2.379833e+02
      vertex   7.413537e+00 1.122016e+02 2.379833e+02
      vertex   7.413537e+00 1.122016e+02 2.360167e+02
    endloop
  endfacet
  facet normal 2.975031e-01 -9.547209e-01 0.000000e+00
    outer loop
      vertex   7.647605e+00 1.122593e+02 2.379833e+02
      vertex   7.532316e+00 1.122233e+02 2.379833e+02
      vertex   7.532316e+00 1.122233e+02 2.360167e+02
    endloop
  endfacet
  facet normal 1.802550e-01 -9.836199e-01 0.000000e+00
    outer loop
      vertex   7.532316e+00 1.122233e+02 2.360167e+02
      vertex   7.532316e+00 1.122233e+02 2.379833e+02
      vertex   7.413537e+00 1.122016e+02 2.360167e+02
    endloop
  endfacet
  facet normal 4.104128e-01 -9.118998e-01 0.000000e+00
    outer loop
      vertex   7.757723e+00 1.123088e+02 2.379833e+02
      vertex   7.647605e+00 1.122593e+02 2.379833e+02
      vertex   7.647605e+00 1.122593e+02 2.360167e+02
    endloop
  endfacet
  facet normal 2.975031e-01 -9.547209e-01 0.000000e+00
    outer loop
      vertex   7.647605e+00 1.122593e+02 2.360167e+02
      vertex   7.647605e+00 1.122593e+02 2.379833e+02
      vertex   7.532316e+00 1.122233e+02 2.360167e+02
    endloop
  endfacet
  facet normal 5.173378e-01 -8.557813e-01 0.000000e+00
    outer loop
      vertex   7.861065e+00 1.123713e+02 2.379833e+02
      vertex   7.757723e+00 1.123088e+02 2.379833e+02
      vertex   7.757723e+00 1.123088e+02 2.360167e+02
    endloop
  endfacet
  facet normal 4.104128e-01 -9.118998e-01 0.000000e+00
    outer loop
      vertex   7.757723e+00 1.123088e+02 2.360167e+02
      vertex   7.757723e+00 1.123088e+02 2.379833e+02
      vertex   7.647605e+00 1.122593e+02 2.360167e+02
    endloop
  endfacet
  facet normal 6.167189e-01 -7.871835e-01 0.000000e+00
    outer loop
      vertex   7.956123e+00 1.124458e+02 2.379833e+02
      vertex   7.861065e+00 1.123713e+02 2.379833e+02
      vertex   7.861065e+00 1.123713e+02 2.360167e+02
    endloop
  endfacet
  facet normal 5.173378e-01 -8.557813e-01 0.000000e+00
    outer loop
      vertex   7.861065e+00 1.123713e+02 2.360167e+02
      vertex   7.861065e+00 1.123713e+02 2.379833e+02
      vertex   7.757723e+00 1.123088e+02 2.360167e+02
    endloop
  endfacet
  facet normal 7.071068e-01 -7.071068e-01 0.000000e+00
    outer loop
      vertex   8.041511e+00 1.125312e+02 2.379833e+02
      vertex   7.956123e+00 1.124458e+02 2.379833e+02
      vertex   7.956123e+00 1.124458e+02 2.360167e+02
    endloop
  endfacet
  facet normal 6.167189e-01 -7.871835e-01 0.000000e+00
    outer loop
      vertex   7.956123e+00 1.124458e+02 2.360167e+02
      vertex   7.956123e+00 1.124458e+02 2.379833e+02
      vertex   7.861065e+00 1.123713e+02 2.360167e+02
    endloop
  endfacet
  facet normal 7.871835e-01 -6.167189e-01 0.000000e+00
    outer loop
      vertex   8.115984e+00 1.126262e+02 2.379833e+02
      vertex   8.041511e+00 1.125312e+02 2.379833e+02
      vertex   8.041511e+00 1.125312e+02 2.360167e+02
    endloop
  endfacet
  facet normal 7.071068e-01 -7.071068e-01 0.000000e+00
    outer loop
      vertex   8.041511e+00 1.125312e+02 2.360167e+02
      vertex   8.041511e+00 1.125312e+02 2.379833e+02
      vertex   7.956123e+00 1.124458e+02 2.360167e+02
    endloop
  endfacet
  facet normal 8.557813e-01 -5.173378e-01 0.000000e+00
    outer loop
      vertex   8.178456e+00 1.127296e+02 2.379833e+02
      vertex   8.115984e+00 1.126262e+02 2.379833e+02
      vertex   8.115984e+00 1.126262e+02 2.360167e+02
    endloop
  endfacet
  facet normal 7.871835e-01 -6.167189e-01 0.000000e+00
    outer loop
      vertex   8.115984e+00 1.126262e+02 2.360167e+02
      vertex   8.115984e+00 1.126262e+02 2.379833e+02
      vertex   8.041511e+00 1.125312e+02 2.360167e+02
    endloop
  endfacet
  facet normal 9.118998e-01 -4.104128e-01 0.000000e+00
    outer loop
      vertex   8.228016e+00 1.128397e+02 2.379833e+02
      vertex   8.178456e+00 1.127296e+02 2.379833e+02
      vertex   8.178456e+00 1.127296e+02 2.360167e+02
    endloop
  endfacet
  facet normal 8.557813e-01 -5.173378e-01 0.000000e+00
    outer loop
      vertex   8.178456e+00 1.127296e+02 2.360167e+02
      vertex   8.178456e+00 1.127296e+02 2.379833e+02
      vertex   8.115984e+00 1.126262e+02 2.360167e+02
    endloop
  endfacet
  facet normal 9.547209e-01 -2.975031e-01 0.000000e+00
    outer loop
      vertex   8.263942e+00 1.129550e+02 2.379833e+02
      vertex   8.228016e+00 1.128397e+02 2.379833e+02
      vertex   8.228016e+00 1.128397e+02 2.360167e+02
    endloop
  endfacet
  facet normal 9.118998e-01 -4.104128e-01 0.000000e+00
    outer loop
      vertex   8.228016e+00 1.128397e+02 2.360167e+02
      vertex   8.228016e+00 1.128397e+02 2.379833e+02
      vertex   8.178456e+00 1.127296e+02 2.360167e+02
    endloop
  endfacet
  facet normal 9.836199e-01 -1.802550e-01 0.000000e+00
    outer loop
      vertex   8.285709e+00 1.130738e+02 2.379833e+02
      vertex   8.263942e+00 1.129550e+02 2.379833e+02
      vertex   8.263942e+00 1.129550e+02 2.360167e+02
    endloop
  endfacet
  facet normal 9.547209e-01 -2.975031e-01 0.000000e+00
    outer loop
      vertex   8.263942e+00 1.129550e+02 2.360167e+02
      vertex   8.263942e+00 1.129550e+02 2.379833e+02
      vertex   8.228016e+00 1.128397e+02 2.360167e+02
    endloop
  endfacet
  facet normal 9.836199e-01 -1.802550e-01 0.000000e+00
    outer loop
      vertex   8.285709e+00 1.130738e+02 2.360167e+02
      vertex   8.285709e+00 1.130738e+02 2.379833e+02
      vertex   8.263942e+00 1.129550e+02 2.360167e+02
    endloop
  endfacet
  facet normal 0.000000e+00 0.000000e+00 -1.000000e+00
    outer loop
      vertex   8.293000e+00 1.131943e+02 2.340500e+02
      vertex   3.793000e+00 1.131943e+02 2.340500e+02
      vertex   8.293000e+00 1.151943e+02 2.340500e+02
    endloop
  endfacet
  facet normal -0.000000e+00 0.000000e+00 -1.000000e+00
    outer loop
      vertex   8.293000e+00 1.151943e+02 2.340500e+02
      vertex   3.793000e+00 1.131943e+02 2.340500e+02
      vertex   3.793000e+00 1.151943e+02 2.340500e+02
    endloop
  endfacet
  facet normal 0.000000e+00 -1.000000e+00 0.000000e+00
    outer loop
      vertex   4.793000e+00 1.121943e+02 2.389500e+02
      vertex   4.793000e+00 1.121943e+02 2.350500e+02
      vertex   7.293000e+00 1.121943e+02 2.389500e+02
    endloop
  endfacet
  facet normal 0.000000e+00 -1.000000e+00 -0.000000e+00
    outer loop
      vertex   7.293000e+00 1.121943e+02 2.389500e+02
      vertex   4.793000e+00 1.121943e+02 2.350500e+02
      vertex   7.293000e+00 1.121943e+02 2.350500e+02
    endloop
  endfacet
  facet normal 0.000000e+00 0.000000e+00 -1.000000e+00
    outer loop
      vertex   -7.207000e+00 1.131943e+02 2.340500e+02
      vertex   -1.170700e+01 1.131943e+02 2.340500e+02
      vertex   -7.207000e+00 1.151943e+02 2.340500e+02
    endloop
  endfacet
  facet normal -0.000000e+00 0.000000e+00 -1.000000e+00
    outer loop
      vertex   -7.207000e+00 1.151943e+02 2.340500e+02
      vertex   -1.170700e+01 1.131943e+02 2.340500e+02
      vertex   -1.170700e+01 1.151943e+02 2.340500e+02
    endloop
  endfacet
  facet normal 0.000000e+00 -1.000000e+00 0.000000e+00
    outer loop
      vertex   -6.447133e-02 1.151943e+02 2.368811e+02
      vertex   3.793000e+00 1.151943e+02 2.340500e+02
      vertex   -5.700000e-02 1.151943e+02 2.370379e+02
    endloop
  endfacet
  facet normal 0.000000e+00 -1.000000e+00 0.000000e+00
    outer loop
      vertex   -5.700000e-02 1.151943e+02 2.370379e+02
      vertex   3.793000e+00 1.151943e+02 2.340500e+02
      vertex   3.793000e+00 1.151943e+02 2.399500e+02
    endloop
  endfacet
  facet normal 0.000000e+00 -1.000000e+00 0.000000e+00
    outer loop
      vertex   -5.700000e-02 1.151943e+02 2.370379e+02
      vertex   3.793000e+00 1.151943e+02 2.399500e+02
      vertex   -6.447133e-02 1.151943e+02 2.371948e+02
    endloop
  endfacet
  facet normal 0.000000e+00 -1.000000e+00 0.000000e+00
    outer loop
      vertex   -6.447133e-02 1.151943e+02 2.371948e+02
      vertex   3.793000e+00 1.151943e+02 2.399500e+02
      vertex   -8.681765e-02 1.151943e+02 2.373502e+02
    endloop
  endfacet
  facet normal 0.000000e+00 -1.000000e+00 0.000000e+00
    outer loop
      vertex   -8.681765e-02 1.151943e+02 2.373502e+02
      vertex   3.793000e+00 1.151943e+02 2.399500e+02
      vertex   -1.238366e-01 1.151943e+02 2.375028e+02
    endloop
  endfacet
  facet normal 0.000000e+00 -1.000000e+00 0.000000e+00
    outer loop
      vertex   -1.238366e-01 1.151943e+02 2.375028e+02
      vertex   3.793000e+00 1.151943e+02 2.399500e+02
      vertex   -1.751929e-01 1.151943e+02 2.376512e+02
    endloop
  endfacet
  facet normal 0.000000e+00 -1.000000e+00 0.000000e+00
    outer loop
      vertex   -1.751929e-01 1.151943e+02 2.376512e+02
      vertex   3.793000e+00 1.151943e+02 2.399500e+02
      vertex   -2.404215e-01 1.151943e+02 2.377940e+02
    endloop
  endfacet
  facet normal 0.000000e+00 -1.000000e+00 0.000000e+00
    outer loop
      vertex   -2.404215e-01 1.151943e+02 2.377940e+02
      vertex   3.793000e+00 1.151943e+02 2.399500e+02
      vertex   -3.189317e-01 1.151943e+02 2.379300e+02
    endloop
  endfacet
  facet normal 0.000000e+00 -1.000000e+00 0.000000e+00
    outer loop
      vertex   -3.189317e-01 1.151943e+02 2.379300e+02
      vertex   3.793000e+00 1.151943e+02 2.399500e+02
      vertex   -4.100124e-01 1.151943e+02 2.380579e+02
    endloop
  endfacet
  facet normal 0.000000e+00 -1.000000e+00 0.000000e+00
    outer loop
      vertex   -4.100124e-01 1.151943e+02 2.380579e+02
      vertex   3.793000e+00 1.151943e+02 2.399500e+02
      vertex   -5.128388e-01 1.151943e+02 2.381766e+02
    endloop
  endfacet
  facet normal 0.000000e+00 -1.000000e+00 0.000000e+00
    outer loop
      vertex   -5.128388e-01 1.151943e+02 2.381766e+02
      vertex   3.793000e+00 1.151943e+02 2.399500e+02
      vertex   -6.264798e-01 1.151943e+02 2.382849e+02
    endloop
  endfacet
  facet normal 0.000000e+00 -1.000000e+00 0.000000e+00
    outer loop
      vertex   -6.264798e-01 1.151943e+02 2.382849e+02
      vertex   3.793000e+00 1.151943e+02 2.399500e+02
      vertex   -7.499061e-01 1.151943e+02 2.383820e+02
    endloop
  endfacet
  facet normal 0.000000e+00 -1.000000e+00 0.000000e+00
    outer loop
      vertex   -7.499061e-01 1.151943e+02 2.383820e+02
      vertex   3.793000e+00 1.151943e+02 2.399500e+02
      vertex   -8.820000e-01 1.151943e+02 2.384669e+02
    endloop
  endfacet
  facet normal 0.000000e+00 -1.000000e+00 0.000000e+00
    outer loop
      vertex   -8.820000e-01 1.151943e+02 2.384669e+02
      vertex   3.793000e+00 1.151943e+02 2.399500e+02
      vertex   -1.021565e+00 1.151943e+02 2.385388e+02
    endloop
  endfacet
  facet normal 0.000000e+00 -1.000000e+00 0.000000e+00
    outer loop
      vertex   -1.021565e+00 1.151943e+02 2.385388e+02
      vertex   3.793000e+00 1.151943e+02 2.399500e+02
      vertex   -1.167338e+00 1.151943e+02 2.385972e+02
    endloop
  endfacet
  facet normal 0.000000e+00 -1.000000e+00 0.000000e+00
    outer loop
      vertex   -1.167338e+00 1.151943e+02 2.385972e+02
      vertex   3.793000e+00 1.151943e+02 2.399500e+02
      vertex   -1.317998e+00 1.151943e+02 2.386414e+02
    endloop
  endfacet
  facet normal 0.000000e+00 -1.000000e+00 0.000000e+00
    outer loop
      vertex   -1.317998e+00 1.151943e+02 2.386414e+02
      vertex   3.793000e+00 1.151943e+02 2.399500e+02
      vertex   -1.472181e+00 1.151943e+02 2.386711e+02
    endloop
  endfacet
  facet normal 0.000000e+00 -1.000000e+00 0.000000e+00
    outer loop
      vertex   -1.472181e+00 1.151943e+02 2.386711e+02
      vertex   3.793000e+00 1.151943e+02 2.399500e+02
      vertex   -1.628490e+00 1.151943e+02 2.386861e+02
    endloop
  endfacet
  facet normal 0.000000e+00 -1.000000e+00 0.000000e+00
    outer loop
      vertex   -1.628490e+00 1.151943e+02 2.386861e+02
      vertex   3.793000e+00 1.151943e+02 2.399500e+02
      vertex   8.293000e+00 1.151943e+02 2.470000e+02
    endloop
  endfacet
  facet normal 0.000000e+00 -1.000000e+00 0.000000e+00
    outer loop
      vertex   -1.628490e+00 1.151943e+02 2.386861e+02
      vertex   8.293000e+00 1.151943e+02 2.470000e+02
      vertex   -1.170700e+01 1.151943e+02 2.470000e+02
    endloop
  endfacet
  facet normal 0.000000e+00 -1.000000e+00 -0.000000e+00
    outer loop
      vertex   -6.447133e-02 1.151943e+02 2.368811e+02
      vertex   -8.681765e-02 1.151943e+02 2.367257e+02
      vertex   3.793000e+00 1.151943e+02 2.340500e+02
    endloop
  endfacet
  facet normal 0.000000e+00 -1.000000e+00 0.000000e+00
    outer loop
      vertex   3.793000e+00 1.151943e+02 2.340500e+02
      vertex   -8.681765e-02 1.151943e+02 2.367257e+02
      vertex   -1.238366e-01 1.151943e+02 2.365731e+02
    endloop
  endfacet
  facet normal 0.000000e+00 -1.000000e+00 0.000000e+00
    outer loop
      vertex   3.793000e+00 1.151943e+02 2.340500e+02
      vertex   -1.238366e-01 1.151943e+02 2.365731e+02
      vertex   -1.751929e-01 1.151943e+02 2.364247e+02
    endloop
  endfacet
  facet normal 0.000000e+00 -1.000000e+00 -0.000000e+00
    outer loop
      vertex   -1.751929e-01 1.151943e+02 2.364247e+02
      vertex   -2.404215e-01 1.151943e+02 2.362819e+02
      vertex   3.793000e+00 1.151943e+02 2.340500e+02
    endloop
  endfacet
  facet normal 0.000000e+00 -1.000000e+00 0.000000e+00
    outer loop
      vertex   3.793000e+00 1.151943e+02 2.340500e+02
      vertex   -2.404215e-01 1.151943e+02 2.362819e+02
      vertex   -3.189317e-01 1.151943e+02 2.361459e+02
    endloop
  endfacet
  facet normal 0.000000e+00 -1.000000e+00 0.000000e+00
    outer loop
      vertex   3.793000e+00 1.151943e+02 2.340500e+02
      vertex   -3.189317e-01 1.151943e+02 2.361459e+02
      vertex   -4.100124e-01 1.151943e+02 2.360180e+02
    endloop
  endfacet
  facet normal 0.000000e+00 -1.000000e+00 -0.000000e+00
    outer loop
      vertex   -4.100124e-01 1.151943e+02 2.360180e+02
      vertex   -5.128388e-01 1.151943e+02 2.358993e+02
      vertex   3.793000e+00 1.151943e+02 2.340500e+02
    endloop
  endfacet
  facet normal 0.000000e+00 -1.000000e+00 0.000000e+00
    outer loop
      vertex   3.793000e+00 1.151943e+02 2.340500e+02
      vertex   -5.128388e-01 1.151943e+02 2.358993e+02
      vertex   -6.264798e-01 1.151943e+02 2.357909e+02
    endloop
  endfacet
  facet normal 0.000000e+00 -1.000000e+00 0.000000e+00
    outer loop
      vertex   3.793000e+00 1.151943e+02 2.340500e+02
      vertex   -6.264798e-01 1.151943e+02 2.357909e+02
      vertex   -7.499061e-01 1.151943e+02 2.356939e+02
    endloop
  endfacet
  facet normal 0.000000e+00 -1.000000e+00 -0.000000e+00
    outer loop
      vertex   -7.499061e-01 1.151943e+02 2.356939e+02
      vertex   -8.820000e-01 1.151943e+02 2.356090e+02
      vertex   3.793000e+00 1.151943e+02 2.340500e+02
    endloop
  endfacet
  facet normal 0.000000e+00 -1.000000e+00 0.000000e+00
    outer loop
      vertex   3.793000e+00 1.151943e+02 2.340500e+02
      vertex   -8.820000e-01 1.151943e+02 2.356090e+02
      vertex   -1.021565e+00 1.151943e+02 2.355370e+02
    endloop
  endfacet
  facet normal 0.000000e+00 -1.000000e+00 0.000000e+00
    outer loop
      vertex   3.793000e+00 1.151943e+02 2.340500e+02
      vertex   -1.021565e+00 1.151943e+02 2.355370e+02
      vertex   -1.167338e+00 1.151943e+02 2.354787e+02
    endloop
  endfacet
  facet normal 0.000000e+00 -1.000000e+00 -0.000000e+00
    outer loop
      vertex   -1.167338e+00 1.151943e+02 2.354787e+02
      vertex   -1.317998e+00 1.151943e+02 2.354344e+02
      vertex   3.793000e+00 1.151943e+02 2.340500e+02
    endloop
  endfacet
  facet normal 0.000000e+00 -1.000000e+00 0.000000e+00
    outer loop
      vertex   3.793000e+00 1.151943e+02 2.340500e+02
      vertex   -1.317998e+00 1.151943e+02 2.354344e+02
      vertex   -1.472181e+00 1.151943e+02 2.354047e+02
    endloop
  endfacet
  facet normal 0.000000e+00 -1.000000e+00 0.000000e+00
    outer loop
      vertex   3.793000e+00 1.151943e+02 2.340500e+02
      vertex   -1.472181e+00 1.151943e+02 2.354047e+02
      vertex   -1.628490e+00 1.151943e+02 2.353898e+02
    endloop
  endfacet
  facet normal -0.000000e+00 -1.000000e+00 -0.000000e+00
    outer loop
      vertex   3.793000e+00 1.151943e+02 2.340500e+02
      vertex   -1.628490e+00 1.151943e+02 2.353898e+02
      vertex   8.293000e+00 1.151943e+02 2.270000e+02
    endloop
  endfacet
  facet normal 0.000000e+00 -1.000000e+00 0.000000e+00
    outer loop
      vertex   8.293000e+00 1.151943e+02 2.270000e+02
      vertex   -1.628490e+00 1.151943e+02 2.353898e+02
      vertex   -1.785510e+00 1.151943e+02 2.353898e+02
    endloop
  endfacet
  facet normal 0.000000e+00 -1.000000e+00 0.000000e+00
    outer loop
      vertex   8.293000e+00 1.151943e+02 2.270000e+02
      vertex   -1.785510e+00 1.151943e+02 2.353898e+02
      vertex   -7.207000e+00 1.151943e+02 2.340500e+02
    endloop
  endfacet
  facet normal 0.000000e+00 -1.000000e+00 0.000000e+00
    outer loop
      vertex   -7.207000e+00 1.151943e+02 2.340500e+02
      vertex   -1.785510e+00 1.151943e+02 2.353898e+02
      vertex   -1.941819e+00 1.151943e+02 2.354047e+02
    endloop
  endfacet
  facet normal 0.000000e+00 -1.000000e+00 0.000000e+00
    outer loop
      vertex   -7.207000e+00 1.151943e+02 2.340500e+02
      vertex   -1.941819e+00 1.151943e+02 2.354047e+02
      vertex   -2.096002e+00 1.151943e+02 2.354344e+02
    endloop
  endfacet
  facet normal -0.000000e+00 -1.000000e+00 0.000000e+00
    outer loop
      vertex   -2.096002e+00 1.151943e+02 2.354344e+02
      vertex   -2.246662e+00 1.151943e+02 2.354787e+02
      vertex   -7.207000e+00 1.151943e+02 2.340500e+02
    endloop
  endfacet
  facet normal 0.000000e+00 -1.000000e+00 0.000000e+00
    outer loop
      vertex   -7.207000e+00 1.151943e+02 2.340500e+02
      vertex   -2.246662e+00 1.151943e+02 2.354787e+02
      vertex   -2.392435e+00 1.151943e+02 2.355370e+02
    endloop
  endfacet
  facet normal 0.000000e+00 -1.000000e+00 0.000000e+00
    outer loop
      vertex   -7.207000e+00 1.151943e+02 2.340500e+02
      vertex   -2.392435e+00 1.151943e+02 2.355370e+02
      vertex   -2.532000e+00 1.151943e+02 2.356090e+02
    endloop
  endfacet
  facet normal -0.000000e+00 -1.000000e+00 0.000000e+00
    outer loop
      vertex   -2.532000e+00 1.151943e+02 2.356090e+02
      vertex   -2.664094e+00 1.151943e+02 2.356939e+02
      vertex   -7.207000e+00 1.151943e+02 2.340500e+02
    endloop
  endfacet
  facet normal 0.000000e+00 -1.000000e+00 0.000000e+00
    outer loop
      vertex   -7.207000e+00 1.151943e+02 2.340500e+02
      vertex   -2.664094e+00 1.151943e+02 2.356939e+02
      vertex   -2.787520e+00 1.151943e+02 2.357909e+02
    endloop
  endfacet
  facet normal 0.000000e+00 -1.000000e+00 0.000000e+00
    outer loop
      vertex   -7.207000e+00 1.151943e+02 2.340500e+02
      vertex   -2.787520e+00 1.151943e+02 2.357909e+02
      vertex   -2.901161e+00 1.151943e+02 2.358993e+02
    endloop
  endfacet
  facet normal -0.000000e+00 -1.000000e+00 0.000000e+00
    outer loop
      vertex   -2.901161e+00 1.151943e+02 2.358993e+02
      vertex   -3.003988e+00 1.151943e+02 2.360180e+02
      vertex   -7.207000e+00 1.151943e+02 2.340500e+02
    endloop
  endfacet
  facet normal 0.000000e+00 -1.000000e+00 0.000000e+00
    outer loop
      vertex   -7.207000e+00 1.151943e+02 2.340500e+02
      vertex   -3.003988e+00 1.151943e+02 2.360180e+02
      vertex   -3.095068e+00 1.151943e+02 2.361459e+02
    endloop
  endfacet
  facet normal 0.000000e+00 -1.000000e+00 0.000000e+00
    outer loop
      vertex   -7.207000e+00 1.151943e+02 2.340500e+02
      vertex   -3.095068e+00 1.151943e+02 2.361459e+02
      vertex   -3.173578e+00 1.151943e+02 2.362819e+02
    endloop
  endfacet
  facet normal -0.000000e+00 -1.000000e+00 0.000000e+00
    outer loop
      vertex   -3.173578e+00 1.151943e+02 2.362819e+02
      vertex   -3.238807e+00 1.151943e+02 2.364247e+02
      vertex   -7.207000e+00 1.151943e+02 2.340500e+02
    endloop
  endfacet
  facet normal 0.000000e+00 -1.000000e+00 0.000000e+00
    outer loop
      vertex   -7.207000e+00 1.151943e+02 2.340500e+02
      vertex   -3.238807e+00 1.151943e+02 2.364247e+02
      vertex   -3.290163e+00 1.151943e+02 2.365731e+02
    endloop
  endfacet
  facet normal 0.000000e+00 -1.000000e+00 0.000000e+00
    outer loop
      vertex   -7.207000e+00 1.151943e+02 2.340500e+02
      vertex   -3.290163e+00 1.151943e+02 2.365731e+02
      vertex   -3.327182e+00 1.151943e+02 2.367257e+02
    endloop
  endfacet
  facet normal -0.000000e+00 -1.000000e+00 0.000000e+00
    outer loop
      vertex   -3.327182e+00 1.151943e+02 2.367257e+02
      vertex   -3.349529e+00 1.151943e+02 2.368811e+02
      vertex   -7.207000e+00 1.151943e+02 2.340500e+02
    endloop
  endfacet
  facet normal 0.000000e+00 -1.000000e+00 0.000000e+00
    outer loop
      vertex   -7.207000e+00 1.151943e+02 2.340500e+02
      vertex   -3.349529e+00 1.151943e+02 2.368811e+02
      vertex   -3.357000e+00 1.151943e+02 2.370379e+02
    endloop
  endfacet
  facet normal 0.000000e+00 -1.000000e+00 0.000000e+00
    outer loop
      vertex   -7.207000e+00 1.151943e+02 2.340500e+02
      vertex   -3.357000e+00 1.151943e+02 2.370379e+02
      vertex   -7.207000e+00 1.151943e+02 2.399500e+02
    endloop
  endfacet
  facet normal 0.000000e+00 -1.000000e+00 0.000000e+00
    outer loop
      vertex   -7.207000e+00 1.151943e+02 2.399500e+02
      vertex   -3.357000e+00 1.151943e+02 2.370379e+02
      vertex   -3.349529e+00 1.151943e+02 2.371948e+02
    endloop
  endfacet
  facet normal 0.000000e+00 -1.000000e+00 0.000000e+00
    outer loop
      vertex   -7.207000e+00 1.151943e+02 2.399500e+02
      vertex   -3.349529e+00 1.151943e+02 2.371948e+02
      vertex   -3.327182e+00 1.151943e+02 2.373502e+02
    endloop
  endfacet
  facet normal 0.000000e+00 -1.000000e+00 0.000000e+00
    outer loop
      vertex   -3.327182e+00 1.151943e+02 2.373502e+02
      vertex   -3.290163e+00 1.151943e+02 2.375028e+02
      vertex   -7.207000e+00 1.151943e+02 2.399500e+02
    endloop
  endfacet
  facet normal 0.000000e+00 -1.000000e+00 0.000000e+00
    outer loop
      vertex   -7.207000e+00 1.151943e+02 2.399500e+02
      vertex   -3.290163e+00 1.151943e+02 2.375028e+02
      vertex   -3.238807e+00 1.151943e+02 2.376512e+02
    endloop
  endfacet
  facet normal 0.000000e+00 -1.000000e+00 0.000000e+00
    outer loop
      vertex   -7.207000e+00 1.151943e+02 2.399500e+02
      vertex   -3.238807e+00 1.151943e+02 2.376512e+02
      vertex   -3.173578e+00 1.151943e+02 2.377940e+02
    endloop
  endfacet
  facet normal 0.000000e+00 -1.000000e+00 0.000000e+00
    outer loop
      vertex   -3.173578e+00 1.151943e+02 2.377940e+02
      vertex   -3.095068e+00 1.151943e+02 2.379300e+02
      vertex   -7.207000e+00 1.151943e+02 2.399500e+02
    endloop
  endfacet
  facet normal 0.000000e+00 -1.000000e+00 0.000000e+00
    outer loop
      vertex   -7.207000e+00 1.151943e+02 2.399500e+02
      vertex   -3.095068e+00 1.151943e+02 2.379300e+02
      vertex   -3.003988e+00 1.151943e+02 2.380579e+02
    endloop
  endfacet
  facet normal 0.000000e+00 -1.000000e+00 0.000000e+00
    outer loop
      vertex   -7.207000e+00 1.151943e+02 2.399500e+02
      vertex   -3.003988e+00 1.151943e+02 2.380579e+02
      vertex   -2.901161e+00 1.151943e+02 2.381766e+02
    endloop
  endfacet
  facet normal 0.000000e+00 -1.000000e+00 0.000000e+00
    outer loop
      vertex   -2.901161e+00 1.151943e+02 2.381766e+02
      vertex   -2.787520e+00 1.151943e+02 2.382849e+02
      vertex   -7.207000e+00 1.151943e+02 2.399500e+02
    endloop
  endfacet
  facet normal 0.000000e+00 -1.000000e+00 0.000000e+00
    outer loop
      vertex   -7.207000e+00 1.151943e+02 2.399500e+02
      vertex   -2.787520e+00 1.151943e+02 2.382849e+02
      vertex   -2.664094e+00 1.151943e+02 2.383820e+02
    endloop
  endfacet
  facet normal 0.000000e+00 -1.000000e+00 0.000000e+00
    outer loop
      vertex   -7.207000e+00 1.151943e+02 2.399500e+02
      vertex   -2.664094e+00 1.151943e+02 2.383820e+02
      vertex   -2.532000e+00 1.151943e+02 2.384669e+02
    endloop
  endfacet
  facet normal 0.000000e+00 -1.000000e+00 0.000000e+00
    outer loop
      vertex   -2.532000e+00 1.151943e+02 2.384669e+02
      vertex   -2.392435e+00 1.151943e+02 2.385388e+02
      vertex   -7.207000e+00 1.151943e+02 2.399500e+02
    endloop
  endfacet
  facet normal 0.000000e+00 -1.000000e+00 0.000000e+00
    outer loop
      vertex   -7.207000e+00 1.151943e+02 2.399500e+02
      vertex   -2.392435e+00 1.151943e+02 2.385388e+02
      vertex   -2.246662e+00 1.151943e+02 2.385972e+02
    endloop
  endfacet
  facet normal 0.000000e+00 -1.000000e+00 0.000000e+00
    outer loop
      vertex   -7.207000e+00 1.151943e+02 2.399500e+02
      vertex   -2.246662e+00 1.151943e+02 2.385972e+02
      vertex   -2.096002e+00 1.151943e+02 2.386414e+02
    endloop
  endfacet
  facet normal 0.000000e+00 -1.000000e+00 0.000000e+00
    outer loop
      vertex   -2.096002e+00 1.151943e+02 2.386414e+02
      vertex   -1.941819e+00 1.151943e+02 2.386711e+02
      vertex   -7.207000e+00 1.151943e+02 2.399500e+02
    endloop
  endfacet
  facet normal 0.000000e+00 -1.000000e+00 0.000000e+00
    outer loop
      vertex   -7.207000e+00 1.151943e+02 2.399500e+02
      vertex   -1.941819e+00 1.151943e+02 2.386711e+02
      vertex   -1.785510e+00 1.151943e+02 2.386861e+02
    endloop
  endfacet
  facet normal 0.000000e+00 -1.000000e+00 0.000000e+00
    outer loop
      vertex   -7.207000e+00 1.151943e+02 2.399500e+02
      vertex   -1.785510e+00 1.151943e+02 2.386861e+02
      vertex   -1.170700e+01 1.151943e+02 2.470000e+02
    endloop
  endfacet
  facet normal 0.000000e+00 -1.000000e+00 0.000000e+00
    outer loop
      vertex   -1.170700e+01 1.151943e+02 2.470000e+02
      vertex   -1.785510e+00 1.151943e+02 2.386861e+02
      vertex   -1.628490e+00 1.151943e+02 2.386861e+02
    endloop
  endfacet
  facet normal 0.000000e+00 -1.000000e+00 0.000000e+00
    outer loop
      vertex   -1.170700e+01 1.151943e+02 2.399500e+02
      vertex   -7.207000e+00 1.151943e+02 2.399500e+02
      vertex   -1.170700e+01 1.151943e+02 2.470000e+02
    endloop
  endfacet
  facet normal 0.000000e+00 -1.000000e+00 0.000000e+00
    outer loop
      vertex   -1.170700e+01 1.151943e+02 2.340500e+02
      vertex   -1.170700e+01 1.151943e+02 2.270000e+02
      vertex   -7.207000e+00 1.151943e+02 2.340500e+02
    endloop
  endfacet
  facet normal 0.000000e+00 -1.000000e+00 -0.000000e+00
    outer loop
      vertex   -7.207000e+00 1.151943e+02 2.340500e+02
      vertex   -1.170700e+01 1.151943e+02 2.270000e+02
      vertex   8.293000e+00 1.151943e+02 2.270000e+02
    endloop
  endfacet
  facet normal 0.000000e+00 -1.000000e+00 0.000000e+00
    outer loop
      vertex   8.293000e+00 1.151943e+02 2.270000e+02
      vertex   8.293000e+00 1.151943e+02 2.340500e+02
      vertex   3.793000e+00 1.151943e+02 2.340500e+02
    endloop
  endfacet
  facet normal 0.000000e+00 -1.000000e+00 0.000000e+00
    outer loop
      vertex   3.793000e+00 1.151943e+02 2.399500e+02
      vertex   8.293000e+00 1.151943e+02 2.399500e+02
      vertex   8.293000e+00 1.151943e+02 2.470000e+02
    endloop
  endfacet
  facet normal 0.000000e+00 -1.421085e-14 1.000000e+00
    outer loop
      vertex   3.793000e+00 1.131943e+02 2.399500e+02
      vertex   8.293000e+00 1.131943e+02 2.399500e+02
      vertex   3.793000e+00 1.151943e+02 2.399500e+02
    endloop
  endfacet
  facet normal 6.315935e-15 0.000000e+00 1.000000e+00
    outer loop
      vertex   3.793000e+00 1.151943e+02 2.399500e+02
      vertex   8.293000e+00 1.131943e+02 2.399500e+02
      vertex   8.293000e+00 1.151943e+02 2.399500e+02
    endloop
  endfacet
  facet normal 1.000000e+00 -0.000000e+00 0.000000e+00
    outer loop
      vertex   8.293000e+00 1.131943e+02 2.399500e+02
      vertex   8.293000e+00 1.131943e+02 2.340500e+02
      vertex   8.293000e+00 1.151943e+02 2.399500e+02
    endloop
  endfacet
  facet normal 1.000000e+00 0.000000e+00 0.000000e+00
    outer loop
      vertex   8.293000e+00 1.151943e+02 2.399500e+02
      vertex   8.293000e+00 1.131943e+02 2.340500e+02
      vertex   8.293000e+00 1.151943e+02 2.340500e+02
    endloop
  endfacet
  facet normal 1.000000e+00 -0.000000e+00 0.000000e+00
    outer loop
      vertex   8.293000e+00 1.151943e+02 2.399500e+02
      vertex   8.293000e+00 1.151943e+02 2.340500e+02
      vertex   8.293000e+00 1.181943e+02 2.410000e+02
    endloop
  endfacet
  facet normal 1.000000e+00 0.000000e+00 0.000000e+00
    outer loop
      vertex   8.293000e+00 1.181943e+02 2.410000e+02
      vertex   8.293000e+00 1.151943e+02 2.340500e+02
      vertex   8.293000e+00 1.181943e+02 2.270000e+02
    endloop
  endfacet
  facet normal 1.000000e+00 0.000000e+00 0.000000e+00
    outer loop
      vertex   8.293000e+00 1.181943e+02 2.270000e+02
      vertex   8.293000e+00 1.151943e+02 2.340500e+02
      vertex   8.293000e+00 1.151943e+02 2.270000e+02
    endloop
  endfacet
  facet normal 1.000000e+00 0.000000e+00 -0.000000e+00
    outer loop
      vertex   8.293000e+00 1.181943e+02 2.410000e+02
      vertex   8.293000e+00 1.182019e+02 2.412140e+02
      vertex   8.293000e+00 1.151943e+02 2.399500e+02
    endloop
  endfacet
  facet normal 1.000000e+00 0.000000e+00 0.000000e+00
    outer loop
      vertex   8.293000e+00 1.151943e+02 2.399500e+02
      vertex   8.293000e+00 1.182019e+02 2.412140e+02
      vertex   8.293000e+00 1.182248e+02 2.414269e+02
    endloop
  endfacet
  facet normal 1.000000e+00 0.000000e+00 0.000000e+00
    outer loop
      vertex   8.293000e+00 1.151943e+02 2.399500e+02
      vertex   8.293000e+00 1.182248e+02 2.414269e+02
      vertex   8.293000e+00 1.182629e+02 2.416377e+02
    endloop
  endfacet
  facet normal 1.000000e+00 0.000000e+00 -0.000000e+00
    outer loop
      vertex   8.293000e+00 1.182629e+02 2.416377e+02
      vertex   8.293000e+00 1.183158e+02 2.418452e+02
      vertex   8.293000e+00 1.151943e+02 2.399500e+02
    endloop
  endfacet
  facet normal 1.000000e+00 0.000000e+00 0.000000e+00
    outer loop
      vertex   8.293000e+00 1.151943e+02 2.399500e+02
      vertex   8.293000e+00 1.183158e+02 2.418452e+02
      vertex   8.293000e+00 1.183834e+02 2.420484e+02
    endloop
  endfacet
  facet normal 1.000000e+00 0.000000e+00 0.000000e+00
    outer loop
      vertex   8.293000e+00 1.151943e+02 2.399500e+02
      vertex   8.293000e+00 1.183834e+02 2.420484e+02
      vertex   8.293000e+00 1.184654e+02 2.422462e+02
    endloop
  endfacet
  facet normal 1.000000e+00 0.000000e+00 0.000000e+00
    outer loop
      vertex   8.293000e+00 1.151943e+02 2.399500e+02
      vertex   8.293000e+00 1.184654e+02 2.422462e+02
      vertex   8.293000e+00 1.151943e+02 2.470000e+02
    endloop
  endfacet
  facet normal 1.000000e+00 0.000000e+00 0.000000e+00
    outer loop
      vertex   8.293000e+00 1.151943e+02 2.470000e+02
      vertex   8.293000e+00 1.184654e+02 2.422462e+02
      vertex   8.293000e+00 1.185613e+02 2.424377e+02
    endloop
  endfacet
  facet normal 1.000000e+00 0.000000e+00 0.000000e+00
    outer loop
      vertex   8.293000e+00 1.151943e+02 2.470000e+02
      vertex   8.293000e+00 1.185613e+02 2.424377e+02
      vertex   8.293000e+00 1.186705e+02 2.426219e+02
    endloop
  endfacet
  facet normal 1.000000e+00 0.000000e+00 -0.000000e+00
    outer loop
      vertex   8.293000e+00 1.186705e+02 2.426219e+02
      vertex   8.293000e+00 1.187927e+02 2.427978e+02
      vertex   8.293000e+00 1.151943e+02 2.470000e+02
    endloop
  endfacet
  facet normal 1.000000e+00 0.000000e+00 0.000000e+00
    outer loop
      vertex   8.293000e+00 1.151943e+02 2.470000e+02
      vertex   8.293000e+00 1.187927e+02 2.427978e+02
      vertex   8.293000e+00 1.189270e+02 2.429646e+02
    endloop
  endfacet
  facet normal 1.000000e+00 0.000000e+00 0.000000e+00
    outer loop
      vertex   8.293000e+00 1.151943e+02 2.470000e+02
      vertex   8.293000e+00 1.189270e+02 2.429646e+02
      vertex   8.293000e+00 1.190730e+02 2.431213e+02
    endloop
  endfacet
  facet normal 1.000000e+00 0.000000e+00 -0.000000e+00
    outer loop
      vertex   8.293000e+00 1.190730e+02 2.431213e+02
      vertex   8.293000e+00 1.192297e+02 2.432672e+02
      vertex   8.293000e+00 1.151943e+02 2.470000e+02
    endloop
  endfacet
  facet normal 1.000000e+00 0.000000e+00 0.000000e+00
    outer loop
      vertex   8.293000e+00 1.151943e+02 2.470000e+02
      vertex   8.293000e+00 1.192297e+02 2.432672e+02
      vertex   8.293000e+00 1.193965e+02 2.434016e+02
    endloop
  endfacet
  facet normal 1.000000e+00 0.000000e+00 0.000000e+00
    outer loop
      vertex   8.293000e+00 1.151943e+02 2.470000e+02
      vertex   8.293000e+00 1.193965e+02 2.434016e+02
      vertex   8.293000e+00 1.195724e+02 2.435238e+02
    endloop
  endfacet
  facet normal 1.000000e+00 0.000000e+00 -0.000000e+00
    outer loop
      vertex   8.293000e+00 1.195724e+02 2.435238e+02
      vertex   8.293000e+00 1.197565e+02 2.436330e+02
      vertex   8.293000e+00 1.151943e+02 2.470000e+02
    endloop
  endfacet
  facet normal 1.000000e+00 0.000000e+00 0.000000e+00
    outer loop
      vertex   8.293000e+00 1.151943e+02 2.470000e+02
      vertex   8.293000e+00 1.197565e+02 2.436330e+02
      vertex   8.293000e+00 1.199480e+02 2.437289e+02
    endloop
  endfacet
  facet normal 1.000000e+00 0.000000e+00 0.000000e+00
    outer loop
      vertex   8.293000e+00 1.151943e+02 2.470000e+02
      vertex   8.293000e+00 1.199480e+02 2.437289e+02
      vertex   8.293000e+00 1.201459e+02 2.438108e+02
    endloop
  endfacet
  facet normal 1.000000e+00 0.000000e+00 -0.000000e+00
    outer loop
      vertex   8.293000e+00 1.201459e+02 2.438108e+02
      vertex   8.293000e+00 1.203491e+02 2.438785e+02
      vertex   8.293000e+00 1.151943e+02 2.470000e+02
    endloop
  endfacet
  facet normal 1.000000e+00 0.000000e+00 0.000000e+00
    outer loop
      vertex   8.293000e+00 1.151943e+02 2.470000e+02
      vertex   8.293000e+00 1.203491e+02 2.438785e+02
      vertex   8.293000e+00 1.205566e+02 2.439314e+02
    endloop
  endfacet
  facet normal 1.000000e+00 0.000000e+00 0.000000e+00
    outer loop
      vertex   8.293000e+00 1.151943e+02 2.470000e+02
      vertex   8.293000e+00 1.205566e+02 2.439314e+02
      vertex   8.293000e+00 1.207673e+02 2.439695e+02
    endloop
  endfacet
  facet normal 1.000000e+00 0.000000e+00 -0.000000e+00
    outer loop
      vertex   8.293000e+00 1.207673e+02 2.439695e+02
      vertex   8.293000e+00 1.209803e+02 2.439924e+02
      vertex   8.293000e+00 1.151943e+02 2.470000e+02
    endloop
  endfacet
  facet normal 1.000000e+00 0.000000e+00 0.000000e+00
    outer loop
      vertex   8.293000e+00 1.151943e+02 2.470000e+02
      vertex   8.293000e+00 1.209803e+02 2.439924e+02
      vertex   8.293000e+00 1.211943e+02 2.440000e+02
    endloop
  endfacet
  facet normal 1.000000e+00 -0.000000e+00 0.000000e+00
    outer loop
      vertex   8.293000e+00 1.151943e+02 2.470000e+02
      vertex   8.293000e+00 1.211943e+02 2.440000e+02
      vertex   8.293000e+00 1.381943e+02 2.470000e+02
    endloop
  endfacet
  facet normal 1.000000e+00 0.000000e+00 0.000000e+00
    outer loop
      vertex   8.293000e+00 1.381943e+02 2.470000e+02
      vertex   8.293000e+00 1.211943e+02 2.440000e+02
      vertex   8.293000e+00 1.381943e+02 2.440000e+02
    endloop
  endfacet
  facet normal -0.000000e+00 0.000000e+00 1.000000e+00
    outer loop
      vertex   -6.447133e-02 1.283511e+02 2.470000e+02
      vertex   -5.700000e-02 1.281943e+02 2.470000e+02
      vertex   8.293000e+00 1.381943e+02 2.470000e+02
    endloop
  endfacet
  facet normal 0.000000e+00 0.000000e+00 1.000000e+00
    outer loop
      vertex   8.293000e+00 1.381943e+02 2.470000e+02
      vertex   -5.700000e-02 1.281943e+02 2.470000e+02
      vertex   -6.447133e-02 1.280374e+02 2.470000e+02
    endloop
  endfacet
  facet normal 0.000000e+00 0.000000e+00 1.000000e+00
    outer loop
      vertex   8.293000e+00 1.381943e+02 2.470000e+02
      vertex   -6.447133e-02 1.280374e+02 2.470000e+02
      vertex   8.293000e+00 1.151943e+02 2.470000e+02
    endloop
  endfacet
  facet normal 0.000000e+00 0.000000e+00 1.000000e+00
    outer loop
      vertex   8.293000e+00 1.151943e+02 2.470000e+02
      vertex   -6.447133e-02 1.280374e+02 2.470000e+02
      vertex   -8.681765e-02 1.278820e+02 2.470000e+02
    endloop
  endfacet
  facet normal 0.000000e+00 0.000000e+00 1.000000e+00
    outer loop
      vertex   8.293000e+00 1.151943e+02 2.470000e+02
      vertex   -8.681765e-02 1.278820e+02 2.470000e+02
      vertex   -1.238366e-01 1.277294e+02 2.470000e+02
    endloop
  endfacet
  facet normal 0.000000e+00 0.000000e+00 1.000000e+00
    outer loop
      vertex   -1.238366e-01 1.277294e+02 2.470000e+02
      vertex   -1.751929e-01 1.275810e+02 2.470000e+02
      vertex   8.293000e+00 1.151943e+02 2.470000e+02
    endloop
  endfacet
  facet normal 0.000000e+00 0.000000e+00 1.000000e+00
    outer loop
      vertex   8.293000e+00 1.151943e+02 2.470000e+02
      vertex   -1.751929e-01 1.275810e+02 2.470000e+02
      vertex   -2.404215e-01 1.274382e+02 2.470000e+02
    endloop
  endfacet
  facet normal 0.000000e+00 0.000000e+00 1.000000e+00
    outer loop
      vertex   8.293000e+00 1.151943e+02 2.470000e+02
      vertex   -2.404215e-01 1.274382e+02 2.470000e+02
      vertex   -3.189317e-01 1.273022e+02 2.470000e+02
    endloop
  endfacet
  facet normal 0.000000e+00 0.000000e+00 1.000000e+00
    outer loop
      vertex   -3.189317e-01 1.273022e+02 2.470000e+02
      vertex   -4.100124e-01 1.271743e+02 2.470000e+02
      vertex   8.293000e+00 1.151943e+02 2.470000e+02
    endloop
  endfacet
  facet normal 0.000000e+00 0.000000e+00 1.000000e+00
    outer loop
      vertex   8.293000e+00 1.151943e+02 2.470000e+02
      vertex   -4.100124e-01 1.271743e+02 2.470000e+02
      vertex   -5.128388e-01 1.270557e+02 2.470000e+02
    endloop
  endfacet
  facet normal 0.000000e+00 0.000000e+00 1.000000e+00
    outer loop
      vertex   8.293000e+00 1.151943e+02 2.470000e+02
      vertex   -5.128388e-01 1.270557e+02 2.470000e+02
      vertex   -6.264798e-01 1.269473e+02 2.470000e+02
    endloop
  endfacet
  facet normal 0.000000e+00 0.000000e+00 1.000000e+00
    outer loop
      vertex   -6.264798e-01 1.269473e+02 2.470000e+02
      vertex   -7.499061e-01 1.268502e+02 2.470000e+02
      vertex   8.293000e+00 1.151943e+02 2.470000e+02
    endloop
  endfacet
  facet normal 0.000000e+00 0.000000e+00 1.000000e+00
    outer loop
      vertex   8.293000e+00 1.151943e+02 2.470000e+02
      vertex   -7.499061e-01 1.268502e+02 2.470000e+02
      vertex   -8.820000e-01 1.267653e+02 2.470000e+02
    endloop
  endfacet
  facet normal 0.000000e+00 0.000000e+00 1.000000e+00
    outer loop
      vertex   8.293000e+00 1.151943e+02 2.470000e+02
      vertex   -8.820000e-01 1.267653e+02 2.470000e+02
      vertex   -1.021565e+00 1.266934e+02 2.470000e+02
    endloop
  endfacet
  facet normal 0.000000e+00 0.000000e+00 1.000000e+00
    outer loop
      vertex   -1.021565e+00 1.266934e+02 2.470000e+02
      vertex   -1.167338e+00 1.266350e+02 2.470000e+02
      vertex   8.293000e+00 1.151943e+02 2.470000e+02
    endloop
  endfacet
  facet normal 0.000000e+00 0.000000e+00 1.000000e+00
    outer loop
      vertex   8.293000e+00 1.151943e+02 2.470000e+02
      vertex   -1.167338e+00 1.266350e+02 2.470000e+02
      vertex   -1.317998e+00 1.265908e+02 2.470000e+02
    endloop
  endfacet
  facet normal 0.000000e+00 0.000000e+00 1.000000e+00
    outer loop
      vertex   8.293000e+00 1.151943e+02 2.470000e+02
      vertex   -1.317998e+00 1.265908e+02 2.470000e+02
      vertex   -1.472181e+00 1.265611e+02 2.470000e+02
    endloop
  endfacet
  facet normal 0.000000e+00 0.000000e+00 1.000000e+00
    outer loop
      vertex   -1.472181e+00 1.265611e+02 2.470000e+02
      vertex   -1.628490e+00 1.265462e+02 2.470000e+02
      vertex   8.293000e+00 1.151943e+02 2.470000e+02
    endloop
  endfacet
  facet normal 0.000000e+00 0.000000e+00 1.000000e+00
    outer loop
      vertex   8.293000e+00 1.151943e+02 2.470000e+02
      vertex   -1.628490e+00 1.265462e+02 2.470000e+02
      vertex   -1.785510e+00 1.265462e+02 2.470000e+02
    endloop
  endfacet
  facet normal 0.000000e+00 0.000000e+00 1.000000e+00
    outer loop
      vertex   8.293000e+00 1.151943e+02 2.470000e+02
      vertex   -1.785510e+00 1.265462e+02 2.470000e+02
      vertex   -1.170700e+01 1.151943e+02 2.470000e+02
    endloop
  endfacet
  facet normal 0.000000e+00 0.000000e+00 1.000000e+00
    outer loop
      vertex   -1.170700e+01 1.151943e+02 2.470000e+02
      vertex   -1.785510e+00 1.265462e+02 2.470000e+02
      vertex   -1.941819e+00 1.265611e+02 2.470000e+02
    endloop
  endfacet
  facet normal 0.000000e+00 0.000000e+00 1.000000e+00
    outer loop
      vertex   -1.170700e+01 1.151943e+02 2.470000e+02
      vertex   -1.941819e+00 1.265611e+02 2.470000e+02
      vertex   -2.096002e+00 1.265908e+02 2.470000e+02
    endloop
  endfacet
  facet normal 0.000000e+00 0.000000e+00 1.000000e+00
    outer loop
      vertex   -2.096002e+00 1.265908e+02 2.470000e+02
      vertex   -2.246662e+00 1.266350e+02 2.470000e+02
      vertex   -1.170700e+01 1.151943e+02 2.470000e+02
    endloop
  endfacet
  facet normal 0.000000e+00 0.000000e+00 1.000000e+00
    outer loop
      vertex   -1.170700e+01 1.151943e+02 2.470000e+02
      vertex   -2.246662e+00 1.266350e+02 2.470000e+02
      vertex   -2.392435e+00 1.266934e+02 2.470000e+02
    endloop
  endfacet
  facet normal 0.000000e+00 0.000000e+00 1.000000e+00
    outer loop
      vertex   -1.170700e+01 1.151943e+02 2.470000e+02
      vertex   -2.392435e+00 1.266934e+02 2.470000e+02
      vertex   -2.532000e+00 1.267653e+02 2.470000e+02
    endloop
  endfacet
  facet normal 0.000000e+00 0.000000e+00 1.000000e+00
    outer loop
      vertex   -2.532000e+00 1.267653e+02 2.470000e+02
      vertex   -2.664094e+00 1.268502e+02 2.470000e+02
      vertex   -1.170700e+01 1.151943e+02 2.470000e+02
    endloop
  endfacet
  facet normal 0.000000e+00 0.000000e+00 1.000000e+00
    outer loop
      vertex   -1.170700e+01 1.151943e+02 2.470000e+02
      vertex   -2.664094e+00 1.268502e+02 2.470000e+02
      vertex   -2.787520e+00 1.269473e+02 2.470000e+02
    endloop
  endfacet
  facet normal 0.000000e+00 0.000000e+00 1.000000e+00
    outer loop
      vertex   -1.170700e+01 1.151943e+02 2.470000e+02
      vertex   -2.787520e+00 1.269473e+02 2.470000e+02
      vertex   -2.901161e+00 1.270557e+02 2.470000e+02
    endloop
  endfacet
  facet normal 0.000000e+00 0.000000e+00 1.000000e+00
    outer loop
      vertex   -2.901161e+00 1.270557e+02 2.470000e+02
      vertex   -3.003988e+00 1.271743e+02 2.470000e+02
      vertex   -1.170700e+01 1.151943e+02 2.470000e+02
    endloop
  endfacet
  facet normal 0.000000e+00 0.000000e+00 1.000000e+00
    outer loop
      vertex   -1.170700e+01 1.151943e+02 2.470000e+02
      vertex   -3.003988e+00 1.271743e+02 2.470000e+02
      vertex   -3.095068e+00 1.273022e+02 2.470000e+02
    endloop
  endfacet
  facet normal 0.000000e+00 0.000000e+00 1.000000e+00
    outer loop
      vertex   -1.170700e+01 1.151943e+02 2.470000e+02
      vertex   -3.095068e+00 1.273022e+02 2.470000e+02
      vertex   -3.173578e+00 1.274382e+02 2.470000e+02
    endloop
  endfacet
  facet normal 0.000000e+00 0.000000e+00 1.000000e+00
    outer loop
      vertex   -3.173578e+00 1.274382e+02 2.470000e+02
      vertex   -3.238807e+00 1.275810e+02 2.470000e+02
      vertex   -1.170700e+01 1.151943e+02 2.470000e+02
    endloop
  endfacet
  facet normal 0.000000e+00 0.000000e+00 1.000000e+00
    outer loop
      vertex   -1.170700e+01 1.151943e+02 2.470000e+02
      vertex   -3.238807e+00 1.275810e+02 2.470000e+02
      vertex   -3.290163e+00 1.277294e+02 2.470000e+02
    endloop
  endfacet
  facet normal 0.000000e+00 0.000000e+00 1.000000e+00
    outer loop
      vertex   -1.170700e+01 1.151943e+02 2.470000e+02
      vertex   -3.290163e+00 1.277294e+02 2.470000e+02
      vertex   -3.327182e+00 1.278820e+02 2.470000e+02
    endloop
  endfacet
  facet normal 0.000000e+00 0.000000e+00 1.000000e+00
    outer loop
      vertex   -3.327182e+00 1.278820e+02 2.470000e+02
      vertex   -3.349529e+00 1.280374e+02 2.470000e+02
      vertex   -1.170700e+01 1.151943e+02 2.470000e+02
    endloop
  endfacet
  facet normal 0.000000e+00 0.000000e+00 1.000000e+00
    outer loop
      vertex   -1.170700e+01 1.151943e+02 2.470000e+02
      vertex   -3.349529e+00 1.280374e+02 2.470000e+02
      vertex   -1.170700e+01 1.381943e+02 2.470000e+02
    endloop
  endfacet
  facet normal 0.000000e+00 0.000000e+00 1.000000e+00
    outer loop
      vertex   -1.170700e+01 1.381943e+02 2.470000e+02
      vertex   -3.349529e+00 1.280374e+02 2.470000e+02
      vertex   -3.357000e+00 1.281943e+02 2.470000e+02
    endloop
  endfacet
  facet normal 0.000000e+00 0.000000e+00 1.000000e+00
    outer loop
      vertex   -1.170700e+01 1.381943e+02 2.470000e+02
      vertex   -3.357000e+00 1.281943e+02 2.470000e+02
      vertex   -3.349529e+00 1.283511e+02 2.470000e+02
    endloop
  endfacet
  facet normal 0.000000e+00 -0.000000e+00 1.000000e+00
    outer loop
      vertex   -3.349529e+00 1.283511e+02 2.470000e+02
      vertex   -3.327182e+00 1.285066e+02 2.470000e+02
      vertex   -1.170700e+01 1.381943e+02 2.470000e+02
    endloop
  endfacet
  facet normal 0.000000e+00 0.000000e+00 1.000000e+00
    outer loop
      vertex   -1.170700e+01 1.381943e+02 2.470000e+02
      vertex   -3.327182e+00 1.285066e+02 2.470000e+02
      vertex   -3.290163e+00 1.286592e+02 2.470000e+02
    endloop
  endfacet
  facet normal 0.000000e+00 0.000000e+00 1.000000e+00
    outer loop
      vertex   -1.170700e+01 1.381943e+02 2.470000e+02
      vertex   -3.290163e+00 1.286592e+02 2.470000e+02
      vertex   -3.238807e+00 1.288075e+02 2.470000e+02
    endloop
  endfacet
  facet normal 0.000000e+00 -0.000000e+00 1.000000e+00
    outer loop
      vertex   -3.238807e+00 1.288075e+02 2.470000e+02
      vertex   -3.173578e+00 1.289504e+02 2.470000e+02
      vertex   -1.170700e+01 1.381943e+02 2.470000e+02
    endloop
  endfacet
  facet normal 0.000000e+00 0.000000e+00 1.000000e+00
    outer loop
      vertex   -1.170700e+01 1.381943e+02 2.470000e+02
      vertex   -3.173578e+00 1.289504e+02 2.470000e+02
      vertex   -3.095068e+00 1.290863e+02 2.470000e+02
    endloop
  endfacet
  facet normal 0.000000e+00 0.000000e+00 1.000000e+00
    outer loop
      vertex   -1.170700e+01 1.381943e+02 2.470000e+02
      vertex   -3.095068e+00 1.290863e+02 2.470000e+02
      vertex   -3.003988e+00 1.292143e+02 2.470000e+02
    endloop
  endfacet
  facet normal 0.000000e+00 -0.000000e+00 1.000000e+00
    outer loop
      vertex   -3.003988e+00 1.292143e+02 2.470000e+02
      vertex   -2.901161e+00 1.293329e+02 2.470000e+02
      vertex   -1.170700e+01 1.381943e+02 2.470000e+02
    endloop
  endfacet
  facet normal 0.000000e+00 0.000000e+00 1.000000e+00
    outer loop
      vertex   -1.170700e+01 1.381943e+02 2.470000e+02
      vertex   -2.901161e+00 1.293329e+02 2.470000e+02
      vertex   -2.787520e+00 1.294413e+02 2.470000e+02
    endloop
  endfacet
  facet normal 0.000000e+00 0.000000e+00 1.000000e+00
    outer loop
      vertex   -1.170700e+01 1.381943e+02 2.470000e+02
      vertex   -2.787520e+00 1.294413e+02 2.470000e+02
      vertex   -2.664094e+00 1.295383e+02 2.470000e+02
    endloop
  endfacet
  facet normal 0.000000e+00 -0.000000e+00 1.000000e+00
    outer loop
      vertex   -2.664094e+00 1.295383e+02 2.470000e+02
      vertex   -2.532000e+00 1.296232e+02 2.470000e+02
      vertex   -1.170700e+01 1.381943e+02 2.470000e+02
    endloop
  endfacet
  facet normal 0.000000e+00 0.000000e+00 1.000000e+00
    outer loop
      vertex   -1.170700e+01 1.381943e+02 2.470000e+02
      vertex   -2.532000e+00 1.296232e+02 2.470000e+02
      vertex   -2.392435e+00 1.296952e+02 2.470000e+02
    endloop
  endfacet
  facet normal 0.000000e+00 0.000000e+00 1.000000e+00
    outer loop
      vertex   -1.170700e+01 1.381943e+02 2.470000e+02
      vertex   -2.392435e+00 1.296952e+02 2.470000e+02
      vertex   -2.246662e+00 1.297535e+02 2.470000e+02
    endloop
  endfacet
  facet normal 0.000000e+00 -0.000000e+00 1.000000e+00
    outer loop
      vertex   -2.246662e+00 1.297535e+02 2.470000e+02
      vertex   -2.096002e+00 1.297978e+02 2.470000e+02
      vertex   -1.170700e+01 1.381943e+02 2.470000e+02
    endloop
  endfacet
  facet normal 0.000000e+00 0.000000e+00 1.000000e+00
    outer loop
      vertex   -1.170700e+01 1.381943e+02 2.470000e+02
      vertex   -2.096002e+00 1.297978e+02 2.470000e+02
      vertex   -1.941819e+00 1.298275e+02 2.470000e+02
    endloop
  endfacet
  facet normal 0.000000e+00 0.000000e+00 1.000000e+00
    outer loop
      vertex   -1.170700e+01 1.381943e+02 2.470000e+02
      vertex   -1.941819e+00 1.298275e+02 2.470000e+02
      vertex   -1.785510e+00 1.298424e+02 2.470000e+02
    endloop
  endfacet
  facet normal 0.000000e+00 -0.000000e+00 1.000000e+00
    outer loop
      vertex   -1.785510e+00 1.298424e+02 2.470000e+02
      vertex   -1.628490e+00 1.298424e+02 2.470000e+02
      vertex   -1.170700e+01 1.381943e+02 2.470000e+02
    endloop
  endfacet
  facet normal -0.000000e+00 0.000000e+00 1.000000e+00
    outer loop
      vertex   -1.170700e+01 1.381943e+02 2.470000e+02
      vertex   -1.628490e+00 1.298424e+02 2.470000e+02
      vertex   8.293000e+00 1.381943e+02 2.470000e+02
    endloop
  endfacet
  facet normal 0.000000e+00 0.000000e+00 1.000000e+00
    outer loop
      vertex   8.293000e+00 1.381943e+02 2.470000e+02
      vertex   -1.628490e+00 1.298424e+02 2.470000e+02
      vertex   -1.472181e+00 1.298275e+02 2.470000e+02
    endloop
  endfacet
  facet normal 0.000000e+00 0.000000e+00 1.000000e+00
    outer loop
      vertex   8.293000e+00 1.381943e+02 2.470000e+02
      vertex   -1.472181e+00 1.298275e+02 2.470000e+02
      vertex   -1.317998e+00 1.297978e+02 2.470000e+02
    endloop
  endfacet
  facet normal -0.000000e+00 0.000000e+00 1.000000e+00
    outer loop
      vertex   -1.317998e+00 1.297978e+02 2.470000e+02
      vertex   -1.167338e+00 1.297535e+02 2.470000e+02
      vertex   8.293000e+00 1.381943e+02 2.470000e+02
    endloop
  endfacet
  facet normal 0.000000e+00 0.000000e+00 1.000000e+00
    outer loop
      vertex   8.293000e+00 1.381943e+02 2.470000e+02
      vertex   -1.167338e+00 1.297535e+02 2.470000e+02
      vertex   -1.021565e+00 1.296952e+02 2.470000e+02
    endloop
  endfacet
  facet normal 0.000000e+00 0.000000e+00 1.000000e+00
    outer loop
      vertex   8.293000e+00 1.381943e+02 2.470000e+02
      vertex   -1.021565e+00 1.296952e+02 2.470000e+02
      vertex   -8.820000e-01 1.296232e+02 2.470000e+02
    endloop
  endfacet
  facet normal -0.000000e+00 0.000000e+00 1.000000e+00
    outer loop
      vertex   -8.820000e-01 1.296232e+02 2.470000e+02
      vertex   -7.499061e-01 1.295383e+02 2.470000e+02
      vertex   8.293000e+00 1.381943e+02 2.470000e+02
    endloop
  endfacet
  facet normal 0.000000e+00 0.000000e+00 1.000000e+00
    outer loop
      vertex   8.293000e+00 1.381943e+02 2.470000e+02
      vertex   -7.499061e-01 1.295383e+02 2.470000e+02
      vertex   -6.264798e-01 1.294413e+02 2.470000e+02
    endloop
  endfacet
  facet normal 0.000000e+00 0.000000e+00 1.000000e+00
    outer loop
      vertex   8.293000e+00 1.381943e+02 2.470000e+02
      vertex   -6.264798e-01 1.294413e+02 2.470000e+02
      vertex   -5.128388e-01 1.293329e+02 2.470000e+02
    endloop
  endfacet
  facet normal -0.000000e+00 0.000000e+00 1.000000e+00
    outer loop
      vertex   -5.128388e-01 1.293329e+02 2.470000e+02
      vertex   -4.100124e-01 1.292143e+02 2.470000e+02
      vertex   8.293000e+00 1.381943e+02 2.470000e+02
    endloop
  endfacet
  facet normal 0.000000e+00 0.000000e+00 1.000000e+00
    outer loop
      vertex   8.293000e+00 1.381943e+02 2.470000e+02
      vertex   -4.100124e-01 1.292143e+02 2.470000e+02
      vertex   -3.189317e-01 1.290863e+02 2.470000e+02
    endloop
  endfacet
  facet normal 0.000000e+00 0.000000e+00 1.000000e+00
    outer loop
      vertex   8.293000e+00 1.381943e+02 2.470000e+02
      vertex   -3.189317e-01 1.290863e+02 2.470000e+02
      vertex   -2.404215e-01 1.289504e+02 2.470000e+02
    endloop
  endfacet
  facet normal -0.000000e+00 0.000000e+00 1.000000e+00
    outer loop
      vertex   -2.404215e-01 1.289504e+02 2.470000e+02
      vertex   -1.751929e-01 1.288075e+02 2.470000e+02
      vertex   8.293000e+00 1.381943e+02 2.470000e+02
    endloop
  endfacet
  facet normal 0.000000e+00 0.000000e+00 1.000000e+00
    outer loop
      vertex   8.293000e+00 1.381943e+02 2.470000e+02
      vertex   -1.751929e-01 1.288075e+02 2.470000e+02
      vertex   -1.238366e-01 1.286592e+02 2.470000e+02
    endloop
  endfacet
  facet normal 0.000000e+00 0.000000e+00 1.000000e+00
    outer loop
      vertex   8.293000e+00 1.381943e+02 2.470000e+02
      vertex   -1.238366e-01 1.286592e+02 2.470000e+02
      vertex   -8.681765e-02 1.285066e+02 2.470000e+02
    endloop
  endfacet
  facet normal -0.000000e+00 0.000000e+00 1.000000e+00
    outer loop
      vertex   -8.681765e-02 1.285066e+02 2.470000e+02
      vertex   -6.447133e-02 1.283511e+02 2.470000e+02
      vertex   8.293000e+00 1.381943e+02 2.470000e+02
    endloop
  endfacet
  facet normal 0.000000e+00 0.000000e+00 -1.000000e+00
    outer loop
      vertex   8.293000e+00 1.151943e+02 2.270000e+02
      vertex   -1.170700e+01 1.151943e+02 2.270000e+02
      vertex   8.293000e+00 1.181943e+02 2.270000e+02
    endloop
  endfacet
  facet normal -0.000000e+00 0.000000e+00 -1.000000e+00
    outer loop
      vertex   8.293000e+00 1.181943e+02 2.270000e+02
      vertex   -1.170700e+01 1.151943e+02 2.270000e+02
      vertex   -1.170700e+01 1.181943e+02 2.270000e+02
    endloop
  endfacet
endsolid
